-390
-385
-380
-375
-370
-365
915
1430
-95
-345
-1360
430
435
-70
700
-570
-565
715
1230
-295
-290
-285
-535
-1550
240
245
250
255
1025
2305
-495
-490
-485
-480
-730
-1745
45
50
55
1335
1850
325
330
-175
595
-675
-670
-920
-1935
-145
1135
1650
125
130
135
140
145
150
-355
415
-1110
-850
1450
-75
-70
-65
-60
-55
-50
-45
-40
-35
1245
995
-785
-270
-265
-260
-255
-250
-245
-240
-235
1045
1560
-220
-1235
555
50
820
-450
-445
-440
-435
-430
850
1365
-160
-410
-1425
365
370
375
-130
640
-630
650
1165
-360
-355
-350
-600
-1615
175
180
185
190
1470
1475
715
-555
-550
-545
-540
-790
-1805
-15
-10
1270
1785
260
265
270
-235
535
-735
-985
-2000
-210
1070
1585
60
65
70
75
80
85
90
-415
100
-915
1385
-140
-135
-130
-125
-120
-115
-110
-105
-100
1180
1440
-1615
940
-330
-325
-320
-315
-310
-305
-300
980
1495
-30
-280
-1295
495
-10
760
-510
-505
-500
780
1295
-230
-225
-475
-1490
300
305
310
315
-190
1855
1095
-430
-425
-420
-415
-665
-1680
110
115
120
1400
1915
390
-115
655
-615
-610
-605
-855
-1870
-80
-75
1205
1720
195
200
205
210
-295
475
-795
-1045
-2060
1005
1520
-5
0
5
10
15
20
25
30
-730
295
1320
-205
-200
-195
-190
-185
-180
-175
-170
-165
1115
1375
-1170
110
880
-390
-385
-380
-375
-370
-365
915
1430
-95
-345
-1360
430
435
-70
700
-570
-565
715
1230
-295
-290
-285
-535
-1550
240
245
250
255
1025
2305
-495
-490
-485
-480
-730
-1745
45
50
55
1335
1850
325
330
-175
595
-675
-670
-920
-1935
-145
1135
1650
125
130
135
140
145
150
-355
415
-1110
-850
1450
-75
-70
-65
-60
-55
-50
-45
-40
-35
1245
995
-785
-270
-265
-260
-255
-250
-245
-240
-235
1045
1560
-220
-1235
555
50
820
-450
-445
-440
-435
-430
850
1365
-160
-410
-1425
365
370
375
-130
640
-630
650
1165
-360
-355
-350
-600
-1615
175
180
185
190
1470
1475
715
-555
-550
-545
-540
-790
-1805
-15
-10
1270
1785
260
265
270
-235
535
-735
-985
-2000
-210
1070
1585
60
65
70
75
80
85
90
-415
100
-915
1385
-140
-135
-130
-125
-120
-115
-110
-368
-360
-352
-344
939
1457
-320
-1332
461
-41
732
-535
-527
756
1274
-248
-240
-487
-1499
294
302
310
-192
1856
1099
-423
-415
-407
-654
-1666
127
135
143
1426
1434
677
-590
-582
-574
-821
-1833
-40
-32
1251
1769
247
255
-247
526
-741
-988
-2000
-207
1076
1594
72
80
88
96
104
-398
120
-892
1411
-111
-103
-95
-87
-79
-71
-63
-55
973
-39
989
-278
-270
-262
-254
-246
-238
-230
1053
1316
-1226
57
830
-437
-429
-421
-413
-405
878
1396
-126
-373
-1385
408
-94
679
-588
-580
703
1221
-301
-293
-540
-1552
241
249
257
1030
2313
-484
-476
-468
-460
-707
-1719
74
82
1365
1883
361
-141
632
-635
-627
-874
-1886
-93
1190
1708
186
194
202
-300
473
-794
-1041
-2053
1015
1533
11
19
27
35
43
51
-451
67
-945
1358
-164
-156
-148
-140
-132
-124
-116
-108
920
-92
936
-331
-323
-315
-307
-299
-291
992
1510
-267
-1279
514
12
785
-482
-474
-466
817
1335
-187
-434
-1446
347
355
-147
626
-641
642
1160
-362
-354
-601
-1613
180
188
196
204
977
2260
-537
-529
-521
-768
-1780
13
21
29
1312
1830
308
-194
579
-688
-680
-927
-1939
1129
1647
125
133
141
149
157
-345
428
-1094
-831
1472
-50
-42
-34
-26
-18
-10
-2
-504
1289
-488
-225
-217
-209
-201
-193
-185
-177
-169
1114
1377
-1675
883
-384
-376
-368
-360
-352
-344
939
1457
-320
-1332
461
-41
732
-535
-527
756
1274
-248
-240
-487
-1499
294
302
310
-192
1856
1099
-423
-415
-407
-654
-1666
127
135
143
1426
1434
677
-590
-582
-574
-821
-1833
-40
-32
1251
1769
247
255
-247
526
-741
-988
-2000
-207
1076
1594
72
80
88
96
104
-398
120
-892
1411
-111
-103
-95
-87
-79
-71
-63
-55
973
-39
989
-278
-270
-262
-254
-246
-238
-230
1053
1316
-1226
57
830
-437
-429
-421
-413
-405
878
1396
-126
-373
-1385
408
-94
679
-588
-580
703
1221
-301
-293
-540
-1552
241
249
257
1030
2313
-484
-476
-468
-460
-707
-1719
74
82
1365
1883
361
-141
632
-635
-627
-874
-1886
-93
1190
1708
186
194
202
-300
473
-794
-1041
-2053
1015
1533
11
19
27
35
43
51
-451
67
-945
1358
-164
-156
-148
-140
-132
-124
-346
-335
951
1472
-302
-1311
-25
751
-513
-502
-491
795
1316
-458
-1467
329
340
-159
617
628
1149
-370
-359
-603
-1612
184
195
206
982
2268
-526
-515
-504
-748
-1757
39
50
1336
1857
-172
604
-660
-649
-893
-1902
-106
1180
1701
182
193
-306
470
-794
-1038
-2047
1024
1545
26
37
48
59
-440
81
-928
1378
-141
-130
-119
-108
-97
-86
-75
446
712
-297
-286
-275
-264
-253
-242
-231
1055
1321
-1728
833
-431
-420
-409
-398
-387
899
1420
-354
-1363
433
-66
710
-554
-543
743
1264
-255
-499
-1508
288
299
-200
1851
1097
-422
-411
-655
-1664
132
143
154
1440
1451
697
-567
-556
-800
-1809
-13
-2
1284
1805
286
-213
563
-701
-945
-1954
-158
1128
1649
130
141
152
-347
429
-1090
-824
1482
-37
-26
-15
-4
7
18
-481
1315
-459
-193
-182
-171
-160
-149
-138
-127
1159
915
-859
-338
-327
-316
-305
-294
-283
1003
1269
-1270
16
792
-472
-461
-450
-439
847
1368
-406
-1415
381
-118
658
-606
680
1201
-318
-307
-551
-1560
236
247
-252
1799
1045
-474
-463
-452
-696
-1705
91
102
1388
1399
645
-619
-608
-597
-841
-1850
-54
1232
1753
234
245
-254
522
-997
-2006
-210
1076
1597
78
89
100
111
-388
133
-876
1430
-89
-78
-67
-56
-45
-34
-23
498
764
-245
-234
-223
-212
-201
-190
-179
1107
1373
-1676
885
-379
-368
-357
-346
-335
951
1472
-302
-1311
-25
751
-513
-502
-491
795
1316
-458
-1467
329
340
-159
617
628
1149
-370
-359
-603
-1612
184
195
206
982
2268
-526
-515
-504
-748
-1757
39
50
1336
1857
-172
604
-660
-649
-893
-1902
-106
1180
1701
182
193
-306
470
-794
-1038
-2047
1024
1545
26
37
48
59
-440
81
-928
1378
-141
-130
-119
-108
-97
-86
-75
446
712
-297
-286
-275
-264
-253
-242
-231
1055
1321
-1728
833
-431
-420
-409
-398
-387
899
1420
-354
-1363
433
-66
710
-554
-543
743
1264
-255
-499
-1508
288
299
-200
1851
1097
-422
-411
-655
-1664
132
143
154
1440
1451
697
-567
-556
-800
-1809
-13
-2
1284
1805
286
-213
563
-701
-945
-1954
-158
1128
1649
130
141
152
-347
429
-1090
-824
1482
-37
-26
-15
-4
7
18
-481
1315
-459
-193
-182
-171
-160
-149
-138
951
1475
-296
-1302
-13
766
-495
-481
808
1332
-184
-425
-1431
-142
637
-624
665
1189
-327
-568
-1574
225
239
-257
1797
1046
-470
-456
-697
-1703
96
110
1399
1413
662
-599
-585
-826
-1832
-33
1256
1780
264
-232
547
-714
-955
-1961
1113
1637
121
135
149
-347
432
-1084
-815
1494
-22
-8
6
20
-476
48
-958
1351
-165
-151
-137
-123
-109
-95
429
698
-308
-294
-280
-266
-252
-238
1051
1320
-1726
838
-423
-409
-395
-381
908
1432
-339
-1345
-56
723
-538
-524
765
1289
-227
-468
-1474
325
-171
608
622
1146
-370
-611
-1617
182
196
-300
1754
1003
-513
-499
-740
-1746
53
67
1356
1370
619
-642
-628
-869
-1875
-76
1213
1737
221
-275
504
-757
-998
-2004
1070
1594
78
92
106
-390
134
-2147
927
1451
-65
-51
-37
-23
-9
-760
274
1308
-208
-194
-180
-166
-152
-138
896
-110
924
-337
-323
-309
-295
-281
1008
1277
-1769
795
-466
-452
-438
-424
865
1389
-382
-1388
-99
680
-581
-567
722
1246
-525
-1531
268
282
-214
565
579
1103
-413
-654
-1660
139
153
167
946
2235
-556
-542
-783
-1789
10
24
1313
1837
-189
590
-671
-912
-1918
1156
1680
164
178
-318
461
-800
-1041
-772
1537
21
35
49
63
-433
91
-915
1394
-122
-108
-94
-80
-66
-52
472
741
-265
-251
-237
-223
-209
-195
1094
1363
-1683
881
-380
-366
-352
-338
951
1475
-296
-1302
-13
766
-495
-481
808
1332
-184
-425
-1431
-142
637
-624
665
1189
-327
-568
-1574
225
239
-257
1797
1046
-470
-456
-697
-1703
96
110
1399
1413
662
-599
-585
-826
-1832
-33
1256
1780
264
-232
547
-714
-955
-1961
1113
1637
121
135
149
-347
432
-1084
-815
1494
-22
-8
6
20
-476
48
-958
1351
-165
-151
-137
-123
-109
-95
429
698
-308
-294
-280
-266
-252
-238
1051
1320
-1726
838
-423
-409
-395
-381
908
1432
-339
-1345
-56
723
-538
-524
765
1289
-227
-468
-1474
325
-171
608
622
1146
-370
-611
-1617
182
196
-300
1754
1003
-513
-499
-740
-1746
53
67
1356
1370
619
-642
-628
-869
-1875
-76
1213
1737
221
-275
504
-757
-998
-2004
1070
1594
78
92
106
-390
134
-2147
927
1451
-65
-51
-37
-23
-9
-760
274
1308
-208
-194
-180
-166
-152
1228
-1305
-13
769
-489
-472
820
1347
-421
-1424
378
-115
667
-591
701
1228
-540
-1543
259
-234
548
565
1092
-421
-659
-1662
140
157
939
2231
-557
-540
-778
-1781
21
38
1330
1347
599
-659
-897
-1900
-98
1194
1721
208
-285
497
-1016
-2019
1058
1585
72
89
106
-387
140
-863
1449
-64
-47
-30
-13
-506
21
-982
1330
-183
-166
-149
-132
-115
412
684
-319
-302
-285
-268
-251
1041
1313
-1730
837
-421
-404
-387
-370
922
1194
-1339
-47
735
-523
-506
786
1313
-455
-1458
344
-149
633
650
1177
-336
-574
-1577
225
-268
1789
1041
-472
-455
-693
-1696
106
123
905
2197
-591
-574
-812
-1815
-13
1279
1806
-217
565
-693
-931
-1934
1143
1670
157
174
-319
463
-1050
-2053
1024
1551
38
55
-438
344
-1169
-897
1415
-98
-81
-64
-47
-540
1262
-506
-234
-217
-200
-183
-166
1126
888
-880
-353
-336
-319
-302
-285
1007
1279
-1764
803
-455
-438
-421
871
1398
-370
-1373
-81
701
-557
735
1262
-251
-489
-1492
-200
582
-676
616
1143
-370
-608
-1611
191
-302
1755
1007
-506
-489
-727
-1730
72
1364
1381
633
-625
-608
-846
-1849
1228
1755
242
-251
531
-982
-1985
-183
1109
1636
123
140
-353
174
-2104
973
1500
-13
4
21
-472
55
-948
1364
-149
-132
-115
-98
-81
-829
208
1245
-268
-251
-234
-217
-200
837
-166
871
-387
-370
-353
-336
956
1228
-1305
-13
769
-489
-472
820
1347
-421
-1424
378
-115
667
-591
701
1228
-540
-1543
259
-234
548
565
1092
-421
-659
-1662
140
157
939
2231
-557
-540
-778
-1781
21
38
1330
1347
599
-659
-897
-1900
-98
1194
1721
208
-285
497
-1016
-2019
1058
1585
72
89
106
-387
140
-863
1449
-64
-47
-30
-13
-506
21
-982
1330
-183
-166
-149
-132
-115
412
684
-319
-302
-285
-268
-251
1041
1313
-1730
837
-421
-404
-387
-370
922
1194
-1339
-47
735
-523
-506
786
1313
-455
-1458
344
-149
633
650
1177
-336
-574
-1577
225
-268
1789
1041
-472
-455
-693
-1696
106
123
905
2197
-591
-574
-812
-1815
-13
1279
1806
-217
565
-693
-931
-1934
1143
1670
157
174
-319
463
-1050
-2053
1024
1551
38
55
-438
344
-1169
-897
1415
-98
-81
-64
-47
-540
1262
-506
-234
-217
-200
-183
-166
-1810
760
-495
-475
-455
840
1115
-1415
-120
665
-590
-570
725
1255
-510
-1510
-215
570
590
1120
-390
-625
-1625
180
-310
1750
1005
-505
-740
-1740
65
85
870
2165
-620
-600
-835
-1835
1245
1775
-245
540
-715
-950
-1950
1130
1660
150
-340
445
-1065
-2065
1015
1545
35
55
-435
95
-905
1410
-100
-80
-60
-40
-530
1275
-490
-215
-195
-175
-155
-135
395
670
-330
-310
-290
-270
-250
790
-210
830
-425
-405
-385
910
1440
-325
-1835
735
-520
-500
795
1325
-440
-1440
-145
640
-615
680
1210
-555
-1555
250
-240
1820
1075
-435
-670
-1670
135
155
940
2235
-550
-530
-765
-1765
40
1335
1355
610
-645
-880
-1880
-75
1220
1750
-270
515
-995
-1995
1085
1615
105
125
-365
420
-1090
-815
1500
-10
10
30
-460
70
-930
1385
-125
-105
-85
-65
465
740
-260
-240
-220
-200
-180
860
-140
900
-355
-335
-315
-295
1000
1275
-1765
805
-450
-430
-410
885
1160
-1370
-75
710
-545
750
1280
-485
-1485
320
-170
615
635
1165
-345
-580
-1580
225
-265
1795
1050
-460
-695
-1695
110
1405
1425
680
-575
-810
-1810
-5
1290
1820
-200
585
-925
-1925
-120
1175
1705
-315
470
-785
-1020
-2020
1060
1590
80
-410
375
-1135
-860
1455
-55
-35
-15
-505
25
-975
1340
-170
-150
-130
-110
-600
1205
-560
-285
-265
-245
-225
1070
835
-930
-400
-380
-360
-340
955
1230
-1810
760
-495
-475
-455
840
1115
-1415
-120
665
-590
-570
725
1255
-510
-1510
-215
570
590
1120
-390
-625
-1625
180
-310
1750
1005
-505
-740
-1740
65
85
870
2165
-620
-600
-835
-1835
1245
1775
-245
540
-715
-950
-1950
1130
1660
150
-340
445
-1065
-2065
1015
1545
35
55
-435
95
-905
1410
-100
-80
-60
-40
-530
1275
-490
-215
-195
-175
-155
-135
395
670
-330
-310
-290
-270
-250
790
-210
830
-425
-405
-385
910
1440
-325
-1835
735
-520
-500
795
1325
-440
-1440
-145
640
-615
680
1210
-555
-1555
250
-240
1820
1075
-435
-670
-1670
135
155
940
2235
-550
-530
-765
-1765
40
1335
1355
610
-645
-880
-1880
-75
1220
1750
-270
515
-995
-1995
1085
1615
105
125
-365
420
-1090
-815
1500
-10
10
30
-460
70
-930
1385
-125
-105
-85
-65
465
740
-260
-240
-220
-200
-180
762
-490
-467
831
1364
-398
-1905
668
-584
-561
737
1270
-492
-1489
-191
597
620
1153
-609
-1606
202
-285
1778
1036
-471
-703
-1700
108
896
2194
-588
-565
-797
-1794
14
1312
1335
593
-914
-1911
-103
1195
1728
-289
499
-1008
-2005
1078
1611
104
-383
405
-1102
-824
1494
-13
10
-477
56
-941
1377
-130
-107
-84
-61
-803
240
1283
-224
-201
-178
-155
378
656
-341
-318
-295
-272
1026
794
-968
-435
-412
-389
909
1187
-1340
-42
746
-506
-483
815
1093
-1434
-136
652
-600
698
1231
-531
-1528
-230
558
581
1114
-648
-1645
163
-324
1739
997
-510
-742
-1739
69
1367
1390
648
-604
-836
-1833
-25
1273
1296
554
-698
-930
-1927
1156
1689
-328
460
-1047
-2044
1039
1572
65
88
-399
134
-863
1455
-52
-29
-6
-493
1315
-447
-169
-146
-123
-100
-842
201
1244
-263
-240
-217
-194
339
617
-380
-357
-334
-311
987
1265
-1772
801
-451
-428
870
1403
-359
-1866
707
-545
-522
776
1054
-1473
-175
613
-639
659
1192
-570
-1567
241
-246
1817
1075
-432
-664
-1661
147
935
2233
-549
-781
-1778
30
1328
1351
609
-643
-875
-1872
-64
1234
1257
515
-737
-969
-1966
1117
1650
143
-344
444
-1063
-785
1533
26
49
-438
95
-902
1416
-91
-68
-45
-532
1
-996
1322
-185
-162
-139
-116
417
695
-302
-279
-256
-233
810
-187
856
-396
-373
-350
948
1226
-1811
762
-490
-467
831
1364
-398
-1905
668
-584
-561
737
1270
-492
-1489
-191
597
620
1153
-609
-1606
202
-285
1778
1036
-471
-703
-1700
108
896
2194
-588
-565
-797
-1794
14
1312
1335
593
-914
-1911
-103
1195
1728
-289
499
-1008
-2005
1078
1611
104
-383
405
-1102
-824
1494
-13
10
-477
56
-941
1377
-130
-107
-84
-61
-803
240
1283
-224
-201
-178
-155
378
656
-341
-318
-295
-272
1026
794
-968
-435
-412
-389
909
1187
-1340
-42
746
-506
-483
815
1093
-1434
-136
652
-600
698
1231
-531
-1528
-230
558
581
1114
-648
-1645
163
-324
1739
997
-510
-742
-1739
69
1367
1390
648
-604
-836
-1833
-25
1273
1296
554
-698
-930
-1927
1156
1689
-328
460
-1047
-2044
1039
1572
65
88
-399
134
-863
1455
-52
-29
-6
-493
1315
-447
-169
-146
-123
-100
-842
201
1244
-263
-240
-217
-194
-491
-465
836
1117
-1407
-106
685
-564
737
1273
-486
-1480
-179
612
638
1174
-585
-1579
-278
513
539
1075
-684
-1678
133
924
2225
-554
-783
-1777
34
1335
1361
622
-627
-856
-1850
1236
1262
523
-726
-955
-1949
1137
1673
-341
450
-1054
-2048
1038
1574
70
-414
122
-872
1449
-55
-29
-513
23
-971
1350
-154
-128
-102
-586
1225
-534
-253
-227
-201
-175
361
642
-352
-326
-300
-274
772
-222
824
-425
-399
902
1183
-1851
725
-524
-498
803
1339
-420
-1924
652
-597
704
1240
-519
-1513
-212
579
605
1141
-618
-1612
-311
480
506
1042
-717
-1711
100
891
2192
-587
-816
-1810
1
1302
1328
589
-660
-889
-1883
1203
1739
-275
516
-988
-1982
1104
1640
-374
417
-1087
-2081
1005
1541
37
-447
89
-905
1416
-88
-62
-36
-775
271
1317
-187
-161
-135
-619
1192
-567
-286
-260
-234
-208
328
609
-385
-359
-333
-307
739
-255
791
-458
-432
869
1150
-1374
-73
718
-531
770
1306
-453
-1957
619
-630
671
1207
-552
-1546
-245
546
572
1108
-651
-1645
166
-318
1748
1009
-750
-1744
67
858
2159
-620
-849
-1843
-32
1269
1295
556
-693
-922
-1916
1170
1706
-308
483
-1021
-2015
1071
1607
103
-381
155
-839
1482
-22
4
-480
56
-938
1383
-121
-95
-69
-553
1258
-501
-220
-194
-168
-142
394
675
-319
-293
-267
-241
295
576
-418
-392
-366
935
1216
-1818
758
-491
-465
836
1117
-1407
-106
685
-564
737
1273
-486
-1480
-179
612
638
1174
-585
-1579
-278
513
539
1075
-684
-1678
133
924
2225
-554
-783
-1777
34
1335
1361
622
-627
-856
-1850
1236
1262
523
-726
-955
-1949
1137
1673
-341
450
-1054
-2048
1038
1574
70
-414
122
-872
1449
-55
-29
-513
23
-971
1350
-154
-128
-102
-586
1225
-534
-253
-227
-201
-175
361
642
-352
-326
-300
-274
772
-222
824
-425
-399
902
1183
-1851
725
-524
-498
803
1339
-420
-1924
652
-597
704
1240
-519
-1513
-212
579
605
1141
-618
-1612
-311
480
506
1042
-717
-1711
100
891
2192
-587
-816
-1810
1
1302
1328
589
-660
-889
-1883
1203
1739
-275
516
-988
-1982
1104
1640
-374
417
-1087
-2081
1005
1541
37
-447
89
-905
1416
-88
-62
-36
-775
271
1317
-187
-161
-135
-619
1192
-567
-286
-260
-234
-208
-469
835
1119
-1912
667
-579
-550
754
1038
-1483
-179
615
644
1183
-573
-1564
-260
534
563
1102
-654
-1645
-341
1728
992
-764
-1755
59
853
2157
-619
-845
-1836
-22
1282
1311
575
-926
-1917
1172
1711
-300
494
-1007
-1998
1091
1630
-381
413
-1088
-804
1520
19
-462
77
-914
1410
-91
-62
-543
-4
-995
1329
-172
-143
-114
425
709
-282
-253
-224
-195
344
628
-363
-334
-305
999
773
-983
-444
-415
-386
663
-328
721
-525
-496
808
1092
-1429
-125
669
698
1237
-519
-1510
-206
588
617
1156
-600
-1591
-287
1782
1046
-455
-681
-1672
-368
1701
965
-791
-1782
32
826
2130
-646
-872
-1863
-49
1255
1284
548
-953
-1944
1145
1684
-327
467
-1034
-750
1574
73
-408
386
-1115
-831
1493
-8
-489
50
-941
1383
-118
-89
-570
-31
-1022
1302
-199
-170
-141
398
682
-309
-280
-251
-222
317
601
-390
-361
-332
972
746
-1010
-471
-442
862
1146
-1885
694
-552
-523
781
1065
-1456
-152
642
671
1210
-546
-1537
-233
561
590
1129
-627
-1618
-314
1755
1019
-482
-708
-1699
-395
1674
938
-818
-1809
5
799
2103
-673
-899
-1890
1199
1738
-273
521
-980
-1971
1118
1657
-354
440
-1061
-777
1547
46
-435
104
-2162
927
1466
-35
-516
23
-968
1356
-145
-116
-87
-823
226
1275
-226
-197
-168
371
655
-336
-307
-278
1026
800
-956
-417
-388
-359
690
-301
748
-498
-469
835
1119
-1912
667
-579
-550
754
1038
-1483
-179
615
644
1183
-573
-1564
-260
534
563
1102
-654
-1645
-341
1728
992
-764
-1755
59
853
2157
-619
-845
-1836
-22
1282
1311
575
-926
-1917
1172
1711
-300
494
-1007
-1998
1091
1630
-381
413
-1088
-804
1520
19
-462
77
-914
1410
-91
-62
-543
-4
-995
1329
-172
-143
-114
425
709
-282
-253
-224
-195
344
628
-363
-334
-305
999
773
-983
-444
-415
-386
663
-328
721
-525
-496
808
1092
-1429
-125
669
698
1237
-519
-1510
-206
588
617
1156
-600
-1591
-287
1782
1046
-455
-681
-1672
-368
1701
965
-791
-1782
32
826
2130
-646
-872
-1863
-49
1255
1284
548
-953
-1944
1145
1684
-327
467
-1034
-750
1574
73
-408
386
-1115
-831
1493
-8
-489
50
-941
1383
-118
-89
-570
-31
-1022
1302
-199
-170
-141
398
682
-309
-280
-251
-222
828
1115
-1913
669
-574
733
1275
-478
-1976
606
-637
670
957
-1561
-254
543
575
1117
-636
-1624
-317
1755
1022
-731
-1719
-412
1660
927
-826
-1814
3
800
2107
-666
-889
-1877
1215
1247
514
-984
-1972
1120
1662
-346
451
-1047
-760
1567
69
-409
133
-855
1472
-26
-504
38
-950
1377
-121
-89
-567
-25
-1013
1314
-184
-152
-885
167
1219
-279
-247
-215
327
614
-374
-342
-310
742
-246
806
-437
-405
902
679
-1074
-532
-500
807
1094
-1934
648
-595
712
999
-1519
-212
585
617
1159
-594
-1582
-275
1797
1064
-689
-1677
140
937
2244
-529
-752
-1740
-433
1639
906
-847
-1835
-18
779
2086
-687
-910
-1898
1194
1226
493
-1005
-1993
1099
1641
-367
175
-2088
1004
1546
48
-430
112
-876
1451
-47
-525
17
-971
1356
-142
-110
-588
1229
-524
-237
-205
-173
369
656
-332
-300
-268
1039
816
-937
-395
-363
-331
721
-267
785
-458
-426
626
-362
690
-553
-521
786
1073
-1955
627
-616
691
978
-1540
-233
564
596
1138
-615
-1603
-296
1776
1043
-710
-1698
119
916
2223
-550
-773
-1761
821
2128
-645
-868
-1856
1236
1268
535
-963
-1951
1141
1683
-325
472
-1026
-2014
1078
1620
-388
154
-2109
983
1525
-483
314
-1184
-897
1430
-68
-546
-4
-992
1335
-163
-131
-609
1208
-545
-258
-226
-194
348
635
-353
-321
-289
763
-225
827
-416
-384
923
700
-1053
-511
-479
828
1115
-1913
669
-574
733
1275
-478
-1976
606
-637
670
957
-1561
-254
543
575
1117
-636
-1624
-317
1755
1022
-731
-1719
-412
1660
927
-826
-1814
3
800
2107
-666
-889
-1877
1215
1247
514
-984
-1972
1120
1662
-346
451
-1047
-760
1567
69
-409
133
-855
1472
-26
-504
38
-950
1377
-121
-89
-567
-25
-1013
1314
-184
-152
-885
167
1219
-279
-247
-215
327
614
-374
-342
-310
742
-246
806
-437
-405
902
679
-1074
-532
-500
807
1094
-1934
648
-595
712
999
-1519
-212
585
617
1159
-594
-1582
-275
1797
1064
-689
-1677
140
937
2244
-529
-752
-1740
-433
1639
906
-847
-1835
-18
779
2086
-687
-910
-1898
1194
1226
493
-1005
-1993
1099
1641
-367
175
-2088
1004
1546
48
-430
112
-876
1451
-47
-525
17
-971
1356
-142
-110
-588
1229
-524
-237
-205
-173
369
656
-332
-300
-268
1039
595
-390
665
-575
735
1025
-1490
-180
620
655
1200
-550
-2045
540
575
1120
-630
-1615
-305
1770
1040
-710
-1695
-385
1690
960
-790
-1775
810
2120
-650
-870
-1855
1240
1275
545
-950
-1935
1160
1195
465
-1030
-2015
1080
1625
-380
165
-2095
1000
1545
-460
85
-900
1430
-65
-540
5
-980
1350
-145
-110
-585
1235
-515
-225
-190
-665
1155
-595
-305
-270
-235
310
600
-385
-350
-315
230
520
-465
-430
880
1170
-1855
730
-510
800
1090
-1935
650
-590
720
1010
-2015
570
-670
640
930
-1585
-275
525
560
850
-1665
-355
1720
990
-760
-1745
75
875
2185
-585
-805
-1790
795
2105
-665
-885
-1870
1225
1260
530
-965
-1950
1145
1180
450
-1045
-755
1575
-430
370
-1125
-835
1495
0
-475
70
-915
1415
-80
-555
-10
-995
1335
-160
-125
-855
200
1255
-240
-205
340
630
-355
-320
-285
770
-215
840
-400
-365
945
725
-1025
-480
-445
865
645
-1105
-560
-525
785
1075
-1950
635
-605
705
995
-2030
555
590
1135
-615
-1600
-290
1785
1055
-695
-1680
-370
1705
975
-775
-1760
60
860
2170
-855
-1840
-20
780
2090
-935
-1920
1175
1210
480
-1015
-2000
1095
1640
-365
435
-1060
-770
1560
-445
355
-1140
-850
1480
-15
-490
55
-930
1400
-95
-570
1250
-500
-210
-175
-140
405
695
-290
-255
-220
325
615
-370
-335
-300
245
535
-450
-415
-380
675
-310
745
-495
-460
595
-390
665
-575
735
1025
-1490
-180
620
655
1200
-550
-2045
540
575
1120
-630
-1615
-305
1770
1040
-710
-1695
-385
1690
960
-790
-1775
810
2120
-650
-870
-1855
1240
1275
545
-950
-1935
1160
1195
465
-1030
-2015
1080
1625
-380
165
-2095
1000
1545
-460
85
-900
1430
-65
-540
5
-980
1350
-145
-110
-585
1235
-515
-225
-190
-665
1155
-595
-305
-270
-235
310
600
-385
-350
-315
230
520
-465
-430
880
1170
-1855
730
-510
800
1090
-1935
650
-590
720
1010
-2015
570
-670
640
930
-1585
-275
525
560
850
-1665
-355
1720
990
-760
-1745
75
875
2185
-585
-805
-1790
795
2105
-665
-885
-1870
1225
1260
530
-965
-1950
1145
1180
450
-1045
-755
1575
-430
370
-1125
-835
1495
0
-475
70
-915
1415
-80
-555
-10
-995
1335
-160
-125
-855
200
1255
-240
-205
340
630
-355
-320
-285
770
617
-1130
-582
731
1024
-1998
590
-647
666
959
-1553
-240
1838
1111
-636
-1618
-305
1773
1046
-701
-1683
-370
1708
981
-766
-1748
840
2153
-869
-1851
-28
775
2088
-934
-1916
1182
1220
493
-999
-1981
1117
1155
428
-1064
-771
1562
-440
363
-1129
-836
1497
-505
43
-939
1394
-98
-570
-22
-1004
1329
-163
-125
-852
206
1264
-228
-190
358
651
-331
-293
-255
293
586
-396
-358
955
738
-1009
-461
-423
635
-347
711
-526
787
1080
-1942
646
-591
722
1015
-2007
581
619
1167
-580
-2072
516
554
1102
-645
-2137
451
489
782
-1730
-417
1661
934
-813
-1795
28
831
2144
-878
-1860
1238
1276
549
-943
-1925
1173
1211
484
-1008
-715
1618
-384
164
-2093
1005
1553
-449
99
-883
1450
-42
-514
34
-948
1385
-107
-579
-31
-1013
1320
-172
-644
1179
-568
-275
-237
-964
94
1152
-340
-302
246
539
-443
-405
-367
691
-291
767
-470
843
1136
-1886
702
-535
778
1071
-1951
637
675
1223
-524
-2016
572
610
903
-1609
-296
507
545
838
-1674
-361
1717
990
-757
-1739
-426
1652
925
-822
-1804
784
2097
-670
-887
-1869
719
2032
-990
-1972
1126
1164
437
-1055
-2037
1061
1609
-393
155
-827
1506
14
-458
90
-892
1441
-51
-523
1300
-447
-154
-116
-843
215
1273
-219
-181
-908
150
1208
-284
-246
302
595
-387
-349
-311
237
530
-452
-414
899
682
-1065
-517
-479
834
617
-1130
-582
731
1024
-1998
590
-647
666
959
-1553
-240
1838
1111
-636
-1618
-305
1773
1046
-701
-1683
-370
1708
981
-766
-1748
840
2153
-869
-1851
-28
775
2088
-934
-1916
1182
1220
493
-999
-1981
1117
1155
428
-1064
-771
1562
-440
363
-1129
-836
1497
-505
43
-939
1394
-98
-570
-22
-1004
1329
-163
-125
-852
206
1264
-228
-190
358
651
-331
-293
-255
293
586
-396
-358
955
738
-1009
-461
-423
635
-347
711
-526
787
1080
-1942
646
-591
722
1015
-2007
581
619
1167
-580
-2072
516
554
1102
-645
-2137
451
489
782
-1730
-417
1661
934
-813
-1795
28
831
2144
-878
-1860
1238
1276
549
-943
-1925
1173
1211
484
-1008
-715
1618
-384
164
-2093
1005
1553
-449
99
-883
1450
-42
-514
34
-948
1385
-107
-579
-31
-1013
1320
-172
-644
1179
-568
-275
-237
-964
94
1152
-340
-302
246
-1911
680
721
1017
-2002
589
-645
671
967
-2052
539
580
876
-1633
-317
1764
1040
-704
-1683
-367
1714
990
-754
-1733
858
2174
-845
-1824
767
2083
-681
-895
-1874
717
2033
-986
-1965
1136
1177
453
-1036
-740
1596
-403
148
-2106
995
1546
-453
98
-881
1455
-544
7
-972
1364
-125
-594
-43
-1022
1314
-175
-644
1182
-562
-266
-225
326
622
-357
-316
-275
276
572
-407
-366
695
-284
777
-457
859
645
-1099
-548
-507
554
-425
636
-598
718
1014
-2005
586
627
923
-1586
-270
536
577
873
-1636
-320
1761
1037
-707
-2196
1670
946
-798
-1777
-461
1620
896
-848
-1827
764
2080
-939
-1918
1183
1224
500
-989
-1968
1133
1174
195
-2059
1042
1083
359
-1130
-834
1502
-497
54
-925
1411
-78
-547
4
-975
1361
-128
-597
1229
-515
-219
-178
373
669
-310
-269
-738
1088
-656
-360
-319
232
528
-451
-410
906
692
-1052
-501
-460
601
-378
683
-551
765
1061
-1958
633
674
970
-1539
-223
583
624
920
-2099
492
533
1084
-660
-2149
1717
993
-751
-1730
-414
1667
943
-801
-1780
811
2127
-892
-1871
1230
1271
547
-942
-1921
670
1986
-1033
-2012
1089
1130
406
-1083
-787
1549
-450
101
-2153
948
1499
-500
51
-928
1408
-81
-805
256
1317
-172
-641
-90
-1069
1267
-222
-691
1135
-609
-313
-272
279
575
-404
-363
-322
229
525
-454
-413
648
-331
730
-504
812
1108
-1911
680
721
1017
-2002
589
-645
671
967
-2052
539
580
876
-1633
-317
1764
1040
-704
-1683
-367
1714
990
-754
-1733
858
2174
-845
-1824
767
2083
-681
-895
-1874
717
2033
-986
-1965
1136
1177
453
-1036
-740
1596
-403
148
-2106
995
1546
-453
98
-881
1455
-544
7
-972
1364
-125
-594
-43
-1022
1314
-175
-644
1182
-562
-266
-225
326
622
-357
-316
-275
276
572
-407
-366
695
-284
777
-457
859
645
-1099
-548
-507
554
-425
636
-598
718
1014
-2005
586
627
923
-1586
-270
536
577
873
-1636
-320
1761
1037
-707
-2196
1670
946
-798
-1777
-461
1620
896
-848
-1827
764
2080
-939
-1918
1183
1224
500
-989
-1968
1133
1174
195
-2059
1042
1083
359
-1130
-834
1502
-497
54
-925
1411
-78
-547
4
-975
1361
-128
-597
1229
-515
-219
-178
373
669
-310
-269
-738
1088
-656
-360
-319
232
661
-570
494
-482
582
-649
670
969
-2047
547
591
890
-2126
468
512
811
-1695
-376
1708
987
-754
-1730
864
2183
-833
-1809
785
2104
-912
-1888
1216
1260
539
-947
-1923
671
1990
-1026
-2002
1102
1146
170
-2081
1023
1067
346
-1140
-841
1498
-498
56
-920
1419
-577
-23
-999
1340
-146
-612
1217
-524
-225
-181
373
672
-304
-260
-981
83
1147
-339
-295
259
558
-418
-374
180
479
-497
-453
611
-365
699
-532
787
576
-1165
-611
708
1007
-2009
585
629
928
-2088
506
550
1104
-637
-2123
1746
1025
-716
-1692
-373
1711
735
-1771
-452
1632
911
-830
-1806
788
2107
-909
-1885
709
2028
-988
-1964
1140
1184
463
-1023
-724
1105
384
-1102
-803
1536
-460
94
-882
1457
-539
15
-961
1378
-108
-574
-20
-996
1343
-143
-864
200
1264
-222
-943
121
1185
-301
-257
297
596
-380
-336
218
517
-459
-415
649
-327
737
-494
825
614
-1127
-573
746
1045
-1971
623
667
966
-2050
544
-687
632
931
-2085
509
553
852
-1654
-335
1749
773
-1733
-414
1670
949
-792
-1768
826
2145
-871
-1847
747
2066
-950
-1926
1178
1222
501
-985
-686
1143
422
-1064
-765
1574
-422
132
-2119
985
1029
308
-1178
-879
1460
-536
18
-958
1381
-615
-61
-1037
1302
-184
-650
1179
-562
-263
-219
335
634
-342
-298
256
555
-421
-377
942
731
-1010
-456
863
652
-1089
-535
-491
573
-403
661
-570
494
-482
582
-649
670
969
-2047
547
591
890
-2126
468
512
811
-1695
-376
1708
987
-754
-1730
864
2183
-833
-1809
785
2104
-912
-1888
1216
1260
539
-947
-1923
671
1990
-1026
-2002
1102
1146
170
-2081
1023
1067
346
-1140
-841
1498
-498
56
-920
1419
-577
-23
-999
1340
-146
-612
1217
-524
-225
-181
373
672
-304
-260
-981
83
1147
-339
-295
259
558
-418
-374
180
479
-497
-453
611
-365
699
-532
787
576
-1165
-611
708
1007
-2009
585
629
928
-2088
506
550
1104
-637
-2123
1746
1025
-716
-1692
-373
1711
735
-1771
-452
1632
911
-830
-1806
788
2107
-909
-1885
709
2028
-988
-1964
1140
1184
463
-1023
-724
1105
384
-1102
-803
1536
-460
94
-882
1457
-539
15
-961
1378
-108
-574
-20
-996
1343
-143
-864
200
1264
-222
-943
121
1185
-301
-257
297
596
-380
-336
218
-592
730
522
-1216
-659
663
965
-2048
549
596
898
-2115
482
529
831
-2182
415
462
764
-1739
-417
1670
697
-1806
-484
1603
630
-1873
724
2046
-967
-1940
1167
1214
496
-987
-685
1147
429
-1054
-752
1080
362
-1121
-819
1523
-470
87
-886
1456
-537
20
-953
1389
-604
-47
-1020
1322
-161
-879
188
1255
-228
-946
121
1188
-295
-758
1074
-664
-362
-315
242
544
-429
-382
175
477
-496
826
618
-1120
-563
759
1061
-1952
645
692
994
-2019
578
625
927
-2086
511
558
860
-1643
-321
1766
793
-1710
-388
1699
981
-757
-2240
1632
914
-824
-1797
800
2122
-891
-1864
733
2055
-958
-1931
666
1988
-1025
-1998
1109
1156
183
-2065
1042
1089
116
-857
1485
-508
49
-924
1418
-575
-18
-991
1351
-132
-595
1237
-501
-199
-662
1170
-568
-266
-729
1103
-635
-333
-286
271
573
-400
-353
204
506
-467
-420
137
439
-534
-487
580
-393
674
-554
513
-460
607
-621
446
-527
540
-688
634
936
-2077
1795
1077
-661
-2144
1728
1010
-728
-2211
1661
943
-795
-1768
829
2151
-862
-1835
762
2084
-929
-1902
695
2017
-996
-1969
1138
1185
212
-2036
1071
1118
145
-2103
1004
1051
333
-1150
-848
1494
-499
58
-915
1427
-566
-9
-982
1360
-633
-76
-1049
1293
-190
367
669
-304
-257
300
602
-371
-324
233
535
-438
-391
676
-297
770
-458
609
-364
703
-525
797
589
-1149
-592
730
522
-1216
-659
663
965
-2048
549
596
898
-2115
482
529
831
-2182
415
462
764
-1739
-417
1670
697
-1806
-484
1603
630
-1873
724
2046
-967
-1940
1167
1214
496
-987
-685
1147
429
-1054
-752
1080
362
-1121
-819
1523
-470
87
-886
1456
-537
20
-953
1389
-604
-47
-1020
1322
-161
-879
188
1255
-228
-946
121
1188
-295
-758
1074
-664
-362
-315
242
544
-429
-382
175
477
-496
826
618
-1120
-563
759
1061
-1952
645
692
994
-2019
578
625
927
-2086
511
558
860
-1643
-321
1766
793
-1710
-388
1699
981
-757
-2240
1632
914
-824
-1797
800
2122
-891
-1864
733
2055
-958
-1931
666
1988
-1025
-1998
1109
1156
183
-2065
1042
1089
116
-857
1485
-508
49
-924
1418
-575
-18
-991
1351
-132
-595
1237
-501
-199
-662
1170
-568
-266
-729
1103
-635
-333
-286
271
573
-400
-353
204
705
1010
-2000
600
650
955
-2055
545
595
900
-2110
490
540
845
-2165
1710
995
-740
-2220
1655
940
-795
-2275
1600
885
-850
-2330
1545
575
-1925
675
2000
-1010
-1980
1130
1180
210
-2035
1075
1125
155
-2090
1020
1070
100
-870
1475
-515
45
-925
1420
-570
-10
-980
1365
-625
-65
-1035
1310
-680
1155
-580
-275
-735
1100
-635
-330
-280
280
585
-385
-335
225
530
-440
885
680
-1055
-495
575
-395
675
-550
520
-450
620
-605
465
-505
565
615
920
-2090
510
560
865
-2145
455
505
810
-2200
400
450
755
-1745
855
2180
-830
-1800
800
2125
-885
-1855
745
2070
-940
-1910
690
2015
-995
-690
1145
430
-1050
-745
1090
375
-1105
-800
1035
65
-2180
930
980
10
-960
1385
-605
-45
-1015
1330
-150
-865
205
1275
-205
-920
150
1220
-260
300
605
-365
-315
245
550
-420
-370
190
495
-475
-425
135
440
-530
795
590
-1145
-585
740
535
-1200
-640
685
480
-1255
-695
630
935
-2075
1800
830
-1670
-345
1745
775
-1725
-400
1690
720
-1780
-455
1635
665
-1835
765
2090
-920
-1890
710
2035
-975
-1945
655
1980
-1030
-2000
600
1925
-1085
-780
1055
340
-1140
-835
1510
-480
80
-890
1455
-535
25
-945
1400
-590
1245
-490
-185
-645
1190
-545
-240
-955
115
1185
-295
-1010
60
1130
-350
210
515
-455
-405
155
460
-510
-460
100
405
-565
-515
555
-415
655
705
1010
-2000
600
650
955
-2055
545
595
900
-2110
490
540
845
-2165
1710
995
-740
-2220
1655
940
-795
-2275
1600
885
-850
-2330
1545
575
-1925
675
2000
-1010
-1980
1130
1180
210
-2035
1075
1125
155
-2090
1020
1070
100
-870
1475
-515
45
-925
1420
-570
-10
-980
1365
-625
-65
-1035
1310
-680
1155
-580
-275
-735
1100
-635
-330
-280
280
585
-385
-335
225
530
-440
885
680
-1055
-495
575
-395
675
-550
520
-450
620
-605
465
-505
565
615
920
-2090
510
560
865
-2145
455
505
810
-2200
400
450
755
-1745
855
2180
-830
-1800
800
2125
-885
-1855
745
2070
-940
-1910
690
2015
-995
-690
1145
430
-1050
-745
1090
375
-1105
-800
1035
65
-2180
930
980
10
-960
1385
-605
-45
-1015
1330
-150
-865
205
1275
-205
-920
150
1220
-260
300
605
-365
-315
245
550
-420
-370
190
472
-495
578
631
939
-2068
535
588
896
-2111
492
545
853
-2154
1724
757
-1740
-412
1681
714
-1783
820
2148
-859
-1826
777
2105
-902
-1104
2009
-998
-1965
638
1966
-1041
-2008
595
1923
-1084
-776
1062
350
-1127
-819
1019
52
-915
1433
-554
9
-958
1390
-597
-34
-1001
1347
-640
1198
-534
-226
-938
135
1208
-269
294
602
-365
-312
251
559
-408
-355
208
516
-451
622
-345
728
-494
69
377
-590
738
536
-1196
-633
695
493
-1239
-676
397
-570
503
556
864
-2143
460
513
821
-2186
1692
980
-752
-2229
1649
682
-1815
788
2116
-891
-1858
745
2073
-934
-1901
702
2030
-977
-669
1169
202
-2040
1073
1126
159
-808
1540
-447
116
-851
987
275
-1202
-894
944
-23
-990
1358
-629
-66
-1033
1315
-672
1166
-566
-258
-715
1123
-609
-301
-1013
60
1133
-344
219
527
-440
-387
176
484
-483
845
643
-1089
-526
547
-420
653
-569
504
-463
610
663
971
-2036
567
620
928
-2079
1799
832
-2175
428
481
789
-2218
1660
948
-784
-2261
1617
905
-827
-2304
1574
607
-1890
713
2041
-966
-1933
670
1998
-1009
-701
1137
425
-1052
-744
1094
127
-2115
998
1051
84
-883
1465
-522
41
-926
1422
-565
1273
-459
-151
-863
210
1283
-194
-906
167
1240
-747
1091
-641
-333
-790
1048
-684
-376
187
495
-472
-419
144
452
-515
-462
101
409
-558
770
568
-1164
-601
472
-495
578
631
939
-2068
535
588
896
-2111
492
545
853
-2154
1724
757
-1740
-412
1681
714
-1783
820
2148
-859
-1826
777
2105
-902
-1104
2009
-998
-1965
638
1966
-1041
-2008
595
1923
-1084
-776
1062
350
-1127
-819
1019
52
-915
1433
-554
9
-958
1390
-597
-34
-1001
1347
-640
1198
-534
-226
-938
135
1208
-269
294
602
-365
-312
251
559
-408
-355
208
516
-451
622
-345
728
-494
69
377
-590
738
536
-1196
-633
695
493
-1239
-676
397
-570
503
556
864
-2143
460
513
821
-2186
1692
980
-752
-2229
1649
682
-1815
788
2116
-891
-1858
745
2073
-934
-1901
702
2030
-977
-669
1169
202
-2040
1073
1126
159
-808
1540
-447
116
-851
987
275
-1202
-894
944
-23
-990
1358
-629
-66
-1033
1315
-672
1166
-566
-258
-715
1123
-609
-301
-1013
60
1133
-344
219
527
-440
-387
176
494
-1235
-669
407
-557
519
575
886
-2118
488
544
855
-2149
1732
768
-2236
1645
936
-793
-2267
1614
650
-1844
762
2093
-911
-1875
731
1807
-1962
644
1975
-1029
-1993
613
1944
-1060
-749
1092
128
-2111
1005
1061
97
-867
974
10
-954
1397
-587
-21
-985
1366
-618
1223
-506
-195
-904
172
1248
-736
1105
-624
-313
-1022
54
1130
-344
222
533
-431
-375
191
502
-462
104
415
-549
782
583
-1146
-580
496
-468
608
664
975
-2029
577
633
434
-1295
546
857
-2147
459
515
826
-2178
1703
739
-1755
-424
1672
708
-2296
1585
621
-1873
733
2064
-940
-1904
702
2033
-971
-660
1181
217
-2022
584
1915
-1089
-778
1063
99
-2140
976
1032
68
-896
1455
-529
37
-927
914
-50
-1014
1337
-647
1194
-535
-224
-933
143
1219
-255
311
622
-342
-796
1045
-684
-373
193
504
-460
-404
162
473
-491
585
-379
697
-522
44
355
-609
722
523
-1206
635
946
-2058
548
604
915
-2089
1792
828
-2176
430
486
797
-2207
1674
710
-1784
-453
1643
679
-1815
791
2122
-882
-2356
1525
561
-1933
673
2004
-1000
-689
1152
188
-2051
1065
1121
157
-807
1034
325
-1149
-838
1003
39
-925
1426
-558
8
-956
1395
-844
232
1308
-676
-110
-1074
1277
-707
1134
-595
-284
-993
83
1159
-315
251
562
-402
164
475
-489
-433
133
444
-520
811
612
-1117
-551
525
-439
637
693
494
-1235
-669
407
-557
519
575
886
-2118
488
544
855
-2149
1732
768
-2236
1645
936
-793
-2267
1614
650
-1844
762
2093
-911
-1875
731
1807
-1962
644
1975
-1029
-1993
613
1944
-1060
-749
1092
128
-2111
1005
1061
97
-867
974
10
-954
1397
-587
-21
-985
1366
-618
1223
-506
-195
-904
172
1248
-736
1105
-624
-313
-1022
54
1130
-344
222
533
-431
-375
191
502
-462
104
415
-549
782
583
-1146
-580
496
-468
608
664
975
-2029
577
633
434
-1295
546
857
-2147
459
515
826
-2178
1703
739
-1755
-424
1672
708
-2296
1585
621
-1873
733
2064
-940
-1904
702
2033
-971
-660
1181
217
-2022
584
1915
-1089
-778
1063
99
-2140
976
1032
68
-896
1455
-529
37
-927
914
-50
-1014
1337
-647
1194
-535
-224
-933
143
1219
-255
311
622
-342
-796
1045
-684
-373
193
504
-460
-404
162
-504
575
634
438
-1288
556
870
-2131
478
537
851
-2150
1734
773
-2228
1656
695
-1796
-462
1637
676
-2325
1559
598
-1893
716
2050
-951
-1147
1972
-1029
-1990
619
1953
-1048
-734
1110
149
-812
1032
326
-1145
-831
1013
52
-909
935
-26
-987
1367
-614
-45
-1006
1348
-888
191
1270
-711
1133
-593
-279
-985
94
1173
-808
1036
-690
-376
193
507
-454
-395
174
488
-473
96
410
-551
528
-433
646
705
509
-1217
-648
431
-530
549
608
922
-2079
1805
844
-2157
452
511
825
-2176
1708
747
-2254
1630
924
-802
-2273
1611
650
-2351
1533
572
-1919
690
2024
-977
-1938
671
1750
-2016
593
1927
-1074
-760
1084
123
-2113
496
1830
-1171
-857
987
26
-935
1419
-562
1282
-444
-640
-71
-1032
1322
-914
165
1244
-737
1107
-619
-305
-1011
68
1147
-324
245
559
-402
167
481
-480
-421
148
462
-499
70
384
-577
757
561
-1165
-596
483
-478
601
405
-556
523
582
896
-2105
504
308
-653
426
485
799
-2202
1682
721
-2280
1604
898
-828
-2299
1585
624
-1867
742
2076
-925
-1121
1998
-1003
-1964
645
1724
-2042
567
1901
-1100
-786
1058
97
-2139
980
1039
78
-883
961
0
-961
1393
-588
-19
-980
864
-97
-1058
1296
-685
1159
-567
-253
316
630
-331
-782
1062
-664
-350
219
533
-428
141
455
-506
-447
122
436
-525
554
-407
672
731
535
-1191
-622
457
-504
575
634
438
-1288
556
870
-2131
478
537
851
-2150
1734
773
-2228
1656
695
-1796
-462
1637
676
-2325
1559
598
-1893
716
2050
-951
-1147
1972
-1029
-1990
619
1953
-1048
-734
1110
149
-812
1032
326
-1145
-831
1013
52
-909
935
-26
-987
1367
-614
-45
-1006
1348
-888
191
1270
-711
1133
-593
-279
-985
94
1173
-808
1036
-690
-376
193
507
-454
-395
174
488
-473
96
410
-551
528
-433
646
705
509
-1217
-648
431
-530
549
608
922
-2079
1805
844
-2157
452
511
825
-2176
1708
747
-2254
1630
924
-802
-2273
1611
650
-2351
1533
572
-1919
690
2024
-977
-1938
671
1750
-2016
593
1927
-1074
-760
1084
123
-2113
496
1830
-1171
-857
987
26
-935
1419
-562
1282
-444
-640
-71
-1032
1322
-914
165
1244
-737
1107
-619
-305
-1011
68
1147
-324
245
559
-402
167
481
-480
-421
148
-1247
600
917
-2081
531
338
-620
462
524
841
-2157
1730
772
-2226
1661
703
-2295
1592
889
-834
-2302
1585
627
-2371
1516
558
-1930
682
1764
-1999
613
1950
-1048
-731
1116
158
-800
1047
89
-2144
978
1040
82
-876
971
13
-945
902
-56
-1014
1343
-635
1212
-511
-704
-132
-1090
1267
-966
116
1198
-780
1067
-656
-339
233
550
-408
164
481
-477
-415
157
474
-484
88
405
-553
19
336
-622
460
-498
584
646
453
-1270
577
894
-2104
508
315
-643
439
501
818
-2180
1707
749
-2249
1638
680
-1808
804
2141
-857
-2325
1562
604
-2394
1493
535
-1953
659
1996
-1002
-1195
1927
-1071
-754
1093
135
-2098
514
1851
-1147
-830
1017
59
-899
948
-10
-968
1389
-844
238
1320
-658
1189
-534
-727
-155
-1113
1244
-989
93
1175
-803
1044
-679
-362
210
527
-431
141
458
-500
-438
134
451
-507
65
382
-576
506
-452
630
692
499
-1224
623
430
-1293
-721
361
-597
485
547
354
-1369
478
795
-2203
1684
726
-2272
1615
657
-1831
781
2118
-880
-2348
1539
581
-1907
705
1787
-1976
636
1973
-1025
-1218
1904
-1094
-777
1070
112
-2121
491
1828
-1170
-853
994
36
-922
925
-33
-991
1366
-612
1235
-488
-681
-109
-1067
1290
-943
139
1221
-1012
70
1152
-316
256
573
-385
187
504
-454
118
435
-523
-461
111
428
-530
42
359
-599
483
-475
607
669
476
-1247
600
917
-2081
531
338
-620
462
524
841
-2157
1730
772
-2226
1661
703
-2295
1592
889
-834
-2302
1585
627
-2371
1516
558
-1930
682
1764
-1999
613
1950
-1048
-731
1116
158
-800
1047
89
-2144
978
1040
82
-876
971
13
-945
902
-56
-1014
1343
-635
1212
-511
-704
-132
-1090
1267
-966
116
1198
-780
1067
-656
-339
233
550
-408
164
481
-477
-415
157
474
-484
88
405
-553
19
336
-622
460
-498
584
646
453
-1270
577
894
-2104
508
315
-643
439
501
818
-2180
1707
749
-2249
1638
680
-1808
804
2141
-857
-2325
1562
604
-2394
1493
535
-1953
659
1996
-1002
-1195
1927
-1071
-754
1093
135
-2098
514
1851
-1147
-830
1017
59
-899
948
-10
-968
1389
-844
238
1320
-658
1189
-534
-727
-155
-1113
1244
-989
93
1175
-803
1044
-679
-362
210
527
-431
141
458
-500
-438
134
560
370
-585
500
565
375
-1345
505
825
-2170
1720
765
-2230
1660
705
-2290
1600
645
-1840
775
2115
-880
-1070
2055
-940
-1130
1995
-1000
-1190
1935
-1060
-2015
600
1685
-2075
540
1625
-2135
480
1820
-1175
-855
995
40
-915
935
-20
-975
875
-80
-1035
1325
-905
180
1265
-710
1140
-580
-770
1080
-640
-320
255
575
-380
195
515
-440
135
455
-500
-435
140
460
-495
80
400
-555
20
340
-615
-40
280
-675
410
-545
540
350
-605
480
545
355
-1365
485
805
-2190
1700
745
-2250
1640
685
-2310
1580
625
-1860
755
2095
-900
-1090
2035
-960
-1150
1975
-1020
-1975
640
1725
-2035
580
1665
-2095
520
1860
-1135
-815
1035
80
-875
975
20
-935
915
-40
-995
855
-100
-1055
1305
-925
160
1245
-730
1120
-600
-790
1060
-660
-340
235
555
-400
175
495
-460
115
435
-520
-455
120
440
-515
60
380
-575
0
320
-635
450
-505
580
390
-565
520
585
395
-1325
525
845
-2150
1740
785
-2210
1680
725
-2270
1620
665
-2330
1560
605
-1880
735
2075
-920
-1110
2015
-980
-1170
1955
-1040
-1995
620
1705
-2055
560
1645
-2115
500
1840
-1155
-835
1015
60
-895
955
0
-955
895
-60
-1015
1345
-885
200
1285
-690
1160
-560
-750
1100
-620
-810
1040
-680
-360
215
535
-420
155
475
-480
95
415
-540
-475
100
420
-535
40
360
-595
-20
300
-655
430
-525
560
370
-585
500
565
375
-1345
505
825
-2170
1720
765
-2230
1660
705
-2290
1600
645
-1840
775
2115
-880
-1070
2055
-940
-1130
1995
-1000
-1190
1935
-1060
-2015
600
1685
-2075
540
1625
-2135
480
1820
-1175
-855
995
40
-915
935
-20
-975
875
-80
-1035
1325
-905
180
1265
-710
1140
-580
-770
1080
-640
-320
255
575
-380
195
515
-440
135
455
-500
-435
140
460
-495
80
400
-555
20
340
-615
-40
280
-675
410
-545
540
350
-605
480
545
355
-1365
485
805
-2190
1700
745
-2250
1640
685
-2310
1580
625
-1860
755
2095
-900
-1090
2035
-960
-1150
1975
-1020
-1975
640
1725
-2035
580
1665
-2095
520
1860
-1135
-815
1035
80
-875
975
20
-935
915
-40
-995
855
-100
-1055
1305
-925
160
1245
-730
1120
-600
-790
1060
-660
-340
235
555
-400
175
495
-460
115
435
-520
-455
120
582
395
-1322
531
854
-2138
1755
803
-2189
1704
752
-2240
1653
701
-2291
1602
650
-2342
1551
599
-1883
735
1823
-1934
684
1772
-1985
633
1721
-2036
582
1925
-1067
-1254
1874
-1118
-1305
1823
-1169
-846
1007
55
-897
956
4
-948
905
-47
-999
854
-98
-1050
803
-149
-1101
1262
-965
123
1211
-1016
72
1160
-1067
21
1109
-1118
-30
1058
-1169
-81
1007
820
633
-1084
769
582
-1135
718
531
-1186
667
480
-1237
616
429
-1288
565
378
-1339
514
837
-2155
1738
786
-2206
1687
735
-2257
1636
684
-2308
1585
633
-2359
1534
582
-1900
718
1806
-1951
667
1755
-2002
616
1959
-1033
-1220
1908
-1084
-1271
1857
-1135
-812
1041
89
-863
990
38
-914
939
-13
-965
888
-64
-1016
837
-115
-1067
786
-166
-1118
1245
-982
106
1194
-1033
55
1143
-1084
4
1092
-1135
-47
1041
-1186
-98
990
803
616
-1101
752
565
-1152
701
514
-1203
650
463
-1254
599
412
-1305
548
871
-2121
1772
820
-2172
1721
769
-2223
1670
718
-2274
1619
667
-2325
1568
616
-2376
1517
565
-1917
701
1789
-1968
650
1738
-2019
599
1942
-1050
-1237
1891
-1101
-1288
1840
-1152
-829
1024
72
-880
973
21
-931
922
-30
-982
871
-81
-1033
820
-132
-1084
1279
-948
140
1228
-999
89
1177
-1050
38
1126
-1101
-13
1075
-1152
-64
1024
-1203
-115
973
786
599
-1118
735
548
-1169
684
497
-1220
633
446
-1271
582
395
-1322
531
854
-2138
1755
803
-2189
1704
752
-2240
1653
701
-2291
1602
650
-2342
1551
599
-1883
735
1823
-1934
684
1772
-1985
633
1721
-2036
582
1925
-1067
-1254
1874
-1118
-1305
1823
-1169
-846
1007
55
-897
956
4
-948
905
-47
-999
854
-98
-1050
803
-149
-1101
1262
-965
123
1211
-1016
72
1160
-1067
21
1109
-1118
-30
1058
-1169
-81
1007
820
633
-1084
769
582
-1135
718
531
-1186
667
480
-1237
616
429
-1288
565
378
-1339
514
837
-2155
1738
786
-2206
1687
735
-2257
1636
684
-2308
1585
633
-2359
1534
582
-1900
718
1806
-1951
667
1755
-2002
616
1959
-1033
-1220
1908
-1084
-1271
1857
-1135
-812
1041
89
-863
990
38
-914
939
-13
-965
888
-64
-1016
837
-115
-1067
786
-166
-1118
1245
-982
106
1194
-1033
55
1143
-1084
4
1092
-1135
-47
1041
-1186
-98
990
803
616
349
-600
491
307
-642
449
265
-684
1682
733
-2256
1640
691
-2298
1598
649
-2340
1556
607
-2382
1514
565
-2424
1472
523
-2466
1430
481
-2508
1388
439
-765
1091
142
-807
1049
100
-849
1007
58
-891
965
16
-933
923
-26
-975
881
-68
-1017
839
1165
-549
-733
1123
-591
-775
1081
-633
-817
1039
-675
-859
997
-717
-901
955
-759
-943
913
-801
545
-404
687
503
-446
645
461
-488
603
419
-530
561
377
-572
519
335
-614
477
293
-656
435
251
-698
1668
719
-2270
1626
677
-2312
1584
635
-2354
1542
593
-2396
1500
551
-2438
1458
509
-2480
1416
467
-737
1119
170
-779
1077
128
-821
1035
86
-863
993
44
-905
951
2
-947
909
-40
-989
867
-82
-1031
825
1151
-563
-747
1109
-605
-789
1067
-647
-831
1025
-689
-873
983
-731
-915
941
-773
-957
899
-815
531
-418
673
489
-460
631
447
-502
589
405
-544
547
363
-586
505
321
-628
463
279
-670
1696
747
-2242
1654
705
-2284
1612
663
-2326
1570
621
-2368
1528
579
-2410
1486
537
-2452
1444
495
-2494
1402
453
-751
1105
156
-793
1063
114
-835
1021
72
-877
979
30
-919
937
-12
-961
895
-54
-1003
853
1179
-535
-719
1137
-577
-761
1095
-619
-803
1053
-661
-845
1011
-703
-887
969
-745
-929
927
-787
-971
885
-829
517
-432
659
475
-474
617
433
-516
575
391
-558
533
349
-600
491
307
-642
449
265
-684
1682
733
-2256
1640
691
-2298
1598
649
-2340
1556
607
-2382
1514
565
-2424
1472
523
-2466
1430
481
-2508
1388
439
-765
1091
142
-807
1049
100
-849
1007
58
-891
965
16
-933
923
-26
-975
881
-68
-1017
839
1165
-549
-733
1123
-591
-775
1081
-633
-817
1039
-675
-859
997
-717
-901
955
-759
-943
913
-801
545
-404
687
503
-446
645
461
-488
603
419
-530
561
377
-572
519
335
-614
477
293
-656
435
251
-698
1668
719
-2270
1626
677
-2312
1584
635
-2354
1542
593
-2396
1500
551
-2438
1458
509
-2480
1416
467
-737
1119
170
-779
1077
128
-821
1035
86
-863
993
44
-905
951
2
-947
909
-40
-989
867
-82
-1031
825
1151
-563
-747
1109
-605
-789
1067
-647
-831
1025
-689
-873
983
-731
-915
941
-773
-957
899
-815
531
-418
371
-1340
519
338
-1373
486
305
-1406
198
-748
1621
675
-2311
1588
642
-2344
1555
609
-2377
1522
576
-2410
1489
543
-1168
1966
-1020
-1201
1933
-1053
-1234
1645
-2106
518
1612
-864
995
49
-897
962
16
-930
929
-17
-963
896
-50
-996
863
1192
-519
-955
139
1233
-988
106
1200
-1021
73
1167
221
550
-396
188
517
-429
155
484
-462
122
451
15
344
-602
-18
311
-635
-51
278
-668
-84
245
-701
-117
212
541
360
-1351
508
327
-1384
475
294
-1417
187
-759
1610
664
-2322
1577
631
-2355
1544
598
-2388
1511
565
-2421
1478
532
-1179
1955
-1031
-1212
1667
-2084
540
1634
-2117
507
1601
-875
984
38
-908
951
5
-941
918
-28
-974
885
1214
-497
-678
1181
-530
-966
128
1222
-999
95
1189
-1032
62
1156
210
539
-407
177
506
-440
144
473
-473
111
440
4
333
-613
-29
300
-646
-62
267
-679
-95
234
563
382
-1329
530
349
-1362
497
316
-1395
209
-737
357
176
-770
1599
653
-2333
1566
620
-2366
1533
587
-2399
1500
554
-1157
1977
-1009
-1190
1944
-1042
-1223
1656
-2095
529
1623
-2128
496
1590
-886
973
27
-919
940
-6
-952
907
-39
-985
874
1203
-508
-944
150
1244
-977
117
1211
-1010
84
1178
232
561
-385
199
528
-418
166
495
-451
133
462
-484
100
429
-7
322
-624
-40
289
-657
-73
256
-690
-106
223
552
371
-1340
519
338
-1373
486
305
-1406
198
-748
1621
675
-2311
1588
642
-2344
1555
609
-2377
1522
576
-2410
1489
543
-1168
1966
-1020
-1201
1933
-1053
-1234
1645
-2106
518
1612
-864
995
49
-897
962
16
-930
929
-17
-963
896
-50
-996
863
1192
-519
-955
139
1233
-988
106
1200
-1021
73
1167
221
550
-396
188
517
-429
155
484
-462
122
451
15
344
-602
-18
311
-635
-51
278
-668
-84
245
-701
-117
212
541
360
-1351
508
327
-1384
475
294
-1417
187
-759
1610
664
-2322
1577
631
-2355
1544
598
-2388
1511
565
-2421
1478
532
-1179
1955
-1031
-1212
1667
-2084
540
1634
-2117
507
1601
-875
984
38
-908
951
5
-941
918
-28
-974
885
1214
-497
-678
1181
-530
-966
128
1222
-999
95
1189
-1032
62
1156
210
539
-407
177
506
-440
144
473
-473
111
440
4
333
-627
470
292
-651
1721
778
-2205
1697
244
-1464
143
-800
1572
629
-2354
1548
605
-2378
1524
581
-1127
2010
-973
-1151
1731
-2017
610
1707
-2041
586
1683
-1300
1837
-1146
-1324
1558
-2190
437
1534
-939
923
-20
-963
899
-44
-987
875
1207
-501
-934
163
750
-193
-1136
726
1058
-650
-828
1034
-674
-1107
-10
1087
144
476
-467
120
452
-491
96
428
-5
327
-616
-29
303
-640
-53
279
-664
-77
255
587
409
-1299
308
-635
462
284
-659
1713
770
-2213
1689
236
-1472
135
-808
1564
621
-2362
1540
597
-2386
1516
573
-1135
2002
-981
-1159
1723
-2025
602
1699
-1284
1853
-1130
-1308
1829
-1154
-1332
1550
-923
939
-4
-947
915
-28
-971
891
-52
-995
612
179
1276
-942
155
742
-201
-1144
718
1050
-658
-836
1026
-682
-1115
-18
1079
136
468
-475
112
444
-499
88
420
-13
319
-624
-37
295
-648
-61
271
603
425
-1283
324
-619
478
300
-643
1729
786
-2197
1705
252
-1456
406
228
-1480
127
-816
1556
613
-2370
1532
589
-2394
1508
565
-1143
1739
-2009
618
1715
-2033
594
1691
-1292
1845
-1138
-1316
1821
-1162
-1340
1542
-931
931
-12
-955
907
-36
-979
883
1215
-493
-926
171
758
-185
-1128
734
1066
-642
-820
1042
-666
-1099
-2
1095
-1123
-26
1071
128
460
-483
104
436
-507
80
412
-21
311
-632
-45
287
-656
-69
263
595
417
-1291
316
-627
470
292
-651
1721
778
-2205
1697
244
-1464
143
-800
1572
629
-2354
1548
605
-2378
1524
581
-1127
2010
-973
-1151
1731
-2017
610
1707
-2041
586
1683
-1300
1837
-1146
-1324
1558
-2190
437
1534
-939
923
-20
-963
899
-44
-987
875
1207
-501
-934
163
750
-193
-1136
726
1058
-650
-828
1034
-674
-1107
-10
1087
144
476
-467
120
452
-491
96
428
-5
327
-616
-29
303
-640
-53
279
-664
-77
255
587
409
-1299
308
-635
462
284
-659
1713
770
-2213
1689
236
-1472
135
-808
1564
621
-2362
1540
597
-2386
1516
573
-1135
2002
-981
-1159
1723
-2025
602
1699
-1284
1853
-1130
-1308
1829
-1154
-1332
1550
-923
939
-4
-947
915
-28
-971
891
-52
-995
612
179
1276
-942
155
742
-201
-1144
718
1050
-658
-836
1026
-682
-1115
-18
1079
136
468
-475
112
444
-499
88
420
-13
319
160
495
320
-1385
225
-715
1660
720
-2260
1645
195
-1510
100
-840
1535
595
-2385
1520
580
-1125
1760
-1985
645
1745
-2510
1395
455
-1250
1890
-1090
-1265
1620
-850
1015
75
-1375
1765
-1215
-1390
1495
-975
890
-50
-990
875
1210
-495
-925
175
765
-175
-1115
750
1085
-620
-1050
50
1150
210
545
-905
960
-745
-1175
-75
1025
85
420
-520
70
405
-25
310
-630
-40
295
-645
-55
280
615
440
-1265
345
-595
1780
330
-1375
490
315
-1390
220
-720
1655
715
-2265
1640
190
-240
605
-2375
1530
590
-2390
1515
575
-1130
1755
-1990
640
1740
-1240
1900
-1080
-1255
1630
-2115
515
1615
-855
1010
70
-1380
1505
-965
900
-40
-980
885
-55
-995
870
1205
-1010
-165
-1105
760
-180
-1120
745
1080
-625
-1055
45
1145
205
540
-910
955
-750
-1180
-80
1020
80
415
-525
65
400
-30
305
-635
-45
290
-650
-60
275
355
-585
515
-170
165
500
325
-1380
230
-710
390
215
-725
1650
710
-2270
1635
185
-245
600
-2380
1525
585
-2395
1510
570
-1135
1750
-2505
1400
460
-1245
1895
-1085
-1260
1625
-2120
510
1610
-860
1005
65
-1385
1500
-970
895
-45
-985
880
-60
-1000
610
180
770
-170
-1110
755
1090
-615
-1045
55
1155
-1060
40
630
965
-740
-915
950
-755
90
425
-515
75
410
-530
60
395
-35
300
-640
-50
285
620
445
-1260
350
-590
510
-175
160
495
320
-1385
225
-715
1660
720
-2260
1645
195
-1510
100
-840
1535
595
-2385
1520
580
-1125
1760
-1985
645
1745
-2510
1395
455
-1250
1890
-1090
-1265
1620
-850
1015
75
-1375
1765
-1215
-1390
1495
-975
890
-50
-990
875
1210
-495
-925
175
765
-175
-1115
750
1085
-620
-1050
50
1150
210
545
-905
960
-745
-1175
-75
1025
85
420
-520
70
405
-25
310
-630
-40
295
-645
-55
280
615
440
-1265
345
-595
1780
330
-1375
490
315
-1390
220
-720
1655
715
-2265
1640
190
-240
605
-2375
1530
590
-2390
1515
575
-1130
1755
-1990
640
1740
-1240
1900
-1080
-1255
1630
-2115
515
1615
-855
1010
70
-1380
1505
-965
900
-40
-980
885
-55
-995
870
1205
-1010
-165
-1105
760
-180
-1120
745
1080
-625
-1055
45
1145
205
540
-910
955
-750
-1180
-80
1020
80
415
-525
65
400
-30
305
-1348
265
-672
1706
259
-1443
170
-767
1611
674
-2303
1605
158
-269
579
-2398
1510
573
-1129
1759
-2493
1415
478
-1224
1919
-1058
-1230
1658
-2084
549
1652
-1325
1563
-2179
454
1557
-910
958
21
-1426
1462
-1005
863
-74
-1011
602
175
768
-169
-1106
762
1100
-602
-1029
74
667
1005
-697
-1124
-21
1082
145
483
-964
904
-798
50
388
-549
44
382
-45
293
-644
-51
287
625
453
-1249
364
-573
530
-152
186
269
-668
435
263
-674
1704
257
-1445
168
-769
1609
672
-2305
1348
-864
1514
577
-2400
1508
571
-1131
1757
-2495
1413
476
-1226
1662
-2080
553
1656
-1321
1822
-1155
-1327
1561
-906
962
25
-1422
1466
-1001
867
-70
-1007
861
-76
-1013
600
173
766
-171
-1108
760
1098
-604
-1031
72
665
1003
-699
-1126
-23
1080
143
481
-966
902
-800
48
386
-551
42
380
-47
291
-646
-53
285
623
451
-1251
-148
190
528
356
-1346
267
-670
1708
261
-1441
427
255
-172
676
-2301
1607
670
-2307
1346
-866
1512
575
-2402
1506
569
-1133
1755
-2497
1411
474
-1228
1660
-2082
551
1654
-1323
1820
-1157
-1329
1559
-908
960
23
-1424
1464
-1003
865
-72
-1009
859
1197
-1015
-167
-1104
764
1102
-600
-1027
76
669
1007
-695
-867
1001
-701
-1128
-25
1078
141
479
-1223
-120
983
46
384
-553
40
378
-49
289
-648
-55
283
366
-571
532
-150
188
526
354
-1348
265
-672
1706
259
-1443
170
-767
1611
674
-2303
1605
158
-269
579
-2398
1510
573
-1129
1759
-2493
1415
478
-1224
1919
-1058
-1230
1658
-2084
549
1652
-1325
1563
-2179
454
1557
-910
958
21
-1426
1462
-1005
863
-74
-1011
602
175
768
-169
-1106
762
1100
-602
-1029
74
667
1005
-697
-1124
-21
1082
145
483
-964
904
-798
50
388
-549
44
382
-45
293
-644
-51
287
625
453
-1249
364
-573
530
-152
186
269
-668
435
263
-674
1704
257
-1445
168
-769
1609
672
-2305
1348
-864
1514
577
-2400
1508
571
-1131
1757
-2495
1413
476
-1226
1662
-2080
553
1656
-1321
1822
-1155
-1327
1561
-906
962
25
-1422
1466
-1001
867
-70
-1007
861
-76
-1013
600
173
766
-171
-1108
760
1098
-604
-1031
72
665
1003
-699
-1126
-23
1080
143
481
-966
902
-800
48
386
-551
42
380
-47
291
1734
290
-1409
207
-727
1654
210
-1489
127
-807
1574
640
-2334
1322
-887
1494
560
-1139
1752
-2497
1414
480
-1219
1672
-2067
569
1675
-1299
1847
-1127
-1296
1595
-1379
1767
-1207
-1376
1515
-949
922
-12
-1456
1435
-1029
842
1183
-1026
-175
-1109
762
1103
-596
-1020
86
682
1023
-676
-1100
6
602
943
-756
-1180
-74
1032
98
439
-1260
-154
952
18
359
-65
276
-658
-62
279
365
-569
537
-142
199
540
371
-1328
-222
119
460
291
-1408
208
-726
1655
211
-1488
128
-806
1575
131
-293
558
-2416
1495
561
-1138
1753
-2496
1415
481
-1218
1673
-2576
1335
401
-1298
1593
-2146
490
1596
-1378
1513
-951
920
-14
-1458
1433
-1031
840
-94
-1028
843
1184
-1025
-174
-1108
763
1104
-595
-1019
87
683
1024
-675
-1099
7
603
944
-755
96
437
-497
99
440
16
357
-577
19
360
-64
277
-657
-61
280
366
-568
538
-141
200
286
-648
458
-221
120
206
-728
1653
719
-2255
1401
-808
1573
639
-2335
1576
132
-292
559
-2415
1496
562
-1137
1754
-2495
1416
482
-1217
1674
-1300
1846
-1128
-1297
1594
-870
1001
67
-1377
1514
-950
921
-13
-1457
1434
-1030
841
-93
-1027
589
165
761
-173
-1107
509
85
681
1022
-677
-1101
5
1111
177
518
-926
945
-754
97
438
-1006
865
-834
17
358
-576
20
361
-63
278
-656
-60
281
-143
198
539
370
-1329
287
-647
1734
290
-1409
207
-727
1654
210
-1489
127
-807
1574
640
-2334
1322
-887
1494
560
-1139
1752
-2497
1414
480
-1219
1672
-2067
569
1675
-1299
1847
-1127
-1296
1595
-1379
1767
-1207
-1376
1515
-949
922
-12
-1456
1435
-1029
842
1183
-1026
-175
-1109
762
1103
-596
-1020
86
682
1023
-676
-1100
6
602
943
-756
-1180
-74
1032
98
439
-1260
-154
952
18
359
-65
276
-658
-62
279
365
-569
537
-142
199
540
371
-1328
-222
119
460
291
-1408
208
-726
1655
211
-1488
128
-806
1575
131
-293
558
-2416
1495
561
-1138
1753
-2496
1415
481
-1218
1673
-2576
1335
401
-1298
1593
-2146
490
1596
-1378
1513
-951
920
-14
-1458
1433
-1031
840
-94
-1028
843
1184
-1025
-174
-1108
763
1104
-595
-1019
87
683
1024
-675
-1099
7
603
944
-755
96
437
-497
99
440
16
357
-577
19
360
-64
277
226
-705
1679
238
-1458
161
-770
1614
173
-248
606
-2365
1549
108
-313
541
-2430
1229
-977
1407
476
-1220
1674
-2572
1342
411
-1285
1609
-2127
512
1621
-1350
1544
-917
957
26
-1415
1479
-982
892
1236
-970
-116
-1047
572
151
750
-181
-1112
507
86
685
1029
-667
-1088
21
620
964
-732
-1153
-44
555
899
-797
57
401
-1040
834
-862
-8
336
-85
259
-672
-73
271
-150
194
-737
-138
206
295
-636
1748
307
-1389
230
-701
1683
242
-179
675
-2296
1618
177
-244
610
-2361
1298
-908
1476
545
-1151
1743
-2503
1411
480
-1216
1678
-2568
1346
415
-1281
1613
-1358
1791
-1180
-1346
1548
-1423
1471
-990
884
-47
-1488
1406
-1055
819
-112
-1043
576
155
754
1098
-598
-1019
90
689
1033
-663
-1084
25
624
968
-728
126
470
-1226
-117
992
61
405
-16
328
-603
-4
340
-81
263
-668
-69
275
-146
198
542
376
-1320
-211
133
477
311
-1385
-276
68
157
-774
1610
169
-1527
92
-839
1545
614
-1082
1812
-2434
1480
549
-1147
1747
-2499
1415
484
-1212
1682
-1289
1605
-2131
508
1617
-1354
1540
-2196
443
1552
-1419
1475
-986
888
-43
-1484
1410
-1051
823
1167
-1039
-185
-1116
758
1102
-1104
-250
-1181
438
17
616
960
-736
-1157
-48
1061
130
474
53
397
-534
65
409
-12
332
-599
0
344
-77
267
611
445
-1251
-142
202
291
-640
469
-207
137
226
-705
1679
238
-1458
161
-770
1614
173
-248
606
-2365
1549
108
-313
541
-2430
1229
-977
1407
476
-1220
1674
-2572
1342
411
-1285
1609
-2127
512
1621
-1350
1544
-917
957
26
-1415
1479
-982
892
1236
-970
-116
-1047
572
151
750
-181
-1112
507
86
685
1029
-667
-1088
21
620
964
-732
-1153
-44
555
899
-797
57
401
-1040
834
-862
-8
336
-85
259
-672
-73
271
-150
194
-737
-138
206
295
-636
1748
307
-1389
230
-701
1683
242
-179
675
-2296
1618
177
-244
610
-2361
1298
-908
1476
545
-1151
1743
-2503
1411
480
-1216
1678
-2568
1346
415
-1281
1613
-1358
1791
-1180
-1346
1548
-1423
1471
-990
884
-47
-1488
1406
-1055
819
-112
-1043
576
155
754
1098
-598
-1019
90
689
1033
-663
-1084
25
624
968
-728
126
470
-1226
-117
992
61
405
-16
328
-603
-4
340
-81
263
-262
85
177
-751
1636
198
-1495
127
-801
1331
-872
1515
587
-1106
1791
-2452
1465
27
-391
466
-1227
1670
-2573
1344
416
-1277
1620
-1348
1804
-1164
-1327
1570
-1398
1499
-959
918
-10
-1448
1449
-1009
613
195
797
-131
-1569
1328
-1130
747
1094
-1109
-252
-1180
442
24
626
973
-720
-1138
-26
576
923
-770
87
434
16
363
-565
37
384
-34
313
-105
242
-686
-84
263
-155
192
539
376
-1317
-205
142
234
-694
1693
255
-1438
184
-744
1388
-815
1572
644
-2324
1338
-865
1522
84
-334
523
-2445
1217
-986
1401
473
-1220
1677
-2566
1351
423
-1270
1627
-1341
1556
-902
975
47
-1391
1506
-1462
1435
-1023
854
-74
-1512
1385
-1073
804
1151
-1052
-195
-1123
499
81
683
1030
-663
-1081
31
633
980
-713
144
491
-1202
-90
512
859
-834
23
370
-1323
-211
901
-27
320
-98
249
-679
-77
270
-148
199
291
-637
1750
312
-1381
241
-687
1700
262
-156
191
-1502
120
-808
1579
141
-277
580
-2388
1274
-929
1458
530
-1163
1734
-2509
1408
480
-1213
1684
-1284
1613
-2630
1287
359
-1334
1563
-1405
1747
-1221
-1384
1513
-1455
1442
-1016
861
-67
-1505
1392
-1066
556
138
740
1087
-606
-1024
88
690
1037
-1166
966
-727
-1145
-33
569
916
-777
80
427
-1266
-154
958
30
377
-41
306
-622
-20
327
-91
256
348
-580
532
-141
206
-212
135
482
319
-1374
-262
85
177
-751
1636
198
-1495
127
-801
1331
-872
1515
587
-1106
1791
-2452
1465
27
-391
466
-1227
1670
-2573
1344
416
-1277
1620
-1348
1804
-1164
-1327
1570
-1398
1499
-959
918
-10
-1448
1449
-1009
613
195
797
-131
-1569
1328
-1130
747
1094
-1109
-252
-1180
442
24
626
973
-720
-1138
-26
576
923
-770
87
434
16
363
-565
37
384
-34
313
-105
242
-686
-84
263
-155
192
539
376
-1317
-205
142
234
-694
1693
255
-1438
184
-744
1388
-815
1572
644
-2324
1338
-865
1522
84
-334
523
-2445
1217
-986
1401
473
-1220
1677
-2566
1351
423
-1270
1627
-1341
1556
-902
975
47
-1391
1506
-1462
1435
-1023
854
-74
-1512
1385
-1073
804
1151
-1052
-195
-1123
499
81
683
1030
-663
-1081
31
633
980
-713
144
491
-1202
-90
512
859
-834
23
370
-1323
-211
901
-27
320
-98
249
270
-145
205
-1485
140
-785
1605
170
-245
105
-310
550
-2415
1250
-950
1440
515
-1175
1725
-2515
1150
-1050
1340
415
-1275
1625
-1340
1560
-2170
475
1590
-1375
1525
-1440
1460
-995
885
-40
-1475
1425
-1540
1360
-1095
785
1135
-1065
-205
-1130
495
80
685
1035
-1165
970
-720
-1135
-20
585
935
-755
105
455
40
390
-1300
-185
930
5
355
-60
290
-125
225
-700
-95
255
-160
190
285
-640
1750
315
-1375
-260
90
185
-740
1650
215
-200
150
-1540
85
-840
1550
115
-300
560
-1130
1770
-2470
1450
15
-400
460
-1230
1670
-2570
1350
425
-1265
1635
-1330
1570
-1395
1505
-2225
420
1535
-1430
1470
-1495
1405
-1050
830
-95
-1530
1370
-1085
540
125
730
1080
-1120
-260
-1185
440
25
630
980
-710
150
500
-1190
-75
530
880
-810
50
400
-15
335
-1100
780
-910
-50
300
-115
235
585
425
-1265
-150
200
-215
135
230
-695
1695
260
-1430
195
-730
1405
-795
1595
160
-255
605
-2360
1305
-895
1495
60
-355
505
-2460
1205
-995
1395
470
-1220
1680
-1285
1615
-2625
1295
370
-1320
1580
-1385
1515
-940
940
15
-1420
1480
-1485
1415
-1040
840
1190
-1010
-150
-1585
1315
-1140
485
70
675
1025
-665
-1080
35
385
-30
575
925
-765
95
445
-1245
-130
475
825
-865
-5
345
-70
280
-645
-40
310
-105
245
-170
180
530
370
-1320
-205
145
240
-685
1705
270
-145
205
-1485
140
-785
1605
170
-245
105
-310
550
-2415
1250
-950
1440
515
-1175
1725
-2515
1150
-1050
1340
415
-1275
1625
-1340
1560
-2170
475
1590
-1375
1525
-1440
1460
-995
885
-40
-1475
1425
-1540
1360
-1095
785
1135
-1065
-205
-1130
495
80
685
1035
-1165
970
-720
-1135
-20
585
935
-755
105
455
40
390
-1300
-185
930
5
355
-60
290
-125
225
-700
-95
255
-160
190
285
-640
1750
315
-1375
-260
90
185
-740
1650
215
-200
150
-1540
85
-840
1550
115
-300
560
-1130
1770
-2470
1450
15
-400
460
-1230
1670
-2570
1350
425
-1265
1635
-1330
1570
-1395
1505
-2225
420
1535
-1430
1470
-1495
1405
-1050
830
-95
-1530
1370
-1085
540
125
730
1080
-1120
-260
-1185
440
25
630
980
-710
150
500
-1190
-75
530
880
-810
50
400
-15
335
-1100
780
-910
-50
300
-115
235
-728
1410
-787
1606
174
-238
625
-2337
1331
-866
1272
-925
1468
36
-376
487
-1200
1703
-2534
1389
-43
-455
408
-1279
1624
-1338
1565
-1397
1761
-1201
-1358
1545
-1417
1486
-1476
1427
-1025
858
1211
-986
-123
-1555
1348
-1104
524
112
720
1073
-1124
1014
-673
-1085
33
386
-26
582
935
-752
111
464
52
405
-1282
-164
444
797
-890
-27
326
-86
267
-145
208
-714
-106
247
-165
188
-224
129
227
-695
1698
266
-1421
-303
50
148
-774
1364
-833
1560
128
-284
579
-2383
1285
-912
1226
-971
1422
500
-1187
1716
-1246
1657
-2580
1343
421
-1266
1637
-1325
1578
-1384
1519
-1443
1715
-1247
-1404
1499
-1463
1440
-1522
1381
-1071
812
1165
-1032
-169
-1601
1302
-1150
478
66
674
1027
-1170
968
-719
-1131
-13
340
-72
536
889
-798
65
418
6
359
-1328
-210
908
-14
339
-73
280
-132
221
319
-603
515
-152
201
-211
142
-270
83
181
-741
1652
220
-1467
-349
4
102
-820
1318
-879
1514
82
-330
533
-2429
1239
-958
1435
3
-409
454
-1233
1670
-1292
1611
-2626
1297
375
-1312
1591
-1371
1532
-1430
1473
-979
904
-18
-1450
1453
-1509
1394
-1058
570
158
766
1119
-1078
1060
-1137
-274
-1196
432
20
628
981
-1216
922
-765
98
451
-1236
-118
490
843
-844
19
372
-40
313
-99
254
-668
-60
293
-119
234
-178
175
273
-649
1744
312
-1375
-257
96
194
-728
1410
-787
1606
174
-238
625
-2337
1331
-866
1272
-925
1468
36
-376
487
-1200
1703
-2534
1389
-43
-455
408
-1279
1624
-1338
1565
-1397
1761
-1201
-1358
1545
-1417
1486
-1476
1427
-1025
858
1211
-986
-123
-1555
1348
-1104
524
112
720
1073
-1124
1014
-673
-1085
33
386
-26
582
935
-752
111
464
52
405
-1282
-164
444
797
-890
-27
326
-86
267
-145
208
-714
-106
247
-165
188
-224
129
227
-695
1698
266
-1421
-303
50
148
-774
1364
-833
1560
128
-284
579
-2383
1285
-912
1226
-971
1422
500
-1187
1716
-1246
1657
-2580
1343
421
-1266
1637
-1325
1578
-1384
1519
-1443
1715
-1247
-1404
1499
-1463
1440
-1522
1381
-1071
812
1165
-1032
-169
-1601
1302
-1150
478
66
674
1027
-1170
968
-719
-1131
-13
340
-72
536
889
-798
65
418
6
359
-1328
-210
908
-14
339
-73
280
-132
221
59
-350
6
107
-812
1329
-865
1531
102
-307
49
-360
506
-2453
1218
-976
1165
-1029
1367
448
-1236
1670
-1289
1617
-1342
1564
-1395
1511
-2213
438
1559
-1400
1506
-1453
1453
-1506
1400
-1049
582
173
784
1140
-1054
-188
-1617
1289
-1160
471
62
418
9
620
976
-1218
923
-761
105
461
-1223
-102
254
-155
456
812
-872
-6
350
-59
297
-112
244
-165
191
-728
-117
239
-170
186
-223
133
-276
80
181
-738
1658
229
-180
176
-1508
-387
-31
70
-849
1292
-902
1494
65
-344
12
-397
469
-1215
1691
-2543
1128
-1066
1330
411
-1273
1633
-1326
1580
-1379
1527
-1432
1474
-975
911
-8
-1437
1469
-1490
1416
-1543
1363
-1086
545
136
747
1103
-1091
1050
-1144
-278
-1197
434
25
381
-28
583
939
-1255
886
-798
68
424
15
371
-1313
-192
419
775
-909
-43
313
-96
260
-149
207
-202
154
510
356
-1328
-207
149
-260
96
-313
43
144
-775
1621
192
-217
139
-270
86
-1598
33
-886
1255
-939
1457
28
-381
485
-1199
1707
-1252
1654
-1305
1601
-2633
1293
374
-1310
1596
-1363
1543
-1416
1490
-1469
1437
-1012
874
1230
-964
-98
-1527
1379
-1580
1326
-1123
508
99
455
46
657
1013
-1181
960
-724
-1133
-12
344
-65
291
-118
493
849
-835
31
387
-22
334
-75
281
-1403
-282
839
-80
276
-133
223
-186
170
-239
117
218
-701
1695
266
-1418
-297
59
-350
6
107
-812
1329
-865
1531
102
-307
49
-360
506
-2453
1218
-976
1165
-1029
1367
448
-1236
1670
-1289
1617
-1342
1564
-1395
1511
-2213
438
1559
-1400
1506
-1453
1453
-1506
1400
-1049
582
173
784
1140
-1054
-188
-1617
1289
-1160
471
62
418
9
620
976
-1218
923
-761
105
461
-1223
-102
254
-155
456
812
-872
-6
350
-59
297
-112
244
-165
191
-728
-117
239
-170
186
-223
133
-276
80
181
-738
1658
229
-180
176
-1508
-387
-31
70
-849
1292
-902
1494
65
-344
12
-397
469
-1215
1691
-2543
1128
-1066
1330
411
-1273
1633
-1326
1580
-1379
1527
-1432
1474
-975
911
-8
-1437
1469
-1490
1416
-1543
1363
-1086
545
136
747
1103
-1091
1050
-1144
-278
-1197
434
25
381
-28
583
939
-1255
886
-798
68
424
15
371
-1313
-192
419
775
-909
-43
313
-96
260
-149
207
-174
185
-221
138
-1543
-419
-60
44
-872
1272
-919
1225
-966
1433
7
-399
-40
-446
423
-1258
1651
-1305
1604
-1352
1557
-1399
1510
-2721
1208
292
-1389
1520
-1436
1473
-1483
1426
-1530
1379
-1577
1332
-1114
520
114
728
1087
-1104
1040
-1151
993
-1198
946
-735
-1141
-17
342
-64
295
-111
503
862
-1329
815
-866
3
362
-44
315
-91
268
-138
221
-185
174
533
382
-1299
-175
184
-222
137
-269
90
-316
43
147
-769
1375
-816
1583
157
-249
110
-296
63
-343
526
-1155
1754
-2477
1197
-994
1150
-1041
1358
-68
-474
395
-1286
1623
-1333
1576
-1380
1529
-1427
1482
-1474
1435
-1011
878
1237
-954
-85
-1511
1398
-1558
1351
-1605
1304
-1142
492
86
445
39
653
1012
-1179
965
-1226
918
-763
106
465
59
418
-1263
-139
220
-186
428
787
-894
-25
334
-72
287
-119
240
-166
193
-213
146
250
-666
1733
307
-99
260
-1421
-297
62
-344
15
119
-797
1347
-844
1300
-891
1508
82
-324
35
-371
498
-1183
1726
-1230
1679
-1277
1632
-2599
1075
-1116
1283
367
-1314
1595
-1361
1548
-1408
1501
-1455
1454
-1502
1407
-1039
595
189
803
1162
-1029
1115
-1076
-207
-1633
1276
-1680
1229
-1217
417
11
370
-36
578
937
-1254
890
-1301
843
-838
31
390
-16
343
-63
296
-1385
-261
353
712
-969
-100
259
-147
212
-194
165
-241
118
-288
71
175
-741
1658
232
-174
185
-221
138
-1543
-419
-60
44
-872
1272
-919
1225
-966
1433
7
-399
-40
-446
423
-1258
1651
-1305
1604
-1352
1557
-1399
1510
-2721
1208
292
-1389
1520
-1436
1473
-1483
1426
-1530
1379
-1577
1332
-1114
520
114
728
1087
-1104
1040
-1151
993
-1198
946
-735
-1141
-17
342
-64
295
-111
503
862
-1329
815
-866
3
362
-44
315
-91
268
-138
221
-185
174
533
382
-1299
-175
184
-222
137
-269
90
-316
43
147
-769
1375
-816
1583
157
-249
110
-296
63
-343
526
-1155
1754
-2477
1197
-994
1150
-1041
1358
-68
-474
395
-1286
1623
-1333
1576
-1380
1529
-1427
1482
-1474
1435
-1011
878
1237
-954
-85
-1511
1398
-1558
1351
-1605
1304
-1142
492
86
445
39
653
1012
-1179
965
-1226
918
-763
106
465
59
418
-1263
-139
220
-186
428
787
-894
-25
334
-72
287
-119
240
-166
193
1378
-810
1337
-851
1551
128
-275
87
-316
46
-357
5
-398
474
-1204
1708
-1245
1667
-1286
1626
-1327
1585
-1368
1544
-1409
1503
-2725
1207
294
-1384
1528
-1425
1487
-1466
1446
-1507
1405
-1548
1364
-1589
1323
-1630
1282
-1161
476
73
435
32
394
-9
353
-50
567
929
-1259
888
-1300
847
-831
41
403
0
362
-41
321
-82
280
-123
239
-164
198
-205
157
264
-649
1753
330
-1348
-221
141
-262
100
-303
59
-344
18
-385
-23
84
-829
1318
-870
1277
-911
1236
-952
1195
-993
1409
-14
-417
-55
-458
414
-1264
1648
-1305
1607
-1346
1566
-1387
1525
-1428
1484
-1469
1443
-1510
1402
-1041
596
193
810
1172
-1016
1131
-1057
1090
-1098
-226
-1649
1263
-1690
1222
-1221
416
13
375
-28
334
-69
293
-110
252
-151
466
828
-1360
787
-891
-19
343
-60
302
-101
261
-142
220
-183
179
-224
138
-265
97
204
-709
1438
-750
1652
229
-174
188
-215
147
-256
106
-297
65
-338
534
-2419
1258
-930
1217
-971
1176
-1012
1135
-1053
1094
-1094
1308
-115
-518
354
-1324
1588
-1365
1547
-1406
1506
-1447
1465
-1488
1424
-1529
1383
-1570
1342
-1101
536
133
495
92
709
1071
-1117
1030
-1158
989
-1199
948
-1240
907
-771
101
463
60
422
19
381
-1297
-170
192
-211
151
-252
365
727
-951
-79
283
-120
242
-161
201
-202
160
-243
119
-284
78
-325
37
144
-769
1378
-810
1337
-851
1551
128
-275
87
-316
46
-357
5
-398
474
-1204
1708
-1245
1667
-1286
1626
-1327
1585
-1368
1544
-1409
1503
-2725
1207
294
-1384
1528
-1425
1487
-1466
1446
-1507
1405
-1548
1364
-1589
1323
-1630
1282
-1161
476
73
435
32
394
-9
353
-50
567
929
-1259
888
-1300
847
-831
41
403
0
362
-41
321
-82
280
-123
239
-164
198
-205
157
264
-649
1753
330
-1348
-221
141
-262
100
-303
59
-344
18
-385
-23
84
-829
1318
-870
1277
-911
1236
-952
1195
-993
1409
-14
-417
-55
-458
414
-1264
1648
-1305
1607
-1346
1566
-1387
1525
-1428
1484
-1469
1443
-1510
1402
-1041
596
193
810
1172
-1016
1131
-1057
1090
-1098
-226
-1649
1263
-1690
1222
-1221
416
13
375
-28
334
-69
293
-110
252
-151
466
828
-1360
787
-891
-19
343
-60
302
-101
261
-142
220
-183
179
-385
-20
-420
-55
55
-855
1295
-890
1260
-925
1225
-960
1190
-995
1155
-1030
1120
-1065
1085
-1100
1050
-1135
1015
-1170
980
-1205
1200
290
-1385
1530
-1420
1495
-1455
1460
-1490
1425
-1525
1390
-1560
1355
-1595
1320
-1630
2560
-1155
995
-1190
960
-1225
925
-1260
890
-785
90
455
55
420
20
385
-15
350
-50
315
-85
280
-120
245
-155
210
-190
175
-225
140
-260
105
215
-695
1710
290
-110
255
-145
220
-180
185
-215
150
-250
115
-285
80
-320
45
-355
10
-390
-25
-425
450
-1225
1690
-1260
1655
-1295
1620
-1330
1585
-1365
1550
-1400
1515
-1435
1480
-1470
1445
-1505
1410
-1540
1375
-1575
1340
-1100
540
140
505
105
470
70
690
1055
-1130
1020
-1165
985
-1200
950
-1235
915
-1270
880
-1305
845
-1340
810
-865
10
375
-25
340
-60
305
-95
270
-130
235
-165
200
-200
165
-235
130
-270
95
-305
60
-340
25
135
-775
1375
-810
1340
-845
1305
-880
1270
-915
1235
-950
1455
35
-365
0
-400
-35
-435
-70
-470
-105
-505
370
-1305
1610
-1340
1575
-1375
1540
-1410
1505
-1445
1470
-1480
1435
-1515
1400
-1550
1365
-1585
1330
-1620
1295
-1655
1260
-1180
460
60
425
25
390
-10
355
-45
320
-80
285
-115
250
-150
215
-185
435
800
-1385
765
-1420
730
-945
-70
295
-105
260
-140
225
-175
190
-210
155
-245
120
-280
85
-315
50
-350
15
-385
-20
-420
-55
55
-855
1295
-890
1260
-925
1225
-960
1190
-995
1155
-1030
1120
-1065
1085
-1100
1050
-1135
1015
-1170
980
-1205
1200
290
-1385
1530
-1420
1495
-1455
1460
-1490
1425
-1525
1390
-1560
1355
-1595
1320
-1630
2560
-1155
995
-1190
960
-1225
925
-1260
890
-785
90
455
55
420
20
385
-15
350
-50
315
-85
280
-120
245
-155
210
-190
175
-225
140
-260
105
215
-695
1710
290
-110
255
-145
220
-180
185
-215
150
-250
115
-285
80
-320
45
-355
10
-390
-25
-425
450
-1225
1690
-1260
1655
-1295
1620
-1330
1585
-1365
1550
-1400
1515
-1435
1480
-1470
1445
-1505
1410
-1540
1375
-1575
1340
-1100
540
140
505
105
470
70
690
1055
-1130
1020
-1165
985
-1200
950
-1235
915
-1270
880
-1305
845
-1340
810
-865
10
375
-25
340
-60
305
-95
270
-130
235
-165
200
-200
165
147
-250
118
-279
89
-308
60
-337
31
-366
2
-395
-27
-424
-56
-453
-85
-482
-114
-511
-143
-540
-172
-569
-201
-598
280
-1392
1526
-1421
1497
-1450
2743
-969
1184
-998
1155
-1027
1126
-1056
1097
-1085
1068
-1369
19
387
-10
358
-39
329
-68
300
-97
271
-126
242
-155
213
-184
184
-213
155
-242
126
-271
97
-300
1343
181
-216
152
-245
123
-274
94
-303
65
178
-729
1424
-758
1395
-787
1366
-816
1337
-845
1308
-874
1279
-903
1250
-932
1221
-961
1192
-990
1163
-1019
1134
-1048
1105
-1077
1076
169
1557
-1390
1528
-1419
1499
-1448
1470
-1477
1441
-1506
1412
-1535
1383
-1564
1354
-1593
1325
-1622
1296
-1651
1267
-1680
1238
-1199
444
47
415
18
386
-11
357
-40
328
-69
299
-98
1545
383
-14
354
-43
325
-72
296
-101
267
-130
238
-159
209
-188
180
-217
151
-246
122
-275
93
-304
64
-333
35
-362
6
-391
-23
-420
-52
-449
-81
-478
1165
3
-394
484
-1188
1730
-1217
1701
-1246
1672
-1275
1643
-1304
1614
-1333
1585
-1362
1556
-1391
1527
-1420
1498
-1449
1469
-1478
1440
-1507
1411
-1536
1382
-1565
1353
-1594
1324
-1623
1295
-1652
2541
-1171
982
-1200
953
-1229
924
-1258
895
-1287
866
-1316
837
-1345
808
-1374
779
-893
-15
353
-44
324
-73
295
-102
266
-131
237
-160
208
-189
179
-218
150
-247
121
-276
1367
205
-192
176
-221
147
-250
118
-279
89
-308
60
-337
31
-366
2
-395
-27
-424
-56
-453
-85
-482
-114
-511
-143
-540
-172
-569
-201
-598
280
-1392
1526
-1421
1497
-1450
2743
-969
1184
-998
1155
-1027
1126
-1056
1097
-1085
1068
-1369
19
387
-10
358
-39
329
-68
300
-97
271
-126
242
-155
213
-184
184
-213
155
-242
126
-271
97
-300
1343
181
-216
152
-245
123
-274
94
-303
65
178
-729
1424
-758
1395
-787
1366
-816
1337
-845
1308
-874
1279
-903
1250
-932
1221
-961
1192
-990
1163
-1019
1134
-1048
1105
-1077
1076
169
1557
-1390
1528
-1419
1499
-1448
1470
-1477
1441
-1506
1412
-1535
1383
-1564
1354
-1593
1325
-1622
1296
-1651
1267
-1680
1238
-1199
444
47
415
18
386
-11
357
-40
328
-69
299
-98
1545
383
-14
354
-43
325
-72
296
-101
267
-130
238
-159
209
-188
180
-217
151
-851
1305
-874
1282
-897
1259
-920
1236
-943
1213
309
1700
-1244
1677
-1267
1654
-1290
1631
-1313
1608
-1336
1585
-1359
1562
-1382
1539
-1405
1516
-1428
1493
-1451
2745
-1219
172
543
149
520
126
497
103
474
80
451
-453
1193
-1751
1170
-1774
1147
-1797
2399
-1310
846
-1333
823
-1356
800
-1379
777
-1402
754
-1425
731
-1448
708
-1471
685
-1749
-358
1288
129
-265
106
-288
83
-311
60
-334
37
-357
14
-380
-9
-403
-32
-426
-55
-449
-78
-472
1174
15
-379
-8
-402
-31
-425
-54
-448
-77
-471
-100
-494
-123
-772
-1166
990
-1189
967
63
1454
-1490
1431
-1513
1408
-1536
1385
-1559
1362
-1582
1339
-1605
1316
-1628
1293
-1651
1270
-1674
2522
-1187
969
-1210
946
-1233
923
-1256
900
-1279
877
-1302
854
-1580
-189
182
-212
159
-235
1411
252
-142
229
-165
206
-188
183
-211
160
-234
137
-257
114
-280
91
-303
68
-326
45
-349
1297
138
-256
115
-279
92
-302
69
-580
-974
1182
-997
1159
-1020
1136
-1043
1113
-1066
1090
186
1577
-1367
1554
-1390
1531
-1413
1508
-1436
1485
-1459
1462
-1482
1439
-1505
1416
-1528
1393
-1551
2645
-1064
1092
-1087
1069
-1110
1046
-1388
3
374
-20
351
-43
328
-66
305
-89
282
-112
259
-135
1511
352
-42
329
-65
306
-88
283
-111
260
-134
237
-157
214
-180
191
-203
168
-226
1420
261
-133
238
-411
-805
1351
-828
1328
-851
1305
-874
1282
-897
1259
-920
1236
-943
1213
309
1700
-1244
1677
-1267
1654
-1290
1631
-1313
1608
-1336
1585
-1359
1562
-1382
1539
-1405
1516
-1428
1493
-1451
2745
-1219
172
543
149
520
126
497
103
474
80
451
-453
1193
-1751
1170
-1774
1147
-1797
2399
-1310
846
-1333
823
-1356
800
-1379
777
-1402
754
-1425
731
-1448
708
-1471
685
-1749
-358
1288
129
-265
106
-288
83
-311
60
-334
37
-357
14
-380
-9
-403
-32
-426
-55
-449
-78
-472
1174
15
-379
-8
-402
-31
-425
-54
-448
-77
-471
-100
-494
-123
-772
-1166
990
-1189
967
63
1454
-1490
1431
-1513
1408
-1536
1385
-1559
1362
-1582
1339
-1605
1316
-1628
1293
-1651
1270
-1674
2522
-1187
969
-1210
946
-1233
923
-1256
900
-1279
877
-1302
854
-1580
-189
182
-212
159
-235
1411
252
-142
229
-165
206
-188
183
-211
160
-234
137
-64
-455
-81
-472
1177
21
-370
4
-387
-13
-659
-1050
1109
-1067
1092
-1084
1075
174
1568
-1373
1551
-1390
1534
-1407
1517
-1424
1500
-1441
1483
-1458
2741
-1220
-336
1313
-1628
1296
-1645
1279
-1662
1262
-1679
1245
-1696
2503
-1203
956
-1220
939
-1237
922
-1509
-115
259
-132
242
-149
1500
344
-47
327
-64
310
-81
293
-98
276
-115
-251
633
-1798
-404
1245
89
-302
72
-319
55
-336
38
-353
21
-370
4
-387
1262
106
-285
89
-302
72
-574
-965
1194
-982
1177
-999
1160
259
1653
-1288
1636
-1305
1619
-1322
1092
-574
-200
-591
-217
-863
21
1415
-1526
1398
-1543
1381
-1560
1364
-1577
1347
-1594
1330
-1611
2588
-1118
1041
-1135
1024
-1407
-13
361
-30
344
-47
327
-64
310
-81
1568
412
21
-115
769
-1407
752
-1424
735
-1696
-302
72
-319
1330
174
-217
157
-234
140
-251
123
-268
106
-285
89
-302
1347
191
-200
174
-472
-863
1296
-880
1279
-897
1262
-914
735
1109
-47
-438
-64
-455
-81
-472
-98
-489
-115
-761
-1152
1007
106
1500
-1441
1483
-1458
1466
-1475
1449
-1492
1432
-1509
1415
-1526
1398
-1543
2656
-1305
89
463
72
446
55
429
-472
1177
-1764
1160
-1781
2418
-1288
871
-1305
854
-1322
837
-1339
820
-1611
-217
157
-234
1415
259
-132
242
-149
225
-166
208
-183
191
-200
174
-217
1432
276
-370
-761
1398
-778
871
-30
-421
-47
-438
-64
-455
-81
-472
1177
21
-370
4
-387
-13
-659
-1050
1109
-1067
1092
-1084
1075
174
1568
-1373
1551
-1390
1534
-1407
1517
-1424
1500
-1441
1483
-1458
2741
-1220
-336
1313
-1628
1296
-1645
1279
-1662
1262
-1679
1245
-1696
2503
-1203
956
-1220
939
-1237
922
-1509
-115
259
-132
242
-149
1500
344
-47
327
-64
310
-81
293
-98
276
-115
-251
633
-1798
-404
1245
89
-302
72
-319
55
-336
38
-353
21
-370
4
-387
1262
106
-285
89
-302
72
-574
-965
1194
-982
1177
-999
1160
259
1653
-1288
1636
-1305
1619
-1322
1092
-574
-200
-591
-217
-863
21
1415
-1526
1398
-1543
1381
-1560
1364
-1577
1347
-1594
1330
-1611
2588
-1118
1041
-1135
1024
-1407
-13
361
-30
344
-47
327
-64
310
-81
1568
412
21
-115
769
-1407
752
-1424
735
-1696
-302
72
-319
1330
174
-217
157
-234
140
-251
123
1233
80
-308
69
-574
-962
1200
-973
1189
291
1178
-485
-108
-496
-119
-507
-130
-773
-1161
1001
103
1500
-1438
1489
-1449
1478
-1460
1467
-1471
2731
-1227
-340
1312
-1626
1301
-1637
1290
-1648
1279
-1659
2543
-1160
1002
-1426
-29
348
-40
337
-51
326
-572
2355
-1348
814
-1359
803
-1625
-228
149
-239
1413
260
-128
249
-139
238
-150
227
-161
-294
593
-560
72
-316
61
-327
50
-338
39
-349
1303
150
-238
139
-504
-892
1270
-903
1259
-914
738
1115
-38
-426
-49
-437
-60
-703
-1091
1071
-1102
1060
162
1559
-1379
1548
-1390
1537
-1401
1016
-902
-15
1382
-1556
1371
-1567
1360
-1578
1349
-1589
1338
-1600
2602
-1356
41
418
30
407
-491
1161
-1777
2425
-1278
884
-1289
873
-1300
862
-1566
-169
208
-180
1472
319
-69
308
-80
-213
674
-1499
663
-1765
-368
1284
131
-257
120
-268
109
-279
98
-290
1362
209
-434
-822
1340
-833
819
-79
-467
-90
-478
1174
21
-367
10
-633
-1021
1141
-1032
1130
232
1629
-1309
1618
-1320
1097
-566
-189
-832
-1220
942
44
1441
-1497
1430
-1508
1419
-1519
1408
-1530
1397
-1541
2661
-1297
-410
1242
-1696
1231
-1707
1220
-1718
2484
-1219
943
-1230
932
-1496
-99
278
-110
267
-121
1531
378
-10
-143
744
-1429
733
-1695
-298
1354
201
-187
190
-198
179
-209
168
-220
157
-231
1166
-752
900
2
-386
-9
-397
-20
-408
-31
-419
1233
80
-308
69
-574
-962
1200
-973
1189
291
1178
-485
-108
-496
-119
-507
-130
-773
-1161
1001
103
1500
-1438
1489
-1449
1478
-1460
1467
-1471
2731
-1227
-340
1312
-1626
1301
-1637
1290
-1648
1279
-1659
2543
-1160
1002
-1426
-29
348
-40
337
-51
326
-572
2355
-1348
814
-1359
803
-1625
-228
149
-239
1413
260
-128
249
-139
238
-150
227
-161
-294
593
-560
72
-316
61
-327
50
-338
39
-349
1303
150
-238
139
-504
-892
1270
-903
1259
-914
738
1115
-38
-426
-49
-437
-60
-703
-1091
1071
-1102
1060
162
1559
-1379
1548
-1390
1537
-1401
1016
-902
-15
1382
-1556
1371
-1567
1360
-1578
1349
-1589
1338
-1600
2602
-1356
41
418
30
407
-491
1161
-1777
2425
-1278
884
-1289
873
-1300
862
-1566
-169
208
-180
1472
319
-69
308
-80
-213
674
-1499
663
-1765
-368
1284
131
-257
120
-268
109
-530
-915
1250
-920
735
1115
-35
-420
-40
-680
-1065
1100
-1070
1095
200
1600
-1335
1085
-575
-195
-835
55
1455
-1480
1450
-1485
1445
-1490
1440
-1750
1180
1305
-1630
1300
-1635
1295
-1640
2565
-1135
1030
-1395
5
385
-510
1145
-1790
2415
-1285
880
-1290
875
-1550
-150
230
-155
1500
-160
730
-1440
725
-1700
-300
1355
205
-180
200
-185
195
-190
190
-195
695
55
-330
50
-335
45
-340
1315
165
-475
-860
1305
-865
790
-105
-490
1165
15
-370
10
-630
-1015
1150
-1020
1145
250
1140
-520
-140
-525
-145
-785
105
1505
-1430
1500
-1435
1495
-1440
980
-935
-45
1355
-1580
1350
-1585
1345
-1590
1340
-1595
2610
-1345
-455
1200
-1735
1195
-1740
2465
-1235
930
-1495
-95
285
-100
280
-105
1550
-110
780
-1390
775
-1650
-250
1405
255
-130
250
-135
245
-140
-270
620
-530
105
-280
100
-285
95
-290
90
-295
1105
-810
845
-50
-435
-55
-440
1215
65
-320
60
-580
-965
1200
-970
685
1065
-85
-470
-90
-730
-1115
1050
155
1555
-1380
1550
-1385
1035
-625
-245
-885
5
1405
-1530
1400
-1535
1395
-1540
1390
-1545
2660
-1295
-405
1250
-1685
1245
-1690
2515
-1185
980
-1445
-45
335
-50
330
-565
2365
-1335
830
-1340
825
-1600
-200
180
-205
1450
300
-85
-215
675
-1750
-350
1305
155
-230
150
-235
145
-240
140
-245
645
5
-380
0
-385
-5
-390
1265
115
-270
110
-530
-915
1250
-920
735
1115
-35
-420
-40
-680
-1065
1100
-1070
1095
200
1600
-1335
1085
-575
-195
-835
55
1455
-1480
1450
-1485
1445
-1490
1440
-1750
1180
1305
-1630
1300
-1635
1295
-1640
2565
-1135
1030
-1395
5
385
-510
1145
-1790
2415
-1285
880
-1290
875
-1550
-150
230
-155
1500
-160
730
-1440
725
-1700
-300
1355
205
-180
200
-185
195
-190
190
-195
695
55
-330
50
-335
45
-340
1315
165
-475
-860
1305
-865
790
-105
-490
1165
15
-370
10
-630
-1015
1150
-1020
1145
250
1140
-520
-140
-525
-145
-785
105
1505
-1430
1500
-1435
1495
-1440
980
-935
-45
1355
-1580
1350
-1585
1345
-1590
1340
-1595
2610
-1345
-455
1200
-1735
1195
-1740
2465
-1235
930
-1495
-95
285
-100
280
-105
1550
-110
780
-1390
775
-1650
-250
1405
255
-130
250
-135
245
-140
-270
620
-530
105
-280
100
-285
95
767
1150
3
-379
4
-633
-1015
1153
261
1154
-503
-120
-502
-119
-756
137
1540
-1392
1541
-1391
1032
-880
13
1416
-1516
1417
-1515
1418
-1514
2184
-493
-1640
1293
-1639
1294
-1638
2570
-1382
21
404
-488
1170
-1762
2446
-1251
917
-1505
-102
281
-101
1557
-100
793
-1374
794
-1628
-225
1433
286
-96
-223
670
-1752
-349
1309
162
-220
163
-219
164
-218
675
38
-344
39
-343
40
-342
1061
-851
807
-85
-467
-84
-466
1192
45
-592
-974
1194
-973
685
1068
-79
-461
-78
-715
-1097
1071
179
1582
-1350
1073
-839
-1221
947
55
1458
-1474
1459
-1473
950
-962
-69
1334
-1598
1335
-1597
1336
-1596
2612
-1340
-447
1211
-1721
1212
-1720
2488
-1464
-61
322
-570
2363
-1334
834
-1333
835
-1587
-184
1474
327
-55
-182
711
-1711
-308
1350
203
-179
204
-178
205
-177
716
79
-303
80
-302
81
-301
1357
210
-937
-44
-426
-43
-425
1233
86
-551
-933
1235
-932
726
1109
-38
-420
-37
-674
-1056
1112
220
1113
-544
-161
-798
-1180
988
96
1499
-1433
1500
-1432
991
-921
-28
1375
-1557
1376
-1556
1377
-1555
2653
-1299
-406
1252
-1680
1253
-1679
2529
-1423
-20
363
-529
1129
-1803
2405
-1292
876
-1546
-143
240
-142
1516
-141
752
-1415
753
-1669
-266
1392
245
-137
-264
629
-1793
-390
1268
121
-261
122
-260
123
-259
634
-3
-385
-2
-384
-1
-383
1020
-892
1276
-891
767
1150
3
-379
4
-633
-1015
1153
261
1154
-503
-120
-502
-119
-756
137
1540
-1392
1541
-1391
1032
-880
13
1416
-1516
1417
-1515
1418
-1514
2184
-493
-1640
1293
-1639
1294
-1638
2570
-1382
21
404
-488
1170
-1762
2446
-1251
917
-1505
-102
281
-101
1557
-100
793
-1374
794
-1628
-225
1433
286
-96
-223
670
-1752
-349
1309
162
-220
163
-219
164
-218
675
38
-344
39
-343
40
-342
1061
-851
807
-85
-467
-84
-466
1192
45
-592
-974
1194
-973
685
1068
-79
-461
-78
-715
-1097
1071
179
1582
-1350
1073
-839
-1221
947
55
1458
-1474
1459
-1473
950
-962
-69
1334
-1598
1335
-1597
1336
-1596
2612
-1340
-447
1211
-1721
1212
-1720
2488
-1464
-61
322
-570
2363
-1334
834
-1333
835
-1587
-184
1474
327
-55
-182
711
-1711
-308
1350
203
-179
204
-178
205
-177
716
79
-303
80
-302
81
24
-610
-989
1182
-982
679
1065
-79
-713
-1092
1079
190
1596
-1333
1093
-816
-1195
976
87
1493
-1436
990
-919
-23
1383
-1546
1390
-1539
1397
-1787
1149
1280
-1649
1287
-1642
2569
-1380
-484
1177
-1752
1184
-1745
2466
-1483
-77
309
-580
2356
-1338
833
-1586
-180
206
-173
1488
-166
730
-1689
-283
1378
234
-145
-269
627
-1792
-386
1275
131
-248
138
-241
655
21
-358
28
-351
1310
166
-978
-82
-461
-75
-454
1207
63
-571
-950
711
1097
-47
-426
-40
-674
-1053
1118
229
1125
-529
-143
-777
119
1525
-1404
1022
-632
-246
-880
16
1422
-1507
1429
-1500
2201
-473
-1617
1319
-1610
1326
-1603
2608
-1341
-445
1216
-1713
2498
-1196
975
-1444
-548
1113
-1816
2395
-1554
-148
238
-141
1520
-134
762
-1657
-251
135
-244
1417
-237
659
-1760
-354
1307
163
-216
170
-209
-588
-457
1204
60
-319
67
-312
1094
-815
846
-43
-422
1239
95
-539
-918
743
-146
-525
1136
-8
-642
-1021
1150
261
1157
-497
-111
-745
-1124
1047
158
1054
-600
-214
-848
48
1454
-1475
1461
-1468
958
-951
-55
1351
-1578
1358
-1571
2640
-1309
-413
1248
-1681
1255
-1674
2537
-1412
-516
1145
-1784
2427
-1267
904
-1515
-109
277
-612
2324
-1370
801
-1618
-212
1449
305
-74
-198
698
-1721
-315
1346
202
-177
-301
595
-549
92
-287
99
-280
1381
237
-907
-11
-390
-4
-383
1278
134
-1010
-114
-493
1168
24
-610
-989
1182
-982
679
1065
-79
-713
-1092
1079
190
1596
-1333
1093
-816
-1195
976
87
1493
-1436
990
-919
-23
1383
-1546
1390
-1539
1397
-1787
1149
1280
-1649
1287
-1642
2569
-1380
-484
1177
-1752
1184
-1745
2466
-1483
-77
309
-580
2356
-1338
833
-1586
-180
206
-173
1488
-166
730
-1689
-283
1378
234
-145
-269
627
-1792
-386
1275
131
-248
138
-241
655
21
-358
28
-351
1310
166
-978
-82
-461
-75
-454
1207
63
-571
-950
711
1097
-47
-426
-40
-674
-1053
1118
229
1125
-529
-143
-777
119
1525
-1404
1022
-632
-246
-880
16
1422
-1507
1429
-1500
2201
-473
-1617
1319
-1610
1326
-1603
2608
-1341
-445
1216
-1713
2498
-1196
975
-1444
-548
1113
-1816
2395
-1554
-148
238
-141
1520
-134
762
-1657
-251
135
-244
1417
-237
659
-1760
-354
1307
163
-216
170
-209
-588
-457
1204
60
-319
67
-974
690
-196
-572
1092
-49
-680
-1056
608
997
-144
-775
-1151
1023
137
1036
-615
-226
-857
42
1451
-1475
954
-952
-53
1356
-1570
1369
-1557
2147
-524
-1665
1274
-1652
2562
-1384
-485
1179
-1747
2467
-1224
950
-1466
-567
1097
-1829
2385
-1561
-152
237
-649
2290
-1401
773
-1643
-234
1430
-221
678
-1738
-329
1335
194
-182
-303
596
-545
99
-277
112
-264
635
4
-372
17
-359
1050
-856
808
-78
-454
1210
69
-562
-938
726
1115
-26
-657
-1033
1141
255
1154
-497
-108
-739
-1115
1059
173
1072
-834
-1210
964
78
1487
-1439
990
-916
-17
1392
-1534
1405
-1776
1163
1297
-1629
1310
-1616
2598
-1348
-449
1215
-1711
2503
-1443
-34
355
-531
2408
-1283
891
-1525
-626
2313
-1378
796
-1620
-211
1453
-198
701
-1460
714
-427
217
-159
-280
619
-1797
-388
1276
135
-241
-362
537
-604
40
-336
53
-323
576
-55
-431
-42
-418
991
-915
749
-137
-513
1151
10
-621
-997
667
1056
-85
-716
-1092
1082
196
1095
-556
-167
-798
101
1510
-1416
1013
-893
6
1415
-1511
1428
-1498
2206
-465
-1606
1333
-1593
1346
-1835
1104
1238
-1688
1251
-1675
2539
-1407
-508
1156
-1770
2444
-1502
-93
296
-590
2349
-1342
832
-1584
-175
1489
-162
737
-1679
-270
1394
253
-123
-244
655
-486
158
-218
171
-205
694
63
-313
76
-300
1109
-797
867
-19
-395
-6
-382
1027
-879
785
-101
-477
932
-974
690
-196
-572
1092
-49
-680
-1056
608
997
-144
-775
-1151
1023
137
1036
-615
-226
-857
42
1451
-1475
954
-952
-53
1356
-1570
1369
-1557
2147
-524
-1665
1274
-1652
2562
-1384
-485
1179
-1747
2467
-1224
950
-1466
-567
1097
-1829
2385
-1561
-152
237
-649
2290
-1401
773
-1643
-234
1430
-221
678
-1738
-329
1335
194
-182
-303
596
-545
99
-277
112
-264
635
4
-372
17
-359
1050
-856
808
-78
-454
1210
69
-562
-938
726
1115
-26
-657
-1033
1141
255
1154
-497
-108
-739
-1115
1059
173
1072
-834
-1210
964
78
1487
-1439
990
-916
-17
1392
-1534
1405
-1776
1163
1297
-1629
1310
-1616
2598
-1348
-449
1215
-1711
2503
-1443
-34
355
-531
2408
-1283
891
-1525
-626
2313
-1378
796
-1620
-211
1453
-198
701
-1460
714
-427
217
-159
-280
619
-1797
-388
1276
135
-241
-362
537
-604
40
-336
53
-187
-560
1107
-31
-659
-1032
635
1027
-111
-739
163
1065
-583
-191
-819
83
1495
-1428
1004
-899
3
1415
-1508
924
-979
-77
1335
-1588
1354
-1824
1118
1255
-1668
1274
-1904
1038
1175
-1748
2469
-1474
-62
330
-553
2389
-1299
878
-1535
-633
2309
-1379
798
-1615
-203
1464
-184
718
-1695
-283
1384
-264
638
-500
147
-226
166
-207
695
67
-306
86
-287
615
-13
-386
6
-367
535
-93
-466
-74
-447
965
-938
729
-154
-527
885
-1018
649
1041
-97
-725
-1098
1079
196
1098
-550
-158
-786
116
1018
-630
-238
-866
36
1448
-1475
957
-946
-44
1368
-1555
2152
-516
-1654
1288
-1635
2582
-1361
-459
1208
-1715
2502
-1441
-539
1128
-1795
2422
-1521
-109
283
-600
2342
-1601
-189
203
-680
2262
-1681
-269
1398
260
-113
-486
-349
1318
180
-193
-311
591
-547
100
-273
119
-254
648
20
-353
39
-334
568
-60
-433
1234
96
-1042
-140
-513
1154
16
-612
-985
682
1074
-64
-692
-1065
602
994
-144
-772
-1145
1032
149
1051
-852
-1225
952
69
971
-932
-30
1382
-1541
1401
-1777
1165
1302
-1621
1321
-1602
2105
-563
-1701
1241
-1682
2535
-1408
-506
1161
-1762
2455
-1488
-586
2356
-1332
845
-1568
-156
1511
-137
765
-1648
-236
1431
-217
685
-1728
-316
1351
213
-160
-533
-396
1271
133
-240
-613
-476
1191
53
-320
582
-46
-419
-27
-400
1267
129
-1009
-107
-480
1187
49
-1089
-187
-560
1107
-31
-659
-1032
635
1027
-111
-739
163
1065
-583
-191
-819
83
1495
-1428
1004
-899
3
1415
-1508
924
-979
-77
1335
-1588
1354
-1824
1118
1255
-1668
1274
-1904
1038
1175
-1748
2469
-1474
-62
330
-553
2389
-1299
878
-1535
-633
2309
-1379
798
-1615
-203
1464
-184
718
-1695
-283
1384
-264
638
-500
147
-226
166
-207
695
67
-306
86
-287
615
-13
-386
6
-367
535
-93
-466
-74
-447
965
-938
729
-154
-527
885
-1018
649
1041
-97
-725
-1098
1079
196
1098
-550
-158
-786
116
1018
-630
-238
-866
36
1448
-1475
957
-946
-44
1368
-1555
2152
-516
-1654
1288
-1635
2582
-1361
-459
1208
-1715
2502
-1441
-539
1128
-1795
2422
-1521
-109
283
-600
2342
-1601
-189
203
-680
2262
-1681
-269
1398
260
-113
-486
-349
1318
180
-193
-311
591
-547
100
-273
119
-254
648
20
-353
39
1110
-25
-650
-1020
650
1045
-90
-715
190
1095
-805
-1175
1005
125
1030
-870
35
1450
-1470
965
-935
-30
1385
-1535
900
-1000
-95
1320
-1600
2110
-555
-1690
1255
-1665
2045
-620
-1755
2465
-1475
-570
1100
-1820
2400
-1540
-125
270
-610
2335
-1605
-190
1480
-165
740
-1670
-255
1415
-230
675
-460
190
-180
-550
-410
1260
125
-245
-615
-475
1195
60
-310
595
-30
-400
-5
-375
530
-95
-465
1205
70
-1065
-160
-530
1140
5
-1130
1050
-85
-710
-1080
590
985
-150
-775
-1145
1035
155
1060
-840
65
1480
-1440
995
-905
0
1415
-1505
2205
-460
-1595
1350
-1825
1120
1260
-1660
1285
-1890
1055
1195
-1725
2495
-1445
-540
1130
-1790
2430
-1510
-605
2340
-1345
835
-1575
-670
2275
-1410
770
-1640
-735
2210
-1730
-315
1355
-290
615
-1795
-380
1290
155
-215
690
65
-305
90
-280
625
0
-370
1300
165
-970
-65
-435
980
-920
750
-130
-500
915
-985
685
1080
-55
-680
-1050
620
1015
-120
-745
160
1065
-580
-185
-810
95
1000
-645
-250
-875
30
935
-965
-60
1355
-1565
870
-1030
-125
1290
-1630
2590
-1350
-445
1225
-1695
2525
-1415
-510
1160
-1760
2460
-1480
-575
2370
-1570
-155
240
-640
2305
-1635
-220
1450
-195
710
-1700
-285
1385
-260
645
-1765
-350
1320
-325
580
-555
95
-275
-390
515
-620
30
-340
565
-60
-430
-35
-405
1010
-890
780
1175
40
-585
-955
715
1110
-25
-650
-1020
650
1045
-90
-715
190
1095
-805
-1175
1005
125
1030
-870
35
1450
-1470
965
-935
-30
1385
-1535
900
-1000
-95
1320
-1600
2110
-555
-1690
1255
-1665
2045
-620
-1755
2465
-1475
-570
1100
-1820
2400
-1540
-125
270
-610
2335
-1605
-190
1480
-165
740
-1670
-255
1415
-230
675
-460
190
-180
-550
-410
1260
125
-245
-615
-475
1195
60
-310
595
-30
-400
-5
-375
530
-95
-465
1205
70
-1065
-160
-530
1140
5
-1130
1050
-85
-710
-1080
590
985
-150
-775
-1145
1035
155
1060
-840
65
1480
-1440
995
-905
0
1415
-1505
2205
-460
-1595
1350
-1825
1120
1260
-1660
1285
-1890
1055
1195
-1725
2495
-1445
-540
1130
-1790
2430
-1510
-605
2340
-1345
835
-1575
-670
2275
-1410
770
-1640
-735
2210
-1730
-315
1355
-290
615
-1795
-380
1290
155
-215
690
65
-305
90
-280
625
0
-370
1300
-653
-1020
653
1051
-81
-703
205
1113
-784
-1151
522
920
-212
-834
74
982
-915
-7
1411
-1506
932
-965
-57
1361
-1556
2157
-505
-1637
1311
-1861
1087
1230
-1687
2536
-1401
-493
2455
-1482
-574
1099
-1818
2405
-1532
-624
2324
-1358
825
-1582
-674
2274
-1663
-245
1428
-214
694
-1713
-295
1378
-519
-376
1297
-345
563
-569
84
-283
-395
513
-619
34
-333
575
-47
-414
-16
-383
525
-97
-464
954
-943
730
1128
-4
-626
-993
680
823
-1074
599
997
-135
-757
-1124
549
947
-185
-807
101
1009
-888
20
1438
-1479
959
-938
-30
1388
-1784
1164
1307
-1610
828
-1069
-161
1257
-1660
2053
-609
-1741
2482
-1455
-547
1126
-1791
2432
-1505
-597
2351
-1586
-168
230
-647
2301
-1636
-218
1455
-187
721
-411
-268
640
-1767
-349
1324
-318
590
-542
111
-256
-623
-480
1193
61
-306
602
-20
-387
1031
-866
807
-70
-437
471
-151
-518
1155
23
-1109
-201
-568
850
-1047
626
1024
-108
-730
178
1086
-811
-1178
1005
128
1036
-861
47
1465
-1452
986
-911
-3
905
-992
-84
1334
-1583
2130
-532
-1664
1284
-1888
1060
1203
-1714
2509
-1428
-520
1153
-1764
2459
-1478
-570
2378
-1559
-651
2297
-1385
798
-1609
-701
2247
-1690
-272
1401
-241
667
-1740
-322
1351
-291
617
-515
138
-229
679
57
-310
88
-279
629
7
-360
548
-74
-441
-43
-410
498
-124
-491
927
-970
703
1101
-31
-653
-1020
653
1051
-81
-703
205
1113
-784
-1151
522
920
-212
-834
74
982
-915
-7
1411
-1506
932
-965
-57
1361
-1556
2157
-505
-1637
1311
-1861
1087
1230
-1687
2536
-1401
-493
2455
-1482
-574
1099
-1818
2405
-1532
-624
2324
-1358
825
-1582
-674
2274
-1663
-245
1428
-214
694
-1713
-295
1378
-519
-376
1297
-345
563
-569
84
-283
-395
513
-619
34
-333
575
-47
-414
-16
-383
525
-97
-464
954
-943
730
1128
-4
-626
-993
680
823
-1074
599
997
-135
-757
-1124
549
947
-185
-807
101
1009
-888
20
1438
-1479
959
-938
-30
1388
-1784
1164
1307
-1610
828
-1069
-161
1257
-1660
2053
-609
-1741
2482
-1455
-547
1126
-1791
2432
-1505
-597
2351
-1586
-168
230
-647
2301
-1636
-218
1455
-187
721
-411
-268
640
-1767
-349
1324
-318
590
-542
111
-256
-623
-480
1193
61
-306
602
-20
-387
1031
644
1045
-84
-703
208
1119
-775
-1139
537
938
-191
-810
101
1012
-882
29
940
-954
-43
1378
-1536
905
-989
-78
1343
-1826
1125
1271
-1643
2073
-586
-1715
2511
-1423
-512
1164
-2005
946
1092
-1822
2404
-1530
-619
2332
-1602
-181
1495
-144
767
-1637
-726
2225
-1709
-288
1388
-251
660
-469
-323
588
-541
115
-249
-613
-467
1209
80
-284
627
8
-356
555
-64
-428
1248
119
-1010
-99
-463
448
-171
-535
886
-1008
668
1069
-60
-1189
997
-132
-751
-1115
561
962
-167
-786
125
1036
-858
53
964
-930
-19
1402
-1512
929
-965
-54
857
-1037
-126
1295
-1619
2097
-562
-1691
2535
-1399
-488
1188
-1981
970
1116
-1798
2428
-1506
-595
2356
-1578
-667
2284
-1395
791
-1613
-702
2249
-1685
-264
1412
-482
-336
1340
-299
612
-517
139
-225
-589
-443
1233
-406
505
-624
32
-332
579
-40
-404
507
-112
-476
-75
-439
472
-147
-511
910
-984
692
1093
-36
-1165
1021
-108
-727
-1091
585
731
-1163
513
914
-215
-834
77
988
-906
5
1426
-1488
953
-941
-30
881
-1013
-102
1319
-1850
1101
1247
-1667
2049
-610
-1739
1212
-1957
994
1140
-1774
2452
-1482
-571
2380
-1554
-643
2308
-1626
-205
1471
-168
743
-1661
-750
2201
-1733
-312
1364
-275
636
-493
163
-201
710
91
-273
-637
-491
1185
56
-308
603
-16
-380
531
-88
-452
1224
95
-1034
-123
-487
424
-195
-559
862
-1032
644
1045
-84
-703
208
1119
-775
-1139
537
938
-191
-810
101
1012
-882
29
940
-954
-43
1378
-1536
905
-989
-78
1343
-1826
1125
1271
-1643
2073
-586
-1715
2511
-1423
-512
1164
-2005
946
1092
-1822
2404
-1530
-619
2332
-1602
-181
1495
-144
767
-1637
-726
2225
-1709
-288
1388
-251
660
-469
-323
588
-541
115
-249
-613
-467
1209
80
-284
627
8
-356
555
-64
-428
1248
119
-1010
-99
-463
448
-171
-535
886
-1008
668
1069
-60
-1189
997
-132
-751
-1115
561
962
-167
-786
125
1036
-858
53
964
-930
-19
1402
-1512
929
-965
-54
857
-1037
-126
1295
-1619
2097
-562
-1691
2535
-1399
-488
1188
-1981
970
1116
-1798
2428
-1506
-595
2356
-1578
-667
2284
-1395
791
-1613
-702
2249
-1685
-264
1412
-482
-336
1340
-299
612
-517
139
-225
-589
-443
1233
-406
505
-624
32
-332
579
-40
-404
507
-609
815
-1076
603
752
-1139
540
944
-182
-798
116
1030
-861
53
967
-924
-10
904
-987
-73
1351
-1560
2159
-497
-1623
821
-1070
-156
1268
-1898
1056
1205
-1961
993
1142
-1769
1950
-706
-1832
2397
-1534
-620
2334
-1597
-683
2271
-1660
-236
1443
-193
721
-405
-256
658
-1743
-319
1360
-531
-382
1297
-594
-445
1234
-402
512
-614
45
-316
598
-18
-379
535
-81
-442
982
-909
770
1174
48
-1078
1111
-15
-1141
-227
-588
836
-1055
624
773
-1118
561
965
-161
-777
137
1051
-840
74
988
-903
11
925
-966
-52
1372
-1539
2180
-476
-1602
842
-1049
-135
1289
-1877
1077
1226
-1940
1014
1163
-1748
1971
-685
-1811
2418
-1513
-599
2355
-1576
-662
2292
-1639
-215
1464
-172
742
-384
-235
679
-1722
-808
2146
-1785
-361
1318
-573
-424
1255
-381
533
-593
66
-295
619
3
-358
556
-60
-421
493
-123
-484
1195
69
-1057
1132
6
-1120
-206
-567
857
-1034
645
794
-1097
582
986
-140
-1266
923
-203
-819
95
1009
-882
32
946
-945
-31
1393
-1518
2201
-455
-1581
2138
-518
-1644
800
-1091
-177
1247
-1919
1035
1184
-1727
1992
-664
-1790
2439
-1492
-578
2376
-1555
-641
2313
-1618
-704
2250
-1681
-257
1422
-214
700
-1701
-787
2167
-1764
-340
1339
-552
-403
1276
-615
-466
1213
-423
491
-635
24
-337
577
-39
-400
514
-102
-463
961
-930
749
1153
27
-1099
-185
-546
368
-248
-609
815
-1076
603
752
-1139
540
944
-182
-798
116
1030
-861
53
967
-924
-10
904
-987
-73
1351
-1560
2159
-497
-1623
821
-1070
-156
1268
-1898
1056
1205
-1961
993
1142
-1769
1950
-706
-1832
2397
-1534
-620
2334
-1597
-683
2271
-1660
-236
1443
-193
721
-405
-256
658
-1743
-319
1360
-531
-382
1297
-594
-445
1234
-402
512
-614
45
-316
598
-18
-379
535
-81
-442
982
-909
770
1174
48
-1078
1111
-15
-1141
-227
-588
836
-1055
624
773
-1118
561
965
-161
-777
137
1051
-840
74
988
-903
11
925
-966
-52
1372
-1539
2180
-476
-1602
842
-1049
-135
1289
-1877
1077
1226
-1940
1014
1163
-1748
1971
-685
-1811
2418
-1513
-599
2355
-1576
-662
2292
-1639
-215
1464
-172
742
-384
-235
679
-1722
-808
2146
-1785
-361
1318
-573
-424
1255
-381
533
-593
66
-295
619
3
-358
556
-60
-421
493
-77
-1200
992
-131
-1254
938
-185
-798
119
1036
-852
65
982
-906
11
928
-960
-43
874
-1014
-97
1330
-1833
1124
1276
-1632
2090
-563
-1686
2036
-617
-1740
1982
-671
-1794
2438
-1490
-573
2384
-1544
-627
2330
-1598
-681
2276
-1652
-735
2222
-1706
-279
1403
-485
-333
1349
-284
633
-490
-338
579
-544
-392
525
-598
64
-294
623
10
-348
569
-44
-402
515
-98
-456
461
-152
-510
917
-971
711
863
-1025
657
1064
-59
-1182
1010
-113
-1236
956
-167
-780
137
1054
-834
83
1000
-888
29
946
-942
-25
892
-996
-79
1348
-1815
1142
1294
-1614
2108
-545
-1668
2054
-599
-1722
2000
-653
-1776
2456
-1472
-555
2402
-1526
-609
2348
-1580
-663
2294
-1634
-717
2240
-1688
-261
1421
-467
-315
1367
-266
651
-472
-320
597
-526
-374
543
-580
82
-276
641
28
-330
587
-26
-384
533
-80
-438
479
-134
-492
935
-953
729
881
-1007
675
1082
-41
-1164
1028
-95
-1218
974
-149
-762
155
1072
-816
101
1018
-870
47
964
-924
-7
910
-978
-61
1366
-1797
1160
1312
-1851
1106
1258
-1650
2072
-581
-1704
2018
-635
-1758
2474
-1454
-537
2420
-1508
-591
2366
-1562
-645
2312
-1616
-699
2258
-1670
-753
2204
-1724
-297
1385
-248
669
-454
-302
615
-508
-356
561
-562
-410
507
-616
46
-312
605
-8
-366
551
-62
-420
497
-116
-474
443
-170
-528
899
-989
693
1100
-23
-1146
1046
-77
-1200
992
-131
-1254
938
-185
-798
119
1036
-852
65
982
-906
11
928
-960
-43
874
-1014
-97
1330
-1833
1124
1276
-1632
2090
-563
-1686
2036
-617
-1740
1982
-671
-1794
2438
-1490
-573
2384
-1544
-627
2330
-1598
-681
2276
-1652
-735
2222
-1706
-279
1403
-485
-333
1349
-284
633
-490
-338
579
-544
-392
525
-598
64
-294
623
10
-348
569
-44
-402
515
-98
-456
461
-152
-510
917
-971
711
863
-1025
657
1064
-59
-1182
1010
-113
-1236
956
-167
-780
137
1054
-834
83
1000
-888
29
946
-942
-25
892
-996
-79
1348
-1815
1142
1294
-1614
2108
-545
-1668
2054
-599
-1722
2000
-653
-1776
2456
-1472
-555
2402
-1526
-609
2348
-1580
-663
2294
-1634
-717
2240
-1688
-261
1421
-467
-315
1367
-266
651
-472
-320
597
-526
-374
543
-580
82
-276
641
28
-330
587
-26
-384
533
-80
-438
479
-1075
610
765
-1120
565
720
110
1030
-855
65
985
-900
20
940
-945
-25
895
-990
-70
850
-1035
-115
805
-1080
-160
1270
-1890
1070
1225
-1935
1025
1180
-1980
980
2410
-1515
-595
2365
-1560
-640
2320
-1605
-685
2275
-1650
-730
2230
-1695
-775
2185
-1740
-820
2140
-1785
-355
1330
-555
-400
1285
-600
-445
1240
630
20
-335
585
-25
-380
540
-70
-425
495
-115
-470
450
-160
-515
405
-205
-560
360
-250
-605
825
-1060
625
780
-1105
580
735
125
1045
-840
80
1000
-885
35
955
-930
-10
910
-975
-55
865
-1020
-100
820
-1065
-145
1285
-1875
1085
1240
-1920
1040
1195
-1965
995
2425
-1500
-580
2380
-1545
-625
2335
-1590
-670
2290
-1635
-715
2245
-1680
-760
2200
-1725
-805
2155
-1770
-340
1345
-540
-385
1300
-585
-430
1255
-630
-475
1210
600
-10
-365
555
-55
-410
510
-100
-455
465
-145
-500
420
-190
-545
375
-235
-590
840
-1045
640
795
-1090
595
750
-1135
550
705
95
1015
-870
50
970
-915
5
925
-960
-40
880
-1005
-85
835
-1050
-130
790
-1095
-175
1255
-1905
1055
1210
-1950
1010
1165
-1995
965
2395
-1530
-610
2350
-1575
-655
2305
-1620
-700
2260
-1665
-745
2215
-1710
-790
2170
-1755
-325
1360
-525
-370
1315
-570
-415
1270
-615
-460
1225
615
5
-350
570
-40
-395
525
-85
-440
480
-130
-485
435
-175
-530
390
-220
-575
855
-1030
655
810
-1075
610
765
-1120
565
720
110
1030
-855
65
985
-900
20
940
-945
-25
895
-990
-70
850
-1035
-115
805
-1080
-160
1270
-1890
1070
1225
-1935
1025
1180
-1980
980
2410
-1515
-595
2365
-1560
-640
2320
-1605
-685
2275
-1650
-730
2230
-1695
-775
2185
-1740
-820
2140
-1785
-355
1330
-555
-400
1285
-600
-445
1240
630
20
-335
585
-25
-380
540
-70
-425
495
-115
-470
450
-160
-515
405
-205
-560
360
-250
-605
825
-1060
625
780
-1105
580
735
125
1045
-840
80
1000
-885
35
955
-930
-10
910
-975
-55
865
-1020
-100
820
-1065
-145
1285
-1875
1085
1240
-1920
1040
1195
-1965
995
2425
-1500
-580
2380
-1545
-625
2335
-1590
-670
2290
-1635
-715
2245
-1680
-760
2200
-1725
-805
2155
-1770
-340
1345
-540
-385
1300
-585
-430
1255
-630
-475
1210
600
-10
-365
555
-55
-410
510
-100
-455
465
987
-130
-1247
951
-166
-1283
660
-1222
466
624
17
940
-942
-19
904
-978
-55
868
-1014
-91
832
-1050
-127
796
-1086
-163
2035
-612
-1729
1999
-648
-1765
1963
-684
-2056
907
1065
-2092
871
2304
-1618
-695
2268
-1654
-731
2232
-1690
-767
2196
-1726
-803
2160
-487
-329
594
-523
-365
558
-559
-401
522
-595
-692
-534
1154
-728
-570
1118
511
-96
-448
475
-132
-484
439
-168
-520
403
-204
-556
367
1035
-82
-1199
999
-118
-1235
963
-154
-1271
672
-1210
478
636
-1246
442
600
-7
916
-966
-43
880
-1002
-79
844
-1038
-115
808
-1074
-151
2047
-600
-1717
2011
-636
-1753
1975
-672
-2044
919
1077
-2080
883
2316
-1606
-683
2280
-1642
-719
2244
-1678
-755
2208
-1714
-791
2172
-1750
-827
2136
-511
-353
570
-547
-389
534
-583
-425
498
-619
-716
-558
1130
523
-84
-436
487
-120
-472
451
-156
-508
415
-192
-544
379
-228
-580
343
1011
-106
-1223
975
-142
-1259
939
-178
-1295
648
-1234
454
612
5
928
-954
-31
892
-990
-67
856
-1026
-103
820
-1062
-139
2059
-588
-1705
2023
-624
-1741
1987
-660
-1777
1951
-696
-2068
895
1053
-2104
859
2292
-1630
-707
2256
-1666
-743
2220
-1702
-779
2184
-1738
-815
2148
-499
-341
582
-535
-377
546
-571
-413
510
-607
-704
-546
1142
535
-72
-424
499
-108
-460
463
-144
-496
427
-180
-532
391
-216
-568
355
1023
-94
-1211
987
-130
-1247
951
-166
-1283
660
-1222
466
624
17
940
-942
-19
904
-978
-55
868
-1014
-91
832
-1050
-127
796
-1086
-163
2035
-612
-1729
1999
-648
-1765
1963
-684
-2056
907
1065
-2092
871
2304
-1618
-695
2268
-1654
-731
2232
-1690
-767
2196
-1726
-803
2160
-487
-329
594
-523
-365
558
-559
-401
522
-595
-692
-534
1154
-728
-570
1118
511
-96
-448
475
-132
-484
439
-168
-520
403
-204
-556
367
1035
-82
-1199
999
-118
-1235
963
-154
-1271
672
-1210
478
636
-1246
442
600
-7
916
-966
-43
880
-1002
-79
844
-1038
-115
808
-1074
-151
2047
-600
-1717
2011
-636
-1753
1975
-672
-2044
919
1077
-2080
883
2316
-1606
-683
2280
-1642
-719
2244
-1678
-755
2208
-1714
-791
2172
-1750
-827
2136
-511
-353
570
-547
-389
534
-583
-425
498
-619
-716
-558
1130
523
-84
-436
487
-120
-472
451
754
-1125
566
727
123
1049
-1340
861
-253
-1367
579
-25
901
-978
-52
874
-1005
-79
847
-1032
-106
2095
-549
-1663
2068
-576
-1945
1021
1182
-1972
994
2430
-1489
-563
1893
-751
-1865
1866
-778
-2147
819
2255
-1664
-738
2228
-1691
-765
2201
-1718
-792
2174
-470
-564
-403
1288
-591
-430
1261
-618
-457
1234
630
-484
442
-672
-511
415
-699
482
-122
-471
455
-149
-498
428
-176
-525
401
1072
-42
-1156
790
-1089
602
763
-1116
575
736
132
1058
-1331
870
-244
-1358
843
-271
-1385
561
-43
883
-996
-70
856
-1023
-97
829
-1050
-124
2077
-567
-1936
1030
1191
-1963
1003
2439
-1480
-554
1902
-742
-1856
1875
-769
-2138
828
2264
-1655
-729
2237
-1682
-756
2210
-1709
-783
2183
-461
-300
626
-488
-582
-421
1270
-609
-448
1243
639
35
-314
612
-502
424
-690
-784
-623
1068
464
-140
-489
437
-167
-516
410
1081
-33
-1147
1054
-60
-1174
772
-1107
584
745
141
1067
-812
114
1040
-1349
852
-262
-1376
570
-34
892
-987
-61
865
-1014
-88
838
-1041
-115
2086
-558
-1927
1039
1200
-1954
1012
1173
-1981
985
2421
-1498
-572
1884
-760
-1874
1857
-787
-2156
810
2246
-1673
-747
2219
-1700
-774
2192
-452
-291
635
-479
-573
-412
1279
-600
-439
1252
648
44
-305
621
-493
433
-681
-775
-614
1077
473
-131
-480
446
-158
-507
419
-185
-534
392
1063
-51
-1165
781
-1098
593
754
-1125
566
727
123
1049
-1340
861
-253
-1367
579
-25
901
-978
-52
874
-1005
-79
847
-1032
-106
2095
-549
-1663
2068
-576
-1945
1021
1182
-1972
994
2430
-1489
-563
1893
-751
-1865
1866
-778
-2147
819
2255
-1664
-738
2228
-1691
-765
2201
-1718
-792
2174
-470
-564
-403
1288
-591
-430
1261
-618
-457
1234
630
-484
442
-672
-511
415
-699
482
-122
-471
455
-149
-498
428
-176
-525
401
1072
-42
-1156
790
-1089
602
763
-1116
575
736
132
1058
-1331
870
-244
-1358
843
-271
-1385
561
-43
883
-996
-70
856
-1023
-97
829
-1050
-124
2077
-567
-1936
1030
1191
-1963
1003
2439
-1480
-554
1902
-742
-1856
1875
-769
-2138
828
2264
-1655
-729
2237
-1682
-756
2210
-1709
-783
2183
-461
-300
626
-488
-582
-421
1270
-609
-448
1243
639
35
-314
612
-502
424
-690
-784
-623
1068
464
-140
-489
437
-1264
940
-171
-1282
667
66
995
-881
48
977
-1409
540
-61
868
-1008
-79
850
-1026
-97
2107
-534
-1900
1069
1233
-1918
1051
1980
-661
-1772
1962
-679
-2045
924
2363
-1553
-624
2345
-1571
-642
1817
451
-1680
-751
2218
-1698
-769
2200
-1716
-787
2182
-459
-550
-896
2073
-1843
-914
2055
-586
-422
507
-604
-695
-531
1163
562
-39
-385
544
-822
-658
1036
435
-166
-512
417
-184
-530
399
818
-1058
636
290
-311
-657
272
946
-165
-1276
673
-1203
491
655
54
983
-893
36
965
-1421
528
-73
856
-1020
-91
838
-1038
-109
2095
-546
-1912
1057
711
-1165
-236
1968
-673
-2039
930
1094
-2057
912
2351
-1565
-636
1823
-818
-2184
785
2224
-1692
-763
2206
-1710
-781
2188
-453
-544
-380
1314
-562
-908
2061
-580
-416
513
-598
-689
-525
1169
568
-33
-379
550
-561
368
-743
441
-160
-506
423
-178
-524
405
824
-1052
642
806
-1070
624
278
952
-159
-1270
679
-1197
497
661
60
989
-887
42
971
-1415
534
-67
862
-1014
-85
844
-1032
-103
2101
-540
-1906
1063
717
-1159
-230
1974
-667
-1778
1956
-685
-2051
918
2357
-1559
-630
2339
-1577
-648
1811
445
-1686
-757
2212
-1704
-775
2194
-447
-538
-374
1320
-556
-902
2067
-574
-410
519
-592
-683
-519
1175
574
-27
-373
556
-555
374
-737
447
-154
-500
429
-172
-518
411
1085
-26
-1137
812
-1064
630
284
958
-153
-1264
940
-171
-1282
667
66
995
-881
48
977
-1409
540
-61
868
-1008
-79
850
-1026
-97
2107
-534
-1900
1069
1233
-1918
1051
1980
-661
-1772
1962
-679
-2045
924
2363
-1553
-624
2345
-1571
-642
1817
451
-1680
-751
2218
-1698
-769
2200
-1716
-787
2182
-459
-550
-896
2073
-1843
-914
2055
-586
-422
507
-604
-695
-531
1163
562
-39
-385
544
-822
-658
1036
435
-166
-512
417
-184
-530
399
818
-1058
636
290
-311
-657
272
946
-165
-1276
673
-1203
491
655
54
983
-893
36
965
-1421
528
-73
856
-1020
-91
838
-1038
-109
2095
-546
-1912
1057
711
-1165
-236
1968
-673
-2039
930
1094
-2057
912
2351
-1565
-636
1823
-818
-2184
785
2224
-1692
-763
2206
-1710
-781
2188
-453
-544
-380
1314
-562
-908
2061
-580
-416
513
-598
-689
-525
1169
568
-33
-379
550
-561
368
-743
441
-160
-506
423
543
710
112
1044
-1339
613
-1260
437
604
6
938
-1445
507
-91
841
-1032
-100
832
-1041
-364
1078
735
-1138
-206
2001
-637
-2000
972
1139
-2009
963
1895
-743
-2106
866
2308
-1605
-673
2299
-1614
-937
760
2202
-1711
-779
2193
-1720
-788
2184
-454
-542
-885
2087
-551
-384
548
-560
-648
-481
1216
618
-490
442
-666
521
-77
-420
512
-596
336
-772
415
-183
-526
406
1083
-25
-1133
309
-289
-632
300
977
-131
-1239
713
115
1047
-1336
871
-237
-1345
607
9
941
-932
0
932
-1451
501
-97
835
-1038
-106
2101
-537
-1900
1072
729
-1144
-212
1995
-643
-2006
966
1898
-740
-1848
1889
-749
-2112
860
2302
-1611
-679
1783
420
-1708
-776
2196
-1717
-785
2187
-451
-539
-882
2090
-548
-381
551
-557
-645
-478
1219
621
-487
445
-663
-751
-584
1113
515
-83
-426
506
418
-180
-523
409
-189
-532
400
312
-286
-629
303
980
-128
-1236
716
-1157
540
197
874
-234
-1342
610
12
944
-929
3
935
-1448
504
-94
838
-1035
-103
2104
-534
-1897
1075
732
-1141
-209
1998
-640
-2003
969
1136
-2012
960
1892
-746
-2109
863
2305
-1608
-676
2296
-1617
-940
757
2199
-1714
-782
2190
-448
-536
-879
2093
-1820
-888
2084
-554
-642
-475
1222
624
-484
448
-660
-748
-581
1116
518
-80
-423
509
421
-177
-520
412
-186
-529
403
825
-1048
649
306
-292
-635
297
719
-1154
543
710
112
1044
-1339
613
-1260
437
604
6
938
-1445
507
-91
841
-1032
-100
832
-1041
-364
1078
735
-1138
-206
2001
-637
-2000
972
1139
-2009
963
1895
-743
-2106
866
2308
-1605
-673
2299
-1614
-937
760
2202
-1711
-779
2193
-1720
-788
2184
-454
-542
-885
2087
-551
-384
548
-560
-648
-481
1216
618
-490
442
-666
521
-77
-420
512
-596
336
-772
415
-183
-526
406
1083
-25
-1133
309
-289
-632
300
977
-131
-1239
713
115
1047
-1336
871
-237
-1345
607
9
941
-932
0
932
-1451
501
-97
835
-1038
-106
2101
-537
-1900
1072
729
-1144
-212
1995
-643
-2006
966
1898
-740
-1848
1889
-749
-2112
860
2302
-1611
-679
1783
420
-1708
-776
2196
-1717
-785
2187
-451
-539
-882
2090
-548
-381
551
-557
-645
-478
1219
621
-487
445
-663
-751
-584
1113
515
-83
-426
506
418
-180
-523
409
-200
-1305
650
55
990
-1390
820
-285
-1390
565
-30
905
-1475
480
-115
820
-1050
-115
2095
-1050
-1135
-200
2010
-625
-1985
990
650
-1220
-285
1925
-710
-2070
905
1840
-795
-2155
820
2265
-1645
-710
1755
395
-1730
-795
2180
-1730
-795
2180
-455
-540
-880
2095
-540
-625
-455
1245
650
-455
480
-625
565
-30
-370
565
-795
-625
1075
480
-115
-455
480
395
-200
-540
395
820
-1050
650
310
990
-115
-1220
735
-1135
565
225
650
-1220
480
650
55
990
-1390
565
-30
905
-965
-30
2180
-965
-1050
-115
820
-1050
-370
1075
735
-1135
-200
2010
-625
-1985
990
1925
-710
-2070
905
2350
-1560
-625
1840
-795
-2155
820
2265
-1645
-965
735
2180
-1730
-795
2180
-455
-540
-880
2095
-540
-625
-455
1245
650
-455
480
-625
-710
-540
1160
565
-540
395
-710
480
-115
-455
480
395
-200
-540
395
1075
-30
-1135
310
-285
-625
310
735
-1135
565
225
905
-200
-1305
650
55
990
-1390
565
-30
905
-965
-30
905
-1475
480
-115
820
-1050
-370
1075
735
-1135
-200
2010
-625
-1985
990
1925
-710
-1815
1925
-710
-2070
905
1840
-795
-2155
820
2265
-1645
-710
1755
395
-1730
-795
2180
-455
-540
-880
2095
-1815
-880
2095
-540
-625
-965
2010
-625
-710
-540
1160
565
-540
395
-710
480
-115
-455
480
-880
-710
990
395
-200
-540
395
310
-285
-625
310
990
-115
-1220
225
905
-200
-1305
650
55
990
-1390
820
-285
-1390
565
-30
905
-1475
480
-115
820
-1050
-115
2095
-1050
-1135
-200
2010
-625
-1985
990
650
-1220
-285
1925
-710
-2070
905
1840
-795
-2155
820
2265
-1645
-710
1755
395
-1730
-795
2180
-1730
-795
2180
-455
-540
-880
2095
-540
-625
-455
1245
650
-455
480
-625
565
-30
-370
565
-795
-625
1075
480
-115
-455
480
395
-200
-540
395
820
-1050
650
310
990
-115
-1220
735
-1135
565
225
650
-1220
480
650
55
990
-1390
565
-30
905
-965
-30
2180
-965
-1050
-115
820
-1050
-370
1075
735
-1135
-200
2010
-625
-1985
990
1925
-710
-2070
905
2350
-1560
-625
1840
-795
-2155
820
2265
-1645
-965
735
2180
-1730
-795
2180
-455
-540
-880
2095
-540
-625
-455
1245
650
-455
480
-625
-710
-540
1160
565
-540
395
-710
480
-115
-455
480
395
-200
-540
395
-1198
505
168
596
-1271
432
605
13
951
-1426
532
-60
878
-1499
459
-133
805
-1062
-379
1069
732
-1135
-452
996
659
-1208
-270
1943
-689
-2046
932
1870
-762
-2119
859
1797
-835
-2192
786
2234
-1673
-990
713
2161
-1746
-808
2170
-462
-544
-881
2097
-535
-617
-954
2024
-608
-690
-517
1186
594
-763
-590
1113
521
-581
357
-745
448
-144
-481
457
375
-217
-554
384
302
-290
-627
311
739
-1128
575
238
921
-181
-1283
165
848
-254
-1356
602
10
948
-1429
529
-63
875
-992
-309
1139
802
-1065
-127
2086
-1056
-1138
-200
2013
-619
-1976
1002
1940
-692
-2049
929
1867
-765
-2122
856
2304
-1603
-665
1803
446
-1676
-738
1730
373
-1749
-811
2167
-465
-547
-884
2094
-538
-620
-957
2021
-611
-693
-520
1183
591
-511
427
-675
518
-74
-411
527
445
-147
-484
454
372
-220
-557
381
809
-1058
645
308
991
-111
-1213
235
918
-184
-1286
672
80
1018
-1359
599
7
945
-1432
526
-66
872
-995
-57
2156
-986
-1068
-130
2083
-1059
-1141
-203
2010
-622
-1979
999
1937
-695
-2052
926
2374
-1533
-595
1873
516
-1606
-668
1800
443
-1679
-741
2237
-395
-477
-814
2164
-1743
-1060
643
2091
-1816
-878
2100
-532
-614
-951
2027
-605
-687
-1024
1954
-678
-760
-587
1116
524
-833
-660
1043
451
-651
287
-815
378
-214
-551
387
305
-287
-624
314
742
-1125
578
241
669
-1198
505
168
596
-1271
432
605
13
951
-1426
532
-60
878
-1499
459
-133
805
-1062
-379
1069
732
-1135
-452
996
659
-1208
-270
1943
-689
-2046
932
1870
-762
-2119
859
1797
-835
-2192
786
2234
-1673
-990
713
2161
-1746
-808
2170
-462
-544
-881
2097
-535
-617
-954
2024
-608
-690
-517
1186
594
-763
-590
1113
521
-581
357
-745
448
-144
-481
457
375
-217
-554
384
302
-290
-627
311
739
-1128
575
238
921
-181
-1283
165
848
-254
-1356
602
10
948
-1429
529
-63
875
-992
-309
1139
802
-1065
-127
2086
-1056
-1138
-200
2013
-619
-1976
1002
1940
-692
-2049
929
1867
-765
-2122
856
2304
-1603
-665
1803
446
-1676
-738
1730
373
-1749
-811
2167
-465
-547
-884
2094
-538
-620
-957
2021
-611
-693
-520
1183
591
-511
427
-675
518
-74
-411
527
445
-147
-484
454
372
-220
-557
381
864
-235
-1334
117
803
-296
-1395
566
-23
918
-1456
505
-84
2132
-1007
-1086
-145
2071
-1068
-1147
-206
2010
-1129
-1208
-267
1949
-680
-2034
947
1888
-741
-2095
886
1827
-802
-2156
825
1766
412
-1707
-766
1705
351
-1768
-827
2154
-475
-554
-888
2093
-536
-615
-949
2032
-597
-676
-1010
1971
-658
538
-561
380
-719
477
-112
-446
495
416
-173
-507
434
355
-234
-568
373
294
-295
-629
312
233
-356
-690
251
682
93
1034
-1340
621
32
973
-1401
560
-29
912
-1462
499
-90
851
-1523
438
-151
790
-1074
-388
1063
2004
-625
-1979
1002
1943
-686
-2040
941
1882
-747
-2101
880
1821
-808
-2162
819
2270
-1634
-948
758
2209
-1695
-1009
697
2148
-481
-560
-894
2087
-542
-621
-955
2026
-603
-682
-1016
1965
-664
-743
-567
1139
550
-804
-628
1078
489
410
-179
-513
428
349
-240
-574
367
288
-301
-635
306
737
-1127
579
245
676
-1188
518
184
615
-1249
457
123
554
-35
906
-1468
493
-96
845
-1019
-333
1118
784
-1080
-394
1057
723
-1141
-455
996
662
-1202
-516
935
1876
-753
-2107
874
2325
-1579
-893
813
2264
-1640
-954
752
2203
-1701
-1015
691
2142
-1762
-821
1650
296
-1823
-882
2099
-530
666
-433
508
-591
605
-494
447
-652
544
-555
386
-713
483
-616
325
-774
422
-167
-501
440
361
-228
-562
379
300
986
-113
-1212
239
925
-174
-1273
178
864
-235
-1334
117
803
-296
-1395
566
-23
918
-1456
505
-84
2132
-1007
-1086
-145
2071
-1068
-1147
-206
2010
-1129
-1208
-267
1949
-680
-2034
947
1888
-741
-2095
886
1827
-802
-2156
825
1766
412
-1707
-766
1705
351
-1768
-827
2154
-475
-554
-888
2093
-536
-615
-949
2032
-597
-676
-1010
1971
-658
538
-561
380
-719
477
-112
-446
495
416
-173
-507
434
355
-234
-568
373
294
-295
-629
312
233
-356
-690
251
682
93
1034
-1340
621
32
973
-1401
560
-29
912
-1462
499
-90
851
-1523
438
-151
790
-1074
-388
1063
2004
-625
-1979
1002
1943
-686
-2040
941
1882
-747
-2101
880
1821
-808
-2162
819
2270
-1634
-948
758
2209
-1695
-1009
697
2148
-481
-560
-894
2087
-542
-621
-955
2026
-603
-682
-1016
1965
-664
-743
-567
1139
550
-804
-628
1078
489
410
-179
-513
428
349
-240
-574
367
631
45
989
-1382
582
-4
940
-1431
533
-53
2166
-970
-1046
-357
1097
766
-1095
-406
1048
717
-1144
-455
999
1943
-683
-2034
950
1894
-732
-2083
901
1845
494
-1622
-678
1796
445
-1671
-982
727
2181
-1720
-1031
678
2132
-494
-570
-901
2083
-543
-619
-950
2034
-592
607
-489
455
-641
558
-793
-614
1095
509
-842
-663
1046
460
384
-202
-533
411
335
-251
-582
362
286
975
-121
-1217
237
926
-170
-1266
188
622
-1239
470
139
573
-13
931
-1440
524
-62
882
-1489
475
-111
2108
-1028
-1104
-160
2059
-1077
-1153
-464
990
659
-1202
-513
941
1885
-741
-2092
892
1836
-790
-2141
843
1787
436
-1680
-736
1738
387
-1729
-785
1689
338
-1778
-1089
620
2074
-552
-628
-959
2025
-601
-677
-1008
1976
-650
-726
-1057
1927
-699
500
-596
348
-748
451
-900
-721
988
402
326
-260
-591
353
277
-309
-640
304
228
-358
-689
255
179
868
-228
-1324
130
819
-277
-1373
81
515
-71
873
-1498
466
-120
824
-1547
417
-169
775
-1596
368
-218
2001
-1135
-1211
-267
1952
-1184
-1260
-571
883
1827
-799
-2150
834
1778
-848
-2199
785
1729
-897
-2248
736
1680
329
-1787
-843
2141
-485
-561
-892
2092
-534
665
-686
-507
1202
616
-735
-556
1153
567
-784
-605
1104
518
442
-144
-475
469
393
-193
-524
420
344
1033
-63
-1159
295
729
-1132
577
246
680
-1181
528
197
631
45
989
-1382
582
-4
940
-1431
533
-53
2166
-970
-1046
-357
1097
766
-1095
-406
1048
717
-1144
-455
999
1943
-683
-2034
950
1894
-732
-2083
901
1845
494
-1622
-678
1796
445
-1671
-982
727
2181
-1720
-1031
678
2132
-494
-570
-901
2083
-543
-619
-950
2034
-592
607
-489
455
-641
558
-793
-614
1095
509
-842
-663
1046
460
384
-202
-533
411
335
-251
-582
362
286
975
-121
-1217
237
926
-170
-1266
188
622
-1239
470
139
573
-13
931
-1440
524
-62
882
-1489
475
-111
2108
-1028
-1104
-160
2059
-1077
-1153
-464
990
659
-1202
-513
941
1885
-741
-2092
892
1836
-790
-2141
843
1787
436
-1680
-736
1738
387
-1729
-785
1689
338
-1778
-1089
620
2074
-552
-628
-959
2025
-601
-677
-1008
1976
-650
-726
-1057
1927
-699
500
-596
348
-748
451
-900
-721
988
402
326
-260
-591
353
143
580
-3
944
-1424
543
-40
907
-1461
506
-332
1125
797
-1571
396
-187
2035
-1098
-1171
-224
1998
-1135
-1208
-516
941
1888
-735
-2083
904
1851
-772
-2120
612
794
2251
-1647
-955
757
1704
356
-1757
-810
1667
319
-1794
-1102
610
2067
-556
-629
-957
2030
-593
609
-739
-557
1155
572
-776
-1104
1883
-740
462
-631
316
-777
425
352
-231
-559
388
315
-268
-596
351
278
715
-1143
569
241
678
-1180
532
204
131
823
-270
-1363
94
531
-52
895
-1473
494
-89
858
-1510
457
-381
1076
748
-1110
-418
1039
1986
-1147
-1220
-273
1949
-1184
-1257
-565
892
1839
-784
-2132
855
1802
454
-1659
-967
745
2202
-1696
-1004
708
2165
-458
-531
-859
1618
270
-1843
-1151
561
2018
-605
-678
-1006
1981
-642
560
-533
414
-679
523
-825
-643
1069
486
413
-680
267
-826
376
303
-280
-608
339
266
-317
-645
302
229
921
-172
-1265
192
629
46
993
-1375
592
9
956
-1412
45
482
-101
846
-1522
445
-138
809
-1559
408
-175
2047
-1086
-1159
-467
990
1937
-686
-2034
953
1900
-1233
-1306
-614
843
1790
-833
-2181
806
1753
405
-1708
-761
1716
368
-1745
-1053
659
2116
-507
-580
-908
2079
-544
658
-690
-1018
1969
-654
-727
-1055
1932
-691
511
-582
365
-728
474
-874
-692
1020
437
364
-219
-547
400
327
764
-1094
618
290
217
-366
-694
253
180
872
-221
-1314
143
580
-3
944
-1424
543
-40
907
-1461
506
-332
1125
797
-1571
396
-187
2035
-1098
-1171
-224
1998
-1135
-1208
-516
941
1888
-735
-2083
904
1851
-772
-2120
612
794
2251
-1647
-955
757
1704
356
-1757
-810
1667
319
-1794
-1102
610
2067
-556
-629
-957
2030
-593
609
-739
-557
1155
572
-776
-1104
1883
-740
462
-631
316
-777
425
352
-231
-559
388
315
-268
-596
351
278
715
-1143
569
241
678
-1180
532
204
131
823
-270
-1363
94
531
-52
895
-1473
494
-89
858
-1510
457
-381
1076
748
-1110
-418
1039
1986
-1147
-1220
-273
1949
-1184
-1257
-565
892
1839
-784
-2132
855
1802
454
-1659
-967
745
2202
-1696
-1004
708
2165
-458
-531
-859
1618
270
-1843
-1151
561
2018
-605
-678
-1006
1981
-642
560
-533
414
-679
523
-825
-643
1069
486
413
-680
267
-826
376
303
-280
-608
339
-1365
95
535
-45
905
-1460
510
-70
2155
-975
-1555
415
-165
785
-1580
390
-445
1015
690
-1165
-470
990
1940
-1190
-1260
-565
895
1845
-775
-2120
870
1820
-35
-870
-2215
775
1725
380
-1730
-1035
680
2140
-480
-550
-875
1605
260
-575
-645
-970
2020
-600
605
-740
-1065
1925
-695
510
-580
370
-720
485
-860
-675
1040
460
390
-955
-770
945
365
295
-285
-610
340
270
200
-380
-705
245
175
870
-220
-1310
150
590
10
960
-1405
55
495
-85
865
-1500
470
-110
2115
-1015
-1595
375
-205
2020
-1110
-1180
-485
975
1925
-695
-2040
950
1900
-1230
-1300
-605
855
1805
-815
-2160
575
760
1710
-910
-2255
735
1685
340
-1770
-1075
640
2100
-520
-590
-915
1565
220
-615
-685
-1010
1980
-640
565
-780
-595
1120
540
470
-620
330
-760
445
375
-205
-530
420
350
280
-300
-625
325
255
950
-140
-1230
230
670
-1185
530
205
135
575
-1280
435
110
550
-30
920
-1445
15
455
-125
825
-1540
430
-150
2075
-1055
-1125
-430
1030
1980
-1150
-1220
-525
935
1885
-735
-2080
910
1860
5
-830
-2175
815
1765
420
-1690
-995
720
2180
-440
-510
-835
1645
300
-1810
-1115
600
2060
-560
-630
-1210
505
1965
-655
-725
-1050
1940
-680
525
-820
-635
1080
500
430
-660
290
-800
405
335
-245
-570
380
310
240
-340
-665
285
215
910
-180
-1270
190
630
50
1000
-1365
95
535
-45
905
-1460
510
-70
2155
-975
-1555
415
-165
785
-1580
390
-445
1015
690
-1165
-470
990
1940
-1190
-1260
-565
895
1845
-775
-2120
870
1820
-35
-870
-2215
775
1725
380
-1730
-1035
680
2140
-480
-550
-875
1605
260
-575
-645
-970
2020
-600
605
-740
-1065
1925
-695
510
-580
370
-720
485
-860
-675
1040
460
390
-955
-770
945
365
295
-285
-610
340
270
200
-380
-705
245
175
870
-220
-1310
150
590
10
960
-1405
55
495
-85
865
-1500
470
-110
2115
-1015
-1595
375
-205
2020
-1110
-1180
-485
975
1925
-695
-2040
950
1900
-1230
-1300
-605
855
1805
-815
-2160
575
760
1710
-910
-2255
735
1685
340
-1770
-1075
640
2100
-520
-590
-915
1565
220
-615
-685
-1010
1980
-640
565
-780
-595
1120
540
470
-620
330
-760
445
375
-205
-530
420
350
280
-300
-625
325
442
120
53
496
-81
872
-1490
483
-349
1114
792
-1570
403
-174
2054
-1073
-1650
323
-254
1974
-1153
-1220
-522
941
1894
-1233
-1300
-602
861
1814
472
-1635
-937
781
1734
392
-1715
-1017
701
1654
312
-1795
-1097
621
2084
-533
-600
-1177
541
2004
-613
595
-747
-1069
1924
-693
515
-827
-639
1079
502
435
-652
301
-786
422
355
-732
221
-866
342
275
-302
-624
329
262
195
893
-194
-1281
182
625
48
1001
-1361
102
545
-32
921
-1441
22
465
-112
841
-1521
452
-380
1083
761
-1601
372
-460
1003
1956
-1171
-1238
-540
923
1876
-741
-2083
910
1863
11
-821
-2163
830
1783
-69
-901
-2243
750
1703
361
-1746
-1048
670
1623
281
-551
-618
-940
2053
-564
644
-698
-1020
1973
-644
564
-778
-1100
1893
-724
484
-858
-670
1048
471
404
-938
-750
968
391
324
257
-320
-642
311
244
687
-1165
553
231
164
862
-225
-1312
151
84
782
-305
-1392
71
514
-63
890
-1472
-9
434
-143
2085
-1042
-1109
-411
1052
2005
-1122
-1189
-491
972
1925
-1202
-1269
-571
892
1845
-772
-2114
624
812
1765
-852
-2194
544
732
1685
343
-1764
-1066
652
2115
-502
-569
-891
1592
250
-582
-649
-971
1512
170
-662
-729
-1051
1942
-675
533
-809
-1131
1862
-755
453
386
-191
-513
440
373
306
-271
-593
360
293
226
-351
-673
280
213
656
-1196
522
200
133
576
-1276
442
120
53
496
-81
872
-1490
483
-349
1114
792
-1570
403
-174
2054
-1073
-1650
323
-254
1974
-1153
-1220
-522
941
1894
-1233
-1300
-602
861
1814
472
-1635
-937
781
1734
392
-1715
-1017
701
1654
312
-1795
-1097
621
2084
-533
-600
-1177
541
2004
-613
595
-747
-1069
1924
-693
515
-827
-639
1079
502
435
-652
301
-786
422
355
-732
221
-866
342
275
-302
-624
329
262
195
893
-194
-1281
182
625
48
1001
-1361
102
545
-32
921
-1441
22
465
-112
841
-1521
452
-380
1083
761
-1601
372
-460
1003
1956
-1171
-1238
-540
923
1876
-741
-2083
910
1863
11
-821
-2163
830
1783
-69
-901
-2243
750
1703
361
-1746
-1048
670
1623
281
-551
-618
-940
2053
-564
644
-698
-1020
1973
-644
564
-778
-1100
1893
-724
484
-858
-670
1048
471
404
-938
-750
968
391
324
257
-320
-642
311
-301
-1385
81
17
463
-111
845
-1514
-48
398
-176
780
-1579
397
-432
1034
1990
-1134
-1198
-497
969
1925
76
-753
-2092
904
1860
11
-818
-2157
584
775
1731
392
-1712
-1011
710
1666
327
-1777
-1076
645
1601
262
-567
-631
-950
1536
197
-632
-696
-1270
451
1917
-697
514
-825
-1144
1852
-762
449
-890
-699
1022
448
384
320
-254
-573
383
319
255
-319
-638
318
254
190
636
-1213
508
189
125
571
-1278
443
124
60
506
-68
888
-1471
-5
441
-133
2098
-1026
-1600
376
-198
2033
-1091
-1665
311
-518
948
1904
-1220
-1284
-583
883
1839
-775
-2114
627
818
1774
435
-1669
-968
753
1709
370
-1734
-1033
688
1644
305
-524
-588
-1162
559
2025
-589
-653
-1227
494
1960
-654
557
-782
-1101
1895
-719
492
-847
-1166
1830
-784
427
363
-721
235
-849
362
298
234
-340
-659
297
233
169
-405
-724
232
168
614
40
996
-1363
103
549
-25
931
-1428
38
484
-90
2141
-983
-1557
419
-410
1056
737
-1622
354
-475
991
1947
-1177
-1241
-540
926
1882
-1242
-1306
-605
861
1817
-32
-861
-2200
796
1752
-97
-926
-2265
476
667
1623
284
-1820
-1119
602
2068
-546
665
-674
-993
2003
-611
600
-739
-1058
1938
-676
535
471
-613
343
-741
470
406
-933
-742
979
405
341
277
-297
-616
340
276
212
-362
-681
275
211
147
848
-236
-1320
146
82
783
-301
-1385
81
17
463
-111
845
-1514
-48
398
-176
780
-1579
397
-432
1034
1990
-1134
-1198
-497
969
1925
76
-753
-2092
904
1860
11
-818
-2157
584
775
1731
392
-1712
-1011
710
1666
327
-1777
-1076
645
1601
262
-567
-631
-950
1536
197
-632
-696
-1270
451
1917
-697
514
-825
-1144
1852
-762
449
-890
-699
1022
448
384
320
-254
-573
383
319
255
-319
-638
318
254
190
636
-1213
508
189
125
571
-1278
443
124
60
506
-68
888
-1471
-5
441
-133
2098
-1026
-1600
376
-198
2033
-1091
-1665
311
-518
948
1904
-1220
-1284
-583
883
1839
-775
-2114
627
818
1774
435
-1669
-968
753
1709
370
-1734
-1033
688
1644
305
-524
-588
-1162
559
2025
-589
-653
-1227
494
1960
-654
557
-782
-1101
1895
-719
492
-847
-1166
1830
-784
427
363
-721
235
-849
362
298
234
-340
-659
297
-24
935
-1421
48
-13
436
-135
824
-1532
-63
386
-185
2049
-1072
-1643
336
-490
979
1938
-1183
-1244
-540
674
868
1827
-784
-2120
624
818
1777
-69
-895
-2231
513
707
1666
330
-1771
-1067
657
1616
280
-546
-607
-1178
546
2015
-596
618
-718
-1034
1455
119
-707
507
-829
-1145
1854
-757
457
396
-685
274
-807
407
346
285
-286
-602
357
296
235
-336
-652
307
246
185
124
-447
-763
196
135
74
778
-303
-1384
85
24
473
-98
861
-1495
-26
423
-403
1066
750
-1606
373
-453
1016
1975
-1146
-1717
262
-564
905
1864
-1257
-1318
-614
855
1814
-32
-858
-2194
550
744
1703
367
-1734
-1030
694
1653
317
-509
-570
-1141
583
1542
206
-620
-681
-997
1492
156
-670
544
-792
-1108
1891
-720
494
433
-648
311
-770
444
383
322
-249
-565
394
333
272
211
-360
-676
283
222
161
-410
-726
233
172
111
560
-1286
438
122
61
510
-61
898
-1458
11
460
-366
1103
787
-1569
-100
349
-222
2012
-1109
-1680
299
-527
942
1901
-1220
-1281
-577
892
1851
5
-821
-2157
587
781
1740
404
-1697
-993
731
1690
-156
293
-1808
-1104
620
1579
243
-583
-644
-1215
509
1978
-633
581
-755
-1071
1928
-683
531
470
-866
-672
1052
481
420
359
-722
237
-844
370
309
248
-323
-639
320
259
198
-373
-689
270
209
148
597
-1249
475
159
98
547
-24
935
-1421
48
-13
436
-135
824
-1532
-63
386
-185
2049
-1072
-1643
336
-490
979
1938
-1183
-1244
-540
674
868
1827
-784
-2120
624
818
1777
-69
-895
-2231
513
707
1666
330
-1771
-1067
657
1616
280
-546
-607
-1178
546
2015
-596
618
-718
-1034
1455
119
-707
507
-829
-1145
1854
-757
457
396
-685
274
-807
407
346
285
-286
-602
357
296
235
-336
-652
307
246
185
124
-447
-763
196
135
74
778
-303
-1384
85
24
473
-98
861
-1495
-26
423
-403
1066
750
-1606
373
-453
1016
1975
-1146
-1717
262
-564
905
1864
-1257
-1318
-614
855
1814
-32
-858
-2194
550
744
1703
367
-1734
-1030
694
1653
317
-509
-570
-1141
583
1542
206
-620
-681
-997
1492
156
-670
544
-792
-1108
1891
-720
494
433
-648
311
-770
444
383
322
-249
-565
394
333
272
211
-360
-676
283
508
-60
902
-1451
21
-37
415
-153
2084
-1034
-1602
380
-443
1029
1991
-1127
-1695
287
-536
936
1898
55
-1278
-1336
-629
843
1805
-38
-861
-2194
553
750
1712
-131
-954
-2287
460
657
1619
286
-537
-595
-1163
564
1526
193
-630
-688
-1256
471
1943
-665
552
-781
-1349
378
1850
-758
459
401
-932
-735
992
424
366
308
-1025
-828
899
331
273
215
922
-156
-1234
238
180
122
829
-249
-1327
145
87
539
-29
933
-1420
52
-6
446
-122
2115
-1003
-1571
-99
353
-215
2022
-1096
-1664
318
-505
967
1929
-1189
-1757
225
-598
874
1836
-7
-830
-2163
584
781
1743
-100
-923
-2256
491
688
1650
317
-506
-564
-1132
595
1557
224
-599
-657
-1225
502
1974
-634
583
-750
-1318
409
1881
-727
490
432
-901
-704
1023
455
397
339
-994
-797
930
362
304
246
-1087
-890
837
269
211
153
860
-218
-1296
176
118
60
767
-311
-1389
83
25
477
-91
2146
-972
-1540
-68
384
-184
2053
-1065
-1633
349
-474
998
1960
-1158
-1726
256
-567
905
1867
24
-799
-2132
615
812
1774
-69
-892
-2225
522
719
1681
348
-1750
-1043
429
626
1588
255
-568
-626
-1194
533
1495
162
-661
-719
-1287
440
1912
-696
521
463
-870
-1183
1819
-789
428
370
-963
-766
961
393
335
277
-1056
-859
868
300
242
184
891
-187
-1265
207
149
91
798
-280
-1358
114
56
508
-60
902
-1451
21
-37
415
-153
2084
-1034
-1602
380
-443
1029
1991
-1127
-1695
287
-536
936
1898
55
-1278
-1336
-629
843
1805
-38
-861
-2194
553
750
1712
-131
-954
-2287
460
657
1619
286
-537
-595
-1163
564
1526
193
-630
-688
-1256
471
1943
-665
552
-781
-1349
378
1850
-758
459
401
-932
-735
992
424
366
308
-1025
-828
899
331
273
215
922
-156
-1234
238
180
122
829
-249
-1327
145
87
539
-29
933
-1420
52
-6
446
-122
2115
-1003
-1571
-99
353
-215
2022
-1096
-1664
318
-505
967
1929
-1189
-1757
225
-598
874
1836
-7
-830
-2163
584
781
1743
-100
-923
-2256
491
688
1650
317
-506
-564
-1132
595
1557
224
-599
-657
-1225
502
1974
-634
583
-750
-1318
409
1881
-727
490
432
-901
-704
1023
455
397
339
-994
-797
930
362
304
246
-1087
-890
837
269
20
475
-90
2150
-965
-1530
-55
400
-420
1055
2020
-1095
-1660
325
-495
980
1945
105
-1225
-1280
-570
650
850
1815
-1300
-1355
-645
575
775
1740
-100
-920
-2250
500
700
1665
-175
280
-1815
-1105
370
570
1535
205
-615
-670
-1235
495
1460
130
-690
530
-800
-1110
1385
55
-765
455
400
-930
-1240
1765
-840
380
325
270
-805
160
-915
305
250
195
650
-1190
540
230
175
120
575
10
975
-1375
100
45
500
-65
900
-1450
25
-30
425
-395
1080
770
-1580
-105
350
-470
1005
1970
-1145
-1710
275
-545
930
1895
55
-1275
-1330
-620
600
800
1765
-75
-895
-2225
525
725
1690
-150
305
-1790
-1080
395
595
1560
230
-590
-645
-1210
520
1485
155
-665
555
-775
-1085
1410
80
-740
480
425
-905
-1215
1790
-815
405
350
295
-780
185
-890
330
275
220
-855
110
-965
255
200
145
600
-1240
490
180
125
70
525
-40
925
-1425
50
-5
450
-370
1105
795
-1555
-80
375
-445
1030
1995
-1120
-1685
300
-520
955
1920
80
-1250
-1305
-595
625
825
1790
-50
-870
-2200
550
750
1715
-125
330
-1765
-1055
675
1640
-200
255
-565
-620
-1185
545
1510
180
-640
-695
-1260
470
1435
105
-715
505
-825
-1390
340
1815
-790
430
375
-955
-1265
1740
-865
355
300
245
-830
135
-940
280
225
170
625
-1215
515
205
150
95
550
-15
950
-1400
75
20
475
-90
2150
-965
-1530
-55
400
-420
1055
2020
-1095
-1660
325
-495
980
1945
105
-1225
-1280
-570
650
850
1815
-1300
-1355
-645
575
775
1740
-100
-920
-2250
500
700
1665
-175
280
-1815
-1105
370
570
1535
205
-615
-670
-1235
495
1460
130
-690
530
-800
-1110
1385
55
-765
455
400
-930
-1240
1765
-840
380
325
270
-805
160
-915
305
250
195
650
-1190
540
230
175
120
575
10
975
-1375
100
45
500
-65
900
-1450
25
-30
425
-395
1080
770
-1580
-105
350
-470
1005
1970
-1145
-1710
275
-545
930
1895
55
-1275
-1330
-620
600
800
1765
-75
-895
-2225
525
725
1690
-150
305
-1790
-1080
395
595
1560
230
-590
-645
-1210
520
1485
155
-665
555
-775
-1085
1410
80
-740
480
425
-905
-1215
1790
-815
405
350
295
-780
185
-890
330
275
220
-855
110
-965
255
42
-10
448
-369
1109
802
-1545
-67
-119
339
-478
1000
1968
-1144
-1706
282
-535
688
891
1859
-1253
-1815
173
-644
834
1802
-35
-87
-904
-2231
522
725
1693
-144
314
-1778
-1065
413
616
1584
-253
205
-612
-664
-1226
507
1475
148
-669
554
-773
-1335
398
1876
-726
497
445
393
-934
-1241
1767
-835
388
336
284
-1043
-840
893
331
279
227
175
123
-439
-746
222
170
118
66
524
-1313
420
113
61
9
467
-95
2148
-964
-1526
-48
-100
358
-204
2039
-1073
-1635
-157
301
-516
962
1930
93
-1234
-1286
-573
650
853
1821
-16
-1343
-1395
-682
541
744
1712
-125
333
-1759
-1046
432
635
1603
-234
224
-1868
-1155
323
526
1494
167
-650
573
-754
-1316
417
1895
-707
516
464
-863
-1425
308
1786
-816
407
355
303
-1024
-821
912
350
298
246
194
-368
-675
293
241
189
137
85
798
-274
-1346
132
80
28
486
-76
892
-1455
23
-29
-81
377
-185
2058
-1054
-1616
-138
320
-497
981
1949
-1163
-1725
263
-554
669
872
1840
3
-1324
-1376
-663
560
763
1731
-106
-923
-2250
503
451
654
1622
295
-522
-574
-1136
342
545
1513
186
-631
-683
-1245
488
1456
129
-688
535
483
-844
-1151
1347
20
-797
426
374
-953
-1260
1748
-854
369
317
265
213
-349
-656
312
260
208
156
104
-458
-765
203
151
99
47
505
-57
911
-1436
42
-10
448
-369
1109
802
-1545
-67
-119
339
-478
1000
1968
-1144
-1706
282
-535
688
891
1859
-1253
-1815
173
-644
834
1802
-35
-87
-904
-2231
522
725
1693
-144
314
-1778
-1065
413
616
1584
-253
205
-612
-664
-1226
507
1475
148
-669
554
-773
-1335
398
1876
-726
497
445
393
-934
-1241
1767
-835
388
336
284
-1043
-840
893
331
279
227
175
123
-439
-746
222
170
118
66
524
-1313
420
113
61
9
467
-95
2148
-964
-1526
-48
-100
358
-204
2039
-1073
-1635
-157
301
-516
962
1930
93
-1234
-1286
-573
650
853
1821
-16
-1343
-1395
-682
541
744
1712
-125
333
-1759
-1046
432
635
1603
-234
224
-1868
-1155
323
526
1494
167
-650
573
-754
-1316
417
1895
-707
516
464
-863
-1425
308
1786
-816
407
355
303
-1024
-821
912
350
298
246
194
-368
-675
293
241
-1466
15
-34
-83
378
-181
2065
-1044
-1603
-122
-171
290
-524
957
1928
-1181
-1740
-259
202
-612
869
1840
6
-43
-857
-2181
575
526
732
1703
-131
330
-1759
-1043
438
644
1615
-219
242
-572
-621
-1180
301
507
1478
154
-660
566
-758
-1317
419
1390
66
-748
478
429
380
-944
-1248
1763
-836
390
341
292
243
-826
145
-924
302
253
204
155
106
-453
-757
214
165
116
67
18
734
-335
-1404
77
28
-21
440
-374
1107
803
-1541
-60
-109
352
-462
1019
1990
156
-1168
-1727
264
-550
676
882
1853
19
-1305
-1354
-638
588
794
1765
-69
-118
-932
-2256
500
451
657
1628
-206
255
-1834
-1118
363
569
1540
-294
167
-647
579
-745
-1304
432
1403
79
-735
491
442
-882
-1186
1315
-9
-823
403
354
305
-1019
-1323
1688
-911
315
266
217
168
-391
-695
276
227
178
129
80
541
-1293
443
139
90
41
-8
453
-106
2140
-969
-1528
-47
-96
365
-449
1032
2003
-1106
-1665
-184
277
-537
944
1915
81
-1243
-1802
189
-625
601
807
1778
-56
-1380
-1429
-713
513
719
1690
-144
-193
268
-1821
-1105
376
582
1553
-281
180
-634
-683
-1242
494
1465
141
-673
553
504
-820
-1379
357
1838
-761
465
416
367
-957
-1261
1750
-849
377
328
279
230
181
-378
-682
289
240
191
142
93
809
-260
-1329
152
103
54
5
466
-93
878
-1466
15
-34
-83
378
-181
2065
-1044
-1603
-122
-171
290
-524
957
1928
-1181
-1740
-259
202
-612
869
1840
6
-43
-857
-2181
575
526
732
1703
-131
330
-1759
-1043
438
644
1615
-219
242
-572
-621
-1180
301
507
1478
154
-660
566
-758
-1317
419
1390
66
-748
478
429
380
-944
-1248
1763
-836
390
341
292
243
-826
145
-924
302
253
204
155
106
-453
-757
214
165
116
67
18
734
-335
-1404
77
28
-21
440
-374
1107
803
-1541
-60
-109
352
-462
1019
1990
156
-1168
-1727
264
-550
676
882
1853
19
-1305
-1354
-638
588
794
1765
-69
-118
-932
-2256
500
451
657
1628
-206
255
-1834
-1118
363
569
1540
-294
167
-647
579
-745
-1304
432
1403
79
-735
491
442
-882
-1186
1315
-9
-823
403
354
305
-1019
-1323
1688
-911
315
266
217
168
-391
-695
276
227
851
-1490
-6
-52
-98
366
-445
1039
2013
-1093
-1649
-165
-211
253
-558
926
1900
69
23
-1298
-1344
-625
604
558
767
1741
-90
-136
-947
-2268
491
445
654
1628
-203
261
-550
-596
-1152
332
541
1515
-316
148
-663
566
-755
-1311
428
1402
81
-730
499
453
407
-914
-1470
269
1753
-843
386
340
294
248
-1073
-864
875
319
273
227
181
135
89
-467
-768
206
160
114
68
22
486
-70
904
-1437
47
1
-45
-91
373
-183
2066
-1040
-1596
-112
-158
306
-505
724
933
1907
76
-1245
-1801
193
-618
611
820
1794
-37
-83
-894
-2215
544
498
707
1681
-150
-196
268
-1818
-1099
385
594
1568
-263
201
-610
619
-702
-1258
226
435
1409
88
-723
506
460
-861
-1417
322
1806
-790
439
393
347
301
-1020
-1321
1693
-903
326
280
234
188
142
-414
-715
259
213
167
121
75
29
748
-318
-1384
100
54
8
-38
426
-385
1099
798
-1543
-59
-105
-151
313
-498
986
1960
-1146
-1702
-218
246
-565
664
873
1847
16
-30
-1351
-1397
-678
551
760
1734
-97
-143
321
-1765
-1046
438
392
601
1575
-256
208
-603
-649
-1205
279
488
1462
141
-670
559
513
-808
-1364
375
1349
28
-783
446
400
354
-967
-1268
1746
-850
379
333
287
241
195
-1126
-917
822
266
220
174
128
82
546
-1285
454
153
107
61
15
-31
433
-123
851
-1490
-6
-52
-98
366
-445
1039
2013
-1093
-1649
-165
-211
253
-558
926
1900
69
23
-1298
-1344
-625
604
558
767
1741
-90
-136
-947
-2268
491
445
654
1628
-203
261
-550
-596
-1152
332
541
1515
-316
148
-663
566
-755
-1311
428
1402
81
-730
499
453
407
-914
-1470
269
1753
-843
386
340
294
248
-1073
-864
875
319
273
227
181
135
89
-467
-768
206
160
114
68
22
486
-70
904
-1437
47
1
-45
-91
373
-183
2066
-1040
-1596
-112
-158
306
-505
724
933
1907
76
-1245
-1801
193
-618
611
820
1794
-37
-83
-894
-2215
544
498
707
1681
-150
-196
268
-1818
-1099
385
594
1568
-263
201
-610
619
-702
-1258
226
435
1409
88
-723
506
460
-861
-1417
322
1806
-790
439
393
347
301
-1020
-1321
1693
-903
326
280
234
188
142
-414
-715
259
213
-147
2105
-998
-1551
-64
-107
-150
317
-491
996
1973
145
-1173
-1726
-239
228
-580
652
609
821
1798
-30
-1348
-1901
96
-712
520
477
689
1666
-162
-205
262
-1821
-1099
388
345
557
1534
-294
173
-635
597
-721
-1274
213
425
1402
84
-724
508
465
422
-896
-1449
293
1270
-48
-856
376
333
290
247
-1071
-1369
1648
-945
287
244
201
158
115
72
-481
-779
198
155
112
69
26
-17
450
-103
2149
-954
-1507
-20
-63
-106
361
-447
1040
2017
189
-1129
-1682
-195
-238
229
-579
653
865
1842
14
-1304
-1857
140
-668
564
521
733
1710
-118
-161
-969
-2287
475
432
389
601
1578
-250
217
-591
-634
-1187
300
257
469
1446
-382
85
-723
509
466
-852
-1405
337
1314
-4
-812
420
377
334
291
-1027
-1325
1692
-901
331
288
245
202
159
116
-437
-735
242
199
156
113
70
27
494
-59
918
-1420
67
24
-19
-62
-105
362
-191
2061
-1042
-1595
-108
-151
-194
273
-535
952
1929
101
58
-1260
-1813
184
-624
608
565
777
1754
-74
-117
-925
-2243
519
476
433
645
1622
-206
-249
218
-1865
-1143
344
301
513
1490
-338
129
-679
553
-765
-1318
169
381
1358
40
-768
464
421
378
-940
-1493
249
1736
-857
375
332
289
246
203
160
-903
74
-989
243
200
157
114
71
28
750
-313
-1376
111
68
25
-18
-61
406
-147
2105
-998
-1551
-64
-107
-150
317
-491
996
1973
145
-1173
-1726
-239
228
-580
652
609
821
1798
-30
-1348
-1901
96
-712
520
477
689
1666
-162
-205
262
-1821
-1099
388
345
557
1534
-294
173
-635
597
-721
-1274
213
425
1402
84
-724
508
465
422
-896
-1449
293
1270
-48
-856
376
333
290
247
-1071
-1369
1648
-945
287
244
201
158
115
72
-481
-779
198
155
112
69
26
-17
450
-103
2149
-954
-1507
-20
-63
-106
361
-447
1040
2017
189
-1129
-1682
-195
-238
229
-579
653
865
1842
14
-1304
-1857
140
-668
564
521
733
1710
-118
-161
-969
-2287
475
432
389
601
1578
-250
217
-591
-634
-1187
300
257
469
1446
-382
85
-723
509
466
-852
-1405
337
1314
-4
-812
420
377
334
291
-1027
-1325
1692
-901
331
288
245
202
159
116
-437
-735
242
199
385
-420
1070
2050
-1050
-1600
-110
-150
-190
280
-525
710
925
1905
80
40
-1275
-1825
-335
135
-670
565
780
1760
-65
-105
-145
-1460
-1500
-775
460
420
380
595
1575
-250
-290
180
-625
-665
-1215
275
235
450
1430
-395
75
-730
505
465
425
-890
-1440
305
1285
-30
-835
400
360
320
280
240
-1075
-1370
1650
-940
295
255
215
175
135
95
55
780
-280
-1340
150
110
70
30
-10
-50
420
-385
1105
810
-1525
-35
-75
-115
-155
315
-490
745
960
1940
115
-1200
-1750
-260
-300
170
-635
600
815
1795
-30
-70
-110
-1425
-1465
-740
495
455
670
1650
-175
-215
-255
215
-1865
-1140
350
310
525
1505
-320
-360
110
-695
540
500
-815
-1365
125
340
1320
5
-800
435
395
355
315
-1000
-1550
195
1685
-905
330
290
250
210
170
130
90
-460
-755
225
185
145
105
65
25
-15
455
-95
885
-1450
40
0
-40
-80
-120
350
-455
1035
2015
190
-1125
-1675
-185
-225
245
-560
675
635
850
1830
5
-35
-1350
-1900
100
-705
530
490
705
1685
-140
-180
-220
-1025
-2340
425
385
345
560
1540
-285
-325
145
-660
575
-740
-1290
200
415
1395
-430
40
-765
470
430
390
-925
-1475
270
1250
-65
-870
365
325
285
245
205
165
-1150
-935
810
260
220
180
140
100
60
20
490
-60
920
-1415
75
35
-5
-45
-85
385
-420
1070
2050
-1050
-1600
-110
-150
-190
280
-525
710
925
1905
80
40
-1275
-1825
-335
135
-670
565
780
1760
-65
-105
-145
-1460
-1500
-775
460
420
380
595
1575
-250
-290
180
-625
-665
-1215
275
235
450
1430
-395
75
-730
505
465
425
-890
-1440
305
1285
-30
-835
400
360
320
280
240
-1075
-1370
1650
-940
295
255
215
175
135
95
55
780
-280
-1340
150
110
70
30
-10
-50
420
-385
1105
810
-1525
-35
-75
-115
-155
315
-490
745
960
1940
115
-1200
-1750
-260
-300
170
-635
600
815
1795
-30
-70
-110
-1425
-1465
-740
495
455
670
1650
-175
-215
-255
215
-1865
-1140
350
310
525
1505
-320
-360
110
-695
540
500
-815
-1365
125
340
1320
5
-800
435
395
355
315
-1000
-1550
195
1685
-905
330
290
250
210
170
130
90
-460
-755
225
185
-103
-140
333
-469
1024
2007
185
-1127
-1674
-181
-218
-255
218
-584
654
617
835
1818
-4
-41
-1353
-1900
103
-699
539
502
465
683
1666
-156
-193
-230
-267
206
-1871
-1143
350
313
276
494
1477
-345
-382
91
-711
527
490
-822
-1369
124
87
305
1288
-24
-826
412
375
338
301
264
227
-1085
-1377
1646
-941
297
260
223
186
149
112
75
38
511
-1311
437
145
108
71
34
-3
-40
-77
-114
359
-188
2070
248
-1064
-1611
-118
-155
-192
-229
244
-558
680
898
1881
59
22
-1290
-1837
-344
129
-673
565
528
491
709
1692
-130
-167
-204
-1006
-2318
450
413
376
339
557
1540
-282
-319
154
-648
590
553
-759
-1306
187
150
368
1351
-471
2
-800
438
401
364
327
-985
-1532
216
1199
-113
-915
323
286
249
212
175
138
101
64
-483
-775
208
171
134
97
60
23
-14
-51
422
-125
2133
-964
-1511
-18
-55
-92
-129
-166
307
-495
743
961
1944
122
85
-1227
-1774
-281
-318
155
-647
591
554
772
1755
-67
-104
-141
-1453
-1490
-762
476
439
402
620
1603
-219
-256
-293
180
-622
-659
-1206
287
250
213
431
1414
-408
65
-737
501
464
427
390
-922
-1469
279
1262
-50
-852
386
349
312
275
238
201
164
-1148
-1440
1583
-1004
234
197
160
123
86
49
12
-25
448
-99
884
-1448
45
8
-29
-66
-103
-140
333
-469
1024
2007
185
-1127
-1674
-181
-218
-255
218
-584
654
617
835
1818
-4
-41
-1353
-1900
103
-699
539
502
465
683
1666
-156
-193
-230
-267
206
-1871
-1143
350
313
276
494
1477
-345
-382
91
-711
527
490
-822
-1369
124
87
305
1288
-24
-826
412
375
338
301
264
227
-1085
-1377
1646
-941
297
260
223
186
149
112
75
38
511
-1311
437
145
108
71
34
-3
-40
-77
-114
359
-188
2070
248
-1064
-1611
-118
-155
-192
-229
244
-558
680
898
1881
59
22
-1290
-1837
-344
129
-673
565
528
491
709
1692
-130
-167
-204
-1006
-2318
450
413
376
339
557
1540
-282
-319
154
-648
590
553
-759
-1306
187
150
368
1351
-471
2
-800
438
401
364
327
-985
-1532
216
1199
-113
-915
323
286
249
212
175
138
101
64
-483
-775
208
171
-81
-115
-149
-183
293
-506
735
956
1942
123
89
-1220
-1764
-268
-302
-336
140
-659
582
548
769
1755
-64
-98
-132
-166
-200
-999
-2308
463
429
395
361
327
548
1534
-285
-319
-353
123
-676
565
531
-778
-1322
174
140
361
1347
-472
-506
-30
-829
412
378
344
310
276
242
-1067
-1611
140
1636
-948
293
259
225
191
157
123
89
55
21
-13
718
-336
-1390
106
72
38
4
-30
-64
-98
-132
344
-455
786
1007
1993
174
-1135
-1679
-183
-217
-251
-285
191
-608
633
599
820
1806
-13
-47
-81
-115
-1424
-1968
38
-761
480
446
412
633
1619
-200
-234
-268
-302
174
-625
616
-693
-1237
259
225
191
412
1398
-421
-455
21
-778
463
429
395
361
-948
-1492
4
225
1211
-98
-897
344
310
276
242
208
174
140
106
72
-1237
-1016
735
191
157
123
89
55
21
-13
-47
-81
395
-404
1092
2078
-1016
-1560
-64
-98
-132
-166
-200
-234
242
-557
684
650
871
1857
38
4
-1305
-1849
-353
-387
89
-710
531
497
463
684
1670
-149
-183
-217
-251
225
-1849
-1118
378
344
310
276
497
1483
-336
-370
-404
72
-727
514
480
446
-863
-1407
89
55
276
1262
-47
-846
395
361
327
293
259
225
191
157
-1152
-1441
1585
-999
242
208
174
140
106
72
38
4
-30
-64
412
-132
854
-1475
21
-13
-47
-81
-115
-149
-183
293
-506
735
956
1942
123
89
-1220
-1764
-268
-302
-336
140
-659
582
548
769
1755
-64
-98
-132
-166
-200
-999
-2308
463
429
395
361
327
548
1534
-285
-319
-353
123
-676
565
531
-778
-1322
174
140
361
1347
-472
-506
-30
-829
412
378
344
310
276
242
-1067
-1611
140
1636
-948
293
259
225
191
157
123
89
55
21
-13
718
-336
-1390
106
72
38
4
-30
-64
-98
-132
344
-455
786
1007
1993
174
-1135
-1679
-183
-217
-251
-285
191
-608
633
599
820
1806
-13
-47
-81
-115
-1424
-1968
38
-761
480
446
412
633
1619
-200
-234
-268
-302
174
-625
616
-693
-1237
259
225
191
412
1398
-421
-455
21
-778
463
429
395
361
-948
-1492
4
225
1211
-98
-897
344
310
276
242
208
174
140
106
72
-1237
-1016
735
191
157
-59
-90
-121
-152
-183
-214
-245
234
-562
682
651
875
1864
48
17
-14
-45
-1351
-1892
-393
86
-710
534
503
472
441
410
634
1623
-193
-224
-255
-286
-317
162
-634
-665
-1206
293
262
231
200
169
393
1382
-434
-465
14
-782
462
431
400
369
338
307
276
-1030
-1571
-72
152
1141
-165
-961
283
252
221
190
159
128
97
66
35
4
-27
452
-89
900
-1426
73
42
11
-20
-51
-82
-113
-144
-175
-206
273
-523
721
945
1934
118
87
-1219
-1760
-261
-292
-323
-354
125
-671
573
542
511
480
704
1693
-123
-154
-185
-216
-247
232
-1839
-1105
394
363
332
301
270
239
463
1452
-364
-395
-426
53
-743
501
470
439
408
-898
-1439
60
29
253
1242
-574
-95
-891
353
322
291
260
229
198
167
136
105
74
43
-1008
-19
-1070
174
143
112
81
50
19
-12
-43
-74
-105
-136
343
-453
1046
2035
219
188
-1118
-1659
-160
-191
-222
-253
-284
-315
164
-632
612
581
805
1794
-22
-53
-84
-115
-146
-1452
-1993
16
-780
464
433
402
371
340
564
1553
-263
-294
-325
-356
123
-673
571
540
509
-797
-1338
161
130
99
323
1312
-504
-535
-56
-852
392
361
330
299
268
237
206
175
-1131
-1672
82
1581
-1000
244
213
182
151
120
89
58
27
-4
-35
-66
-97
382
-159
2105
-986
-1527
-28
-59
-90
-121
-152
-183
-214
-245
234
-562
682
651
875
1864
48
17
-14
-45
-1351
-1892
-393
86
-710
534
503
472
441
410
634
1623
-193
-224
-255
-286
-317
162
-634
-665
-1206
293
262
231
200
169
393
1382
-434
-465
14
-782
462
431
400
369
338
307
276
-1030
-1571
-72
152
1141
-165
-961
283
252
221
190
159
128
97
66
35
4
-27
452
-89
900
-1426
73
42
11
-20
-51
-82
-113
-144
-175
-206
273
-523
721
945
1934
118
87
-1219
-1760
-261
-292
-323
-354
125
-671
573
542
511
480
704
1693
-123
-154
-185
-216
-247
232
-1839
-1105
394
363
332
301
270
239
463
1452
-364
-395
-426
53
-743
501
470
439
408
-898
-1439
60
29
253
1242
-574
-95
-891
353
322
291
260
229
198
167
136
105
74
43
-1008
-19
-1070
174
143
-1057
-1595
-93
-121
-149
-177
-205
-233
-261
-289
-317
165
-628
619
591
563
535
762
1754
-59
-87
-115
-143
-171
-199
-227
-1530
-1558
-821
426
398
370
342
314
286
258
485
1477
-336
-364
-392
-420
-448
34
-759
488
460
432
404
376
348
-955
-1493
9
-19
-47
180
1172
-641
-159
-952
295
267
239
211
183
155
127
99
71
43
15
-13
-41
-69
413
-125
867
-1456
46
18
-10
-38
-66
-94
-122
-150
-178
-206
-234
-262
220
-573
674
646
873
1865
52
24
-4
-32
-60
-1363
-1901
-399
-427
-455
27
-766
481
453
425
397
369
341
568
1560
-253
-281
-309
-337
-365
-393
89
-704
543
515
487
-816
-1354
148
120
92
64
291
1283
-530
-558
-76
-869
378
350
322
294
266
238
210
182
154
126
98
70
42
-1261
-1034
723
185
157
129
101
73
45
17
-11
-39
-67
-95
-123
-151
-179
303
-490
757
729
956
1948
135
107
79
-1224
-1762
-260
-288
-316
-344
-372
110
-683
564
536
508
480
452
679
1671
-142
-170
-198
-226
-254
-282
-310
172
-621
-649
-1187
315
287
259
231
203
175
147
374
1366
-447
-475
-503
-21
-814
433
405
377
349
321
293
265
237
209
181
-1122
-1660
97
1089
-214
-1007
240
212
184
156
128
100
72
44
16
-12
-40
-68
-96
-124
358
-435
1067
2059
246
-1057
-1595
-93
-121
-149
-177
-205
-233
-261
-289
-317
165
-628
619
591
563
535
762
1754
-59
-87
-115
-143
-171
-199
-227
-1530
-1558
-821
426
398
370
342
314
286
258
485
1477
-336
-364
-392
-420
-448
34
-759
488
460
432
404
376
348
-955
-1493
9
-19
-47
180
1172
-641
-159
-952
295
267
239
211
183
155
127
99
71
43
15
-13
-41
-69
413
-125
867
-1456
46
18
-10
-38
-66
-94
-122
-150
-178
-206
-234
-262
220
-573
674
646
873
1865
52
24
-4
-32
-60
-1363
-1901
-399
-427
-455
27
-766
481
453
425
397
369
341
568
1560
-253
-281
-309
-337
-365
-393
89
-704
543
515
487
-816
-1354
148
120
92
64
291
1283
-530
-558
-76
-869
378
350
322
294
266
238
210
182
154
126
98
70
42
-1261
-1034
723
185
157
129
1005
2000
190
165
140
115
-1185
-1720
-215
-240
-265
-290
-315
-340
-365
-390
-415
70
-720
530
505
480
455
430
405
380
610
1605
-205
-230
-255
-280
-305
-330
-355
-380
105
-685
565
540
515
490
465
-835
-1370
135
110
85
60
35
10
240
1235
-575
-600
-625
-140
-930
320
295
270
245
220
195
170
145
120
95
70
45
20
-5
-30
-55
-80
-105
380
-155
2115
-970
-1505
0
-25
-50
-75
-100
-125
-150
-175
-200
-225
-250
-275
-300
-325
160
-630
620
595
570
545
520
750
1745
-65
-90
-115
-140
-165
-190
-215
-240
-265
-290
-315
170
-1895
-1155
350
325
300
275
250
225
200
175
150
125
355
1350
-460
-485
-510
-535
-50
-840
410
385
360
335
310
285
260
235
210
185
160
135
110
85
60
35
-1265
-1545
1490
-1085
165
140
115
90
65
40
15
-10
-35
-60
-85
-110
-135
-160
-185
-210
-235
-260
225
-565
685
660
635
865
1860
50
25
0
-25
-50
-75
-100
-125
-1425
-1960
-455
-480
5
-785
465
440
415
390
365
340
315
290
265
495
1490
-320
-345
-370
-395
-420
-445
-470
15
-775
475
450
425
400
375
350
325
300
275
250
-1050
-1585
-80
-105
-130
100
1095
-205
-995
255
230
205
180
155
130
105
80
55
30
5
-20
-45
-70
-95
-120
-145
-170
315
-475
775
1005
2000
190
165
140
115
-1185
-1720
-215
-240
-265
-290
-315
-340
-365
-390
-415
70
-720
530
505
480
455
430
405
380
610
1605
-205
-230
-255
-280
-305
-330
-355
-380
105
-685
565
540
515
490
465
-835
-1370
135
110
85
60
35
10
240
1235
-575
-600
-625
-140
-930
320
295
270
245
220
195
170
145
120
95
70
45
20
-5
-30
-55
-80
-105
380
-155
2115
-970
-1505
0
-25
-50
-75
-100
-125
-150
-175
-200
-225
-250
-275
-300
-325
160
-630
620
595
570
545
520
750
1745
-65
-90
-115
-140
-165
-190
-215
-240
-265
-290
-315
170
-1895
-1155
350
325
300
275
250
225
200
175
150
125
355
1350
-460
-485
-510
-535
-50
-840
410
385
360
335
310
285
260
235
210
185
160
135
110
85
60
35
-1265
-1545
1490
-1085
165
140
115
262
-525
728
706
684
662
895
1893
86
64
42
20
-2
-24
-46
-68
-90
-112
-134
-156
-178
-200
-1497
-2029
-521
-543
-55
-842
411
389
367
345
323
301
279
257
235
213
191
169
147
125
103
336
1334
-473
-495
-517
-539
-561
-583
-95
-882
371
349
327
305
283
261
239
217
195
173
151
129
107
85
63
41
19
-3
-25
-47
-69
-91
-113
-135
353
-434
1074
2072
265
243
221
199
-1098
-1630
-122
-144
-166
-188
-210
-232
-254
-276
-298
-320
-342
-364
-386
-408
-430
58
-729
524
502
480
458
436
414
392
370
348
326
304
282
515
1513
-294
-316
-338
-360
-382
-404
-426
-448
-470
-492
-4
-791
462
440
418
396
374
352
330
308
286
264
242
220
198
176
154
132
110
88
66
-1231
-1763
-255
-22
1486
-1086
167
145
123
101
79
57
35
13
-9
-31
-53
-75
-97
-119
-141
-163
-185
-207
-229
-251
-273
-295
-317
-339
149
-638
615
593
571
549
527
505
483
461
694
1692
-115
-137
-159
-181
-203
-225
-247
-269
-291
-313
-335
-357
-379
109
-678
575
553
531
509
487
465
443
-854
-1386
122
100
78
56
34
12
-10
-32
-54
-76
157
1155
-652
-674
-696
-208
-995
258
236
214
192
170
148
126
104
82
60
38
16
-6
-28
-50
-72
-94
-116
-138
-160
-182
-204
-226
262
-525
728
706
684
662
895
1893
86
64
42
20
-2
-24
-46
-68
-90
-112
-134
-156
-178
-200
-1497
-2029
-521
-543
-55
-842
411
389
367
345
323
301
279
257
235
213
191
169
147
125
103
336
1334
-473
-495
-517
-539
-561
-583
-95
-882
371
349
327
305
283
261
239
217
195
173
151
129
107
85
63
41
19
-3
-25
-47
-69
-91
-113
-135
353
-434
1074
2072
265
243
221
199
-1098
-1630
-122
-144
-166
-188
-210
-232
-254
-276
-298
-320
-342
-364
-386
-408
-430
58
-729
524
502
480
458
436
414
392
370
348
326
304
282
515
1513
-294
-316
-338
-360
-382
-404
-426
-448
-470
-492
-4
-791
462
440
418
396
374
352
330
308
286
264
242
220
198
176
154
132
110
88
66
-1231
-1763
-255
-22
1486
-1086
167
145
123
101
-226
-245
-264
-283
-302
-321
170
-614
642
623
604
585
566
547
528
509
490
471
452
433
414
395
631
1632
-172
-191
-210
-229
-248
-267
-286
-305
-324
-343
-362
-381
-400
-419
-438
-457
-476
-495
-514
-23
-807
449
430
411
392
373
354
335
316
297
278
259
240
221
202
183
164
145
126
107
88
69
50
31
12
-7
-26
-45
-64
-83
-102
-121
-140
-159
-178
313
-471
785
766
747
728
964
1965
161
142
123
104
85
66
47
28
9
-10
-29
-48
-67
-86
-105
-124
-143
-162
-181
-200
-219
-238
-257
-276
-295
-314
-333
-352
-371
120
-664
592
573
554
535
516
497
478
459
440
421
-873
-1402
109
90
71
52
33
14
-5
-24
-43
-62
-81
-100
-119
-138
-157
-176
-195
-214
-233
3
1004
-800
-309
-1093
163
144
125
106
87
68
49
30
11
-8
-27
-46
-65
-84
-103
-122
-141
-160
-179
-198
-217
-236
-255
-274
-293
-312
-331
-350
-369
-388
-407
-426
-445
-464
-483
8
-776
480
461
442
423
404
385
366
347
328
309
290
271
252
233
214
195
176
157
138
119
100
81
317
1318
-486
-505
-524
-543
-562
-581
-600
-619
-638
-657
-166
-950
306
287
268
249
230
211
192
173
154
135
116
97
78
59
40
21
2
-17
-36
-55
-74
-93
-112
-131
-150
-169
-188
-207
-226
-245
-264
-283
-302
-321
170
-614
642
623
604
585
566
547
528
509
490
471
452
433
414
395
631
1632
-172
-191
-210
-229
-248
-267
-286
-305
-324
-343
-362
-381
-400
-419
-438
-457
-476
-495
-514
-23
-807
449
430
411
392
373
354
335
316
297
278
259
240
221
202
183
164
145
126
107
88
69
50
31
12
-7
-26
-45
-64
-83
-102
-121
-140
-159
-178
313
-471
785
766
747
728
964
1965
161
142
123
104
85
66
47
28
9
-10
-29
-48
-67
-86
-105
-124
-143
-162
-181
-200
-219
-238
-257
-276
-295
-314
-333
-352
-371
120
-664
592
573
554
535
516
497
478
459
440
421
-873
-1402
109
90
71
52
33
14
-5
-24
-43
-62
-81
-100
-119
-138
-157
-176
-195
-214
-233
3
1004
-800
-309
-1093
163
144
125
106
87
-204
-220
-236
-252
-268
-284
-300
-316
-332
-348
-364
-380
-396
-412
-428
-444
-460
-476
-492
-508
-524
-540
-46
-827
432
416
400
384
368
352
336
320
304
288
272
256
240
224
208
192
176
160
144
1403
1897
351
335
319
303
287
271
255
239
223
207
191
175
159
143
127
111
95
79
63
47
31
15
-1
-17
-33
-49
-65
-81
-97
-113
-129
-145
-161
-177
-193
-209
-225
-241
-257
-273
221
-560
699
683
667
651
635
619
603
587
571
555
539
523
507
491
475
459
443
427
411
395
379
363
347
331
315
299
283
267
251
235
219
203
187
171
155
139
123
107
91
75
59
298
1302
-499
-515
-531
-547
-563
-579
-595
-611
-627
-643
-659
-675
-691
-707
-723
-739
-755
-771
-787
-293
-1074
185
169
153
137
121
105
89
73
57
41
25
9
-7
-23
-39
-55
-71
-87
-103
1156
1650
104
88
72
56
40
24
8
-8
-24
-40
-56
-72
-88
-104
-120
-136
-152
-168
-184
-200
-216
-232
-248
-264
-280
-296
-312
-328
-344
-360
-376
-392
-408
-424
-440
-456
-472
-488
-504
-520
-536
-42
-823
436
420
404
388
372
356
340
324
308
292
276
260
244
228
212
196
180
164
148
132
116
100
84
68
52
36
20
4
-12
-28
-44
-60
-76
-92
-108
-124
-140
-156
-172
-188
-204
-220
-236
-252
-268
-284
-300
-316
-332
-348
-364
-380
-396
-412
-428
-444
-460
-476
-492
-508
-524
-540
-46
-827
432
416
400
384
368
352
336
320
304
288
272
256
240
224
208
192
176
160
144
1403
1897
351
335
319
303
287
271
255
239
223
207
191
175
159
143
127
111
95
79
63
47
31
15
-1
-17
-33
-49
-65
-81
-97
-113
-129
-145
-161
-177
-193
-209
-225
-241
-257
-273
221
-560
699
683
667
651
635
619
603
587
571
555
539
523
507
491
475
459
443
427
411
395
379
363
347
331
315
299
283
267
251
235
219
203
187
171
155
139
123
107
91
75
59
298
1302
-499
-515
-531
-547
-563
-579
-595
-611
-627
-643
-659
-675
-691
-707
-723
-739
-755
-771
-787
-293
-1074
185
169
153
137
121
105
89
73
-182
-195
-208
-221
-234
-247
-260
-273
-286
976
1473
-70
-83
-96
-109
-122
-135
-148
-161
-174
-187
-200
-213
-226
-239
-252
-265
-278
-291
-304
-317
-330
-343
-356
-369
-382
-395
-408
-421
-434
-447
-460
-473
-741
-1774
-2
-15
-28
-41
-54
-67
-80
-93
-106
-119
-132
-145
-158
-171
-184
1078
1575
32
19
6
-7
-20
-33
-46
-59
-72
-85
-98
-111
-124
-137
-150
-163
-176
-189
-202
-215
-228
-241
-254
-267
-280
-293
-306
-319
-332
-345
-358
-371
-384
-397
-410
-423
-436
-449
-462
-475
-488
-501
-514
-527
-540
-553
-566
-579
-592
670
1167
-376
-389
-402
-415
-428
-441
-454
-467
-480
-493
-506
-519
-532
-545
-558
-61
-839
423
410
397
384
371
358
345
332
319
306
293
280
267
254
241
228
215
202
189
176
163
150
137
124
111
98
85
72
59
46
33
20
1282
1779
236
223
210
197
184
171
-97
-1130
642
629
616
603
590
577
564
551
538
525
512
499
486
473
460
447
434
421
408
395
382
369
356
343
330
317
304
291
278
265
252
239
226
213
200
187
174
161
148
135
122
1384
1881
338
325
312
299
286
273
260
247
234
221
208
195
182
169
156
143
130
117
104
91
78
65
52
39
26
13
0
-13
-26
-39
-52
-65
-78
-91
-104
-117
-130
-143
-156
-169
-182
-195
-208
-221
-234
-247
-260
-273
-286
976
1473
-70
-83
-96
-109
-122
-135
-148
-161
-174
-187
-200
-213
-226
-239
-252
-265
-278
-291
-304
-317
-330
-343
-356
-369
-382
-395
-408
-421
-434
-447
-460
-473
-741
-1774
-2
-15
-28
-41
-54
-67
-80
-93
-106
-119
-132
-145
-158
-171
-184
1078
1575
32
19
6
-7
-20
-33
-46
-59
-72
-85
-98
-111
-124
-137
-150
-163
-176
-189
-202
-215
-228
-241
-254
-267
-280
-293
-306
-319
-332
-345
-358
-371
-384
-397
-410
-423
-436
-449
-462
-475
-488
-501
-514
-527
-540
-553
-566
-579
-592
670
1167
-376
-389
-402
-415
-428
-441
-454
-467
-480
-493
-506
-519
-532
-545
-558
-61
-839
423
410
397
384
371
358
345
332
319
306
293
280
267
254
241
228
215
202
189
176
163
150
137
124
111
98
85
72
59
1115
1615
75
65
55
45
35
25
15
-250
-1280
495
485
475
465
455
445
435
425
415
405
395
385
375
365
355
345
335
325
315
305
295
1560
2060
520
510
500
490
480
470
460
450
440
-80
675
-610
-620
-630
-640
-650
-660
-670
-680
-690
-700
-710
-720
-730
-740
-750
-1015
-2045
-270
-280
985
1485
-55
-65
-75
-85
-95
-105
-115
-125
-135
-145
-155
-165
-175
-185
-195
-205
-215
-225
-235
-245
-255
-265
-275
-285
-295
-305
-315
-325
-335
-345
920
1420
-120
-130
-140
-150
-160
-170
-180
-190
-200
-210
-220
-230
-240
-505
-1535
240
230
220
210
200
190
180
170
160
150
140
130
120
110
100
1365
1865
325
315
305
295
285
275
265
255
245
235
225
215
205
195
185
175
165
155
145
135
125
115
105
95
85
75
65
55
45
35
1300
1800
5
-1025
750
740
730
720
710
700
180
935
-350
-360
-370
-380
-390
-400
-410
-420
-430
-440
-450
-460
-470
-480
-490
-500
-510
-520
-530
-540
725
1225
-315
-325
-335
-345
-355
-365
-375
-385
-395
-405
-415
-425
-435
-445
-455
-465
-475
-485
-495
-760
-1790
-15
-25
-35
-45
-55
-65
-75
-85
1180
1680
140
130
120
110
100
90
80
70
60
50
40
30
20
10
0
-10
-20
-30
-40
-50
-60
-70
-80
-90
-100
-110
-120
-130
-140
-150
1115
1615
75
65
55
45
35
25
15
-250
-1280
495
485
475
465
455
445
435
425
415
405
395
385
375
365
355
345
335
325
315
305
295
1560
2060
520
510
500
490
480
470
460
450
440
-80
675
-610
-620
-630
-640
-650
-660
-670
-680
-690
-700
-710
-720
-730
-740
-750
-1015
-2045
-270
-280
985
1485
-55
-65
-75
-85
-95
-105
-115
-125
-135
-145
-155
-165
-175
-185
-195
-205
-215
-225
-235
-245
-255
-265
-275
-285
-295
-305
-315
-325
-335
-345
920
1420
-120
-130
-140
-150
-160
-170
-180
-190
-200
-210
-220
-230
-240
-505
-1535
240
230
220
210
200
190
180
170
160
150
140
130
120
110
100
1365
1865
325
315
305
295
285
275
265
255
245
235
225
215
205
195
185
175
165
155
145
135
125
115
105
95
85
75
65
55
45
-138
-1165
613
606
599
592
585
578
571
54
812
-470
-477
-484
-491
-498
-505
-512
-519
-526
742
1245
-292
-299
-306
-313
-320
-327
-334
-341
-348
-355
-617
-1644
134
127
120
113
106
99
92
85
78
1346
1849
312
305
298
291
284
277
270
263
256
249
242
235
228
221
214
-303
455
-827
-834
-1096
-2123
930
1433
-104
-111
-118
-125
-132
-139
-146
-153
-160
-167
-174
-181
-188
-195
-202
-209
-216
-223
-230
-237
-244
1024
1527
-10
-17
-24
-31
-38
-300
-1327
451
444
437
430
423
416
409
402
395
388
381
374
367
-150
1883
1111
-426
-433
-440
-447
-454
-461
-468
-475
-482
-489
-496
-503
-510
-517
-779
-1806
-28
-35
-42
-49
-56
-63
1205
1708
171
164
157
150
143
136
129
122
115
108
101
94
87
80
73
66
59
52
45
38
31
1299
1547
-1010
258
1016
-266
-273
-280
-287
-294
-301
-308
-315
-322
-329
-336
-343
-350
-357
-364
-371
-378
-385
883
1386
-151
-158
-165
-172
-179
-186
-193
-200
-462
-1489
289
282
275
268
261
254
247
240
233
226
219
1487
1990
453
446
439
432
425
418
-99
659
-623
-630
-637
-644
-651
-658
-665
-672
-934
-1961
-183
-190
-197
1071
1574
37
30
23
16
9
2
-5
-12
-19
-26
-33
-40
-47
-54
-61
-68
-75
-82
-89
-96
-103
1165
1668
131
124
-138
-1165
613
606
599
592
585
578
571
54
812
-470
-477
-484
-491
-498
-505
-512
-519
-526
742
1245
-292
-299
-306
-313
-320
-327
-334
-341
-348
-355
-617
-1644
134
127
120
113
106
99
92
85
78
1346
1849
312
305
298
291
284
277
270
263
256
249
242
235
228
221
214
-303
455
-827
-834
-1096
-2123
930
1433
-104
-111
-118
-125
-132
-139
-146
-153
-160
-167
-174
-181
-188
-195
-202
-209
-216
-223
-230
-237
-244
1024
1527
-10
-17
-24
-31
-38
-300
-1327
451
444
437
430
423
416
409
402
395
388
381
374
367
-150
1883
1111
-426
-433
-440
-447
-454
-461
-468
-475
-482
-489
-496
-503
-510
-517
-779
-1806
-28
-35
-42
-49
-56
-63
1205
1708
171
164
157
150
143
136
129
122
115
108
101
94
87
80
73
66
59
52
45
38
31
139
900
-379
-383
-387
-391
-395
-399
-403
-407
-411
-415
856
1362
-172
-176
-180
-184
-188
-192
-451
-1475
306
302
298
294
290
286
282
278
274
1545
1541
772
-507
-511
-515
-519
-523
-527
-531
-535
-539
-798
-1822
-41
-45
-49
-53
1218
1724
190
186
182
178
174
170
166
162
158
154
150
146
142
-372
389
-1145
-894
1397
-137
-141
-145
-149
-153
-157
-161
-165
-169
-173
-177
-181
-185
-189
-193
-197
1074
1580
46
42
-217
-1241
540
536
532
528
524
10
771
-508
-512
-516
-520
-524
-528
743
1249
-285
-289
-293
-297
-301
-305
-564
-1588
193
189
185
181
177
173
169
165
1436
1942
408
404
400
396
-118
643
-636
-640
-644
-648
-652
-656
-915
-1939
-158
-162
1109
1615
81
77
73
69
65
61
57
53
49
45
41
37
33
29
25
21
1292
1543
-1521
1025
-254
-258
-262
-266
-270
-274
-278
-282
-286
-290
-294
-298
-302
-306
965
1471
-63
-67
-71
-75
-334
-1358
423
419
415
411
407
403
399
395
-119
642
-637
634
1140
-394
-398
-402
-406
-410
-414
-418
-422
-681
-1705
76
72
68
64
60
56
1327
1833
299
295
291
287
283
279
275
271
-243
518
-761
-765
-769
-1028
-2052
-271
1000
1506
-28
-32
-36
-40
-44
-48
-52
-56
-60
-64
-68
-72
-76
-80
-84
-88
1183
1689
-100
-1124
657
653
139
900
-379
-383
-387
-391
-395
-399
-403
-407
-411
-415
856
1362
-172
-176
-180
-184
-188
-192
-451
-1475
306
302
298
294
290
286
282
278
274
1545
1541
772
-507
-511
-515
-519
-523
-527
-531
-535
-539
-798
-1822
-41
-45
-49
-53
1218
1724
190
186
182
178
174
170
166
162
158
154
150
146
142
-372
389
-1145
-894
1397
-137
-141
-145
-149
-153
-157
-161
-165
-169
-173
-177
-181
-185
-189
-193
-197
1074
1580
46
42
-217
-1241
540
536
532
528
524
10
771
-508
-512
-516
-520
-524
-528
743
1249
-285
-289
-293
-297
-301
-305
-564
-1588
193
189
185
181
177
173
169
165
1436
1942
408
404
400
396
-118
643
-636
-640
-644
-648
-652
-656
-915
-1939
-158
-162
1109
1615
81
77
73
69
65
61
57
53
49
45
41
37
33
29
25
21
1292
-349
-350
-351
-352
-353
-354
-355
-356
918
1427
-104
-105
-361
-1382
402
401
400
399
398
397
-114
650
-626
648
1157
-374
-375
-376
-377
-378
-379
-635
-1656
128
127
126
125
124
1398
1907
376
375
374
-137
627
-649
-650
-651
-652
-908
-1929
-145
-146
1128
1637
106
105
104
103
102
101
100
99
98
97
96
-415
94
-927
1367
-164
-165
-166
-167
-168
-169
-170
-171
-172
-173
-174
-175
-176
1098
1607
-179
-1200
584
583
72
836
-440
-441
-442
-443
-444
-445
-446
828
1337
-194
-195
-196
-197
-453
-1474
310
309
308
307
306
305
-206
1833
1067
-464
-465
-466
-467
-468
-469
-470
-726
-1747
37
36
35
34
1308
1817
286
285
284
283
282
281
-230
534
-742
-743
-999
-2020
-236
1038
1547
16
15
14
13
12
11
10
9
8
7
6
5
4
1023
2
1021
-255
-256
-257
-258
-259
-260
-261
-262
-263
-264
-265
-266
1008
1517
-14
-270
-1291
493
492
491
490
-21
743
-533
-534
-535
-536
738
1247
-284
-285
-286
-287
-288
-544
-1565
219
218
217
216
215
214
1488
1997
-44
720
-556
-557
-558
-559
-560
-561
-817
-1838
-54
-55
-56
1218
1727
196
195
194
193
192
191
190
189
-322
442
-834
-1090
-2111
948
1457
-74
-75
-76
-77
-78
-79
-80
-81
-82
-83
-84
-85
-86
1188
1442
-1109
165
929
-347
-348
-349
-350
-351
-352
-353
-354
-355
-356
918
1427
-104
-105
-361
-1382
402
401
400
399
398
397
-114
650
-626
648
1157
-374
-375
-376
-377
-378
-379
-635
-1656
128
127
126
125
124
1398
1907
376
375
374
-137
627
-649
-650
-651
-652
-908
-1929
-145
-146
1128
1637
106
105
104
103
102
101
100
99
98
97
96
-415
94
-927
1367
-164
-165
-166
-167
-168
-169
-170
-171
-172
-173
-174
-175
-176
1098
1607
-179
-1200
584
583
72
836
-440
-441
-442
-443
-444
-445
-446
828
1337
-194
-195
-196
-197
-453
-1474
310
309
308
307
306
305
-206
1833
1067
-464
-465
-466
-467
-468
-469
-470
-726
-1747
37
36
35
34
1308
1817
286
285
284
283
282
281
-230
534
-742
-743
-999
-2020
-236
1038
1547
16
15
14
13
12
11
10
9
8
7
6
5
4
1023
-327
-325
-323
-321
-319
958
1470
-58
-311
-1329
458
460
-48
719
-554
-552
-550
727
1239
-289
-287
-285
-283
-536
-1554
233
235
237
239
241
1518
1520
757
-516
-514
-512
-510
-508
-761
-1779
8
10
12
1289
1801
273
275
277
279
-229
538
-735
-733
-986
-2004
-217
1060
1572
44
46
48
50
52
54
56
58
60
-448
1339
-444
-187
-185
-183
-181
-179
-177
-175
-173
-171
-169
-167
1110
1622
-161
-1179
98
865
-408
-406
-404
-402
-400
-398
-396
881
1393
-135
-133
-386
-1404
383
385
387
389
-119
648
-625
652
1164
-364
-362
-360
-358
-611
-1629
158
160
162
164
1441
1953
425
-83
684
-589
-587
-585
-583
-836
-1854
-67
-65
1212
1724
196
198
200
202
204
206
-302
465
-808
-1061
-2079
983
1495
-33
-31
-29
-27
-25
-23
-21
-19
-17
-15
-13
499
756
-262
-260
-258
-256
-254
-252
-250
-248
-246
-244
1033
1545
17
-236
-1254
533
25
792
-481
-479
-477
-475
-473
804
1316
-212
-210
-208
-461
-1479
308
310
312
314
316
-192
1850
1087
-441
-439
-437
-435
-433
-686
-1704
83
85
87
89
1366
1878
350
352
-156
611
-662
-660
-658
-911
-1929
-142
1135
1647
119
121
123
125
127
129
131
133
-375
392
-1136
-879
1418
-110
-108
-106
-104
-102
-100
-98
-96
-94
-92
-90
1187
1444
-1614
938
-335
-333
-331
-329
-327
-325
-323
-321
-319
958
1470
-58
-311
-1329
458
460
-48
719
-554
-552
-550
727
1239
-289
-287
-285
-283
-536
-1554
233
235
237
239
241
1518
1520
757
-516
-514
-512
-510
-508
-761
-1779
8
10
12
1289
1801
273
275
277
279
-229
538
-735
-733
-986
-2004
-217
1060
1572
44
46
48
50
52
54
56
58
60
-448
1339
-444
-187
-185
-183
-181
-179
-177
-175
-173
-171
-169
-167
1110
1622
-161
-1179
98
865
-408
-406
-404
-402
-400
-398
-396
881
1393
-135
-133
-386
-1404
383
385
387
389
-119
648
-625
652
1164
-364
-362
-360
-358
-611
-1629
158
160
162
164
1441
1953
425
-83
684
-589
-587
-585
-583
-836
-1854
-67
-65
1212
1724
196
198
200
202
204
206
-302
465
-808
-1061
-2079
983
1495
-33
-31
-29
-27
-25
-23
-21
-19
-17
-15
-13
499
-305
-300
980
1495
-30
-280
-1295
495
-10
760
-510
-505
-500
780
1295
-230
-225
-475
-1490
300
305
310
315
-190
1855
1095
-430
-425
-420
-415
-665
-1680
110
115
120
1400
1915
390
-115
655
-615
-610
-605
-855
-1870
-80
-75
1205
1720
195
200
205
210
-295
475
-795
-1045
-2060
1005
1520
-5
0
5
10
15
20
25
30
-730
295
1320
-205
-200
-195
-190
-185
-180
-175
-170
-165
1115
1375
-1170
110
880
-390
-385
-380
-375
-370
-365
915
1430
-95
-345
-1360
430
435
-70
700
-570
-565
715
1230
-295
-290
-285
-535
-1550
240
245
250
255
1025
2305
-495
-490
-485
-480
-730
-1745
45
50
55
1335
1850
325
330
-175
595
-675
-670
-920
-1935
-145
1135
1650
125
130
135
140
145
150
-355
415
-1110
-850
1450
-75
-70
-65
-60
-55
-50
-45
-40
-35
1245
995
-785
-270
-265
-260
-255
-250
-245
-240
-235
1045
1560
-220
-1235
555
50
820
-450
-445
-440
-435
-430
850
1365
-160
-410
-1425
365
370
375
-130
640
-630
650
1165
-360
-355
-350
-600
-1615
175
180
185
190
1470
1475
715
-555
-550
-545
-540
-790
-1805
-15
-10
1270
1785
260
265
270
-235
535
-735
-985
-2000
-210
1070
1585
60
65
70
75
80
85
90
-415
100
-915
1385
-140
-135
-130
-125
-120
-115
-110
-105
-100
1180
1440
-1615
940
-330
-325
-320
-315
-310
-305
-300
980
1495
-30
-280
-1295
495
-10
760
-510
-505
-500
780
1295
-230
-225
-475
-1490
300
305
310
315
-190
1855
1095
-430
-425
-420
-415
-665
-1680
110
115
120
1400
1915
390
-115
655
-615
-610
-605
-855
-1870
-80
-75
1205
1720
195
200
205
210
-295
475
-795
-1045
-2060
1005
1520
-5
0
5
10
15
20
25
30
-730
295
1320
-205
-200
-195
-190
-185
-180
-175
-170
-165
1115
1375
-1170
110
880
-390
-385
-380
-375
-370
-365
915
1430
-95
-345
-1360
430
435
-70
700
-570
-565
715
1230
-295
-290
-285
-535
-1550
240
245
250
255
1025
2305
-495
-490
-485
-480
-730
-1745
45
50
55
1335
1850
325
330
-175
595
-675
-670
-920
-1935
-145
1135
1650
125
130
135
140
145
150
-355
415
-1110
-850
1450
-75
-70
-65
-60
-55
-50
-45
-40
-35
1245
995
992
1510
-267
-1279
514
12
785
-482
-474
-466
817
1335
-187
-434
-1446
347
355
-147
626
-641
642
1160
-362
-354
-601
-1613
180
188
196
204
977
2260
-537
-529
-521
-768
-1780
13
21
29
1312
1830
308
-194
579
-688
-680
-927
-1939
1129
1647
125
133
141
149
157
-345
428
-1094
-831
1472
-50
-42
-34
-26
-18
-10
-2
-504
1289
-488
-225
-217
-209
-201
-193
-185
-177
-169
1114
1377
-1675
883
-384
-376
-368
-360
-352
-344
939
1457
-320
-1332
461
-41
732
-535
-527
756
1274
-248
-240
-487
-1499
294
302
310
-192
1856
1099
-423
-415
-407
-654
-1666
127
135
143
1426
1434
677
-590
-582
-574
-821
-1833
-40
-32
1251
1769
247
255
-247
526
-741
-988
-2000
-207
1076
1594
72
80
88
96
104
-398
120
-892
1411
-111
-103
-95
-87
-79
-71
-63
-55
973
-39
989
-278
-270
-262
-254
-246
-238
-230
1053
1316
-1226
57
830
-437
-429
-421
-413
-405
878
1396
-126
-373
-1385
408
-94
679
-588
-580
703
1221
-301
-293
-540
-1552
241
249
257
1030
2313
-484
-476
-468
-460
-707
-1719
74
82
1365
1883
361
-141
632
-635
-627
-874
-1886
-93
1190
1708
186
194
202
-300
473
-794
-1041
-2053
1015
1533
11
19
27
35
43
51
-451
67
-945
1358
-164
-156
-148
-140
-132
-124
-116
-108
920
-92
936
-331
-323
-315
-307
-299
-291
992
1510
-267
-1279
514
12
785
-482
-474
-466
817
1335
-187
-434
-1446
347
355
-147
626
-641
642
1160
-362
-354
-601
-1613
180
188
196
204
977
2260
-537
-529
-521
-768
-1780
13
21
29
1312
1830
308
-194
579
-688
-680
-927
-1939
1129
1647
125
133
141
149
157
-345
428
-1094
-831
1472
-50
-42
-34
-26
-18
-10
-2
-504
1289
-488
-225
-217
-209
-201
-193
-185
-177
-169
1114
1377
-1675
883
-384
-376
-368
-360
-352
-344
939
1457
-320
-1332
461
-41
732
-535
-527
756
1274
-248
-240
-487
-1499
294
302
310
-192
1856
1099
-423
-415
-407
-654
-1666
127
135
143
1426
1434
677
-590
-582
-574
-821
-1833
-40
-32
1251
1769
247
255
-247
526
-741
-988
-2000
-207
1076
1594
72
80
88
96
104
-398
120
-892
1411
-111
-103
-95
-87
-79
-71
-63
-55
973
-39
1269
-1270
16
792
-472
-461
-450
-439
847
1368
-406
-1415
381
-118
658
-606
680
1201
-318
-307
-551
-1560
236
247
-252
1799
1045
-474
-463
-452
-696
-1705
91
102
1388
1399
645
-619
-608
-597
-841
-1850
-54
1232
1753
234
245
-254
522
-997
-2006
-210
1076
1597
78
89
100
111
-388
133
-876
1430
-89
-78
-67
-56
-45
-34
-23
498
764
-245
-234
-223
-212
-201
-190
-179
1107
1373
-1676
885
-379
-368
-357
-346
-335
951
1472
-302
-1311
-25
751
-513
-502
-491
795
1316
-458
-1467
329
340
-159
617
628
1149
-370
-359
-603
-1612
184
195
206
982
2268
-526
-515
-504
-748
-1757
39
50
1336
1857
-172
604
-660
-649
-893
-1902
-106
1180
1701
182
193
-306
470
-794
-1038
-2047
1024
1545
26
37
48
59
-440
81
-928
1378
-141
-130
-119
-108
-97
-86
-75
446
712
-297
-286
-275
-264
-253
-242
-231
1055
1321
-1728
833
-431
-420
-409
-398
-387
899
1420
-354
-1363
433
-66
710
-554
-543
743
1264
-255
-499
-1508
288
299
-200
1851
1097
-422
-411
-655
-1664
132
143
154
1440
1451
697
-567
-556
-800
-1809
-13
-2
1284
1805
286
-213
563
-701
-945
-1954
-158
1128
1649
130
141
152
-347
429
-1090
-824
1482
-37
-26
-15
-4
7
18
-481
1315
-459
-193
-182
-171
-160
-149
-138
-127
1159
915
-859
-338
-327
-316
-305
-294
-283
1003
1269
-1270
16
792
-472
-461
-450
-439
847
1368
-406
-1415
381
-118
658
-606
680
1201
-318
-307
-551
-1560
236
247
-252
1799
1045
-474
-463
-452
-696
-1705
91
102
1388
1399
645
-619
-608
-597
-841
-1850
-54
1232
1753
234
245
-254
522
-997
-2006
-210
1076
1597
78
89
100
111
-388
133
-876
1430
-89
-78
-67
-56
-45
-34
-23
498
764
-245
-234
-223
-212
-201
-190
-179
1107
1373
-1676
885
-379
-368
-357
-346
-335
951
1472
-302
-1311
-25
751
-513
-502
-491
795
1316
-458
-1467
329
340
-159
617
628
1149
-370
-359
-603
-1612
184
195
206
982
2268
-526
-515
-504
-748
-1757
39
50
1336
1857
-172
604
-660
-649
-893
-1902
-106
1180
1701
182
193
-306
470
-794
-1038
-2047
1024
1545
26
37
48
59
-440
81
-928
1378
-141
-130
-119
-108
-97
-86
-75
446
712
-1769
795
-466
-452
-438
-424
865
1389
-382
-1388
-99
680
-581
-567
722
1246
-525
-1531
268
282
-214
565
579
1103
-413
-654
-1660
139
153
167
946
2235
-556
-542
-783
-1789
10
24
1313
1837
-189
590
-671
-912
-1918
1156
1680
164
178
-318
461
-800
-1041
-772
1537
21
35
49
63
-433
91
-915
1394
-122
-108
-94
-80
-66
-52
472
741
-265
-251
-237
-223
-209
-195
1094
1363
-1683
881
-380
-366
-352
-338
951
1475
-296
-1302
-13
766
-495
-481
808
1332
-184
-425
-1431
-142
637
-624
665
1189
-327
-568
-1574
225
239
-257
1797
1046
-470
-456
-697
-1703
96
110
1399
1413
662
-599
-585
-826
-1832
-33
1256
1780
264
-232
547
-714
-955
-1961
1113
1637
121
135
149
-347
432
-1084
-815
1494
-22
-8
6
20
-476
48
-958
1351
-165
-151
-137
-123
-109
-95
429
698
-308
-294
-280
-266
-252
-238
1051
1320
-1726
838
-423
-409
-395
-381
908
1432
-339
-1345
-56
723
-538
-524
765
1289
-227
-468
-1474
325
-171
608
622
1146
-370
-611
-1617
182
196
-300
1754
1003
-513
-499
-740
-1746
53
67
1356
1370
619
-642
-628
-869
-1875
-76
1213
1737
221
-275
504
-757
-998
-2004
1070
1594
78
92
106
-390
134
-2147
927
1451
-65
-51
-37
-23
-9
-760
274
1308
-208
-194
-180
-166
-152
-138
896
-110
924
-337
-323
-309
-295
-281
1008
1277
-1769
795
-466
-452
-438
-424
865
1389
-382
-1388
-99
680
-581
-567
722
1246
-525
-1531
268
282
-214
565
579
1103
-413
-654
-1660
139
153
167
946
2235
-556
-542
-783
-1789
10
24
1313
1837
-189
590
-671
-912
-1918
1156
1680
164
178
-318
461
-800
-1041
-772
1537
21
35
49
63
-433
91
-915
1394
-122
-108
-94
-80
-66
-52
472
741
-265
-251
-237
-223
-209
-195
1094
1363
-1683
881
-380
-366
-352
-338
951
1475
-296
-1302
-13
766
-495
-481
808
1332
-184
-425
-1431
-142
637
-624
665
1189
-327
-568
-1574
225
239
-257
1797
1046
-470
-456
-697
-1703
96
110
1399
1413
662
-599
-585
-826
-1832
-33
1256
1780
264
-232
547
-714
-955
-1961
1113
1637
121
135
149
-347
432
-1084
-815
1494
-22
-8
6
20
-476
48
-958
1351
-165
-151
-137
-123
-109
-95
429
698
803
-455
-438
-421
871
1398
-370
-1373
-81
701
-557
735
1262
-251
-489
-1492
-200
582
-676
616
1143
-370
-608
-1611
191
-302
1755
1007
-506
-489
-727
-1730
72
1364
1381
633
-625
-608
-846
-1849
1228
1755
242
-251
531
-982
-1985
-183
1109
1636
123
140
-353
174
-2104
973
1500
-13
4
21
-472
55
-948
1364
-149
-132
-115
-98
-81
-829
208
1245
-268
-251
-234
-217
-200
837
-166
871
-387
-370
-353
-336
956
1228
-1305
-13
769
-489
-472
820
1347
-421
-1424
378
-115
667
-591
701
1228
-540
-1543
259
-234
548
565
1092
-421
-659
-1662
140
157
939
2231
-557
-540
-778
-1781
21
38
1330
1347
599
-659
-897
-1900
-98
1194
1721
208
-285
497
-1016
-2019
1058
1585
72
89
106
-387
140
-863
1449
-64
-47
-30
-13
-506
21
-982
1330
-183
-166
-149
-132
-115
412
684
-319
-302
-285
-268
-251
1041
1313
-1730
837
-421
-404
-387
-370
922
1194
-1339
-47
735
-523
-506
786
1313
-455
-1458
344
-149
633
650
1177
-336
-574
-1577
225
-268
1789
1041
-472
-455
-693
-1696
106
123
905
2197
-591
-574
-812
-1815
-13
1279
1806
-217
565
-693
-931
-1934
1143
1670
157
174
-319
463
-1050
-2053
1024
1551
38
55
-438
344
-1169
-897
1415
-98
-81
-64
-47
-540
1262
-506
-234
-217
-200
-183
-166
1126
888
-880
-353
-336
-319
-302
-285
1007
1279
-1764
803
-455
-438
-421
871
1398
-370
-1373
-81
701
-557
735
1262
-251
-489
-1492
-200
582
-676
616
1143
-370
-608
-1611
191
-302
1755
1007
-506
-489
-727
-1730
72
1364
1381
633
-625
-608
-846
-1849
1228
1755
242
-251
531
-982
-1985
-183
1109
1636
123
140
-353
174
-2104
973
1500
-13
4
21
-472
55
-948
1364
-149
-132
-115
-98
-81
-829
208
1245
-268
-251
-234
-217
-200
837
-166
871
-387
-370
-353
-336
956
1228
-1305
-13
769
-489
-472
820
1347
-421
-1424
378
-115
667
-591
701
1228
-540
-1543
259
-234
548
565
1092
-421
-659
-1662
140
157
939
2231
-557
-540
-778
-1781
21
38
1330
1347
599
-659
-897
-1900
-98
1194
1721
208
-285
497
-1016
-2019
1058
1585
72
89
106
-387
140
-863
1449
-64
-47
-30
-13
-506
21
-982
1330
-183
-166
-149
-132
-115
412
684
-450
-430
-410
885
1160
-1370
-75
710
-545
750
1280
-485
-1485
320
-170
615
635
1165
-345
-580
-1580
225
-265
1795
1050
-460
-695
-1695
110
1405
1425
680
-575
-810
-1810
-5
1290
1820
-200
585
-925
-1925
-120
1175
1705
-315
470
-785
-1020
-2020
1060
1590
80
-410
375
-1135
-860
1455
-55
-35
-15
-505
25
-975
1340
-170
-150
-130
-110
-600
1205
-560
-285
-265
-245
-225
1070
835
-930
-400
-380
-360
-340
955
1230
-1810
760
-495
-475
-455
840
1115
-1415
-120
665
-590
-570
725
1255
-510
-1510
-215
570
590
1120
-390
-625
-1625
180
-310
1750
1005
-505
-740
-1740
65
85
870
2165
-620
-600
-835
-1835
1245
1775
-245
540
-715
-950
-1950
1130
1660
150
-340
445
-1065
-2065
1015
1545
35
55
-435
95
-905
1410
-100
-80
-60
-40
-530
1275
-490
-215
-195
-175
-155
-135
395
670
-330
-310
-290
-270
-250
790
-210
830
-425
-405
-385
910
1440
-325
-1835
735
-520
-500
795
1325
-440
-1440
-145
640
-615
680
1210
-555
-1555
250
-240
1820
1075
-435
-670
-1670
135
155
940
2235
-550
-530
-765
-1765
40
1335
1355
610
-645
-880
-1880
-75
1220
1750
-270
515
-995
-1995
1085
1615
105
125
-365
420
-1090
-815
1500
-10
10
30
-460
70
-930
1385
-125
-105
-85
-65
465
740
-260
-240
-220
-200
-180
860
-140
900
-355
-335
-315
-295
1000
1275
-1765
805
-450
-430
-410
885
1160
-1370
-75
710
-545
750
1280
-485
-1485
320
-170
615
635
1165
-345
-580
-1580
225
-265
1795
1050
-460
-695
-1695
110
1405
1425
680
-575
-810
-1810
-5
1290
1820
-200
585
-925
-1925
-120
1175
1705
-315
470
-785
-1020
-2020
1060
1590
80
-410
375
-1135
-860
1455
-55
-35
-15
-505
25
-975
1340
-170
-150
-130
-110
-600
1205
-560
-285
-265
-245
-225
1070
835
-930
-400
-380
-360
-340
955
1230
-1810
760
-495
-475
-455
840
1115
-1415
-120
665
-590
-570
725
1255
-510
-1510
-215
570
590
1120
-390
-625
-1625
180
-310
1750
1005
-505
-740
-1740
65
85
870
2165
-620
-600
-835
-1835
1245
1775
-245
540
-715
-950
-1950
1130
1660
150
-340
445
-1065
-2065
1015
1545
35
55
-435
95
-905
1410
-100
-80
-60
-40
-530
1275
-490
-215
-195
-175
-155
-135
395
670
-428
870
1403
-359
-1866
707
-545
-522
776
1054
-1473
-175
613
-639
659
1192
-570
-1567
241
-246
1817
1075
-432
-664
-1661
147
935
2233
-549
-781
-1778
30
1328
1351
609
-643
-875
-1872
-64
1234
1257
515
-737
-969
-1966
1117
1650
143
-344
444
-1063
-785
1533
26
49
-438
95
-902
1416
-91
-68
-45
-532
1
-996
1322
-185
-162
-139
-116
417
695
-302
-279
-256
-233
810
-187
856
-396
-373
-350
948
1226
-1811
762
-490
-467
831
1364
-398
-1905
668
-584
-561
737
1270
-492
-1489
-191
597
620
1153
-609
-1606
202
-285
1778
1036
-471
-703
-1700
108
896
2194
-588
-565
-797
-1794
14
1312
1335
593
-914
-1911
-103
1195
1728
-289
499
-1008
-2005
1078
1611
104
-383
405
-1102
-824
1494
-13
10
-477
56
-941
1377
-130
-107
-84
-61
-803
240
1283
-224
-201
-178
-155
378
656
-341
-318
-295
-272
1026
794
-968
-435
-412
-389
909
1187
-1340
-42
746
-506
-483
815
1093
-1434
-136
652
-600
698
1231
-531
-1528
-230
558
581
1114
-648
-1645
163
-324
1739
997
-510
-742
-1739
69
1367
1390
648
-604
-836
-1833
-25
1273
1296
554
-698
-930
-1927
1156
1689
-328
460
-1047
-2044
1039
1572
65
88
-399
134
-863
1455
-52
-29
-6
-493
1315
-447
-169
-146
-123
-100
-842
201
1244
-263
-240
-217
-194
339
617
-380
-357
-334
-311
987
1265
-1772
801
-451
-428
870
1403
-359
-1866
707
-545
-522
776
1054
-1473
-175
613
-639
659
1192
-570
-1567
241
-246
1817
1075
-432
-664
-1661
147
935
2233
-549
-781
-1778
30
1328
1351
609
-643
-875
-1872
-64
1234
1257
515
-737
-969
-1966
1117
1650
143
-344
444
-1063
-785
1533
26
49
-438
95
-902
1416
-91
-68
-45
-532
1
-996
1322
-185
-162
-139
-116
417
695
-302
-279
-256
-233
810
-187
856
-396
-373
-350
948
1226
-1811
762
-490
-467
831
1364
-398
-1905
668
-584
-561
737
1270
-492
-1489
-191
597
620
1153
-609
-1606
202
-285
1778
1036
-471
-703
-1700
108
896
2194
-588
-565
-797
-1794
14
1312
1335
593
-914
-1911
-103
1195
1728
-289
499
-1008
-2005
1078
1611
104
-383
405
-1102
-824
1494
-13
10
-477
56
-941
1377
-130
-107
-84
-61
-803
240
1283
-224
-201
-178
-155
378
656
869
1150
-1374
-73
718
-531
770
1306
-453
-1957
619
-630
671
1207
-552
-1546
-245
546
572
1108
-651
-1645
166
-318
1748
1009
-750
-1744
67
858
2159
-620
-849
-1843
-32
1269
1295
556
-693
-922
-1916
1170
1706
-308
483
-1021
-2015
1071
1607
103
-381
155
-839
1482
-22
4
-480
56
-938
1383
-121
-95
-69
-553
1258
-501
-220
-194
-168
-142
394
675
-319
-293
-267
-241
295
576
-418
-392
-366
935
1216
-1818
758
-491
-465
836
1117
-1407
-106
685
-564
737
1273
-486
-1480
-179
612
638
1174
-585
-1579
-278
513
539
1075
-684
-1678
133
924
2225
-554
-783
-1777
34
1335
1361
622
-627
-856
-1850
1236
1262
523
-726
-955
-1949
1137
1673
-341
450
-1054
-2048
1038
1574
70
-414
122
-872
1449
-55
-29
-513
23
-971
1350
-154
-128
-102
-586
1225
-534
-253
-227
-201
-175
361
642
-352
-326
-300
-274
772
-222
824
-425
-399
902
1183
-1851
725
-524
-498
803
1339
-420
-1924
652
-597
704
1240
-519
-1513
-212
579
605
1141
-618
-1612
-311
480
506
1042
-717
-1711
100
891
2192
-587
-816
-1810
1
1302
1328
589
-660
-889
-1883
1203
1739
-275
516
-988
-1982
1104
1640
-374
417
-1087
-2081
1005
1541
37
-447
89
-905
1416
-88
-62
-36
-775
271
1317
-187
-161
-135
-619
1192
-567
-286
-260
-234
-208
328
609
-385
-359
-333
-307
739
-255
791
-458
-432
869
1150
-1374
-73
718
-531
770
1306
-453
-1957
619
-630
671
1207
-552
-1546
-245
546
572
1108
-651
-1645
166
-318
1748
1009
-750
-1744
67
858
2159
-620
-849
-1843
-32
1269
1295
556
-693
-922
-1916
1170
1706
-308
483
-1021
-2015
1071
1607
103
-381
155
-839
1482
-22
4
-480
56
-938
1383
-121
-95
-69
-553
1258
-501
-220
-194
-168
-142
394
675
-319
-293
-267
-241
295
576
-418
-392
-366
935
1216
-1818
758
-491
-465
836
1117
-1407
-106
685
-564
737
1273
-486
-1480
-179
612
638
1174
-585
-1579
-278
513
539
1075
-684
-1678
133
924
2225
-554
-783
-1777
34
1335
1361
622
-627
-856
-1850
1236
1262
523
-726
-955
-1949
1137
1673
-341
450
-1054
-2048
1038
1574
70
-414
122
-872
1449
-55
-29
-513
23
-971
1350
-154
-128
-102
-586
1225
-534
-253
-227
-201
-175
361
642
1146
-1885
694
-552
-523
781
1065
-1456
-152
642
671
1210
-546
-1537
-233
561
590
1129
-627
-1618
-314
1755
1019
-482
-708
-1699
-395
1674
938
-818
-1809
5
799
2103
-673
-899
-1890
1199
1738
-273
521
-980
-1971
1118
1657
-354
440
-1061
-777
1547
46
-435
104
-2162
927
1466
-35
-516
23
-968
1356
-145
-116
-87
-823
226
1275
-226
-197
-168
371
655
-336
-307
-278
1026
800
-956
-417
-388
-359
690
-301
748
-498
-469
835
1119
-1912
667
-579
-550
754
1038
-1483
-179
615
644
1183
-573
-1564
-260
534
563
1102
-654
-1645
-341
1728
992
-764
-1755
59
853
2157
-619
-845
-1836
-22
1282
1311
575
-926
-1917
1172
1711
-300
494
-1007
-1998
1091
1630
-381
413
-1088
-804
1520
19
-462
77
-914
1410
-91
-62
-543
-4
-995
1329
-172
-143
-114
425
709
-282
-253
-224
-195
344
628
-363
-334
-305
999
773
-983
-444
-415
-386
663
-328
721
-525
-496
808
1092
-1429
-125
669
698
1237
-519
-1510
-206
588
617
1156
-600
-1591
-287
1782
1046
-455
-681
-1672
-368
1701
965
-791
-1782
32
826
2130
-646
-872
-1863
-49
1255
1284
548
-953
-1944
1145
1684
-327
467
-1034
-750
1574
73
-408
386
-1115
-831
1493
-8
-489
50
-941
1383
-118
-89
-570
-31
-1022
1302
-199
-170
-141
398
682
-309
-280
-251
-222
317
601
-390
-361
-332
972
746
-1010
-471
-442
862
1146
-1885
694
-552
-523
781
1065
-1456
-152
642
671
1210
-546
-1537
-233
561
590
1129
-627
-1618
-314
1755
1019
-482
-708
-1699
-395
1674
938
-818
-1809
5
799
2103
-673
-899
-1890
1199
1738
-273
521
-980
-1971
1118
1657
-354
440
-1061
-777
1547
46
-435
104
-2162
927
1466
-35
-516
23
-968
1356
-145
-116
-87
-823
226
1275
-226
-197
-168
371
655
-336
-307
-278
1026
800
-956
-417
-388
-359
690
-301
748
-498
-469
835
1119
-1912
667
-579
-550
754
1038
-1483
-179
615
644
1183
-573
-1564
-260
534
563
1102
-654
-1645
-341
1728
992
-764
-1755
59
853
2157
-619
-845
-1836
-22
1282
1311
575
-926
-1917
1172
1711
-300
494
-1007
-1998
1091
1630
-381
413
-1088
-804
1520
19
-462
77
-914
1410
-91
-62
-543
-4
-995
1329
-172
-143
-114
425
709
-282
-253
-224
-195
344
628
-362
690
-553
-521
786
1073
-1955
627
-616
691
978
-1540
-233
564
596
1138
-615
-1603
-296
1776
1043
-710
-1698
119
916
2223
-550
-773
-1761
821
2128
-645
-868
-1856
1236
1268
535
-963
-1951
1141
1683
-325
472
-1026
-2014
1078
1620
-388
154
-2109
983
1525
-483
314
-1184
-897
1430
-68
-546
-4
-992
1335
-163
-131
-609
1208
-545
-258
-226
-194
348
635
-353
-321
-289
763
-225
827
-416
-384
923
700
-1053
-511
-479
828
1115
-1913
669
-574
733
1275
-478
-1976
606
-637
670
957
-1561
-254
543
575
1117
-636
-1624
-317
1755
1022
-731
-1719
-412
1660
927
-826
-1814
3
800
2107
-666
-889
-1877
1215
1247
514
-984
-1972
1120
1662
-346
451
-1047
-760
1567
69
-409
133
-855
1472
-26
-504
38
-950
1377
-121
-89
-567
-25
-1013
1314
-184
-152
-885
167
1219
-279
-247
-215
327
614
-374
-342
-310
742
-246
806
-437
-405
902
679
-1074
-532
-500
807
1094
-1934
648
-595
712
999
-1519
-212
585
617
1159
-594
-1582
-275
1797
1064
-689
-1677
140
937
2244
-529
-752
-1740
-433
1639
906
-847
-1835
-18
779
2086
-687
-910
-1898
1194
1226
493
-1005
-1993
1099
1641
-367
175
-2088
1004
1546
48
-430
112
-876
1451
-47
-525
17
-971
1356
-142
-110
-588
1229
-524
-237
-205
-173
369
656
-332
-300
-268
1039
816
-937
-395
-363
-331
721
-267
785
-458
-426
626
-362
690
-553
-521
786
1073
-1955
627
-616
691
978
-1540
-233
564
596
1138
-615
-1603
-296
1776
1043
-710
-1698
119
916
2223
-550
-773
-1761
821
2128
-645
-868
-1856
1236
1268
535
-963
-1951
1141
1683
-325
472
-1026
-2014
1078
1620
-388
154
-2109
983
1525
-483
314
-1184
-897
1430
-68
-546
-4
-992
1335
-163
-131
-609
1208
-545
-258
-226
-194
348
635
-353
-321
-289
763
-225
827
-416
-384
923
700
-1053
-511
-479
828
1115
-1913
669
-574
733
1275
-478
-1976
606
-637
670
957
-1561
-254
543
575
1117
-636
-1624
-317
1755
1022
-731
-1719
-412
1660
927
-826
-1814
3
800
2107
-666
-889
-1877
1215
1247
514
-984
-1972
1120
1662
-346
451
-1047
-760
1567
69
-409
133
-855
1472
-26
-504
38
-950
1377
-121
-89
-567
-25
-1013
1314
-184
-152
-885
167
1219
-279
-247
-215
327
614
-1105
-560
-525
785
1075
-1950
635
-605
705
995
-2030
555
590
1135
-615
-1600
-290
1785
1055
-695
-1680
-370
1705
975
-775
-1760
60
860
2170
-855
-1840
-20
780
2090
-935
-1920
1175
1210
480
-1015
-2000
1095
1640
-365
435
-1060
-770
1560
-445
355
-1140
-850
1480
-15
-490
55
-930
1400
-95
-570
1250
-500
-210
-175
-140
405
695
-290
-255
-220
325
615
-370
-335
-300
245
535
-450
-415
-380
675
-310
745
-495
-460
595
-390
665
-575
735
1025
-1490
-180
620
655
1200
-550
-2045
540
575
1120
-630
-1615
-305
1770
1040
-710
-1695
-385
1690
960
-790
-1775
810
2120
-650
-870
-1855
1240
1275
545
-950
-1935
1160
1195
465
-1030
-2015
1080
1625
-380
165
-2095
1000
1545
-460
85
-900
1430
-65
-540
5
-980
1350
-145
-110
-585
1235
-515
-225
-190
-665
1155
-595
-305
-270
-235
310
600
-385
-350
-315
230
520
-465
-430
880
1170
-1855
730
-510
800
1090
-1935
650
-590
720
1010
-2015
570
-670
640
930
-1585
-275
525
560
850
-1665
-355
1720
990
-760
-1745
75
875
2185
-585
-805
-1790
795
2105
-665
-885
-1870
1225
1260
530
-965
-1950
1145
1180
450
-1045
-755
1575
-430
370
-1125
-835
1495
0
-475
70
-915
1415
-80
-555
-10
-995
1335
-160
-125
-855
200
1255
-240
-205
340
630
-355
-320
-285
770
-215
840
-400
-365
945
725
-1025
-480
-445
865
645
-1105
-560
-525
785
1075
-1950
635
-605
705
995
-2030
555
590
1135
-615
-1600
-290
1785
1055
-695
-1680
-370
1705
975
-775
-1760
60
860
2170
-855
-1840
-20
780
2090
-935
-1920
1175
1210
480
-1015
-2000
1095
1640
-365
435
-1060
-770
1560
-445
355
-1140
-850
1480
-15
-490
55
-930
1400
-95
-570
1250
-500
-210
-175
-140
405
695
-290
-255
-220
325
615
-370
-335
-300
245
535
-450
-415
-380
675
-310
745
-495
-460
595
-390
665
-575
735
1025
-1490
-180
620
655
1200
-550
-2045
540
575
1120
-630
-1615
-305
1770
1040
-710
-1695
-385
1690
960
-790
-1775
810
2120
-650
-870
-1855
1240
1275
545
-950
-1935
1160
1195
465
-1030
-2015
1080
1625
-380
165
-2095
1000
1545
-460
85
-900
1430
-65
-540
5
-980
1350
-145
-110
-585
1235
-515
-225
-190
-665
1155
-595
-305
-270
-235
310
600
702
-535
778
1071
-1951
637
675
1223
-524
-2016
572
610
903
-1609
-296
507
545
838
-1674
-361
1717
990
-757
-1739
-426
1652
925
-822
-1804
784
2097
-670
-887
-1869
719
2032
-990
-1972
1126
1164
437
-1055
-2037
1061
1609
-393
155
-827
1506
14
-458
90
-892
1441
-51
-523
1300
-447
-154
-116
-843
215
1273
-219
-181
-908
150
1208
-284
-246
302
595
-387
-349
-311
237
530
-452
-414
899
682
-1065
-517
-479
834
617
-1130
-582
731
1024
-1998
590
-647
666
959
-1553
-240
1838
1111
-636
-1618
-305
1773
1046
-701
-1683
-370
1708
981
-766
-1748
840
2153
-869
-1851
-28
775
2088
-934
-1916
1182
1220
493
-999
-1981
1117
1155
428
-1064
-771
1562
-440
363
-1129
-836
1497
-505
43
-939
1394
-98
-570
-22
-1004
1329
-163
-125
-852
206
1264
-228
-190
358
651
-331
-293
-255
293
586
-396
-358
955
738
-1009
-461
-423
635
-347
711
-526
787
1080
-1942
646
-591
722
1015
-2007
581
619
1167
-580
-2072
516
554
1102
-645
-2137
451
489
782
-1730
-417
1661
934
-813
-1795
28
831
2144
-878
-1860
1238
1276
549
-943
-1925
1173
1211
484
-1008
-715
1618
-384
164
-2093
1005
1553
-449
99
-883
1450
-42
-514
34
-948
1385
-107
-579
-31
-1013
1320
-172
-644
1179
-568
-275
-237
-964
94
1152
-340
-302
246
539
-443
-405
-367
691
-291
767
-470
843
1136
-1886
702
-535
778
1071
-1951
637
675
1223
-524
-2016
572
610
903
-1609
-296
507
545
838
-1674
-361
1717
990
-757
-1739
-426
1652
925
-822
-1804
784
2097
-670
-887
-1869
719
2032
-990
-1972
1126
1164
437
-1055
-2037
1061
1609
-393
155
-827
1506
14
-458
90
-892
1441
-51
-523
1300
-447
-154
-116
-843
215
1273
-219
-181
-908
150
1208
-284
-246
302
595
-387
-349
-311
237
530
-452
-414
899
682
-1065
-517
-479
834
617
-1130
-582
731
1024
-1998
590
-647
666
959
-1553
-240
1838
1111
-636
-1618
-305
1773
1046
-701
-1683
-370
1708
981
-766
-1748
840
2153
-869
-1851
-28
775
2088
-934
-1916
1182
1220
493
-999
-1981
1117
1155
428
-1064
-771
1562
-440
363
-1129
-836
1497
-505
43
-939
1394
-98
-570
-22
-1004
1329
-163
-125
-852
206
1264
-228
-190
358
651
-331
-293
-255
293
586
-551
765
1061
-1958
633
674
970
-1539
-223
583
624
920
-2099
492
533
1084
-660
-2149
1717
993
-751
-1730
-414
1667
943
-801
-1780
811
2127
-892
-1871
1230
1271
547
-942
-1921
670
1986
-1033
-2012
1089
1130
406
-1083
-787
1549
-450
101
-2153
948
1499
-500
51
-928
1408
-81
-805
256
1317
-172
-641
-90
-1069
1267
-222
-691
1135
-609
-313
-272
279
575
-404
-363
-322
229
525
-454
-413
648
-331
730
-504
812
1108
-1911
680
721
1017
-2002
589
-645
671
967
-2052
539
580
876
-1633
-317
1764
1040
-704
-1683
-367
1714
990
-754
-1733
858
2174
-845
-1824
767
2083
-681
-895
-1874
717
2033
-986
-1965
1136
1177
453
-1036
-740
1596
-403
148
-2106
995
1546
-453
98
-881
1455
-544
7
-972
1364
-125
-594
-43
-1022
1314
-175
-644
1182
-562
-266
-225
326
622
-357
-316
-275
276
572
-407
-366
695
-284
777
-457
859
645
-1099
-548
-507
554
-425
636
-598
718
1014
-2005
586
627
923
-1586
-270
536
577
873
-1636
-320
1761
1037
-707
-2196
1670
946
-798
-1777
-461
1620
896
-848
-1827
764
2080
-939
-1918
1183
1224
500
-989
-1968
1133
1174
195
-2059
1042
1083
359
-1130
-834
1502
-497
54
-925
1411
-78
-547
4
-975
1361
-128
-597
1229
-515
-219
-178
373
669
-310
-269
-738
1088
-656
-360
-319
232
528
-451
-410
906
692
-1052
-501
-460
601
-378
683
-551
765
1061
-1958
633
674
970
-1539
-223
583
624
920
-2099
492
533
1084
-660
-2149
1717
993
-751
-1730
-414
1667
943
-801
-1780
811
2127
-892
-1871
1230
1271
547
-942
-1921
670
1986
-1033
-2012
1089
1130
406
-1083
-787
1549
-450
101
-2153
948
1499
-500
51
-928
1408
-81
-805
256
1317
-172
-641
-90
-1069
1267
-222
-691
1135
-609
-313
-272
279
575
-404
-363
-322
229
525
-454
-413
648
-331
730
-504
812
1108
-1911
680
721
1017
-2002
589
-645
671
967
-2052
539
580
876
-1633
-317
1764
1040
-704
-1683
-367
1714
990
-754
-1733
858
2174
-845
-1824
767
2083
-681
-895
-1874
717
2033
-986
-1965
1136
1177
453
-1036
-740
1596
-403
148
-2106
995
1546
-453
98
-881
1455
-544
7
-972
1364
-125
-594
-43
-1022
1314
-175
-644
1182
-562
-266
-225
326
622
-357
-316
-275
276
572
746
1045
-1971
623
667
966
-2050
544
-687
632
931
-2085
509
553
852
-1654
-335
1749
773
-1733
-414
1670
949
-792
-1768
826
2145
-871
-1847
747
2066
-950
-1926
1178
1222
501
-985
-686
1143
422
-1064
-765
1574
-422
132
-2119
985
1029
308
-1178
-879
1460
-536
18
-958
1381
-615
-61
-1037
1302
-184
-650
1179
-562
-263
-219
335
634
-342
-298
256
555
-421
-377
942
731
-1010
-456
863
652
-1089
-535
-491
573
-403
661
-570
494
-482
582
-649
670
969
-2047
547
591
890
-2126
468
512
811
-1695
-376
1708
987
-754
-1730
864
2183
-833
-1809
785
2104
-912
-1888
1216
1260
539
-947
-1923
671
1990
-1026
-2002
1102
1146
170
-2081
1023
1067
346
-1140
-841
1498
-498
56
-920
1419
-577
-23
-999
1340
-146
-612
1217
-524
-225
-181
373
672
-304
-260
-981
83
1147
-339
-295
259
558
-418
-374
180
479
-497
-453
611
-365
699
-532
787
576
-1165
-611
708
1007
-2009
585
629
928
-2088
506
550
1104
-637
-2123
1746
1025
-716
-1692
-373
1711
735
-1771
-452
1632
911
-830
-1806
788
2107
-909
-1885
709
2028
-988
-1964
1140
1184
463
-1023
-724
1105
384
-1102
-803
1536
-460
94
-882
1457
-539
15
-961
1378
-108
-574
-20
-996
1343
-143
-864
200
1264
-222
-943
121
1185
-301
-257
297
596
-380
-336
218
517
-459
-415
649
-327
737
-494
825
614
-1127
-573
746
1045
-1971
623
667
966
-2050
544
-687
632
931
-2085
509
553
852
-1654
-335
1749
773
-1733
-414
1670
949
-792
-1768
826
2145
-871
-1847
747
2066
-950
-1926
1178
1222
501
-985
-686
1143
422
-1064
-765
1574
-422
132
-2119
985
1029
308
-1178
-879
1460
-536
18
-958
1381
-615
-61
-1037
1302
-184
-650
1179
-562
-263
-219
335
634
-342
-298
256
555
-421
-377
942
731
-1010
-456
863
652
-1089
-535
-491
573
-403
661
-570
494
-482
582
-649
670
969
-2047
547
591
890
-2126
468
512
811
-1695
-376
1708
987
-754
-1730
864
2183
-833
-1809
785
2104
-912
-1888
1216
1260
539
-947
-1923
671
1990
-1026
-2002
1102
1146
170
-2081
1023
1067
346
-1140
-841
1498
-498
56
-920
1419
-577
-23
-999
1340
-146
-612
1217
-524
-225
-181
373
672
-304
-260
-981
83
1147
-339
-295
259
558
513
-460
607
-621
446
-527
540
-688
634
936
-2077
1795
1077
-661
-2144
1728
1010
-728
-2211
1661
943
-795
-1768
829
2151
-862
-1835
762
2084
-929
-1902
695
2017
-996
-1969
1138
1185
212
-2036
1071
1118
145
-2103
1004
1051
333
-1150
-848
1494
-499
58
-915
1427
-566
-9
-982
1360
-633
-76
-1049
1293
-190
367
669
-304
-257
300
602
-371
-324
233
535
-438
-391
676
-297
770
-458
609
-364
703
-525
797
589
-1149
-592
730
522
-1216
-659
663
965
-2048
549
596
898
-2115
482
529
831
-2182
415
462
764
-1739
-417
1670
697
-1806
-484
1603
630
-1873
724
2046
-967
-1940
1167
1214
496
-987
-685
1147
429
-1054
-752
1080
362
-1121
-819
1523
-470
87
-886
1456
-537
20
-953
1389
-604
-47
-1020
1322
-161
-879
188
1255
-228
-946
121
1188
-295
-758
1074
-664
-362
-315
242
544
-429
-382
175
477
-496
826
618
-1120
-563
759
1061
-1952
645
692
994
-2019
578
625
927
-2086
511
558
860
-1643
-321
1766
793
-1710
-388
1699
981
-757
-2240
1632
914
-824
-1797
800
2122
-891
-1864
733
2055
-958
-1931
666
1988
-1025
-1998
1109
1156
183
-2065
1042
1089
116
-857
1485
-508
49
-924
1418
-575
-18
-991
1351
-132
-595
1237
-501
-199
-662
1170
-568
-266
-729
1103
-635
-333
-286
271
573
-400
-353
204
506
-467
-420
137
439
-534
-487
580
-393
674
-554
513
-460
607
-621
446
-527
540
-688
634
936
-2077
1795
1077
-661
-2144
1728
1010
-728
-2211
1661
943
-795
-1768
829
2151
-862
-1835
762
2084
-929
-1902
695
2017
-996
-1969
1138
1185
212
-2036
1071
1118
145
-2103
1004
1051
333
-1150
-848
1494
-499
58
-915
1427
-566
-9
-982
1360
-633
-76
-1049
1293
-190
367
669
-304
-257
300
602
-371
-324
233
535
-438
-391
676
-297
770
-458
609
-364
703
-525
797
589
-1149
-592
730
522
-1216
-659
663
965
-2048
549
596
898
-2115
482
529
831
-2182
415
462
764
-1739
-417
1670
697
-1806
-484
1603
630
-1873
724
2046
-967
-1940
1167
1214
496
-987
-685
1147
429
-1054
-752
1080
362
-1121
-819
1523
-470
87
-886
1456
-537
20
-953
1389
-604
-47
-1020
1322
-161
-879
188
1255
-228
-946
121
1188
-295
-758
1074
-664
-362
-315
242
544
535
-1200
-640
685
480
-1255
-695
630
935
-2075
1800
830
-1670
-345
1745
775
-1725
-400
1690
720
-1780
-455
1635
665
-1835
765
2090
-920
-1890
710
2035
-975
-1945
655
1980
-1030
-2000
600
1925
-1085
-780
1055
340
-1140
-835
1510
-480
80
-890
1455
-535
25
-945
1400
-590
1245
-490
-185
-645
1190
-545
-240
-955
115
1185
-295
-1010
60
1130
-350
210
515
-455
-405
155
460
-510
-460
100
405
-565
-515
555
-415
655
705
1010
-2000
600
650
955
-2055
545
595
900
-2110
490
540
845
-2165
1710
995
-740
-2220
1655
940
-795
-2275
1600
885
-850
-2330
1545
575
-1925
675
2000
-1010
-1980
1130
1180
210
-2035
1075
1125
155
-2090
1020
1070
100
-870
1475
-515
45
-925
1420
-570
-10
-980
1365
-625
-65
-1035
1310
-680
1155
-580
-275
-735
1100
-635
-330
-280
280
585
-385
-335
225
530
-440
885
680
-1055
-495
575
-395
675
-550
520
-450
620
-605
465
-505
565
615
920
-2090
510
560
865
-2145
455
505
810
-2200
400
450
755
-1745
855
2180
-830
-1800
800
2125
-885
-1855
745
2070
-940
-1910
690
2015
-995
-690
1145
430
-1050
-745
1090
375
-1105
-800
1035
65
-2180
930
980
10
-960
1385
-605
-45
-1015
1330
-150
-865
205
1275
-205
-920
150
1220
-260
300
605
-365
-315
245
550
-420
-370
190
495
-475
-425
135
440
-530
795
590
-1145
-585
740
535
-1200
-640
685
480
-1255
-695
630
935
-2075
1800
830
-1670
-345
1745
775
-1725
-400
1690
720
-1780
-455
1635
665
-1835
765
2090
-920
-1890
710
2035
-975
-1945
655
1980
-1030
-2000
600
1925
-1085
-780
1055
340
-1140
-835
1510
-480
80
-890
1455
-535
25
-945
1400
-590
1245
-490
-185
-645
1190
-545
-240
-955
115
1185
-295
-1010
60
1130
-350
210
515
-455
-405
155
460
-510
-460
100
405
-565
-515
555
-415
655
705
1010
-2000
600
650
955
-2055
545
595
900
-2110
490
540
845
-2165
1710
995
-740
-2220
1655
940
-795
-2275
1600
885
-850
-2330
1545
575
-1925
675
2000
-1010
-1980
1130
1180
210
-2035
1075
1125
155
-2090
1020
1070
100
-870
1475
-515
45
-925
1420
-570
-10
-980
1365
-625
-65
-1035
1310
-680
1155
-580
-275
-735
1100
-635
-330
-280
280
585
-385
-335
225
530
-463
610
663
971
-2036
567
620
928
-2079
1799
832
-2175
428
481
789
-2218
1660
948
-784
-2261
1617
905
-827
-2304
1574
607
-1890
713
2041
-966
-1933
670
1998
-1009
-701
1137
425
-1052
-744
1094
127
-2115
998
1051
84
-883
1465
-522
41
-926
1422
-565
1273
-459
-151
-863
210
1283
-194
-906
167
1240
-747
1091
-641
-333
-790
1048
-684
-376
187
495
-472
-419
144
452
-515
-462
101
409
-558
770
568
-1164
-601
472
-495
578
631
939
-2068
535
588
896
-2111
492
545
853
-2154
1724
757
-1740
-412
1681
714
-1783
820
2148
-859
-1826
777
2105
-902
-1104
2009
-998
-1965
638
1966
-1041
-2008
595
1923
-1084
-776
1062
350
-1127
-819
1019
52
-915
1433
-554
9
-958
1390
-597
-34
-1001
1347
-640
1198
-534
-226
-938
135
1208
-269
294
602
-365
-312
251
559
-408
-355
208
516
-451
622
-345
728
-494
69
377
-590
738
536
-1196
-633
695
493
-1239
-676
397
-570
503
556
864
-2143
460
513
821
-2186
1692
980
-752
-2229
1649
682
-1815
788
2116
-891
-1858
745
2073
-934
-1901
702
2030
-977
-669
1169
202
-2040
1073
1126
159
-808
1540
-447
116
-851
987
275
-1202
-894
944
-23
-990
1358
-629
-66
-1033
1315
-672
1166
-566
-258
-715
1123
-609
-301
-1013
60
1133
-344
219
527
-440
-387
176
484
-483
845
643
-1089
-526
547
-420
653
-569
504
-463
610
663
971
-2036
567
620
928
-2079
1799
832
-2175
428
481
789
-2218
1660
948
-784
-2261
1617
905
-827
-2304
1574
607
-1890
713
2041
-966
-1933
670
1998
-1009
-701
1137
425
-1052
-744
1094
127
-2115
998
1051
84
-883
1465
-522
41
-926
1422
-565
1273
-459
-151
-863
210
1283
-194
-906
167
1240
-747
1091
-641
-333
-790
1048
-684
-376
187
495
-472
-419
144
452
-515
-462
101
409
-558
770
568
-1164
-601
472
-495
578
631
939
-2068
535
588
896
-2111
492
545
853
-2154
1724
757
-1740
-412
1681
714
-1783
820
2148
-859
-1826
777
2105
-902
-1104
2009
-998
-1965
638
1966
-1041
-2008
595
1923
-1084
-776
1062
350
-1127
-819
1019
52
-915
1433
-554
9
-958
1390
-597
-34
-1001
1347
-640
1198
-534
-226
-938
135
1208
-269
294
602
-365
-312
251
559
-408
-355
208
516
-1206
635
946
-2058
548
604
915
-2089
1792
828
-2176
430
486
797
-2207
1674
710
-1784
-453
1643
679
-1815
791
2122
-882
-2356
1525
561
-1933
673
2004
-1000
-689
1152
188
-2051
1065
1121
157
-807
1034
325
-1149
-838
1003
39
-925
1426
-558
8
-956
1395
-844
232
1308
-676
-110
-1074
1277
-707
1134
-595
-284
-993
83
1159
-315
251
562
-402
164
475
-489
-433
133
444
-520
811
612
-1117
-551
525
-439
637
693
494
-1235
-669
407
-557
519
575
886
-2118
488
544
855
-2149
1732
768
-2236
1645
936
-793
-2267
1614
650
-1844
762
2093
-911
-1875
731
1807
-1962
644
1975
-1029
-1993
613
1944
-1060
-749
1092
128
-2111
1005
1061
97
-867
974
10
-954
1397
-587
-21
-985
1366
-618
1223
-506
-195
-904
172
1248
-736
1105
-624
-313
-1022
54
1130
-344
222
533
-431
-375
191
502
-462
104
415
-549
782
583
-1146
-580
496
-468
608
664
975
-2029
577
633
434
-1295
546
857
-2147
459
515
826
-2178
1703
739
-1755
-424
1672
708
-2296
1585
621
-1873
733
2064
-940
-1904
702
2033
-971
-660
1181
217
-2022
584
1915
-1089
-778
1063
99
-2140
976
1032
68
-896
1455
-529
37
-927
914
-50
-1014
1337
-647
1194
-535
-224
-933
143
1219
-255
311
622
-342
-796
1045
-684
-373
193
504
-460
-404
162
473
-491
585
-379
697
-522
44
355
-609
722
523
-1206
635
946
-2058
548
604
915
-2089
1792
828
-2176
430
486
797
-2207
1674
710
-1784
-453
1643
679
-1815
791
2122
-882
-2356
1525
561
-1933
673
2004
-1000
-689
1152
188
-2051
1065
1121
157
-807
1034
325
-1149
-838
1003
39
-925
1426
-558
8
-956
1395
-844
232
1308
-676
-110
-1074
1277
-707
1134
-595
-284
-993
83
1159
-315
251
562
-402
164
475
-489
-433
133
444
-520
811
612
-1117
-551
525
-439
637
693
494
-1235
-669
407
-557
519
575
886
-2118
488
544
855
-2149
1732
768
-2236
1645
936
-793
-2267
1614
650
-1844
762
2093
-911
-1875
731
1807
-1962
644
1975
-1029
-1993
613
1944
-1060
-749
1092
128
-2111
1005
1061
97
-867
974
10
-954
1397
-587
-21
-985
1366
-618
1223
-506
-195
-904
172
1248
-736
1105
-624
-313
-1022
54
1130
-344
222
533
-431
-375
191
502
601
405
-556
523
582
896
-2105
504
308
-653
426
485
799
-2202
1682
721
-2280
1604
898
-828
-2299
1585
624
-1867
742
2076
-925
-1121
1998
-1003
-1964
645
1724
-2042
567
1901
-1100
-786
1058
97
-2139
980
1039
78
-883
961
0
-961
1393
-588
-19
-980
864
-97
-1058
1296
-685
1159
-567
-253
316
630
-331
-782
1062
-664
-350
219
533
-428
141
455
-506
-447
122
436
-525
554
-407
672
731
535
-1191
-622
457
-504
575
634
438
-1288
556
870
-2131
478
537
851
-2150
1734
773
-2228
1656
695
-1796
-462
1637
676
-2325
1559
598
-1893
716
2050
-951
-1147
1972
-1029
-1990
619
1953
-1048
-734
1110
149
-812
1032
326
-1145
-831
1013
52
-909
935
-26
-987
1367
-614
-45
-1006
1348
-888
191
1270
-711
1133
-593
-279
-985
94
1173
-808
1036
-690
-376
193
507
-454
-395
174
488
-473
96
410
-551
528
-433
646
705
509
-1217
-648
431
-530
549
608
922
-2079
1805
844
-2157
452
511
825
-2176
1708
747
-2254
1630
924
-802
-2273
1611
650
-2351
1533
572
-1919
690
2024
-977
-1938
671
1750
-2016
593
1927
-1074
-760
1084
123
-2113
496
1830
-1171
-857
987
26
-935
1419
-562
1282
-444
-640
-71
-1032
1322
-914
165
1244
-737
1107
-619
-305
-1011
68
1147
-324
245
559
-402
167
481
-480
-421
148
462
-499
70
384
-577
757
561
-1165
-596
483
-478
601
405
-556
523
582
896
-2105
504
308
-653
426
485
799
-2202
1682
721
-2280
1604
898
-828
-2299
1585
624
-1867
742
2076
-925
-1121
1998
-1003
-1964
645
1724
-2042
567
1901
-1100
-786
1058
97
-2139
980
1039
78
-883
961
0
-961
1393
-588
-19
-980
864
-97
-1058
1296
-685
1159
-567
-253
316
630
-331
-782
1062
-664
-350
219
533
-428
141
455
-506
-447
122
436
-525
554
-407
672
731
535
-1191
-622
457
-504
575
634
438
-1288
556
870
-2131
478
537
851
-2150
1734
773
-2228
1656
695
-1796
-462
1637
676
-2325
1559
598
-1893
716
2050
-951
-1147
1972
-1029
-1990
619
1953
-1048
-734
1110
149
-812
1032
326
-1145
-831
1013
52
-909
935
-26
-987
1367
-614
-45
-1006
1348
-888
191
1270
-711
1133
-593
-279
-985
94
1173
-808
1036
-690
-376
193
507
-454
-395
174
488
623
430
-1293
-721
361
-597
485
547
354
-1369
478
795
-2203
1684
726
-2272
1615
657
-1831
781
2118
-880
-2348
1539
581
-1907
705
1787
-1976
636
1973
-1025
-1218
1904
-1094
-777
1070
112
-2121
491
1828
-1170
-853
994
36
-922
925
-33
-991
1366
-612
1235
-488
-681
-109
-1067
1290
-943
139
1221
-1012
70
1152
-316
256
573
-385
187
504
-454
118
435
-523
-461
111
428
-530
42
359
-599
483
-475
607
669
476
-1247
600
917
-2081
531
338
-620
462
524
841
-2157
1730
772
-2226
1661
703
-2295
1592
889
-834
-2302
1585
627
-2371
1516
558
-1930
682
1764
-1999
613
1950
-1048
-731
1116
158
-800
1047
89
-2144
978
1040
82
-876
971
13
-945
902
-56
-1014
1343
-635
1212
-511
-704
-132
-1090
1267
-966
116
1198
-780
1067
-656
-339
233
550
-408
164
481
-477
-415
157
474
-484
88
405
-553
19
336
-622
460
-498
584
646
453
-1270
577
894
-2104
508
315
-643
439
501
818
-2180
1707
749
-2249
1638
680
-1808
804
2141
-857
-2325
1562
604
-2394
1493
535
-1953
659
1996
-1002
-1195
1927
-1071
-754
1093
135
-2098
514
1851
-1147
-830
1017
59
-899
948
-10
-968
1389
-844
238
1320
-658
1189
-534
-727
-155
-1113
1244
-989
93
1175
-803
1044
-679
-362
210
527
-431
141
458
-500
-438
134
451
-507
65
382
-576
506
-452
630
692
499
-1224
623
430
-1293
-721
361
-597
485
547
354
-1369
478
795
-2203
1684
726
-2272
1615
657
-1831
781
2118
-880
-2348
1539
581
-1907
705
1787
-1976
636
1973
-1025
-1218
1904
-1094
-777
1070
112
-2121
491
1828
-1170
-853
994
36
-922
925
-33
-991
1366
-612
1235
-488
-681
-109
-1067
1290
-943
139
1221
-1012
70
1152
-316
256
573
-385
187
504
-454
118
435
-523
-461
111
428
-530
42
359
-599
483
-475
607
669
476
-1247
600
917
-2081
531
338
-620
462
524
841
-2157
1730
772
-2226
1661
703
-2295
1592
889
-834
-2302
1585
627
-2371
1516
558
-1930
682
1764
-1999
613
1950
-1048
-731
1116
158
-800
1047
89
-2144
978
1040
82
-876
971
13
-945
902
-56
-1014
1343
-635
1212
-511
-704
-132
-1090
1267
-966
116
1198
-780
1067
-656
-339
233
550
-408
164
481
-477
-415
157
474
390
-565
520
585
395
-1325
525
845
-2150
1740
785
-2210
1680
725
-2270
1620
665
-2330
1560
605
-1880
735
2075
-920
-1110
2015
-980
-1170
1955
-1040
-1995
620
1705
-2055
560
1645
-2115
500
1840
-1155
-835
1015
60
-895
955
0
-955
895
-60
-1015
1345
-885
200
1285
-690
1160
-560
-750
1100
-620
-810
1040
-680
-360
215
535
-420
155
475
-480
95
415
-540
-475
100
420
-535
40
360
-595
-20
300
-655
430
-525
560
370
-585
500
565
375
-1345
505
825
-2170
1720
765
-2230
1660
705
-2290
1600
645
-1840
775
2115
-880
-1070
2055
-940
-1130
1995
-1000
-1190
1935
-1060
-2015
600
1685
-2075
540
1625
-2135
480
1820
-1175
-855
995
40
-915
935
-20
-975
875
-80
-1035
1325
-905
180
1265
-710
1140
-580
-770
1080
-640
-320
255
575
-380
195
515
-440
135
455
-500
-435
140
460
-495
80
400
-555
20
340
-615
-40
280
-675
410
-545
540
350
-605
480
545
355
-1365
485
805
-2190
1700
745
-2250
1640
685
-2310
1580
625
-1860
755
2095
-900
-1090
2035
-960
-1150
1975
-1020
-1975
640
1725
-2035
580
1665
-2095
520
1860
-1135
-815
1035
80
-875
975
20
-935
915
-40
-995
855
-100
-1055
1305
-925
160
1245
-730
1120
-600
-790
1060
-660
-340
235
555
-400
175
495
-460
115
435
-520
-455
120
440
-515
60
380
-575
0
320
-635
450
-505
580
390
-565
520
585
395
-1325
525
845
-2150
1740
785
-2210
1680
725
-2270
1620
665
-2330
1560
605
-1880
735
2075
-920
-1110
2015
-980
-1170
1955
-1040
-1995
620
1705
-2055
560
1645
-2115
500
1840
-1155
-835
1015
60
-895
955
0
-955
895
-60
-1015
1345
-885
200
1285
-690
1160
-560
-750
1100
-620
-810
1040
-680
-360
215
535
-420
155
475
-480
95
415
-540
-475
100
420
-535
40
360
-595
-20
300
-655
430
-525
560
370
-585
500
565
375
-1345
505
825
-2170
1720
765
-2230
1660
705
-2290
1600
645
-1840
775
2115
-880
-1070
2055
-940
-1130
1995
-1000
-1190
1935
-1060
-2015
600
1685
-2075
540
1625
-2135
480
1820
-1175
-855
995
40
-915
935
-20
-975
875
-80
-1035
1325
-905
180
1265
-710
1140
-580
-770
1080
-640
-320
255
575
-380
195
515
-440
135
455
-500
-435
140
460
412
-1305
548
871
-2121
1772
820
-2172
1721
769
-2223
1670
718
-2274
1619
667
-2325
1568
616
-2376
1517
565
-1917
701
1789
-1968
650
1738
-2019
599
1942
-1050
-1237
1891
-1101
-1288
1840
-1152
-829
1024
72
-880
973
21
-931
922
-30
-982
871
-81
-1033
820
-132
-1084
1279
-948
140
1228
-999
89
1177
-1050
38
1126
-1101
-13
1075
-1152
-64
1024
-1203
-115
973
786
599
-1118
735
548
-1169
684
497
-1220
633
446
-1271
582
395
-1322
531
854
-2138
1755
803
-2189
1704
752
-2240
1653
701
-2291
1602
650
-2342
1551
599
-1883
735
1823
-1934
684
1772
-1985
633
1721
-2036
582
1925
-1067
-1254
1874
-1118
-1305
1823
-1169
-846
1007
55
-897
956
4
-948
905
-47
-999
854
-98
-1050
803
-149
-1101
1262
-965
123
1211
-1016
72
1160
-1067
21
1109
-1118
-30
1058
-1169
-81
1007
820
633
-1084
769
582
-1135
718
531
-1186
667
480
-1237
616
429
-1288
565
378
-1339
514
837
-2155
1738
786
-2206
1687
735
-2257
1636
684
-2308
1585
633
-2359
1534
582
-1900
718
1806
-1951
667
1755
-2002
616
1959
-1033
-1220
1908
-1084
-1271
1857
-1135
-812
1041
89
-863
990
38
-914
939
-13
-965
888
-64
-1016
837
-115
-1067
786
-166
-1118
1245
-982
106
1194
-1033
55
1143
-1084
4
1092
-1135
-47
1041
-1186
-98
990
803
616
-1101
752
565
-1152
701
514
-1203
650
463
-1254
599
412
-1305
548
871
-2121
1772
820
-2172
1721
769
-2223
1670
718
-2274
1619
667
-2325
1568
616
-2376
1517
565
-1917
701
1789
-1968
650
1738
-2019
599
1942
-1050
-1237
1891
-1101
-1288
1840
-1152
-829
1024
72
-880
973
21
-931
922
-30
-982
871
-81
-1033
820
-132
-1084
1279
-948
140
1228
-999
89
1177
-1050
38
1126
-1101
-13
1075
-1152
-64
1024
-1203
-115
973
786
599
-1118
735
548
-1169
684
497
-1220
633
446
-1271
582
395
-1322
531
854
-2138
1755
803
-2189
1704
752
-2240
1653
701
-2291
1602
650
-2342
1551
599
-1883
735
1823
-1934
684
1772
-1985
633
1721
-2036
582
1925
-1067
-1254
1874
-1118
-1305
1823
-1169
-846
1007
55
-897
956
4
-948
905
-47
-999
854
-98
-1050
803
-149
-1101
1262
-965
123
1211
-1016
72
1160
-1067
21
1109
-1118
-30
1058
-1169
-81
1007
820
633
-1084
-586
505
321
-628
463
279
-670
1696
747
-2242
1654
705
-2284
1612
663
-2326
1570
621
-2368
1528
579
-2410
1486
537
-2452
1444
495
-2494
1402
453
-751
1105
156
-793
1063
114
-835
1021
72
-877
979
30
-919
937
-12
-961
895
-54
-1003
853
1179
-535
-719
1137
-577
-761
1095
-619
-803
1053
-661
-845
1011
-703
-887
969
-745
-929
927
-787
-971
885
-829
517
-432
659
475
-474
617
433
-516
575
391
-558
533
349
-600
491
307
-642
449
265
-684
1682
733
-2256
1640
691
-2298
1598
649
-2340
1556
607
-2382
1514
565
-2424
1472
523
-2466
1430
481
-2508
1388
439
-765
1091
142
-807
1049
100
-849
1007
58
-891
965
16
-933
923
-26
-975
881
-68
-1017
839
1165
-549
-733
1123
-591
-775
1081
-633
-817
1039
-675
-859
997
-717
-901
955
-759
-943
913
-801
545
-404
687
503
-446
645
461
-488
603
419
-530
561
377
-572
519
335
-614
477
293
-656
435
251
-698
1668
719
-2270
1626
677
-2312
1584
635
-2354
1542
593
-2396
1500
551
-2438
1458
509
-2480
1416
467
-737
1119
170
-779
1077
128
-821
1035
86
-863
993
44
-905
951
2
-947
909
-40
-989
867
-82
-1031
825
1151
-563
-747
1109
-605
-789
1067
-647
-831
1025
-689
-873
983
-731
-915
941
-773
-957
899
-815
531
-418
673
489
-460
631
447
-502
589
405
-544
547
363
-586
505
321
-628
463
279
-670
1696
747
-2242
1654
705
-2284
1612
663
-2326
1570
621
-2368
1528
579
-2410
1486
537
-2452
1444
495
-2494
1402
453
-751
1105
156
-793
1063
114
-835
1021
72
-877
979
30
-919
937
-12
-961
895
-54
-1003
853
1179
-535
-719
1137
-577
-761
1095
-619
-803
1053
-661
-845
1011
-703
-887
969
-745
-929
927
-787
-971
885
-829
517
-432
659
475
-474
617
433
-516
575
391
-558
533
349
-600
491
307
-642
449
265
-684
1682
733
-2256
1640
691
-2298
1598
649
-2340
1556
607
-2382
1514
565
-2424
1472
523
-2466
1430
481
-2508
1388
439
-765
1091
142
-807
1049
100
-849
1007
58
-891
965
16
-933
923
-26
-975
881
-68
-1017
839
1165
-549
-733
1123
-591
-775
1081
-633
-817
1039
-675
-859
997
-717
-901
955
-759
-943
913
-801
545
-404
687
-1329
530
349
-1362
497
316
-1395
209
-737
357
176
-770
1599
653
-2333
1566
620
-2366
1533
587
-2399
1500
554
-1157
1977
-1009
-1190
1944
-1042
-1223
1656
-2095
529
1623
-2128
496
1590
-886
973
27
-919
940
-6
-952
907
-39
-985
874
1203
-508
-944
150
1244
-977
117
1211
-1010
84
1178
232
561
-385
199
528
-418
166
495
-451
133
462
-484
100
429
-7
322
-624
-40
289
-657
-73
256
-690
-106
223
552
371
-1340
519
338
-1373
486
305
-1406
198
-748
1621
675
-2311
1588
642
-2344
1555
609
-2377
1522
576
-2410
1489
543
-1168
1966
-1020
-1201
1933
-1053
-1234
1645
-2106
518
1612
-864
995
49
-897
962
16
-930
929
-17
-963
896
-50
-996
863
1192
-519
-955
139
1233
-988
106
1200
-1021
73
1167
221
550
-396
188
517
-429
155
484
-462
122
451
15
344
-602
-18
311
-635
-51
278
-668
-84
245
-701
-117
212
541
360
-1351
508
327
-1384
475
294
-1417
187
-759
1610
664
-2322
1577
631
-2355
1544
598
-2388
1511
565
-2421
1478
532
-1179
1955
-1031
-1212
1667
-2084
540
1634
-2117
507
1601
-875
984
38
-908
951
5
-941
918
-28
-974
885
1214
-497
-678
1181
-530
-966
128
1222
-999
95
1189
-1032
62
1156
210
539
-407
177
506
-440
144
473
-473
111
440
4
333
-613
-29
300
-646
-62
267
-679
-95
234
563
382
-1329
530
349
-1362
497
316
-1395
209
-737
357
176
-770
1599
653
-2333
1566
620
-2366
1533
587
-2399
1500
554
-1157
1977
-1009
-1190
1944
-1042
-1223
1656
-2095
529
1623
-2128
496
1590
-886
973
27
-919
940
-6
-952
907
-39
-985
874
1203
-508
-944
150
1244
-977
117
1211
-1010
84
1178
232
561
-385
199
528
-418
166
495
-451
133
462
-484
100
429
-7
322
-624
-40
289
-657
-73
256
-690
-106
223
552
371
-1340
519
338
-1373
486
305
-1406
198
-748
1621
675
-2311
1588
642
-2344
1555
609
-2377
1522
576
-2410
1489
543
-1168
1966
-1020
-1201
1933
-1053
-1234
1645
-2106
518
1612
-864
995
49
-897
962
16
-930
929
-17
-963
896
-50
-996
863
1192
-519
-955
139
1233
-988
106
1200
-1021
73
1167
221
550
-396
188
517
-429
155
484
-462
122
451
15
344
-602
478
300
-643
1729
786
-2197
1705
252
-1456
406
228
-1480
127
-816
1556
613
-2370
1532
589
-2394
1508
565
-1143
1739
-2009
618
1715
-2033
594
1691
-1292
1845
-1138
-1316
1821
-1162
-1340
1542
-931
931
-12
-955
907
-36
-979
883
1215
-493
-926
171
758
-185
-1128
734
1066
-642
-820
1042
-666
-1099
-2
1095
-1123
-26
1071
128
460
-483
104
436
-507
80
412
-21
311
-632
-45
287
-656
-69
263
595
417
-1291
316
-627
470
292
-651
1721
778
-2205
1697
244
-1464
143
-800
1572
629
-2354
1548
605
-2378
1524
581
-1127
2010
-973
-1151
1731
-2017
610
1707
-2041
586
1683
-1300
1837
-1146
-1324
1558
-2190
437
1534
-939
923
-20
-963
899
-44
-987
875
1207
-501
-934
163
750
-193
-1136
726
1058
-650
-828
1034
-674
-1107
-10
1087
144
476
-467
120
452
-491
96
428
-5
327
-616
-29
303
-640
-53
279
-664
-77
255
587
409
-1299
308
-635
462
284
-659
1713
770
-2213
1689
236
-1472
135
-808
1564
621
-2362
1540
597
-2386
1516
573
-1135
2002
-981
-1159
1723
-2025
602
1699
-1284
1853
-1130
-1308
1829
-1154
-1332
1550
-923
939
-4
-947
915
-28
-971
891
-52
-995
612
179
1276
-942
155
742
-201
-1144
718
1050
-658
-836
1026
-682
-1115
-18
1079
136
468
-475
112
444
-499
88
420
-13
319
-624
-37
295
-648
-61
271
603
425
-1283
324
-619
478
300
-643
1729
786
-2197
1705
252
-1456
406
228
-1480
127
-816
1556
613
-2370
1532
589
-2394
1508
565
-1143
1739
-2009
618
1715
-2033
594
1691
-1292
1845
-1138
-1316
1821
-1162
-1340
1542
-931
931
-12
-955
907
-36
-979
883
1215
-493
-926
171
758
-185
-1128
734
1066
-642
-820
1042
-666
-1099
-2
1095
-1123
-26
1071
128
460
-483
104
436
-507
80
412
-21
311
-632
-45
287
-656
-69
263
595
417
-1291
316
-627
470
292
-651
1721
778
-2205
1697
244
-1464
143
-800
1572
629
-2354
1548
605
-2378
1524
581
-1127
2010
-973
-1151
1731
-2017
610
1707
-2041
586
1683
-1300
1837
-1146
-1324
1558
-2190
437
1534
-939
923
-20
-963
899
-44
-987
875
1207
-501
-934
163
750
-193
-1136
726
1058
-650
-828
1034
-674
-1107
-10
1087
144
476
-467
120
452
-491
96
428
-5
327
-616
500
325
-1380
230
-710
390
215
-725
1650
710
-2270
1635
185
-245
600
-2380
1525
585
-2395
1510
570
-1135
1750
-2505
1400
460
-1245
1895
-1085
-1260
1625
-2120
510
1610
-860
1005
65
-1385
1500
-970
895
-45
-985
880
-60
-1000
610
180
770
-170
-1110
755
1090
-615
-1045
55
1155
-1060
40
630
965
-740
-915
950
-755
90
425
-515
75
410
-530
60
395
-35
300
-640
-50
285
620
445
-1260
350
-590
510
-175
160
495
320
-1385
225
-715
1660
720
-2260
1645
195
-1510
100
-840
1535
595
-2385
1520
580
-1125
1760
-1985
645
1745
-2510
1395
455
-1250
1890
-1090
-1265
1620
-850
1015
75
-1375
1765
-1215
-1390
1495
-975
890
-50
-990
875
1210
-495
-925
175
765
-175
-1115
750
1085
-620
-1050
50
1150
210
545
-905
960
-745
-1175
-75
1025
85
420
-520
70
405
-25
310
-630
-40
295
-645
-55
280
615
440
-1265
345
-595
1780
330
-1375
490
315
-1390
220
-720
1655
715
-2265
1640
190
-240
605
-2375
1530
590
-2390
1515
575
-1130
1755
-1990
640
1740
-1240
1900
-1080
-1255
1630
-2115
515
1615
-855
1010
70
-1380
1505
-965
900
-40
-980
885
-55
-995
870
1205
-1010
-165
-1105
760
-180
-1120
745
1080
-625
-1055
45
1145
205
540
-910
955
-750
-1180
-80
1020
80
415
-525
65
400
-30
305
-635
-45
290
-650
-60
275
355
-585
515
-170
165
500
325
-1380
230
-710
390
215
-725
1650
710
-2270
1635
185
-245
600
-2380
1525
585
-2395
1510
570
-1135
1750
-2505
1400
460
-1245
1895
-1085
-1260
1625
-2120
510
1610
-860
1005
65
-1385
1500
-970
895
-45
-985
880
-60
-1000
610
180
770
-170
-1110
755
1090
-615
-1045
55
1155
-1060
40
630
965
-740
-915
950
-755
90
425
-515
75
410
-530
60
395
-35
300
-640
-50
285
620
445
-1260
350
-590
510
-175
160
495
320
-1385
225
-715
1660
720
-2260
1645
195
-1510
100
-840
1535
595
-2385
1520
580
-1125
1760
-1985
645
1745
-2510
1395
455
-1250
1890
-1090
-1265
1620
-850
1015
75
-1375
1765
-1215
-1390
1495
-975
890
-50
-990
875
1210
-495
-925
175
765
-175
-1115
750
1085
-620
-1050
50
1150
210
545
-905
960
-745
-1175
-75
1025
85
420
-520
70
405
-25
310
-630
267
-670
1708
261
-1441
427
255
-172
676
-2301
1607
670
-2307
1346
-866
1512
575
-2402
1506
569
-1133
1755
-2497
1411
474
-1228
1660
-2082
551
1654
-1323
1820
-1157
-1329
1559
-908
960
23
-1424
1464
-1003
865
-72
-1009
859
1197
-1015
-167
-1104
764
1102
-600
-1027
76
669
1007
-695
-867
1001
-701
-1128
-25
1078
141
479
-1223
-120
983
46
384
-553
40
378
-49
289
-648
-55
283
366
-571
532
-150
188
526
354
-1348
265
-672
1706
259
-1443
170
-767
1611
674
-2303
1605
158
-269
579
-2398
1510
573
-1129
1759
-2493
1415
478
-1224
1919
-1058
-1230
1658
-2084
549
1652
-1325
1563
-2179
454
1557
-910
958
21
-1426
1462
-1005
863
-74
-1011
602
175
768
-169
-1106
762
1100
-602
-1029
74
667
1005
-697
-1124
-21
1082
145
483
-964
904
-798
50
388
-549
44
382
-45
293
-644
-51
287
625
453
-1249
364
-573
530
-152
186
269
-668
435
263
-674
1704
257
-1445
168
-769
1609
672
-2305
1348
-864
1514
577
-2400
1508
571
-1131
1757
-2495
1413
476
-1226
1662
-2080
553
1656
-1321
1822
-1155
-1327
1561
-906
962
25
-1422
1466
-1001
867
-70
-1007
861
-76
-1013
600
173
766
-171
-1108
760
1098
-604
-1031
72
665
1003
-699
-1126
-23
1080
143
481
-966
902
-800
48
386
-551
42
380
-47
291
-646
-53
285
623
451
-1251
-148
190
528
356
-1346
267
-670
1708
261
-1441
427
255
-172
676
-2301
1607
670
-2307
1346
-866
1512
575
-2402
1506
569
-1133
1755
-2497
1411
474
-1228
1660
-2082
551
1654
-1323
1820
-1157
-1329
1559
-908
960
23
-1424
1464
-1003
865
-72
-1009
859
1197
-1015
-167
-1104
764
1102
-600
-1027
76
669
1007
-695
-867
1001
-701
-1128
-25
1078
141
479
-1223
-120
983
46
384
-553
40
378
-49
289
-648
-55
283
366
-571
532
-150
188
526
354
-1348
265
-672
1706
259
-1443
170
-767
1611
674
-2303
1605
158
-269
579
-2398
1510
573
-1129
1759
-2493
1415
478
-1224
1919
-1058
-1230
1658
-2084
549
1652
-1325
1563
-2179
454
1557
-910
958
21
-1426
1462
-1005
863
-74
-1011
602
175
768
-169
-1106
762
1100
-602
-1029
74
667
1005
-697
-1124
-21
1082
145
483
-964
904
-798
50
388
-549
44
382
-45
293
-644
-221
120
206
-728
1653
719
-2255
1401
-808
1573
639
-2335
1576
132
-292
559
-2415
1496
562
-1137
1754
-2495
1416
482
-1217
1674
-1300
1846
-1128
-1297
1594
-870
1001
67
-1377
1514
-950
921
-13
-1457
1434
-1030
841
-93
-1027
589
165
761
-173
-1107
509
85
681
1022
-677
-1101
5
1111
177
518
-926
945
-754
97
438
-1006
865
-834
17
358
-576
20
361
-63
278
-656
-60
281
-143
198
539
370
-1329
287
-647
1734
290
-1409
207
-727
1654
210
-1489
127
-807
1574
640
-2334
1322
-887
1494
560
-1139
1752
-2497
1414
480
-1219
1672
-2067
569
1675
-1299
1847
-1127
-1296
1595
-1379
1767
-1207
-1376
1515
-949
922
-12
-1456
1435
-1029
842
1183
-1026
-175
-1109
762
1103
-596
-1020
86
682
1023
-676
-1100
6
602
943
-756
-1180
-74
1032
98
439
-1260
-154
952
18
359
-65
276
-658
-62
279
365
-569
537
-142
199
540
371
-1328
-222
119
460
291
-1408
208
-726
1655
211
-1488
128
-806
1575
131
-293
558
-2416
1495
561
-1138
1753
-2496
1415
481
-1218
1673
-2576
1335
401
-1298
1593
-2146
490
1596
-1378
1513
-951
920
-14
-1458
1433
-1031
840
-94
-1028
843
1184
-1025
-174
-1108
763
1104
-595
-1019
87
683
1024
-675
-1099
7
603
944
-755
96
437
-497
99
440
16
357
-577
19
360
-64
277
-657
-61
280
366
-568
538
-141
200
286
-648
458
-221
120
206
-728
1653
719
-2255
1401
-808
1573
639
-2335
1576
132
-292
559
-2415
1496
562
-1137
1754
-2495
1416
482
-1217
1674
-1300
1846
-1128
-1297
1594
-870
1001
67
-1377
1514
-950
921
-13
-1457
1434
-1030
841
-93
-1027
589
165
761
-173
-1107
509
85
681
1022
-677
-1101
5
1111
177
518
-926
945
-754
97
438
-1006
865
-834
17
358
-576
20
361
-63
278
-656
-60
281
-143
198
539
370
-1329
287
-647
1734
290
-1409
207
-727
1654
210
-1489
127
-807
1574
640
-2334
1322
-887
1494
560
-1139
1752
-2497
1414
480
-1219
1672
-2067
569
1675
-1299
1847
-1127
-1296
1595
-1379
1767
-1207
-1376
1515
-949
922
-12
-1456
1435
-1029
842
1183
-1026
-175
-1109
762
1103
-596
-1020
86
682
1023
-676
-1100
6
602
943
-756
-1180
-74
1032
98
439
-1260
-154
952
18
359
-65
276
-658
311
-1385
-276
68
157
-774
1610
169
-1527
92
-839
1545
614
-1082
1812
-2434
1480
549
-1147
1747
-2499
1415
484
-1212
1682
-1289
1605
-2131
508
1617
-1354
1540
-2196
443
1552
-1419
1475
-986
888
-43
-1484
1410
-1051
823
1167
-1039
-185
-1116
758
1102
-1104
-250
-1181
438
17
616
960
-736
-1157
-48
1061
130
474
53
397
-534
65
409
-12
332
-599
0
344
-77
267
611
445
-1251
-142
202
291
-640
469
-207
137
226
-705
1679
238
-1458
161
-770
1614
173
-248
606
-2365
1549
108
-313
541
-2430
1229
-977
1407
476
-1220
1674
-2572
1342
411
-1285
1609
-2127
512
1621
-1350
1544
-917
957
26
-1415
1479
-982
892
1236
-970
-116
-1047
572
151
750
-181
-1112
507
86
685
1029
-667
-1088
21
620
964
-732
-1153
-44
555
899
-797
57
401
-1040
834
-862
-8
336
-85
259
-672
-73
271
-150
194
-737
-138
206
295
-636
1748
307
-1389
230
-701
1683
242
-179
675
-2296
1618
177
-244
610
-2361
1298
-908
1476
545
-1151
1743
-2503
1411
480
-1216
1678
-2568
1346
415
-1281
1613
-1358
1791
-1180
-1346
1548
-1423
1471
-990
884
-47
-1488
1406
-1055
819
-112
-1043
576
155
754
1098
-598
-1019
90
689
1033
-663
-1084
25
624
968
-728
126
470
-1226
-117
992
61
405
-16
328
-603
-4
340
-81
263
-668
-69
275
-146
198
542
376
-1320
-211
133
477
311
-1385
-276
68
157
-774
1610
169
-1527
92
-839
1545
614
-1082
1812
-2434
1480
549
-1147
1747
-2499
1415
484
-1212
1682
-1289
1605
-2131
508
1617
-1354
1540
-2196
443
1552
-1419
1475
-986
888
-43
-1484
1410
-1051
823
1167
-1039
-185
-1116
758
1102
-1104
-250
-1181
438
17
616
960
-736
-1157
-48
1061
130
474
53
397
-534
65
409
-12
332
-599
0
344
-77
267
611
445
-1251
-142
202
291
-640
469
-207
137
226
-705
1679
238
-1458
161
-770
1614
173
-248
606
-2365
1549
108
-313
541
-2430
1229
-977
1407
476
-1220
1674
-2572
1342
411
-1285
1609
-2127
512
1621
-1350
1544
-917
957
26
-1415
1479
-982
892
1236
-970
-116
-1047
572
151
750
-181
-1112
507
86
685
1029
-667
-1088
21
620
964
-732
-1153
-44
555
899
-797
57
401
-1040
834
-862
-8
336
-85
259
-672
-687
1700
262
-156
191
-1502
120
-808
1579
141
-277
580
-2388
1274
-929
1458
530
-1163
1734
-2509
1408
480
-1213
1684
-1284
1613
-2630
1287
359
-1334
1563
-1405
1747
-1221
-1384
1513
-1455
1442
-1016
861
-67
-1505
1392
-1066
556
138
740
1087
-606
-1024
88
690
1037
-1166
966
-727
-1145
-33
569
916
-777
80
427
-1266
-154
958
30
377
-41
306
-622
-20
327
-91
256
348
-580
532
-141
206
-212
135
482
319
-1374
-262
85
177
-751
1636
198
-1495
127
-801
1331
-872
1515
587
-1106
1791
-2452
1465
27
-391
466
-1227
1670
-2573
1344
416
-1277
1620
-1348
1804
-1164
-1327
1570
-1398
1499
-959
918
-10
-1448
1449
-1009
613
195
797
-131
-1569
1328
-1130
747
1094
-1109
-252
-1180
442
24
626
973
-720
-1138
-26
576
923
-770
87
434
16
363
-565
37
384
-34
313
-105
242
-686
-84
263
-155
192
539
376
-1317
-205
142
234
-694
1693
255
-1438
184
-744
1388
-815
1572
644
-2324
1338
-865
1522
84
-334
523
-2445
1217
-986
1401
473
-1220
1677
-2566
1351
423
-1270
1627
-1341
1556
-902
975
47
-1391
1506
-1462
1435
-1023
854
-74
-1512
1385
-1073
804
1151
-1052
-195
-1123
499
81
683
1030
-663
-1081
31
633
980
-713
144
491
-1202
-90
512
859
-834
23
370
-1323
-211
901
-27
320
-98
249
-679
-77
270
-148
199
291
-637
1750
312
-1381
241
-687
1700
262
-156
191
-1502
120
-808
1579
141
-277
580
-2388
1274
-929
1458
530
-1163
1734
-2509
1408
480
-1213
1684
-1284
1613
-2630
1287
359
-1334
1563
-1405
1747
-1221
-1384
1513
-1455
1442
-1016
861
-67
-1505
1392
-1066
556
138
740
1087
-606
-1024
88
690
1037
-1166
966
-727
-1145
-33
569
916
-777
80
427
-1266
-154
958
30
377
-41
306
-622
-20
327
-91
256
348
-580
532
-141
206
-212
135
482
319
-1374
-262
85
177
-751
1636
198
-1495
127
-801
1331
-872
1515
587
-1106
1791
-2452
1465
27
-391
466
-1227
1670
-2573
1344
416
-1277
1620
-1348
1804
-1164
-1327
1570
-1398
1499
-959
918
-10
-1448
1449
-1009
613
195
797
-131
-1569
1328
-1130
747
1094
-1109
-252
-1180
442
24
626
973
-720
-1138
-26
576
923
-770
87
434
16
363
-565
37
384
-34
313
-105
242
-686
-1430
195
-730
1405
-795
1595
160
-255
605
-2360
1305
-895
1495
60
-355
505
-2460
1205
-995
1395
470
-1220
1680
-1285
1615
-2625
1295
370
-1320
1580
-1385
1515
-940
940
15
-1420
1480
-1485
1415
-1040
840
1190
-1010
-150
-1585
1315
-1140
485
70
675
1025
-665
-1080
35
385
-30
575
925
-765
95
445
-1245
-130
475
825
-865
-5
345
-70
280
-645
-40
310
-105
245
-170
180
530
370
-1320
-205
145
240
-685
1705
270
-145
205
-1485
140
-785
1605
170
-245
105
-310
550
-2415
1250
-950
1440
515
-1175
1725
-2515
1150
-1050
1340
415
-1275
1625
-1340
1560
-2170
475
1590
-1375
1525
-1440
1460
-995
885
-40
-1475
1425
-1540
1360
-1095
785
1135
-1065
-205
-1130
495
80
685
1035
-1165
970
-720
-1135
-20
585
935
-755
105
455
40
390
-1300
-185
930
5
355
-60
290
-125
225
-700
-95
255
-160
190
285
-640
1750
315
-1375
-260
90
185
-740
1650
215
-200
150
-1540
85
-840
1550
115
-300
560
-1130
1770
-2470
1450
15
-400
460
-1230
1670
-2570
1350
425
-1265
1635
-1330
1570
-1395
1505
-2225
420
1535
-1430
1470
-1495
1405
-1050
830
-95
-1530
1370
-1085
540
125
730
1080
-1120
-260
-1185
440
25
630
980
-710
150
500
-1190
-75
530
880
-810
50
400
-15
335
-1100
780
-910
-50
300
-115
235
585
425
-1265
-150
200
-215
135
230
-695
1695
260
-1430
195
-730
1405
-795
1595
160
-255
605
-2360
1305
-895
1495
60
-355
505
-2460
1205
-995
1395
470
-1220
1680
-1285
1615
-2625
1295
370
-1320
1580
-1385
1515
-940
940
15
-1420
1480
-1485
1415
-1040
840
1190
-1010
-150
-1585
1315
-1140
485
70
675
1025
-665
-1080
35
385
-30
575
925
-765
95
445
-1245
-130
475
825
-865
-5
345
-70
280
-645
-40
310
-105
245
-170
180
530
370
-1320
-205
145
240
-685
1705
270
-145
205
-1485
140
-785
1605
170
-245
105
-310
550
-2415
1250
-950
1440
515
-1175
1725
-2515
1150
-1050
1340
415
-1275
1625
-1340
1560
-2170
475
1590
-1375
1525
-1440
1460
-995
885
-40
-1475
1425
-1540
1360
-1095
785
1135
-1065
-205
-1130
495
80
685
1035
-1165
970
-720
-1135
-20
585
935
-755
105
455
40
390
-1300
-185
930
5
355
-60
290
-125
225
-700
1652
220
-1467
-349
4
102
-820
1318
-879
1514
82
-330
533
-2429
1239
-958
1435
3
-409
454
-1233
1670
-1292
1611
-2626
1297
375
-1312
1591
-1371
1532
-1430
1473
-979
904
-18
-1450
1453
-1509
1394
-1058
570
158
766
1119
-1078
1060
-1137
-274
-1196
432
20
628
981
-1216
922
-765
98
451
-1236
-118
490
843
-844
19
372
-40
313
-99
254
-668
-60
293
-119
234
-178
175
273
-649
1744
312
-1375
-257
96
194
-728
1410
-787
1606
174
-238
625
-2337
1331
-866
1272
-925
1468
36
-376
487
-1200
1703
-2534
1389
-43
-455
408
-1279
1624
-1338
1565
-1397
1761
-1201
-1358
1545
-1417
1486
-1476
1427
-1025
858
1211
-986
-123
-1555
1348
-1104
524
112
720
1073
-1124
1014
-673
-1085
33
386
-26
582
935
-752
111
464
52
405
-1282
-164
444
797
-890
-27
326
-86
267
-145
208
-714
-106
247
-165
188
-224
129
227
-695
1698
266
-1421
-303
50
148
-774
1364
-833
1560
128
-284
579
-2383
1285
-912
1226
-971
1422
500
-1187
1716
-1246
1657
-2580
1343
421
-1266
1637
-1325
1578
-1384
1519
-1443
1715
-1247
-1404
1499
-1463
1440
-1522
1381
-1071
812
1165
-1032
-169
-1601
1302
-1150
478
66
674
1027
-1170
968
-719
-1131
-13
340
-72
536
889
-798
65
418
6
359
-1328
-210
908
-14
339
-73
280
-132
221
319
-603
515
-152
201
-211
142
-270
83
181
-741
1652
220
-1467
-349
4
102
-820
1318
-879
1514
82
-330
533
-2429
1239
-958
1435
3
-409
454
-1233
1670
-1292
1611
-2626
1297
375
-1312
1591
-1371
1532
-1430
1473
-979
904
-18
-1450
1453
-1509
1394
-1058
570
158
766
1119
-1078
1060
-1137
-274
-1196
432
20
628
981
-1216
922
-765
98
451
-1236
-118
490
843
-844
19
372
-40
313
-99
254
-668
-60
293
-119
234
-178
175
273
-649
1744
312
-1375
-257
96
194
-728
1410
-787
1606
174
-238
625
-2337
1331
-866
1272
-925
1468
36
-376
487
-1200
1703
-2534
1389
-43
-455
408
-1279
1624
-1338
1565
-1397
1761
-1201
-1358
1545
-1417
1486
-1476
1427
-1025
858
1211
-986
-123
-1555
1348
-1104
524
112
720
1073
-1124
1014
-673
-1085
33
386
-26
582
935
-752
111
464
52
405
-1282
-164
444
797
-890
-27
326
-86
267
-145
208
-714
144
-775
1621
192
-217
139
-270
86
-1598
33
-886
1255
-939
1457
28
-381
485
-1199
1707
-1252
1654
-1305
1601
-2633
1293
374
-1310
1596
-1363
1543
-1416
1490
-1469
1437
-1012
874
1230
-964
-98
-1527
1379
-1580
1326
-1123
508
99
455
46
657
1013
-1181
960
-724
-1133
-12
344
-65
291
-118
493
849
-835
31
387
-22
334
-75
281
-1403
-282
839
-80
276
-133
223
-186
170
-239
117
218
-701
1695
266
-1418
-297
59
-350
6
107
-812
1329
-865
1531
102
-307
49
-360
506
-2453
1218
-976
1165
-1029
1367
448
-1236
1670
-1289
1617
-1342
1564
-1395
1511
-2213
438
1559
-1400
1506
-1453
1453
-1506
1400
-1049
582
173
784
1140
-1054
-188
-1617
1289
-1160
471
62
418
9
620
976
-1218
923
-761
105
461
-1223
-102
254
-155
456
812
-872
-6
350
-59
297
-112
244
-165
191
-728
-117
239
-170
186
-223
133
-276
80
181
-738
1658
229
-180
176
-1508
-387
-31
70
-849
1292
-902
1494
65
-344
12
-397
469
-1215
1691
-2543
1128
-1066
1330
411
-1273
1633
-1326
1580
-1379
1527
-1432
1474
-975
911
-8
-1437
1469
-1490
1416
-1543
1363
-1086
545
136
747
1103
-1091
1050
-1144
-278
-1197
434
25
381
-28
583
939
-1255
886
-798
68
424
15
371
-1313
-192
419
775
-909
-43
313
-96
260
-149
207
-202
154
510
356
-1328
-207
149
-260
96
-313
43
144
-775
1621
192
-217
139
-270
86
-1598
33
-886
1255
-939
1457
28
-381
485
-1199
1707
-1252
1654
-1305
1601
-2633
1293
374
-1310
1596
-1363
1543
-1416
1490
-1469
1437
-1012
874
1230
-964
-98
-1527
1379
-1580
1326
-1123
508
99
455
46
657
1013
-1181
960
-724
-1133
-12
344
-65
291
-118
493
849
-835
31
387
-22
334
-75
281
-1403
-282
839
-80
276
-133
223
-186
170
-239
117
218
-701
1695
266
-1418
-297
59
-350
6
107
-812
1329
-865
1531
102
-307
49
-360
506
-2453
1218
-976
1165
-1029
1367
448
-1236
1670
-1289
1617
-1342
1564
-1395
1511
-2213
438
1559
-1400
1506
-1453
1453
-1506
1400
-1049
582
173
784
1140
-1054
-188
-1617
1289
-1160
471
62
418
9
620
976
-1218
923
-761
105
461
-1223
-102
254
-155
456
812
-872
-6
350
-59
297
-112
244
-165
191
-728
-344
15
119
-797
1347
-844
1300
-891
1508
82
-324
35
-371
498
-1183
1726
-1230
1679
-1277
1632
-2599
1075
-1116
1283
367
-1314
1595
-1361
1548
-1408
1501
-1455
1454
-1502
1407
-1039
595
189
803
1162
-1029
1115
-1076
-207
-1633
1276
-1680
1229
-1217
417
11
370
-36
578
937
-1254
890
-1301
843
-838
31
390
-16
343
-63
296
-1385
-261
353
712
-969
-100
259
-147
212
-194
165
-241
118
-288
71
175
-741
1658
232
-174
185
-221
138
-1543
-419
-60
44
-872
1272
-919
1225
-966
1433
7
-399
-40
-446
423
-1258
1651
-1305
1604
-1352
1557
-1399
1510
-2721
1208
292
-1389
1520
-1436
1473
-1483
1426
-1530
1379
-1577
1332
-1114
520
114
728
1087
-1104
1040
-1151
993
-1198
946
-735
-1141
-17
342
-64
295
-111
503
862
-1329
815
-866
3
362
-44
315
-91
268
-138
221
-185
174
533
382
-1299
-175
184
-222
137
-269
90
-316
43
147
-769
1375
-816
1583
157
-249
110
-296
63
-343
526
-1155
1754
-2477
1197
-994
1150
-1041
1358
-68
-474
395
-1286
1623
-1333
1576
-1380
1529
-1427
1482
-1474
1435
-1011
878
1237
-954
-85
-1511
1398
-1558
1351
-1605
1304
-1142
492
86
445
39
653
1012
-1179
965
-1226
918
-763
106
465
59
418
-1263
-139
220
-186
428
787
-894
-25
334
-72
287
-119
240
-166
193
-213
146
250
-666
1733
307
-99
260
-1421
-297
62
-344
15
119
-797
1347
-844
1300
-891
1508
82
-324
35
-371
498
-1183
1726
-1230
1679
-1277
1632
-2599
1075
-1116
1283
367
-1314
1595
-1361
1548
-1408
1501
-1455
1454
-1502
1407
-1039
595
189
803
1162
-1029
1115
-1076
-207
-1633
1276
-1680
1229
-1217
417
11
370
-36
578
937
-1254
890
-1301
843
-838
31
390
-16
343
-63
296
-1385
-261
353
712
-969
-100
259
-147
212
-194
165
-241
118
-288
71
175
-741
1658
232
-174
185
-221
138
-1543
-419
-60
44
-872
1272
-919
1225
-966
1433
7
-399
-40
-446
423
-1258
1651
-1305
1604
-1352
1557
-1399
1510
-2721
1208
292
-1389
1520
-1436
1473
-1483
1426
-1530
1379
-1577
1332
-1114
520
114
728
1087
-1104
1040
-1151
993
-1198
946
-735
-1141
-17
342
-64
295
-111
503
862
-1329
815
-866
3
362
-44
315
-91
268
-138
221
-185
174
533
188
-215
147
-256
106
-297
65
-338
534
-2419
1258
-930
1217
-971
1176
-1012
1135
-1053
1094
-1094
1308
-115
-518
354
-1324
1588
-1365
1547
-1406
1506
-1447
1465
-1488
1424
-1529
1383
-1570
1342
-1101
536
133
495
92
709
1071
-1117
1030
-1158
989
-1199
948
-1240
907
-771
101
463
60
422
19
381
-1297
-170
192
-211
151
-252
365
727
-951
-79
283
-120
242
-161
201
-202
160
-243
119
-284
78
-325
37
144
-769
1378
-810
1337
-851
1551
128
-275
87
-316
46
-357
5
-398
474
-1204
1708
-1245
1667
-1286
1626
-1327
1585
-1368
1544
-1409
1503
-2725
1207
294
-1384
1528
-1425
1487
-1466
1446
-1507
1405
-1548
1364
-1589
1323
-1630
1282
-1161
476
73
435
32
394
-9
353
-50
567
929
-1259
888
-1300
847
-831
41
403
0
362
-41
321
-82
280
-123
239
-164
198
-205
157
264
-649
1753
330
-1348
-221
141
-262
100
-303
59
-344
18
-385
-23
84
-829
1318
-870
1277
-911
1236
-952
1195
-993
1409
-14
-417
-55
-458
414
-1264
1648
-1305
1607
-1346
1566
-1387
1525
-1428
1484
-1469
1443
-1510
1402
-1041
596
193
810
1172
-1016
1131
-1057
1090
-1098
-226
-1649
1263
-1690
1222
-1221
416
13
375
-28
334
-69
293
-110
252
-151
466
828
-1360
787
-891
-19
343
-60
302
-101
261
-142
220
-183
179
-224
138
-265
97
204
-709
1438
-750
1652
229
-174
188
-215
147
-256
106
-297
65
-338
534
-2419
1258
-930
1217
-971
1176
-1012
1135
-1053
1094
-1094
1308
-115
-518
354
-1324
1588
-1365
1547
-1406
1506
-1447
1465
-1488
1424
-1529
1383
-1570
1342
-1101
536
133
495
92
709
1071
-1117
1030
-1158
989
-1199
948
-1240
907
-771
101
463
60
422
19
381
-1297
-170
192
-211
151
-252
365
727
-951
-79
283
-120
242
-161
201
-202
160
-243
119
-284
78
-325
37
144
-769
1378
-810
1337
-851
1551
128
-275
87
-316
46
-357
5
-398
474
-1204
1708
-1245
1667
-1286
1626
-1327
1585
-1368
1544
-1409
1503
-2725
1207
294
-1384
1528
-1425
1487
-1466
1446
-1507
1405
-1548
1364
-1589
1323
-1630
1282
-1161
476
73
435
32
394
-9
353
-50
567
929
-1259
888
-1300
847
-831
41
403
0
362
-41
321
-82
280
-123
239
-164
198
-205
157
264
-810
1340
-845
1305
-880
1270
-915
1235
-950
1455
35
-365
0
-400
-35
-435
-70
-470
-105
-505
370
-1305
1610
-1340
1575
-1375
1540
-1410
1505
-1445
1470
-1480
1435
-1515
1400
-1550
1365
-1585
1330
-1620
1295
-1655
1260
-1180
460
60
425
25
390
-10
355
-45
320
-80
285
-115
250
-150
215
-185
435
800
-1385
765
-1420
730
-945
-70
295
-105
260
-140
225
-175
190
-210
155
-245
120
-280
85
-315
50
-350
15
-385
-20
-420
-55
55
-855
1295
-890
1260
-925
1225
-960
1190
-995
1155
-1030
1120
-1065
1085
-1100
1050
-1135
1015
-1170
980
-1205
1200
290
-1385
1530
-1420
1495
-1455
1460
-1490
1425
-1525
1390
-1560
1355
-1595
1320
-1630
2560
-1155
995
-1190
960
-1225
925
-1260
890
-785
90
455
55
420
20
385
-15
350
-50
315
-85
280
-120
245
-155
210
-190
175
-225
140
-260
105
215
-695
1710
290
-110
255
-145
220
-180
185
-215
150
-250
115
-285
80
-320
45
-355
10
-390
-25
-425
450
-1225
1690
-1260
1655
-1295
1620
-1330
1585
-1365
1550
-1400
1515
-1435
1480
-1470
1445
-1505
1410
-1540
1375
-1575
1340
-1100
540
140
505
105
470
70
690
1055
-1130
1020
-1165
985
-1200
950
-1235
915
-1270
880
-1305
845
-1340
810
-865
10
375
-25
340
-60
305
-95
270
-130
235
-165
200
-200
165
-235
130
-270
95
-305
60
-340
25
135
-775
1375
-810
1340
-845
1305
-880
1270
-915
1235
-950
1455
35
-365
0
-400
-35
-435
-70
-470
-105
-505
370
-1305
1610
-1340
1575
-1375
1540
-1410
1505
-1445
1470
-1480
1435
-1515
1400
-1550
1365
-1585
1330
-1620
1295
-1655
1260
-1180
460
60
425
25
390
-10
355
-45
320
-80
285
-115
250
-150
215
-185
435
800
-1385
765
-1420
730
-945
-70
295
-105
260
-140
225
-175
190
-210
155
-245
120
-280
85
-315
50
-350
15
-385
-20
-420
-55
55
-855
1295
-890
1260
-925
1225
-960
1190
-995
1155
-1030
1120
-1065
1085
-1100
1050
-1135
1015
-1170
980
-1205
1200
290
-1385
1530
-1420
1495
-1455
1460
-1490
1425
-1525
1390
-1560
1355
-1595
1320
-1630
2560
-1155
995
-1190
960
-1225
925
-1260
890
-785
90
455
55
420
20
385
-15
350
-50
315
-85
280
-120
245
-155
210
-190
175
-225
140
-260
-23
-420
-52
-449
-81
-478
1165
3
-394
484
-1188
1730
-1217
1701
-1246
1672
-1275
1643
-1304
1614
-1333
1585
-1362
1556
-1391
1527
-1420
1498
-1449
1469
-1478
1440
-1507
1411
-1536
1382
-1565
1353
-1594
1324
-1623
1295
-1652
2541
-1171
982
-1200
953
-1229
924
-1258
895
-1287
866
-1316
837
-1345
808
-1374
779
-893
-15
353
-44
324
-73
295
-102
266
-131
237
-160
208
-189
179
-218
150
-247
121
-276
1367
205
-192
176
-221
147
-250
118
-279
89
-308
60
-337
31
-366
2
-395
-27
-424
-56
-453
-85
-482
-114
-511
-143
-540
-172
-569
-201
-598
280
-1392
1526
-1421
1497
-1450
2743
-969
1184
-998
1155
-1027
1126
-1056
1097
-1085
1068
-1369
19
387
-10
358
-39
329
-68
300
-97
271
-126
242
-155
213
-184
184
-213
155
-242
126
-271
97
-300
1343
181
-216
152
-245
123
-274
94
-303
65
178
-729
1424
-758
1395
-787
1366
-816
1337
-845
1308
-874
1279
-903
1250
-932
1221
-961
1192
-990
1163
-1019
1134
-1048
1105
-1077
1076
169
1557
-1390
1528
-1419
1499
-1448
1470
-1477
1441
-1506
1412
-1535
1383
-1564
1354
-1593
1325
-1622
1296
-1651
1267
-1680
1238
-1199
444
47
415
18
386
-11
357
-40
328
-69
299
-98
1545
383
-14
354
-43
325
-72
296
-101
267
-130
238
-159
209
-188
180
-217
151
-246
122
-275
93
-304
64
-333
35
-362
6
-391
-23
-420
-52
-449
-81
-478
1165
3
-394
484
-1188
1730
-1217
1701
-1246
1672
-1275
1643
-1304
1614
-1333
1585
-1362
1556
-1391
1527
-1420
1498
-1449
1469
-1478
1440
-1507
1411
-1536
1382
-1565
1353
-1594
1324
-1623
1295
-1652
2541
-1171
982
-1200
953
-1229
924
-1258
895
-1287
866
-1316
837
-1345
808
-1374
779
-893
-15
353
-44
324
-73
295
-102
266
-131
237
-160
208
-189
179
-218
150
-247
121
-276
1367
205
-192
176
-221
147
-250
118
-279
89
-308
60
-337
31
-366
2
-395
-27
-424
-56
-453
-85
-482
-114
-511
-143
-540
-172
-569
-201
-598
280
-1392
1526
-1421
1497
-1450
2743
-969
1184
-998
1155
-1027
1126
-1056
1097
-1085
1068
-1369
19
387
-10
358
-39
329
-68
300
-97
271
-126
242
-155
213
-184
184
-213
155
-242
126
-271
97
-300
1343
181
-216
152
-245
123
-274
-256
115
-279
92
-302
69
-580
-974
1182
-997
1159
-1020
1136
-1043
1113
-1066
1090
186
1577
-1367
1554
-1390
1531
-1413
1508
-1436
1485
-1459
1462
-1482
1439
-1505
1416
-1528
1393
-1551
2645
-1064
1092
-1087
1069
-1110
1046
-1388
3
374
-20
351
-43
328
-66
305
-89
282
-112
259
-135
1511
352
-42
329
-65
306
-88
283
-111
260
-134
237
-157
214
-180
191
-203
168
-226
1420
261
-133
238
-411
-805
1351
-828
1328
-851
1305
-874
1282
-897
1259
-920
1236
-943
1213
309
1700
-1244
1677
-1267
1654
-1290
1631
-1313
1608
-1336
1585
-1359
1562
-1382
1539
-1405
1516
-1428
1493
-1451
2745
-1219
172
543
149
520
126
497
103
474
80
451
-453
1193
-1751
1170
-1774
1147
-1797
2399
-1310
846
-1333
823
-1356
800
-1379
777
-1402
754
-1425
731
-1448
708
-1471
685
-1749
-358
1288
129
-265
106
-288
83
-311
60
-334
37
-357
14
-380
-9
-403
-32
-426
-55
-449
-78
-472
1174
15
-379
-8
-402
-31
-425
-54
-448
-77
-471
-100
-494
-123
-772
-1166
990
-1189
967
63
1454
-1490
1431
-1513
1408
-1536
1385
-1559
1362
-1582
1339
-1605
1316
-1628
1293
-1651
1270
-1674
2522
-1187
969
-1210
946
-1233
923
-1256
900
-1279
877
-1302
854
-1580
-189
182
-212
159
-235
1411
252
-142
229
-165
206
-188
183
-211
160
-234
137
-257
114
-280
91
-303
68
-326
45
-349
1297
138
-256
115
-279
92
-302
69
-580
-974
1182
-997
1159
-1020
1136
-1043
1113
-1066
1090
186
1577
-1367
1554
-1390
1531
-1413
1508
-1436
1485
-1459
1462
-1482
1439
-1505
1416
-1528
1393
-1551
2645
-1064
1092
-1087
1069
-1110
1046
-1388
3
374
-20
351
-43
328
-66
305
-89
282
-112
259
-135
1511
352
-42
329
-65
306
-88
283
-111
260
-134
237
-157
214
-180
191
-203
168
-226
1420
261
-133
238
-411
-805
1351
-828
1328
-851
1305
-874
1282
-897
1259
-920
1236
-943
1213
309
1700
-1244
1677
-1267
1654
-1290
1631
-1313
1608
-1336
1585
-1359
1562
-1382
1539
-1405
1516
-1428
1493
-1451
2745
-1219
172
543
149
520
126
497
103
474
80
451
-453
1193
-1751
1170
-1774
1147
-1797
2399
-1310
846
-1333
823
-1356
800
-1379
777
-1402
754
-1425
731
-1448
708
-1471
685
-1749
-358
1288
129
-265
106
-288
1296
-880
1279
-897
1262
-914
735
1109
-47
-438
-64
-455
-81
-472
-98
-489
-115
-761
-1152
1007
106
1500
-1441
1483
-1458
1466
-1475
1449
-1492
1432
-1509
1415
-1526
1398
-1543
2656
-1305
89
463
72
446
55
429
-472
1177
-1764
1160
-1781
2418
-1288
871
-1305
854
-1322
837
-1339
820
-1611
-217
157
-234
1415
259
-132
242
-149
225
-166
208
-183
191
-200
174
-217
1432
276
-370
-761
1398
-778
871
-30
-421
-47
-438
-64
-455
-81
-472
1177
21
-370
4
-387
-13
-659
-1050
1109
-1067
1092
-1084
1075
174
1568
-1373
1551
-1390
1534
-1407
1517
-1424
1500
-1441
1483
-1458
2741
-1220
-336
1313
-1628
1296
-1645
1279
-1662
1262
-1679
1245
-1696
2503
-1203
956
-1220
939
-1237
922
-1509
-115
259
-132
242
-149
1500
344
-47
327
-64
310
-81
293
-98
276
-115
-251
633
-1798
-404
1245
89
-302
72
-319
55
-336
38
-353
21
-370
4
-387
1262
106
-285
89
-302
72
-574
-965
1194
-982
1177
-999
1160
259
1653
-1288
1636
-1305
1619
-1322
1092
-574
-200
-591
-217
-863
21
1415
-1526
1398
-1543
1381
-1560
1364
-1577
1347
-1594
1330
-1611
2588
-1118
1041
-1135
1024
-1407
-13
361
-30
344
-47
327
-64
310
-81
1568
412
21
-115
769
-1407
752
-1424
735
-1696
-302
72
-319
1330
174
-217
157
-234
140
-251
123
-268
106
-285
89
-302
1347
191
-200
174
-472
-863
1296
-880
1279
-897
1262
-914
735
1109
-47
-438
-64
-455
-81
-472
-98
-489
-115
-761
-1152
1007
106
1500
-1441
1483
-1458
1466
-1475
1449
-1492
1432
-1509
1415
-1526
1398
-1543
2656
-1305
89
463
72
446
55
429
-472
1177
-1764
1160
-1781
2418
-1288
871
-1305
854
-1322
837
-1339
820
-1611
-217
157
-234
1415
259
-132
242
-149
225
-166
208
-183
191
-200
174
-217
1432
276
-370
-761
1398
-778
871
-30
-421
-47
-438
-64
-455
-81
-472
1177
21
-370
4
-387
-13
-659
-1050
1109
-1067
1092
-1084
1075
174
1568
-1373
1551
-1390
1534
-1407
1517
-1424
1500
-1441
1483
-1458
2741
-1220
-336
1313
-1628
1296
-1645
1279
-1662
1262
-1679
1245
-1696
2503
-1203
956
-1220
939
-1237
922
-1509
-115
259
-132
242
-149
1500
344
-47
327
-64
310
-81
293
-98
276
-115
-251
633
-1798
-404
1245
89
-302
-467
-90
-478
1174
21
-367
10
-633
-1021
1141
-1032
1130
232
1629
-1309
1618
-1320
1097
-566
-189
-832
-1220
942
44
1441
-1497
1430
-1508
1419
-1519
1408
-1530
1397
-1541
2661
-1297
-410
1242
-1696
1231
-1707
1220
-1718
2484
-1219
943
-1230
932
-1496
-99
278
-110
267
-121
1531
378
-10
-143
744
-1429
733
-1695
-298
1354
201
-187
190
-198
179
-209
168
-220
157
-231
1166
-752
900
2
-386
-9
-397
-20
-408
-31
-419
1233
80
-308
69
-574
-962
1200
-973
1189
291
1178
-485
-108
-496
-119
-507
-130
-773
-1161
1001
103
1500
-1438
1489
-1449
1478
-1460
1467
-1471
2731
-1227
-340
1312
-1626
1301
-1637
1290
-1648
1279
-1659
2543
-1160
1002
-1426
-29
348
-40
337
-51
326
-572
2355
-1348
814
-1359
803
-1625
-228
149
-239
1413
260
-128
249
-139
238
-150
227
-161
-294
593
-560
72
-316
61
-327
50
-338
39
-349
1303
150
-238
139
-504
-892
1270
-903
1259
-914
738
1115
-38
-426
-49
-437
-60
-703
-1091
1071
-1102
1060
162
1559
-1379
1548
-1390
1537
-1401
1016
-902
-15
1382
-1556
1371
-1567
1360
-1578
1349
-1589
1338
-1600
2602
-1356
41
418
30
407
-491
1161
-1777
2425
-1278
884
-1289
873
-1300
862
-1566
-169
208
-180
1472
319
-69
308
-80
-213
674
-1499
663
-1765
-368
1284
131
-257
120
-268
109
-279
98
-290
1362
209
-434
-822
1340
-833
819
-79
-467
-90
-478
1174
21
-367
10
-633
-1021
1141
-1032
1130
232
1629
-1309
1618
-1320
1097
-566
-189
-832
-1220
942
44
1441
-1497
1430
-1508
1419
-1519
1408
-1530
1397
-1541
2661
-1297
-410
1242
-1696
1231
-1707
1220
-1718
2484
-1219
943
-1230
932
-1496
-99
278
-110
267
-121
1531
378
-10
-143
744
-1429
733
-1695
-298
1354
201
-187
190
-198
179
-209
168
-220
157
-231
1166
-752
900
2
-386
-9
-397
-20
-408
-31
-419
1233
80
-308
69
-574
-962
1200
-973
1189
291
1178
-485
-108
-496
-119
-507
-130
-773
-1161
1001
103
1500
-1438
1489
-1449
1478
-1460
1467
-1471
2731
-1227
-340
1312
-1626
1301
-1637
1290
-1648
1279
-1659
2543
-1160
1002
-1426
-29
348
-40
337
-51
326
-572
2355
-1348
814
-1359
803
-1625
-228
149
-239
1413
260
-128
249
-139
238
-150
227
-161
-294
593
-560
72
-316
65
-320
60
-580
-965
1200
-970
685
1065
-85
-470
-90
-730
-1115
1050
155
1555
-1380
1550
-1385
1035
-625
-245
-885
5
1405
-1530
1400
-1535
1395
-1540
1390
-1545
2660
-1295
-405
1250
-1685
1245
-1690
2515
-1185
980
-1445
-45
335
-50
330
-565
2365
-1335
830
-1340
825
-1600
-200
180
-205
1450
300
-85
-215
675
-1750
-350
1305
155
-230
150
-235
145
-240
140
-245
645
5
-380
0
-385
-5
-390
1265
115
-270
110
-530
-915
1250
-920
735
1115
-35
-420
-40
-680
-1065
1100
-1070
1095
200
1600
-1335
1085
-575
-195
-835
55
1455
-1480
1450
-1485
1445
-1490
1440
-1750
1180
1305
-1630
1300
-1635
1295
-1640
2565
-1135
1030
-1395
5
385
-510
1145
-1790
2415
-1285
880
-1290
875
-1550
-150
230
-155
1500
-160
730
-1440
725
-1700
-300
1355
205
-180
200
-185
195
-190
190
-195
695
55
-330
50
-335
45
-340
1315
165
-475
-860
1305
-865
790
-105
-490
1165
15
-370
10
-630
-1015
1150
-1020
1145
250
1140
-520
-140
-525
-145
-785
105
1505
-1430
1500
-1435
1495
-1440
980
-935
-45
1355
-1580
1350
-1585
1345
-1590
1340
-1595
2610
-1345
-455
1200
-1735
1195
-1740
2465
-1235
930
-1495
-95
285
-100
280
-105
1550
-110
780
-1390
775
-1650
-250
1405
255
-130
250
-135
245
-140
-270
620
-530
105
-280
100
-285
95
-290
90
-295
1105
-810
845
-50
-435
-55
-440
1215
65
-320
60
-580
-965
1200
-970
685
1065
-85
-470
-90
-730
-1115
1050
155
1555
-1380
1550
-1385
1035
-625
-245
-885
5
1405
-1530
1400
-1535
1395
-1540
1390
-1545
2660
-1295
-405
1250
-1685
1245
-1690
2515
-1185
980
-1445
-45
335
-50
330
-565
2365
-1335
830
-1340
825
-1600
-200
180
-205
1450
300
-85
-215
675
-1750
-350
1305
155
-230
150
-235
145
-240
140
-245
645
5
-380
0
-385
-5
-390
1265
115
-270
110
-530
-915
1250
-920
735
1115
-35
-420
-40
-680
-1065
1100
-1070
1095
200
1600
-1335
1085
-575
-195
-835
55
1455
-1480
1450
-1485
1445
-1490
1440
-1750
1180
1305
-1630
1300
-1635
1295
-1640
2565
-1135
1030
-1395
5
385
-510
1145
-1790
2415
-1285
880
-1290
875
-1550
-150
230
-155
1500
-160
730
-1440
725
-1700
-300
1355
205
-180
200
-185
195
-190
190
-195
695
55
-330
-933
1235
-932
726
1109
-38
-420
-37
-674
-1056
1112
220
1113
-544
-161
-798
-1180
988
96
1499
-1433
1500
-1432
991
-921
-28
1375
-1557
1376
-1556
1377
-1555
2653
-1299
-406
1252
-1680
1253
-1679
2529
-1423
-20
363
-529
1129
-1803
2405
-1292
876
-1546
-143
240
-142
1516
-141
752
-1415
753
-1669
-266
1392
245
-137
-264
629
-1793
-390
1268
121
-261
122
-260
123
-259
634
-3
-385
-2
-384
-1
-383
1020
-892
1276
-891
767
1150
3
-379
4
-633
-1015
1153
261
1154
-503
-120
-502
-119
-756
137
1540
-1392
1541
-1391
1032
-880
13
1416
-1516
1417
-1515
1418
-1514
2184
-493
-1640
1293
-1639
1294
-1638
2570
-1382
21
404
-488
1170
-1762
2446
-1251
917
-1505
-102
281
-101
1557
-100
793
-1374
794
-1628
-225
1433
286
-96
-223
670
-1752
-349
1309
162
-220
163
-219
164
-218
675
38
-344
39
-343
40
-342
1061
-851
807
-85
-467
-84
-466
1192
45
-592
-974
1194
-973
685
1068
-79
-461
-78
-715
-1097
1071
179
1582
-1350
1073
-839
-1221
947
55
1458
-1474
1459
-1473
950
-962
-69
1334
-1598
1335
-1597
1336
-1596
2612
-1340
-447
1211
-1721
1212
-1720
2488
-1464
-61
322
-570
2363
-1334
834
-1333
835
-1587
-184
1474
327
-55
-182
711
-1711
-308
1350
203
-179
204
-178
205
-177
716
79
-303
80
-302
81
-301
1357
210
-937
-44
-426
-43
-425
1233
86
-551
-933
1235
-932
726
1109
-38
-420
-37
-674
-1056
1112
220
1113
-544
-161
-798
-1180
988
96
1499
-1433
1500
-1432
991
-921
-28
1375
-1557
1376
-1556
1377
-1555
2653
-1299
-406
1252
-1680
1253
-1679
2529
-1423
-20
363
-529
1129
-1803
2405
-1292
876
-1546
-143
240
-142
1516
-141
752
-1415
753
-1669
-266
1392
245
-137
-264
629
-1793
-390
1268
121
-261
122
-260
123
-259
634
-3
-385
-2
-384
-1
-383
1020
-892
1276
-891
767
1150
3
-379
4
-633
-1015
1153
261
1154
-503
-120
-502
-119
-756
137
1540
-1392
1541
-1391
1032
-880
13
1416
-1516
1417
-1515
1418
-1514
2184
-493
-1640
1293
-1639
1294
-1638
2570
-1382
21
404
-488
1170
-1762
2446
-1251
917
-1505
-102
281
-101
1557
-100
793
-1374
794
-1628
-225
1433
286
-96
-223
670
-1752
-349
1309
162
-220
163
-219
164
-218
675
38
-344
-146
-525
1136
-8
-642
-1021
1150
261
1157
-497
-111
-745
-1124
1047
158
1054
-600
-214
-848
48
1454
-1475
1461
-1468
958
-951
-55
1351
-1578
1358
-1571
2640
-1309
-413
1248
-1681
1255
-1674
2537
-1412
-516
1145
-1784
2427
-1267
904
-1515
-109
277
-612
2324
-1370
801
-1618
-212
1449
305
-74
-198
698
-1721
-315
1346
202
-177
-301
595
-549
92
-287
99
-280
1381
237
-907
-11
-390
-4
-383
1278
134
-1010
-114
-493
1168
24
-610
-989
1182
-982
679
1065
-79
-713
-1092
1079
190
1596
-1333
1093
-816
-1195
976
87
1493
-1436
990
-919
-23
1383
-1546
1390
-1539
1397
-1787
1149
1280
-1649
1287
-1642
2569
-1380
-484
1177
-1752
1184
-1745
2466
-1483
-77
309
-580
2356
-1338
833
-1586
-180
206
-173
1488
-166
730
-1689
-283
1378
234
-145
-269
627
-1792
-386
1275
131
-248
138
-241
655
21
-358
28
-351
1310
166
-978
-82
-461
-75
-454
1207
63
-571
-950
711
1097
-47
-426
-40
-674
-1053
1118
229
1125
-529
-143
-777
119
1525
-1404
1022
-632
-246
-880
16
1422
-1507
1429
-1500
2201
-473
-1617
1319
-1610
1326
-1603
2608
-1341
-445
1216
-1713
2498
-1196
975
-1444
-548
1113
-1816
2395
-1554
-148
238
-141
1520
-134
762
-1657
-251
135
-244
1417
-237
659
-1760
-354
1307
163
-216
170
-209
-588
-457
1204
60
-319
67
-312
1094
-815
846
-43
-422
1239
95
-539
-918
743
-146
-525
1136
-8
-642
-1021
1150
261
1157
-497
-111
-745
-1124
1047
158
1054
-600
-214
-848
48
1454
-1475
1461
-1468
958
-951
-55
1351
-1578
1358
-1571
2640
-1309
-413
1248
-1681
1255
-1674
2537
-1412
-516
1145
-1784
2427
-1267
904
-1515
-109
277
-612
2324
-1370
801
-1618
-212
1449
305
-74
-198
698
-1721
-315
1346
202
-177
-301
595
-549
92
-287
99
-280
1381
237
-907
-11
-390
-4
-383
1278
134
-1010
-114
-493
1168
24
-610
-989
1182
-982
679
1065
-79
-713
-1092
1079
190
1596
-1333
1093
-816
-1195
976
87
1493
-1436
990
-919
-23
1383
-1546
1390
-1539
1397
-1787
1149
1280
-1649
1287
-1642
2569
-1380
-484
1177
-1752
1184
-1745
2466
-1483
-77
309
-580
2356
-1338
833
-1586
-180
206
-173
1488
-166
730
-1689
-283
1378
234
-145
-269
627
-1792
-386
1275
131
-248
138
-241
655
21
-358
1151
10
-621
-997
667
1056
-85
-716
-1092
1082
196
1095
-556
-167
-798
101
1510
-1416
1013
-893
6
1415
-1511
1428
-1498
2206
-465
-1606
1333
-1593
1346
-1835
1104
1238
-1688
1251
-1675
2539
-1407
-508
1156
-1770
2444
-1502
-93
296
-590
2349
-1342
832
-1584
-175
1489
-162
737
-1679
-270
1394
253
-123
-244
655
-486
158
-218
171
-205
694
63
-313
76
-300
1109
-797
867
-19
-395
-6
-382
1027
-879
785
-101
-477
932
-974
690
-196
-572
1092
-49
-680
-1056
608
997
-144
-775
-1151
1023
137
1036
-615
-226
-857
42
1451
-1475
954
-952
-53
1356
-1570
1369
-1557
2147
-524
-1665
1274
-1652
2562
-1384
-485
1179
-1747
2467
-1224
950
-1466
-567
1097
-1829
2385
-1561
-152
237
-649
2290
-1401
773
-1643
-234
1430
-221
678
-1738
-329
1335
194
-182
-303
596
-545
99
-277
112
-264
635
4
-372
17
-359
1050
-856
808
-78
-454
1210
69
-562
-938
726
1115
-26
-657
-1033
1141
255
1154
-497
-108
-739
-1115
1059
173
1072
-834
-1210
964
78
1487
-1439
990
-916
-17
1392
-1534
1405
-1776
1163
1297
-1629
1310
-1616
2598
-1348
-449
1215
-1711
2503
-1443
-34
355
-531
2408
-1283
891
-1525
-626
2313
-1378
796
-1620
-211
1453
-198
701
-1460
714
-427
217
-159
-280
619
-1797
-388
1276
135
-241
-362
537
-604
40
-336
53
-323
576
-55
-431
-42
-418
991
-915
749
-137
-513
1151
10
-621
-997
667
1056
-85
-716
-1092
1082
196
1095
-556
-167
-798
101
1510
-1416
1013
-893
6
1415
-1511
1428
-1498
2206
-465
-1606
1333
-1593
1346
-1835
1104
1238
-1688
1251
-1675
2539
-1407
-508
1156
-1770
2444
-1502
-93
296
-590
2349
-1342
832
-1584
-175
1489
-162
737
-1679
-270
1394
253
-123
-244
655
-486
158
-218
171
-205
694
63
-313
76
-300
1109
-797
867
-19
-395
-6
-382
1027
-879
785
-101
-477
932
-974
690
-196
-572
1092
-49
-680
-1056
608
997
-144
-775
-1151
1023
137
1036
-615
-226
-857
42
1451
-1475
954
-952
-53
1356
-1570
1369
-1557
2147
-524
-1665
1274
-1652
2562
-1384
-485
1179
-1747
2467
-1224
950
-1466
-567
1097
-1829
2385
-1561
-152
237
-649
2290
-1401
773
-1643
-234
1430
-221
678
-1738
-329
1335
194
-182
-303
596
-545
99
-277
112
-264
635
4
-372
-612
-985
682
1074
-64
-692
-1065
602
994
-144
-772
-1145
1032
149
1051
-852
-1225
952
69
971
-932
-30
1382
-1541
1401
-1777
1165
1302
-1621
1321
-1602
2105
-563
-1701
1241
-1682
2535
-1408
-506
1161
-1762
2455
-1488
-586
2356
-1332
845
-1568
-156
1511
-137
765
-1648
-236
1431
-217
685
-1728
-316
1351
213
-160
-533
-396
1271
133
-240
-613
-476
1191
53
-320
582
-46
-419
-27
-400
1267
129
-1009
-107
-480
1187
49
-1089
-187
-560
1107
-31
-659
-1032
635
1027
-111
-739
163
1065
-583
-191
-819
83
1495
-1428
1004
-899
3
1415
-1508
924
-979
-77
1335
-1588
1354
-1824
1118
1255
-1668
1274
-1904
1038
1175
-1748
2469
-1474
-62
330
-553
2389
-1299
878
-1535
-633
2309
-1379
798
-1615
-203
1464
-184
718
-1695
-283
1384
-264
638
-500
147
-226
166
-207
695
67
-306
86
-287
615
-13
-386
6
-367
535
-93
-466
-74
-447
965
-938
729
-154
-527
885
-1018
649
1041
-97
-725
-1098
1079
196
1098
-550
-158
-786
116
1018
-630
-238
-866
36
1448
-1475
957
-946
-44
1368
-1555
2152
-516
-1654
1288
-1635
2582
-1361
-459
1208
-1715
2502
-1441
-539
1128
-1795
2422
-1521
-109
283
-600
2342
-1601
-189
203
-680
2262
-1681
-269
1398
260
-113
-486
-349
1318
180
-193
-311
591
-547
100
-273
119
-254
648
20
-353
39
-334
568
-60
-433
1234
96
-1042
-140
-513
1154
16
-612
-985
682
1074
-64
-692
-1065
602
994
-144
-772
-1145
1032
149
1051
-852
-1225
952
69
971
-932
-30
1382
-1541
1401
-1777
1165
1302
-1621
1321
-1602
2105
-563
-1701
1241
-1682
2535
-1408
-506
1161
-1762
2455
-1488
-586
2356
-1332
845
-1568
-156
1511
-137
765
-1648
-236
1431
-217
685
-1728
-316
1351
213
-160
-533
-396
1271
133
-240
-613
-476
1191
53
-320
582
-46
-419
-27
-400
1267
129
-1009
-107
-480
1187
49
-1089
-187
-560
1107
-31
-659
-1032
635
1027
-111
-739
163
1065
-583
-191
-819
83
1495
-1428
1004
-899
3
1415
-1508
924
-979
-77
1335
-1588
1354
-1824
1118
1255
-1668
1274
-1904
1038
1175
-1748
2469
-1474
-62
330
-553
2389
-1299
878
-1535
-633
2309
-1379
798
-1615
-203
1464
-184
718
-1695
-283
1384
-264
638
-500
147
-226
166
-207
695
67
-306
86
-287
615
-13
-386
685
1080
-55
-680
-1050
620
1015
-120
-745
160
1065
-580
-185
-810
95
1000
-645
-250
-875
30
935
-965
-60
1355
-1565
870
-1030
-125
1290
-1630
2590
-1350
-445
1225
-1695
2525
-1415
-510
1160
-1760
2460
-1480
-575
2370
-1570
-155
240
-640
2305
-1635
-220
1450
-195
710
-1700
-285
1385
-260
645
-1765
-350
1320
-325
580
-555
95
-275
-390
515
-620
30
-340
565
-60
-430
-35
-405
1010
-890
780
1175
40
-585
-955
715
1110
-25
-650
-1020
650
1045
-90
-715
190
1095
-805
-1175
1005
125
1030
-870
35
1450
-1470
965
-935
-30
1385
-1535
900
-1000
-95
1320
-1600
2110
-555
-1690
1255
-1665
2045
-620
-1755
2465
-1475
-570
1100
-1820
2400
-1540
-125
270
-610
2335
-1605
-190
1480
-165
740
-1670
-255
1415
-230
675
-460
190
-180
-550
-410
1260
125
-245
-615
-475
1195
60
-310
595
-30
-400
-5
-375
530
-95
-465
1205
70
-1065
-160
-530
1140
5
-1130
1050
-85
-710
-1080
590
985
-150
-775
-1145
1035
155
1060
-840
65
1480
-1440
995
-905
0
1415
-1505
2205
-460
-1595
1350
-1825
1120
1260
-1660
1285
-1890
1055
1195
-1725
2495
-1445
-540
1130
-1790
2430
-1510
-605
2340
-1345
835
-1575
-670
2275
-1410
770
-1640
-735
2210
-1730
-315
1355
-290
615
-1795
-380
1290
155
-215
690
65
-305
90
-280
625
0
-370
1300
165
-970
-65
-435
980
-920
750
-130
-500
915
-985
685
1080
-55
-680
-1050
620
1015
-120
-745
160
1065
-580
-185
-810
95
1000
-645
-250
-875
30
935
-965
-60
1355
-1565
870
-1030
-125
1290
-1630
2590
-1350
-445
1225
-1695
2525
-1415
-510
1160
-1760
2460
-1480
-575
2370
-1570
-155
240
-640
2305
-1635
-220
1450
-195
710
-1700
-285
1385
-260
645
-1765
-350
1320
-325
580
-555
95
-275
-390
515
-620
30
-340
565
-60
-430
-35
-405
1010
-890
780
1175
40
-585
-955
715
1110
-25
-650
-1020
650
1045
-90
-715
190
1095
-805
-1175
1005
125
1030
-870
35
1450
-1470
965
-935
-30
1385
-1535
900
-1000
-95
1320
-1600
2110
-555
-1690
1255
-1665
2045
-620
-1755
2465
-1475
-570
1100
-1820
2400
-1540
-125
270
-610
2335
-1605
-190
1480
-165
740
-1670
-255
1415
-230
675
-460
190
-180
-550
-410
1260
125
-245
-615
-475
1195
60
-310
595
-30
-400
-568
850
-1047
626
1024
-108
-730
178
1086
-811
-1178
1005
128
1036
-861
47
1465
-1452
986
-911
-3
905
-992
-84
1334
-1583
2130
-532
-1664
1284
-1888
1060
1203
-1714
2509
-1428
-520
1153
-1764
2459
-1478
-570
2378
-1559
-651
2297
-1385
798
-1609
-701
2247
-1690
-272
1401
-241
667
-1740
-322
1351
-291
617
-515
138
-229
679
57
-310
88
-279
629
7
-360
548
-74
-441
-43
-410
498
-124
-491
927
-970
703
1101
-31
-653
-1020
653
1051
-81
-703
205
1113
-784
-1151
522
920
-212
-834
74
982
-915
-7
1411
-1506
932
-965
-57
1361
-1556
2157
-505
-1637
1311
-1861
1087
1230
-1687
2536
-1401
-493
2455
-1482
-574
1099
-1818
2405
-1532
-624
2324
-1358
825
-1582
-674
2274
-1663
-245
1428
-214
694
-1713
-295
1378
-519
-376
1297
-345
563
-569
84
-283
-395
513
-619
34
-333
575
-47
-414
-16
-383
525
-97
-464
954
-943
730
1128
-4
-626
-993
680
823
-1074
599
997
-135
-757
-1124
549
947
-185
-807
101
1009
-888
20
1438
-1479
959
-938
-30
1388
-1784
1164
1307
-1610
828
-1069
-161
1257
-1660
2053
-609
-1741
2482
-1455
-547
1126
-1791
2432
-1505
-597
2351
-1586
-168
230
-647
2301
-1636
-218
1455
-187
721
-411
-268
640
-1767
-349
1324
-318
590
-542
111
-256
-623
-480
1193
61
-306
602
-20
-387
1031
-866
807
-70
-437
471
-151
-518
1155
23
-1109
-201
-568
850
-1047
626
1024
-108
-730
178
1086
-811
-1178
1005
128
1036
-861
47
1465
-1452
986
-911
-3
905
-992
-84
1334
-1583
2130
-532
-1664
1284
-1888
1060
1203
-1714
2509
-1428
-520
1153
-1764
2459
-1478
-570
2378
-1559
-651
2297
-1385
798
-1609
-701
2247
-1690
-272
1401
-241
667
-1740
-322
1351
-291
617
-515
138
-229
679
57
-310
88
-279
629
7
-360
548
-74
-441
-43
-410
498
-124
-491
927
-970
703
1101
-31
-653
-1020
653
1051
-81
-703
205
1113
-784
-1151
522
920
-212
-834
74
982
-915
-7
1411
-1506
932
-965
-57
1361
-1556
2157
-505
-1637
1311
-1861
1087
1230
-1687
2536
-1401
-493
2455
-1482
-574
1099
-1818
2405
-1532
-624
2324
-1358
825
-1582
-674
2274
-1663
-245
1428
-214
694
-1713
-295
1378
-519
-376
1297
-345
563
-569
84
-283
-395
513
-619
34
-333
575
-47
-414
-36
-1165
1021
-108
-727
-1091
585
731
-1163
513
914
-215
-834
77
988
-906
5
1426
-1488
953
-941
-30
881
-1013
-102
1319
-1850
1101
1247
-1667
2049
-610
-1739
1212
-1957
994
1140
-1774
2452
-1482
-571
2380
-1554
-643
2308
-1626
-205
1471
-168
743
-1661
-750
2201
-1733
-312
1364
-275
636
-493
163
-201
710
91
-273
-637
-491
1185
56
-308
603
-16
-380
531
-88
-452
1224
95
-1034
-123
-487
424
-195
-559
862
-1032
644
1045
-84
-703
208
1119
-775
-1139
537
938
-191
-810
101
1012
-882
29
940
-954
-43
1378
-1536
905
-989
-78
1343
-1826
1125
1271
-1643
2073
-586
-1715
2511
-1423
-512
1164
-2005
946
1092
-1822
2404
-1530
-619
2332
-1602
-181
1495
-144
767
-1637
-726
2225
-1709
-288
1388
-251
660
-469
-323
588
-541
115
-249
-613
-467
1209
80
-284
627
8
-356
555
-64
-428
1248
119
-1010
-99
-463
448
-171
-535
886
-1008
668
1069
-60
-1189
997
-132
-751
-1115
561
962
-167
-786
125
1036
-858
53
964
-930
-19
1402
-1512
929
-965
-54
857
-1037
-126
1295
-1619
2097
-562
-1691
2535
-1399
-488
1188
-1981
970
1116
-1798
2428
-1506
-595
2356
-1578
-667
2284
-1395
791
-1613
-702
2249
-1685
-264
1412
-482
-336
1340
-299
612
-517
139
-225
-589
-443
1233
-406
505
-624
32
-332
579
-40
-404
507
-112
-476
-75
-439
472
-147
-511
910
-984
692
1093
-36
-1165
1021
-108
-727
-1091
585
731
-1163
513
914
-215
-834
77
988
-906
5
1426
-1488
953
-941
-30
881
-1013
-102
1319
-1850
1101
1247
-1667
2049
-610
-1739
1212
-1957
994
1140
-1774
2452
-1482
-571
2380
-1554
-643
2308
-1626
-205
1471
-168
743
-1661
-750
2201
-1733
-312
1364
-275
636
-493
163
-201
710
91
-273
-637
-491
1185
56
-308
603
-16
-380
531
-88
-452
1224
95
-1034
-123
-487
424
-195
-559
862
-1032
644
1045
-84
-703
208
1119
-775
-1139
537
938
-191
-810
101
1012
-882
29
940
-954
-43
1378
-1536
905
-989
-78
1343
-1826
1125
1271
-1643
2073
-586
-1715
2511
-1423
-512
1164
-2005
946
1092
-1822
2404
-1530
-619
2332
-1602
-181
1495
-144
767
-1637
-726
2225
-1709
-288
1388
-251
660
-469
-323
588
-541
115
-249
-613
-467
1209
80
-284
627
8
-356
555
-64
-428
-1034
645
794
-1097
582
986
-140
-1266
923
-203
-819
95
1009
-882
32
946
-945
-31
1393
-1518
2201
-455
-1581
2138
-518
-1644
800
-1091
-177
1247
-1919
1035
1184
-1727
1992
-664
-1790
2439
-1492
-578
2376
-1555
-641
2313
-1618
-704
2250
-1681
-257
1422
-214
700
-1701
-787
2167
-1764
-340
1339
-552
-403
1276
-615
-466
1213
-423
491
-635
24
-337
577
-39
-400
514
-102
-463
961
-930
749
1153
27
-1099
-185
-546
368
-248
-609
815
-1076
603
752
-1139
540
944
-182
-798
116
1030
-861
53
967
-924
-10
904
-987
-73
1351
-1560
2159
-497
-1623
821
-1070
-156
1268
-1898
1056
1205
-1961
993
1142
-1769
1950
-706
-1832
2397
-1534
-620
2334
-1597
-683
2271
-1660
-236
1443
-193
721
-405
-256
658
-1743
-319
1360
-531
-382
1297
-594
-445
1234
-402
512
-614
45
-316
598
-18
-379
535
-81
-442
982
-909
770
1174
48
-1078
1111
-15
-1141
-227
-588
836
-1055
624
773
-1118
561
965
-161
-777
137
1051
-840
74
988
-903
11
925
-966
-52
1372
-1539
2180
-476
-1602
842
-1049
-135
1289
-1877
1077
1226
-1940
1014
1163
-1748
1971
-685
-1811
2418
-1513
-599
2355
-1576
-662
2292
-1639
-215
1464
-172
742
-384
-235
679
-1722
-808
2146
-1785
-361
1318
-573
-424
1255
-381
533
-593
66
-295
619
3
-358
556
-60
-421
493
-123
-484
1195
69
-1057
1132
6
-1120
-206
-567
857
-1034
645
794
-1097
582
986
-140
-1266
923
-203
-819
95
1009
-882
32
946
-945
-31
1393
-1518
2201
-455
-1581
2138
-518
-1644
800
-1091
-177
1247
-1919
1035
1184
-1727
1992
-664
-1790
2439
-1492
-578
2376
-1555
-641
2313
-1618
-704
2250
-1681
-257
1422
-214
700
-1701
-787
2167
-1764
-340
1339
-552
-403
1276
-615
-466
1213
-423
491
-635
24
-337
577
-39
-400
514
-102
-463
961
-930
749
1153
27
-1099
-185
-546
368
-248
-609
815
-1076
603
752
-1139
540
944
-182
-798
116
1030
-861
53
967
-924
-10
904
-987
-73
1351
-1560
2159
-497
-1623
821
-1070
-156
1268
-1898
1056
1205
-1961
993
1142
-1769
1950
-706
-1832
2397
-1534
-620
2334
-1597
-683
2271
-1660
-236
1443
-193
721
-405
-256
658
-1743
-319
1360
-531
-382
1297
-594
-445
1234
-402
512
-614
45
-316
598
-18
-379
535
-81
-442
1028
-95
-1218
974
-149
-762
155
1072
-816
101
1018
-870
47
964
-924
-7
910
-978
-61
1366
-1797
1160
1312
-1851
1106
1258
-1650
2072
-581
-1704
2018
-635
-1758
2474
-1454
-537
2420
-1508
-591
2366
-1562
-645
2312
-1616
-699
2258
-1670
-753
2204
-1724
-297
1385
-248
669
-454
-302
615
-508
-356
561
-562
-410
507
-616
46
-312
605
-8
-366
551
-62
-420
497
-116
-474
443
-170
-528
899
-989
693
1100
-23
-1146
1046
-77
-1200
992
-131
-1254
938
-185
-798
119
1036
-852
65
982
-906
11
928
-960
-43
874
-1014
-97
1330
-1833
1124
1276
-1632
2090
-563
-1686
2036
-617
-1740
1982
-671
-1794
2438
-1490
-573
2384
-1544
-627
2330
-1598
-681
2276
-1652
-735
2222
-1706
-279
1403
-485
-333
1349
-284
633
-490
-338
579
-544
-392
525
-598
64
-294
623
10
-348
569
-44
-402
515
-98
-456
461
-152
-510
917
-971
711
863
-1025
657
1064
-59
-1182
1010
-113
-1236
956
-167
-780
137
1054
-834
83
1000
-888
29
946
-942
-25
892
-996
-79
1348
-1815
1142
1294
-1614
2108
-545
-1668
2054
-599
-1722
2000
-653
-1776
2456
-1472
-555
2402
-1526
-609
2348
-1580
-663
2294
-1634
-717
2240
-1688
-261
1421
-467
-315
1367
-266
651
-472
-320
597
-526
-374
543
-580
82
-276
641
28
-330
587
-26
-384
533
-80
-438
479
-134
-492
935
-953
729
881
-1007
675
1082
-41
-1164
1028
-95
-1218
974
-149
-762
155
1072
-816
101
1018
-870
47
964
-924
-7
910
-978
-61
1366
-1797
1160
1312
-1851
1106
1258
-1650
2072
-581
-1704
2018
-635
-1758
2474
-1454
-537
2420
-1508
-591
2366
-1562
-645
2312
-1616
-699
2258
-1670
-753
2204
-1724
-297
1385
-248
669
-454
-302
615
-508
-356
561
-562
-410
507
-616
46
-312
605
-8
-366
551
-62
-420
497
-116
-474
443
-170
-528
899
-989
693
1100
-23
-1146
1046
-77
-1200
992
-131
-1254
938
-185
-798
119
1036
-852
65
982
-906
11
928
-960
-43
874
-1014
-97
1330
-1833
1124
1276
-1632
2090
-563
-1686
2036
-617
-1740
1982
-671
-1794
2438
-1490
-573
2384
-1544
-627
2330
-1598
-681
2276
-1652
-735
2222
-1706
-279
1403
-485
-333
1349
-284
633
-490
-338
579
-544
-392
525
-598
64
-294
623
10
-348
569
-44
-402
515
-98
-456
795
-1090
595
750
-1135
550
705
95
1015
-870
50
970
-915
5
925
-960
-40
880
-1005
-85
835
-1050
-130
790
-1095
-175
1255
-1905
1055
1210
-1950
1010
1165
-1995
965
2395
-1530
-610
2350
-1575
-655
2305
-1620
-700
2260
-1665
-745
2215
-1710
-790
2170
-1755
-325
1360
-525
-370
1315
-570
-415
1270
-615
-460
1225
615
5
-350
570
-40
-395
525
-85
-440
480
-130
-485
435
-175
-530
390
-220
-575
855
-1030
655
810
-1075
610
765
-1120
565
720
110
1030
-855
65
985
-900
20
940
-945
-25
895
-990
-70
850
-1035
-115
805
-1080
-160
1270
-1890
1070
1225
-1935
1025
1180
-1980
980
2410
-1515
-595
2365
-1560
-640
2320
-1605
-685
2275
-1650
-730
2230
-1695
-775
2185
-1740
-820
2140
-1785
-355
1330
-555
-400
1285
-600
-445
1240
630
20
-335
585
-25
-380
540
-70
-425
495
-115
-470
450
-160
-515
405
-205
-560
360
-250
-605
825
-1060
625
780
-1105
580
735
125
1045
-840
80
1000
-885
35
955
-930
-10
910
-975
-55
865
-1020
-100
820
-1065
-145
1285
-1875
1085
1240
-1920
1040
1195
-1965
995
2425
-1500
-580
2380
-1545
-625
2335
-1590
-670
2290
-1635
-715
2245
-1680
-760
2200
-1725
-805
2155
-1770
-340
1345
-540
-385
1300
-585
-430
1255
-630
-475
1210
600
-10
-365
555
-55
-410
510
-100
-455
465
-145
-500
420
-190
-545
375
-235
-590
840
-1045
640
795
-1090
595
750
-1135
550
705
95
1015
-870
50
970
-915
5
925
-960
-40
880
-1005
-85
835
-1050
-130
790
-1095
-175
1255
-1905
1055
1210
-1950
1010
1165
-1995
965
2395
-1530
-610
2350
-1575
-655
2305
-1620
-700
2260
-1665
-745
2215
-1710
-790
2170
-1755
-325
1360
-525
-370
1315
-570
-415
1270
-615
-460
1225
615
5
-350
570
-40
-395
525
-85
-440
480
-130
-485
435
-175
-530
390
-220
-575
855
-1030
655
810
-1075
610
765
-1120
565
720
110
1030
-855
65
985
-900
20
940
-945
-25
895
-990
-70
850
-1035
-115
805
-1080
-160
1270
-1890
1070
1225
-1935
1025
1180
-1980
980
2410
-1515
-595
2365
-1560
-640
2320
-1605
-685
2275
-1650
-730
2230
-1695
-775
2185
-1740
-820
2140
-1785
-355
1330
-555
-400
1285
-600
-445
1240
630
20
-335
585
-25
-380
540
-70
-425
495
-115
-470
-1223
975
-142
-1259
939
-178
-1295
648
-1234
454
612
5
928
-954
-31
892
-990
-67
856
-1026
-103
820
-1062
-139
2059
-588
-1705
2023
-624
-1741
1987
-660
-1777
1951
-696
-2068
895
1053
-2104
859
2292
-1630
-707
2256
-1666
-743
2220
-1702
-779
2184
-1738
-815
2148
-499
-341
582
-535
-377
546
-571
-413
510
-607
-704
-546
1142
535
-72
-424
499
-108
-460
463
-144
-496
427
-180
-532
391
-216
-568
355
1023
-94
-1211
987
-130
-1247
951
-166
-1283
660
-1222
466
624
17
940
-942
-19
904
-978
-55
868
-1014
-91
832
-1050
-127
796
-1086
-163
2035
-612
-1729
1999
-648
-1765
1963
-684
-2056
907
1065
-2092
871
2304
-1618
-695
2268
-1654
-731
2232
-1690
-767
2196
-1726
-803
2160
-487
-329
594
-523
-365
558
-559
-401
522
-595
-692
-534
1154
-728
-570
1118
511
-96
-448
475
-132
-484
439
-168
-520
403
-204
-556
367
1035
-82
-1199
999
-118
-1235
963
-154
-1271
672
-1210
478
636
-1246
442
600
-7
916
-966
-43
880
-1002
-79
844
-1038
-115
808
-1074
-151
2047
-600
-1717
2011
-636
-1753
1975
-672
-2044
919
1077
-2080
883
2316
-1606
-683
2280
-1642
-719
2244
-1678
-755
2208
-1714
-791
2172
-1750
-827
2136
-511
-353
570
-547
-389
534
-583
-425
498
-619
-716
-558
1130
523
-84
-436
487
-120
-472
451
-156
-508
415
-192
-544
379
-228
-580
343
1011
-106
-1223
975
-142
-1259
939
-178
-1295
648
-1234
454
612
5
928
-954
-31
892
-990
-67
856
-1026
-103
820
-1062
-139
2059
-588
-1705
2023
-624
-1741
1987
-660
-1777
1951
-696
-2068
895
1053
-2104
859
2292
-1630
-707
2256
-1666
-743
2220
-1702
-779
2184
-1738
-815
2148
-499
-341
582
-535
-377
546
-571
-413
510
-607
-704
-546
1142
535
-72
-424
499
-108
-460
463
-144
-496
427
-180
-532
391
-216
-568
355
1023
-94
-1211
987
-130
-1247
951
-166
-1283
660
-1222
466
624
17
940
-942
-19
904
-978
-55
868
-1014
-91
832
-1050
-127
796
-1086
-163
2035
-612
-1729
1999
-648
-1765
1963
-684
-2056
907
1065
-2092
871
2304
-1618
-695
2268
-1654
-731
2232
-1690
-767
2196
-1726
-803
2160
-487
-329
594
-523
-365
558
-559
-401
522
-595
-692
-534
1154
-728
-570
1118
511
-96
-448
475
-132
-484
584
745
141
1067
-812
114
1040
-1349
852
-262
-1376
570
-34
892
-987
-61
865
-1014
-88
838
-1041
-115
2086
-558
-1927
1039
1200
-1954
1012
1173
-1981
985
2421
-1498
-572
1884
-760
-1874
1857
-787
-2156
810
2246
-1673
-747
2219
-1700
-774
2192
-452
-291
635
-479
-573
-412
1279
-600
-439
1252
648
44
-305
621
-493
433
-681
-775
-614
1077
473
-131
-480
446
-158
-507
419
-185
-534
392
1063
-51
-1165
781
-1098
593
754
-1125
566
727
123
1049
-1340
861
-253
-1367
579
-25
901
-978
-52
874
-1005
-79
847
-1032
-106
2095
-549
-1663
2068
-576
-1945
1021
1182
-1972
994
2430
-1489
-563
1893
-751
-1865
1866
-778
-2147
819
2255
-1664
-738
2228
-1691
-765
2201
-1718
-792
2174
-470
-564
-403
1288
-591
-430
1261
-618
-457
1234
630
-484
442
-672
-511
415
-699
482
-122
-471
455
-149
-498
428
-176
-525
401
1072
-42
-1156
790
-1089
602
763
-1116
575
736
132
1058
-1331
870
-244
-1358
843
-271
-1385
561
-43
883
-996
-70
856
-1023
-97
829
-1050
-124
2077
-567
-1936
1030
1191
-1963
1003
2439
-1480
-554
1902
-742
-1856
1875
-769
-2138
828
2264
-1655
-729
2237
-1682
-756
2210
-1709
-783
2183
-461
-300
626
-488
-582
-421
1270
-609
-448
1243
639
35
-314
612
-502
424
-690
-784
-623
1068
464
-140
-489
437
-167
-516
410
1081
-33
-1147
1054
-60
-1174
772
-1107
584
745
141
1067
-812
114
1040
-1349
852
-262
-1376
570
-34
892
-987
-61
865
-1014
-88
838
-1041
-115
2086
-558
-1927
1039
1200
-1954
1012
1173
-1981
985
2421
-1498
-572
1884
-760
-1874
1857
-787
-2156
810
2246
-1673
-747
2219
-1700
-774
2192
-452
-291
635
-479
-573
-412
1279
-600
-439
1252
648
44
-305
621
-493
433
-681
-775
-614
1077
473
-131
-480
446
-158
-507
419
-185
-534
392
1063
-51
-1165
781
-1098
593
754
-1125
566
727
123
1049
-1340
861
-253
-1367
579
-25
901
-978
-52
874
-1005
-79
847
-1032
-106
2095
-549
-1663
2068
-576
-1945
1021
1182
-1972
994
2430
-1489
-563
1893
-751
-1865
1866
-778
-2147
819
2255
-1664
-738
2228
-1691
-765
2201
-1718
-792
2174
-470
-564
-403
1288
-591
-430
1261
-618
-457
1234
630
-484
442
-672
-511
415
-699
482
-122
-471
455
-149
-498
-159
-1270
679
-1197
497
661
60
989
-887
42
971
-1415
534
-67
862
-1014
-85
844
-1032
-103
2101
-540
-1906
1063
717
-1159
-230
1974
-667
-1778
1956
-685
-2051
918
2357
-1559
-630
2339
-1577
-648
1811
445
-1686
-757
2212
-1704
-775
2194
-447
-538
-374
1320
-556
-902
2067
-574
-410
519
-592
-683
-519
1175
574
-27
-373
556
-555
374
-737
447
-154
-500
429
-172
-518
411
1085
-26
-1137
812
-1064
630
284
958
-153
-1264
940
-171
-1282
667
66
995
-881
48
977
-1409
540
-61
868
-1008
-79
850
-1026
-97
2107
-534
-1900
1069
1233
-1918
1051
1980
-661
-1772
1962
-679
-2045
924
2363
-1553
-624
2345
-1571
-642
1817
451
-1680
-751
2218
-1698
-769
2200
-1716
-787
2182
-459
-550
-896
2073
-1843
-914
2055
-586
-422
507
-604
-695
-531
1163
562
-39
-385
544
-822
-658
1036
435
-166
-512
417
-184
-530
399
818
-1058
636
290
-311
-657
272
946
-165
-1276
673
-1203
491
655
54
983
-893
36
965
-1421
528
-73
856
-1020
-91
838
-1038
-109
2095
-546
-1912
1057
711
-1165
-236
1968
-673
-2039
930
1094
-2057
912
2351
-1565
-636
1823
-818
-2184
785
2224
-1692
-763
2206
-1710
-781
2188
-453
-544
-380
1314
-562
-908
2061
-580
-416
513
-598
-689
-525
1169
568
-33
-379
550
-561
368
-743
441
-160
-506
423
-178
-524
405
824
-1052
642
806
-1070
624
278
952
-159
-1270
679
-1197
497
661
60
989
-887
42
971
-1415
534
-67
862
-1014
-85
844
-1032
-103
2101
-540
-1906
1063
717
-1159
-230
1974
-667
-1778
1956
-685
-2051
918
2357
-1559
-630
2339
-1577
-648
1811
445
-1686
-757
2212
-1704
-775
2194
-447
-538
-374
1320
-556
-902
2067
-574
-410
519
-592
-683
-519
1175
574
-27
-373
556
-555
374
-737
447
-154
-500
429
-172
-518
411
1085
-26
-1137
812
-1064
630
284
958
-153
-1264
940
-171
-1282
667
66
995
-881
48
977
-1409
540
-61
868
-1008
-79
850
-1026
-97
2107
-534
-1900
1069
1233
-1918
1051
1980
-661
-1772
1962
-679
-2045
924
2363
-1553
-624
2345
-1571
-642
1817
451
-1680
-751
2218
-1698
-769
2200
-1716
-787
2182
-459
-550
-896
2073
-1843
-914
2055
-586
-422
507
-604
-695
-531
1163
562
-39
-385
544
-822
-658
1036
435
-166
-512
-1157
540
197
874
-234
-1342
610
12
944
-929
3
935
-1448
504
-94
838
-1035
-103
2104
-534
-1897
1075
732
-1141
-209
1998
-640
-2003
969
1136
-2012
960
1892
-746
-2109
863
2305
-1608
-676
2296
-1617
-940
757
2199
-1714
-782
2190
-448
-536
-879
2093
-1820
-888
2084
-554
-642
-475
1222
624
-484
448
-660
-748
-581
1116
518
-80
-423
509
421
-177
-520
412
-186
-529
403
825
-1048
649
306
-292
-635
297
719
-1154
543
710
112
1044
-1339
613
-1260
437
604
6
938
-1445
507
-91
841
-1032
-100
832
-1041
-364
1078
735
-1138
-206
2001
-637
-2000
972
1139
-2009
963
1895
-743
-2106
866
2308
-1605
-673
2299
-1614
-937
760
2202
-1711
-779
2193
-1720
-788
2184
-454
-542
-885
2087
-551
-384
548
-560
-648
-481
1216
618
-490
442
-666
521
-77
-420
512
-596
336
-772
415
-183
-526
406
1083
-25
-1133
309
-289
-632
300
977
-131
-1239
713
115
1047
-1336
871
-237
-1345
607
9
941
-932
0
932
-1451
501
-97
835
-1038
-106
2101
-537
-1900
1072
729
-1144
-212
1995
-643
-2006
966
1898
-740
-1848
1889
-749
-2112
860
2302
-1611
-679
1783
420
-1708
-776
2196
-1717
-785
2187
-451
-539
-882
2090
-548
-381
551
-557
-645
-478
1219
621
-487
445
-663
-751
-584
1113
515
-83
-426
506
418
-180
-523
409
-189
-532
400
312
-286
-629
303
980
-128
-1236
716
-1157
540
197
874
-234
-1342
610
12
944
-929
3
935
-1448
504
-94
838
-1035
-103
2104
-534
-1897
1075
732
-1141
-209
1998
-640
-2003
969
1136
-2012
960
1892
-746
-2109
863
2305
-1608
-676
2296
-1617
-940
757
2199
-1714
-782
2190
-448
-536
-879
2093
-1820
-888
2084
-554
-642
-475
1222
624
-484
448
-660
-748
-581
1116
518
-80
-423
509
421
-177
-520
412
-186
-529
403
825
-1048
649
306
-292
-635
297
719
-1154
543
710
112
1044
-1339
613
-1260
437
604
6
938
-1445
507
-91
841
-1032
-100
832
-1041
-364
1078
735
-1138
-206
2001
-637
-2000
972
1139
-2009
963
1895
-743
-2106
866
2308
-1605
-673
2299
-1614
-937
760
2202
-1711
-779
2193
-1720
-788
2184
-454
-542
-885
2087
-551
-384
548
-560
-648
-481
1216
618
-490
442
-666
521
-77
-420
512
-596
336
-772
415
-183
-526
905
-200
-1305
650
55
990
-1390
565
-30
905
-965
-30
905
-1475
480
-115
820
-1050
-370
1075
735
-1135
-200
2010
-625
-1985
990
1925
-710
-1815
1925
-710
-2070
905
1840
-795
-2155
820
2265
-1645
-710
1755
395
-1730
-795
2180
-455
-540
-880
2095
-1815
-880
2095
-540
-625
-965
2010
-625
-710
-540
1160
565
-540
395
-710
480
-115
-455
480
-880
-710
990
395
-200
-540
395
310
-285
-625
310
990
-115
-1220
225
905
-200
-1305
650
55
990
-1390
820
-285
-1390
565
-30
905
-1475
480
-115
820
-1050
-115
2095
-1050
-1135
-200
2010
-625
-1985
990
650
-1220
-285
1925
-710
-2070
905
1840
-795
-2155
820
2265
-1645
-710
1755
395
-1730
-795
2180
-1730
-795
2180
-455
-540
-880
2095
-540
-625
-455
1245
650
-455
480
-625
565
-30
-370
565
-795
-625
1075
480
-115
-455
480
395
-200
-540
395
820
-1050
650
310
990
-115
-1220
735
-1135
565
225
650
-1220
480
650
55
990
-1390
565
-30
905
-965
-30
2180
-965
-1050
-115
820
-1050
-370
1075
735
-1135
-200
2010
-625
-1985
990
1925
-710
-2070
905
2350
-1560
-625
1840
-795
-2155
820
2265
-1645
-965
735
2180
-1730
-795
2180
-455
-540
-880
2095
-540
-625
-455
1245
650
-455
480
-625
-710
-540
1160
565
-540
395
-710
480
-115
-455
480
395
-200
-540
395
1075
-30
-1135
310
-285
-625
310
735
-1135
565
225
905
-200
-1305
650
55
990
-1390
565
-30
905
-965
-30
905
-1475
480
-115
820
-1050
-370
1075
735
-1135
-200
2010
-625
-1985
990
1925
-710
-1815
1925
-710
-2070
905
1840
-795
-2155
820
2265
-1645
-710
1755
395
-1730
-795
2180
-455
-540
-880
2095
-1815
-880
2095
-540
-625
-965
2010
-625
-710
-540
1160
565
-540
395
-710
480
-115
-455
480
-880
-710
990
395
-200
-540
395
310
-285
-625
310
990
-115
-1220
225
905
-200
-1305
650
55
990
-1390
820
-285
-1390
565
-30
905
-1475
480
-115
820
-1050
-115
2095
-1050
-1135
-200
2010
-625
-1985
990
650
-1220
-285
1925
-710
-2070
905
1840
-795
-2155
820
2265
-1645
-710
1755
395
-1730
-795
2180
-1730
-795
2180
-455
-540
-880
2095
-540
-625
-455
1245
650
-455
480
-625
565
-30
-370
565
-795
-625
1075
480
-115
-455
480
395
-200
-540
672
80
1018
-1359
599
7
945
-1432
526
-66
872
-995
-57
2156
-986
-1068
-130
2083
-1059
-1141
-203
2010
-622
-1979
999
1937
-695
-2052
926
2374
-1533
-595
1873
516
-1606
-668
1800
443
-1679
-741
2237
-395
-477
-814
2164
-1743
-1060
643
2091
-1816
-878
2100
-532
-614
-951
2027
-605
-687
-1024
1954
-678
-760
-587
1116
524
-833
-660
1043
451
-651
287
-815
378
-214
-551
387
305
-287
-624
314
742
-1125
578
241
669
-1198
505
168
596
-1271
432
605
13
951
-1426
532
-60
878
-1499
459
-133
805
-1062
-379
1069
732
-1135
-452
996
659
-1208
-270
1943
-689
-2046
932
1870
-762
-2119
859
1797
-835
-2192
786
2234
-1673
-990
713
2161
-1746
-808
2170
-462
-544
-881
2097
-535
-617
-954
2024
-608
-690
-517
1186
594
-763
-590
1113
521
-581
357
-745
448
-144
-481
457
375
-217
-554
384
302
-290
-627
311
739
-1128
575
238
921
-181
-1283
165
848
-254
-1356
602
10
948
-1429
529
-63
875
-992
-309
1139
802
-1065
-127
2086
-1056
-1138
-200
2013
-619
-1976
1002
1940
-692
-2049
929
1867
-765
-2122
856
2304
-1603
-665
1803
446
-1676
-738
1730
373
-1749
-811
2167
-465
-547
-884
2094
-538
-620
-957
2021
-611
-693
-520
1183
591
-511
427
-675
518
-74
-411
527
445
-147
-484
454
372
-220
-557
381
809
-1058
645
308
991
-111
-1213
235
918
-184
-1286
672
80
1018
-1359
599
7
945
-1432
526
-66
872
-995
-57
2156
-986
-1068
-130
2083
-1059
-1141
-203
2010
-622
-1979
999
1937
-695
-2052
926
2374
-1533
-595
1873
516
-1606
-668
1800
443
-1679
-741
2237
-395
-477
-814
2164
-1743
-1060
643
2091
-1816
-878
2100
-532
-614
-951
2027
-605
-687
-1024
1954
-678
-760
-587
1116
524
-833
-660
1043
451
-651
287
-815
378
-214
-551
387
305
-287
-624
314
742
-1125
578
241
669
-1198
505
168
596
-1271
432
605
13
951
-1426
532
-60
878
-1499
459
-133
805
-1062
-379
1069
732
-1135
-452
996
659
-1208
-270
1943
-689
-2046
932
1870
-762
-2119
859
1797
-835
-2192
786
2234
-1673
-990
713
2161
-1746
-808
2170
-462
-544
-881
2097
-535
-617
-954
2024
-608
-690
-517
1186
594
-763
-590
1113
521
-581
357
-745
448
-144
-481
457
375
-217
-554
184
615
-1249
457
123
554
-35
906
-1468
493
-96
845
-1019
-333
1118
784
-1080
-394
1057
723
-1141
-455
996
662
-1202
-516
935
1876
-753
-2107
874
2325
-1579
-893
813
2264
-1640
-954
752
2203
-1701
-1015
691
2142
-1762
-821
1650
296
-1823
-882
2099
-530
666
-433
508
-591
605
-494
447
-652
544
-555
386
-713
483
-616
325
-774
422
-167
-501
440
361
-228
-562
379
300
986
-113
-1212
239
925
-174
-1273
178
864
-235
-1334
117
803
-296
-1395
566
-23
918
-1456
505
-84
2132
-1007
-1086
-145
2071
-1068
-1147
-206
2010
-1129
-1208
-267
1949
-680
-2034
947
1888
-741
-2095
886
1827
-802
-2156
825
1766
412
-1707
-766
1705
351
-1768
-827
2154
-475
-554
-888
2093
-536
-615
-949
2032
-597
-676
-1010
1971
-658
538
-561
380
-719
477
-112
-446
495
416
-173
-507
434
355
-234
-568
373
294
-295
-629
312
233
-356
-690
251
682
93
1034
-1340
621
32
973
-1401
560
-29
912
-1462
499
-90
851
-1523
438
-151
790
-1074
-388
1063
2004
-625
-1979
1002
1943
-686
-2040
941
1882
-747
-2101
880
1821
-808
-2162
819
2270
-1634
-948
758
2209
-1695
-1009
697
2148
-481
-560
-894
2087
-542
-621
-955
2026
-603
-682
-1016
1965
-664
-743
-567
1139
550
-804
-628
1078
489
410
-179
-513
428
349
-240
-574
367
288
-301
-635
306
737
-1127
579
245
676
-1188
518
184
615
-1249
457
123
554
-35
906
-1468
493
-96
845
-1019
-333
1118
784
-1080
-394
1057
723
-1141
-455
996
662
-1202
-516
935
1876
-753
-2107
874
2325
-1579
-893
813
2264
-1640
-954
752
2203
-1701
-1015
691
2142
-1762
-821
1650
296
-1823
-882
2099
-530
666
-433
508
-591
605
-494
447
-652
544
-555
386
-713
483
-616
325
-774
422
-167
-501
440
361
-228
-562
379
300
986
-113
-1212
239
925
-174
-1273
178
864
-235
-1334
117
803
-296
-1395
566
-23
918
-1456
505
-84
2132
-1007
-1086
-145
2071
-1068
-1147
-206
2010
-1129
-1208
-267
1949
-680
-2034
947
1888
-741
-2095
886
1827
-802
-2156
825
1766
412
-1707
-766
1705
351
-1768
-827
2154
-475
-554
-888
2093
-536
-615
-949
2032
-597
-676
-1010
1971
-658
538
-561
380
-719
477
-112
-446
495
416
-173
-507
434
355
-234
-568
-1324
130
819
-277
-1373
81
515
-71
873
-1498
466
-120
824
-1547
417
-169
775
-1596
368
-218
2001
-1135
-1211
-267
1952
-1184
-1260
-571
883
1827
-799
-2150
834
1778
-848
-2199
785
1729
-897
-2248
736
1680
329
-1787
-843
2141
-485
-561
-892
2092
-534
665
-686
-507
1202
616
-735
-556
1153
567
-784
-605
1104
518
442
-144
-475
469
393
-193
-524
420
344
1033
-63
-1159
295
729
-1132
577
246
680
-1181
528
197
631
45
989
-1382
582
-4
940
-1431
533
-53
2166
-970
-1046
-357
1097
766
-1095
-406
1048
717
-1144
-455
999
1943
-683
-2034
950
1894
-732
-2083
901
1845
494
-1622
-678
1796
445
-1671
-982
727
2181
-1720
-1031
678
2132
-494
-570
-901
2083
-543
-619
-950
2034
-592
607
-489
455
-641
558
-793
-614
1095
509
-842
-663
1046
460
384
-202
-533
411
335
-251
-582
362
286
975
-121
-1217
237
926
-170
-1266
188
622
-1239
470
139
573
-13
931
-1440
524
-62
882
-1489
475
-111
2108
-1028
-1104
-160
2059
-1077
-1153
-464
990
659
-1202
-513
941
1885
-741
-2092
892
1836
-790
-2141
843
1787
436
-1680
-736
1738
387
-1729
-785
1689
338
-1778
-1089
620
2074
-552
-628
-959
2025
-601
-677
-1008
1976
-650
-726
-1057
1927
-699
500
-596
348
-748
451
-900
-721
988
402
326
-260
-591
353
277
-309
-640
304
228
-358
-689
255
179
868
-228
-1324
130
819
-277
-1373
81
515
-71
873
-1498
466
-120
824
-1547
417
-169
775
-1596
368
-218
2001
-1135
-1211
-267
1952
-1184
-1260
-571
883
1827
-799
-2150
834
1778
-848
-2199
785
1729
-897
-2248
736
1680
329
-1787
-843
2141
-485
-561
-892
2092
-534
665
-686
-507
1202
616
-735
-556
1153
567
-784
-605
1104
518
442
-144
-475
469
393
-193
-524
420
344
1033
-63
-1159
295
729
-1132
577
246
680
-1181
528
197
631
45
989
-1382
582
-4
940
-1431
533
-53
2166
-970
-1046
-357
1097
766
-1095
-406
1048
717
-1144
-455
999
1943
-683
-2034
950
1894
-732
-2083
901
1845
494
-1622
-678
1796
445
-1671
-982
727
2181
-1720
-1031
678
2132
-494
-570
-901
2083
-543
-619
-950
2034
-592
607
-489
455
-641
558
-793
-614
1095
509
-842
-663
1046
460
384
-202
-533
411
335
-251
-582
993
-1375
592
9
956
-1412
45
482
-101
846
-1522
445
-138
809
-1559
408
-175
2047
-1086
-1159
-467
990
1937
-686
-2034
953
1900
-1233
-1306
-614
843
1790
-833
-2181
806
1753
405
-1708
-761
1716
368
-1745
-1053
659
2116
-507
-580
-908
2079
-544
658
-690
-1018
1969
-654
-727
-1055
1932
-691
511
-582
365
-728
474
-874
-692
1020
437
364
-219
-547
400
327
764
-1094
618
290
217
-366
-694
253
180
872
-221
-1314
143
580
-3
944
-1424
543
-40
907
-1461
506
-332
1125
797
-1571
396
-187
2035
-1098
-1171
-224
1998
-1135
-1208
-516
941
1888
-735
-2083
904
1851
-772
-2120
612
794
2251
-1647
-955
757
1704
356
-1757
-810
1667
319
-1794
-1102
610
2067
-556
-629
-957
2030
-593
609
-739
-557
1155
572
-776
-1104
1883
-740
462
-631
316
-777
425
352
-231
-559
388
315
-268
-596
351
278
715
-1143
569
241
678
-1180
532
204
131
823
-270
-1363
94
531
-52
895
-1473
494
-89
858
-1510
457
-381
1076
748
-1110
-418
1039
1986
-1147
-1220
-273
1949
-1184
-1257
-565
892
1839
-784
-2132
855
1802
454
-1659
-967
745
2202
-1696
-1004
708
2165
-458
-531
-859
1618
270
-1843
-1151
561
2018
-605
-678
-1006
1981
-642
560
-533
414
-679
523
-825
-643
1069
486
413
-680
267
-826
376
303
-280
-608
339
266
-317
-645
302
229
921
-172
-1265
192
629
46
993
-1375
592
9
956
-1412
45
482
-101
846
-1522
445
-138
809
-1559
408
-175
2047
-1086
-1159
-467
990
1937
-686
-2034
953
1900
-1233
-1306
-614
843
1790
-833
-2181
806
1753
405
-1708
-761
1716
368
-1745
-1053
659
2116
-507
-580
-908
2079
-544
658
-690
-1018
1969
-654
-727
-1055
1932
-691
511
-582
365
-728
474
-874
-692
1020
437
364
-219
-547
400
327
764
-1094
618
290
217
-366
-694
253
180
872
-221
-1314
143
580
-3
944
-1424
543
-40
907
-1461
506
-332
1125
797
-1571
396
-187
2035
-1098
-1171
-224
1998
-1135
-1208
-516
941
1888
-735
-2083
904
1851
-772
-2120
612
794
2251
-1647
-955
757
1704
356
-1757
-810
1667
319
-1794
-1102
610
2067
-556
-629
-957
2030
-593
609
-739
-557
1155
572
-776
-1104
1883
-740
462
-631
316
-777
425
352
-231
-559
388
315
-268
-596
-1280
435
110
550
-30
920
-1445
15
455
-125
825
-1540
430
-150
2075
-1055
-1125
-430
1030
1980
-1150
-1220
-525
935
1885
-735
-2080
910
1860
5
-830
-2175
815
1765
420
-1690
-995
720
2180
-440
-510
-835
1645
300
-1810
-1115
600
2060
-560
-630
-1210
505
1965
-655
-725
-1050
1940
-680
525
-820
-635
1080
500
430
-660
290
-800
405
335
-245
-570
380
310
240
-340
-665
285
215
910
-180
-1270
190
630
50
1000
-1365
95
535
-45
905
-1460
510
-70
2155
-975
-1555
415
-165
785
-1580
390
-445
1015
690
-1165
-470
990
1940
-1190
-1260
-565
895
1845
-775
-2120
870
1820
-35
-870
-2215
775
1725
380
-1730
-1035
680
2140
-480
-550
-875
1605
260
-575
-645
-970
2020
-600
605
-740
-1065
1925
-695
510
-580
370
-720
485
-860
-675
1040
460
390
-955
-770
945
365
295
-285
-610
340
270
200
-380
-705
245
175
870
-220
-1310
150
590
10
960
-1405
55
495
-85
865
-1500
470
-110
2115
-1015
-1595
375
-205
2020
-1110
-1180
-485
975
1925
-695
-2040
950
1900
-1230
-1300
-605
855
1805
-815
-2160
575
760
1710
-910
-2255
735
1685
340
-1770
-1075
640
2100
-520
-590
-915
1565
220
-615
-685
-1010
1980
-640
565
-780
-595
1120
540
470
-620
330
-760
445
375
-205
-530
420
350
280
-300
-625
325
255
950
-140
-1230
230
670
-1185
530
205
135
575
-1280
435
110
550
-30
920
-1445
15
455
-125
825
-1540
430
-150
2075
-1055
-1125
-430
1030
1980
-1150
-1220
-525
935
1885
-735
-2080
910
1860
5
-830
-2175
815
1765
420
-1690
-995
720
2180
-440
-510
-835
1645
300
-1810
-1115
600
2060
-560
-630
-1210
505
1965
-655
-725
-1050
1940
-680
525
-820
-635
1080
500
430
-660
290
-800
405
335
-245
-570
380
310
240
-340
-665
285
215
910
-180
-1270
190
630
50
1000
-1365
95
535
-45
905
-1460
510
-70
2155
-975
-1555
415
-165
785
-1580
390
-445
1015
690
-1165
-470
990
1940
-1190
-1260
-565
895
1845
-775
-2120
870
1820
-35
-870
-2215
775
1725
380
-1730
-1035
680
2140
-480
-550
-875
1605
260
-575
-645
-970
2020
-600
605
-740
-1065
1925
-695
510
-580
370
-720
485
-860
-675
1040
460
390
-955
-770
945
365
295
-285
-610
782
-305
-1392
71
514
-63
890
-1472
-9
434
-143
2085
-1042
-1109
-411
1052
2005
-1122
-1189
-491
972
1925
-1202
-1269
-571
892
1845
-772
-2114
624
812
1765
-852
-2194
544
732
1685
343
-1764
-1066
652
2115
-502
-569
-891
1592
250
-582
-649
-971
1512
170
-662
-729
-1051
1942
-675
533
-809
-1131
1862
-755
453
386
-191
-513
440
373
306
-271
-593
360
293
226
-351
-673
280
213
656
-1196
522
200
133
576
-1276
442
120
53
496
-81
872
-1490
483
-349
1114
792
-1570
403
-174
2054
-1073
-1650
323
-254
1974
-1153
-1220
-522
941
1894
-1233
-1300
-602
861
1814
472
-1635
-937
781
1734
392
-1715
-1017
701
1654
312
-1795
-1097
621
2084
-533
-600
-1177
541
2004
-613
595
-747
-1069
1924
-693
515
-827
-639
1079
502
435
-652
301
-786
422
355
-732
221
-866
342
275
-302
-624
329
262
195
893
-194
-1281
182
625
48
1001
-1361
102
545
-32
921
-1441
22
465
-112
841
-1521
452
-380
1083
761
-1601
372
-460
1003
1956
-1171
-1238
-540
923
1876
-741
-2083
910
1863
11
-821
-2163
830
1783
-69
-901
-2243
750
1703
361
-1746
-1048
670
1623
281
-551
-618
-940
2053
-564
644
-698
-1020
1973
-644
564
-778
-1100
1893
-724
484
-858
-670
1048
471
404
-938
-750
968
391
324
257
-320
-642
311
244
687
-1165
553
231
164
862
-225
-1312
151
84
782
-305
-1392
71
514
-63
890
-1472
-9
434
-143
2085
-1042
-1109
-411
1052
2005
-1122
-1189
-491
972
1925
-1202
-1269
-571
892
1845
-772
-2114
624
812
1765
-852
-2194
544
732
1685
343
-1764
-1066
652
2115
-502
-569
-891
1592
250
-582
-649
-971
1512
170
-662
-729
-1051
1942
-675
533
-809
-1131
1862
-755
453
386
-191
-513
440
373
306
-271
-593
360
293
226
-351
-673
280
213
656
-1196
522
200
133
576
-1276
442
120
53
496
-81
872
-1490
483
-349
1114
792
-1570
403
-174
2054
-1073
-1650
323
-254
1974
-1153
-1220
-522
941
1894
-1233
-1300
-602
861
1814
472
-1635
-937
781
1734
392
-1715
-1017
701
1654
312
-1795
-1097
621
2084
-533
-600
-1177
541
2004
-613
595
-747
-1069
1924
-693
515
-827
-639
1079
502
435
-652
301
-786
422
355
-732
221
-866
342
275
-302
-624
549
-25
931
-1428
38
484
-90
2141
-983
-1557
419
-410
1056
737
-1622
354
-475
991
1947
-1177
-1241
-540
926
1882
-1242
-1306
-605
861
1817
-32
-861
-2200
796
1752
-97
-926
-2265
476
667
1623
284
-1820
-1119
602
2068
-546
665
-674
-993
2003
-611
600
-739
-1058
1938
-676
535
471
-613
343
-741
470
406
-933
-742
979
405
341
277
-297
-616
340
276
212
-362
-681
275
211
147
848
-236
-1320
146
82
783
-301
-1385
81
17
463
-111
845
-1514
-48
398
-176
780
-1579
397
-432
1034
1990
-1134
-1198
-497
969
1925
76
-753
-2092
904
1860
11
-818
-2157
584
775
1731
392
-1712
-1011
710
1666
327
-1777
-1076
645
1601
262
-567
-631
-950
1536
197
-632
-696
-1270
451
1917
-697
514
-825
-1144
1852
-762
449
-890
-699
1022
448
384
320
-254
-573
383
319
255
-319
-638
318
254
190
636
-1213
508
189
125
571
-1278
443
124
60
506
-68
888
-1471
-5
441
-133
2098
-1026
-1600
376
-198
2033
-1091
-1665
311
-518
948
1904
-1220
-1284
-583
883
1839
-775
-2114
627
818
1774
435
-1669
-968
753
1709
370
-1734
-1033
688
1644
305
-524
-588
-1162
559
2025
-589
-653
-1227
494
1960
-654
557
-782
-1101
1895
-719
492
-847
-1166
1830
-784
427
363
-721
235
-849
362
298
234
-340
-659
297
233
169
-405
-724
232
168
614
40
996
-1363
103
549
-25
931
-1428
38
484
-90
2141
-983
-1557
419
-410
1056
737
-1622
354
-475
991
1947
-1177
-1241
-540
926
1882
-1242
-1306
-605
861
1817
-32
-861
-2200
796
1752
-97
-926
-2265
476
667
1623
284
-1820
-1119
602
2068
-546
665
-674
-993
2003
-611
600
-739
-1058
1938
-676
535
471
-613
343
-741
470
406
-933
-742
979
405
341
277
-297
-616
340
276
212
-362
-681
275
211
147
848
-236
-1320
146
82
783
-301
-1385
81
17
463
-111
845
-1514
-48
398
-176
780
-1579
397
-432
1034
1990
-1134
-1198
-497
969
1925
76
-753
-2092
904
1860
11
-818
-2157
584
775
1731
392
-1712
-1011
710
1666
327
-1777
-1076
645
1601
262
-567
-631
-950
1536
197
-632
-696
-1270
451
1917
-697
514
-825
-1144
1852
-762
449
-890
-699
1022
448
384
320
-254
-573
383
319
255
-319
-638
61
510
-61
898
-1458
11
460
-366
1103
787
-1569
-100
349
-222
2012
-1109
-1680
299
-527
942
1901
-1220
-1281
-577
892
1851
5
-821
-2157
587
781
1740
404
-1697
-993
731
1690
-156
293
-1808
-1104
620
1579
243
-583
-644
-1215
509
1978
-633
581
-755
-1071
1928
-683
531
470
-866
-672
1052
481
420
359
-722
237
-844
370
309
248
-323
-639
320
259
198
-373
-689
270
209
148
597
-1249
475
159
98
547
-24
935
-1421
48
-13
436
-135
824
-1532
-63
386
-185
2049
-1072
-1643
336
-490
979
1938
-1183
-1244
-540
674
868
1827
-784
-2120
624
818
1777
-69
-895
-2231
513
707
1666
330
-1771
-1067
657
1616
280
-546
-607
-1178
546
2015
-596
618
-718
-1034
1455
119
-707
507
-829
-1145
1854
-757
457
396
-685
274
-807
407
346
285
-286
-602
357
296
235
-336
-652
307
246
185
124
-447
-763
196
135
74
778
-303
-1384
85
24
473
-98
861
-1495
-26
423
-403
1066
750
-1606
373
-453
1016
1975
-1146
-1717
262
-564
905
1864
-1257
-1318
-614
855
1814
-32
-858
-2194
550
744
1703
367
-1734
-1030
694
1653
317
-509
-570
-1141
583
1542
206
-620
-681
-997
1492
156
-670
544
-792
-1108
1891
-720
494
433
-648
311
-770
444
383
322
-249
-565
394
333
272
211
-360
-676
283
222
161
-410
-726
233
172
111
560
-1286
438
122
61
510
-61
898
-1458
11
460
-366
1103
787
-1569
-100
349
-222
2012
-1109
-1680
299
-527
942
1901
-1220
-1281
-577
892
1851
5
-821
-2157
587
781
1740
404
-1697
-993
731
1690
-156
293
-1808
-1104
620
1579
243
-583
-644
-1215
509
1978
-633
581
-755
-1071
1928
-683
531
470
-866
-672
1052
481
420
359
-722
237
-844
370
309
248
-323
-639
320
259
198
-373
-689
270
209
148
597
-1249
475
159
98
547
-24
935
-1421
48
-13
436
-135
824
-1532
-63
386
-185
2049
-1072
-1643
336
-490
979
1938
-1183
-1244
-540
674
868
1827
-784
-2120
624
818
1777
-69
-895
-2231
513
707
1666
330
-1771
-1067
657
1616
280
-546
-607
-1178
546
2015
-596
618
-718
-1034
1455
119
-707
507
-829
-1145
1854
-757
457
396
-685
274
-807
407
346
285
-286
-602
357
296
235
-336
-652
83
25
477
-91
2146
-972
-1540
-68
384
-184
2053
-1065
-1633
349
-474
998
1960
-1158
-1726
256
-567
905
1867
24
-799
-2132
615
812
1774
-69
-892
-2225
522
719
1681
348
-1750
-1043
429
626
1588
255
-568
-626
-1194
533
1495
162
-661
-719
-1287
440
1912
-696
521
463
-870
-1183
1819
-789
428
370
-963
-766
961
393
335
277
-1056
-859
868
300
242
184
891
-187
-1265
207
149
91
798
-280
-1358
114
56
508
-60
902
-1451
21
-37
415
-153
2084
-1034
-1602
380
-443
1029
1991
-1127
-1695
287
-536
936
1898
55
-1278
-1336
-629
843
1805
-38
-861
-2194
553
750
1712
-131
-954
-2287
460
657
1619
286
-537
-595
-1163
564
1526
193
-630
-688
-1256
471
1943
-665
552
-781
-1349
378
1850
-758
459
401
-932
-735
992
424
366
308
-1025
-828
899
331
273
215
922
-156
-1234
238
180
122
829
-249
-1327
145
87
539
-29
933
-1420
52
-6
446
-122
2115
-1003
-1571
-99
353
-215
2022
-1096
-1664
318
-505
967
1929
-1189
-1757
225
-598
874
1836
-7
-830
-2163
584
781
1743
-100
-923
-2256
491
688
1650
317
-506
-564
-1132
595
1557
224
-599
-657
-1225
502
1974
-634
583
-750
-1318
409
1881
-727
490
432
-901
-704
1023
455
397
339
-994
-797
930
362
304
246
-1087
-890
837
269
211
153
860
-218
-1296
176
118
60
767
-311
-1389
83
25
477
-91
2146
-972
-1540
-68
384
-184
2053
-1065
-1633
349
-474
998
1960
-1158
-1726
256
-567
905
1867
24
-799
-2132
615
812
1774
-69
-892
-2225
522
719
1681
348
-1750
-1043
429
626
1588
255
-568
-626
-1194
533
1495
162
-661
-719
-1287
440
1912
-696
521
463
-870
-1183
1819
-789
428
370
-963
-766
961
393
335
277
-1056
-859
868
300
242
184
891
-187
-1265
207
149
91
798
-280
-1358
114
56
508
-60
902
-1451
21
-37
415
-153
2084
-1034
-1602
380
-443
1029
1991
-1127
-1695
287
-536
936
1898
55
-1278
-1336
-629
843
1805
-38
-861
-2194
553
750
1712
-131
-954
-2287
460
657
1619
286
-537
-595
-1163
564
1526
193
-630
-688
-1256
471
1943
-665
552
-781
-1349
378
1850
-758
459
401
-932
-735
992
424
366
308
-1025
-828
899
331
273
215
922
-156
-1425
50
-5
450
-370
1105
795
-1555
-80
375
-445
1030
1995
-1120
-1685
300
-520
955
1920
80
-1250
-1305
-595
625
825
1790
-50
-870
-2200
550
750
1715
-125
330
-1765
-1055
675
1640
-200
255
-565
-620
-1185
545
1510
180
-640
-695
-1260
470
1435
105
-715
505
-825
-1390
340
1815
-790
430
375
-955
-1265
1740
-865
355
300
245
-830
135
-940
280
225
170
625
-1215
515
205
150
95
550
-15
950
-1400
75
20
475
-90
2150
-965
-1530
-55
400
-420
1055
2020
-1095
-1660
325
-495
980
1945
105
-1225
-1280
-570
650
850
1815
-1300
-1355
-645
575
775
1740
-100
-920
-2250
500
700
1665
-175
280
-1815
-1105
370
570
1535
205
-615
-670
-1235
495
1460
130
-690
530
-800
-1110
1385
55
-765
455
400
-930
-1240
1765
-840
380
325
270
-805
160
-915
305
250
195
650
-1190
540
230
175
120
575
10
975
-1375
100
45
500
-65
900
-1450
25
-30
425
-395
1080
770
-1580
-105
350
-470
1005
1970
-1145
-1710
275
-545
930
1895
55
-1275
-1330
-620
600
800
1765
-75
-895
-2225
525
725
1690
-150
305
-1790
-1080
395
595
1560
230
-590
-645
-1210
520
1485
155
-665
555
-775
-1085
1410
80
-740
480
425
-905
-1215
1790
-815
405
350
295
-780
185
-890
330
275
220
-855
110
-965
255
200
145
600
-1240
490
180
125
70
525
-40
925
-1425
50
-5
450
-370
1105
795
-1555
-80
375
-445
1030
1995
-1120
-1685
300
-520
955
1920
80
-1250
-1305
-595
625
825
1790
-50
-870
-2200
550
750
1715
-125
330
-1765
-1055
675
1640
-200
255
-565
-620
-1185
545
1510
180
-640
-695
-1260
470
1435
105
-715
505
-825
-1390
340
1815
-790
430
375
-955
-1265
1740
-865
355
300
245
-830
135
-940
280
225
170
625
-1215
515
205
150
95
550
-15
950
-1400
75
20
475
-90
2150
-965
-1530
-55
400
-420
1055
2020
-1095
-1660
325
-495
980
1945
105
-1225
-1280
-570
650
850
1815
-1300
-1355
-645
575
775
1740
-100
-920
-2250
500
700
1665
-175
280
-1815
-1105
370
570
1535
205
-615
-670
-1235
495
1460
130
-690
530
-800
-1110
1385
55
-765
455
400
-930
-1240
1765
-840
380
325
270
-805
160
-915
305
250
195
650
-1190
892
-1455
23
-29
-81
377
-185
2058
-1054
-1616
-138
320
-497
981
1949
-1163
-1725
263
-554
669
872
1840
3
-1324
-1376
-663
560
763
1731
-106
-923
-2250
503
451
654
1622
295
-522
-574
-1136
342
545
1513
186
-631
-683
-1245
488
1456
129
-688
535
483
-844
-1151
1347
20
-797
426
374
-953
-1260
1748
-854
369
317
265
213
-349
-656
312
260
208
156
104
-458
-765
203
151
99
47
505
-57
911
-1436
42
-10
448
-369
1109
802
-1545
-67
-119
339
-478
1000
1968
-1144
-1706
282
-535
688
891
1859
-1253
-1815
173
-644
834
1802
-35
-87
-904
-2231
522
725
1693
-144
314
-1778
-1065
413
616
1584
-253
205
-612
-664
-1226
507
1475
148
-669
554
-773
-1335
398
1876
-726
497
445
393
-934
-1241
1767
-835
388
336
284
-1043
-840
893
331
279
227
175
123
-439
-746
222
170
118
66
524
-1313
420
113
61
9
467
-95
2148
-964
-1526
-48
-100
358
-204
2039
-1073
-1635
-157
301
-516
962
1930
93
-1234
-1286
-573
650
853
1821
-16
-1343
-1395
-682
541
744
1712
-125
333
-1759
-1046
432
635
1603
-234
224
-1868
-1155
323
526
1494
167
-650
573
-754
-1316
417
1895
-707
516
464
-863
-1425
308
1786
-816
407
355
303
-1024
-821
912
350
298
246
194
-368
-675
293
241
189
137
85
798
-274
-1346
132
80
28
486
-76
892
-1455
23
-29
-81
377
-185
2058
-1054
-1616
-138
320
-497
981
1949
-1163
-1725
263
-554
669
872
1840
3
-1324
-1376
-663
560
763
1731
-106
-923
-2250
503
451
654
1622
295
-522
-574
-1136
342
545
1513
186
-631
-683
-1245
488
1456
129
-688
535
483
-844
-1151
1347
20
-797
426
374
-953
-1260
1748
-854
369
317
265
213
-349
-656
312
260
208
156
104
-458
-765
203
151
99
47
505
-57
911
-1436
42
-10
448
-369
1109
802
-1545
-67
-119
339
-478
1000
1968
-1144
-1706
282
-535
688
891
1859
-1253
-1815
173
-644
834
1802
-35
-87
-904
-2231
522
725
1693
-144
314
-1778
-1065
413
616
1584
-253
205
-612
-664
-1226
507
1475
148
-669
554
-773
-1335
398
1876
-726
497
445
393
-934
-1241
1767
-835
388
336
284
-1043
-840
893
331
279
227
175
123
-439
-106
2140
-969
-1528
-47
-96
365
-449
1032
2003
-1106
-1665
-184
277
-537
944
1915
81
-1243
-1802
189
-625
601
807
1778
-56
-1380
-1429
-713
513
719
1690
-144
-193
268
-1821
-1105
376
582
1553
-281
180
-634
-683
-1242
494
1465
141
-673
553
504
-820
-1379
357
1838
-761
465
416
367
-957
-1261
1750
-849
377
328
279
230
181
-378
-682
289
240
191
142
93
809
-260
-1329
152
103
54
5
466
-93
878
-1466
15
-34
-83
378
-181
2065
-1044
-1603
-122
-171
290
-524
957
1928
-1181
-1740
-259
202
-612
869
1840
6
-43
-857
-2181
575
526
732
1703
-131
330
-1759
-1043
438
644
1615
-219
242
-572
-621
-1180
301
507
1478
154
-660
566
-758
-1317
419
1390
66
-748
478
429
380
-944
-1248
1763
-836
390
341
292
243
-826
145
-924
302
253
204
155
106
-453
-757
214
165
116
67
18
734
-335
-1404
77
28
-21
440
-374
1107
803
-1541
-60
-109
352
-462
1019
1990
156
-1168
-1727
264
-550
676
882
1853
19
-1305
-1354
-638
588
794
1765
-69
-118
-932
-2256
500
451
657
1628
-206
255
-1834
-1118
363
569
1540
-294
167
-647
579
-745
-1304
432
1403
79
-735
491
442
-882
-1186
1315
-9
-823
403
354
305
-1019
-1323
1688
-911
315
266
217
168
-391
-695
276
227
178
129
80
541
-1293
443
139
90
41
-8
453
-106
2140
-969
-1528
-47
-96
365
-449
1032
2003
-1106
-1665
-184
277
-537
944
1915
81
-1243
-1802
189
-625
601
807
1778
-56
-1380
-1429
-713
513
719
1690
-144
-193
268
-1821
-1105
376
582
1553
-281
180
-634
-683
-1242
494
1465
141
-673
553
504
-820
-1379
357
1838
-761
465
416
367
-957
-1261
1750
-849
377
328
279
230
181
-378
-682
289
240
191
142
93
809
-260
-1329
152
103
54
5
466
-93
878
-1466
15
-34
-83
378
-181
2065
-1044
-1603
-122
-171
290
-524
957
1928
-1181
-1740
-259
202
-612
869
1840
6
-43
-857
-2181
575
526
732
1703
-131
330
-1759
-1043
438
644
1615
-219
242
-572
-621
-1180
301
507
1478
154
-660
566
-758
-1317
419
1390
66
-748
478
429
380
-944
-1248
1763
-836
390
341
292
243
-826
145
-924
302
253
204
155
106
-453
426
-385
1099
798
-1543
-59
-105
-151
313
-498
986
1960
-1146
-1702
-218
246
-565
664
873
1847
16
-30
-1351
-1397
-678
551
760
1734
-97
-143
321
-1765
-1046
438
392
601
1575
-256
208
-603
-649
-1205
279
488
1462
141
-670
559
513
-808
-1364
375
1349
28
-783
446
400
354
-967
-1268
1746
-850
379
333
287
241
195
-1126
-917
822
266
220
174
128
82
546
-1285
454
153
107
61
15
-31
433
-123
851
-1490
-6
-52
-98
366
-445
1039
2013
-1093
-1649
-165
-211
253
-558
926
1900
69
23
-1298
-1344
-625
604
558
767
1741
-90
-136
-947
-2268
491
445
654
1628
-203
261
-550
-596
-1152
332
541
1515
-316
148
-663
566
-755
-1311
428
1402
81
-730
499
453
407
-914
-1470
269
1753
-843
386
340
294
248
-1073
-864
875
319
273
227
181
135
89
-467
-768
206
160
114
68
22
486
-70
904
-1437
47
1
-45
-91
373
-183
2066
-1040
-1596
-112
-158
306
-505
724
933
1907
76
-1245
-1801
193
-618
611
820
1794
-37
-83
-894
-2215
544
498
707
1681
-150
-196
268
-1818
-1099
385
594
1568
-263
201
-610
619
-702
-1258
226
435
1409
88
-723
506
460
-861
-1417
322
1806
-790
439
393
347
301
-1020
-1321
1693
-903
326
280
234
188
142
-414
-715
259
213
167
121
75
29
748
-318
-1384
100
54
8
-38
426
-385
1099
798
-1543
-59
-105
-151
313
-498
986
1960
-1146
-1702
-218
246
-565
664
873
1847
16
-30
-1351
-1397
-678
551
760
1734
-97
-143
321
-1765
-1046
438
392
601
1575
-256
208
-603
-649
-1205
279
488
1462
141
-670
559
513
-808
-1364
375
1349
28
-783
446
400
354
-967
-1268
1746
-850
379
333
287
241
195
-1126
-917
822
266
220
174
128
82
546
-1285
454
153
107
61
15
-31
433
-123
851
-1490
-6
-52
-98
366
-445
1039
2013
-1093
-1649
-165
-211
253
-558
926
1900
69
23
-1298
-1344
-625
604
558
767
1741
-90
-136
-947
-2268
491
445
654
1628
-203
261
-550
-596
-1152
332
541
1515
-316
148
-663
566
-755
-1311
428
1402
81
-730
499
453
407
-914
-1470
269
1753
-843
386
340
294
248
-1073
-864
875
319
273
227
181
135
89
-467
-62
-105
362
-191
2061
-1042
-1595
-108
-151
-194
273
-535
952
1929
101
58
-1260
-1813
184
-624
608
565
777
1754
-74
-117
-925
-2243
519
476
433
645
1622
-206
-249
218
-1865
-1143
344
301
513
1490
-338
129
-679
553
-765
-1318
169
381
1358
40
-768
464
421
378
-940
-1493
249
1736
-857
375
332
289
246
203
160
-903
74
-989
243
200
157
114
71
28
750
-313
-1376
111
68
25
-18
-61
406
-147
2105
-998
-1551
-64
-107
-150
317
-491
996
1973
145
-1173
-1726
-239
228
-580
652
609
821
1798
-30
-1348
-1901
96
-712
520
477
689
1666
-162
-205
262
-1821
-1099
388
345
557
1534
-294
173
-635
597
-721
-1274
213
425
1402
84
-724
508
465
422
-896
-1449
293
1270
-48
-856
376
333
290
247
-1071
-1369
1648
-945
287
244
201
158
115
72
-481
-779
198
155
112
69
26
-17
450
-103
2149
-954
-1507
-20
-63
-106
361
-447
1040
2017
189
-1129
-1682
-195
-238
229
-579
653
865
1842
14
-1304
-1857
140
-668
564
521
733
1710
-118
-161
-969
-2287
475
432
389
601
1578
-250
217
-591
-634
-1187
300
257
469
1446
-382
85
-723
509
466
-852
-1405
337
1314
-4
-812
420
377
334
291
-1027
-1325
1692
-901
331
288
245
202
159
116
-437
-735
242
199
156
113
70
27
494
-59
918
-1420
67
24
-19
-62
-105
362
-191
2061
-1042
-1595
-108
-151
-194
273
-535
952
1929
101
58
-1260
-1813
184
-624
608
565
777
1754
-74
-117
-925
-2243
519
476
433
645
1622
-206
-249
218
-1865
-1143
344
301
513
1490
-338
129
-679
553
-765
-1318
169
381
1358
40
-768
464
421
378
-940
-1493
249
1736
-857
375
332
289
246
203
160
-903
74
-989
243
200
157
114
71
28
750
-313
-1376
111
68
25
-18
-61
406
-147
2105
-998
-1551
-64
-107
-150
317
-491
996
1973
145
-1173
-1726
-239
228
-580
652
609
821
1798
-30
-1348
-1901
96
-712
520
477
689
1666
-162
-205
262
-1821
-1099
388
345
557
1534
-294
173
-635
597
-721
-1274
213
425
1402
84
-724
508
465
422
-896
-1449
293
1270
-48
-856
376
333
290
247
-1071
-1369
1648
-945
287
244
201
158
115
72
-481
-40
-80
-120
350
-455
1035
2015
190
-1125
-1675
-185
-225
245
-560
675
635
850
1830
5
-35
-1350
-1900
100
-705
530
490
705
1685
-140
-180
-220
-1025
-2340
425
385
345
560
1540
-285
-325
145
-660
575
-740
-1290
200
415
1395
-430
40
-765
470
430
390
-925
-1475
270
1250
-65
-870
365
325
285
245
205
165
-1150
-935
810
260
220
180
140
100
60
20
490
-60
920
-1415
75
35
-5
-45
-85
385
-420
1070
2050
-1050
-1600
-110
-150
-190
280
-525
710
925
1905
80
40
-1275
-1825
-335
135
-670
565
780
1760
-65
-105
-145
-1460
-1500
-775
460
420
380
595
1575
-250
-290
180
-625
-665
-1215
275
235
450
1430
-395
75
-730
505
465
425
-890
-1440
305
1285
-30
-835
400
360
320
280
240
-1075
-1370
1650
-940
295
255
215
175
135
95
55
780
-280
-1340
150
110
70
30
-10
-50
420
-385
1105
810
-1525
-35
-75
-115
-155
315
-490
745
960
1940
115
-1200
-1750
-260
-300
170
-635
600
815
1795
-30
-70
-110
-1425
-1465
-740
495
455
670
1650
-175
-215
-255
215
-1865
-1140
350
310
525
1505
-320
-360
110
-695
540
500
-815
-1365
125
340
1320
5
-800
435
395
355
315
-1000
-1550
195
1685
-905
330
290
250
210
170
130
90
-460
-755
225
185
145
105
65
25
-15
455
-95
885
-1450
40
0
-40
-80
-120
350
-455
1035
2015
190
-1125
-1675
-185
-225
245
-560
675
635
850
1830
5
-35
-1350
-1900
100
-705
530
490
705
1685
-140
-180
-220
-1025
-2340
425
385
345
560
1540
-285
-325
145
-660
575
-740
-1290
200
415
1395
-430
40
-765
470
430
390
-925
-1475
270
1250
-65
-870
365
325
285
245
205
165
-1150
-935
810
260
220
180
140
100
60
20
490
-60
920
-1415
75
35
-5
-45
-85
385
-420
1070
2050
-1050
-1600
-110
-150
-190
280
-525
710
925
1905
80
40
-1275
-1825
-335
135
-670
565
780
1760
-65
-105
-145
-1460
-1500
-775
460
420
380
595
1575
-250
-290
180
-625
-665
-1215
275
235
450
1430
-395
75
-730
505
465
425
-890
-1440
305
1285
-30
-835
400
360
320
280
240
-1075
-1370
1650
-940
295
255
215
175
135
95
55
780
-18
-55
-92
-129
-166
307
-495
743
961
1944
122
85
-1227
-1774
-281
-318
155
-647
591
554
772
1755
-67
-104
-141
-1453
-1490
-762
476
439
402
620
1603
-219
-256
-293
180
-622
-659
-1206
287
250
213
431
1414
-408
65
-737
501
464
427
390
-922
-1469
279
1262
-50
-852
386
349
312
275
238
201
164
-1148
-1440
1583
-1004
234
197
160
123
86
49
12
-25
448
-99
884
-1448
45
8
-29
-66
-103
-140
333
-469
1024
2007
185
-1127
-1674
-181
-218
-255
218
-584
654
617
835
1818
-4
-41
-1353
-1900
103
-699
539
502
465
683
1666
-156
-193
-230
-267
206
-1871
-1143
350
313
276
494
1477
-345
-382
91
-711
527
490
-822
-1369
124
87
305
1288
-24
-826
412
375
338
301
264
227
-1085
-1377
1646
-941
297
260
223
186
149
112
75
38
511
-1311
437
145
108
71
34
-3
-40
-77
-114
359
-188
2070
248
-1064
-1611
-118
-155
-192
-229
244
-558
680
898
1881
59
22
-1290
-1837
-344
129
-673
565
528
491
709
1692
-130
-167
-204
-1006
-2318
450
413
376
339
557
1540
-282
-319
154
-648
590
553
-759
-1306
187
150
368
1351
-471
2
-800
438
401
364
327
-985
-1532
216
1199
-113
-915
323
286
249
212
175
138
101
64
-483
-775
208
171
134
97
60
23
-14
-51
422
-125
2133
-964
-1511
-18
-55
-92
-129
-166
307
-495
743
961
1944
122
85
-1227
-1774
-281
-318
155
-647
591
554
772
1755
-67
-104
-141
-1453
-1490
-762
476
439
402
620
1603
-219
-256
-293
180
-622
-659
-1206
287
250
213
431
1414
-408
65
-737
501
464
427
390
-922
-1469
279
1262
-50
-852
386
349
312
275
238
201
164
-1148
-1440
1583
-1004
234
197
160
123
86
49
12
-25
448
-99
884
-1448
45
8
-29
-66
-103
-140
333
-469
1024
2007
185
-1127
-1674
-181
-218
-255
218
-584
654
617
835
1818
-4
-41
-1353
-1900
103
-699
539
502
465
683
1666
-156
-193
-230
-267
206
-1871
-1143
350
313
276
494
1477
-345
-382
91
-711
527
490
-822
-1369
124
87
305
1288
-24
-826
412
375
338
301
264
227
-1085
-1377
1646
-941
297
260
223
186
149
112
75
38
511
-1016
-1560
-64
-98
-132
-166
-200
-234
242
-557
684
650
871
1857
38
4
-1305
-1849
-353
-387
89
-710
531
497
463
684
1670
-149
-183
-217
-251
225
-1849
-1118
378
344
310
276
497
1483
-336
-370
-404
72
-727
514
480
446
-863
-1407
89
55
276
1262
-47
-846
395
361
327
293
259
225
191
157
-1152
-1441
1585
-999
242
208
174
140
106
72
38
4
-30
-64
412
-132
854
-1475
21
-13
-47
-81
-115
-149
-183
293
-506
735
956
1942
123
89
-1220
-1764
-268
-302
-336
140
-659
582
548
769
1755
-64
-98
-132
-166
-200
-999
-2308
463
429
395
361
327
548
1534
-285
-319
-353
123
-676
565
531
-778
-1322
174
140
361
1347
-472
-506
-30
-829
412
378
344
310
276
242
-1067
-1611
140
1636
-948
293
259
225
191
157
123
89
55
21
-13
718
-336
-1390
106
72
38
4
-30
-64
-98
-132
344
-455
786
1007
1993
174
-1135
-1679
-183
-217
-251
-285
191
-608
633
599
820
1806
-13
-47
-81
-115
-1424
-1968
38
-761
480
446
412
633
1619
-200
-234
-268
-302
174
-625
616
-693
-1237
259
225
191
412
1398
-421
-455
21
-778
463
429
395
361
-948
-1492
4
225
1211
-98
-897
344
310
276
242
208
174
140
106
72
-1237
-1016
735
191
157
123
89
55
21
-13
-47
-81
395
-404
1092
2078
-1016
-1560
-64
-98
-132
-166
-200
-234
242
-557
684
650
871
1857
38
4
-1305
-1849
-353
-387
89
-710
531
497
463
684
1670
-149
-183
-217
-251
225
-1849
-1118
378
344
310
276
497
1483
-336
-370
-404
72
-727
514
480
446
-863
-1407
89
55
276
1262
-47
-846
395
361
327
293
259
225
191
157
-1152
-1441
1585
-999
242
208
174
140
106
72
38
4
-30
-64
412
-132
854
-1475
21
-13
-47
-81
-115
-149
-183
293
-506
735
956
1942
123
89
-1220
-1764
-268
-302
-336
140
-659
582
548
769
1755
-64
-98
-132
-166
-200
-999
-2308
463
429
395
361
327
548
1534
-285
-319
-353
123
-676
565
531
-778
-1322
174
140
361
1347
-472
-506
-30
-829
412
378
344
310
276
242
-1067
-1611
140
1636
-948
293
259
225
191
157
123
89
55
21
-13
1046
2035
219
188
-1118
-1659
-160
-191
-222
-253
-284
-315
164
-632
612
581
805
1794
-22
-53
-84
-115
-146
-1452
-1993
16
-780
464
433
402
371
340
564
1553
-263
-294
-325
-356
123
-673
571
540
509
-797
-1338
161
130
99
323
1312
-504
-535
-56
-852
392
361
330
299
268
237
206
175
-1131
-1672
82
1581
-1000
244
213
182
151
120
89
58
27
-4
-35
-66
-97
382
-159
2105
-986
-1527
-28
-59
-90
-121
-152
-183
-214
-245
234
-562
682
651
875
1864
48
17
-14
-45
-1351
-1892
-393
86
-710
534
503
472
441
410
634
1623
-193
-224
-255
-286
-317
162
-634
-665
-1206
293
262
231
200
169
393
1382
-434
-465
14
-782
462
431
400
369
338
307
276
-1030
-1571
-72
152
1141
-165
-961
283
252
221
190
159
128
97
66
35
4
-27
452
-89
900
-1426
73
42
11
-20
-51
-82
-113
-144
-175
-206
273
-523
721
945
1934
118
87
-1219
-1760
-261
-292
-323
-354
125
-671
573
542
511
480
704
1693
-123
-154
-185
-216
-247
232
-1839
-1105
394
363
332
301
270
239
463
1452
-364
-395
-426
53
-743
501
470
439
408
-898
-1439
60
29
253
1242
-574
-95
-891
353
322
291
260
229
198
167
136
105
74
43
-1008
-19
-1070
174
143
112
81
50
19
-12
-43
-74
-105
-136
343
-453
1046
2035
219
188
-1118
-1659
-160
-191
-222
-253
-284
-315
164
-632
612
581
805
1794
-22
-53
-84
-115
-146
-1452
-1993
16
-780
464
433
402
371
340
564
1553
-263
-294
-325
-356
123
-673
571
540
509
-797
-1338
161
130
99
323
1312
-504
-535
-56
-852
392
361
330
299
268
237
206
175
-1131
-1672
82
1581
-1000
244
213
182
151
120
89
58
27
-4
-35
-66
-97
382
-159
2105
-986
-1527
-28
-59
-90
-121
-152
-183
-214
-245
234
-562
682
651
875
1864
48
17
-14
-45
-1351
-1892
-393
86
-710
534
503
472
441
410
634
1623
-193
-224
-255
-286
-317
162
-634
-665
-1206
293
262
231
200
169
393
1382
-434
-465
14
-782
462
431
400
369
338
307
276
-1030
-1571
-72
152
1141
-165
-961
283
252
221
190
159
128
97
66
35
4
-27
303
-490
757
729
956
1948
135
107
79
-1224
-1762
-260
-288
-316
-344
-372
110
-683
564
536
508
480
452
679
1671
-142
-170
-198
-226
-254
-282
-310
172
-621
-649
-1187
315
287
259
231
203
175
147
374
1366
-447
-475
-503
-21
-814
433
405
377
349
321
293
265
237
209
181
-1122
-1660
97
1089
-214
-1007
240
212
184
156
128
100
72
44
16
-12
-40
-68
-96
-124
358
-435
1067
2059
246
-1057
-1595
-93
-121
-149
-177
-205
-233
-261
-289
-317
165
-628
619
591
563
535
762
1754
-59
-87
-115
-143
-171
-199
-227
-1530
-1558
-821
426
398
370
342
314
286
258
485
1477
-336
-364
-392
-420
-448
34
-759
488
460
432
404
376
348
-955
-1493
9
-19
-47
180
1172
-641
-159
-952
295
267
239
211
183
155
127
99
71
43
15
-13
-41
-69
413
-125
867
-1456
46
18
-10
-38
-66
-94
-122
-150
-178
-206
-234
-262
220
-573
674
646
873
1865
52
24
-4
-32
-60
-1363
-1901
-399
-427
-455
27
-766
481
453
425
397
369
341
568
1560
-253
-281
-309
-337
-365
-393
89
-704
543
515
487
-816
-1354
148
120
92
64
291
1283
-530
-558
-76
-869
378
350
322
294
266
238
210
182
154
126
98
70
42
-1261
-1034
723
185
157
129
101
73
45
17
-11
-39
-67
-95
-123
-151
-179
303
-490
757
729
956
1948
135
107
79
-1224
-1762
-260
-288
-316
-344
-372
110
-683
564
536
508
480
452
679
1671
-142
-170
-198
-226
-254
-282
-310
172
-621
-649
-1187
315
287
259
231
203
175
147
374
1366
-447
-475
-503
-21
-814
433
405
377
349
321
293
265
237
209
181
-1122
-1660
97
1089
-214
-1007
240
212
184
156
128
100
72
44
16
-12
-40
-68
-96
-124
358
-435
1067
2059
246
-1057
-1595
-93
-121
-149
-177
-205
-233
-261
-289
-317
165
-628
619
591
563
535
762
1754
-59
-87
-115
-143
-171
-199
-227
-1530
-1558
-821
426
398
370
342
314
286
258
485
1477
-336
-364
-392
-420
-448
34
-759
488
460
432
404
376
348
-955
-1493
9
-19
-47
180
1172
-641
-159
-952
295
267
239
211
183
155
127
99
71
43
15
-13
-41
-185
-210
-235
-260
225
-565
685
660
635
865
1860
50
25
0
-25
-50
-75
-100
-125
-1425
-1960
-455
-480
5
-785
465
440
415
390
365
340
315
290
265
495
1490
-320
-345
-370
-395
-420
-445
-470
15
-775
475
450
425
400
375
350
325
300
275
250
-1050
-1585
-80
-105
-130
100
1095
-205
-995
255
230
205
180
155
130
105
80
55
30
5
-20
-45
-70
-95
-120
-145
-170
315
-475
775
1005
2000
190
165
140
115
-1185
-1720
-215
-240
-265
-290
-315
-340
-365
-390
-415
70
-720
530
505
480
455
430
405
380
610
1605
-205
-230
-255
-280
-305
-330
-355
-380
105
-685
565
540
515
490
465
-835
-1370
135
110
85
60
35
10
240
1235
-575
-600
-625
-140
-930
320
295
270
245
220
195
170
145
120
95
70
45
20
-5
-30
-55
-80
-105
380
-155
2115
-970
-1505
0
-25
-50
-75
-100
-125
-150
-175
-200
-225
-250
-275
-300
-325
160
-630
620
595
570
545
520
750
1745
-65
-90
-115
-140
-165
-190
-215
-240
-265
-290
-315
170
-1895
-1155
350
325
300
275
250
225
200
175
150
125
355
1350
-460
-485
-510
-535
-50
-840
410
385
360
335
310
285
260
235
210
185
160
135
110
85
60
35
-1265
-1545
1490
-1085
165
140
115
90
65
40
15
-10
-35
-60
-85
-110
-135
-160
-185
-210
-235
-260
225
-565
685
660
635
865
1860
50
25
0
-25
-50
-75
-100
-125
-1425
-1960
-455
-480
5
-785
465
440
415
390
365
340
315
290
265
495
1490
-320
-345
-370
-395
-420
-445
-470
15
-775
475
450
425
400
375
350
325
300
275
250
-1050
-1585
-80
-105
-130
100
1095
-205
-995
255
230
205
180
155
130
105
80
55
30
5
-20
-45
-70
-95
-120
-145
-170
315
-475
775
1005
2000
190
165
140
115
-1185
-1720
-215
-240
-265
-290
-315
-340
-365
-390
-415
70
-720
530
505
480
455
430
405
380
610
1605
-205
-230
-255
-280
-305
-330
-355
-380
105
-685
565
540
515
490
465
-835
-1370
135
110
85
60
35
10
240
1235
-575
-600
-625
-140
-930
320
295
270
245
220
195
170
145
120
95
70
45
20
-5
-30
-55
-163
-185
-207
-229
-251
-273
-295
-317
-339
149
-638
615
593
571
549
527
505
483
461
694
1692
-115
-137
-159
-181
-203
-225
-247
-269
-291
-313
-335
-357
-379
109
-678
575
553
531
509
487
465
443
-854
-1386
122
100
78
56
34
12
-10
-32
-54
-76
157
1155
-652
-674
-696
-208
-995
258
236
214
192
170
148
126
104
82
60
38
16
-6
-28
-50
-72
-94
-116
-138
-160
-182
-204
-226
262
-525
728
706
684
662
895
1893
86
64
42
20
-2
-24
-46
-68
-90
-112
-134
-156
-178
-200
-1497
-2029
-521
-543
-55
-842
411
389
367
345
323
301
279
257
235
213
191
169
147
125
103
336
1334
-473
-495
-517
-539
-561
-583
-95
-882
371
349
327
305
283
261
239
217
195
173
151
129
107
85
63
41
19
-3
-25
-47
-69
-91
-113
-135
353
-434
1074
2072
265
243
221
199
-1098
-1630
-122
-144
-166
-188
-210
-232
-254
-276
-298
-320
-342
-364
-386
-408
-430
58
-729
524
502
480
458
436
414
392
370
348
326
304
282
515
1513
-294
-316
-338
-360
-382
-404
-426
-448
-470
-492
-4
-791
462
440
418
396
374
352
330
308
286
264
242
220
198
176
154
132
110
88
66
-1231
-1763
-255
-22
1486
-1086
167
145
123
101
79
57
35
13
-9
-31
-53
-75
-97
-119
-141
-163
-185
-207
-229
-251
-273
-295
-317
-339
149
-638
615
593
571
549
527
505
483
461
694
1692
-115
-137
-159
-181
-203
-225
-247
-269
-291
-313
-335
-357
-379
109
-678
575
553
531
509
487
465
443
-854
-1386
122
100
78
56
34
12
-10
-32
-54
-76
157
1155
-652
-674
-696
-208
-995
258
236
214
192
170
148
126
104
82
60
38
16
-6
-28
-50
-72
-94
-116
-138
-160
-182
-204
-226
262
-525
728
706
684
662
895
1893
86
64
42
20
-2
-24
-46
-68
-90
-112
-134
-156
-178
-200
-1497
-2029
-521
-543
-55
-842
411
389
367
345
323
301
279
257
235
213
191
169
147
125
103
336
1334
-473
-495
-517
-539
-561
-583
-95
-882
371
349
327
305
283
261
239
217
195
173
151
129
107
85
63
41
19
-3
-25
-47
-69
-141
-160
-179
-198
-217
-236
-255
-274
-293
-312
-331
-350
-369
-388
-407
-426
-445
-464
-483
8
-776
480
461
442
423
404
385
366
347
328
309
290
271
252
233
214
195
176
157
138
119
100
81
317
1318
-486
-505
-524
-543
-562
-581
-600
-619
-638
-657
-166
-950
306
287
268
249
230
211
192
173
154
135
116
97
78
59
40
21
2
-17
-36
-55
-74
-93
-112
-131
-150
-169
-188
-207
-226
-245
-264
-283
-302
-321
170
-614
642
623
604
585
566
547
528
509
490
471
452
433
414
395
631
1632
-172
-191
-210
-229
-248
-267
-286
-305
-324
-343
-362
-381
-400
-419
-438
-457
-476
-495
-514
-23
-807
449
430
411
392
373
354
335
316
297
278
259
240
221
202
183
164
145
126
107
88
69
50
31
12
-7
-26
-45
-64
-83
-102
-121
-140
-159
-178
313
-471
785
766
747
728
964
1965
161
142
123
104
85
66
47
28
9
-10
-29
-48
-67
-86
-105
-124
-143
-162
-181
-200
-219
-238
-257
-276
-295
-314
-333
-352
-371
120
-664
592
573
554
535
516
497
478
459
440
421
-873
-1402
109
90
71
52
33
14
-5
-24
-43
-62
-81
-100
-119
-138
-157
-176
-195
-214
-233
3
1004
-800
-309
-1093
163
144
125
106
87
68
49
30
11
-8
-27
-46
-65
-84
-103
-122
-141
-160
-179
-198
-217
-236
-255
-274
-293
-312
-331
-350
-369
-388
-407
-426
-445
-464
-483
8
-776
480
461
442
423
404
385
366
347
328
309
290
271
252
233
214
195
176
157
138
119
100
81
317
1318
-486
-505
-524
-543
-562
-581
-600
-619
-638
-657
-166
-950
306
287
268
249
230
211
192
173
154
135
116
97
78
59
40
21
2
-17
-36
-55
-74
-93
-112
-131
-150
-169
-188
-207
-226
-245
-264
-283
-302
-321
170
-614
642
623
604
585
566
547
528
509
490
471
452
433
414
395
631
1632
-172
-191
-210
-229
-248
-267
-286
-305
-324
-343
-362
-381
-400
-419
-438
-457
-476
-495
-514
-23
-807
449
430
411
392
373
354
335
316
297
278
259
240
221
202
183
164
145
126
107
88
69
50
31
12
-7
-26
-45
-64
-83
1156
1650
104
88
72
56
40
24
8
-8
-24
-40
-56
-72
-88
-104
-120
-136
-152
-168
-184
-200
-216
-232
-248
-264
-280
-296
-312
-328
-344
-360
-376
-392
-408
-424
-440
-456
-472
-488
-504
-520
-536
-42
-823
436
420
404
388
372
356
340
324
308
292
276
260
244
228
212
196
180
164
148
132
116
100
84
68
52
36
20
4
-12
-28
-44
-60
-76
-92
-108
-124
-140
-156
-172
-188
-204
-220
-236
-252
-268
-284
-300
-316
-332
-348
-364
-380
-396
-412
-428
-444
-460
-476
-492
-508
-524
-540
-46
-827
432
416
400
384
368
352
336
320
304
288
272
256
240
224
208
192
176
160
144
1403
1897
351
335
319
303
287
271
255
239
223
207
191
175
159
143
127
111
95
79
63
47
31
15
-1
-17
-33
-49
-65
-81
-97
-113
-129
-145
-161
-177
-193
-209
-225
-241
-257
-273
221
-560
699
683
667
651
635
619
603
587
571
555
539
523
507
491
475
459
443
427
411
395
379
363
347
331
315
299
283
267
251
235
219
203
187
171
155
139
123
107
91
75
59
298
1302
-499
-515
-531
-547
-563
-579
-595
-611
-627
-643
-659
-675
-691
-707
-723
-739
-755
-771
-787
-293
-1074
185
169
153
137
121
105
89
73
57
41
25
9
-7
-23
-39
-55
-71
-87
-103
1156
1650
104
88
72
56
40
24
8
-8
-24
-40
-56
-72
-88
-104
-120
-136
-152
-168
-184
-200
-216
-232
-248
-264
-280
-296
-312
-328
-344
-360
-376
-392
-408
-424
-440
-456
-472
-488
-504
-520
-536
-42
-823
436
420
404
388
372
356
340
324
308
292
276
260
244
228
212
196
180
164
148
132
116
100
84
68
52
36
20
4
-12
-28
-44
-60
-76
-92
-108
-124
-140
-156
-172
-188
-204
-220
-236
-252
-268
-284
-300
-316
-332
-348
-364
-380
-396
-412
-428
-444
-460
-476
-492
-508
-524
-540
-46
-827
432
416
400
384
368
352
336
320
304
288
272
256
240
224
208
192
176
160
144
1403
1897
351
335
319
303
287
271
255
239
223
207
191
175
159
143
127
111
95
79
63
47
31
15
-1
-17
-33
-49
-65
-81
-97
-97
-1130
642
629
616
603
590
577
564
551
538
525
512
499
486
473
460
447
434
421
408
395
382
369
356
343
330
317
304
291
278
265
252
239
226
213
200
187
174
161
148
135
122
1384
1881
338
325
312
299
286
273
260
247
234
221
208
195
182
169
156
143
130
117
104
91
78
65
52
39
26
13
0
-13
-26
-39
-52
-65
-78
-91
-104
-117
-130
-143
-156
-169
-182
-195
-208
-221
-234
-247
-260
-273
-286
976
1473
-70
-83
-96
-109
-122
-135
-148
-161
-174
-187
-200
-213
-226
-239
-252
-265
-278
-291
-304
-317
-330
-343
-356
-369
-382
-395
-408
-421
-434
-447
-460
-473
-741
-1774
-2
-15
-28
-41
-54
-67
-80
-93
-106
-119
-132
-145
-158
-171
-184
1078
1575
32
19
6
-7
-20
-33
-46
-59
-72
-85
-98
-111
-124
-137
-150
-163
-176
-189
-202
-215
-228
-241
-254
-267
-280
-293
-306
-319
-332
-345
-358
-371
-384
-397
-410
-423
-436
-449
-462
-475
-488
-501
-514
-527
-540
-553
-566
-579
-592
670
1167
-376
-389
-402
-415
-428
-441
-454
-467
-480
-493
-506
-519
-532
-545
-558
-61
-839
423
410
397
384
371
358
345
332
319
306
293
280
267
254
241
228
215
202
189
176
163
150
137
124
111
98
85
72
59
46
33
20
1282
1779
236
223
210
197
184
171
-97
-1130
642
629
616
603
590
577
564
551
538
525
512
499
486
473
460
447
434
421
408
395
382
369
356
343
330
317
304
291
278
265
252
239
226
213
200
187
174
161
148
135
122
1384
1881
338
325
312
299
286
273
260
247
234
221
208
195
182
169
156
143
130
117
104
91
78
65
52
39
26
13
0
-13
-26
-39
-52
-65
-78
-91
-104
-117
-130
-143
-156
-169
-182
-195
-208
-221
-234
-247
-260
-273
-286
976
1473
-70
-83
-96
-109
-122
-135
-148
-161
-174
-187
-200
-213
-226
-239
-252
-265
-278
-291
-304
-317
-330
-343
-356
-369
-382
-395
-408
-421
-434
-447
-460
-473
-741
-1774
-2
-15
-28
-41
-54
-67
-80
-93
-106
-119
-132
-145
-158
-171
-184
1078
1575
32
19
6
-7
-20
-33
-46
-59
-72
-85
-98
-111
180
935
-350
-360
-370
-380
-390
-400
-410
-420
-430
-440
-450
-460
-470
-480
-490
-500
-510
-520
-530
-540
725
1225
-315
-325
-335
-345
-355
-365
-375
-385
-395
-405
-415
-425
-435
-445
-455
-465
-475
-485
-495
-760
-1790
-15
-25
-35
-45
-55
-65
-75
-85
1180
1680
140
130
120
110
100
90
80
70
60
50
40
30
20
10
0
-10
-20
-30
-40
-50
-60
-70
-80
-90
-100
-110
-120
-130
-140
-150
1115
1615
75
65
55
45
35
25
15
-250
-1280
495
485
475
465
455
445
435
425
415
405
395
385
375
365
355
345
335
325
315
305
295
1560
2060
520
510
500
490
480
470
460
450
440
-80
675
-610
-620
-630
-640
-650
-660
-670
-680
-690
-700
-710
-720
-730
-740
-750
-1015
-2045
-270
-280
985
1485
-55
-65
-75
-85
-95
-105
-115
-125
-135
-145
-155
-165
-175
-185
-195
-205
-215
-225
-235
-245
-255
-265
-275
-285
-295
-305
-315
-325
-335
-345
920
1420
-120
-130
-140
-150
-160
-170
-180
-190
-200
-210
-220
-230
-240
-505
-1535
240
230
220
210
200
190
180
170
160
150
140
130
120
110
100
1365
1865
325
315
305
295
285
275
265
255
245
235
225
215
205
195
185
175
165
155
145
135
125
115
105
95
85
75
65
55
45
35
1300
1800
5
-1025
750
740
730
720
710
700
180
935
-350
-360
-370
-380
-390
-400
-410
-420
-430
-440
-450
-460
-470
-480
-490
-500
-510
-520
-530
-540
725
1225
-315
-325
-335
-345
-355
-365
-375
-385
-395
-405
-415
-425
-435
-445
-455
-465
-475
-485
-495
-760
-1790
-15
-25
-35
-45
-55
-65
-75
-85
1180
1680
140
130
120
110
100
90
80
70
60
50
40
30
20
10
0
-10
-20
-30
-40
-50
-60
-70
-80
-90
-100
-110
-120
-130
-140
-150
1115
1615
75
65
55
45
35
25
15
-250
-1280
495
485
475
465
455
445
435
425
415
405
395
385
375
365
355
345
335
325
315
305
295
1560
2060
520
510
500
490
480
470
460
450
440
-80
675
-610
-620
-630
-640
-650
-660
-670
-680
-690
-700
-710
-720
-730
-740
-750
-1015
-2045
-270
-280
985
1485
-55
-65
-75
-85
-95
-105
-115
-125
-308
-315
-322
-329
-336
-343
-350
-357
-364
-371
-378
-385
883
1386
-151
-158
-165
-172
-179
-186
-193
-200
-462
-1489
289
282
275
268
261
254
247
240
233
226
219
1487
1990
453
446
439
432
425
418
-99
659
-623
-630
-637
-644
-651
-658
-665
-672
-934
-1961
-183
-190
-197
1071
1574
37
30
23
16
9
2
-5
-12
-19
-26
-33
-40
-47
-54
-61
-68
-75
-82
-89
-96
-103
1165
1668
131
124
-138
-1165
613
606
599
592
585
578
571
54
812
-470
-477
-484
-491
-498
-505
-512
-519
-526
742
1245
-292
-299
-306
-313
-320
-327
-334
-341
-348
-355
-617
-1644
134
127
120
113
106
99
92
85
78
1346
1849
312
305
298
291
284
277
270
263
256
249
242
235
228
221
214
-303
455
-827
-834
-1096
-2123
930
1433
-104
-111
-118
-125
-132
-139
-146
-153
-160
-167
-174
-181
-188
-195
-202
-209
-216
-223
-230
-237
-244
1024
1527
-10
-17
-24
-31
-38
-300
-1327
451
444
437
430
423
416
409
402
395
388
381
374
367
-150
1883
1111
-426
-433
-440
-447
-454
-461
-468
-475
-482
-489
-496
-503
-510
-517
-779
-1806
-28
-35
-42
-49
-56
-63
1205
1708
171
164
157
150
143
136
129
122
115
108
101
94
87
80
73
66
59
52
45
38
31
1299
1547
-1010
258
1016
-266
-273
-280
-287
-294
-301
-308
-315
-322
-329
-336
-343
-350
-357
-364
-371
-378
-385
883
1386
-151
-158
-165
-172
-179
-186
-193
-200
-462
-1489
289
282
275
268
261
254
247
240
233
226
219
1487
1990
453
446
439
432
425
418
-99
659
-623
-630
-637
-644
-651
-658
-665
-672
-934
-1961
-183
-190
-197
1071
1574
37
30
23
16
9
2
-5
-12
-19
-26
-33
-40
-47
-54
-61
-68
-75
-82
-89
-96
-103
1165
1668
131
124
-138
-1165
613
606
599
592
585
578
571
54
812
-470
-477
-484
-491
-498
-505
-512
-519
-526
742
1245
-292
-299
-306
-313
-320
-327
-334
-341
-348
-355
-617
-1644
134
127
120
113
106
99
92
85
78
1346
1849
312
305
298
291
284
277
270
263
256
249
242
235
228
221
214
-303
455
-827
-834
-1096
-2123
930
1433
-104
-111
-118
-125
-132
-139
-286
-290
-294
-298
-302
-306
965
1471
-63
-67
-71
-75
-334
-1358
423
419
415
411
407
403
399
395
-119
642
-637
634
1140
-394
-398
-402
-406
-410
-414
-418
-422
-681
-1705
76
72
68
64
60
56
1327
1833
299
295
291
287
283
279
275
271
-243
518
-761
-765
-769
-1028
-2052
-271
1000
1506
-28
-32
-36
-40
-44
-48
-52
-56
-60
-64
-68
-72
-76
-80
-84
-88
1183
1689
-100
-1124
657
653
139
900
-379
-383
-387
-391
-395
-399
-403
-407
-411
-415
856
1362
-172
-176
-180
-184
-188
-192
-451
-1475
306
302
298
294
290
286
282
278
274
1545
1541
772
-507
-511
-515
-519
-523
-527
-531
-535
-539
-798
-1822
-41
-45
-49
-53
1218
1724
190
186
182
178
174
170
166
162
158
154
150
146
142
-372
389
-1145
-894
1397
-137
-141
-145
-149
-153
-157
-161
-165
-169
-173
-177
-181
-185
-189
-193
-197
1074
1580
46
42
-217
-1241
540
536
532
528
524
10
771
-508
-512
-516
-520
-524
-528
743
1249
-285
-289
-293
-297
-301
-305
-564
-1588
193
189
185
181
177
173
169
165
1436
1942
408
404
400
396
-118
643
-636
-640
-644
-648
-652
-656
-915
-1939
-158
-162
1109
1615
81
77
73
69
65
61
57
53
49
45
41
37
33
29
25
21
1292
1543
-1521
1025
-254
-258
-262
-266
-270
-274
-278
-282
-286
-290
-294
-298
-302
-306
965
1471
-63
-67
-71
-75
-334
-1358
423
419
415
411
407
403
399
395
-119
642
-637
634
1140
-394
-398
-402
-406
-410
-414
-418
-422
-681
-1705
76
72
68
64
60
56
1327
1833
299
295
291
287
283
279
275
271
-243
518
-761
-765
-769
-1028
-2052
-271
1000
1506
-28
-32
-36
-40
-44
-48
-52
-56
-60
-64
-68
-72
-76
-80
-84
-88
1183
1689
-100
-1124
657
653
139
900
-379
-383
-387
-391
-395
-399
-403
-407
-411
-415
856
1362
-172
-176
-180
-184
-188
-192
-451
-1475
306
302
298
294
290
286
282
278
274
1545
1541
772
-507
-511
-515
-519
-523
-527
-531
-535
-539
-798
-1822
-41
-45
-49
-53
1218
1724
190
186
182
178
174
170
166
162
158
154
150
146
142
-372
389
-1145
-894
1397
-137
-141
-145
-149
-153
-264
-265
-266
1008
1517
-14
-270
-1291
493
492
491
490
-21
743
-533
-534
-535
-536
738
1247
-284
-285
-286
-287
-288
-544
-1565
219
218
217
216
215
214
1488
1997
-44
720
-556
-557
-558
-559
-560
-561
-817
-1838
-54
-55
-56
1218
1727
196
195
194
193
192
191
190
189
-322
442
-834
-1090
-2111
948
1457
-74
-75
-76
-77
-78
-79
-80
-81
-82
-83
-84
-85
-86
1188
1442
-1109
165
929
-347
-348
-349
-350
-351
-352
-353
-354
-355
-356
918
1427
-104
-105
-361
-1382
402
401
400
399
398
397
-114
650
-626
648
1157
-374
-375
-376
-377
-378
-379
-635
-1656
128
127
126
125
124
1398
1907
376
375
374
-137
627
-649
-650
-651
-652
-908
-1929
-145
-146
1128
1637
106
105
104
103
102
101
100
99
98
97
96
-415
94
-927
1367
-164
-165
-166
-167
-168
-169
-170
-171
-172
-173
-174
-175
-176
1098
1607
-179
-1200
584
583
72
836
-440
-441
-442
-443
-444
-445
-446
828
1337
-194
-195
-196
-197
-453
-1474
310
309
308
307
306
305
-206
1833
1067
-464
-465
-466
-467
-468
-469
-470
-726
-1747
37
36
35
34
1308
1817
286
285
284
283
282
281
-230
534
-742
-743
-999
-2020
-236
1038
1547
16
15
14
13
12
11
10
9
8
7
6
5
4
1023
2
1021
-255
-256
-257
-258
-259
-260
-261
-262
-263
-264
-265
-266
1008
1517
-14
-270
-1291
493
492
491
490
-21
743
-533
-534
-535
-536
738
1247
-284
-285
-286
-287
-288
-544
-1565
219
218
217
216
215
214
1488
1997
-44
720
-556
-557
-558
-559
-560
-561
-817
-1838
-54
-55
-56
1218
1727
196
195
194
193
192
191
190
189
-322
442
-834
-1090
-2111
948
1457
-74
-75
-76
-77
-78
-79
-80
-81
-82
-83
-84
-85
-86
1188
1442
-1109
165
929
-347
-348
-349
-350
-351
-352
-353
-354
-355
-356
918
1427
-104
-105
-361
-1382
402
401
400
399
398
397
-114
650
-626
648
1157
-374
-375
-376
-377
-378
-379
-635
-1656
128
127
126
125
124
1398
1907
376
375
374
-137
627
-649
-650
-651
-652
-908
-1929
-145
-146
1128
1637
106
105
104
103
102
101
100
99
98
97
96
-415
94
-927
1367
-164
-165
-166
-167
1033
1545
17
-236
-1254
533
25
792
-481
-479
-477
-475
-473
804
1316
-212
-210
-208
-461
-1479
308
310
312
314
316
-192
1850
1087
-441
-439
-437
-435
-433
-686
-1704
83
85
87
89
1366
1878
350
352
-156
611
-662
-660
-658
-911
-1929
-142
1135
1647
119
121
123
125
127
129
131
133
-375
392
-1136
-879
1418
-110
-108
-106
-104
-102
-100
-98
-96
-94
-92
-90
1187
1444
-1614
938
-335
-333
-331
-329
-327
-325
-323
-321
-319
958
1470
-58
-311
-1329
458
460
-48
719
-554
-552
-550
727
1239
-289
-287
-285
-283
-536
-1554
233
235
237
239
241
1518
1520
757
-516
-514
-512
-510
-508
-761
-1779
8
10
12
1289
1801
273
275
277
279
-229
538
-735
-733
-986
-2004
-217
1060
1572
44
46
48
50
52
54
56
58
60
-448
1339
-444
-187
-185
-183
-181
-179
-177
-175
-173
-171
-169
-167
1110
1622
-161
-1179
98
865
-408
-406
-404
-402
-400
-398
-396
881
1393
-135
-133
-386
-1404
383
385
387
389
-119
648
-625
652
1164
-364
-362
-360
-358
-611
-1629
158
160
162
164
1441
1953
425
-83
684
-589
-587
-585
-583
-836
-1854
-67
-65
1212
1724
196
198
200
202
204
206
-302
465
-808
-1061
-2079
983
1495
-33
-31
-29
-27
-25
-23
-21
-19
-17
-15
-13
499
756
-262
-260
-258
-256
-254
-252
-250
-248
-246
-244
1033
1545
17
-236
-1254
533
25
792
-481
-479
-477
-475
-473
804
1316
-212
-210
-208
-461
-1479
308
310
312
314
316
-192
1850
1087
-441
-439
-437
-435
-433
-686
-1704
83
85
87
89
1366
1878
350
352
-156
611
-662
-660
-658
-911
-1929
-142
1135
1647
119
121
123
125
127
129
131
133
-375
392
-1136
-879
1418
-110
-108
-106
-104
-102
-100
-98
-96
-94
-92
-90
1187
1444
-1614
938
-335
-333
-331
-329
-327
-325
-323
-321
-319
958
1470
-58
-311
-1329
458
460
-48
719
-554
-552
-550
727
1239
-289
-287
-285
-283
-536
-1554
233
235
237
239
241
1518
1520
757
-516
-514
-512
-510
-508
-761
-1779
8
10
12
1289
1801
273
275
277
279
-229
538
-735
-733
-986
-2004
-217
1060
1572
44
46
48
50
52
54
56
58
60
-448
1339
-444
-187
-185
-183
-181
-220
-1235
555
50
820
-450
-445
-440
-435
-430
850
1365
-160
-410
-1425
365
370
375
-130
640
-630
650
1165
-360
-355
-350
-600
-1615
175
180
185
190
1470
1475
715
-555
-550
-545
-540
-790
-1805
-15
-10
1270
1785
260
265
270
-235
535
-735
-985
-2000
-210
1070
1585
60
65
70
75
80
85
90
-415
100
-915
1385
-140
-135
-130
-125
-120
-115
-110
-105
-100
1180
1440
-1615
940
-330
-325
-320
-315
-310
-305
-300
980
1495
-30
-280
-1295
495
-10
760
-510
-505
-500
780
1295
-230
-225
-475
-1490
300
305
310
315
-190
1855
1095
-430
-425
-420
-415
-665
-1680
110
115
120
1400
1915
390
-115
655
-615
-610
-605
-855
-1870
-80
-75
1205
1720
195
200
205
210
-295
475
-795
-1045
-2060
1005
1520
-5
0
5
10
15
20
25
30
-730
295
1320
-205
-200
-195
-190
-185
-180
-175
-170
-165
1115
1375
-1170
110
880
-390
-385
-380
-375
-370
-365
915
1430
-95
-345
-1360
430
435
-70
700
-570
-565
715
1230
-295
-290
-285
-535
-1550
240
245
250
255
1025
2305
-495
-490
-485
-480
-730
-1745
45
50
55
1335
1850
325
330
-175
595
-675
-670
-920
-1935
-145
1135
1650
125
130
135
140
145
150
-355
415
-1110
-850
1450
-75
-70
-65
-60
-55
-50
-45
-40
-35
1245
995
-785
-270
-265
-260
-255
-250
-245
-240
-235
1045
1560
-220
-1235
555
50
820
-450
-445
-440
-435
-430
850
1365
-160
-410
-1425
365
370
375
-130
640
-630
650
1165
-360
-355
-350
-600
-1615
175
180
185
190
1470
1475
715
-555
-550
-545
-540
-790
-1805
-15
-10
1270
1785
260
265
270
-235
535
-735
-985
-2000
-210
1070
1585
60
65
70
75
80
85
90
-415
100
-915
1385
-140
-135
-130
-125
-120
-115
-110
-105
-100
1180
1440
-1615
940
-330
-325
-320
-315
-310
-305
-300
980
1495
-30
-280
-1295
495
-10
760
-510
-505
-500
780
1295
-230
-225
-475
-1490
300
305
310
315
-190
1855
1095
-430
-425
-420
-415
-665
-1680
110
115
120
1400
1915
390
-115
655
-615
-610
-605
-855
-1870
-80
-75
1205
1720
195
200
205
210
-295
475
-795
-1045
-2060
1005
1520
-5
0
5
10
15
20
25
30
-730
295
1320
-205
-200
-195
57
830
-437
-429
-421
-413
-405
878
1396
-126
-373
-1385
408
-94
679
-588
-580
703
1221
-301
-293
-540
-1552
241
249
257
1030
2313
-484
-476
-468
-460
-707
-1719
74
82
1365
1883
361
-141
632
-635
-627
-874
-1886
-93
1190
1708
186
194
202
-300
473
-794
-1041
-2053
1015
1533
11
19
27
35
43
51
-451
67
-945
1358
-164
-156
-148
-140
-132
-124
-116
-108
920
-92
936
-331
-323
-315
-307
-299
-291
992
1510
-267
-1279
514
12
785
-482
-474
-466
817
1335
-187
-434
-1446
347
355
-147
626
-641
642
1160
-362
-354
-601
-1613
180
188
196
204
977
2260
-537
-529
-521
-768
-1780
13
21
29
1312
1830
308
-194
579
-688
-680
-927
-1939
1129
1647
125
133
141
149
157
-345
428
-1094
-831
1472
-50
-42
-34
-26
-18
-10
-2
-504
1289
-488
-225
-217
-209
-201
-193
-185
-177
-169
1114
1377
-1675
883
-384
-376
-368
-360
-352
-344
939
1457
-320
-1332
461
-41
732
-535
-527
756
1274
-248
-240
-487
-1499
294
302
310
-192
1856
1099
-423
-415
-407
-654
-1666
127
135
143
1426
1434
677
-590
-582
-574
-821
-1833
-40
-32
1251
1769
247
255
-247
526
-741
-988
-2000
-207
1076
1594
72
80
88
96
104
-398
120
-892
1411
-111
-103
-95
-87
-79
-71
-63
-55
973
-39
989
-278
-270
-262
-254
-246
-238
-230
1053
1316
-1226
57
830
-437
-429
-421
-413
-405
878
1396
-126
-373
-1385
408
-94
679
-588
-580
703
1221
-301
-293
-540
-1552
241
249
257
1030
2313
-484
-476
-468
-460
-707
-1719
74
82
1365
1883
361
-141
632
-635
-627
-874
-1886
-93
1190
1708
186
194
202
-300
473
-794
-1041
-2053
1015
1533
11
19
27
35
43
51
-451
67
-945
1358
-164
-156
-148
-140
-132
-124
-116
-108
920
-92
936
-331
-323
-315
-307
-299
-291
992
1510
-267
-1279
514
12
785
-482
-474
-466
817
1335
-187
-434
-1446
347
355
-147
626
-641
642
1160
-362
-354
-601
-1613
180
188
196
204
977
2260
-537
-529
-521
-768
-1780
13
21
29
1312
1830
308
-194
579
-688
-680
-927
-1939
1129
1647
125
133
141
149
157
-345
428
-1094
-831
1472
-50
-42
-34
-26
-18
-10
-2
-504
1289
-488
-225
-217
-209
-431
-420
-409
-398
-387
899
1420
-354
-1363
433
-66
710
-554
-543
743
1264
-255
-499
-1508
288
299
-200
1851
1097
-422
-411
-655
-1664
132
143
154
1440
1451
697
-567
-556
-800
-1809
-13
-2
1284
1805
286
-213
563
-701
-945
-1954
-158
1128
1649
130
141
152
-347
429
-1090
-824
1482
-37
-26
-15
-4
7
18
-481
1315
-459
-193
-182
-171
-160
-149
-138
-127
1159
915
-859
-338
-327
-316
-305
-294
-283
1003
1269
-1270
16
792
-472
-461
-450
-439
847
1368
-406
-1415
381
-118
658
-606
680
1201
-318
-307
-551
-1560
236
247
-252
1799
1045
-474
-463
-452
-696
-1705
91
102
1388
1399
645
-619
-608
-597
-841
-1850
-54
1232
1753
234
245
-254
522
-997
-2006
-210
1076
1597
78
89
100
111
-388
133
-876
1430
-89
-78
-67
-56
-45
-34
-23
498
764
-245
-234
-223
-212
-201
-190
-179
1107
1373
-1676
885
-379
-368
-357
-346
-335
951
1472
-302
-1311
-25
751
-513
-502
-491
795
1316
-458
-1467
329
340
-159
617
628
1149
-370
-359
-603
-1612
184
195
206
982
2268
-526
-515
-504
-748
-1757
39
50
1336
1857
-172
604
-660
-649
-893
-1902
-106
1180
1701
182
193
-306
470
-794
-1038
-2047
1024
1545
26
37
48
59
-440
81
-928
1378
-141
-130
-119
-108
-97
-86
-75
446
712
-297
-286
-275
-264
-253
-242
-231
1055
1321
-1728
833
-431
-420
-409
-398
-387
899
1420
-354
-1363
433
-66
710
-554
-543
743
1264
-255
-499
-1508
288
299
-200
1851
1097
-422
-411
-655
-1664
132
143
154
1440
1451
697
-567
-556
-800
-1809
-13
-2
1284
1805
286
-213
563
-701
-945
-1954
-158
1128
1649
130
141
152
-347
429
-1090
-824
1482
-37
-26
-15
-4
7
18
-481
1315
-459
-193
-182
-171
-160
-149
-138
-127
1159
915
-859
-338
-327
-316
-305
-294
-283
1003
1269
-1270
16
792
-472
-461
-450
-439
847
1368
-406
-1415
381
-118
658
-606
680
1201
-318
-307
-551
-1560
236
247
-252
1799
1045
-474
-463
-452
-696
-1705
91
102
1388
1399
645
-619
-608
-597
-841
-1850
-54
1232
1753
234
245
-254
522
-997
-2006
-210
1076
1597
78
89
100
111
-388
133
-876
1430
-89
-78
-67
-56
-45
-34
-23
498
764
-245
-234
-223
-409
-395
-381
908
1432
-339
-1345
-56
723
-538
-524
765
1289
-227
-468
-1474
325
-171
608
622
1146
-370
-611
-1617
182
196
-300
1754
1003
-513
-499
-740
-1746
53
67
1356
1370
619
-642
-628
-869
-1875
-76
1213
1737
221
-275
504
-757
-998
-2004
1070
1594
78
92
106
-390
134
-2147
927
1451
-65
-51
-37
-23
-9
-760
274
1308
-208
-194
-180
-166
-152
-138
896
-110
924
-337
-323
-309
-295
-281
1008
1277
-1769
795
-466
-452
-438
-424
865
1389
-382
-1388
-99
680
-581
-567
722
1246
-525
-1531
268
282
-214
565
579
1103
-413
-654
-1660
139
153
167
946
2235
-556
-542
-783
-1789
10
24
1313
1837
-189
590
-671
-912
-1918
1156
1680
164
178
-318
461
-800
-1041
-772
1537
21
35
49
63
-433
91
-915
1394
-122
-108
-94
-80
-66
-52
472
741
-265
-251
-237
-223
-209
-195
1094
1363
-1683
881
-380
-366
-352
-338
951
1475
-296
-1302
-13
766
-495
-481
808
1332
-184
-425
-1431
-142
637
-624
665
1189
-327
-568
-1574
225
239
-257
1797
1046
-470
-456
-697
-1703
96
110
1399
1413
662
-599
-585
-826
-1832
-33
1256
1780
264
-232
547
-714
-955
-1961
1113
1637
121
135
149
-347
432
-1084
-815
1494
-22
-8
6
20
-476
48
-958
1351
-165
-151
-137
-123
-109
-95
429
698
-308
-294
-280
-266
-252
-238
1051
1320
-1726
838
-423
-409
-395
-381
908
1432
-339
-1345
-56
723
-538
-524
765
1289
-227
-468
-1474
325
-171
608
622
1146
-370
-611
-1617
182
196
-300
1754
1003
-513
-499
-740
-1746
53
67
1356
1370
619
-642
-628
-869
-1875
-76
1213
1737
221
-275
504
-757
-998
-2004
1070
1594
78
92
106
-390
134
-2147
927
1451
-65
-51
-37
-23
-9
-760
274
1308
-208
-194
-180
-166
-152
-138
896
-110
924
-337
-323
-309
-295
-281
1008
1277
-1769
795
-466
-452
-438
-424
865
1389
-382
-1388
-99
680
-581
-567
722
1246
-525
-1531
268
282
-214
565
579
1103
-413
-654
-1660
139
153
167
946
2235
-556
-542
-783
-1789
10
24
1313
1837
-189
590
-671
-912
-1918
1156
1680
164
178
-318
461
-800
-1041
-772
1537
21
35
49
63
-433
91
-915
1394
-122
-108
-94
-80
-66
-52
472
741
-265
-251
-237
-387
-370
922
1194
-1339
-47
735
-523
-506
786
1313
-455
-1458
344
-149
633
650
1177
-336
-574
-1577
225
-268
1789
1041
-472
-455
-693
-1696
106
123
905
2197
-591
-574
-812
-1815
-13
1279
1806
-217
565
-693
-931
-1934
1143
1670
157
174
-319
463
-1050
-2053
1024
1551
38
55
-438
344
-1169
-897
1415
-98
-81
-64
-47
-540
1262
-506
-234
-217
-200
-183
-166
1126
888
-880
-353
-336
-319
-302
-285
1007
1279
-1764
803
-455
-438
-421
871
1398
-370
-1373
-81
701
-557
735
1262
-251
-489
-1492
-200
582
-676
616
1143
-370
-608
-1611
191
-302
1755
1007
-506
-489
-727
-1730
72
1364
1381
633
-625
-608
-846
-1849
1228
1755
242
-251
531
-982
-1985
-183
1109
1636
123
140
-353
174
-2104
973
1500
-13
4
21
-472
55
-948
1364
-149
-132
-115
-98
-81
-829
208
1245
-268
-251
-234
-217
-200
837
-166
871
-387
-370
-353
-336
956
1228
-1305
-13
769
-489
-472
820
1347
-421
-1424
378
-115
667
-591
701
1228
-540
-1543
259
-234
548
565
1092
-421
-659
-1662
140
157
939
2231
-557
-540
-778
-1781
21
38
1330
1347
599
-659
-897
-1900
-98
1194
1721
208
-285
497
-1016
-2019
1058
1585
72
89
106
-387
140
-863
1449
-64
-47
-30
-13
-506
21
-982
1330
-183
-166
-149
-132
-115
412
684
-319
-302
-285
-268
-251
1041
1313
-1730
837
-421
-404
-387
-370
922
1194
-1339
-47
735
-523
-506
786
1313
-455
-1458
344
-149
633
650
1177
-336
-574
-1577
225
-268
1789
1041
-472
-455
-693
-1696
106
123
905
2197
-591
-574
-812
-1815
-13
1279
1806
-217
565
-693
-931
-1934
1143
1670
157
174
-319
463
-1050
-2053
1024
1551
38
55
-438
344
-1169
-897
1415
-98
-81
-64
-47
-540
1262
-506
-234
-217
-200
-183
-166
1126
888
-880
-353
-336
-319
-302
-285
1007
1279
-1764
803
-455
-438
-421
871
1398
-370
-1373
-81
701
-557
735
1262
-251
-489
-1492
-200
582
-676
616
1143
-370
-608
-1611
191
-302
1755
1007
-506
-489
-727
-1730
72
1364
1381
633
-625
-608
-846
-1849
1228
1755
242
-251
531
-982
-1985
-183
1109
1636
123
140
-353
174
-2104
973
1500
-13
4
21
-472
55
-948
1364
-149
-132
-115
-98
-81
-829
208
1245
-268
-251
910
1440
-325
-1835
735
-520
-500
795
1325
-440
-1440
-145
640
-615
680
1210
-555
-1555
250
-240
1820
1075
-435
-670
-1670
135
155
940
2235
-550
-530
-765
-1765
40
1335
1355
610
-645
-880
-1880
-75
1220
1750
-270
515
-995
-1995
1085
1615
105
125
-365
420
-1090
-815
1500
-10
10
30
-460
70
-930
1385
-125
-105
-85
-65
465
740
-260
-240
-220
-200
-180
860
-140
900
-355
-335
-315
-295
1000
1275
-1765
805
-450
-430
-410
885
1160
-1370
-75
710
-545
750
1280
-485
-1485
320
-170
615
635
1165
-345
-580
-1580
225
-265
1795
1050
-460
-695
-1695
110
1405
1425
680
-575
-810
-1810
-5
1290
1820
-200
585
-925
-1925
-120
1175
1705
-315
470
-785
-1020
-2020
1060
1590
80
-410
375
-1135
-860
1455
-55
-35
-15
-505
25
-975
1340
-170
-150
-130
-110
-600
1205
-560
-285
-265
-245
-225
1070
835
-930
-400
-380
-360
-340
955
1230
-1810
760
-495
-475
-455
840
1115
-1415
-120
665
-590
-570
725
1255
-510
-1510
-215
570
590
1120
-390
-625
-1625
180
-310
1750
1005
-505
-740
-1740
65
85
870
2165
-620
-600
-835
-1835
1245
1775
-245
540
-715
-950
-1950
1130
1660
150
-340
445
-1065
-2065
1015
1545
35
55
-435
95
-905
1410
-100
-80
-60
-40
-530
1275
-490
-215
-195
-175
-155
-135
395
670
-330
-310
-290
-270
-250
790
-210
830
-425
-405
-385
910
1440
-325
-1835
735
-520
-500
795
1325
-440
-1440
-145
640
-615
680
1210
-555
-1555
250
-240
1820
1075
-435
-670
-1670
135
155
940
2235
-550
-530
-765
-1765
40
1335
1355
610
-645
-880
-1880
-75
1220
1750
-270
515
-995
-1995
1085
1615
105
125
-365
420
-1090
-815
1500
-10
10
30
-460
70
-930
1385
-125
-105
-85
-65
465
740
-260
-240
-220
-200
-180
860
-140
900
-355
-335
-315
-295
1000
1275
-1765
805
-450
-430
-410
885
1160
-1370
-75
710
-545
750
1280
-485
-1485
320
-170
615
635
1165
-345
-580
-1580
225
-265
1795
1050
-460
-695
-1695
110
1405
1425
680
-575
-810
-1810
-5
1290
1820
-200
585
-925
-1925
-120
1175
1705
-315
470
-785
-1020
-2020
1060
1590
80
-410
375
-1135
-860
1455
-55
-35
-15
-505
25
-975
1340
-170
-150
-130
-110
-600
1205
-560
-285
-265
1187
-1340
-42
746
-506
-483
815
1093
-1434
-136
652
-600
698
1231
-531
-1528
-230
558
581
1114
-648
-1645
163
-324
1739
997
-510
-742
-1739
69
1367
1390
648
-604
-836
-1833
-25
1273
1296
554
-698
-930
-1927
1156
1689
-328
460
-1047
-2044
1039
1572
65
88
-399
134
-863
1455
-52
-29
-6
-493
1315
-447
-169
-146
-123
-100
-842
201
1244
-263
-240
-217
-194
339
617
-380
-357
-334
-311
987
1265
-1772
801
-451
-428
870
1403
-359
-1866
707
-545
-522
776
1054
-1473
-175
613
-639
659
1192
-570
-1567
241
-246
1817
1075
-432
-664
-1661
147
935
2233
-549
-781
-1778
30
1328
1351
609
-643
-875
-1872
-64
1234
1257
515
-737
-969
-1966
1117
1650
143
-344
444
-1063
-785
1533
26
49
-438
95
-902
1416
-91
-68
-45
-532
1
-996
1322
-185
-162
-139
-116
417
695
-302
-279
-256
-233
810
-187
856
-396
-373
-350
948
1226
-1811
762
-490
-467
831
1364
-398
-1905
668
-584
-561
737
1270
-492
-1489
-191
597
620
1153
-609
-1606
202
-285
1778
1036
-471
-703
-1700
108
896
2194
-588
-565
-797
-1794
14
1312
1335
593
-914
-1911
-103
1195
1728
-289
499
-1008
-2005
1078
1611
104
-383
405
-1102
-824
1494
-13
10
-477
56
-941
1377
-130
-107
-84
-61
-803
240
1283
-224
-201
-178
-155
378
656
-341
-318
-295
-272
1026
794
-968
-435
-412
-389
909
1187
-1340
-42
746
-506
-483
815
1093
-1434
-136
652
-600
698
1231
-531
-1528
-230
558
581
1114
-648
-1645
163
-324
1739
997
-510
-742
-1739
69
1367
1390
648
-604
-836
-1833
-25
1273
1296
554
-698
-930
-1927
1156
1689
-328
460
-1047
-2044
1039
1572
65
88
-399
134
-863
1455
-52
-29
-6
-493
1315
-447
-169
-146
-123
-100
-842
201
1244
-263
-240
-217
-194
339
617
-380
-357
-334
-311
987
1265
-1772
801
-451
-428
870
1403
-359
-1866
707
-545
-522
776
1054
-1473
-175
613
-639
659
1192
-570
-1567
241
-246
1817
1075
-432
-664
-1661
147
935
2233
-549
-781
-1778
30
1328
1351
609
-643
-875
-1872
-64
1234
1257
515
-737
-969
-1966
1117
1650
143
-344
444
-1063
-785
1533
26
49
-438
95
-902
1416
-91
-68
-45
-532
1
-996
1322
-185
-162
-139
-116
417
695
-302
-279
-1851
725
-524
-498
803
1339
-420
-1924
652
-597
704
1240
-519
-1513
-212
579
605
1141
-618
-1612
-311
480
506
1042
-717
-1711
100
891
2192
-587
-816
-1810
1
1302
1328
589
-660
-889
-1883
1203
1739
-275
516
-988
-1982
1104
1640
-374
417
-1087
-2081
1005
1541
37
-447
89
-905
1416
-88
-62
-36
-775
271
1317
-187
-161
-135
-619
1192
-567
-286
-260
-234
-208
328
609
-385
-359
-333
-307
739
-255
791
-458
-432
869
1150
-1374
-73
718
-531
770
1306
-453
-1957
619
-630
671
1207
-552
-1546
-245
546
572
1108
-651
-1645
166
-318
1748
1009
-750
-1744
67
858
2159
-620
-849
-1843
-32
1269
1295
556
-693
-922
-1916
1170
1706
-308
483
-1021
-2015
1071
1607
103
-381
155
-839
1482
-22
4
-480
56
-938
1383
-121
-95
-69
-553
1258
-501
-220
-194
-168
-142
394
675
-319
-293
-267
-241
295
576
-418
-392
-366
935
1216
-1818
758
-491
-465
836
1117
-1407
-106
685
-564
737
1273
-486
-1480
-179
612
638
1174
-585
-1579
-278
513
539
1075
-684
-1678
133
924
2225
-554
-783
-1777
34
1335
1361
622
-627
-856
-1850
1236
1262
523
-726
-955
-1949
1137
1673
-341
450
-1054
-2048
1038
1574
70
-414
122
-872
1449
-55
-29
-513
23
-971
1350
-154
-128
-102
-586
1225
-534
-253
-227
-201
-175
361
642
-352
-326
-300
-274
772
-222
824
-425
-399
902
1183
-1851
725
-524
-498
803
1339
-420
-1924
652
-597
704
1240
-519
-1513
-212
579
605
1141
-618
-1612
-311
480
506
1042
-717
-1711
100
891
2192
-587
-816
-1810
1
1302
1328
589
-660
-889
-1883
1203
1739
-275
516
-988
-1982
1104
1640
-374
417
-1087
-2081
1005
1541
37
-447
89
-905
1416
-88
-62
-36
-775
271
1317
-187
-161
-135
-619
1192
-567
-286
-260
-234
-208
328
609
-385
-359
-333
-307
739
-255
791
-458
-432
869
1150
-1374
-73
718
-531
770
1306
-453
-1957
619
-630
671
1207
-552
-1546
-245
546
572
1108
-651
-1645
166
-318
1748
1009
-750
-1744
67
858
2159
-620
-849
-1843
-32
1269
1295
556
-693
-922
-1916
1170
1706
-308
483
-1021
-2015
1071
1607
103
-381
155
-839
1482
-22
4
-480
56
-938
1383
-121
-95
-69
-553
1258
-501
-220
-194
-168
-142
394
675
-319
-293
721
-525
-496
808
1092
-1429
-125
669
698
1237
-519
-1510
-206
588
617
1156
-600
-1591
-287
1782
1046
-455
-681
-1672
-368
1701
965
-791
-1782
32
826
2130
-646
-872
-1863
-49
1255
1284
548
-953
-1944
1145
1684
-327
467
-1034
-750
1574
73
-408
386
-1115
-831
1493
-8
-489
50
-941
1383
-118
-89
-570
-31
-1022
1302
-199
-170
-141
398
682
-309
-280
-251
-222
317
601
-390
-361
-332
972
746
-1010
-471
-442
862
1146
-1885
694
-552
-523
781
1065
-1456
-152
642
671
1210
-546
-1537
-233
561
590
1129
-627
-1618
-314
1755
1019
-482
-708
-1699
-395
1674
938
-818
-1809
5
799
2103
-673
-899
-1890
1199
1738
-273
521
-980
-1971
1118
1657
-354
440
-1061
-777
1547
46
-435
104
-2162
927
1466
-35
-516
23
-968
1356
-145
-116
-87
-823
226
1275
-226
-197
-168
371
655
-336
-307
-278
1026
800
-956
-417
-388
-359
690
-301
748
-498
-469
835
1119
-1912
667
-579
-550
754
1038
-1483
-179
615
644
1183
-573
-1564
-260
534
563
1102
-654
-1645
-341
1728
992
-764
-1755
59
853
2157
-619
-845
-1836
-22
1282
1311
575
-926
-1917
1172
1711
-300
494
-1007
-1998
1091
1630
-381
413
-1088
-804
1520
19
-462
77
-914
1410
-91
-62
-543
-4
-995
1329
-172
-143
-114
425
709
-282
-253
-224
-195
344
628
-363
-334
-305
999
773
-983
-444
-415
-386
663
-328
721
-525
-496
808
1092
-1429
-125
669
698
1237
-519
-1510
-206
588
617
1156
-600
-1591
-287
1782
1046
-455
-681
-1672
-368
1701
965
-791
-1782
32
826
2130
-646
-872
-1863
-49
1255
1284
548
-953
-1944
1145
1684
-327
467
-1034
-750
1574
73
-408
386
-1115
-831
1493
-8
-489
50
-941
1383
-118
-89
-570
-31
-1022
1302
-199
-170
-141
398
682
-309
-280
-251
-222
317
601
-390
-361
-332
972
746
-1010
-471
-442
862
1146
-1885
694
-552
-523
781
1065
-1456
-152
642
671
1210
-546
-1537
-233
561
590
1129
-627
-1618
-314
1755
1019
-482
-708
-1699
-395
1674
938
-818
-1809
5
799
2103
-673
-899
-1890
1199
1738
-273
521
-980
-1971
1118
1657
-354
440
-1061
-777
1547
46
-435
104
-2162
927
1466
-35
-516
23
-968
1356
-145
-116
-87
-823
226
1275
-226
-197
-168
371
655
-336
-307
-532
-500
807
1094
-1934
648
-595
712
999
-1519
-212
585
617
1159
-594
-1582
-275
1797
1064
-689
-1677
140
937
2244
-529
-752
-1740
-433
1639
906
-847
-1835
-18
779
2086
-687
-910
-1898
1194
1226
493
-1005
-1993
1099
1641
-367
175
-2088
1004
1546
48
-430
112
-876
1451
-47
-525
17
-971
1356
-142
-110
-588
1229
-524
-237
-205
-173
369
656
-332
-300
-268
1039
816
-937
-395
-363
-331
721
-267
785
-458
-426
626
-362
690
-553
-521
786
1073
-1955
627
-616
691
978
-1540
-233
564
596
1138
-615
-1603
-296
1776
1043
-710
-1698
119
916
2223
-550
-773
-1761
821
2128
-645
-868
-1856
1236
1268
535
-963
-1951
1141
1683
-325
472
-1026
-2014
1078
1620
-388
154
-2109
983
1525
-483
314
-1184
-897
1430
-68
-546
-4
-992
1335
-163
-131
-609
1208
-545
-258
-226
-194
348
635
-353
-321
-289
763
-225
827
-416
-384
923
700
-1053
-511
-479
828
1115
-1913
669
-574
733
1275
-478
-1976
606
-637
670
957
-1561
-254
543
575
1117
-636
-1624
-317
1755
1022
-731
-1719
-412
1660
927
-826
-1814
3
800
2107
-666
-889
-1877
1215
1247
514
-984
-1972
1120
1662
-346
451
-1047
-760
1567
69
-409
133
-855
1472
-26
-504
38
-950
1377
-121
-89
-567
-25
-1013
1314
-184
-152
-885
167
1219
-279
-247
-215
327
614
-374
-342
-310
742
-246
806
-437
-405
902
679
-1074
-532
-500
807
1094
-1934
648
-595
712
999
-1519
-212
585
617
1159
-594
-1582
-275
1797
1064
-689
-1677
140
937
2244
-529
-752
-1740
-433
1639
906
-847
-1835
-18
779
2086
-687
-910
-1898
1194
1226
493
-1005
-1993
1099
1641
-367
175
-2088
1004
1546
48
-430
112
-876
1451
-47
-525
17
-971
1356
-142
-110
-588
1229
-524
-237
-205
-173
369
656
-332
-300
-268
1039
816
-937
-395
-363
-331
721
-267
785
-458
-426
626
-362
690
-553
-521
786
1073
-1955
627
-616
691
978
-1540
-233
564
596
1138
-615
-1603
-296
1776
1043
-710
-1698
119
916
2223
-550
-773
-1761
821
2128
-645
-868
-1856
1236
1268
535
-963
-1951
1141
1683
-325
472
-1026
-2014
1078
1620
-388
154
-2109
983
1525
-483
314
-1184
-897
1430
-68
-546
-4
-992
1335
-163
-131
-609
1208
-545
-258
-226
-194
348
635
-353
-321
-510
800
1090
-1935
650
-590
720
1010
-2015
570
-670
640
930
-1585
-275
525
560
850
-1665
-355
1720
990
-760
-1745
75
875
2185
-585
-805
-1790
795
2105
-665
-885
-1870
1225
1260
530
-965
-1950
1145
1180
450
-1045
-755
1575
-430
370
-1125
-835
1495
0
-475
70
-915
1415
-80
-555
-10
-995
1335
-160
-125
-855
200
1255
-240
-205
340
630
-355
-320
-285
770
-215
840
-400
-365
945
725
-1025
-480
-445
865
645
-1105
-560
-525
785
1075
-1950
635
-605
705
995
-2030
555
590
1135
-615
-1600
-290
1785
1055
-695
-1680
-370
1705
975
-775
-1760
60
860
2170
-855
-1840
-20
780
2090
-935
-1920
1175
1210
480
-1015
-2000
1095
1640
-365
435
-1060
-770
1560
-445
355
-1140
-850
1480
-15
-490
55
-930
1400
-95
-570
1250
-500
-210
-175
-140
405
695
-290
-255
-220
325
615
-370
-335
-300
245
535
-450
-415
-380
675
-310
745
-495
-460
595
-390
665
-575
735
1025
-1490
-180
620
655
1200
-550
-2045
540
575
1120
-630
-1615
-305
1770
1040
-710
-1695
-385
1690
960
-790
-1775
810
2120
-650
-870
-1855
1240
1275
545
-950
-1935
1160
1195
465
-1030
-2015
1080
1625
-380
165
-2095
1000
1545
-460
85
-900
1430
-65
-540
5
-980
1350
-145
-110
-585
1235
-515
-225
-190
-665
1155
-595
-305
-270
-235
310
600
-385
-350
-315
230
520
-465
-430
880
1170
-1855
730
-510
800
1090
-1935
650
-590
720
1010
-2015
570
-670
640
930
-1585
-275
525
560
850
-1665
-355
1720
990
-760
-1745
75
875
2185
-585
-805
-1790
795
2105
-665
-885
-1870
1225
1260
530
-965
-1950
1145
1180
450
-1045
-755
1575
-430
370
-1125
-835
1495
0
-475
70
-915
1415
-80
-555
-10
-995
1335
-160
-125
-855
200
1255
-240
-205
340
630
-355
-320
-285
770
-215
840
-400
-365
945
725
-1025
-480
-445
865
645
-1105
-560
-525
785
1075
-1950
635
-605
705
995
-2030
555
590
1135
-615
-1600
-290
1785
1055
-695
-1680
-370
1705
975
-775
-1760
60
860
2170
-855
-1840
-20
780
2090
-935
-1920
1175
1210
480
-1015
-2000
1095
1640
-365
435
-1060
-770
1560
-445
355
-1140
-850
1480
-15
-490
55
-930
1400
-95
-570
1250
-500
-210
-175
-140
405
695
-290
-255
-220
325
615
-370
-335
787
1080
-1942
646
-591
722
1015
-2007
581
619
1167
-580
-2072
516
554
1102
-645
-2137
451
489
782
-1730
-417
1661
934
-813
-1795
28
831
2144
-878
-1860
1238
1276
549
-943
-1925
1173
1211
484
-1008
-715
1618
-384
164
-2093
1005
1553
-449
99
-883
1450
-42
-514
34
-948
1385
-107
-579
-31
-1013
1320
-172
-644
1179
-568
-275
-237
-964
94
1152
-340
-302
246
539
-443
-405
-367
691
-291
767
-470
843
1136
-1886
702
-535
778
1071
-1951
637
675
1223
-524
-2016
572
610
903
-1609
-296
507
545
838
-1674
-361
1717
990
-757
-1739
-426
1652
925
-822
-1804
784
2097
-670
-887
-1869
719
2032
-990
-1972
1126
1164
437
-1055
-2037
1061
1609
-393
155
-827
1506
14
-458
90
-892
1441
-51
-523
1300
-447
-154
-116
-843
215
1273
-219
-181
-908
150
1208
-284
-246
302
595
-387
-349
-311
237
530
-452
-414
899
682
-1065
-517
-479
834
617
-1130
-582
731
1024
-1998
590
-647
666
959
-1553
-240
1838
1111
-636
-1618
-305
1773
1046
-701
-1683
-370
1708
981
-766
-1748
840
2153
-869
-1851
-28
775
2088
-934
-1916
1182
1220
493
-999
-1981
1117
1155
428
-1064
-771
1562
-440
363
-1129
-836
1497
-505
43
-939
1394
-98
-570
-22
-1004
1329
-163
-125
-852
206
1264
-228
-190
358
651
-331
-293
-255
293
586
-396
-358
955
738
-1009
-461
-423
635
-347
711
-526
787
1080
-1942
646
-591
722
1015
-2007
581
619
1167
-580
-2072
516
554
1102
-645
-2137
451
489
782
-1730
-417
1661
934
-813
-1795
28
831
2144
-878
-1860
1238
1276
549
-943
-1925
1173
1211
484
-1008
-715
1618
-384
164
-2093
1005
1553
-449
99
-883
1450
-42
-514
34
-948
1385
-107
-579
-31
-1013
1320
-172
-644
1179
-568
-275
-237
-964
94
1152
-340
-302
246
539
-443
-405
-367
691
-291
767
-470
843
1136
-1886
702
-535
778
1071
-1951
637
675
1223
-524
-2016
572
610
903
-1609
-296
507
545
838
-1674
-361
1717
990
-757
-1739
-426
1652
925
-822
-1804
784
2097
-670
-887
-1869
719
2032
-990
-1972
1126
1164
437
-1055
-2037
1061
1609
-393
155
-827
1506
14
-458
90
-892
1441
-51
-523
1300
-447
-154
-116
-843
215
1273
-219
-181
-908
150
1208
-284
-246
302
595
-387
-349
554
-425
636
-598
718
1014
-2005
586
627
923
-1586
-270
536
577
873
-1636
-320
1761
1037
-707
-2196
1670
946
-798
-1777
-461
1620
896
-848
-1827
764
2080
-939
-1918
1183
1224
500
-989
-1968
1133
1174
195
-2059
1042
1083
359
-1130
-834
1502
-497
54
-925
1411
-78
-547
4
-975
1361
-128
-597
1229
-515
-219
-178
373
669
-310
-269
-738
1088
-656
-360
-319
232
528
-451
-410
906
692
-1052
-501
-460
601
-378
683
-551
765
1061
-1958
633
674
970
-1539
-223
583
624
920
-2099
492
533
1084
-660
-2149
1717
993
-751
-1730
-414
1667
943
-801
-1780
811
2127
-892
-1871
1230
1271
547
-942
-1921
670
1986
-1033
-2012
1089
1130
406
-1083
-787
1549
-450
101
-2153
948
1499
-500
51
-928
1408
-81
-805
256
1317
-172
-641
-90
-1069
1267
-222
-691
1135
-609
-313
-272
279
575
-404
-363
-322
229
525
-454
-413
648
-331
730
-504
812
1108
-1911
680
721
1017
-2002
589
-645
671
967
-2052
539
580
876
-1633
-317
1764
1040
-704
-1683
-367
1714
990
-754
-1733
858
2174
-845
-1824
767
2083
-681
-895
-1874
717
2033
-986
-1965
1136
1177
453
-1036
-740
1596
-403
148
-2106
995
1546
-453
98
-881
1455
-544
7
-972
1364
-125
-594
-43
-1022
1314
-175
-644
1182
-562
-266
-225
326
622
-357
-316
-275
276
572
-407
-366
695
-284
777
-457
859
645
-1099
-548
-507
554
-425
636
-598
718
1014
-2005
586
627
923
-1586
-270
536
577
873
-1636
-320
1761
1037
-707
-2196
1670
946
-798
-1777
-461
1620
896
-848
-1827
764
2080
-939
-1918
1183
1224
500
-989
-1968
1133
1174
195
-2059
1042
1083
359
-1130
-834
1502
-497
54
-925
1411
-78
-547
4
-975
1361
-128
-597
1229
-515
-219
-178
373
669
-310
-269
-738
1088
-656
-360
-319
232
528
-451
-410
906
692
-1052
-501
-460
601
-378
683
-551
765
1061
-1958
633
674
970
-1539
-223
583
624
920
-2099
492
533
1084
-660
-2149
1717
993
-751
-1730
-414
1667
943
-801
-1780
811
2127
-892
-1871
1230
1271
547
-942
-1921
670
1986
-1033
-2012
1089
1130
406
-1083
-787
1549
-450
101
-2153
948
1499
-500
51
-928
1408
-81
-805
256
1317
-172
-641
-90
-1069
1267
-222
-691
1135
-609
-313
-272
279
575
-404
-363
576
-1165
-611
708
1007
-2009
585
629
928
-2088
506
550
1104
-637
-2123
1746
1025
-716
-1692
-373
1711
735
-1771
-452
1632
911
-830
-1806
788
2107
-909
-1885
709
2028
-988
-1964
1140
1184
463
-1023
-724
1105
384
-1102
-803
1536
-460
94
-882
1457
-539
15
-961
1378
-108
-574
-20
-996
1343
-143
-864
200
1264
-222
-943
121
1185
-301
-257
297
596
-380
-336
218
517
-459
-415
649
-327
737
-494
825
614
-1127
-573
746
1045
-1971
623
667
966
-2050
544
-687
632
931
-2085
509
553
852
-1654
-335
1749
773
-1733
-414
1670
949
-792
-1768
826
2145
-871
-1847
747
2066
-950
-1926
1178
1222
501
-985
-686
1143
422
-1064
-765
1574
-422
132
-2119
985
1029
308
-1178
-879
1460
-536
18
-958
1381
-615
-61
-1037
1302
-184
-650
1179
-562
-263
-219
335
634
-342
-298
256
555
-421
-377
942
731
-1010
-456
863
652
-1089
-535
-491
573
-403
661
-570
494
-482
582
-649
670
969
-2047
547
591
890
-2126
468
512
811
-1695
-376
1708
987
-754
-1730
864
2183
-833
-1809
785
2104
-912
-1888
1216
1260
539
-947
-1923
671
1990
-1026
-2002
1102
1146
170
-2081
1023
1067
346
-1140
-841
1498
-498
56
-920
1419
-577
-23
-999
1340
-146
-612
1217
-524
-225
-181
373
672
-304
-260
-981
83
1147
-339
-295
259
558
-418
-374
180
479
-497
-453
611
-365
699
-532
787
576
-1165
-611
708
1007
-2009
585
629
928
-2088
506
550
1104
-637
-2123
1746
1025
-716
-1692
-373
1711
735
-1771
-452
1632
911
-830
-1806
788
2107
-909
-1885
709
2028
-988
-1964
1140
1184
463
-1023
-724
1105
384
-1102
-803
1536
-460
94
-882
1457
-539
15
-961
1378
-108
-574
-20
-996
1343
-143
-864
200
1264
-222
-943
121
1185
-301
-257
297
596
-380
-336
218
517
-459
-415
649
-327
737
-494
825
614
-1127
-573
746
1045
-1971
623
667
966
-2050
544
-687
632
931
-2085
509
553
852
-1654
-335
1749
773
-1733
-414
1670
949
-792
-1768
826
2145
-871
-1847
747
2066
-950
-1926
1178
1222
501
-985
-686
1143
422
-1064
-765
1574
-422
132
-2119
985
1029
308
-1178
-879
1460
-536
18
-958
1381
-615
-61
-1037
1302
-184
-650
1179
-562
-263
-219
335
634
-342
-298
256
555
-421
-377
-1952
645
692
994
-2019
578
625
927
-2086
511
558
860
-1643
-321
1766
793
-1710
-388
1699
981
-757
-2240
1632
914
-824
-1797
800
2122
-891
-1864
733
2055
-958
-1931
666
1988
-1025
-1998
1109
1156
183
-2065
1042
1089
116
-857
1485
-508
49
-924
1418
-575
-18
-991
1351
-132
-595
1237
-501
-199
-662
1170
-568
-266
-729
1103
-635
-333
-286
271
573
-400
-353
204
506
-467
-420
137
439
-534
-487
580
-393
674
-554
513
-460
607
-621
446
-527
540
-688
634
936
-2077
1795
1077
-661
-2144
1728
1010
-728
-2211
1661
943
-795
-1768
829
2151
-862
-1835
762
2084
-929
-1902
695
2017
-996
-1969
1138
1185
212
-2036
1071
1118
145
-2103
1004
1051
333
-1150
-848
1494
-499
58
-915
1427
-566
-9
-982
1360
-633
-76
-1049
1293
-190
367
669
-304
-257
300
602
-371
-324
233
535
-438
-391
676
-297
770
-458
609
-364
703
-525
797
589
-1149
-592
730
522
-1216
-659
663
965
-2048
549
596
898
-2115
482
529
831
-2182
415
462
764
-1739
-417
1670
697
-1806
-484
1603
630
-1873
724
2046
-967
-1940
1167
1214
496
-987
-685
1147
429
-1054
-752
1080
362
-1121
-819
1523
-470
87
-886
1456
-537
20
-953
1389
-604
-47
-1020
1322
-161
-879
188
1255
-228
-946
121
1188
-295
-758
1074
-664
-362
-315
242
544
-429
-382
175
477
-496
826
618
-1120
-563
759
1061
-1952
645
692
994
-2019
578
625
927
-2086
511
558
860
-1643
-321
1766
793
-1710
-388
1699
981
-757
-2240
1632
914
-824
-1797
800
2122
-891
-1864
733
2055
-958
-1931
666
1988
-1025
-1998
1109
1156
183
-2065
1042
1089
116
-857
1485
-508
49
-924
1418
-575
-18
-991
1351
-132
-595
1237
-501
-199
-662
1170
-568
-266
-729
1103
-635
-333
-286
271
573
-400
-353
204
506
-467
-420
137
439
-534
-487
580
-393
674
-554
513
-460
607
-621
446
-527
540
-688
634
936
-2077
1795
1077
-661
-2144
1728
1010
-728
-2211
1661
943
-795
-1768
829
2151
-862
-1835
762
2084
-929
-1902
695
2017
-996
-1969
1138
1185
212
-2036
1071
1118
145
-2103
1004
1051
333
-1150
-848
1494
-499
58
-915
1427
-566
-9
-982
1360
-633
-76
-1049
1293
-190
367
669
-304
-257
300
602
-371
-324
233
535
-438
-391
620
-605
465
-505
565
615
920
-2090
510
560
865
-2145
455
505
810
-2200
400
450
755
-1745
855
2180
-830
-1800
800
2125
-885
-1855
745
2070
-940
-1910
690
2015
-995
-690
1145
430
-1050
-745
1090
375
-1105
-800
1035
65
-2180
930
980
10
-960
1385
-605
-45
-1015
1330
-150
-865
205
1275
-205
-920
150
1220
-260
300
605
-365
-315
245
550
-420
-370
190
495
-475
-425
135
440
-530
795
590
-1145
-585
740
535
-1200
-640
685
480
-1255
-695
630
935
-2075
1800
830
-1670
-345
1745
775
-1725
-400
1690
720
-1780
-455
1635
665
-1835
765
2090
-920
-1890
710
2035
-975
-1945
655
1980
-1030
-2000
600
1925
-1085
-780
1055
340
-1140
-835
1510
-480
80
-890
1455
-535
25
-945
1400
-590
1245
-490
-185
-645
1190
-545
-240
-955
115
1185
-295
-1010
60
1130
-350
210
515
-455
-405
155
460
-510
-460
100
405
-565
-515
555
-415
655
705
1010
-2000
600
650
955
-2055
545
595
900
-2110
490
540
845
-2165
1710
995
-740
-2220
1655
940
-795
-2275
1600
885
-850
-2330
1545
575
-1925
675
2000
-1010
-1980
1130
1180
210
-2035
1075
1125
155
-2090
1020
1070
100
-870
1475
-515
45
-925
1420
-570
-10
-980
1365
-625
-65
-1035
1310
-680
1155
-580
-275
-735
1100
-635
-330
-280
280
585
-385
-335
225
530
-440
885
680
-1055
-495
575
-395
675
-550
520
-450
620
-605
465
-505
565
615
920
-2090
510
560
865
-2145
455
505
810
-2200
400
450
755
-1745
855
2180
-830
-1800
800
2125
-885
-1855
745
2070
-940
-1910
690
2015
-995
-690
1145
430
-1050
-745
1090
375
-1105
-800
1035
65
-2180
930
980
10
-960
1385
-605
-45
-1015
1330
-150
-865
205
1275
-205
-920
150
1220
-260
300
605
-365
-315
245
550
-420
-370
190
495
-475
-425
135
440
-530
795
590
-1145
-585
740
535
-1200
-640
685
480
-1255
-695
630
935
-2075
1800
830
-1670
-345
1745
775
-1725
-400
1690
720
-1780
-455
1635
665
-1835
765
2090
-920
-1890
710
2035
-975
-1945
655
1980
-1030
-2000
600
1925
-1085
-780
1055
340
-1140
-835
1510
-480
80
-890
1455
-535
25
-945
1400
-590
1245
-490
-185
-645
1190
-545
-240
-955
115
1185
-295
-1010
60
1130
-350
210
515
-455
-405
-633
695
493
-1239
-676
397
-570
503
556
864
-2143
460
513
821
-2186
1692
980
-752
-2229
1649
682
-1815
788
2116
-891
-1858
745
2073
-934
-1901
702
2030
-977
-669
1169
202
-2040
1073
1126
159
-808
1540
-447
116
-851
987
275
-1202
-894
944
-23
-990
1358
-629
-66
-1033
1315
-672
1166
-566
-258
-715
1123
-609
-301
-1013
60
1133
-344
219
527
-440
-387
176
484
-483
845
643
-1089
-526
547
-420
653
-569
504
-463
610
663
971
-2036
567
620
928
-2079
1799
832
-2175
428
481
789
-2218
1660
948
-784
-2261
1617
905
-827
-2304
1574
607
-1890
713
2041
-966
-1933
670
1998
-1009
-701
1137
425
-1052
-744
1094
127
-2115
998
1051
84
-883
1465
-522
41
-926
1422
-565
1273
-459
-151
-863
210
1283
-194
-906
167
1240
-747
1091
-641
-333
-790
1048
-684
-376
187
495
-472
-419
144
452
-515
-462
101
409
-558
770
568
-1164
-601
472
-495
578
631
939
-2068
535
588
896
-2111
492
545
853
-2154
1724
757
-1740
-412
1681
714
-1783
820
2148
-859
-1826
777
2105
-902
-1104
2009
-998
-1965
638
1966
-1041
-2008
595
1923
-1084
-776
1062
350
-1127
-819
1019
52
-915
1433
-554
9
-958
1390
-597
-34
-1001
1347
-640
1198
-534
-226
-938
135
1208
-269
294
602
-365
-312
251
559
-408
-355
208
516
-451
622
-345
728
-494
69
377
-590
738
536
-1196
-633
695
493
-1239
-676
397
-570
503
556
864
-2143
460
513
821
-2186
1692
980
-752
-2229
1649
682
-1815
788
2116
-891
-1858
745
2073
-934
-1901
702
2030
-977
-669
1169
202
-2040
1073
1126
159
-808
1540
-447
116
-851
987
275
-1202
-894
944
-23
-990
1358
-629
-66
-1033
1315
-672
1166
-566
-258
-715
1123
-609
-301
-1013
60
1133
-344
219
527
-440
-387
176
484
-483
845
643
-1089
-526
547
-420
653
-569
504
-463
610
663
971
-2036
567
620
928
-2079
1799
832
-2175
428
481
789
-2218
1660
948
-784
-2261
1617
905
-827
-2304
1574
607
-1890
713
2041
-966
-1933
670
1998
-1009
-701
1137
425
-1052
-744
1094
127
-2115
998
1051
84
-883
1465
-522
41
-926
1422
-565
1273
-459
-151
-863
210
1283
-194
-906
167
1240
-747
1091
-641
-333
-790
1048
-684
-376
187
495
-472
-419
664
975
-2029
577
633
434
-1295
546
857
-2147
459
515
826
-2178
1703
739
-1755
-424
1672
708
-2296
1585
621
-1873
733
2064
-940
-1904
702
2033
-971
-660
1181
217
-2022
584
1915
-1089
-778
1063
99
-2140
976
1032
68
-896
1455
-529
37
-927
914
-50
-1014
1337
-647
1194
-535
-224
-933
143
1219
-255
311
622
-342
-796
1045
-684
-373
193
504
-460
-404
162
473
-491
585
-379
697
-522
44
355
-609
722
523
-1206
635
946
-2058
548
604
915
-2089
1792
828
-2176
430
486
797
-2207
1674
710
-1784
-453
1643
679
-1815
791
2122
-882
-2356
1525
561
-1933
673
2004
-1000
-689
1152
188
-2051
1065
1121
157
-807
1034
325
-1149
-838
1003
39
-925
1426
-558
8
-956
1395
-844
232
1308
-676
-110
-1074
1277
-707
1134
-595
-284
-993
83
1159
-315
251
562
-402
164
475
-489
-433
133
444
-520
811
612
-1117
-551
525
-439
637
693
494
-1235
-669
407
-557
519
575
886
-2118
488
544
855
-2149
1732
768
-2236
1645
936
-793
-2267
1614
650
-1844
762
2093
-911
-1875
731
1807
-1962
644
1975
-1029
-1993
613
1944
-1060
-749
1092
128
-2111
1005
1061
97
-867
974
10
-954
1397
-587
-21
-985
1366
-618
1223
-506
-195
-904
172
1248
-736
1105
-624
-313
-1022
54
1130
-344
222
533
-431
-375
191
502
-462
104
415
-549
782
583
-1146
-580
496
-468
608
664
975
-2029
577
633
434
-1295
546
857
-2147
459
515
826
-2178
1703
739
-1755
-424
1672
708
-2296
1585
621
-1873
733
2064
-940
-1904
702
2033
-971
-660
1181
217
-2022
584
1915
-1089
-778
1063
99
-2140
976
1032
68
-896
1455
-529
37
-927
914
-50
-1014
1337
-647
1194
-535
-224
-933
143
1219
-255
311
622
-342
-796
1045
-684
-373
193
504
-460
-404
162
473
-491
585
-379
697
-522
44
355
-609
722
523
-1206
635
946
-2058
548
604
915
-2089
1792
828
-2176
430
486
797
-2207
1674
710
-1784
-453
1643
679
-1815
791
2122
-882
-2356
1525
561
-1933
673
2004
-1000
-689
1152
188
-2051
1065
1121
157
-807
1034
325
-1149
-838
1003
39
-925
1426
-558
8
-956
1395
-844
232
1308
-676
-110
-1074
1277
-707
1134
-595
-284
-993
83
1159
-315
251
562
-402
164
475
-489
-433
431
-530
549
608
922
-2079
1805
844
-2157
452
511
825
-2176
1708
747
-2254
1630
924
-802
-2273
1611
650
-2351
1533
572
-1919
690
2024
-977
-1938
671
1750
-2016
593
1927
-1074
-760
1084
123
-2113
496
1830
-1171
-857
987
26
-935
1419
-562
1282
-444
-640
-71
-1032
1322
-914
165
1244
-737
1107
-619
-305
-1011
68
1147
-324
245
559
-402
167
481
-480
-421
148
462
-499
70
384
-577
757
561
-1165
-596
483
-478
601
405
-556
523
582
896
-2105
504
308
-653
426
485
799
-2202
1682
721
-2280
1604
898
-828
-2299
1585
624
-1867
742
2076
-925
-1121
1998
-1003
-1964
645
1724
-2042
567
1901
-1100
-786
1058
97
-2139
980
1039
78
-883
961
0
-961
1393
-588
-19
-980
864
-97
-1058
1296
-685
1159
-567
-253
316
630
-331
-782
1062
-664
-350
219
533
-428
141
455
-506
-447
122
436
-525
554
-407
672
731
535
-1191
-622
457
-504
575
634
438
-1288
556
870
-2131
478
537
851
-2150
1734
773
-2228
1656
695
-1796
-462
1637
676
-2325
1559
598
-1893
716
2050
-951
-1147
1972
-1029
-1990
619
1953
-1048
-734
1110
149
-812
1032
326
-1145
-831
1013
52
-909
935
-26
-987
1367
-614
-45
-1006
1348
-888
191
1270
-711
1133
-593
-279
-985
94
1173
-808
1036
-690
-376
193
507
-454
-395
174
488
-473
96
410
-551
528
-433
646
705
509
-1217
-648
431
-530
549
608
922
-2079
1805
844
-2157
452
511
825
-2176
1708
747
-2254
1630
924
-802
-2273
1611
650
-2351
1533
572
-1919
690
2024
-977
-1938
671
1750
-2016
593
1927
-1074
-760
1084
123
-2113
496
1830
-1171
-857
987
26
-935
1419
-562
1282
-444
-640
-71
-1032
1322
-914
165
1244
-737
1107
-619
-305
-1011
68
1147
-324
245
559
-402
167
481
-480
-421
148
462
-499
70
384
-577
757
561
-1165
-596
483
-478
601
405
-556
523
582
896
-2105
504
308
-653
426
485
799
-2202
1682
721
-2280
1604
898
-828
-2299
1585
624
-1867
742
2076
-925
-1121
1998
-1003
-1964
645
1724
-2042
567
1901
-1100
-786
1058
97
-2139
980
1039
78
-883
961
0
-961
1393
-588
-19
-980
864
-97
-1058
1296
-685
1159
-567
-253
316
630
-331
-782
1062
-664
-350
219
533
-428
141
455
-506
-447
453
-1270
577
894
-2104
508
315
-643
439
501
818
-2180
1707
749
-2249
1638
680
-1808
804
2141
-857
-2325
1562
604
-2394
1493
535
-1953
659
1996
-1002
-1195
1927
-1071
-754
1093
135
-2098
514
1851
-1147
-830
1017
59
-899
948
-10
-968
1389
-844
238
1320
-658
1189
-534
-727
-155
-1113
1244
-989
93
1175
-803
1044
-679
-362
210
527
-431
141
458
-500
-438
134
451
-507
65
382
-576
506
-452
630
692
499
-1224
623
430
-1293
-721
361
-597
485
547
354
-1369
478
795
-2203
1684
726
-2272
1615
657
-1831
781
2118
-880
-2348
1539
581
-1907
705
1787
-1976
636
1973
-1025
-1218
1904
-1094
-777
1070
112
-2121
491
1828
-1170
-853
994
36
-922
925
-33
-991
1366
-612
1235
-488
-681
-109
-1067
1290
-943
139
1221
-1012
70
1152
-316
256
573
-385
187
504
-454
118
435
-523
-461
111
428
-530
42
359
-599
483
-475
607
669
476
-1247
600
917
-2081
531
338
-620
462
524
841
-2157
1730
772
-2226
1661
703
-2295
1592
889
-834
-2302
1585
627
-2371
1516
558
-1930
682
1764
-1999
613
1950
-1048
-731
1116
158
-800
1047
89
-2144
978
1040
82
-876
971
13
-945
902
-56
-1014
1343
-635
1212
-511
-704
-132
-1090
1267
-966
116
1198
-780
1067
-656
-339
233
550
-408
164
481
-477
-415
157
474
-484
88
405
-553
19
336
-622
460
-498
584
646
453
-1270
577
894
-2104
508
315
-643
439
501
818
-2180
1707
749
-2249
1638
680
-1808
804
2141
-857
-2325
1562
604
-2394
1493
535
-1953
659
1996
-1002
-1195
1927
-1071
-754
1093
135
-2098
514
1851
-1147
-830
1017
59
-899
948
-10
-968
1389
-844
238
1320
-658
1189
-534
-727
-155
-1113
1244
-989
93
1175
-803
1044
-679
-362
210
527
-431
141
458
-500
-438
134
451
-507
65
382
-576
506
-452
630
692
499
-1224
623
430
-1293
-721
361
-597
485
547
354
-1369
478
795
-2203
1684
726
-2272
1615
657
-1831
781
2118
-880
-2348
1539
581
-1907
705
1787
-1976
636
1973
-1025
-1218
1904
-1094
-777
1070
112
-2121
491
1828
-1170
-853
994
36
-922
925
-33
-991
1366
-612
1235
-488
-681
-109
-1067
1290
-943
139
1221
-1012
70
1152
-316
256
573
-385
187
504
-454
118
435
-523
-461
-545
540
350
-605
480
545
355
-1365
485
805
-2190
1700
745
-2250
1640
685
-2310
1580
625
-1860
755
2095
-900
-1090
2035
-960
-1150
1975
-1020
-1975
640
1725
-2035
580
1665
-2095
520
1860
-1135
-815
1035
80
-875
975
20
-935
915
-40
-995
855
-100
-1055
1305
-925
160
1245
-730
1120
-600
-790
1060
-660
-340
235
555
-400
175
495
-460
115
435
-520
-455
120
440
-515
60
380
-575
0
320
-635
450
-505
580
390
-565
520
585
395
-1325
525
845
-2150
1740
785
-2210
1680
725
-2270
1620
665
-2330
1560
605
-1880
735
2075
-920
-1110
2015
-980
-1170
1955
-1040
-1995
620
1705
-2055
560
1645
-2115
500
1840
-1155
-835
1015
60
-895
955
0
-955
895
-60
-1015
1345
-885
200
1285
-690
1160
-560
-750
1100
-620
-810
1040
-680
-360
215
535
-420
155
475
-480
95
415
-540
-475
100
420
-535
40
360
-595
-20
300
-655
430
-525
560
370
-585
500
565
375
-1345
505
825
-2170
1720
765
-2230
1660
705
-2290
1600
645
-1840
775
2115
-880
-1070
2055
-940
-1130
1995
-1000
-1190
1935
-1060
-2015
600
1685
-2075
540
1625
-2135
480
1820
-1175
-855
995
40
-915
935
-20
-975
875
-80
-1035
1325
-905
180
1265
-710
1140
-580
-770
1080
-640
-320
255
575
-380
195
515
-440
135
455
-500
-435
140
460
-495
80
400
-555
20
340
-615
-40
280
-675
410
-545
540
350
-605
480
545
355
-1365
485
805
-2190
1700
745
-2250
1640
685
-2310
1580
625
-1860
755
2095
-900
-1090
2035
-960
-1150
1975
-1020
-1975
640
1725
-2035
580
1665
-2095
520
1860
-1135
-815
1035
80
-875
975
20
-935
915
-40
-995
855
-100
-1055
1305
-925
160
1245
-730
1120
-600
-790
1060
-660
-340
235
555
-400
175
495
-460
115
435
-520
-455
120
440
-515
60
380
-575
0
320
-635
450
-505
580
390
-565
520
585
395
-1325
525
845
-2150
1740
785
-2210
1680
725
-2270
1620
665
-2330
1560
605
-1880
735
2075
-920
-1110
2015
-980
-1170
1955
-1040
-1995
620
1705
-2055
560
1645
-2115
500
1840
-1155
-835
1015
60
-895
955
0
-955
895
-60
-1015
1345
-885
200
1285
-690
1160
-560
-750
1100
-620
-810
1040
-680
-360
215
535
-420
155
475
-480
95
415
-540
-475
-1288
565
378
-1339
514
837
-2155
1738
786
-2206
1687
735
-2257
1636
684
-2308
1585
633
-2359
1534
582
-1900
718
1806
-1951
667
1755
-2002
616
1959
-1033
-1220
1908
-1084
-1271
1857
-1135
-812
1041
89
-863
990
38
-914
939
-13
-965
888
-64
-1016
837
-115
-1067
786
-166
-1118
1245
-982
106
1194
-1033
55
1143
-1084
4
1092
-1135
-47
1041
-1186
-98
990
803
616
-1101
752
565
-1152
701
514
-1203
650
463
-1254
599
412
-1305
548
871
-2121
1772
820
-2172
1721
769
-2223
1670
718
-2274
1619
667
-2325
1568
616
-2376
1517
565
-1917
701
1789
-1968
650
1738
-2019
599
1942
-1050
-1237
1891
-1101
-1288
1840
-1152
-829
1024
72
-880
973
21
-931
922
-30
-982
871
-81
-1033
820
-132
-1084
1279
-948
140
1228
-999
89
1177
-1050
38
1126
-1101
-13
1075
-1152
-64
1024
-1203
-115
973
786
599
-1118
735
548
-1169
684
497
-1220
633
446
-1271
582
395
-1322
531
854
-2138
1755
803
-2189
1704
752
-2240
1653
701
-2291
1602
650
-2342
1551
599
-1883
735
1823
-1934
684
1772
-1985
633
1721
-2036
582
1925
-1067
-1254
1874
-1118
-1305
1823
-1169
-846
1007
55
-897
956
4
-948
905
-47
-999
854
-98
-1050
803
-149
-1101
1262
-965
123
1211
-1016
72
1160
-1067
21
1109
-1118
-30
1058
-1169
-81
1007
820
633
-1084
769
582
-1135
718
531
-1186
667
480
-1237
616
429
-1288
565
378
-1339
514
837
-2155
1738
786
-2206
1687
735
-2257
1636
684
-2308
1585
633
-2359
1534
582
-1900
718
1806
-1951
667
1755
-2002
616
1959
-1033
-1220
1908
-1084
-1271
1857
-1135
-812
1041
89
-863
990
38
-914
939
-13
-965
888
-64
-1016
837
-115
-1067
786
-166
-1118
1245
-982
106
1194
-1033
55
1143
-1084
4
1092
-1135
-47
1041
-1186
-98
990
803
616
-1101
752
565
-1152
701
514
-1203
650
463
-1254
599
412
-1305
548
871
-2121
1772
820
-2172
1721
769
-2223
1670
718
-2274
1619
667
-2325
1568
616
-2376
1517
565
-1917
701
1789
-1968
650
1738
-2019
599
1942
-1050
-1237
1891
-1101
-1288
1840
-1152
-829
1024
72
-880
973
21
-931
922
-30
-982
871
-81
-1033
820
-132
-1084
1279
-948
140
1228
-999
89
1177
-1050
38
1126
-1101
-13
1075
-1152
-64
1024
-1203
-115
973
786
519
335
-614
477
293
-656
435
251
-698
1668
719
-2270
1626
677
-2312
1584
635
-2354
1542
593
-2396
1500
551
-2438
1458
509
-2480
1416
467
-737
1119
170
-779
1077
128
-821
1035
86
-863
993
44
-905
951
2
-947
909
-40
-989
867
-82
-1031
825
1151
-563
-747
1109
-605
-789
1067
-647
-831
1025
-689
-873
983
-731
-915
941
-773
-957
899
-815
531
-418
673
489
-460
631
447
-502
589
405
-544
547
363
-586
505
321
-628
463
279
-670
1696
747
-2242
1654
705
-2284
1612
663
-2326
1570
621
-2368
1528
579
-2410
1486
537
-2452
1444
495
-2494
1402
453
-751
1105
156
-793
1063
114
-835
1021
72
-877
979
30
-919
937
-12
-961
895
-54
-1003
853
1179
-535
-719
1137
-577
-761
1095
-619
-803
1053
-661
-845
1011
-703
-887
969
-745
-929
927
-787
-971
885
-829
517
-432
659
475
-474
617
433
-516
575
391
-558
533
349
-600
491
307
-642
449
265
-684
1682
733
-2256
1640
691
-2298
1598
649
-2340
1556
607
-2382
1514
565
-2424
1472
523
-2466
1430
481
-2508
1388
439
-765
1091
142
-807
1049
100
-849
1007
58
-891
965
16
-933
923
-26
-975
881
-68
-1017
839
1165
-549
-733
1123
-591
-775
1081
-633
-817
1039
-675
-859
997
-717
-901
955
-759
-943
913
-801
545
-404
687
503
-446
645
461
-488
603
419
-530
561
377
-572
519
335
-614
477
293
-656
435
251
-698
1668
719
-2270
1626
677
-2312
1584
635
-2354
1542
593
-2396
1500
551
-2438
1458
509
-2480
1416
467
-737
1119
170
-779
1077
128
-821
1035
86
-863
993
44
-905
951
2
-947
909
-40
-989
867
-82
-1031
825
1151
-563
-747
1109
-605
-789
1067
-647
-831
1025
-689
-873
983
-731
-915
941
-773
-957
899
-815
531
-418
673
489
-460
631
447
-502
589
405
-544
547
363
-586
505
321
-628
463
279
-670
1696
747
-2242
1654
705
-2284
1612
663
-2326
1570
621
-2368
1528
579
-2410
1486
537
-2452
1444
495
-2494
1402
453
-751
1105
156
-793
1063
114
-835
1021
72
-877
979
30
-919
937
-12
-961
895
-54
-1003
853
1179
-535
-719
1137
-577
-761
1095
-619
-803
1053
-661
-845
1011
-703
-887
969
-745
-929
927
-787
-971
885
-829
517
541
360
-1351
508
327
-1384
475
294
-1417
187
-759
1610
664
-2322
1577
631
-2355
1544
598
-2388
1511
565
-2421
1478
532
-1179
1955
-1031
-1212
1667
-2084
540
1634
-2117
507
1601
-875
984
38
-908
951
5
-941
918
-28
-974
885
1214
-497
-678
1181
-530
-966
128
1222
-999
95
1189
-1032
62
1156
210
539
-407
177
506
-440
144
473
-473
111
440
4
333
-613
-29
300
-646
-62
267
-679
-95
234
563
382
-1329
530
349
-1362
497
316
-1395
209
-737
357
176
-770
1599
653
-2333
1566
620
-2366
1533
587
-2399
1500
554
-1157
1977
-1009
-1190
1944
-1042
-1223
1656
-2095
529
1623
-2128
496
1590
-886
973
27
-919
940
-6
-952
907
-39
-985
874
1203
-508
-944
150
1244
-977
117
1211
-1010
84
1178
232
561
-385
199
528
-418
166
495
-451
133
462
-484
100
429
-7
322
-624
-40
289
-657
-73
256
-690
-106
223
552
371
-1340
519
338
-1373
486
305
-1406
198
-748
1621
675
-2311
1588
642
-2344
1555
609
-2377
1522
576
-2410
1489
543
-1168
1966
-1020
-1201
1933
-1053
-1234
1645
-2106
518
1612
-864
995
49
-897
962
16
-930
929
-17
-963
896
-50
-996
863
1192
-519
-955
139
1233
-988
106
1200
-1021
73
1167
221
550
-396
188
517
-429
155
484
-462
122
451
15
344
-602
-18
311
-635
-51
278
-668
-84
245
-701
-117
212
541
360
-1351
508
327
-1384
475
294
-1417
187
-759
1610
664
-2322
1577
631
-2355
1544
598
-2388
1511
565
-2421
1478
532
-1179
1955
-1031
-1212
1667
-2084
540
1634
-2117
507
1601
-875
984
38
-908
951
5
-941
918
-28
-974
885
1214
-497
-678
1181
-530
-966
128
1222
-999
95
1189
-1032
62
1156
210
539
-407
177
506
-440
144
473
-473
111
440
4
333
-613
-29
300
-646
-62
267
-679
-95
234
563
382
-1329
530
349
-1362
497
316
-1395
209
-737
357
176
-770
1599
653
-2333
1566
620
-2366
1533
587
-2399
1500
554
-1157
1977
-1009
-1190
1944
-1042
-1223
1656
-2095
529
1623
-2128
496
1590
-886
973
27
-919
940
-6
-952
907
-39
-985
874
1203
-508
-944
150
1244
-977
117
1211
-1010
84
1178
232
561
-385
199
528
-418
166
495
-451
133
462
-484
100
429
-7
308
-635
462
284
-659
1713
770
-2213
1689
236
-1472
135
-808
1564
621
-2362
1540
597
-2386
1516
573
-1135
2002
-981
-1159
1723
-2025
602
1699
-1284
1853
-1130
-1308
1829
-1154
-1332
1550
-923
939
-4
-947
915
-28
-971
891
-52
-995
612
179
1276
-942
155
742
-201
-1144
718
1050
-658
-836
1026
-682
-1115
-18
1079
136
468
-475
112
444
-499
88
420
-13
319
-624
-37
295
-648
-61
271
603
425
-1283
324
-619
478
300
-643
1729
786
-2197
1705
252
-1456
406
228
-1480
127
-816
1556
613
-2370
1532
589
-2394
1508
565
-1143
1739
-2009
618
1715
-2033
594
1691
-1292
1845
-1138
-1316
1821
-1162
-1340
1542
-931
931
-12
-955
907
-36
-979
883
1215
-493
-926
171
758
-185
-1128
734
1066
-642
-820
1042
-666
-1099
-2
1095
-1123
-26
1071
128
460
-483
104
436
-507
80
412
-21
311
-632
-45
287
-656
-69
263
595
417
-1291
316
-627
470
292
-651
1721
778
-2205
1697
244
-1464
143
-800
1572
629
-2354
1548
605
-2378
1524
581
-1127
2010
-973
-1151
1731
-2017
610
1707
-2041
586
1683
-1300
1837
-1146
-1324
1558
-2190
437
1534
-939
923
-20
-963
899
-44
-987
875
1207
-501
-934
163
750
-193
-1136
726
1058
-650
-828
1034
-674
-1107
-10
1087
144
476
-467
120
452
-491
96
428
-5
327
-616
-29
303
-640
-53
279
-664
-77
255
587
409
-1299
308
-635
462
284
-659
1713
770
-2213
1689
236
-1472
135
-808
1564
621
-2362
1540
597
-2386
1516
573
-1135
2002
-981
-1159
1723
-2025
602
1699
-1284
1853
-1130
-1308
1829
-1154
-1332
1550
-923
939
-4
-947
915
-28
-971
891
-52
-995
612
179
1276
-942
155
742
-201
-1144
718
1050
-658
-836
1026
-682
-1115
-18
1079
136
468
-475
112
444
-499
88
420
-13
319
-624
-37
295
-648
-61
271
603
425
-1283
324
-619
478
300
-643
1729
786
-2197
1705
252
-1456
406
228
-1480
127
-816
1556
613
-2370
1532
589
-2394
1508
565
-1143
1739
-2009
618
1715
-2033
594
1691
-1292
1845
-1138
-1316
1821
-1162
-1340
1542
-931
931
-12
-955
907
-36
-979
883
1215
-493
-926
171
758
-185
-1128
734
1066
-642
-820
1042
-666
-1099
-2
1095
-1123
-26
1071
128
460
-483
104
436
-507
80
412
-21
330
-1375
490
315
-1390
220
-720
1655
715
-2265
1640
190
-240
605
-2375
1530
590
-2390
1515
575
-1130
1755
-1990
640
1740
-1240
1900
-1080
-1255
1630
-2115
515
1615
-855
1010
70
-1380
1505
-965
900
-40
-980
885
-55
-995
870
1205
-1010
-165
-1105
760
-180
-1120
745
1080
-625
-1055
45
1145
205
540
-910
955
-750
-1180
-80
1020
80
415
-525
65
400
-30
305
-635
-45
290
-650
-60
275
355
-585
515
-170
165
500
325
-1380
230
-710
390
215
-725
1650
710
-2270
1635
185
-245
600
-2380
1525
585
-2395
1510
570
-1135
1750
-2505
1400
460
-1245
1895
-1085
-1260
1625
-2120
510
1610
-860
1005
65
-1385
1500
-970
895
-45
-985
880
-60
-1000
610
180
770
-170
-1110
755
1090
-615
-1045
55
1155
-1060
40
630
965
-740
-915
950
-755
90
425
-515
75
410
-530
60
395
-35
300
-640
-50
285
620
445
-1260
350
-590
510
-175
160
495
320
-1385
225
-715
1660
720
-2260
1645
195
-1510
100
-840
1535
595
-2385
1520
580
-1125
1760
-1985
645
1745
-2510
1395
455
-1250
1890
-1090
-1265
1620
-850
1015
75
-1375
1765
-1215
-1390
1495
-975
890
-50
-990
875
1210
-495
-925
175
765
-175
-1115
750
1085
-620
-1050
50
1150
210
545
-905
960
-745
-1175
-75
1025
85
420
-520
70
405
-25
310
-630
-40
295
-645
-55
280
615
440
-1265
345
-595
1780
330
-1375
490
315
-1390
220
-720
1655
715
-2265
1640
190
-240
605
-2375
1530
590
-2390
1515
575
-1130
1755
-1990
640
1740
-1240
1900
-1080
-1255
1630
-2115
515
1615
-855
1010
70
-1380
1505
-965
900
-40
-980
885
-55
-995
870
1205
-1010
-165
-1105
760
-180
-1120
745
1080
-625
-1055
45
1145
205
540
-910
955
-750
-1180
-80
1020
80
415
-525
65
400
-30
305
-635
-45
290
-650
-60
275
355
-585
515
-170
165
500
325
-1380
230
-710
390
215
-725
1650
710
-2270
1635
185
-245
600
-2380
1525
585
-2395
1510
570
-1135
1750
-2505
1400
460
-1245
1895
-1085
-1260
1625
-2120
510
1610
-860
1005
65
-1385
1500
-970
895
-45
-985
880
-60
-1000
610
180
770
-170
-1110
755
1090
-615
-1045
55
1155
-1060
40
630
965
-740
-915
950
-755
90
425
-515
75
410
-530
60
395
-35
-668
435
263
-674
1704
257
-1445
168
-769
1609
672
-2305
1348
-864
1514
577
-2400
1508
571
-1131
1757
-2495
1413
476
-1226
1662
-2080
553
1656
-1321
1822
-1155
-1327
1561
-906
962
25
-1422
1466
-1001
867
-70
-1007
861
-76
-1013
600
173
766
-171
-1108
760
1098
-604
-1031
72
665
1003
-699
-1126
-23
1080
143
481
-966
902
-800
48
386
-551
42
380
-47
291
-646
-53
285
623
451
-1251
-148
190
528
356
-1346
267
-670
1708
261
-1441
427
255
-172
676
-2301
1607
670
-2307
1346
-866
1512
575
-2402
1506
569
-1133
1755
-2497
1411
474
-1228
1660
-2082
551
1654
-1323
1820
-1157
-1329
1559
-908
960
23
-1424
1464
-1003
865
-72
-1009
859
1197
-1015
-167
-1104
764
1102
-600
-1027
76
669
1007
-695
-867
1001
-701
-1128
-25
1078
141
479
-1223
-120
983
46
384
-553
40
378
-49
289
-648
-55
283
366
-571
532
-150
188
526
354
-1348
265
-672
1706
259
-1443
170
-767
1611
674
-2303
1605
158
-269
579
-2398
1510
573
-1129
1759
-2493
1415
478
-1224
1919
-1058
-1230
1658
-2084
549
1652
-1325
1563
-2179
454
1557
-910
958
21
-1426
1462
-1005
863
-74
-1011
602
175
768
-169
-1106
762
1100
-602
-1029
74
667
1005
-697
-1124
-21
1082
145
483
-964
904
-798
50
388
-549
44
382
-45
293
-644
-51
287
625
453
-1249
364
-573
530
-152
186
269
-668
435
263
-674
1704
257
-1445
168
-769
1609
672
-2305
1348
-864
1514
577
-2400
1508
571
-1131
1757
-2495
1413
476
-1226
1662
-2080
553
1656
-1321
1822
-1155
-1327
1561
-906
962
25
-1422
1466
-1001
867
-70
-1007
861
-76
-1013
600
173
766
-171
-1108
760
1098
-604
-1031
72
665
1003
-699
-1126
-23
1080
143
481
-966
902
-800
48
386
-551
42
380
-47
291
-646
-53
285
623
451
-1251
-148
190
528
356
-1346
267
-670
1708
261
-1441
427
255
-172
676
-2301
1607
670
-2307
1346
-866
1512
575
-2402
1506
569
-1133
1755
-2497
1411
474
-1228
1660
-2082
551
1654
-1323
1820
-1157
-1329
1559
-908
960
23
-1424
1464
-1003
865
-72
-1009
859
1197
-1015
-167
-1104
764
1102
-600
-1027
76
669
1007
-695
-867
1001
-701
-1128
-25
1078
141
479
-1223
-120
983
46
384
-553
40
378
-49
119
460
291
-1408
208
-726
1655
211
-1488
128
-806
1575
131
-293
558
-2416
1495
561
-1138
1753
-2496
1415
481
-1218
1673
-2576
1335
401
-1298
1593
-2146
490
1596
-1378
1513
-951
920
-14
-1458
1433
-1031
840
-94
-1028
843
1184
-1025
-174
-1108
763
1104
-595
-1019
87
683
1024
-675
-1099
7
603
944
-755
96
437
-497
99
440
16
357
-577
19
360
-64
277
-657
-61
280
366
-568
538
-141
200
286
-648
458
-221
120
206
-728
1653
719
-2255
1401
-808
1573
639
-2335
1576
132
-292
559
-2415
1496
562
-1137
1754
-2495
1416
482
-1217
1674
-1300
1846
-1128
-1297
1594
-870
1001
67
-1377
1514
-950
921
-13
-1457
1434
-1030
841
-93
-1027
589
165
761
-173
-1107
509
85
681
1022
-677
-1101
5
1111
177
518
-926
945
-754
97
438
-1006
865
-834
17
358
-576
20
361
-63
278
-656
-60
281
-143
198
539
370
-1329
287
-647
1734
290
-1409
207
-727
1654
210
-1489
127
-807
1574
640
-2334
1322
-887
1494
560
-1139
1752
-2497
1414
480
-1219
1672
-2067
569
1675
-1299
1847
-1127
-1296
1595
-1379
1767
-1207
-1376
1515
-949
922
-12
-1456
1435
-1029
842
1183
-1026
-175
-1109
762
1103
-596
-1020
86
682
1023
-676
-1100
6
602
943
-756
-1180
-74
1032
98
439
-1260
-154
952
18
359
-65
276
-658
-62
279
365
-569
537
-142
199
540
371
-1328
-222
119
460
291
-1408
208
-726
1655
211
-1488
128
-806
1575
131
-293
558
-2416
1495
561
-1138
1753
-2496
1415
481
-1218
1673
-2576
1335
401
-1298
1593
-2146
490
1596
-1378
1513
-951
920
-14
-1458
1433
-1031
840
-94
-1028
843
1184
-1025
-174
-1108
763
1104
-595
-1019
87
683
1024
-675
-1099
7
603
944
-755
96
437
-497
99
440
16
357
-577
19
360
-64
277
-657
-61
280
366
-568
538
-141
200
286
-648
458
-221
120
206
-728
1653
719
-2255
1401
-808
1573
639
-2335
1576
132
-292
559
-2415
1496
562
-1137
1754
-2495
1416
482
-1217
1674
-1300
1846
-1128
-1297
1594
-870
1001
67
-1377
1514
-950
921
-13
-1457
1434
-1030
841
-93
-1027
589
165
761
-173
-1107
509
85
681
1022
-677
-1101
5
1111
177
518
-926
945
-754
97
438
-1006
865
-834
17
358
-576
20
361
-63
-1389
230
-701
1683
242
-179
675
-2296
1618
177
-244
610
-2361
1298
-908
1476
545
-1151
1743
-2503
1411
480
-1216
1678
-2568
1346
415
-1281
1613
-1358
1791
-1180
-1346
1548
-1423
1471
-990
884
-47
-1488
1406
-1055
819
-112
-1043
576
155
754
1098
-598
-1019
90
689
1033
-663
-1084
25
624
968
-728
126
470
-1226
-117
992
61
405
-16
328
-603
-4
340
-81
263
-668
-69
275
-146
198
542
376
-1320
-211
133
477
311
-1385
-276
68
157
-774
1610
169
-1527
92
-839
1545
614
-1082
1812
-2434
1480
549
-1147
1747
-2499
1415
484
-1212
1682
-1289
1605
-2131
508
1617
-1354
1540
-2196
443
1552
-1419
1475
-986
888
-43
-1484
1410
-1051
823
1167
-1039
-185
-1116
758
1102
-1104
-250
-1181
438
17
616
960
-736
-1157
-48
1061
130
474
53
397
-534
65
409
-12
332
-599
0
344
-77
267
611
445
-1251
-142
202
291
-640
469
-207
137
226
-705
1679
238
-1458
161
-770
1614
173
-248
606
-2365
1549
108
-313
541
-2430
1229
-977
1407
476
-1220
1674
-2572
1342
411
-1285
1609
-2127
512
1621
-1350
1544
-917
957
26
-1415
1479
-982
892
1236
-970
-116
-1047
572
151
750
-181
-1112
507
86
685
1029
-667
-1088
21
620
964
-732
-1153
-44
555
899
-797
57
401
-1040
834
-862
-8
336
-85
259
-672
-73
271
-150
194
-737
-138
206
295
-636
1748
307
-1389
230
-701
1683
242
-179
675
-2296
1618
177
-244
610
-2361
1298
-908
1476
545
-1151
1743
-2503
1411
480
-1216
1678
-2568
1346
415
-1281
1613
-1358
1791
-1180
-1346
1548
-1423
1471
-990
884
-47
-1488
1406
-1055
819
-112
-1043
576
155
754
1098
-598
-1019
90
689
1033
-663
-1084
25
624
968
-728
126
470
-1226
-117
992
61
405
-16
328
-603
-4
340
-81
263
-668
-69
275
-146
198
542
376
-1320
-211
133
477
311
-1385
-276
68
157
-774
1610
169
-1527
92
-839
1545
614
-1082
1812
-2434
1480
549
-1147
1747
-2499
1415
484
-1212
1682
-1289
1605
-2131
508
1617
-1354
1540
-2196
443
1552
-1419
1475
-986
888
-43
-1484
1410
-1051
823
1167
-1039
-185
-1116
758
1102
-1104
-250
-1181
438
17
616
960
-736
-1157
-48
1061
130
474
53
397
-534
65
409
-12
332
-599
0
344
-77
1693
255
-1438
184
-744
1388
-815
1572
644
-2324
1338
-865
1522
84
-334
523
-2445
1217
-986
1401
473
-1220
1677
-2566
1351
423
-1270
1627
-1341
1556
-902
975
47
-1391
1506
-1462
1435
-1023
854
-74
-1512
1385
-1073
804
1151
-1052
-195
-1123
499
81
683
1030
-663
-1081
31
633
980
-713
144
491
-1202
-90
512
859
-834
23
370
-1323
-211
901
-27
320
-98
249
-679
-77
270
-148
199
291
-637
1750
312
-1381
241
-687
1700
262
-156
191
-1502
120
-808
1579
141
-277
580
-2388
1274
-929
1458
530
-1163
1734
-2509
1408
480
-1213
1684
-1284
1613
-2630
1287
359
-1334
1563
-1405
1747
-1221
-1384
1513
-1455
1442
-1016
861
-67
-1505
1392
-1066
556
138
740
1087
-606
-1024
88
690
1037
-1166
966
-727
-1145
-33
569
916
-777
80
427
-1266
-154
958
30
377
-41
306
-622
-20
327
-91
256
348
-580
532
-141
206
-212
135
482
319
-1374
-262
85
177
-751
1636
198
-1495
127
-801
1331
-872
1515
587
-1106
1791
-2452
1465
27
-391
466
-1227
1670
-2573
1344
416
-1277
1620
-1348
1804
-1164
-1327
1570
-1398
1499
-959
918
-10
-1448
1449
-1009
613
195
797
-131
-1569
1328
-1130
747
1094
-1109
-252
-1180
442
24
626
973
-720
-1138
-26
576
923
-770
87
434
16
363
-565
37
384
-34
313
-105
242
-686
-84
263
-155
192
539
376
-1317
-205
142
234
-694
1693
255
-1438
184
-744
1388
-815
1572
644
-2324
1338
-865
1522
84
-334
523
-2445
1217
-986
1401
473
-1220
1677
-2566
1351
423
-1270
1627
-1341
1556
-902
975
47
-1391
1506
-1462
1435
-1023
854
-74
-1512
1385
-1073
804
1151
-1052
-195
-1123
499
81
683
1030
-663
-1081
31
633
980
-713
144
491
-1202
-90
512
859
-834
23
370
-1323
-211
901
-27
320
-98
249
-679
-77
270
-148
199
291
-637
1750
312
-1381
241
-687
1700
262
-156
191
-1502
120
-808
1579
141
-277
580
-2388
1274
-929
1458
530
-1163
1734
-2509
1408
480
-1213
1684
-1284
1613
-2630
1287
359
-1334
1563
-1405
1747
-1221
-1384
1513
-1455
1442
-1016
861
-67
-1505
1392
-1066
556
138
740
1087
-606
-1024
88
690
1037
-1166
966
-727
-1145
-33
569
916
-777
80
427
-1266
-154
958
30
377
-41
306
-622
-20
327
-91
185
-740
1650
215
-200
150
-1540
85
-840
1550
115
-300
560
-1130
1770
-2470
1450
15
-400
460
-1230
1670
-2570
1350
425
-1265
1635
-1330
1570
-1395
1505
-2225
420
1535
-1430
1470
-1495
1405
-1050
830
-95
-1530
1370
-1085
540
125
730
1080
-1120
-260
-1185
440
25
630
980
-710
150
500
-1190
-75
530
880
-810
50
400
-15
335
-1100
780
-910
-50
300
-115
235
585
425
-1265
-150
200
-215
135
230
-695
1695
260
-1430
195
-730
1405
-795
1595
160
-255
605
-2360
1305
-895
1495
60
-355
505
-2460
1205
-995
1395
470
-1220
1680
-1285
1615
-2625
1295
370
-1320
1580
-1385
1515
-940
940
15
-1420
1480
-1485
1415
-1040
840
1190
-1010
-150
-1585
1315
-1140
485
70
675
1025
-665
-1080
35
385
-30
575
925
-765
95
445
-1245
-130
475
825
-865
-5
345
-70
280
-645
-40
310
-105
245
-170
180
530
370
-1320
-205
145
240
-685
1705
270
-145
205
-1485
140
-785
1605
170
-245
105
-310
550
-2415
1250
-950
1440
515
-1175
1725
-2515
1150
-1050
1340
415
-1275
1625
-1340
1560
-2170
475
1590
-1375
1525
-1440
1460
-995
885
-40
-1475
1425
-1540
1360
-1095
785
1135
-1065
-205
-1130
495
80
685
1035
-1165
970
-720
-1135
-20
585
935
-755
105
455
40
390
-1300
-185
930
5
355
-60
290
-125
225
-700
-95
255
-160
190
285
-640
1750
315
-1375
-260
90
185
-740
1650
215
-200
150
-1540
85
-840
1550
115
-300
560
-1130
1770
-2470
1450
15
-400
460
-1230
1670
-2570
1350
425
-1265
1635
-1330
1570
-1395
1505
-2225
420
1535
-1430
1470
-1495
1405
-1050
830
-95
-1530
1370
-1085
540
125
730
1080
-1120
-260
-1185
440
25
630
980
-710
150
500
-1190
-75
530
880
-810
50
400
-15
335
-1100
780
-910
-50
300
-115
235
585
425
-1265
-150
200
-215
135
230
-695
1695
260
-1430
195
-730
1405
-795
1595
160
-255
605
-2360
1305
-895
1495
60
-355
505
-2460
1205
-995
1395
470
-1220
1680
-1285
1615
-2625
1295
370
-1320
1580
-1385
1515
-940
940
15
-1420
1480
-1485
1415
-1040
840
1190
-1010
-150
-1585
1315
-1140
485
70
675
1025
-665
-1080
35
385
-30
575
925
-765
95
445
-1245
-130
475
825
-865
-5
345
-70
280
-645
-40
310
-105
-303
50
148
-774
1364
-833
1560
128
-284
579
-2383
1285
-912
1226
-971
1422
500
-1187
1716
-1246
1657
-2580
1343
421
-1266
1637
-1325
1578
-1384
1519
-1443
1715
-1247
-1404
1499
-1463
1440
-1522
1381
-1071
812
1165
-1032
-169
-1601
1302
-1150
478
66
674
1027
-1170
968
-719
-1131
-13
340
-72
536
889
-798
65
418
6
359
-1328
-210
908
-14
339
-73
280
-132
221
319
-603
515
-152
201
-211
142
-270
83
181
-741
1652
220
-1467
-349
4
102
-820
1318
-879
1514
82
-330
533
-2429
1239
-958
1435
3
-409
454
-1233
1670
-1292
1611
-2626
1297
375
-1312
1591
-1371
1532
-1430
1473
-979
904
-18
-1450
1453
-1509
1394
-1058
570
158
766
1119
-1078
1060
-1137
-274
-1196
432
20
628
981
-1216
922
-765
98
451
-1236
-118
490
843
-844
19
372
-40
313
-99
254
-668
-60
293
-119
234
-178
175
273
-649
1744
312
-1375
-257
96
194
-728
1410
-787
1606
174
-238
625
-2337
1331
-866
1272
-925
1468
36
-376
487
-1200
1703
-2534
1389
-43
-455
408
-1279
1624
-1338
1565
-1397
1761
-1201
-1358
1545
-1417
1486
-1476
1427
-1025
858
1211
-986
-123
-1555
1348
-1104
524
112
720
1073
-1124
1014
-673
-1085
33
386
-26
582
935
-752
111
464
52
405
-1282
-164
444
797
-890
-27
326
-86
267
-145
208
-714
-106
247
-165
188
-224
129
227
-695
1698
266
-1421
-303
50
148
-774
1364
-833
1560
128
-284
579
-2383
1285
-912
1226
-971
1422
500
-1187
1716
-1246
1657
-2580
1343
421
-1266
1637
-1325
1578
-1384
1519
-1443
1715
-1247
-1404
1499
-1463
1440
-1522
1381
-1071
812
1165
-1032
-169
-1601
1302
-1150
478
66
674
1027
-1170
968
-719
-1131
-13
340
-72
536
889
-798
65
418
6
359
-1328
-210
908
-14
339
-73
280
-132
221
319
-603
515
-152
201
-211
142
-270
83
181
-741
1652
220
-1467
-349
4
102
-820
1318
-879
1514
82
-330
533
-2429
1239
-958
1435
3
-409
454
-1233
1670
-1292
1611
-2626
1297
375
-1312
1591
-1371
1532
-1430
1473
-979
904
-18
-1450
1453
-1509
1394
-1058
570
158
766
1119
-1078
1060
-1137
-274
-1196
432
20
628
981
-1216
922
-765
98
451
-1236
-118
490
843
-844
19
372
-40
313
-99
254
-668
-60
293
-119
229
-180
176
-1508
-387
-31
70
-849
1292
-902
1494
65
-344
12
-397
469
-1215
1691
-2543
1128
-1066
1330
411
-1273
1633
-1326
1580
-1379
1527
-1432
1474
-975
911
-8
-1437
1469
-1490
1416
-1543
1363
-1086
545
136
747
1103
-1091
1050
-1144
-278
-1197
434
25
381
-28
583
939
-1255
886
-798
68
424
15
371
-1313
-192
419
775
-909
-43
313
-96
260
-149
207
-202
154
510
356
-1328
-207
149
-260
96
-313
43
144
-775
1621
192
-217
139
-270
86
-1598
33
-886
1255
-939
1457
28
-381
485
-1199
1707
-1252
1654
-1305
1601
-2633
1293
374
-1310
1596
-1363
1543
-1416
1490
-1469
1437
-1012
874
1230
-964
-98
-1527
1379
-1580
1326
-1123
508
99
455
46
657
1013
-1181
960
-724
-1133
-12
344
-65
291
-118
493
849
-835
31
387
-22
334
-75
281
-1403
-282
839
-80
276
-133
223
-186
170
-239
117
218
-701
1695
266
-1418
-297
59
-350
6
107
-812
1329
-865
1531
102
-307
49
-360
506
-2453
1218
-976
1165
-1029
1367
448
-1236
1670
-1289
1617
-1342
1564
-1395
1511
-2213
438
1559
-1400
1506
-1453
1453
-1506
1400
-1049
582
173
784
1140
-1054
-188
-1617
1289
-1160
471
62
418
9
620
976
-1218
923
-761
105
461
-1223
-102
254
-155
456
812
-872
-6
350
-59
297
-112
244
-165
191
-728
-117
239
-170
186
-223
133
-276
80
181
-738
1658
229
-180
176
-1508
-387
-31
70
-849
1292
-902
1494
65
-344
12
-397
469
-1215
1691
-2543
1128
-1066
1330
411
-1273
1633
-1326
1580
-1379
1527
-1432
1474
-975
911
-8
-1437
1469
-1490
1416
-1543
1363
-1086
545
136
747
1103
-1091
1050
-1144
-278
-1197
434
25
381
-28
583
939
-1255
886
-798
68
424
15
371
-1313
-192
419
775
-909
-43
313
-96
260
-149
207
-202
154
510
356
-1328
-207
149
-260
96
-313
43
144
-775
1621
192
-217
139
-270
86
-1598
33
-886
1255
-939
1457
28
-381
485
-1199
1707
-1252
1654
-1305
1601
-2633
1293
374
-1310
1596
-1363
1543
-1416
1490
-1469
1437
-1012
874
1230
-964
-98
-1527
1379
-1580
1326
-1123
508
99
455
46
657
1013
-1181
960
-724
-1133
-12
344
-65
291
-118
493
849
-835
31
387
-22
334
-75
281
-1403
-282
839
-80
276
-133
-769
1375
-816
1583
157
-249
110
-296
63
-343
526
-1155
1754
-2477
1197
-994
1150
-1041
1358
-68
-474
395
-1286
1623
-1333
1576
-1380
1529
-1427
1482
-1474
1435
-1011
878
1237
-954
-85
-1511
1398
-1558
1351
-1605
1304
-1142
492
86
445
39
653
1012
-1179
965
-1226
918
-763
106
465
59
418
-1263
-139
220
-186
428
787
-894
-25
334
-72
287
-119
240
-166
193
-213
146
250
-666
1733
307
-99
260
-1421
-297
62
-344
15
119
-797
1347
-844
1300
-891
1508
82
-324
35
-371
498
-1183
1726
-1230
1679
-1277
1632
-2599
1075
-1116
1283
367
-1314
1595
-1361
1548
-1408
1501
-1455
1454
-1502
1407
-1039
595
189
803
1162
-1029
1115
-1076
-207
-1633
1276
-1680
1229
-1217
417
11
370
-36
578
937
-1254
890
-1301
843
-838
31
390
-16
343
-63
296
-1385
-261
353
712
-969
-100
259
-147
212
-194
165
-241
118
-288
71
175
-741
1658
232
-174
185
-221
138
-1543
-419
-60
44
-872
1272
-919
1225
-966
1433
7
-399
-40
-446
423
-1258
1651
-1305
1604
-1352
1557
-1399
1510
-2721
1208
292
-1389
1520
-1436
1473
-1483
1426
-1530
1379
-1577
1332
-1114
520
114
728
1087
-1104
1040
-1151
993
-1198
946
-735
-1141
-17
342
-64
295
-111
503
862
-1329
815
-866
3
362
-44
315
-91
268
-138
221
-185
174
533
382
-1299
-175
184
-222
137
-269
90
-316
43
147
-769
1375
-816
1583
157
-249
110
-296
63
-343
526
-1155
1754
-2477
1197
-994
1150
-1041
1358
-68
-474
395
-1286
1623
-1333
1576
-1380
1529
-1427
1482
-1474
1435
-1011
878
1237
-954
-85
-1511
1398
-1558
1351
-1605
1304
-1142
492
86
445
39
653
1012
-1179
965
-1226
918
-763
106
465
59
418
-1263
-139
220
-186
428
787
-894
-25
334
-72
287
-119
240
-166
193
-213
146
250
-666
1733
307
-99
260
-1421
-297
62
-344
15
119
-797
1347
-844
1300
-891
1508
82
-324
35
-371
498
-1183
1726
-1230
1679
-1277
1632
-2599
1075
-1116
1283
367
-1314
1595
-1361
1548
-1408
1501
-1455
1454
-1502
1407
-1039
595
189
803
1162
-1029
1115
-1076
-207
-1633
1276
-1680
1229
-1217
417
11
370
-36
578
937
-1254
890
-1301
843
-838
31
390
-16
343
-63
296
-1385
-261
353
712
-969
-100
259
-147
18
-385
-23
84
-829
1318
-870
1277
-911
1236
-952
1195
-993
1409
-14
-417
-55
-458
414
-1264
1648
-1305
1607
-1346
1566
-1387
1525
-1428
1484
-1469
1443
-1510
1402
-1041
596
193
810
1172
-1016
1131
-1057
1090
-1098
-226
-1649
1263
-1690
1222
-1221
416
13
375
-28
334
-69
293
-110
252
-151
466
828
-1360
787
-891
-19
343
-60
302
-101
261
-142
220
-183
179
-224
138
-265
97
204
-709
1438
-750
1652
229
-174
188
-215
147
-256
106
-297
65
-338
534
-2419
1258
-930
1217
-971
1176
-1012
1135
-1053
1094
-1094
1308
-115
-518
354
-1324
1588
-1365
1547
-1406
1506
-1447
1465
-1488
1424
-1529
1383
-1570
1342
-1101
536
133
495
92
709
1071
-1117
1030
-1158
989
-1199
948
-1240
907
-771
101
463
60
422
19
381
-1297
-170
192
-211
151
-252
365
727
-951
-79
283
-120
242
-161
201
-202
160
-243
119
-284
78
-325
37
144
-769
1378
-810
1337
-851
1551
128
-275
87
-316
46
-357
5
-398
474
-1204
1708
-1245
1667
-1286
1626
-1327
1585
-1368
1544
-1409
1503
-2725
1207
294
-1384
1528
-1425
1487
-1466
1446
-1507
1405
-1548
1364
-1589
1323
-1630
1282
-1161
476
73
435
32
394
-9
353
-50
567
929
-1259
888
-1300
847
-831
41
403
0
362
-41
321
-82
280
-123
239
-164
198
-205
157
264
-649
1753
330
-1348
-221
141
-262
100
-303
59
-344
18
-385
-23
84
-829
1318
-870
1277
-911
1236
-952
1195
-993
1409
-14
-417
-55
-458
414
-1264
1648
-1305
1607
-1346
1566
-1387
1525
-1428
1484
-1469
1443
-1510
1402
-1041
596
193
810
1172
-1016
1131
-1057
1090
-1098
-226
-1649
1263
-1690
1222
-1221
416
13
375
-28
334
-69
293
-110
252
-151
466
828
-1360
787
-891
-19
343
-60
302
-101
261
-142
220
-183
179
-224
138
-265
97
204
-709
1438
-750
1652
229
-174
188
-215
147
-256
106
-297
65
-338
534
-2419
1258
-930
1217
-971
1176
-1012
1135
-1053
1094
-1094
1308
-115
-518
354
-1324
1588
-1365
1547
-1406
1506
-1447
1465
-1488
1424
-1529
1383
-1570
1342
-1101
536
133
495
92
709
1071
-1117
1030
-1158
989
-1199
948
-1240
907
-771
101
463
60
422
19
381
-1297
-170
192
-211
151
-252
365
727
-951
-79
283
-120
242
-161
-215
150
-250
115
-285
80
-320
45
-355
10
-390
-25
-425
450
-1225
1690
-1260
1655
-1295
1620
-1330
1585
-1365
1550
-1400
1515
-1435
1480
-1470
1445
-1505
1410
-1540
1375
-1575
1340
-1100
540
140
505
105
470
70
690
1055
-1130
1020
-1165
985
-1200
950
-1235
915
-1270
880
-1305
845
-1340
810
-865
10
375
-25
340
-60
305
-95
270
-130
235
-165
200
-200
165
-235
130
-270
95
-305
60
-340
25
135
-775
1375
-810
1340
-845
1305
-880
1270
-915
1235
-950
1455
35
-365
0
-400
-35
-435
-70
-470
-105
-505
370
-1305
1610
-1340
1575
-1375
1540
-1410
1505
-1445
1470
-1480
1435
-1515
1400
-1550
1365
-1585
1330
-1620
1295
-1655
1260
-1180
460
60
425
25
390
-10
355
-45
320
-80
285
-115
250
-150
215
-185
435
800
-1385
765
-1420
730
-945
-70
295
-105
260
-140
225
-175
190
-210
155
-245
120
-280
85
-315
50
-350
15
-385
-20
-420
-55
55
-855
1295
-890
1260
-925
1225
-960
1190
-995
1155
-1030
1120
-1065
1085
-1100
1050
-1135
1015
-1170
980
-1205
1200
290
-1385
1530
-1420
1495
-1455
1460
-1490
1425
-1525
1390
-1560
1355
-1595
1320
-1630
2560
-1155
995
-1190
960
-1225
925
-1260
890
-785
90
455
55
420
20
385
-15
350
-50
315
-85
280
-120
245
-155
210
-190
175
-225
140
-260
105
215
-695
1710
290
-110
255
-145
220
-180
185
-215
150
-250
115
-285
80
-320
45
-355
10
-390
-25
-425
450
-1225
1690
-1260
1655
-1295
1620
-1330
1585
-1365
1550
-1400
1515
-1435
1480
-1470
1445
-1505
1410
-1540
1375
-1575
1340
-1100
540
140
505
105
470
70
690
1055
-1130
1020
-1165
985
-1200
950
-1235
915
-1270
880
-1305
845
-1340
810
-865
10
375
-25
340
-60
305
-95
270
-130
235
-165
200
-200
165
-235
130
-270
95
-305
60
-340
25
135
-775
1375
-810
1340
-845
1305
-880
1270
-915
1235
-950
1455
35
-365
0
-400
-35
-435
-70
-470
-105
-505
370
-1305
1610
-1340
1575
-1375
1540
-1410
1505
-1445
1470
-1480
1435
-1515
1400
-1550
1365
-1585
1330
-1620
1295
-1655
1260
-1180
460
60
425
25
390
-10
355
-45
320
-80
285
-115
250
-150
215
-185
435
800
-1385
765
-1420
730
-945
-70
295
-105
260
-140
225
-175
1337
-845
1308
-874
1279
-903
1250
-932
1221
-961
1192
-990
1163
-1019
1134
-1048
1105
-1077
1076
169
1557
-1390
1528
-1419
1499
-1448
1470
-1477
1441
-1506
1412
-1535
1383
-1564
1354
-1593
1325
-1622
1296
-1651
1267
-1680
1238
-1199
444
47
415
18
386
-11
357
-40
328
-69
299
-98
1545
383
-14
354
-43
325
-72
296
-101
267
-130
238
-159
209
-188
180
-217
151
-246
122
-275
93
-304
64
-333
35
-362
6
-391
-23
-420
-52
-449
-81
-478
1165
3
-394
484
-1188
1730
-1217
1701
-1246
1672
-1275
1643
-1304
1614
-1333
1585
-1362
1556
-1391
1527
-1420
1498
-1449
1469
-1478
1440
-1507
1411
-1536
1382
-1565
1353
-1594
1324
-1623
1295
-1652
2541
-1171
982
-1200
953
-1229
924
-1258
895
-1287
866
-1316
837
-1345
808
-1374
779
-893
-15
353
-44
324
-73
295
-102
266
-131
237
-160
208
-189
179
-218
150
-247
121
-276
1367
205
-192
176
-221
147
-250
118
-279
89
-308
60
-337
31
-366
2
-395
-27
-424
-56
-453
-85
-482
-114
-511
-143
-540
-172
-569
-201
-598
280
-1392
1526
-1421
1497
-1450
2743
-969
1184
-998
1155
-1027
1126
-1056
1097
-1085
1068
-1369
19
387
-10
358
-39
329
-68
300
-97
271
-126
242
-155
213
-184
184
-213
155
-242
126
-271
97
-300
1343
181
-216
152
-245
123
-274
94
-303
65
178
-729
1424
-758
1395
-787
1366
-816
1337
-845
1308
-874
1279
-903
1250
-932
1221
-961
1192
-990
1163
-1019
1134
-1048
1105
-1077
1076
169
1557
-1390
1528
-1419
1499
-1448
1470
-1477
1441
-1506
1412
-1535
1383
-1564
1354
-1593
1325
-1622
1296
-1651
1267
-1680
1238
-1199
444
47
415
18
386
-11
357
-40
328
-69
299
-98
1545
383
-14
354
-43
325
-72
296
-101
267
-130
238
-159
209
-188
180
-217
151
-246
122
-275
93
-304
64
-333
35
-362
6
-391
-23
-420
-52
-449
-81
-478
1165
3
-394
484
-1188
1730
-1217
1701
-1246
1672
-1275
1643
-1304
1614
-1333
1585
-1362
1556
-1391
1527
-1420
1498
-1449
1469
-1478
1440
-1507
1411
-1536
1382
-1565
1353
-1594
1324
-1623
1295
-1652
2541
-1171
982
-1200
953
-1229
924
-1258
895
-1287
866
-1316
837
-1345
808
-1374
779
-893
-15
353
-44
324
-73
295
-102
266
-131
237
-160
208
-189
-426
-55
-449
-78
-472
1174
15
-379
-8
-402
-31
-425
-54
-448
-77
-471
-100
-494
-123
-772
-1166
990
-1189
967
63
1454
-1490
1431
-1513
1408
-1536
1385
-1559
1362
-1582
1339
-1605
1316
-1628
1293
-1651
1270
-1674
2522
-1187
969
-1210
946
-1233
923
-1256
900
-1279
877
-1302
854
-1580
-189
182
-212
159
-235
1411
252
-142
229
-165
206
-188
183
-211
160
-234
137
-257
114
-280
91
-303
68
-326
45
-349
1297
138
-256
115
-279
92
-302
69
-580
-974
1182
-997
1159
-1020
1136
-1043
1113
-1066
1090
186
1577
-1367
1554
-1390
1531
-1413
1508
-1436
1485
-1459
1462
-1482
1439
-1505
1416
-1528
1393
-1551
2645
-1064
1092
-1087
1069
-1110
1046
-1388
3
374
-20
351
-43
328
-66
305
-89
282
-112
259
-135
1511
352
-42
329
-65
306
-88
283
-111
260
-134
237
-157
214
-180
191
-203
168
-226
1420
261
-133
238
-411
-805
1351
-828
1328
-851
1305
-874
1282
-897
1259
-920
1236
-943
1213
309
1700
-1244
1677
-1267
1654
-1290
1631
-1313
1608
-1336
1585
-1359
1562
-1382
1539
-1405
1516
-1428
1493
-1451
2745
-1219
172
543
149
520
126
497
103
474
80
451
-453
1193
-1751
1170
-1774
1147
-1797
2399
-1310
846
-1333
823
-1356
800
-1379
777
-1402
754
-1425
731
-1448
708
-1471
685
-1749
-358
1288
129
-265
106
-288
83
-311
60
-334
37
-357
14
-380
-9
-403
-32
-426
-55
-449
-78
-472
1174
15
-379
-8
-402
-31
-425
-54
-448
-77
-471
-100
-494
-123
-772
-1166
990
-1189
967
63
1454
-1490
1431
-1513
1408
-1536
1385
-1559
1362
-1582
1339
-1605
1316
-1628
1293
-1651
1270
-1674
2522
-1187
969
-1210
946
-1233
923
-1256
900
-1279
877
-1302
854
-1580
-189
182
-212
159
-235
1411
252
-142
229
-165
206
-188
183
-211
160
-234
137
-257
114
-280
91
-303
68
-326
45
-349
1297
138
-256
115
-279
92
-302
69
-580
-974
1182
-997
1159
-1020
1136
-1043
1113
-1066
1090
186
1577
-1367
1554
-1390
1531
-1413
1508
-1436
1485
-1459
1462
-1482
1439
-1505
1416
-1528
1393
-1551
2645
-1064
1092
-1087
1069
-1110
1046
-1388
3
374
-20
351
-43
328
-66
305
-89
282
-112
259
-135
1511
352
-42
329
-65
306
-88
283
-111
260
-134
237
-157
214
-180
191
-203
106
-285
89
-302
72
-574
-965
1194
-982
1177
-999
1160
259
1653
-1288
1636
-1305
1619
-1322
1092
-574
-200
-591
-217
-863
21
1415
-1526
1398
-1543
1381
-1560
1364
-1577
1347
-1594
1330
-1611
2588
-1118
1041
-1135
1024
-1407
-13
361
-30
344
-47
327
-64
310
-81
1568
412
21
-115
769
-1407
752
-1424
735
-1696
-302
72
-319
1330
174
-217
157
-234
140
-251
123
-268
106
-285
89
-302
1347
191
-200
174
-472
-863
1296
-880
1279
-897
1262
-914
735
1109
-47
-438
-64
-455
-81
-472
-98
-489
-115
-761
-1152
1007
106
1500
-1441
1483
-1458
1466
-1475
1449
-1492
1432
-1509
1415
-1526
1398
-1543
2656
-1305
89
463
72
446
55
429
-472
1177
-1764
1160
-1781
2418
-1288
871
-1305
854
-1322
837
-1339
820
-1611
-217
157
-234
1415
259
-132
242
-149
225
-166
208
-183
191
-200
174
-217
1432
276
-370
-761
1398
-778
871
-30
-421
-47
-438
-64
-455
-81
-472
1177
21
-370
4
-387
-13
-659
-1050
1109
-1067
1092
-1084
1075
174
1568
-1373
1551
-1390
1534
-1407
1517
-1424
1500
-1441
1483
-1458
2741
-1220
-336
1313
-1628
1296
-1645
1279
-1662
1262
-1679
1245
-1696
2503
-1203
956
-1220
939
-1237
922
-1509
-115
259
-132
242
-149
1500
344
-47
327
-64
310
-81
293
-98
276
-115
-251
633
-1798
-404
1245
89
-302
72
-319
55
-336
38
-353
21
-370
4
-387
1262
106
-285
89
-302
72
-574
-965
1194
-982
1177
-999
1160
259
1653
-1288
1636
-1305
1619
-1322
1092
-574
-200
-591
-217
-863
21
1415
-1526
1398
-1543
1381
-1560
1364
-1577
1347
-1594
1330
-1611
2588
-1118
1041
-1135
1024
-1407
-13
361
-30
344
-47
327
-64
310
-81
1568
412
21
-115
769
-1407
752
-1424
735
-1696
-302
72
-319
1330
174
-217
157
-234
140
-251
123
-268
106
-285
89
-302
1347
191
-200
174
-472
-863
1296
-880
1279
-897
1262
-914
735
1109
-47
-438
-64
-455
-81
-472
-98
-489
-115
-761
-1152
1007
106
1500
-1441
1483
-1458
1466
-1475
1449
-1492
1432
-1509
1415
-1526
1398
-1543
2656
-1305
89
463
72
446
55
429
-472
1177
-1764
1160
-1781
2418
-1288
871
-1305
854
-1322
837
-1339
820
-1611
-217
157
-234
1415
259
-132
242
-149
225
-166
208
-183
191
-200
174
-217
-892
1270
-903
1259
-914
738
1115
-38
-426
-49
-437
-60
-703
-1091
1071
-1102
1060
162
1559
-1379
1548
-1390
1537
-1401
1016
-902
-15
1382
-1556
1371
-1567
1360
-1578
1349
-1589
1338
-1600
2602
-1356
41
418
30
407
-491
1161
-1777
2425
-1278
884
-1289
873
-1300
862
-1566
-169
208
-180
1472
319
-69
308
-80
-213
674
-1499
663
-1765
-368
1284
131
-257
120
-268
109
-279
98
-290
1362
209
-434
-822
1340
-833
819
-79
-467
-90
-478
1174
21
-367
10
-633
-1021
1141
-1032
1130
232
1629
-1309
1618
-1320
1097
-566
-189
-832
-1220
942
44
1441
-1497
1430
-1508
1419
-1519
1408
-1530
1397
-1541
2661
-1297
-410
1242
-1696
1231
-1707
1220
-1718
2484
-1219
943
-1230
932
-1496
-99
278
-110
267
-121
1531
378
-10
-143
744
-1429
733
-1695
-298
1354
201
-187
190
-198
179
-209
168
-220
157
-231
1166
-752
900
2
-386
-9
-397
-20
-408
-31
-419
1233
80
-308
69
-574
-962
1200
-973
1189
291
1178
-485
-108
-496
-119
-507
-130
-773
-1161
1001
103
1500
-1438
1489
-1449
1478
-1460
1467
-1471
2731
-1227
-340
1312
-1626
1301
-1637
1290
-1648
1279
-1659
2543
-1160
1002
-1426
-29
348
-40
337
-51
326
-572
2355
-1348
814
-1359
803
-1625
-228
149
-239
1413
260
-128
249
-139
238
-150
227
-161
-294
593
-560
72
-316
61
-327
50
-338
39
-349
1303
150
-238
139
-504
-892
1270
-903
1259
-914
738
1115
-38
-426
-49
-437
-60
-703
-1091
1071
-1102
1060
162
1559
-1379
1548
-1390
1537
-1401
1016
-902
-15
1382
-1556
1371
-1567
1360
-1578
1349
-1589
1338
-1600
2602
-1356
41
418
30
407
-491
1161
-1777
2425
-1278
884
-1289
873
-1300
862
-1566
-169
208
-180
1472
319
-69
308
-80
-213
674
-1499
663
-1765
-368
1284
131
-257
120
-268
109
-279
98
-290
1362
209
-434
-822
1340
-833
819
-79
-467
-90
-478
1174
21
-367
10
-633
-1021
1141
-1032
1130
232
1629
-1309
1618
-1320
1097
-566
-189
-832
-1220
942
44
1441
-1497
1430
-1508
1419
-1519
1408
-1530
1397
-1541
2661
-1297
-410
1242
-1696
1231
-1707
1220
-1718
2484
-1219
943
-1230
932
-1496
-99
278
-110
267
-121
1531
378
-10
-143
744
-1429
733
-1695
-298
1354
201
-187
190
-198
179
-209
168
-220
157
-231
-105
-490
1165
15
-370
10
-630
-1015
1150
-1020
1145
250
1140
-520
-140
-525
-145
-785
105
1505
-1430
1500
-1435
1495
-1440
980
-935
-45
1355
-1580
1350
-1585
1345
-1590
1340
-1595
2610
-1345
-455
1200
-1735
1195
-1740
2465
-1235
930
-1495
-95
285
-100
280
-105
1550
-110
780
-1390
775
-1650
-250
1405
255
-130
250
-135
245
-140
-270
620
-530
105
-280
100
-285
95
-290
90
-295
1105
-810
845
-50
-435
-55
-440
1215
65
-320
60
-580
-965
1200
-970
685
1065
-85
-470
-90
-730
-1115
1050
155
1555
-1380
1550
-1385
1035
-625
-245
-885
5
1405
-1530
1400
-1535
1395
-1540
1390
-1545
2660
-1295
-405
1250
-1685
1245
-1690
2515
-1185
980
-1445
-45
335
-50
330
-565
2365
-1335
830
-1340
825
-1600
-200
180
-205
1450
300
-85
-215
675
-1750
-350
1305
155
-230
150
-235
145
-240
140
-245
645
5
-380
0
-385
-5
-390
1265
115
-270
110
-530
-915
1250
-920
735
1115
-35
-420
-40
-680
-1065
1100
-1070
1095
200
1600
-1335
1085
-575
-195
-835
55
1455
-1480
1450
-1485
1445
-1490
1440
-1750
1180
1305
-1630
1300
-1635
1295
-1640
2565
-1135
1030
-1395
5
385
-510
1145
-1790
2415
-1285
880
-1290
875
-1550
-150
230
-155
1500
-160
730
-1440
725
-1700
-300
1355
205
-180
200
-185
195
-190
190
-195
695
55
-330
50
-335
45
-340
1315
165
-475
-860
1305
-865
790
-105
-490
1165
15
-370
10
-630
-1015
1150
-1020
1145
250
1140
-520
-140
-525
-145
-785
105
1505
-1430
1500
-1435
1495
-1440
980
-935
-45
1355
-1580
1350
-1585
1345
-1590
1340
-1595
2610
-1345
-455
1200
-1735
1195
-1740
2465
-1235
930
-1495
-95
285
-100
280
-105
1550
-110
780
-1390
775
-1650
-250
1405
255
-130
250
-135
245
-140
-270
620
-530
105
-280
100
-285
95
-290
90
-295
1105
-810
845
-50
-435
-55
-440
1215
65
-320
60
-580
-965
1200
-970
685
1065
-85
-470
-90
-730
-1115
1050
155
1555
-1380
1550
-1385
1035
-625
-245
-885
5
1405
-1530
1400
-1535
1395
-1540
1390
-1545
2660
-1295
-405
1250
-1685
1245
-1690
2515
-1185
980
-1445
-45
335
-50
330
-565
2365
-1335
830
-1340
825
-1600
-200
180
-205
1450
300
-85
-215
675
-1750
-350
1305
155
-230
150
-235
145
-240
140
-245
1192
45
-592
-974
1194
-973
685
1068
-79
-461
-78
-715
-1097
1071
179
1582
-1350
1073
-839
-1221
947
55
1458
-1474
1459
-1473
950
-962
-69
1334
-1598
1335
-1597
1336
-1596
2612
-1340
-447
1211
-1721
1212
-1720
2488
-1464
-61
322
-570
2363
-1334
834
-1333
835
-1587
-184
1474
327
-55
-182
711
-1711
-308
1350
203
-179
204
-178
205
-177
716
79
-303
80
-302
81
-301
1357
210
-937
-44
-426
-43
-425
1233
86
-551
-933
1235
-932
726
1109
-38
-420
-37
-674
-1056
1112
220
1113
-544
-161
-798
-1180
988
96
1499
-1433
1500
-1432
991
-921
-28
1375
-1557
1376
-1556
1377
-1555
2653
-1299
-406
1252
-1680
1253
-1679
2529
-1423
-20
363
-529
1129
-1803
2405
-1292
876
-1546
-143
240
-142
1516
-141
752
-1415
753
-1669
-266
1392
245
-137
-264
629
-1793
-390
1268
121
-261
122
-260
123
-259
634
-3
-385
-2
-384
-1
-383
1020
-892
1276
-891
767
1150
3
-379
4
-633
-1015
1153
261
1154
-503
-120
-502
-119
-756
137
1540
-1392
1541
-1391
1032
-880
13
1416
-1516
1417
-1515
1418
-1514
2184
-493
-1640
1293
-1639
1294
-1638
2570
-1382
21
404
-488
1170
-1762
2446
-1251
917
-1505
-102
281
-101
1557
-100
793
-1374
794
-1628
-225
1433
286
-96
-223
670
-1752
-349
1309
162
-220
163
-219
164
-218
675
38
-344
39
-343
40
-342
1061
-851
807
-85
-467
-84
-466
1192
45
-592
-974
1194
-973
685
1068
-79
-461
-78
-715
-1097
1071
179
1582
-1350
1073
-839
-1221
947
55
1458
-1474
1459
-1473
950
-962
-69
1334
-1598
1335
-1597
1336
-1596
2612
-1340
-447
1211
-1721
1212
-1720
2488
-1464
-61
322
-570
2363
-1334
834
-1333
835
-1587
-184
1474
327
-55
-182
711
-1711
-308
1350
203
-179
204
-178
205
-177
716
79
-303
80
-302
81
-301
1357
210
-937
-44
-426
-43
-425
1233
86
-551
-933
1235
-932
726
1109
-38
-420
-37
-674
-1056
1112
220
1113
-544
-161
-798
-1180
988
96
1499
-1433
1500
-1432
991
-921
-28
1375
-1557
1376
-1556
1377
-1555
2653
-1299
-406
1252
-1680
1253
-1679
2529
-1423
-20
363
-529
1129
-1803
2405
-1292
876
-1546
-143
240
-142
1516
-141
752
-1415
753
-1669
-266
1392
245
-137
-264
629
-1793
-390
1268
121
-261
122
-260
123
-259
-571
-950
711
1097
-47
-426
-40
-674
-1053
1118
229
1125
-529
-143
-777
119
1525
-1404
1022
-632
-246
-880
16
1422
-1507
1429
-1500
2201
-473
-1617
1319
-1610
1326
-1603
2608
-1341
-445
1216
-1713
2498
-1196
975
-1444
-548
1113
-1816
2395
-1554
-148
238
-141
1520
-134
762
-1657
-251
135
-244
1417
-237
659
-1760
-354
1307
163
-216
170
-209
-588
-457
1204
60
-319
67
-312
1094
-815
846
-43
-422
1239
95
-539
-918
743
-146
-525
1136
-8
-642
-1021
1150
261
1157
-497
-111
-745
-1124
1047
158
1054
-600
-214
-848
48
1454
-1475
1461
-1468
958
-951
-55
1351
-1578
1358
-1571
2640
-1309
-413
1248
-1681
1255
-1674
2537
-1412
-516
1145
-1784
2427
-1267
904
-1515
-109
277
-612
2324
-1370
801
-1618
-212
1449
305
-74
-198
698
-1721
-315
1346
202
-177
-301
595
-549
92
-287
99
-280
1381
237
-907
-11
-390
-4
-383
1278
134
-1010
-114
-493
1168
24
-610
-989
1182
-982
679
1065
-79
-713
-1092
1079
190
1596
-1333
1093
-816
-1195
976
87
1493
-1436
990
-919
-23
1383
-1546
1390
-1539
1397
-1787
1149
1280
-1649
1287
-1642
2569
-1380
-484
1177
-1752
1184
-1745
2466
-1483
-77
309
-580
2356
-1338
833
-1586
-180
206
-173
1488
-166
730
-1689
-283
1378
234
-145
-269
627
-1792
-386
1275
131
-248
138
-241
655
21
-358
28
-351
1310
166
-978
-82
-461
-75
-454
1207
63
-571
-950
711
1097
-47
-426
-40
-674
-1053
1118
229
1125
-529
-143
-777
119
1525
-1404
1022
-632
-246
-880
16
1422
-1507
1429
-1500
2201
-473
-1617
1319
-1610
1326
-1603
2608
-1341
-445
1216
-1713
2498
-1196
975
-1444
-548
1113
-1816
2395
-1554
-148
238
-141
1520
-134
762
-1657
-251
135
-244
1417
-237
659
-1760
-354
1307
163
-216
170
-209
-588
-457
1204
60
-319
67
-312
1094
-815
846
-43
-422
1239
95
-539
-918
743
-146
-525
1136
-8
-642
-1021
1150
261
1157
-497
-111
-745
-1124
1047
158
1054
-600
-214
-848
48
1454
-1475
1461
-1468
958
-951
-55
1351
-1578
1358
-1571
2640
-1309
-413
1248
-1681
1255
-1674
2537
-1412
-516
1145
-1784
2427
-1267
904
-1515
-109
277
-612
2324
-1370
801
-1618
-212
1449
305
-74
-198
698
-1721
-315
1346
202
-177
-301
595
-549
92
-287
99
-280
1381
237
726
1115
-26
-657
-1033
1141
255
1154
-497
-108
-739
-1115
1059
173
1072
-834
-1210
964
78
1487
-1439
990
-916
-17
1392
-1534
1405
-1776
1163
1297
-1629
1310
-1616
2598
-1348
-449
1215
-1711
2503
-1443
-34
355
-531
2408
-1283
891
-1525
-626
2313
-1378
796
-1620
-211
1453
-198
701
-1460
714
-427
217
-159
-280
619
-1797
-388
1276
135
-241
-362
537
-604
40
-336
53
-323
576
-55
-431
-42
-418
991
-915
749
-137
-513
1151
10
-621
-997
667
1056
-85
-716
-1092
1082
196
1095
-556
-167
-798
101
1510
-1416
1013
-893
6
1415
-1511
1428
-1498
2206
-465
-1606
1333
-1593
1346
-1835
1104
1238
-1688
1251
-1675
2539
-1407
-508
1156
-1770
2444
-1502
-93
296
-590
2349
-1342
832
-1584
-175
1489
-162
737
-1679
-270
1394
253
-123
-244
655
-486
158
-218
171
-205
694
63
-313
76
-300
1109
-797
867
-19
-395
-6
-382
1027
-879
785
-101
-477
932
-974
690
-196
-572
1092
-49
-680
-1056
608
997
-144
-775
-1151
1023
137
1036
-615
-226
-857
42
1451
-1475
954
-952
-53
1356
-1570
1369
-1557
2147
-524
-1665
1274
-1652
2562
-1384
-485
1179
-1747
2467
-1224
950
-1466
-567
1097
-1829
2385
-1561
-152
237
-649
2290
-1401
773
-1643
-234
1430
-221
678
-1738
-329
1335
194
-182
-303
596
-545
99
-277
112
-264
635
4
-372
17
-359
1050
-856
808
-78
-454
1210
69
-562
-938
726
1115
-26
-657
-1033
1141
255
1154
-497
-108
-739
-1115
1059
173
1072
-834
-1210
964
78
1487
-1439
990
-916
-17
1392
-1534
1405
-1776
1163
1297
-1629
1310
-1616
2598
-1348
-449
1215
-1711
2503
-1443
-34
355
-531
2408
-1283
891
-1525
-626
2313
-1378
796
-1620
-211
1453
-198
701
-1460
714
-427
217
-159
-280
619
-1797
-388
1276
135
-241
-362
537
-604
40
-336
53
-323
576
-55
-431
-42
-418
991
-915
749
-137
-513
1151
10
-621
-997
667
1056
-85
-716
-1092
1082
196
1095
-556
-167
-798
101
1510
-1416
1013
-893
6
1415
-1511
1428
-1498
2206
-465
-1606
1333
-1593
1346
-1835
1104
1238
-1688
1251
-1675
2539
-1407
-508
1156
-1770
2444
-1502
-93
296
-590
2349
-1342
832
-1584
-175
1489
-162
737
-1679
-270
1394
253
-123
-244
655
-486
158
-218
171
-205
694
63
-313
76
-300
1109
-797
-527
885
-1018
649
1041
-97
-725
-1098
1079
196
1098
-550
-158
-786
116
1018
-630
-238
-866
36
1448
-1475
957
-946
-44
1368
-1555
2152
-516
-1654
1288
-1635
2582
-1361
-459
1208
-1715
2502
-1441
-539
1128
-1795
2422
-1521
-109
283
-600
2342
-1601
-189
203
-680
2262
-1681
-269
1398
260
-113
-486
-349
1318
180
-193
-311
591
-547
100
-273
119
-254
648
20
-353
39
-334
568
-60
-433
1234
96
-1042
-140
-513
1154
16
-612
-985
682
1074
-64
-692
-1065
602
994
-144
-772
-1145
1032
149
1051
-852
-1225
952
69
971
-932
-30
1382
-1541
1401
-1777
1165
1302
-1621
1321
-1602
2105
-563
-1701
1241
-1682
2535
-1408
-506
1161
-1762
2455
-1488
-586
2356
-1332
845
-1568
-156
1511
-137
765
-1648
-236
1431
-217
685
-1728
-316
1351
213
-160
-533
-396
1271
133
-240
-613
-476
1191
53
-320
582
-46
-419
-27
-400
1267
129
-1009
-107
-480
1187
49
-1089
-187
-560
1107
-31
-659
-1032
635
1027
-111
-739
163
1065
-583
-191
-819
83
1495
-1428
1004
-899
3
1415
-1508
924
-979
-77
1335
-1588
1354
-1824
1118
1255
-1668
1274
-1904
1038
1175
-1748
2469
-1474
-62
330
-553
2389
-1299
878
-1535
-633
2309
-1379
798
-1615
-203
1464
-184
718
-1695
-283
1384
-264
638
-500
147
-226
166
-207
695
67
-306
86
-287
615
-13
-386
6
-367
535
-93
-466
-74
-447
965
-938
729
-154
-527
885
-1018
649
1041
-97
-725
-1098
1079
196
1098
-550
-158
-786
116
1018
-630
-238
-866
36
1448
-1475
957
-946
-44
1368
-1555
2152
-516
-1654
1288
-1635
2582
-1361
-459
1208
-1715
2502
-1441
-539
1128
-1795
2422
-1521
-109
283
-600
2342
-1601
-189
203
-680
2262
-1681
-269
1398
260
-113
-486
-349
1318
180
-193
-311
591
-547
100
-273
119
-254
648
20
-353
39
-334
568
-60
-433
1234
96
-1042
-140
-513
1154
16
-612
-985
682
1074
-64
-692
-1065
602
994
-144
-772
-1145
1032
149
1051
-852
-1225
952
69
971
-932
-30
1382
-1541
1401
-1777
1165
1302
-1621
1321
-1602
2105
-563
-1701
1241
-1682
2535
-1408
-506
1161
-1762
2455
-1488
-586
2356
-1332
845
-1568
-156
1511
-137
765
-1648
-236
1431
-217
685
-1728
-316
1351
213
-160
-533
-396
1271
133
-240
-613
-476
1191
53
-320
582
-46
5
-1130
1050
-85
-710
-1080
590
985
-150
-775
-1145
1035
155
1060
-840
65
1480
-1440
995
-905
0
1415
-1505
2205
-460
-1595
1350
-1825
1120
1260
-1660
1285
-1890
1055
1195
-1725
2495
-1445
-540
1130
-1790
2430
-1510
-605
2340
-1345
835
-1575
-670
2275
-1410
770
-1640
-735
2210
-1730
-315
1355
-290
615
-1795
-380
1290
155
-215
690
65
-305
90
-280
625
0
-370
1300
165
-970
-65
-435
980
-920
750
-130
-500
915
-985
685
1080
-55
-680
-1050
620
1015
-120
-745
160
1065
-580
-185
-810
95
1000
-645
-250
-875
30
935
-965
-60
1355
-1565
870
-1030
-125
1290
-1630
2590
-1350
-445
1225
-1695
2525
-1415
-510
1160
-1760
2460
-1480
-575
2370
-1570
-155
240
-640
2305
-1635
-220
1450
-195
710
-1700
-285
1385
-260
645
-1765
-350
1320
-325
580
-555
95
-275
-390
515
-620
30
-340
565
-60
-430
-35
-405
1010
-890
780
1175
40
-585
-955
715
1110
-25
-650
-1020
650
1045
-90
-715
190
1095
-805
-1175
1005
125
1030
-870
35
1450
-1470
965
-935
-30
1385
-1535
900
-1000
-95
1320
-1600
2110
-555
-1690
1255
-1665
2045
-620
-1755
2465
-1475
-570
1100
-1820
2400
-1540
-125
270
-610
2335
-1605
-190
1480
-165
740
-1670
-255
1415
-230
675
-460
190
-180
-550
-410
1260
125
-245
-615
-475
1195
60
-310
595
-30
-400
-5
-375
530
-95
-465
1205
70
-1065
-160
-530
1140
5
-1130
1050
-85
-710
-1080
590
985
-150
-775
-1145
1035
155
1060
-840
65
1480
-1440
995
-905
0
1415
-1505
2205
-460
-1595
1350
-1825
1120
1260
-1660
1285
-1890
1055
1195
-1725
2495
-1445
-540
1130
-1790
2430
-1510
-605
2340
-1345
835
-1575
-670
2275
-1410
770
-1640
-735
2210
-1730
-315
1355
-290
615
-1795
-380
1290
155
-215
690
65
-305
90
-280
625
0
-370
1300
165
-970
-65
-435
980
-920
750
-130
-500
915
-985
685
1080
-55
-680
-1050
620
1015
-120
-745
160
1065
-580
-185
-810
95
1000
-645
-250
-875
30
935
-965
-60
1355
-1565
870
-1030
-125
1290
-1630
2590
-1350
-445
1225
-1695
2525
-1415
-510
1160
-1760
2460
-1480
-575
2370
-1570
-155
240
-640
2305
-1635
-220
1450
-195
710
-1700
-285
1385
-260
645
-1765
-350
1320
-325
580
-555
95
-275
-390
515
-620
30
-340
565
-60
-993
680
823
-1074
599
997
-135
-757
-1124
549
947
-185
-807
101
1009
-888
20
1438
-1479
959
-938
-30
1388
-1784
1164
1307
-1610
828
-1069
-161
1257
-1660
2053
-609
-1741
2482
-1455
-547
1126
-1791
2432
-1505
-597
2351
-1586
-168
230
-647
2301
-1636
-218
1455
-187
721
-411
-268
640
-1767
-349
1324
-318
590
-542
111
-256
-623
-480
1193
61
-306
602
-20
-387
1031
-866
807
-70
-437
471
-151
-518
1155
23
-1109
-201
-568
850
-1047
626
1024
-108
-730
178
1086
-811
-1178
1005
128
1036
-861
47
1465
-1452
986
-911
-3
905
-992
-84
1334
-1583
2130
-532
-1664
1284
-1888
1060
1203
-1714
2509
-1428
-520
1153
-1764
2459
-1478
-570
2378
-1559
-651
2297
-1385
798
-1609
-701
2247
-1690
-272
1401
-241
667
-1740
-322
1351
-291
617
-515
138
-229
679
57
-310
88
-279
629
7
-360
548
-74
-441
-43
-410
498
-124
-491
927
-970
703
1101
-31
-653
-1020
653
1051
-81
-703
205
1113
-784
-1151
522
920
-212
-834
74
982
-915
-7
1411
-1506
932
-965
-57
1361
-1556
2157
-505
-1637
1311
-1861
1087
1230
-1687
2536
-1401
-493
2455
-1482
-574
1099
-1818
2405
-1532
-624
2324
-1358
825
-1582
-674
2274
-1663
-245
1428
-214
694
-1713
-295
1378
-519
-376
1297
-345
563
-569
84
-283
-395
513
-619
34
-333
575
-47
-414
-16
-383
525
-97
-464
954
-943
730
1128
-4
-626
-993
680
823
-1074
599
997
-135
-757
-1124
549
947
-185
-807
101
1009
-888
20
1438
-1479
959
-938
-30
1388
-1784
1164
1307
-1610
828
-1069
-161
1257
-1660
2053
-609
-1741
2482
-1455
-547
1126
-1791
2432
-1505
-597
2351
-1586
-168
230
-647
2301
-1636
-218
1455
-187
721
-411
-268
640
-1767
-349
1324
-318
590
-542
111
-256
-623
-480
1193
61
-306
602
-20
-387
1031
-866
807
-70
-437
471
-151
-518
1155
23
-1109
-201
-568
850
-1047
626
1024
-108
-730
178
1086
-811
-1178
1005
128
1036
-861
47
1465
-1452
986
-911
-3
905
-992
-84
1334
-1583
2130
-532
-1664
1284
-1888
1060
1203
-1714
2509
-1428
-520
1153
-1764
2459
-1478
-570
2378
-1559
-651
2297
-1385
798
-1609
-701
2247
-1690
-272
1401
-241
667
-1740
-322
1351
-291
617
-515
138
-229
679
57
-310
88
-279
629
7
-360
548
-74
1069
-60
-1189
997
-132
-751
-1115
561
962
-167
-786
125
1036
-858
53
964
-930
-19
1402
-1512
929
-965
-54
857
-1037
-126
1295
-1619
2097
-562
-1691
2535
-1399
-488
1188
-1981
970
1116
-1798
2428
-1506
-595
2356
-1578
-667
2284
-1395
791
-1613
-702
2249
-1685
-264
1412
-482
-336
1340
-299
612
-517
139
-225
-589
-443
1233
-406
505
-624
32
-332
579
-40
-404
507
-112
-476
-75
-439
472
-147
-511
910
-984
692
1093
-36
-1165
1021
-108
-727
-1091
585
731
-1163
513
914
-215
-834
77
988
-906
5
1426
-1488
953
-941
-30
881
-1013
-102
1319
-1850
1101
1247
-1667
2049
-610
-1739
1212
-1957
994
1140
-1774
2452
-1482
-571
2380
-1554
-643
2308
-1626
-205
1471
-168
743
-1661
-750
2201
-1733
-312
1364
-275
636
-493
163
-201
710
91
-273
-637
-491
1185
56
-308
603
-16
-380
531
-88
-452
1224
95
-1034
-123
-487
424
-195
-559
862
-1032
644
1045
-84
-703
208
1119
-775
-1139
537
938
-191
-810
101
1012
-882
29
940
-954
-43
1378
-1536
905
-989
-78
1343
-1826
1125
1271
-1643
2073
-586
-1715
2511
-1423
-512
1164
-2005
946
1092
-1822
2404
-1530
-619
2332
-1602
-181
1495
-144
767
-1637
-726
2225
-1709
-288
1388
-251
660
-469
-323
588
-541
115
-249
-613
-467
1209
80
-284
627
8
-356
555
-64
-428
1248
119
-1010
-99
-463
448
-171
-535
886
-1008
668
1069
-60
-1189
997
-132
-751
-1115
561
962
-167
-786
125
1036
-858
53
964
-930
-19
1402
-1512
929
-965
-54
857
-1037
-126
1295
-1619
2097
-562
-1691
2535
-1399
-488
1188
-1981
970
1116
-1798
2428
-1506
-595
2356
-1578
-667
2284
-1395
791
-1613
-702
2249
-1685
-264
1412
-482
-336
1340
-299
612
-517
139
-225
-589
-443
1233
-406
505
-624
32
-332
579
-40
-404
507
-112
-476
-75
-439
472
-147
-511
910
-984
692
1093
-36
-1165
1021
-108
-727
-1091
585
731
-1163
513
914
-215
-834
77
988
-906
5
1426
-1488
953
-941
-30
881
-1013
-102
1319
-1850
1101
1247
-1667
2049
-610
-1739
1212
-1957
994
1140
-1774
2452
-1482
-571
2380
-1554
-643
2308
-1626
-205
1471
-168
743
-1661
-750
2201
-1733
-312
1364
-275
636
-493
163
-201
710
91
-273
-637
-491
1185
56
-308
603
-16
-380
531
-88
836
-1055
624
773
-1118
561
965
-161
-777
137
1051
-840
74
988
-903
11
925
-966
-52
1372
-1539
2180
-476
-1602
842
-1049
-135
1289
-1877
1077
1226
-1940
1014
1163
-1748
1971
-685
-1811
2418
-1513
-599
2355
-1576
-662
2292
-1639
-215
1464
-172
742
-384
-235
679
-1722
-808
2146
-1785
-361
1318
-573
-424
1255
-381
533
-593
66
-295
619
3
-358
556
-60
-421
493
-123
-484
1195
69
-1057
1132
6
-1120
-206
-567
857
-1034
645
794
-1097
582
986
-140
-1266
923
-203
-819
95
1009
-882
32
946
-945
-31
1393
-1518
2201
-455
-1581
2138
-518
-1644
800
-1091
-177
1247
-1919
1035
1184
-1727
1992
-664
-1790
2439
-1492
-578
2376
-1555
-641
2313
-1618
-704
2250
-1681
-257
1422
-214
700
-1701
-787
2167
-1764
-340
1339
-552
-403
1276
-615
-466
1213
-423
491
-635
24
-337
577
-39
-400
514
-102
-463
961
-930
749
1153
27
-1099
-185
-546
368
-248
-609
815
-1076
603
752
-1139
540
944
-182
-798
116
1030
-861
53
967
-924
-10
904
-987
-73
1351
-1560
2159
-497
-1623
821
-1070
-156
1268
-1898
1056
1205
-1961
993
1142
-1769
1950
-706
-1832
2397
-1534
-620
2334
-1597
-683
2271
-1660
-236
1443
-193
721
-405
-256
658
-1743
-319
1360
-531
-382
1297
-594
-445
1234
-402
512
-614
45
-316
598
-18
-379
535
-81
-442
982
-909
770
1174
48
-1078
1111
-15
-1141
-227
-588
836
-1055
624
773
-1118
561
965
-161
-777
137
1051
-840
74
988
-903
11
925
-966
-52
1372
-1539
2180
-476
-1602
842
-1049
-135
1289
-1877
1077
1226
-1940
1014
1163
-1748
1971
-685
-1811
2418
-1513
-599
2355
-1576
-662
2292
-1639
-215
1464
-172
742
-384
-235
679
-1722
-808
2146
-1785
-361
1318
-573
-424
1255
-381
533
-593
66
-295
619
3
-358
556
-60
-421
493
-123
-484
1195
69
-1057
1132
6
-1120
-206
-567
857
-1034
645
794
-1097
582
986
-140
-1266
923
-203
-819
95
1009
-882
32
946
-945
-31
1393
-1518
2201
-455
-1581
2138
-518
-1644
800
-1091
-177
1247
-1919
1035
1184
-1727
1992
-664
-1790
2439
-1492
-578
2376
-1555
-641
2313
-1618
-704
2250
-1681
-257
1422
-214
700
-1701
-787
2167
-1764
-340
1339
-552
-403
1276
-615
-466
1213
-423
491
-635
24
-337
577
-39
-400
514
-102
-1182
1010
-113
-1236
956
-167
-780
137
1054
-834
83
1000
-888
29
946
-942
-25
892
-996
-79
1348
-1815
1142
1294
-1614
2108
-545
-1668
2054
-599
-1722
2000
-653
-1776
2456
-1472
-555
2402
-1526
-609
2348
-1580
-663
2294
-1634
-717
2240
-1688
-261
1421
-467
-315
1367
-266
651
-472
-320
597
-526
-374
543
-580
82
-276
641
28
-330
587
-26
-384
533
-80
-438
479
-134
-492
935
-953
729
881
-1007
675
1082
-41
-1164
1028
-95
-1218
974
-149
-762
155
1072
-816
101
1018
-870
47
964
-924
-7
910
-978
-61
1366
-1797
1160
1312
-1851
1106
1258
-1650
2072
-581
-1704
2018
-635
-1758
2474
-1454
-537
2420
-1508
-591
2366
-1562
-645
2312
-1616
-699
2258
-1670
-753
2204
-1724
-297
1385
-248
669
-454
-302
615
-508
-356
561
-562
-410
507
-616
46
-312
605
-8
-366
551
-62
-420
497
-116
-474
443
-170
-528
899
-989
693
1100
-23
-1146
1046
-77
-1200
992
-131
-1254
938
-185
-798
119
1036
-852
65
982
-906
11
928
-960
-43
874
-1014
-97
1330
-1833
1124
1276
-1632
2090
-563
-1686
2036
-617
-1740
1982
-671
-1794
2438
-1490
-573
2384
-1544
-627
2330
-1598
-681
2276
-1652
-735
2222
-1706
-279
1403
-485
-333
1349
-284
633
-490
-338
579
-544
-392
525
-598
64
-294
623
10
-348
569
-44
-402
515
-98
-456
461
-152
-510
917
-971
711
863
-1025
657
1064
-59
-1182
1010
-113
-1236
956
-167
-780
137
1054
-834
83
1000
-888
29
946
-942
-25
892
-996
-79
1348
-1815
1142
1294
-1614
2108
-545
-1668
2054
-599
-1722
2000
-653
-1776
2456
-1472
-555
2402
-1526
-609
2348
-1580
-663
2294
-1634
-717
2240
-1688
-261
1421
-467
-315
1367
-266
651
-472
-320
597
-526
-374
543
-580
82
-276
641
28
-330
587
-26
-384
533
-80
-438
479
-134
-492
935
-953
729
881
-1007
675
1082
-41
-1164
1028
-95
-1218
974
-149
-762
155
1072
-816
101
1018
-870
47
964
-924
-7
910
-978
-61
1366
-1797
1160
1312
-1851
1106
1258
-1650
2072
-581
-1704
2018
-635
-1758
2474
-1454
-537
2420
-1508
-591
2366
-1562
-645
2312
-1616
-699
2258
-1670
-753
2204
-1724
-297
1385
-248
669
-454
-302
615
-508
-356
561
-562
-410
507
-616
46
-312
605
-8
-366
551
-62
-420
497
-116
625
780
-1105
580
735
125
1045
-840
80
1000
-885
35
955
-930
-10
910
-975
-55
865
-1020
-100
820
-1065
-145
1285
-1875
1085
1240
-1920
1040
1195
-1965
995
2425
-1500
-580
2380
-1545
-625
2335
-1590
-670
2290
-1635
-715
2245
-1680
-760
2200
-1725
-805
2155
-1770
-340
1345
-540
-385
1300
-585
-430
1255
-630
-475
1210
600
-10
-365
555
-55
-410
510
-100
-455
465
-145
-500
420
-190
-545
375
-235
-590
840
-1045
640
795
-1090
595
750
-1135
550
705
95
1015
-870
50
970
-915
5
925
-960
-40
880
-1005
-85
835
-1050
-130
790
-1095
-175
1255
-1905
1055
1210
-1950
1010
1165
-1995
965
2395
-1530
-610
2350
-1575
-655
2305
-1620
-700
2260
-1665
-745
2215
-1710
-790
2170
-1755
-325
1360
-525
-370
1315
-570
-415
1270
-615
-460
1225
615
5
-350
570
-40
-395
525
-85
-440
480
-130
-485
435
-175
-530
390
-220
-575
855
-1030
655
810
-1075
610
765
-1120
565
720
110
1030
-855
65
985
-900
20
940
-945
-25
895
-990
-70
850
-1035
-115
805
-1080
-160
1270
-1890
1070
1225
-1935
1025
1180
-1980
980
2410
-1515
-595
2365
-1560
-640
2320
-1605
-685
2275
-1650
-730
2230
-1695
-775
2185
-1740
-820
2140
-1785
-355
1330
-555
-400
1285
-600
-445
1240
630
20
-335
585
-25
-380
540
-70
-425
495
-115
-470
450
-160
-515
405
-205
-560
360
-250
-605
825
-1060
625
780
-1105
580
735
125
1045
-840
80
1000
-885
35
955
-930
-10
910
-975
-55
865
-1020
-100
820
-1065
-145
1285
-1875
1085
1240
-1920
1040
1195
-1965
995
2425
-1500
-580
2380
-1545
-625
2335
-1590
-670
2290
-1635
-715
2245
-1680
-760
2200
-1725
-805
2155
-1770
-340
1345
-540
-385
1300
-585
-430
1255
-630
-475
1210
600
-10
-365
555
-55
-410
510
-100
-455
465
-145
-500
420
-190
-545
375
-235
-590
840
-1045
640
795
-1090
595
750
-1135
550
705
95
1015
-870
50
970
-915
5
925
-960
-40
880
-1005
-85
835
-1050
-130
790
-1095
-175
1255
-1905
1055
1210
-1950
1010
1165
-1995
965
2395
-1530
-610
2350
-1575
-655
2305
-1620
-700
2260
-1665
-745
2215
-1710
-790
2170
-1755
-325
1360
-525
-370
1315
-570
-415
1270
-615
-460
1225
615
5
-350
570
-40
-395
525
-85
-440
480
-130
-118
-1235
963
-154
-1271
672
-1210
478
636
-1246
442
600
-7
916
-966
-43
880
-1002
-79
844
-1038
-115
808
-1074
-151
2047
-600
-1717
2011
-636
-1753
1975
-672
-2044
919
1077
-2080
883
2316
-1606
-683
2280
-1642
-719
2244
-1678
-755
2208
-1714
-791
2172
-1750
-827
2136
-511
-353
570
-547
-389
534
-583
-425
498
-619
-716
-558
1130
523
-84
-436
487
-120
-472
451
-156
-508
415
-192
-544
379
-228
-580
343
1011
-106
-1223
975
-142
-1259
939
-178
-1295
648
-1234
454
612
5
928
-954
-31
892
-990
-67
856
-1026
-103
820
-1062
-139
2059
-588
-1705
2023
-624
-1741
1987
-660
-1777
1951
-696
-2068
895
1053
-2104
859
2292
-1630
-707
2256
-1666
-743
2220
-1702
-779
2184
-1738
-815
2148
-499
-341
582
-535
-377
546
-571
-413
510
-607
-704
-546
1142
535
-72
-424
499
-108
-460
463
-144
-496
427
-180
-532
391
-216
-568
355
1023
-94
-1211
987
-130
-1247
951
-166
-1283
660
-1222
466
624
17
940
-942
-19
904
-978
-55
868
-1014
-91
832
-1050
-127
796
-1086
-163
2035
-612
-1729
1999
-648
-1765
1963
-684
-2056
907
1065
-2092
871
2304
-1618
-695
2268
-1654
-731
2232
-1690
-767
2196
-1726
-803
2160
-487
-329
594
-523
-365
558
-559
-401
522
-595
-692
-534
1154
-728
-570
1118
511
-96
-448
475
-132
-484
439
-168
-520
403
-204
-556
367
1035
-82
-1199
999
-118
-1235
963
-154
-1271
672
-1210
478
636
-1246
442
600
-7
916
-966
-43
880
-1002
-79
844
-1038
-115
808
-1074
-151
2047
-600
-1717
2011
-636
-1753
1975
-672
-2044
919
1077
-2080
883
2316
-1606
-683
2280
-1642
-719
2244
-1678
-755
2208
-1714
-791
2172
-1750
-827
2136
-511
-353
570
-547
-389
534
-583
-425
498
-619
-716
-558
1130
523
-84
-436
487
-120
-472
451
-156
-508
415
-192
-544
379
-228
-580
343
1011
-106
-1223
975
-142
-1259
939
-178
-1295
648
-1234
454
612
5
928
-954
-31
892
-990
-67
856
-1026
-103
820
-1062
-139
2059
-588
-1705
2023
-624
-1741
1987
-660
-1777
1951
-696
-2068
895
1053
-2104
859
2292
-1630
-707
2256
-1666
-743
2220
-1702
-779
2184
-1738
-815
2148
-499
-341
582
-535
-377
546
-571
-413
510
-607
-704
-546
1142
535
-72
-424
499
-108
-460
463
-144
-1116
575
736
132
1058
-1331
870
-244
-1358
843
-271
-1385
561
-43
883
-996
-70
856
-1023
-97
829
-1050
-124
2077
-567
-1936
1030
1191
-1963
1003
2439
-1480
-554
1902
-742
-1856
1875
-769
-2138
828
2264
-1655
-729
2237
-1682
-756
2210
-1709
-783
2183
-461
-300
626
-488
-582
-421
1270
-609
-448
1243
639
35
-314
612
-502
424
-690
-784
-623
1068
464
-140
-489
437
-167
-516
410
1081
-33
-1147
1054
-60
-1174
772
-1107
584
745
141
1067
-812
114
1040
-1349
852
-262
-1376
570
-34
892
-987
-61
865
-1014
-88
838
-1041
-115
2086
-558
-1927
1039
1200
-1954
1012
1173
-1981
985
2421
-1498
-572
1884
-760
-1874
1857
-787
-2156
810
2246
-1673
-747
2219
-1700
-774
2192
-452
-291
635
-479
-573
-412
1279
-600
-439
1252
648
44
-305
621
-493
433
-681
-775
-614
1077
473
-131
-480
446
-158
-507
419
-185
-534
392
1063
-51
-1165
781
-1098
593
754
-1125
566
727
123
1049
-1340
861
-253
-1367
579
-25
901
-978
-52
874
-1005
-79
847
-1032
-106
2095
-549
-1663
2068
-576
-1945
1021
1182
-1972
994
2430
-1489
-563
1893
-751
-1865
1866
-778
-2147
819
2255
-1664
-738
2228
-1691
-765
2201
-1718
-792
2174
-470
-564
-403
1288
-591
-430
1261
-618
-457
1234
630
-484
442
-672
-511
415
-699
482
-122
-471
455
-149
-498
428
-176
-525
401
1072
-42
-1156
790
-1089
602
763
-1116
575
736
132
1058
-1331
870
-244
-1358
843
-271
-1385
561
-43
883
-996
-70
856
-1023
-97
829
-1050
-124
2077
-567
-1936
1030
1191
-1963
1003
2439
-1480
-554
1902
-742
-1856
1875
-769
-2138
828
2264
-1655
-729
2237
-1682
-756
2210
-1709
-783
2183
-461
-300
626
-488
-582
-421
1270
-609
-448
1243
639
35
-314
612
-502
424
-690
-784
-623
1068
464
-140
-489
437
-167
-516
410
1081
-33
-1147
1054
-60
-1174
772
-1107
584
745
141
1067
-812
114
1040
-1349
852
-262
-1376
570
-34
892
-987
-61
865
-1014
-88
838
-1041
-115
2086
-558
-1927
1039
1200
-1954
1012
1173
-1981
985
2421
-1498
-572
1884
-760
-1874
1857
-787
-2156
810
2246
-1673
-747
2219
-1700
-774
2192
-452
-291
635
-479
-573
-412
1279
-600
-439
1252
648
44
-305
621
-493
433
-681
-775
-614
1077
473
-131
-480
446
-158
946
-165
-1276
673
-1203
491
655
54
983
-893
36
965
-1421
528
-73
856
-1020
-91
838
-1038
-109
2095
-546
-1912
1057
711
-1165
-236
1968
-673
-2039
930
1094
-2057
912
2351
-1565
-636
1823
-818
-2184
785
2224
-1692
-763
2206
-1710
-781
2188
-453
-544
-380
1314
-562
-908
2061
-580
-416
513
-598
-689
-525
1169
568
-33
-379
550
-561
368
-743
441
-160
-506
423
-178
-524
405
824
-1052
642
806
-1070
624
278
952
-159
-1270
679
-1197
497
661
60
989
-887
42
971
-1415
534
-67
862
-1014
-85
844
-1032
-103
2101
-540
-1906
1063
717
-1159
-230
1974
-667
-1778
1956
-685
-2051
918
2357
-1559
-630
2339
-1577
-648
1811
445
-1686
-757
2212
-1704
-775
2194
-447
-538
-374
1320
-556
-902
2067
-574
-410
519
-592
-683
-519
1175
574
-27
-373
556
-555
374
-737
447
-154
-500
429
-172
-518
411
1085
-26
-1137
812
-1064
630
284
958
-153
-1264
940
-171
-1282
667
66
995
-881
48
977
-1409
540
-61
868
-1008
-79
850
-1026
-97
2107
-534
-1900
1069
1233
-1918
1051
1980
-661
-1772
1962
-679
-2045
924
2363
-1553
-624
2345
-1571
-642
1817
451
-1680
-751
2218
-1698
-769
2200
-1716
-787
2182
-459
-550
-896
2073
-1843
-914
2055
-586
-422
507
-604
-695
-531
1163
562
-39
-385
544
-822
-658
1036
435
-166
-512
417
-184
-530
399
818
-1058
636
290
-311
-657
272
946
-165
-1276
673
-1203
491
655
54
983
-893
36
965
-1421
528
-73
856
-1020
-91
838
-1038
-109
2095
-546
-1912
1057
711
-1165
-236
1968
-673
-2039
930
1094
-2057
912
2351
-1565
-636
1823
-818
-2184
785
2224
-1692
-763
2206
-1710
-781
2188
-453
-544
-380
1314
-562
-908
2061
-580
-416
513
-598
-689
-525
1169
568
-33
-379
550
-561
368
-743
441
-160
-506
423
-178
-524
405
824
-1052
642
806
-1070
624
278
952
-159
-1270
679
-1197
497
661
60
989
-887
42
971
-1415
534
-67
862
-1014
-85
844
-1032
-103
2101
-540
-1906
1063
717
-1159
-230
1974
-667
-1778
1956
-685
-2051
918
2357
-1559
-630
2339
-1577
-648
1811
445
-1686
-757
2212
-1704
-775
2194
-447
-538
-374
1320
-556
-902
2067
-574
-410
519
-592
-683
-519
1175
574
-27
-373
556
-555
374
-737
447
-154
-500
429
-172
713
115
1047
-1336
871
-237
-1345
607
9
941
-932
0
932
-1451
501
-97
835
-1038
-106
2101
-537
-1900
1072
729
-1144
-212
1995
-643
-2006
966
1898
-740
-1848
1889
-749
-2112
860
2302
-1611
-679
1783
420
-1708
-776
2196
-1717
-785
2187
-451
-539
-882
2090
-548
-381
551
-557
-645
-478
1219
621
-487
445
-663
-751
-584
1113
515
-83
-426
506
418
-180
-523
409
-189
-532
400
312
-286
-629
303
980
-128
-1236
716
-1157
540
197
874
-234
-1342
610
12
944
-929
3
935
-1448
504
-94
838
-1035
-103
2104
-534
-1897
1075
732
-1141
-209
1998
-640
-2003
969
1136
-2012
960
1892
-746
-2109
863
2305
-1608
-676
2296
-1617
-940
757
2199
-1714
-782
2190
-448
-536
-879
2093
-1820
-888
2084
-554
-642
-475
1222
624
-484
448
-660
-748
-581
1116
518
-80
-423
509
421
-177
-520
412
-186
-529
403
825
-1048
649
306
-292
-635
297
719
-1154
543
710
112
1044
-1339
613
-1260
437
604
6
938
-1445
507
-91
841
-1032
-100
832
-1041
-364
1078
735
-1138
-206
2001
-637
-2000
972
1139
-2009
963
1895
-743
-2106
866
2308
-1605
-673
2299
-1614
-937
760
2202
-1711
-779
2193
-1720
-788
2184
-454
-542
-885
2087
-551
-384
548
-560
-648
-481
1216
618
-490
442
-666
521
-77
-420
512
-596
336
-772
415
-183
-526
406
1083
-25
-1133
309
-289
-632
300
977
-131
-1239
713
115
1047
-1336
871
-237
-1345
607
9
941
-932
0
932
-1451
501
-97
835
-1038
-106
2101
-537
-1900
1072
729
-1144
-212
1995
-643
-2006
966
1898
-740
-1848
1889
-749
-2112
860
2302
-1611
-679
1783
420
-1708
-776
2196
-1717
-785
2187
-451
-539
-882
2090
-548
-381
551
-557
-645
-478
1219
621
-487
445
-663
-751
-584
1113
515
-83
-426
506
418
-180
-523
409
-189
-532
400
312
-286
-629
303
980
-128
-1236
716
-1157
540
197
874
-234
-1342
610
12
944
-929
3
935
-1448
504
-94
838
-1035
-103
2104
-534
-1897
1075
732
-1141
-209
1998
-640
-2003
969
1136
-2012
960
1892
-746
-2109
863
2305
-1608
-676
2296
-1617
-940
757
2199
-1714
-782
2190
-448
-536
-879
2093
-1820
-888
2084
-554
-642
-475
1222
624
-484
448
-660
-748
-581
1116
518
-80
-423
509
421
-177
-520
412
-186
225
650
-1220
480
650
55
990
-1390
565
-30
905
-965
-30
2180
-965
-1050
-115
820
-1050
-370
1075
735
-1135
-200
2010
-625
-1985
990
1925
-710
-2070
905
2350
-1560
-625
1840
-795
-2155
820
2265
-1645
-965
735
2180
-1730
-795
2180
-455
-540
-880
2095
-540
-625
-455
1245
650
-455
480
-625
-710
-540
1160
565
-540
395
-710
480
-115
-455
480
395
-200
-540
395
1075
-30
-1135
310
-285
-625
310
735
-1135
565
225
905
-200
-1305
650
55
990
-1390
565
-30
905
-965
-30
905
-1475
480
-115
820
-1050
-370
1075
735
-1135
-200
2010
-625
-1985
990
1925
-710
-1815
1925
-710
-2070
905
1840
-795
-2155
820
2265
-1645
-710
1755
395
-1730
-795
2180
-455
-540
-880
2095
-1815
-880
2095
-540
-625
-965
2010
-625
-710
-540
1160
565
-540
395
-710
480
-115
-455
480
-880
-710
990
395
-200
-540
395
310
-285
-625
310
990
-115
-1220
225
905
-200
-1305
650
55
990
-1390
820
-285
-1390
565
-30
905
-1475
480
-115
820
-1050
-115
2095
-1050
-1135
-200
2010
-625
-1985
990
650
-1220
-285
1925
-710
-2070
905
1840
-795
-2155
820
2265
-1645
-710
1755
395
-1730
-795
2180
-1730
-795
2180
-455
-540
-880
2095
-540
-625
-455
1245
650
-455
480
-625
565
-30
-370
565
-795
-625
1075
480
-115
-455
480
395
-200
-540
395
820
-1050
650
310
990
-115
-1220
735
-1135
565
225
650
-1220
480
650
55
990
-1390
565
-30
905
-965
-30
2180
-965
-1050
-115
820
-1050
-370
1075
735
-1135
-200
2010
-625
-1985
990
1925
-710
-2070
905
2350
-1560
-625
1840
-795
-2155
820
2265
-1645
-965
735
2180
-1730
-795
2180
-455
-540
-880
2095
-540
-625
-455
1245
650
-455
480
-625
-710
-540
1160
565
-540
395
-710
480
-115
-455
480
395
-200
-540
395
1075
-30
-1135
310
-285
-625
310
735
-1135
565
225
905
-200
-1305
650
55
990
-1390
565
-30
905
-965
-30
905
-1475
480
-115
820
-1050
-370
1075
735
-1135
-200
2010
-625
-1985
990
1925
-710
-1815
1925
-710
-2070
905
1840
-795
-2155
820
2265
-1645
-710
1755
395
-1730
-795
2180
-455
-540
-880
2095
-1815
-880
2095
-540
-625
-965
2010
-625
-710
-540
1160
565
-540
395
-710
480
-115
-455
480
-880
-710
990
395
-200
-1283
165
848
-254
-1356
602
10
948
-1429
529
-63
875
-992
-309
1139
802
-1065
-127
2086
-1056
-1138
-200
2013
-619
-1976
1002
1940
-692
-2049
929
1867
-765
-2122
856
2304
-1603
-665
1803
446
-1676
-738
1730
373
-1749
-811
2167
-465
-547
-884
2094
-538
-620
-957
2021
-611
-693
-520
1183
591
-511
427
-675
518
-74
-411
527
445
-147
-484
454
372
-220
-557
381
809
-1058
645
308
991
-111
-1213
235
918
-184
-1286
672
80
1018
-1359
599
7
945
-1432
526
-66
872
-995
-57
2156
-986
-1068
-130
2083
-1059
-1141
-203
2010
-622
-1979
999
1937
-695
-2052
926
2374
-1533
-595
1873
516
-1606
-668
1800
443
-1679
-741
2237
-395
-477
-814
2164
-1743
-1060
643
2091
-1816
-878
2100
-532
-614
-951
2027
-605
-687
-1024
1954
-678
-760
-587
1116
524
-833
-660
1043
451
-651
287
-815
378
-214
-551
387
305
-287
-624
314
742
-1125
578
241
669
-1198
505
168
596
-1271
432
605
13
951
-1426
532
-60
878
-1499
459
-133
805
-1062
-379
1069
732
-1135
-452
996
659
-1208
-270
1943
-689
-2046
932
1870
-762
-2119
859
1797
-835
-2192
786
2234
-1673
-990
713
2161
-1746
-808
2170
-462
-544
-881
2097
-535
-617
-954
2024
-608
-690
-517
1186
594
-763
-590
1113
521
-581
357
-745
448
-144
-481
457
375
-217
-554
384
302
-290
-627
311
739
-1128
575
238
921
-181
-1283
165
848
-254
-1356
602
10
948
-1429
529
-63
875
-992
-309
1139
802
-1065
-127
2086
-1056
-1138
-200
2013
-619
-1976
1002
1940
-692
-2049
929
1867
-765
-2122
856
2304
-1603
-665
1803
446
-1676
-738
1730
373
-1749
-811
2167
-465
-547
-884
2094
-538
-620
-957
2021
-611
-693
-520
1183
591
-511
427
-675
518
-74
-411
527
445
-147
-484
454
372
-220
-557
381
809
-1058
645
308
991
-111
-1213
235
918
-184
-1286
672
80
1018
-1359
599
7
945
-1432
526
-66
872
-995
-57
2156
-986
-1068
-130
2083
-1059
-1141
-203
2010
-622
-1979
999
1937
-695
-2052
926
2374
-1533
-595
1873
516
-1606
-668
1800
443
-1679
-741
2237
-395
-477
-814
2164
-1743
-1060
643
2091
-1816
-878
2100
-532
-614
-951
2027
-605
-687
-1024
1954
-678
-760
-587
1116
524
-833
-660
1043
451
-651
287
-815
378
-214
1034
-1340
621
32
973
-1401
560
-29
912
-1462
499
-90
851
-1523
438
-151
790
-1074
-388
1063
2004
-625
-1979
1002
1943
-686
-2040
941
1882
-747
-2101
880
1821
-808
-2162
819
2270
-1634
-948
758
2209
-1695
-1009
697
2148
-481
-560
-894
2087
-542
-621
-955
2026
-603
-682
-1016
1965
-664
-743
-567
1139
550
-804
-628
1078
489
410
-179
-513
428
349
-240
-574
367
288
-301
-635
306
737
-1127
579
245
676
-1188
518
184
615
-1249
457
123
554
-35
906
-1468
493
-96
845
-1019
-333
1118
784
-1080
-394
1057
723
-1141
-455
996
662
-1202
-516
935
1876
-753
-2107
874
2325
-1579
-893
813
2264
-1640
-954
752
2203
-1701
-1015
691
2142
-1762
-821
1650
296
-1823
-882
2099
-530
666
-433
508
-591
605
-494
447
-652
544
-555
386
-713
483
-616
325
-774
422
-167
-501
440
361
-228
-562
379
300
986
-113
-1212
239
925
-174
-1273
178
864
-235
-1334
117
803
-296
-1395
566
-23
918
-1456
505
-84
2132
-1007
-1086
-145
2071
-1068
-1147
-206
2010
-1129
-1208
-267
1949
-680
-2034
947
1888
-741
-2095
886
1827
-802
-2156
825
1766
412
-1707
-766
1705
351
-1768
-827
2154
-475
-554
-888
2093
-536
-615
-949
2032
-597
-676
-1010
1971
-658
538
-561
380
-719
477
-112
-446
495
416
-173
-507
434
355
-234
-568
373
294
-295
-629
312
233
-356
-690
251
682
93
1034
-1340
621
32
973
-1401
560
-29
912
-1462
499
-90
851
-1523
438
-151
790
-1074
-388
1063
2004
-625
-1979
1002
1943
-686
-2040
941
1882
-747
-2101
880
1821
-808
-2162
819
2270
-1634
-948
758
2209
-1695
-1009
697
2148
-481
-560
-894
2087
-542
-621
-955
2026
-603
-682
-1016
1965
-664
-743
-567
1139
550
-804
-628
1078
489
410
-179
-513
428
349
-240
-574
367
288
-301
-635
306
737
-1127
579
245
676
-1188
518
184
615
-1249
457
123
554
-35
906
-1468
493
-96
845
-1019
-333
1118
784
-1080
-394
1057
723
-1141
-455
996
662
-1202
-516
935
1876
-753
-2107
874
2325
-1579
-893
813
2264
-1640
-954
752
2203
-1701
-1015
691
2142
-1762
-821
1650
296
-1823
-882
2099
-530
666
-433
508
-591
605
-494
447
-652
544
-555
386
-713
483
-616
325
-774
422
-167
-501
440
361
-228
-1239
470
139
573
-13
931
-1440
524
-62
882
-1489
475
-111
2108
-1028
-1104
-160
2059
-1077
-1153
-464
990
659
-1202
-513
941
1885
-741
-2092
892
1836
-790
-2141
843
1787
436
-1680
-736
1738
387
-1729
-785
1689
338
-1778
-1089
620
2074
-552
-628
-959
2025
-601
-677
-1008
1976
-650
-726
-1057
1927
-699
500
-596
348
-748
451
-900
-721
988
402
326
-260
-591
353
277
-309
-640
304
228
-358
-689
255
179
868
-228
-1324
130
819
-277
-1373
81
515
-71
873
-1498
466
-120
824
-1547
417
-169
775
-1596
368
-218
2001
-1135
-1211
-267
1952
-1184
-1260
-571
883
1827
-799
-2150
834
1778
-848
-2199
785
1729
-897
-2248
736
1680
329
-1787
-843
2141
-485
-561
-892
2092
-534
665
-686
-507
1202
616
-735
-556
1153
567
-784
-605
1104
518
442
-144
-475
469
393
-193
-524
420
344
1033
-63
-1159
295
729
-1132
577
246
680
-1181
528
197
631
45
989
-1382
582
-4
940
-1431
533
-53
2166
-970
-1046
-357
1097
766
-1095
-406
1048
717
-1144
-455
999
1943
-683
-2034
950
1894
-732
-2083
901
1845
494
-1622
-678
1796
445
-1671
-982
727
2181
-1720
-1031
678
2132
-494
-570
-901
2083
-543
-619
-950
2034
-592
607
-489
455
-641
558
-793
-614
1095
509
-842
-663
1046
460
384
-202
-533
411
335
-251
-582
362
286
975
-121
-1217
237
926
-170
-1266
188
622
-1239
470
139
573
-13
931
-1440
524
-62
882
-1489
475
-111
2108
-1028
-1104
-160
2059
-1077
-1153
-464
990
659
-1202
-513
941
1885
-741
-2092
892
1836
-790
-2141
843
1787
436
-1680
-736
1738
387
-1729
-785
1689
338
-1778
-1089
620
2074
-552
-628
-959
2025
-601
-677
-1008
1976
-650
-726
-1057
1927
-699
500
-596
348
-748
451
-900
-721
988
402
326
-260
-591
353
277
-309
-640
304
228
-358
-689
255
179
868
-228
-1324
130
819
-277
-1373
81
515
-71
873
-1498
466
-120
824
-1547
417
-169
775
-1596
368
-218
2001
-1135
-1211
-267
1952
-1184
-1260
-571
883
1827
-799
-2150
834
1778
-848
-2199
785
1729
-897
-2248
736
1680
329
-1787
-843
2141
-485
-561
-892
2092
-534
665
-686
-507
1202
616
-735
-556
1153
567
-784
-605
1104
518
442
-144
-475
469
393
-193
-524
420
344
1033
823
-270
-1363
94
531
-52
895
-1473
494
-89
858
-1510
457
-381
1076
748
-1110
-418
1039
1986
-1147
-1220
-273
1949
-1184
-1257
-565
892
1839
-784
-2132
855
1802
454
-1659
-967
745
2202
-1696
-1004
708
2165
-458
-531
-859
1618
270
-1843
-1151
561
2018
-605
-678
-1006
1981
-642
560
-533
414
-679
523
-825
-643
1069
486
413
-680
267
-826
376
303
-280
-608
339
266
-317
-645
302
229
921
-172
-1265
192
629
46
993
-1375
592
9
956
-1412
45
482
-101
846
-1522
445
-138
809
-1559
408
-175
2047
-1086
-1159
-467
990
1937
-686
-2034
953
1900
-1233
-1306
-614
843
1790
-833
-2181
806
1753
405
-1708
-761
1716
368
-1745
-1053
659
2116
-507
-580
-908
2079
-544
658
-690
-1018
1969
-654
-727
-1055
1932
-691
511
-582
365
-728
474
-874
-692
1020
437
364
-219
-547
400
327
764
-1094
618
290
217
-366
-694
253
180
872
-221
-1314
143
580
-3
944
-1424
543
-40
907
-1461
506
-332
1125
797
-1571
396
-187
2035
-1098
-1171
-224
1998
-1135
-1208
-516
941
1888
-735
-2083
904
1851
-772
-2120
612
794
2251
-1647
-955
757
1704
356
-1757
-810
1667
319
-1794
-1102
610
2067
-556
-629
-957
2030
-593
609
-739
-557
1155
572
-776
-1104
1883
-740
462
-631
316
-777
425
352
-231
-559
388
315
-268
-596
351
278
715
-1143
569
241
678
-1180
532
204
131
823
-270
-1363
94
531
-52
895
-1473
494
-89
858
-1510
457
-381
1076
748
-1110
-418
1039
1986
-1147
-1220
-273
1949
-1184
-1257
-565
892
1839
-784
-2132
855
1802
454
-1659
-967
745
2202
-1696
-1004
708
2165
-458
-531
-859
1618
270
-1843
-1151
561
2018
-605
-678
-1006
1981
-642
560
-533
414
-679
523
-825
-643
1069
486
413
-680
267
-826
376
303
-280
-608
339
266
-317
-645
302
229
921
-172
-1265
192
629
46
993
-1375
592
9
956
-1412
45
482
-101
846
-1522
445
-138
809
-1559
408
-175
2047
-1086
-1159
-467
990
1937
-686
-2034
953
1900
-1233
-1306
-614
843
1790
-833
-2181
806
1753
405
-1708
-761
1716
368
-1745
-1053
659
2116
-507
-580
-908
2079
-544
658
-690
-1018
1969
-654
-727
-1055
1932
-691
511
-582
365
-728
474
-874
-692
1020
437
364
-219
-547
400
327
764
590
10
960
-1405
55
495
-85
865
-1500
470
-110
2115
-1015
-1595
375
-205
2020
-1110
-1180
-485
975
1925
-695
-2040
950
1900
-1230
-1300
-605
855
1805
-815
-2160
575
760
1710
-910
-2255
735
1685
340
-1770
-1075
640
2100
-520
-590
-915
1565
220
-615
-685
-1010
1980
-640
565
-780
-595
1120
540
470
-620
330
-760
445
375
-205
-530
420
350
280
-300
-625
325
255
950
-140
-1230
230
670
-1185
530
205
135
575
-1280
435
110
550
-30
920
-1445
15
455
-125
825
-1540
430
-150
2075
-1055
-1125
-430
1030
1980
-1150
-1220
-525
935
1885
-735
-2080
910
1860
5
-830
-2175
815
1765
420
-1690
-995
720
2180
-440
-510
-835
1645
300
-1810
-1115
600
2060
-560
-630
-1210
505
1965
-655
-725
-1050
1940
-680
525
-820
-635
1080
500
430
-660
290
-800
405
335
-245
-570
380
310
240
-340
-665
285
215
910
-180
-1270
190
630
50
1000
-1365
95
535
-45
905
-1460
510
-70
2155
-975
-1555
415
-165
785
-1580
390
-445
1015
690
-1165
-470
990
1940
-1190
-1260
-565
895
1845
-775
-2120
870
1820
-35
-870
-2215
775
1725
380
-1730
-1035
680
2140
-480
-550
-875
1605
260
-575
-645
-970
2020
-600
605
-740
-1065
1925
-695
510
-580
370
-720
485
-860
-675
1040
460
390
-955
-770
945
365
295
-285
-610
340
270
200
-380
-705
245
175
870
-220
-1310
150
590
10
960
-1405
55
495
-85
865
-1500
470
-110
2115
-1015
-1595
375
-205
2020
-1110
-1180
-485
975
1925
-695
-2040
950
1900
-1230
-1300
-605
855
1805
-815
-2160
575
760
1710
-910
-2255
735
1685
340
-1770
-1075
640
2100
-520
-590
-915
1565
220
-615
-685
-1010
1980
-640
565
-780
-595
1120
540
470
-620
330
-760
445
375
-205
-530
420
350
280
-300
-625
325
255
950
-140
-1230
230
670
-1185
530
205
135
575
-1280
435
110
550
-30
920
-1445
15
455
-125
825
-1540
430
-150
2075
-1055
-1125
-430
1030
1980
-1150
-1220
-525
935
1885
-735
-2080
910
1860
5
-830
-2175
815
1765
420
-1690
-995
720
2180
-440
-510
-835
1645
300
-1810
-1115
600
2060
-560
-630
-1210
505
1965
-655
-725
-1050
1940
-680
525
-820
-635
1080
500
430
-660
290
-800
405
335
-245
-570
380
310
240
102
545
-32
921
-1441
22
465
-112
841
-1521
452
-380
1083
761
-1601
372
-460
1003
1956
-1171
-1238
-540
923
1876
-741
-2083
910
1863
11
-821
-2163
830
1783
-69
-901
-2243
750
1703
361
-1746
-1048
670
1623
281
-551
-618
-940
2053
-564
644
-698
-1020
1973
-644
564
-778
-1100
1893
-724
484
-858
-670
1048
471
404
-938
-750
968
391
324
257
-320
-642
311
244
687
-1165
553
231
164
862
-225
-1312
151
84
782
-305
-1392
71
514
-63
890
-1472
-9
434
-143
2085
-1042
-1109
-411
1052
2005
-1122
-1189
-491
972
1925
-1202
-1269
-571
892
1845
-772
-2114
624
812
1765
-852
-2194
544
732
1685
343
-1764
-1066
652
2115
-502
-569
-891
1592
250
-582
-649
-971
1512
170
-662
-729
-1051
1942
-675
533
-809
-1131
1862
-755
453
386
-191
-513
440
373
306
-271
-593
360
293
226
-351
-673
280
213
656
-1196
522
200
133
576
-1276
442
120
53
496
-81
872
-1490
483
-349
1114
792
-1570
403
-174
2054
-1073
-1650
323
-254
1974
-1153
-1220
-522
941
1894
-1233
-1300
-602
861
1814
472
-1635
-937
781
1734
392
-1715
-1017
701
1654
312
-1795
-1097
621
2084
-533
-600
-1177
541
2004
-613
595
-747
-1069
1924
-693
515
-827
-639
1079
502
435
-652
301
-786
422
355
-732
221
-866
342
275
-302
-624
329
262
195
893
-194
-1281
182
625
48
1001
-1361
102
545
-32
921
-1441
22
465
-112
841
-1521
452
-380
1083
761
-1601
372
-460
1003
1956
-1171
-1238
-540
923
1876
-741
-2083
910
1863
11
-821
-2163
830
1783
-69
-901
-2243
750
1703
361
-1746
-1048
670
1623
281
-551
-618
-940
2053
-564
644
-698
-1020
1973
-644
564
-778
-1100
1893
-724
484
-858
-670
1048
471
404
-938
-750
968
391
324
257
-320
-642
311
244
687
-1165
553
231
164
862
-225
-1312
151
84
782
-305
-1392
71
514
-63
890
-1472
-9
434
-143
2085
-1042
-1109
-411
1052
2005
-1122
-1189
-491
972
1925
-1202
-1269
-571
892
1845
-772
-2114
624
812
1765
-852
-2194
544
732
1685
343
-1764
-1066
652
2115
-502
-569
-891
1592
250
-582
-649
-971
1512
170
-662
-729
-1051
1942
-675
533
-809
-1131
1862
-755
453
386
-191
-513
440
373
306
-271
-593
360
293
226
124
60
506
-68
888
-1471
-5
441
-133
2098
-1026
-1600
376
-198
2033
-1091
-1665
311
-518
948
1904
-1220
-1284
-583
883
1839
-775
-2114
627
818
1774
435
-1669
-968
753
1709
370
-1734
-1033
688
1644
305
-524
-588
-1162
559
2025
-589
-653
-1227
494
1960
-654
557
-782
-1101
1895
-719
492
-847
-1166
1830
-784
427
363
-721
235
-849
362
298
234
-340
-659
297
233
169
-405
-724
232
168
614
40
996
-1363
103
549
-25
931
-1428
38
484
-90
2141
-983
-1557
419
-410
1056
737
-1622
354
-475
991
1947
-1177
-1241
-540
926
1882
-1242
-1306
-605
861
1817
-32
-861
-2200
796
1752
-97
-926
-2265
476
667
1623
284
-1820
-1119
602
2068
-546
665
-674
-993
2003
-611
600
-739
-1058
1938
-676
535
471
-613
343
-741
470
406
-933
-742
979
405
341
277
-297
-616
340
276
212
-362
-681
275
211
147
848
-236
-1320
146
82
783
-301
-1385
81
17
463
-111
845
-1514
-48
398
-176
780
-1579
397
-432
1034
1990
-1134
-1198
-497
969
1925
76
-753
-2092
904
1860
11
-818
-2157
584
775
1731
392
-1712
-1011
710
1666
327
-1777
-1076
645
1601
262
-567
-631
-950
1536
197
-632
-696
-1270
451
1917
-697
514
-825
-1144
1852
-762
449
-890
-699
1022
448
384
320
-254
-573
383
319
255
-319
-638
318
254
190
636
-1213
508
189
125
571
-1278
443
124
60
506
-68
888
-1471
-5
441
-133
2098
-1026
-1600
376
-198
2033
-1091
-1665
311
-518
948
1904
-1220
-1284
-583
883
1839
-775
-2114
627
818
1774
435
-1669
-968
753
1709
370
-1734
-1033
688
1644
305
-524
-588
-1162
559
2025
-589
-653
-1227
494
1960
-654
557
-782
-1101
1895
-719
492
-847
-1166
1830
-784
427
363
-721
235
-849
362
298
234
-340
-659
297
233
169
-405
-724
232
168
614
40
996
-1363
103
549
-25
931
-1428
38
484
-90
2141
-983
-1557
419
-410
1056
737
-1622
354
-475
991
1947
-1177
-1241
-540
926
1882
-1242
-1306
-605
861
1817
-32
-861
-2200
796
1752
-97
-926
-2265
476
667
1623
284
-1820
-1119
602
2068
-546
665
-674
-993
2003
-611
600
-739
-1058
1938
-676
535
471
-613
343
-741
470
406
-933
-742
979
405
341
277
-297
-616
340
276
212
-1384
85
24
473
-98
861
-1495
-26
423
-403
1066
750
-1606
373
-453
1016
1975
-1146
-1717
262
-564
905
1864
-1257
-1318
-614
855
1814
-32
-858
-2194
550
744
1703
367
-1734
-1030
694
1653
317
-509
-570
-1141
583
1542
206
-620
-681
-997
1492
156
-670
544
-792
-1108
1891
-720
494
433
-648
311
-770
444
383
322
-249
-565
394
333
272
211
-360
-676
283
222
161
-410
-726
233
172
111
560
-1286
438
122
61
510
-61
898
-1458
11
460
-366
1103
787
-1569
-100
349
-222
2012
-1109
-1680
299
-527
942
1901
-1220
-1281
-577
892
1851
5
-821
-2157
587
781
1740
404
-1697
-993
731
1690
-156
293
-1808
-1104
620
1579
243
-583
-644
-1215
509
1978
-633
581
-755
-1071
1928
-683
531
470
-866
-672
1052
481
420
359
-722
237
-844
370
309
248
-323
-639
320
259
198
-373
-689
270
209
148
597
-1249
475
159
98
547
-24
935
-1421
48
-13
436
-135
824
-1532
-63
386
-185
2049
-1072
-1643
336
-490
979
1938
-1183
-1244
-540
674
868
1827
-784
-2120
624
818
1777
-69
-895
-2231
513
707
1666
330
-1771
-1067
657
1616
280
-546
-607
-1178
546
2015
-596
618
-718
-1034
1455
119
-707
507
-829
-1145
1854
-757
457
396
-685
274
-807
407
346
285
-286
-602
357
296
235
-336
-652
307
246
185
124
-447
-763
196
135
74
778
-303
-1384
85
24
473
-98
861
-1495
-26
423
-403
1066
750
-1606
373
-453
1016
1975
-1146
-1717
262
-564
905
1864
-1257
-1318
-614
855
1814
-32
-858
-2194
550
744
1703
367
-1734
-1030
694
1653
317
-509
-570
-1141
583
1542
206
-620
-681
-997
1492
156
-670
544
-792
-1108
1891
-720
494
433
-648
311
-770
444
383
322
-249
-565
394
333
272
211
-360
-676
283
222
161
-410
-726
233
172
111
560
-1286
438
122
61
510
-61
898
-1458
11
460
-366
1103
787
-1569
-100
349
-222
2012
-1109
-1680
299
-527
942
1901
-1220
-1281
-577
892
1851
5
-821
-2157
587
781
1740
404
-1697
-993
731
1690
-156
293
-1808
-1104
620
1579
243
-583
-644
-1215
509
1978
-633
581
-755
-1071
1928
-683
531
470
-866
-672
1052
481
420
359
-722
237
-844
370
309
248
-323
-639
320
259
198
933
-1420
52
-6
446
-122
2115
-1003
-1571
-99
353
-215
2022
-1096
-1664
318
-505
967
1929
-1189
-1757
225
-598
874
1836
-7
-830
-2163
584
781
1743
-100
-923
-2256
491
688
1650
317
-506
-564
-1132
595
1557
224
-599
-657
-1225
502
1974
-634
583
-750
-1318
409
1881
-727
490
432
-901
-704
1023
455
397
339
-994
-797
930
362
304
246
-1087
-890
837
269
211
153
860
-218
-1296
176
118
60
767
-311
-1389
83
25
477
-91
2146
-972
-1540
-68
384
-184
2053
-1065
-1633
349
-474
998
1960
-1158
-1726
256
-567
905
1867
24
-799
-2132
615
812
1774
-69
-892
-2225
522
719
1681
348
-1750
-1043
429
626
1588
255
-568
-626
-1194
533
1495
162
-661
-719
-1287
440
1912
-696
521
463
-870
-1183
1819
-789
428
370
-963
-766
961
393
335
277
-1056
-859
868
300
242
184
891
-187
-1265
207
149
91
798
-280
-1358
114
56
508
-60
902
-1451
21
-37
415
-153
2084
-1034
-1602
380
-443
1029
1991
-1127
-1695
287
-536
936
1898
55
-1278
-1336
-629
843
1805
-38
-861
-2194
553
750
1712
-131
-954
-2287
460
657
1619
286
-537
-595
-1163
564
1526
193
-630
-688
-1256
471
1943
-665
552
-781
-1349
378
1850
-758
459
401
-932
-735
992
424
366
308
-1025
-828
899
331
273
215
922
-156
-1234
238
180
122
829
-249
-1327
145
87
539
-29
933
-1420
52
-6
446
-122
2115
-1003
-1571
-99
353
-215
2022
-1096
-1664
318
-505
967
1929
-1189
-1757
225
-598
874
1836
-7
-830
-2163
584
781
1743
-100
-923
-2256
491
688
1650
317
-506
-564
-1132
595
1557
224
-599
-657
-1225
502
1974
-634
583
-750
-1318
409
1881
-727
490
432
-901
-704
1023
455
397
339
-994
-797
930
362
304
246
-1087
-890
837
269
211
153
860
-218
-1296
176
118
60
767
-311
-1389
83
25
477
-91
2146
-972
-1540
-68
384
-184
2053
-1065
-1633
349
-474
998
1960
-1158
-1726
256
-567
905
1867
24
-799
-2132
615
812
1774
-69
-892
-2225
522
719
1681
348
-1750
-1043
429
626
1588
255
-568
-626
-1194
533
1495
162
-661
-719
-1287
440
1912
-696
521
463
-870
-1183
1819
-789
428
370
-963
-766
961
393
335
277
-1056
-859
868
300
242
184
-65
900
-1450
25
-30
425
-395
1080
770
-1580
-105
350
-470
1005
1970
-1145
-1710
275
-545
930
1895
55
-1275
-1330
-620
600
800
1765
-75
-895
-2225
525
725
1690
-150
305
-1790
-1080
395
595
1560
230
-590
-645
-1210
520
1485
155
-665
555
-775
-1085
1410
80
-740
480
425
-905
-1215
1790
-815
405
350
295
-780
185
-890
330
275
220
-855
110
-965
255
200
145
600
-1240
490
180
125
70
525
-40
925
-1425
50
-5
450
-370
1105
795
-1555
-80
375
-445
1030
1995
-1120
-1685
300
-520
955
1920
80
-1250
-1305
-595
625
825
1790
-50
-870
-2200
550
750
1715
-125
330
-1765
-1055
675
1640
-200
255
-565
-620
-1185
545
1510
180
-640
-695
-1260
470
1435
105
-715
505
-825
-1390
340
1815
-790
430
375
-955
-1265
1740
-865
355
300
245
-830
135
-940
280
225
170
625
-1215
515
205
150
95
550
-15
950
-1400
75
20
475
-90
2150
-965
-1530
-55
400
-420
1055
2020
-1095
-1660
325
-495
980
1945
105
-1225
-1280
-570
650
850
1815
-1300
-1355
-645
575
775
1740
-100
-920
-2250
500
700
1665
-175
280
-1815
-1105
370
570
1535
205
-615
-670
-1235
495
1460
130
-690
530
-800
-1110
1385
55
-765
455
400
-930
-1240
1765
-840
380
325
270
-805
160
-915
305
250
195
650
-1190
540
230
175
120
575
10
975
-1375
100
45
500
-65
900
-1450
25
-30
425
-395
1080
770
-1580
-105
350
-470
1005
1970
-1145
-1710
275
-545
930
1895
55
-1275
-1330
-620
600
800
1765
-75
-895
-2225
525
725
1690
-150
305
-1790
-1080
395
595
1560
230
-590
-645
-1210
520
1485
155
-665
555
-775
-1085
1410
80
-740
480
425
-905
-1215
1790
-815
405
350
295
-780
185
-890
330
275
220
-855
110
-965
255
200
145
600
-1240
490
180
125
70
525
-40
925
-1425
50
-5
450
-370
1105
795
-1555
-80
375
-445
1030
1995
-1120
-1685
300
-520
955
1920
80
-1250
-1305
-595
625
825
1790
-50
-870
-2200
550
750
1715
-125
330
-1765
-1055
675
1640
-200
255
-565
-620
-1185
545
1510
180
-640
-695
-1260
470
1435
105
-715
505
-825
-1390
340
1815
-790
430
375
-955
-1265
1740
-865
355
300
245
-830
135
-940
280
225
170
467
-95
2148
-964
-1526
-48
-100
358
-204
2039
-1073
-1635
-157
301
-516
962
1930
93
-1234
-1286
-573
650
853
1821
-16
-1343
-1395
-682
541
744
1712
-125
333
-1759
-1046
432
635
1603
-234
224
-1868
-1155
323
526
1494
167
-650
573
-754
-1316
417
1895
-707
516
464
-863
-1425
308
1786
-816
407
355
303
-1024
-821
912
350
298
246
194
-368
-675
293
241
189
137
85
798
-274
-1346
132
80
28
486
-76
892
-1455
23
-29
-81
377
-185
2058
-1054
-1616
-138
320
-497
981
1949
-1163
-1725
263
-554
669
872
1840
3
-1324
-1376
-663
560
763
1731
-106
-923
-2250
503
451
654
1622
295
-522
-574
-1136
342
545
1513
186
-631
-683
-1245
488
1456
129
-688
535
483
-844
-1151
1347
20
-797
426
374
-953
-1260
1748
-854
369
317
265
213
-349
-656
312
260
208
156
104
-458
-765
203
151
99
47
505
-57
911
-1436
42
-10
448
-369
1109
802
-1545
-67
-119
339
-478
1000
1968
-1144
-1706
282
-535
688
891
1859
-1253
-1815
173
-644
834
1802
-35
-87
-904
-2231
522
725
1693
-144
314
-1778
-1065
413
616
1584
-253
205
-612
-664
-1226
507
1475
148
-669
554
-773
-1335
398
1876
-726
497
445
393
-934
-1241
1767
-835
388
336
284
-1043
-840
893
331
279
227
175
123
-439
-746
222
170
118
66
524
-1313
420
113
61
9
467
-95
2148
-964
-1526
-48
-100
358
-204
2039
-1073
-1635
-157
301
-516
962
1930
93
-1234
-1286
-573
650
853
1821
-16
-1343
-1395
-682
541
744
1712
-125
333
-1759
-1046
432
635
1603
-234
224
-1868
-1155
323
526
1494
167
-650
573
-754
-1316
417
1895
-707
516
464
-863
-1425
308
1786
-816
407
355
303
-1024
-821
912
350
298
246
194
-368
-675
293
241
189
137
85
798
-274
-1346
132
80
28
486
-76
892
-1455
23
-29
-81
377
-185
2058
-1054
-1616
-138
320
-497
981
1949
-1163
-1725
263
-554
669
872
1840
3
-1324
-1376
-663
560
763
1731
-106
-923
-2250
503
451
654
1622
295
-522
-574
-1136
342
545
1513
186
-631
-683
-1245
488
1456
129
-688
535
483
-844
-1151
1347
20
-797
426
374
-953
-1260
1748
-854
369
317
265
213
-349
-656
312
260
208
156
-21
440
-374
1107
803
-1541
-60
-109
352
-462
1019
1990
156
-1168
-1727
264
-550
676
882
1853
19
-1305
-1354
-638
588
794
1765
-69
-118
-932
-2256
500
451
657
1628
-206
255
-1834
-1118
363
569
1540
-294
167
-647
579
-745
-1304
432
1403
79
-735
491
442
-882
-1186
1315
-9
-823
403
354
305
-1019
-1323
1688
-911
315
266
217
168
-391
-695
276
227
178
129
80
541
-1293
443
139
90
41
-8
453
-106
2140
-969
-1528
-47
-96
365
-449
1032
2003
-1106
-1665
-184
277
-537
944
1915
81
-1243
-1802
189
-625
601
807
1778
-56
-1380
-1429
-713
513
719
1690
-144
-193
268
-1821
-1105
376
582
1553
-281
180
-634
-683
-1242
494
1465
141
-673
553
504
-820
-1379
357
1838
-761
465
416
367
-957
-1261
1750
-849
377
328
279
230
181
-378
-682
289
240
191
142
93
809
-260
-1329
152
103
54
5
466
-93
878
-1466
15
-34
-83
378
-181
2065
-1044
-1603
-122
-171
290
-524
957
1928
-1181
-1740
-259
202
-612
869
1840
6
-43
-857
-2181
575
526
732
1703
-131
330
-1759
-1043
438
644
1615
-219
242
-572
-621
-1180
301
507
1478
154
-660
566
-758
-1317
419
1390
66
-748
478
429
380
-944
-1248
1763
-836
390
341
292
243
-826
145
-924
302
253
204
155
106
-453
-757
214
165
116
67
18
734
-335
-1404
77
28
-21
440
-374
1107
803
-1541
-60
-109
352
-462
1019
1990
156
-1168
-1727
264
-550
676
882
1853
19
-1305
-1354
-638
588
794
1765
-69
-118
-932
-2256
500
451
657
1628
-206
255
-1834
-1118
363
569
1540
-294
167
-647
579
-745
-1304
432
1403
79
-735
491
442
-882
-1186
1315
-9
-823
403
354
305
-1019
-1323
1688
-911
315
266
217
168
-391
-695
276
227
178
129
80
541
-1293
443
139
90
41
-8
453
-106
2140
-969
-1528
-47
-96
365
-449
1032
2003
-1106
-1665
-184
277
-537
944
1915
81
-1243
-1802
189
-625
601
807
1778
-56
-1380
-1429
-713
513
719
1690
-144
-193
268
-1821
-1105
376
582
1553
-281
180
-634
-683
-1242
494
1465
141
-673
553
504
-820
-1379
357
1838
-761
465
416
367
-957
-1261
1750
-849
377
328
279
230
181
-378
-682
289
240
191
142
1
-45
-91
373
-183
2066
-1040
-1596
-112
-158
306
-505
724
933
1907
76
-1245
-1801
193
-618
611
820
1794
-37
-83
-894
-2215
544
498
707
1681
-150
-196
268
-1818
-1099
385
594
1568
-263
201
-610
619
-702
-1258
226
435
1409
88
-723
506
460
-861
-1417
322
1806
-790
439
393
347
301
-1020
-1321
1693
-903
326
280
234
188
142
-414
-715
259
213
167
121
75
29
748
-318
-1384
100
54
8
-38
426
-385
1099
798
-1543
-59
-105
-151
313
-498
986
1960
-1146
-1702
-218
246
-565
664
873
1847
16
-30
-1351
-1397
-678
551
760
1734
-97
-143
321
-1765
-1046
438
392
601
1575
-256
208
-603
-649
-1205
279
488
1462
141
-670
559
513
-808
-1364
375
1349
28
-783
446
400
354
-967
-1268
1746
-850
379
333
287
241
195
-1126
-917
822
266
220
174
128
82
546
-1285
454
153
107
61
15
-31
433
-123
851
-1490
-6
-52
-98
366
-445
1039
2013
-1093
-1649
-165
-211
253
-558
926
1900
69
23
-1298
-1344
-625
604
558
767
1741
-90
-136
-947
-2268
491
445
654
1628
-203
261
-550
-596
-1152
332
541
1515
-316
148
-663
566
-755
-1311
428
1402
81
-730
499
453
407
-914
-1470
269
1753
-843
386
340
294
248
-1073
-864
875
319
273
227
181
135
89
-467
-768
206
160
114
68
22
486
-70
904
-1437
47
1
-45
-91
373
-183
2066
-1040
-1596
-112
-158
306
-505
724
933
1907
76
-1245
-1801
193
-618
611
820
1794
-37
-83
-894
-2215
544
498
707
1681
-150
-196
268
-1818
-1099
385
594
1568
-263
201
-610
619
-702
-1258
226
435
1409
88
-723
506
460
-861
-1417
322
1806
-790
439
393
347
301
-1020
-1321
1693
-903
326
280
234
188
142
-414
-715
259
213
167
121
75
29
748
-318
-1384
100
54
8
-38
426
-385
1099
798
-1543
-59
-105
-151
313
-498
986
1960
-1146
-1702
-218
246
-565
664
873
1847
16
-30
-1351
-1397
-678
551
760
1734
-97
-143
321
-1765
-1046
438
392
601
1575
-256
208
-603
-649
-1205
279
488
1462
141
-670
559
513
-808
-1364
375
1349
28
-783
446
400
354
-967
-1268
1746
-850
379
333
287
241
195
-1126
-917
822
266
220
174
128
-1507
-20
-63
-106
361
-447
1040
2017
189
-1129
-1682
-195
-238
229
-579
653
865
1842
14
-1304
-1857
140
-668
564
521
733
1710
-118
-161
-969
-2287
475
432
389
601
1578
-250
217
-591
-634
-1187
300
257
469
1446
-382
85
-723
509
466
-852
-1405
337
1314
-4
-812
420
377
334
291
-1027
-1325
1692
-901
331
288
245
202
159
116
-437
-735
242
199
156
113
70
27
494
-59
918
-1420
67
24
-19
-62
-105
362
-191
2061
-1042
-1595
-108
-151
-194
273
-535
952
1929
101
58
-1260
-1813
184
-624
608
565
777
1754
-74
-117
-925
-2243
519
476
433
645
1622
-206
-249
218
-1865
-1143
344
301
513
1490
-338
129
-679
553
-765
-1318
169
381
1358
40
-768
464
421
378
-940
-1493
249
1736
-857
375
332
289
246
203
160
-903
74
-989
243
200
157
114
71
28
750
-313
-1376
111
68
25
-18
-61
406
-147
2105
-998
-1551
-64
-107
-150
317
-491
996
1973
145
-1173
-1726
-239
228
-580
652
609
821
1798
-30
-1348
-1901
96
-712
520
477
689
1666
-162
-205
262
-1821
-1099
388
345
557
1534
-294
173
-635
597
-721
-1274
213
425
1402
84
-724
508
465
422
-896
-1449
293
1270
-48
-856
376
333
290
247
-1071
-1369
1648
-945
287
244
201
158
115
72
-481
-779
198
155
112
69
26
-17
450
-103
2149
-954
-1507
-20
-63
-106
361
-447
1040
2017
189
-1129
-1682
-195
-238
229
-579
653
865
1842
14
-1304
-1857
140
-668
564
521
733
1710
-118
-161
-969
-2287
475
432
389
601
1578
-250
217
-591
-634
-1187
300
257
469
1446
-382
85
-723
509
466
-852
-1405
337
1314
-4
-812
420
377
334
291
-1027
-1325
1692
-901
331
288
245
202
159
116
-437
-735
242
199
156
113
70
27
494
-59
918
-1420
67
24
-19
-62
-105
362
-191
2061
-1042
-1595
-108
-151
-194
273
-535
952
1929
101
58
-1260
-1813
184
-624
608
565
777
1754
-74
-117
-925
-2243
519
476
433
645
1622
-206
-249
218
-1865
-1143
344
301
513
1490
-338
129
-679
553
-765
-1318
169
381
1358
40
-768
464
421
378
-940
-1493
249
1736
-857
375
332
289
246
203
160
-903
74
-989
243
200
157
114
810
-1525
-35
-75
-115
-155
315
-490
745
960
1940
115
-1200
-1750
-260
-300
170
-635
600
815
1795
-30
-70
-110
-1425
-1465
-740
495
455
670
1650
-175
-215
-255
215
-1865
-1140
350
310
525
1505
-320
-360
110
-695
540
500
-815
-1365
125
340
1320
5
-800
435
395
355
315
-1000
-1550
195
1685
-905
330
290
250
210
170
130
90
-460
-755
225
185
145
105
65
25
-15
455
-95
885
-1450
40
0
-40
-80
-120
350
-455
1035
2015
190
-1125
-1675
-185
-225
245
-560
675
635
850
1830
5
-35
-1350
-1900
100
-705
530
490
705
1685
-140
-180
-220
-1025
-2340
425
385
345
560
1540
-285
-325
145
-660
575
-740
-1290
200
415
1395
-430
40
-765
470
430
390
-925
-1475
270
1250
-65
-870
365
325
285
245
205
165
-1150
-935
810
260
220
180
140
100
60
20
490
-60
920
-1415
75
35
-5
-45
-85
385
-420
1070
2050
-1050
-1600
-110
-150
-190
280
-525
710
925
1905
80
40
-1275
-1825
-335
135
-670
565
780
1760
-65
-105
-145
-1460
-1500
-775
460
420
380
595
1575
-250
-290
180
-625
-665
-1215
275
235
450
1430
-395
75
-730
505
465
425
-890
-1440
305
1285
-30
-835
400
360
320
280
240
-1075
-1370
1650
-940
295
255
215
175
135
95
55
780
-280
-1340
150
110
70
30
-10
-50
420
-385
1105
810
-1525
-35
-75
-115
-155
315
-490
745
960
1940
115
-1200
-1750
-260
-300
170
-635
600
815
1795
-30
-70
-110
-1425
-1465
-740
495
455
670
1650
-175
-215
-255
215
-1865
-1140
350
310
525
1505
-320
-360
110
-695
540
500
-815
-1365
125
340
1320
5
-800
435
395
355
315
-1000
-1550
195
1685
-905
330
290
250
210
170
130
90
-460
-755
225
185
145
105
65
25
-15
455
-95
885
-1450
40
0
-40
-80
-120
350
-455
1035
2015
190
-1125
-1675
-185
-225
245
-560
675
635
850
1830
5
-35
-1350
-1900
100
-705
530
490
705
1685
-140
-180
-220
-1025
-2340
425
385
345
560
1540
-285
-325
145
-660
575
-740
-1290
200
415
1395
-430
40
-765
470
430
390
-925
-1475
270
1250
-65
-870
365
325
285
245
205
165
-1150
-935
810
260
220
180
140
100
-188
2070
248
-1064
-1611
-118
-155
-192
-229
244
-558
680
898
1881
59
22
-1290
-1837
-344
129
-673
565
528
491
709
1692
-130
-167
-204
-1006
-2318
450
413
376
339
557
1540
-282
-319
154
-648
590
553
-759
-1306
187
150
368
1351
-471
2
-800
438
401
364
327
-985
-1532
216
1199
-113
-915
323
286
249
212
175
138
101
64
-483
-775
208
171
134
97
60
23
-14
-51
422
-125
2133
-964
-1511
-18
-55
-92
-129
-166
307
-495
743
961
1944
122
85
-1227
-1774
-281
-318
155
-647
591
554
772
1755
-67
-104
-141
-1453
-1490
-762
476
439
402
620
1603
-219
-256
-293
180
-622
-659
-1206
287
250
213
431
1414
-408
65
-737
501
464
427
390
-922
-1469
279
1262
-50
-852
386
349
312
275
238
201
164
-1148
-1440
1583
-1004
234
197
160
123
86
49
12
-25
448
-99
884
-1448
45
8
-29
-66
-103
-140
333
-469
1024
2007
185
-1127
-1674
-181
-218
-255
218
-584
654
617
835
1818
-4
-41
-1353
-1900
103
-699
539
502
465
683
1666
-156
-193
-230
-267
206
-1871
-1143
350
313
276
494
1477
-345
-382
91
-711
527
490
-822
-1369
124
87
305
1288
-24
-826
412
375
338
301
264
227
-1085
-1377
1646
-941
297
260
223
186
149
112
75
38
511
-1311
437
145
108
71
34
-3
-40
-77
-114
359
-188
2070
248
-1064
-1611
-118
-155
-192
-229
244
-558
680
898
1881
59
22
-1290
-1837
-344
129
-673
565
528
491
709
1692
-130
-167
-204
-1006
-2318
450
413
376
339
557
1540
-282
-319
154
-648
590
553
-759
-1306
187
150
368
1351
-471
2
-800
438
401
364
327
-985
-1532
216
1199
-113
-915
323
286
249
212
175
138
101
64
-483
-775
208
171
134
97
60
23
-14
-51
422
-125
2133
-964
-1511
-18
-55
-92
-129
-166
307
-495
743
961
1944
122
85
-1227
-1774
-281
-318
155
-647
591
554
772
1755
-67
-104
-141
-1453
-1490
-762
476
439
402
620
1603
-219
-256
-293
180
-622
-659
-1206
287
250
213
431
1414
-408
65
-737
501
464
427
390
-922
-1469
279
1262
-50
-852
386
349
312
275
238
201
164
-1148
-1440
1583
-1004
234
197
160
123
86
344
-455
786
1007
1993
174
-1135
-1679
-183
-217
-251
-285
191
-608
633
599
820
1806
-13
-47
-81
-115
-1424
-1968
38
-761
480
446
412
633
1619
-200
-234
-268
-302
174
-625
616
-693
-1237
259
225
191
412
1398
-421
-455
21
-778
463
429
395
361
-948
-1492
4
225
1211
-98
-897
344
310
276
242
208
174
140
106
72
-1237
-1016
735
191
157
123
89
55
21
-13
-47
-81
395
-404
1092
2078
-1016
-1560
-64
-98
-132
-166
-200
-234
242
-557
684
650
871
1857
38
4
-1305
-1849
-353
-387
89
-710
531
497
463
684
1670
-149
-183
-217
-251
225
-1849
-1118
378
344
310
276
497
1483
-336
-370
-404
72
-727
514
480
446
-863
-1407
89
55
276
1262
-47
-846
395
361
327
293
259
225
191
157
-1152
-1441
1585
-999
242
208
174
140
106
72
38
4
-30
-64
412
-132
854
-1475
21
-13
-47
-81
-115
-149
-183
293
-506
735
956
1942
123
89
-1220
-1764
-268
-302
-336
140
-659
582
548
769
1755
-64
-98
-132
-166
-200
-999
-2308
463
429
395
361
327
548
1534
-285
-319
-353
123
-676
565
531
-778
-1322
174
140
361
1347
-472
-506
-30
-829
412
378
344
310
276
242
-1067
-1611
140
1636
-948
293
259
225
191
157
123
89
55
21
-13
718
-336
-1390
106
72
38
4
-30
-64
-98
-132
344
-455
786
1007
1993
174
-1135
-1679
-183
-217
-251
-285
191
-608
633
599
820
1806
-13
-47
-81
-115
-1424
-1968
38
-761
480
446
412
633
1619
-200
-234
-268
-302
174
-625
616
-693
-1237
259
225
191
412
1398
-421
-455
21
-778
463
429
395
361
-948
-1492
4
225
1211
-98
-897
344
310
276
242
208
174
140
106
72
-1237
-1016
735
191
157
123
89
55
21
-13
-47
-81
395
-404
1092
2078
-1016
-1560
-64
-98
-132
-166
-200
-234
242
-557
684
650
871
1857
38
4
-1305
-1849
-353
-387
89
-710
531
497
463
684
1670
-149
-183
-217
-251
225
-1849
-1118
378
344
310
276
497
1483
-336
-370
-404
72
-727
514
480
446
-863
-1407
89
55
276
1262
-47
-846
395
361
327
293
259
225
191
157
-1152
-1441
1585
-999
242
208
174
140
106
72
-144
-175
-206
273
-523
721
945
1934
118
87
-1219
-1760
-261
-292
-323
-354
125
-671
573
542
511
480
704
1693
-123
-154
-185
-216
-247
232
-1839
-1105
394
363
332
301
270
239
463
1452
-364
-395
-426
53
-743
501
470
439
408
-898
-1439
60
29
253
1242
-574
-95
-891
353
322
291
260
229
198
167
136
105
74
43
-1008
-19
-1070
174
143
112
81
50
19
-12
-43
-74
-105
-136
343
-453
1046
2035
219
188
-1118
-1659
-160
-191
-222
-253
-284
-315
164
-632
612
581
805
1794
-22
-53
-84
-115
-146
-1452
-1993
16
-780
464
433
402
371
340
564
1553
-263
-294
-325
-356
123
-673
571
540
509
-797
-1338
161
130
99
323
1312
-504
-535
-56
-852
392
361
330
299
268
237
206
175
-1131
-1672
82
1581
-1000
244
213
182
151
120
89
58
27
-4
-35
-66
-97
382
-159
2105
-986
-1527
-28
-59
-90
-121
-152
-183
-214
-245
234
-562
682
651
875
1864
48
17
-14
-45
-1351
-1892
-393
86
-710
534
503
472
441
410
634
1623
-193
-224
-255
-286
-317
162
-634
-665
-1206
293
262
231
200
169
393
1382
-434
-465
14
-782
462
431
400
369
338
307
276
-1030
-1571
-72
152
1141
-165
-961
283
252
221
190
159
128
97
66
35
4
-27
452
-89
900
-1426
73
42
11
-20
-51
-82
-113
-144
-175
-206
273
-523
721
945
1934
118
87
-1219
-1760
-261
-292
-323
-354
125
-671
573
542
511
480
704
1693
-123
-154
-185
-216
-247
232
-1839
-1105
394
363
332
301
270
239
463
1452
-364
-395
-426
53
-743
501
470
439
408
-898
-1439
60
29
253
1242
-574
-95
-891
353
322
291
260
229
198
167
136
105
74
43
-1008
-19
-1070
174
143
112
81
50
19
-12
-43
-74
-105
-136
343
-453
1046
2035
219
188
-1118
-1659
-160
-191
-222
-253
-284
-315
164
-632
612
581
805
1794
-22
-53
-84
-115
-146
-1452
-1993
16
-780
464
433
402
371
340
564
1553
-263
-294
-325
-356
123
-673
571
540
509
-797
-1338
161
130
99
323
1312
-504
-535
-56
-852
392
361
330
299
268
237
206
175
-1131
-1672
82
1581
-1000
244
213
182
151
120
89
58
-122
-150
-178
-206
-234
-262
220
-573
674
646
873
1865
52
24
-4
-32
-60
-1363
-1901
-399
-427
-455
27
-766
481
453
425
397
369
341
568
1560
-253
-281
-309
-337
-365
-393
89
-704
543
515
487
-816
-1354
148
120
92
64
291
1283
-530
-558
-76
-869
378
350
322
294
266
238
210
182
154
126
98
70
42
-1261
-1034
723
185
157
129
101
73
45
17
-11
-39
-67
-95
-123
-151
-179
303
-490
757
729
956
1948
135
107
79
-1224
-1762
-260
-288
-316
-344
-372
110
-683
564
536
508
480
452
679
1671
-142
-170
-198
-226
-254
-282
-310
172
-621
-649
-1187
315
287
259
231
203
175
147
374
1366
-447
-475
-503
-21
-814
433
405
377
349
321
293
265
237
209
181
-1122
-1660
97
1089
-214
-1007
240
212
184
156
128
100
72
44
16
-12
-40
-68
-96
-124
358
-435
1067
2059
246
-1057
-1595
-93
-121
-149
-177
-205
-233
-261
-289
-317
165
-628
619
591
563
535
762
1754
-59
-87
-115
-143
-171
-199
-227
-1530
-1558
-821
426
398
370
342
314
286
258
485
1477
-336
-364
-392
-420
-448
34
-759
488
460
432
404
376
348
-955
-1493
9
-19
-47
180
1172
-641
-159
-952
295
267
239
211
183
155
127
99
71
43
15
-13
-41
-69
413
-125
867
-1456
46
18
-10
-38
-66
-94
-122
-150
-178
-206
-234
-262
220
-573
674
646
873
1865
52
24
-4
-32
-60
-1363
-1901
-399
-427
-455
27
-766
481
453
425
397
369
341
568
1560
-253
-281
-309
-337
-365
-393
89
-704
543
515
487
-816
-1354
148
120
92
64
291
1283
-530
-558
-76
-869
378
350
322
294
266
238
210
182
154
126
98
70
42
-1261
-1034
723
185
157
129
101
73
45
17
-11
-39
-67
-95
-123
-151
-179
303
-490
757
729
956
1948
135
107
79
-1224
-1762
-260
-288
-316
-344
-372
110
-683
564
536
508
480
452
679
1671
-142
-170
-198
-226
-254
-282
-310
172
-621
-649
-1187
315
287
259
231
203
175
147
374
1366
-447
-475
-503
-21
-814
433
405
377
349
321
293
265
237
209
181
-1122
-1660
97
1089
-214
-1007
240
212
184
156
128
100
72
44
-100
-125
-150
-175
-200
-225
-250
-275
-300
-325
160
-630
620
595
570
545
520
750
1745
-65
-90
-115
-140
-165
-190
-215
-240
-265
-290
-315
170
-1895
-1155
350
325
300
275
250
225
200
175
150
125
355
1350
-460
-485
-510
-535
-50
-840
410
385
360
335
310
285
260
235
210
185
160
135
110
85
60
35
-1265
-1545
1490
-1085
165
140
115
90
65
40
15
-10
-35
-60
-85
-110
-135
-160
-185
-210
-235
-260
225
-565
685
660
635
865
1860
50
25
0
-25
-50
-75
-100
-125
-1425
-1960
-455
-480
5
-785
465
440
415
390
365
340
315
290
265
495
1490
-320
-345
-370
-395
-420
-445
-470
15
-775
475
450
425
400
375
350
325
300
275
250
-1050
-1585
-80
-105
-130
100
1095
-205
-995
255
230
205
180
155
130
105
80
55
30
5
-20
-45
-70
-95
-120
-145
-170
315
-475
775
1005
2000
190
165
140
115
-1185
-1720
-215
-240
-265
-290
-315
-340
-365
-390
-415
70
-720
530
505
480
455
430
405
380
610
1605
-205
-230
-255
-280
-305
-330
-355
-380
105
-685
565
540
515
490
465
-835
-1370
135
110
85
60
35
10
240
1235
-575
-600
-625
-140
-930
320
295
270
245
220
195
170
145
120
95
70
45
20
-5
-30
-55
-80
-105
380
-155
2115
-970
-1505
0
-25
-50
-75
-100
-125
-150
-175
-200
-225
-250
-275
-300
-325
160
-630
620
595
570
545
520
750
1745
-65
-90
-115
-140
-165
-190
-215
-240
-265
-290
-315
170
-1895
-1155
350
325
300
275
250
225
200
175
150
125
355
1350
-460
-485
-510
-535
-50
-840
410
385
360
335
310
285
260
235
210
185
160
135
110
85
60
35
-1265
-1545
1490
-1085
165
140
115
90
65
40
15
-10
-35
-60
-85
-110
-135
-160
-185
-210
-235
-260
225
-565
685
660
635
865
1860
50
25
0
-25
-50
-75
-100
-125
-1425
-1960
-455
-480
5
-785
465
440
415
390
365
340
315
290
265
495
1490
-320
-345
-370
-395
-420
-445
-470
15
-775
475
450
425
400
375
350
325
300
275
250
-1050
-1585
-80
-105
-130
100
1095
-205
-995
255
230
205
180
155
130
105
80
55
30
-1098
-1630
-122
-144
-166
-188
-210
-232
-254
-276
-298
-320
-342
-364
-386
-408
-430
58
-729
524
502
480
458
436
414
392
370
348
326
304
282
515
1513
-294
-316
-338
-360
-382
-404
-426
-448
-470
-492
-4
-791
462
440
418
396
374
352
330
308
286
264
242
220
198
176
154
132
110
88
66
-1231
-1763
-255
-22
1486
-1086
167
145
123
101
79
57
35
13
-9
-31
-53
-75
-97
-119
-141
-163
-185
-207
-229
-251
-273
-295
-317
-339
149
-638
615
593
571
549
527
505
483
461
694
1692
-115
-137
-159
-181
-203
-225
-247
-269
-291
-313
-335
-357
-379
109
-678
575
553
531
509
487
465
443
-854
-1386
122
100
78
56
34
12
-10
-32
-54
-76
157
1155
-652
-674
-696
-208
-995
258
236
214
192
170
148
126
104
82
60
38
16
-6
-28
-50
-72
-94
-116
-138
-160
-182
-204
-226
262
-525
728
706
684
662
895
1893
86
64
42
20
-2
-24
-46
-68
-90
-112
-134
-156
-178
-200
-1497
-2029
-521
-543
-55
-842
411
389
367
345
323
301
279
257
235
213
191
169
147
125
103
336
1334
-473
-495
-517
-539
-561
-583
-95
-882
371
349
327
305
283
261
239
217
195
173
151
129
107
85
63
41
19
-3
-25
-47
-69
-91
-113
-135
353
-434
1074
2072
265
243
221
199
-1098
-1630
-122
-144
-166
-188
-210
-232
-254
-276
-298
-320
-342
-364
-386
-408
-430
58
-729
524
502
480
458
436
414
392
370
348
326
304
282
515
1513
-294
-316
-338
-360
-382
-404
-426
-448
-470
-492
-4
-791
462
440
418
396
374
352
330
308
286
264
242
220
198
176
154
132
110
88
66
-1231
-1763
-255
-22
1486
-1086
167
145
123
101
79
57
35
13
-9
-31
-53
-75
-97
-119
-141
-163
-185
-207
-229
-251
-273
-295
-317
-339
149
-638
615
593
571
549
527
505
483
461
694
1692
-115
-137
-159
-181
-203
-225
-247
-269
-291
-313
-335
-357
-379
109
-678
575
553
531
509
487
465
443
-854
-1386
122
100
78
56
34
12
-10
-32
-54
-76
157
1155
-652
-674
-696
-208
-995
258
236
214
192
170
148
126
104
82
60
38
16
964
1965
161
142
123
104
85
66
47
28
9
-10
-29
-48
-67
-86
-105
-124
-143
-162
-181
-200
-219
-238
-257
-276
-295
-314
-333
-352
-371
120
-664
592
573
554
535
516
497
478
459
440
421
-873
-1402
109
90
71
52
33
14
-5
-24
-43
-62
-81
-100
-119
-138
-157
-176
-195
-214
-233
3
1004
-800
-309
-1093
163
144
125
106
87
68
49
30
11
-8
-27
-46
-65
-84
-103
-122
-141
-160
-179
-198
-217
-236
-255
-274
-293
-312
-331
-350
-369
-388
-407
-426
-445
-464
-483
8
-776
480
461
442
423
404
385
366
347
328
309
290
271
252
233
214
195
176
157
138
119
100
81
317
1318
-486
-505
-524
-543
-562
-581
-600
-619
-638
-657
-166
-950
306
287
268
249
230
211
192
173
154
135
116
97
78
59
40
21
2
-17
-36
-55
-74
-93
-112
-131
-150
-169
-188
-207
-226
-245
-264
-283
-302
-321
170
-614
642
623
604
585
566
547
528
509
490
471
452
433
414
395
631
1632
-172
-191
-210
-229
-248
-267
-286
-305
-324
-343
-362
-381
-400
-419
-438
-457
-476
-495
-514
-23
-807
449
430
411
392
373
354
335
316
297
278
259
240
221
202
183
164
145
126
107
88
69
50
31
12
-7
-26
-45
-64
-83
-102
-121
-140
-159
-178
313
-471
785
766
747
728
964
1965
161
142
123
104
85
66
47
28
9
-10
-29
-48
-67
-86
-105
-124
-143
-162
-181
-200
-219
-238
-257
-276
-295
-314
-333
-352
-371
120
-664
592
573
554
535
516
497
478
459
440
421
-873
-1402
109
90
71
52
33
14
-5
-24
-43
-62
-81
-100
-119
-138
-157
-176
-195
-214
-233
3
1004
-800
-309
-1093
163
144
125
106
87
68
49
30
11
-8
-27
-46
-65
-84
-103
-122
-141
-160
-179
-198
-217
-236
-255
-274
-293
-312
-331
-350
-369
-388
-407
-426
-445
-464
-483
8
-776
480
461
442
423
404
385
366
347
328
309
290
271
252
233
214
195
176
157
138
119
100
81
317
1318
-486
-505
-524
-543
-562
-581
-600
-619
-638
-657
-166
-950
306
287
268
249
230
211
192
173
154
135
116
97
78
59
40
21
2
221
-560
699
683
667
651
635
619
603
587
571
555
539
523
507
491
475
459
443
427
411
395
379
363
347
331
315
299
283
267
251
235
219
203
187
171
155
139
123
107
91
75
59
298
1302
-499
-515
-531
-547
-563
-579
-595
-611
-627
-643
-659
-675
-691
-707
-723
-739
-755
-771
-787
-293
-1074
185
169
153
137
121
105
89
73
57
41
25
9
-7
-23
-39
-55
-71
-87
-103
1156
1650
104
88
72
56
40
24
8
-8
-24
-40
-56
-72
-88
-104
-120
-136
-152
-168
-184
-200
-216
-232
-248
-264
-280
-296
-312
-328
-344
-360
-376
-392
-408
-424
-440
-456
-472
-488
-504
-520
-536
-42
-823
436
420
404
388
372
356
340
324
308
292
276
260
244
228
212
196
180
164
148
132
116
100
84
68
52
36
20
4
-12
-28
-44
-60
-76
-92
-108
-124
-140
-156
-172
-188
-204
-220
-236
-252
-268
-284
-300
-316
-332
-348
-364
-380
-396
-412
-428
-444
-460
-476
-492
-508
-524
-540
-46
-827
432
416
400
384
368
352
336
320
304
288
272
256
240
224
208
192
176
160
144
1403
1897
351
335
319
303
287
271
255
239
223
207
191
175
159
143
127
111
95
79
63
47
31
15
-1
-17
-33
-49
-65
-81
-97
-113
-129
-145
-161
-177
-193
-209
-225
-241
-257
-273
221
-560
699
683
667
651
635
619
603
587
571
555
539
523
507
491
475
459
443
427
411
395
379
363
347
331
315
299
283
267
251
235
219
203
187
171
155
139
123
107
91
75
59
298
1302
-499
-515
-531
-547
-563
-579
-595
-611
-627
-643
-659
-675
-691
-707
-723
-739
-755
-771
-787
-293
-1074
185
169
153
137
121
105
89
73
57
41
25
9
-7
-23
-39
-55
-71
-87
-103
1156
1650
104
88
72
56
40
24
8
-8
-24
-40
-56
-72
-88
-104
-120
-136
-152
-168
-184
-200
-216
-232
-248
-264
-280
-296
-312
-328
-344
-360
-376
-392
-408
-424
-440
-456
-472
-488
-504
-520
-536
-42
-823
436
420
404
388
372
356
340
324
308
292
276
260
244
228
212
196
180
164
148
132
116
100
84
68
52
36
20
4
-12
-267
-280
-293
-306
-319
-332
-345
-358
-371
-384
-397
-410
-423
-436
-449
-462
-475
-488
-501
-514
-527
-540
-553
-566
-579
-592
670
1167
-376
-389
-402
-415
-428
-441
-454
-467
-480
-493
-506
-519
-532
-545
-558
-61
-839
423
410
397
384
371
358
345
332
319
306
293
280
267
254
241
228
215
202
189
176
163
150
137
124
111
98
85
72
59
46
33
20
1282
1779
236
223
210
197
184
171
-97
-1130
642
629
616
603
590
577
564
551
538
525
512
499
486
473
460
447
434
421
408
395
382
369
356
343
330
317
304
291
278
265
252
239
226
213
200
187
174
161
148
135
122
1384
1881
338
325
312
299
286
273
260
247
234
221
208
195
182
169
156
143
130
117
104
91
78
65
52
39
26
13
0
-13
-26
-39
-52
-65
-78
-91
-104
-117
-130
-143
-156
-169
-182
-195
-208
-221
-234
-247
-260
-273
-286
976
1473
-70
-83
-96
-109
-122
-135
-148
-161
-174
-187
-200
-213
-226
-239
-252
-265
-278
-291
-304
-317
-330
-343
-356
-369
-382
-395
-408
-421
-434
-447
-460
-473
-741
-1774
-2
-15
-28
-41
-54
-67
-80
-93
-106
-119
-132
-145
-158
-171
-184
1078
1575
32
19
6
-7
-20
-33
-46
-59
-72
-85
-98
-111
-124
-137
-150
-163
-176
-189
-202
-215
-228
-241
-254
-267
-280
-293
-306
-319
-332
-345
-358
-371
-384
-397
-410
-423
-436
-449
-462
-475
-488
-501
-514
-527
-540
-553
-566
-579
-592
670
1167
-376
-389
-402
-415
-428
-441
-454
-467
-480
-493
-506
-519
-532
-545
-558
-61
-839
423
410
397
384
371
358
345
332
319
306
293
280
267
254
241
228
215
202
189
176
163
150
137
124
111
98
85
72
59
46
33
20
1282
1779
236
223
210
197
184
171
-97
-1130
642
629
616
603
590
577
564
551
538
525
512
499
486
473
460
447
434
421
408
395
382
369
356
343
330
317
304
291
278
265
252
239
226
213
200
187
174
161
148
135
122
1384
1881
338
325
312
299
286
273
260
247
234
221
208
195
182
169
156
143
130
117
104
91
78
65
52
39
26
13
0
-13
-26
-245
-255
-265
-275
-285
-295
-305
-315
-325
-335
-345
920
1420
-120
-130
-140
-150
-160
-170
-180
-190
-200
-210
-220
-230
-240
-505
-1535
240
230
220
210
200
190
180
170
160
150
140
130
120
110
100
1365
1865
325
315
305
295
285
275
265
255
245
235
225
215
205
195
185
175
165
155
145
135
125
115
105
95
85
75
65
55
45
35
1300
1800
5
-1025
750
740
730
720
710
700
180
935
-350
-360
-370
-380
-390
-400
-410
-420
-430
-440
-450
-460
-470
-480
-490
-500
-510
-520
-530
-540
725
1225
-315
-325
-335
-345
-355
-365
-375
-385
-395
-405
-415
-425
-435
-445
-455
-465
-475
-485
-495
-760
-1790
-15
-25
-35
-45
-55
-65
-75
-85
1180
1680
140
130
120
110
100
90
80
70
60
50
40
30
20
10
0
-10
-20
-30
-40
-50
-60
-70
-80
-90
-100
-110
-120
-130
-140
-150
1115
1615
75
65
55
45
35
25
15
-250
-1280
495
485
475
465
455
445
435
425
415
405
395
385
375
365
355
345
335
325
315
305
295
1560
2060
520
510
500
490
480
470
460
450
440
-80
675
-610
-620
-630
-640
-650
-660
-670
-680
-690
-700
-710
-720
-730
-740
-750
-1015
-2045
-270
-280
985
1485
-55
-65
-75
-85
-95
-105
-115
-125
-135
-145
-155
-165
-175
-185
-195
-205
-215
-225
-235
-245
-255
-265
-275
-285
-295
-305
-315
-325
-335
-345
920
1420
-120
-130
-140
-150
-160
-170
-180
-190
-200
-210
-220
-230
-240
-505
-1535
240
230
220
210
200
190
180
170
160
150
140
130
120
110
100
1365
1865
325
315
305
295
285
275
265
255
245
235
225
215
205
195
185
175
165
155
145
135
125
115
105
95
85
75
65
55
45
35
1300
1800
5
-1025
750
740
730
720
710
700
180
935
-350
-360
-370
-380
-390
-400
-410
-420
-430
-440
-450
-460
-470
-480
-490
-500
-510
-520
-530
-540
725
1225
-315
-325
-335
-345
-355
-365
-375
-385
-395
-405
-415
-425
-435
-445
-455
-465
-475
-485
-495
-760
-1790
-15
-25
-35
-45
-55
-65
-75
-85
1180
1680
140
130
120
110
100
90
80
70
60
50
40
30
20
10
0
-10
-20
-30
-40
-223
-230
-237
-244
1024
1527
-10
-17
-24
-31
-38
-300
-1327
451
444
437
430
423
416
409
402
395
388
381
374
367
-150
1883
1111
-426
-433
-440
-447
-454
-461
-468
-475
-482
-489
-496
-503
-510
-517
-779
-1806
-28
-35
-42
-49
-56
-63
1205
1708
171
164
157
150
143
136
129
122
115
108
101
94
87
80
73
66
59
52
45
38
31
1299
1547
-1010
258
1016
-266
-273
-280
-287
-294
-301
-308
-315
-322
-329
-336
-343
-350
-357
-364
-371
-378
-385
883
1386
-151
-158
-165
-172
-179
-186
-193
-200
-462
-1489
289
282
275
268
261
254
247
240
233
226
219
1487
1990
453
446
439
432
425
418
-99
659
-623
-630
-637
-644
-651
-658
-665
-672
-934
-1961
-183
-190
-197
1071
1574
37
30
23
16
9
2
-5
-12
-19
-26
-33
-40
-47
-54
-61
-68
-75
-82
-89
-96
-103
1165
1668
131
124
-138
-1165
613
606
599
592
585
578
571
54
812
-470
-477
-484
-491
-498
-505
-512
-519
-526
742
1245
-292
-299
-306
-313
-320
-327
-334
-341
-348
-355
-617
-1644
134
127
120
113
106
99
92
85
78
1346
1849
312
305
298
291
284
277
270
263
256
249
242
235
228
221
214
-303
455
-827
-834
-1096
-2123
930
1433
-104
-111
-118
-125
-132
-139
-146
-153
-160
-167
-174
-181
-188
-195
-202
-209
-216
-223
-230
-237
-244
1024
1527
-10
-17
-24
-31
-38
-300
-1327
451
444
437
430
423
416
409
402
395
388
381
374
367
-150
1883
1111
-426
-433
-440
-447
-454
-461
-468
-475
-482
-489
-496
-503
-510
-517
-779
-1806
-28
-35
-42
-49
-56
-63
1205
1708
171
164
157
150
143
136
129
122
115
108
101
94
87
80
73
66
59
52
45
38
31
1299
1547
-1010
258
1016
-266
-273
-280
-287
-294
-301
-308
-315
-322
-329
-336
-343
-350
-357
-364
-371
-378
-385
883
1386
-151
-158
-165
-172
-179
-186
-193
-200
-462
-1489
289
282
275
268
261
254
247
240
233
226
219
1487
1990
453
446
439
432
425
418
-99
659
-623
-630
-637
-644
-651
-658
-665
-672
-934
-1961
-183
-190
-197
1071
1574
37
30
23
16
9
2
-5
-12
-19
-26
-33
-40
-47
-54
1074
1580
46
42
-217
-1241
540
536
532
528
524
10
771
-508
-512
-516
-520
-524
-528
743
1249
-285
-289
-293
-297
-301
-305
-564
-1588
193
189
185
181
177
173
169
165
1436
1942
408
404
400
396
-118
643
-636
-640
-644
-648
-652
-656
-915
-1939
-158
-162
1109
1615
81
77
73
69
65
61
57
53
49
45
41
37
33
29
25
21
1292
1543
-1521
1025
-254
-258
-262
-266
-270
-274
-278
-282
-286
-290
-294
-298
-302
-306
965
1471
-63
-67
-71
-75
-334
-1358
423
419
415
411
407
403
399
395
-119
642
-637
634
1140
-394
-398
-402
-406
-410
-414
-418
-422
-681
-1705
76
72
68
64
60
56
1327
1833
299
295
291
287
283
279
275
271
-243
518
-761
-765
-769
-1028
-2052
-271
1000
1506
-28
-32
-36
-40
-44
-48
-52
-56
-60
-64
-68
-72
-76
-80
-84
-88
1183
1689
-100
-1124
657
653
139
900
-379
-383
-387
-391
-395
-399
-403
-407
-411
-415
856
1362
-172
-176
-180
-184
-188
-192
-451
-1475
306
302
298
294
290
286
282
278
274
1545
1541
772
-507
-511
-515
-519
-523
-527
-531
-535
-539
-798
-1822
-41
-45
-49
-53
1218
1724
190
186
182
178
174
170
166
162
158
154
150
146
142
-372
389
-1145
-894
1397
-137
-141
-145
-149
-153
-157
-161
-165
-169
-173
-177
-181
-185
-189
-193
-197
1074
1580
46
42
-217
-1241
540
536
532
528
524
10
771
-508
-512
-516
-520
-524
-528
743
1249
-285
-289
-293
-297
-301
-305
-564
-1588
193
189
185
181
177
173
169
165
1436
1942
408
404
400
396
-118
643
-636
-640
-644
-648
-652
-656
-915
-1939
-158
-162
1109
1615
81
77
73
69
65
61
57
53
49
45
41
37
33
29
25
21
1292
1543
-1521
1025
-254
-258
-262
-266
-270
-274
-278
-282
-286
-290
-294
-298
-302
-306
965
1471
-63
-67
-71
-75
-334
-1358
423
419
415
411
407
403
399
395
-119
642
-637
634
1140
-394
-398
-402
-406
-410
-414
-418
-422
-681
-1705
76
72
68
64
60
56
1327
1833
299
295
291
287
283
279
275
271
-243
518
-761
-765
-769
-1028
-2052
-271
1000
1506
-28
-32
-36
-40
-44
-48
-52
-56
-60
-64
-68
-179
-1200
584
583
72
836
-440
-441
-442
-443
-444
-445
-446
828
1337
-194
-195
-196
-197
-453
-1474
310
309
308
307
306
305
-206
1833
1067
-464
-465
-466
-467
-468
-469
-470
-726
-1747
37
36
35
34
1308
1817
286
285
284
283
282
281
-230
534
-742
-743
-999
-2020
-236
1038
1547
16
15
14
13
12
11
10
9
8
7
6
5
4
1023
2
1021
-255
-256
-257
-258
-259
-260
-261
-262
-263
-264
-265
-266
1008
1517
-14
-270
-1291
493
492
491
490
-21
743
-533
-534
-535
-536
738
1247
-284
-285
-286
-287
-288
-544
-1565
219
218
217
216
215
214
1488
1997
-44
720
-556
-557
-558
-559
-560
-561
-817
-1838
-54
-55
-56
1218
1727
196
195
194
193
192
191
190
189
-322
442
-834
-1090
-2111
948
1457
-74
-75
-76
-77
-78
-79
-80
-81
-82
-83
-84
-85
-86
1188
1442
-1109
165
929
-347
-348
-349
-350
-351
-352
-353
-354
-355
-356
918
1427
-104
-105
-361
-1382
402
401
400
399
398
397
-114
650
-626
648
1157
-374
-375
-376
-377
-378
-379
-635
-1656
128
127
126
125
124
1398
1907
376
375
374
-137
627
-649
-650
-651
-652
-908
-1929
-145
-146
1128
1637
106
105
104
103
102
101
100
99
98
97
96
-415
94
-927
1367
-164
-165
-166
-167
-168
-169
-170
-171
-172
-173
-174
-175
-176
1098
1607
-179
-1200
584
583
72
836
-440
-441
-442
-443
-444
-445
-446
828
1337
-194
-195
-196
-197
-453
-1474
310
309
308
307
306
305
-206
1833
1067
-464
-465
-466
-467
-468
-469
-470
-726
-1747
37
36
35
34
1308
1817
286
285
284
283
282
281
-230
534
-742
-743
-999
-2020
-236
1038
1547
16
15
14
13
12
11
10
9
8
7
6
5
4
1023
2
1021
-255
-256
-257
-258
-259
-260
-261
-262
-263
-264
-265
-266
1008
1517
-14
-270
-1291
493
492
491
490
-21
743
-533
-534
-535
-536
738
1247
-284
-285
-286
-287
-288
-544
-1565
219
218
217
216
215
214
1488
1997
-44
720
-556
-557
-558
-559
-560
-561
-817
-1838
-54
-55
-56
1218
1727
196
195
194
193
192
191
190
189
-322
442
-834
-1090
-2111
948
1457
-74
-75
-76
-77
-78
-79
-80
-81
-82
98
865
-408
-406
-404
-402
-400
-398
-396
881
1393
-135
-133
-386
-1404
383
385
387
389
-119
648
-625
652
1164
-364
-362
-360
-358
-611
-1629
158
160
162
164
1441
1953
425
-83
684
-589
-587
-585
-583
-836
-1854
-67
-65
1212
1724
196
198
200
202
204
206
-302
465
-808
-1061
-2079
983
1495
-33
-31
-29
-27
-25
-23
-21
-19
-17
-15
-13
499
756
-262
-260
-258
-256
-254
-252
-250
-248
-246
-244
1033
1545
17
-236
-1254
533
25
792
-481
-479
-477
-475
-473
804
1316
-212
-210
-208
-461
-1479
308
310
312
314
316
-192
1850
1087
-441
-439
-437
-435
-433
-686
-1704
83
85
87
89
1366
1878
350
352
-156
611
-662
-660
-658
-911
-1929
-142
1135
1647
119
121
123
125
127
129
131
133
-375
392
-1136
-879
1418
-110
-108
-106
-104
-102
-100
-98
-96
-94
-92
-90
1187
1444
-1614
938
-335
-333
-331
-329
-327
-325
-323
-321
-319
958
1470
-58
-311
-1329
458
460
-48
719
-554
-552
-550
727
1239
-289
-287
-285
-283
-536
-1554
233
235
237
239
241
1518
1520
757
-516
-514
-512
-510
-508
-761
-1779
8
10
12
1289
1801
273
275
277
279
-229
538
-735
-733
-986
-2004
-217
1060
1572
44
46
48
50
52
54
56
58
60
-448
1339
-444
-187
-185
-183
-181
-179
-177
-175
-173
-171
-169
-167
1110
1622
-161
-1179
98
865
-408
-406
-404
-402
-400
-398
-396
881
1393
-135
-133
-386
-1404
383
385
387
389
-119
648
-625
652
1164
-364
-362
-360
-358
-611
-1629
158
160
162
164
1441
1953
425
-83
684
-589
-587
-585
-583
-836
-1854
-67
-65
1212
1724
196
198
200
202
204
206
-302
465
-808
-1061
-2079
983
1495
-33
-31
-29
-27
-25
-23
-21
-19
-17
-15
-13
499
756
-262
-260
-258
-256
-254
-252
-250
-248
-246
-244
1033
1545
17
-236
-1254
533
25
792
-481
-479
-477
-475
-473
804
1316
-212
-210
-208
-461
-1479
308
310
312
314
316
-192
1850
1087
-441
-439
-437
-435
-433
-686
-1704
83
85
87
89
1366
1878
350
352
-156
611
-662
-660
-658
-911
-1929
-142
1135
1647
119
121
123
125
127
129
131
133
-375
392
-1136
-879
1418
-110
-108
-106
-104
-102
-100
-98
-96
-390
-385
-380
-375
-370
-365
915
1430
-95
-345
-1360
430
435
-70
700
-570
-565
715
1230
-295
-290
-285
-535
-1550
240
245
250
255
1025
2305
-495
-490
-485
-480
-730
-1745
45
50
55
1335
1850
325
330
-175
595
-675
-670
-920
-1935
-145
1135
1650
125
130
135
140
145
150
-355
415
-1110
-850
1450
-75
-70
-65
-60
-55
-50
-45
-40
-35
1245
995
-785
-270
-265
-260
-255
-250
-245
-240
-235
1045
1560
-220
-1235
555
50
820
-450
-445
-440
-435
-430
850
1365
-160
-410
-1425
365
370
375
-130
640
-630
650
1165
-360
-355
-350
-600
-1615
175
180
185
190
1470
1475
715
-555
-550
-545
-540
-790
-1805
-15
-10
1270
1785
260
265
270
-235
535
-735
-985
-2000
-210
1070
1585
60
65
70
75
80
85
90
-415
100
-915
1385
-140
-135
-130
-125
-120
-115
-110
-105
-100
1180
1440
-1615
940
-330
-325
-320
-315
-310
-305
-300
980
1495
-30
-280
-1295
495
-10
760
-510
-505
-500
780
1295
-230
-225
-475
-1490
300
305
310
315
-190
1855
1095
-430
-425
-420
-415
-665
-1680
110
115
120
1400
1915
390
-115
655
-615
-610
-605
-855
-1870
-80
-75
1205
1720
195
200
205
210
-295
475
-795
-1045
-2060
1005
1520
-5
0
5
10
15
20
25
30
-730
295
1320
-205
-200
-195
-190
-185
-180
-175
-170
-165
1115
1375
-1170
110
880
-390
-385
-380
-375
-370
-365
915
1430
-95
-345
-1360
430
435
-70
700
-570
-565
715
1230
-295
-290
-285
-535
-1550
240
245
250
255
1025
2305
-495
-490
-485
-480
-730
-1745
45
50
55
1335
1850
325
330
-175
595
-675
-670
-920
-1935
-145
1135
1650
125
130
135
140
145
150
-355
415
-1110
-850
1450
-75
-70
-65
-60
-55
-50
-45
-40
-35
1245
995
-785
-270
-265
-260
-255
-250
-245
-240
-235
1045
1560
-220
-1235
555
50
820
-450
-445
-440
-435
-430
850
1365
-160
-410
-1425
365
370
375
-130
640
-630
650
1165
-360
-355
-350
-600
-1615
175
180
185
190
1470
1475
715
-555
-550
-545
-540
-790
-1805
-15
-10
1270
1785
260
265
270
-235
535
-735
-985
-2000
-210
1070
1585
60
65
70
75
80
85
90
-415
100
-915
1385
-140
-135
-130
-125
-120
-115
-110
-368
-360
-352
-344
939
1457
-320
-1332
461
-41
732
-535
-527
756
1274
-248
-240
-487
-1499
294
302
310
-192
1856
1099
-423
-415
-407
-654
-1666
127
135
143
1426
1434
677
-590
-582
-574
-821
-1833
-40
-32
1251
1769
247
255
-247
526
-741
-988
-2000
-207
1076
1594
72
80
88
96
104
-398
120
-892
1411
-111
-103
-95
-87
-79
-71
-63
-55
973
-39
989
-278
-270
-262
-254
-246
-238
-230
1053
1316
-1226
57
830
-437
-429
-421
-413
-405
878
1396
-126
-373
-1385
408
-94
679
-588
-580
703
1221
-301
-293
-540
-1552
241
249
257
1030
2313
-484
-476
-468
-460
-707
-1719
74
82
1365
1883
361
-141
632
-635
-627
-874
-1886
-93
1190
1708
186
194
202
-300
473
-794
-1041
-2053
1015
1533
11
19
27
35
43
51
-451
67
-945
1358
-164
-156
-148
-140
-132
-124
-116
-108
920
-92
936
-331
-323
-315
-307
-299
-291
992
1510
-267
-1279
514
12
785
-482
-474
-466
817
1335
-187
-434
-1446
347
355
-147
626
-641
642
1160
-362
-354
-601
-1613
180
188
196
204
977
2260
-537
-529
-521
-768
-1780
13
21
29
1312
1830
308
-194
579
-688
-680
-927
-1939
1129
1647
125
133
141
149
157
-345
428
-1094
-831
1472
-50
-42
-34
-26
-18
-10
-2
-504
1289
-488
-225
-217
-209
-201
-193
-185
-177
-169
1114
1377
-1675
883
-384
-376
-368
-360
-352
-344
939
1457
-320
-1332
461
-41
732
-535
-527
756
1274
-248
-240
-487
-1499
294
302
310
-192
1856
1099
-423
-415
-407
-654
-1666
127
135
143
1426
1434
677
-590
-582
-574
-821
-1833
-40
-32
1251
1769
247
255
-247
526
-741
-988
-2000
-207
1076
1594
72
80
88
96
104
-398
120
-892
1411
-111
-103
-95
-87
-79
-71
-63
-55
973
-39
989
-278
-270
-262
-254
-246
-238
-230
1053
1316
-1226
57
830
-437
-429
-421
-413
-405
878
1396
-126
-373
-1385
408
-94
679
-588
-580
703
1221
-301
-293
-540
-1552
241
249
257
1030
2313
-484
-476
-468
-460
-707
-1719
74
82
1365
1883
361
-141
632
-635
-627
-874
-1886
-93
1190
1708
186
194
202
-300
473
-794
-1041
-2053
1015
1533
11
19
27
35
43
51
-451
67
-945
1358
-164
-156
-148
-140
-132
-124
-346
-335
951
1472
-302
-1311
-25
751
-513
-502
-491
795
1316
-458
-1467
329
340
-159
617
628
1149
-370
-359
-603
-1612
184
195
206
982
2268
-526
-515
-504
-748
-1757
39
50
1336
1857
-172
604
-660
-649
-893
-1902
-106
1180
1701
182
193
-306
470
-794
-1038
-2047
1024
1545
26
37
48
59
-440
81
-928
1378
-141
-130
-119
-108
-97
-86
-75
446
712
-297
-286
-275
-264
-253
-242
-231
1055
1321
-1728
833
-431
-420
-409
-398
-387
899
1420
-354
-1363
433
-66
710
-554
-543
743
1264
-255
-499
-1508
288
299
-200
1851
1097
-422
-411
-655
-1664
132
143
154
1440
1451
697
-567
-556
-800
-1809
-13
-2
1284
1805
286
-213
563
-701
-945
-1954
-158
1128
1649
130
141
152
-347
429
-1090
-824
1482
-37
-26
-15
-4
7
18
-481
1315
-459
-193
-182
-171
-160
-149
-138
-127
1159
915
-859
-338
-327
-316
-305
-294
-283
1003
1269
-1270
16
792
-472
-461
-450
-439
847
1368
-406
-1415
381
-118
658
-606
680
1201
-318
-307
-551
-1560
236
247
-252
1799
1045
-474
-463
-452
-696
-1705
91
102
1388
1399
645
-619
-608
-597
-841
-1850
-54
1232
1753
234
245
-254
522
-997
-2006
-210
1076
1597
78
89
100
111
-388
133
-876
1430
-89
-78
-67
-56
-45
-34
-23
498
764
-245
-234
-223
-212
-201
-190
-179
1107
1373
-1676
885
-379
-368
-357
-346
-335
951
1472
-302
-1311
-25
751
-513
-502
-491
795
1316
-458
-1467
329
340
-159
617
628
1149
-370
-359
-603
-1612
184
195
206
982
2268
-526
-515
-504
-748
-1757
39
50
1336
1857
-172
604
-660
-649
-893
-1902
-106
1180
1701
182
193
-306
470
-794
-1038
-2047
1024
1545
26
37
48
59
-440
81
-928
1378
-141
-130
-119
-108
-97
-86
-75
446
712
-297
-286
-275
-264
-253
-242
-231
1055
1321
-1728
833
-431
-420
-409
-398
-387
899
1420
-354
-1363
433
-66
710
-554
-543
743
1264
-255
-499
-1508
288
299
-200
1851
1097
-422
-411
-655
-1664
132
143
154
1440
1451
697
-567
-556
-800
-1809
-13
-2
1284
1805
286
-213
563
-701
-945
-1954
-158
1128
1649
130
141
152
-347
429
-1090
-824
1482
-37
-26
-15
-4
7
18
-481
1315
-459
-193
-182
-171
-160
-149
-138
951
1475
-296
-1302
-13
766
-495
-481
808
1332
-184
-425
-1431
-142
637
-624
665
1189
-327
-568
-1574
225
239
-257
1797
1046
-470
-456
-697
-1703
96
110
1399
1413
662
-599
-585
-826
-1832
-33
1256
1780
264
-232
547
-714
-955
-1961
1113
1637
121
135
149
-347
432
-1084
-815
1494
-22
-8
6
20
-476
48
-958
1351
-165
-151
-137
-123
-109
-95
429
698
-308
-294
-280
-266
-252
-238
1051
1320
-1726
838
-423
-409
-395
-381
908
1432
-339
-1345
-56
723
-538
-524
765
1289
-227
-468
-1474
325
-171
608
622
1146
-370
-611
-1617
182
196
-300
1754
1003
-513
-499
-740
-1746
53
67
1356
1370
619
-642
-628
-869
-1875
-76
1213
1737
221
-275
504
-757
-998
-2004
1070
1594
78
92
106
-390
134
-2147
927
1451
-65
-51
-37
-23
-9
-760
274
1308
-208
-194
-180
-166
-152
-138
896
-110
924
-337
-323
-309
-295
-281
1008
1277
-1769
795
-466
-452
-438
-424
865
1389
-382
-1388
-99
680
-581
-567
722
1246
-525
-1531
268
282
-214
565
579
1103
-413
-654
-1660
139
153
167
946
2235
-556
-542
-783
-1789
10
24
1313
1837
-189
590
-671
-912
-1918
1156
1680
164
178
-318
461
-800
-1041
-772
1537
21
35
49
63
-433
91
-915
1394
-122
-108
-94
-80
-66
-52
472
741
-265
-251
-237
-223
-209
-195
1094
1363
-1683
881
-380
-366
-352
-338
951
1475
-296
-1302
-13
766
-495
-481
808
1332
-184
-425
-1431
-142
637
-624
665
1189
-327
-568
-1574
225
239
-257
1797
1046
-470
-456
-697
-1703
96
110
1399
1413
662
-599
-585
-826
-1832
-33
1256
1780
264
-232
547
-714
-955
-1961
1113
1637
121
135
149
-347
432
-1084
-815
1494
-22
-8
6
20
-476
48
-958
1351
-165
-151
-137
-123
-109
-95
429
698
-308
-294
-280
-266
-252
-238
1051
1320
-1726
838
-423
-409
-395
-381
908
1432
-339
-1345
-56
723
-538
-524
765
1289
-227
-468
-1474
325
-171
608
622
1146
-370
-611
-1617
182
196
-300
1754
1003
-513
-499
-740
-1746
53
67
1356
1370
619
-642
-628
-869
-1875
-76
1213
1737
221
-275
504
-757
-998
-2004
1070
1594
78
92
106
-390
134
-2147
927
1451
-65
-51
-37
-23
-9
-760
274
1308
-208
-194
-180
-166
-152
1228
-1305
-13
769
-489
-472
820
1347
-421
-1424
378
-115
667
-591
701
1228
-540
-1543
259
-234
548
565
1092
-421
-659
-1662
140
157
939
2231
-557
-540
-778
-1781
21
38
1330
1347
599
-659
-897
-1900
-98
1194
1721
208
-285
497
-1016
-2019
1058
1585
72
89
106
-387
140
-863
1449
-64
-47
-30
-13
-506
21
-982
1330
-183
-166
-149
-132
-115
412
684
-319
-302
-285
-268
-251
1041
1313
-1730
837
-421
-404
-387
-370
922
1194
-1339
-47
735
-523
-506
786
1313
-455
-1458
344
-149
633
650
1177
-336
-574
-1577
225
-268
1789
1041
-472
-455
-693
-1696
106
123
905
2197
-591
-574
-812
-1815
-13
1279
1806
-217
565
-693
-931
-1934
1143
1670
157
174
-319
463
-1050
-2053
1024
1551
38
55
-438
344
-1169
-897
1415
-98
-81
-64
-47
-540
1262
-506
-234
-217
-200
-183
-166
1126
888
-880
-353
-336
-319
-302
-285
1007
1279
-1764
803
-455
-438
-421
871
1398
-370
-1373
-81
701
-557
735
1262
-251
-489
-1492
-200
582
-676
616
1143
-370
-608
-1611
191
-302
1755
1007
-506
-489
-727
-1730
72
1364
1381
633
-625
-608
-846
-1849
1228
1755
242
-251
531
-982
-1985
-183
1109
1636
123
140
-353
174
-2104
973
1500
-13
4
21
-472
55
-948
1364
-149
-132
-115
-98
-81
-829
208
1245
-268
-251
-234
-217
-200
837
-166
871
-387
-370
-353
-336
956
1228
-1305
-13
769
-489
-472
820
1347
-421
-1424
378
-115
667
-591
701
1228
-540
-1543
259
-234
548
565
1092
-421
-659
-1662
140
157
939
2231
-557
-540
-778
-1781
21
38
1330
1347
599
-659
-897
-1900
-98
1194
1721
208
-285
497
-1016
-2019
1058
1585
72
89
106
-387
140
-863
1449
-64
-47
-30
-13
-506
21
-982
1330
-183
-166
-149
-132
-115
412
684
-319
-302
-285
-268
-251
1041
1313
-1730
837
-421
-404
-387
-370
922
1194
-1339
-47
735
-523
-506
786
1313
-455
-1458
344
-149
633
650
1177
-336
-574
-1577
225
-268
1789
1041
-472
-455
-693
-1696
106
123
905
2197
-591
-574
-812
-1815
-13
1279
1806
-217
565
-693
-931
-1934
1143
1670
157
174
-319
463
-1050
-2053
1024
1551
38
55
-438
344
-1169
-897
1415
-98
-81
-64
-47
-540
1262
-506
-234
-217
-200
-183
-166
-1810
760
-495
-475
-455
840
1115
-1415
-120
665
-590
-570
725
1255
-510
-1510
-215
570
590
1120
-390
-625
-1625
180
-310
1750
1005
-505
-740
-1740
65
85
870
2165
-620
-600
-835
-1835
1245
1775
-245
540
-715
-950
-1950
1130
1660
150
-340
445
-1065
-2065
1015
1545
35
55
-435
95
-905
1410
-100
-80
-60
-40
-530
1275
-490
-215
-195
-175
-155
-135
395
670
-330
-310
-290
-270
-250
790
-210
830
-425
-405
-385
910
1440
-325
-1835
735
-520
-500
795
1325
-440
-1440
-145
640
-615
680
1210
-555
-1555
250
-240
1820
1075
-435
-670
-1670
135
155
940
2235
-550
-530
-765
-1765
40
1335
1355
610
-645
-880
-1880
-75
1220
1750
-270
515
-995
-1995
1085
1615
105
125
-365
420
-1090
-815
1500
-10
10
30
-460
70
-930
1385
-125
-105
-85
-65
465
740
-260
-240
-220
-200
-180
860
-140
900
-355
-335
-315
-295
1000
1275
-1765
805
-450
-430
-410
885
1160
-1370
-75
710
-545
750
1280
-485
-1485
320
-170
615
635
1165
-345
-580
-1580
225
-265
1795
1050
-460
-695
-1695
110
1405
1425
680
-575
-810
-1810
-5
1290
1820
-200
585
-925
-1925
-120
1175
1705
-315
470
-785
-1020
-2020
1060
1590
80
-410
375
-1135
-860
1455
-55
-35
-15
-505
25
-975
1340
-170
-150
-130
-110
-600
1205
-560
-285
-265
-245
-225
1070
835
-930
-400
-380
-360
-340
955
1230
-1810
760
-495
-475
-455
840
1115
-1415
-120
665
-590
-570
725
1255
-510
-1510
-215
570
590
1120
-390
-625
-1625
180
-310
1750
1005
-505
-740
-1740
65
85
870
2165
-620
-600
-835
-1835
1245
1775
-245
540
-715
-950
-1950
1130
1660
150
-340
445
-1065
-2065
1015
1545
35
55
-435
95
-905
1410
-100
-80
-60
-40
-530
1275
-490
-215
-195
-175
-155
-135
395
670
-330
-310
-290
-270
-250
790
-210
830
-425
-405
-385
910
1440
-325
-1835
735
-520
-500
795
1325
-440
-1440
-145
640
-615
680
1210
-555
-1555
250
-240
1820
1075
-435
-670
-1670
135
155
940
2235
-550
-530
-765
-1765
40
1335
1355
610
-645
-880
-1880
-75
1220
1750
-270
515
-995
-1995
1085
1615
105
125
-365
420
-1090
-815
1500
-10
10
30
-460
70
-930
1385
-125
-105
-85
-65
465
740
-260
-240
-220
-200
-180
762
-490
-467
831
1364
-398
-1905
668
-584
-561
737
1270
-492
-1489
-191
597
620
1153
-609
-1606
202
-285
1778
1036
-471
-703
-1700
108
896
2194
-588
-565
-797
-1794
14
1312
1335
593
-914
-1911
-103
1195
1728
-289
499
-1008
-2005
1078
1611
104
-383
405
-1102
-824
1494
-13
10
-477
56
-941
1377
-130
-107
-84
-61
-803
240
1283
-224
-201
-178
-155
378
656
-341
-318
-295
-272
1026
794
-968
-435
-412
-389
909
1187
-1340
-42
746
-506
-483
815
1093
-1434
-136
652
-600
698
1231
-531
-1528
-230
558
581
1114
-648
-1645
163
-324
1739
997
-510
-742
-1739
69
1367
1390
648
-604
-836
-1833
-25
1273
1296
554
-698
-930
-1927
1156
1689
-328
460
-1047
-2044
1039
1572
65
88
-399
134
-863
1455
-52
-29
-6
-493
1315
-447
-169
-146
-123
-100
-842
201
1244
-263
-240
-217
-194
339
617
-380
-357
-334
-311
987
1265
-1772
801
-451
-428
870
1403
-359
-1866
707
-545
-522
776
1054
-1473
-175
613
-639
659
1192
-570
-1567
241
-246
1817
1075
-432
-664
-1661
147
935
2233
-549
-781
-1778
30
1328
1351
609
-643
-875
-1872
-64
1234
1257
515
-737
-969
-1966
1117
1650
143
-344
444
-1063
-785
1533
26
49
-438
95
-902
1416
-91
-68
-45
-532
1
-996
1322
-185
-162
-139
-116
417
695
-302
-279
-256
-233
810
-187
856
-396
-373
-350
948
1226
-1811
762
-490
-467
831
1364
-398
-1905
668
-584
-561
737
1270
-492
-1489
-191
597
620
1153
-609
-1606
202
-285
1778
1036
-471
-703
-1700
108
896
2194
-588
-565
-797
-1794
14
1312
1335
593
-914
-1911
-103
1195
1728
-289
499
-1008
-2005
1078
1611
104
-383
405
-1102
-824
1494
-13
10
-477
56
-941
1377
-130
-107
-84
-61
-803
240
1283
-224
-201
-178
-155
378
656
-341
-318
-295
-272
1026
794
-968
-435
-412
-389
909
1187
-1340
-42
746
-506
-483
815
1093
-1434
-136
652
-600
698
1231
-531
-1528
-230
558
581
1114
-648
-1645
163
-324
1739
997
-510
-742
-1739
69
1367
1390
648
-604
-836
-1833
-25
1273
1296
554
-698
-930
-1927
1156
1689
-328
460
-1047
-2044
1039
1572
65
88
-399
134
-863
1455
-52
-29
-6
-493
1315
-447
-169
-146
-123
-100
-842
201
1244
-263
-240
-217
-194
-491
-465
836
1117
-1407
-106
685
-564
737
1273
-486
-1480
-179
612
638
1174
-585
-1579
-278
513
539
1075
-684
-1678
133
924
2225
-554
-783
-1777
34
1335
1361
622
-627
-856
-1850
1236
1262
523
-726
-955
-1949
1137
1673
-341
450
-1054
-2048
1038
1574
70
-414
122
-872
1449
-55
-29
-513
23
-971
1350
-154
-128
-102
-586
1225
-534
-253
-227
-201
-175
361
642
-352
-326
-300
-274
772
-222
824
-425
-399
902
1183
-1851
725
-524
-498
803
1339
-420
-1924
652
-597
704
1240
-519
-1513
-212
579
605
1141
-618
-1612
-311
480
506
1042
-717
-1711
100
891
2192
-587
-816
-1810
1
1302
1328
589
-660
-889
-1883
1203
1739
-275
516
-988
-1982
1104
1640
-374
417
-1087
-2081
1005
1541
37
-447
89
-905
1416
-88
-62
-36
-775
271
1317
-187
-161
-135
-619
1192
-567
-286
-260
-234
-208
328
609
-385
-359
-333
-307
739
-255
791
-458
-432
869
1150
-1374
-73
718
-531
770
1306
-453
-1957
619
-630
671
1207
-552
-1546
-245
546
572
1108
-651
-1645
166
-318
1748
1009
-750
-1744
67
858
2159
-620
-849
-1843
-32
1269
1295
556
-693
-922
-1916
1170
1706
-308
483
-1021
-2015
1071
1607
103
-381
155
-839
1482
-22
4
-480
56
-938
1383
-121
-95
-69
-553
1258
-501
-220
-194
-168
-142
394
675
-319
-293
-267
-241
295
576
-418
-392
-366
935
1216
-1818
758
-491
-465
836
1117
-1407
-106
685
-564
737
1273
-486
-1480
-179
612
638
1174
-585
-1579
-278
513
539
1075
-684
-1678
133
924
2225
-554
-783
-1777
34
1335
1361
622
-627
-856
-1850
1236
1262
523
-726
-955
-1949
1137
1673
-341
450
-1054
-2048
1038
1574
70
-414
122
-872
1449
-55
-29
-513
23
-971
1350
-154
-128
-102
-586
1225
-534
-253
-227
-201
-175
361
642
-352
-326
-300
-274
772
-222
824
-425
-399
902
1183
-1851
725
-524
-498
803
1339
-420
-1924
652
-597
704
1240
-519
-1513
-212
579
605
1141
-618
-1612
-311
480
506
1042
-717
-1711
100
891
2192
-587
-816
-1810
1
1302
1328
589
-660
-889
-1883
1203
1739
-275
516
-988
-1982
1104
1640
-374
417
-1087
-2081
1005
1541
37
-447
89
-905
1416
-88
-62
-36
-775
271
1317
-187
-161
-135
-619
1192
-567
-286
-260
-234
-208
-469
835
1119
-1912
667
-579
-550
754
1038
-1483
-179
615
644
1183
-573
-1564
-260
534
563
1102
-654
-1645
-341
1728
992
-764
-1755
59
853
2157
-619
-845
-1836
-22
1282
1311
575
-926
-1917
1172
1711
-300
494
-1007
-1998
1091
1630
-381
413
-1088
-804
1520
19
-462
77
-914
1410
-91
-62
-543
-4
-995
1329
-172
-143
-114
425
709
-282
-253
-224
-195
344
628
-363
-334
-305
999
773
-983
-444
-415
-386
663
-328
721
-525
-496
808
1092
-1429
-125
669
698
1237
-519
-1510
-206
588
617
1156
-600
-1591
-287
1782
1046
-455
-681
-1672
-368
1701
965
-791
-1782
32
826
2130
-646
-872
-1863
-49
1255
1284
548
-953
-1944
1145
1684
-327
467
-1034
-750
1574
73
-408
386
-1115
-831
1493
-8
-489
50
-941
1383
-118
-89
-570
-31
-1022
1302
-199
-170
-141
398
682
-309
-280
-251
-222
317
601
-390
-361
-332
972
746
-1010
-471
-442
862
1146
-1885
694
-552
-523
781
1065
-1456
-152
642
671
1210
-546
-1537
-233
561
590
1129
-627
-1618
-314
1755
1019
-482
-708
-1699
-395
1674
938
-818
-1809
5
799
2103
-673
-899
-1890
1199
1738
-273
521
-980
-1971
1118
1657
-354
440
-1061
-777
1547
46
-435
104
-2162
927
1466
-35
-516
23
-968
1356
-145
-116
-87
-823
226
1275
-226
-197
-168
371
655
-336
-307
-278
1026
800
-956
-417
-388
-359
690
-301
748
-498
-469
835
1119
-1912
667
-579
-550
754
1038
-1483
-179
615
644
1183
-573
-1564
-260
534
563
1102
-654
-1645
-341
1728
992
-764
-1755
59
853
2157
-619
-845
-1836
-22
1282
1311
575
-926
-1917
1172
1711
-300
494
-1007
-1998
1091
1630
-381
413
-1088
-804
1520
19
-462
77
-914
1410
-91
-62
-543
-4
-995
1329
-172
-143
-114
425
709
-282
-253
-224
-195
344
628
-363
-334
-305
999
773
-983
-444
-415
-386
663
-328
721
-525
-496
808
1092
-1429
-125
669
698
1237
-519
-1510
-206
588
617
1156
-600
-1591
-287
1782
1046
-455
-681
-1672
-368
1701
965
-791
-1782
32
826
2130
-646
-872
-1863
-49
1255
1284
548
-953
-1944
1145
1684
-327
467
-1034
-750
1574
73
-408
386
-1115
-831
1493
-8
-489
50
-941
1383
-118
-89
-570
-31
-1022
1302
-199
-170
-141
398
682
-309
-280
-251
-222
828
1115
-1913
669
-574
733
1275
-478
-1976
606
-637
670
957
-1561
-254
543
575
1117
-636
-1624
-317
1755
1022
-731
-1719
-412
1660
927
-826
-1814
3
800
2107
-666
-889
-1877
1215
1247
514
-984
-1972
1120
1662
-346
451
-1047
-760
1567
69
-409
133
-855
1472
-26
-504
38
-950
1377
-121
-89
-567
-25
-1013
1314
-184
-152
-885
167
1219
-279
-247
-215
327
614
-374
-342
-310
742
-246
806
-437
-405
902
679
-1074
-532
-500
807
1094
-1934
648
-595
712
999
-1519
-212
585
617
1159
-594
-1582
-275
1797
1064
-689
-1677
140
937
2244
-529
-752
-1740
-433
1639
906
-847
-1835
-18
779
2086
-687
-910
-1898
1194
1226
493
-1005
-1993
1099
1641
-367
175
-2088
1004
1546
48
-430
112
-876
1451
-47
-525
17
-971
1356
-142
-110
-588
1229
-524
-237
-205
-173
369
656
-332
-300
-268
1039
816
-937
-395
-363
-331
721
-267
785
-458
-426
626
-362
690
-553
-521
786
1073
-1955
627
-616
691
978
-1540
-233
564
596
1138
-615
-1603
-296
1776
1043
-710
-1698
119
916
2223
-550
-773
-1761
821
2128
-645
-868
-1856
1236
1268
535
-963
-1951
1141
1683
-325
472
-1026
-2014
1078
1620
-388
154
-2109
983
1525
-483
314
-1184
-897
1430
-68
-546
-4
-992
1335
-163
-131
-609
1208
-545
-258
-226
-194
348
635
-353
-321
-289
763
-225
827
-416
-384
923
700
-1053
-511
-479
828
1115
-1913
669
-574
733
1275
-478
-1976
606
-637
670
957
-1561
-254
543
575
1117
-636
-1624
-317
1755
1022
-731
-1719
-412
1660
927
-826
-1814
3
800
2107
-666
-889
-1877
1215
1247
514
-984
-1972
1120
1662
-346
451
-1047
-760
1567
69
-409
133
-855
1472
-26
-504
38
-950
1377
-121
-89
-567
-25
-1013
1314
-184
-152
-885
167
1219
-279
-247
-215
327
614
-374
-342
-310
742
-246
806
-437
-405
902
679
-1074
-532
-500
807
1094
-1934
648
-595
712
999
-1519
-212
585
617
1159
-594
-1582
-275
1797
1064
-689
-1677
140
937
2244
-529
-752
-1740
-433
1639
906
-847
-1835
-18
779
2086
-687
-910
-1898
1194
1226
493
-1005
-1993
1099
1641
-367
175
-2088
1004
1546
48
-430
112
-876
1451
-47
-525
17
-971
1356
-142
-110
-588
1229
-524
-237
-205
-173
369
656
-332
-300
-268
1039
595
-390
665
-575
735
1025
-1490
-180
620
655
1200
-550
-2045
540
575
1120
-630
-1615
-305
1770
1040
-710
-1695
-385
1690
960
-790
-1775
810
2120
-650
-870
-1855
1240
1275
545
-950
-1935
1160
1195
465
-1030
-2015
1080
1625
-380
165
-2095
1000
1545
-460
85
-900
1430
-65
-540
5
-980
1350
-145
-110
-585
1235
-515
-225
-190
-665
1155
-595
-305
-270
-235
310
600
-385
-350
-315
230
520
-465
-430
880
1170
-1855
730
-510
800
1090
-1935
650
-590
720
1010
-2015
570
-670
640
930
-1585
-275
525
560
850
-1665
-355
1720
990
-760
-1745
75
875
2185
-585
-805
-1790
795
2105
-665
-885
-1870
1225
1260
530
-965
-1950
1145
1180
450
-1045
-755
1575
-430
370
-1125
-835
1495
0
-475
70
-915
1415
-80
-555
-10
-995
1335
-160
-125
-855
200
1255
-240
-205
340
630
-355
-320
-285
770
-215
840
-400
-365
945
725
-1025
-480
-445
865
645
-1105
-560
-525
785
1075
-1950
635
-605
705
995
-2030
555
590
1135
-615
-1600
-290
1785
1055
-695
-1680
-370
1705
975
-775
-1760
60
860
2170
-855
-1840
-20
780
2090
-935
-1920
1175
1210
480
-1015
-2000
1095
1640
-365
435
-1060
-770
1560
-445
355
-1140
-850
1480
-15
-490
55
-930
1400
-95
-570
1250
-500
-210
-175
-140
405
695
-290
-255
-220
325
615
-370
-335
-300
245
535
-450
-415
-380
675
-310
745
-495
-460
595
-390
665
-575
735
1025
-1490
-180
620
655
1200
-550
-2045
540
575
1120
-630
-1615
-305
1770
1040
-710
-1695
-385
1690
960
-790
-1775
810
2120
-650
-870
-1855
1240
1275
545
-950
-1935
1160
1195
465
-1030
-2015
1080
1625
-380
165
-2095
1000
1545
-460
85
-900
1430
-65
-540
5
-980
1350
-145
-110
-585
1235
-515
-225
-190
-665
1155
-595
-305
-270
-235
310
600
-385
-350
-315
230
520
-465
-430
880
1170
-1855
730
-510
800
1090
-1935
650
-590
720
1010
-2015
570
-670
640
930
-1585
-275
525
560
850
-1665
-355
1720
990
-760
-1745
75
875
2185
-585
-805
-1790
795
2105
-665
-885
-1870
1225
1260
530
-965
-1950
1145
1180
450
-1045
-755
1575
-430
370
-1125
-835
1495
0
-475
70
-915
1415
-80
-555
-10
-995
1335
-160
-125
-855
200
1255
-240
-205
340
630
-355
-320
-285
770
617
-1130
-582
731
1024
-1998
590
-647
666
959
-1553
-240
1838
1111
-636
-1618
-305
1773
1046
-701
-1683
-370
1708
981
-766
-1748
840
2153
-869
-1851
-28
775
2088
-934
-1916
1182
1220
493
-999
-1981
1117
1155
428
-1064
-771
1562
-440
363
-1129
-836
1497
-505
43
-939
1394
-98
-570
-22
-1004
1329
-163
-125
-852
206
1264
-228
-190
358
651
-331
-293
-255
293
586
-396
-358
955
738
-1009
-461
-423
635
-347
711
-526
787
1080
-1942
646
-591
722
1015
-2007
581
619
1167
-580
-2072
516
554
1102
-645
-2137
451
489
782
-1730
-417
1661
934
-813
-1795
28
831
2144
-878
-1860
1238
1276
549
-943
-1925
1173
1211
484
-1008
-715
1618
-384
164
-2093
1005
1553
-449
99
-883
1450
-42
-514
34
-948
1385
-107
-579
-31
-1013
1320
-172
-644
1179
-568
-275
-237
-964
94
1152
-340
-302
246
539
-443
-405
-367
691
-291
767
-470
843
1136
-1886
702
-535
778
1071
-1951
637
675
1223
-524
-2016
572
610
903
-1609
-296
507
545
838
-1674
-361
1717
990
-757
-1739
-426
1652
925
-822
-1804
784
2097
-670
-887
-1869
719
2032
-990
-1972
1126
1164
437
-1055
-2037
1061
1609
-393
155
-827
1506
14
-458
90
-892
1441
-51
-523
1300
-447
-154
-116
-843
215
1273
-219
-181
-908
150
1208
-284
-246
302
595
-387
-349
-311
237
530
-452
-414
899
682
-1065
-517
-479
834
617
-1130
-582
731
1024
-1998
590
-647
666
959
-1553
-240
1838
1111
-636
-1618
-305
1773
1046
-701
-1683
-370
1708
981
-766
-1748
840
2153
-869
-1851
-28
775
2088
-934
-1916
1182
1220
493
-999
-1981
1117
1155
428
-1064
-771
1562
-440
363
-1129
-836
1497
-505
43
-939
1394
-98
-570
-22
-1004
1329
-163
-125
-852
206
1264
-228
-190
358
651
-331
-293
-255
293
586
-396
-358
955
738
-1009
-461
-423
635
-347
711
-526
787
1080
-1942
646
-591
722
1015
-2007
581
619
1167
-580
-2072
516
554
1102
-645
-2137
451
489
782
-1730
-417
1661
934
-813
-1795
28
831
2144
-878
-1860
1238
1276
549
-943
-1925
1173
1211
484
-1008
-715
1618
-384
164
-2093
1005
1553
-449
99
-883
1450
-42
-514
34
-948
1385
-107
-579
-31
-1013
1320
-172
-644
1179
-568
-275
-237
-964
94
1152
-340
-302
246
-1911
680
721
1017
-2002
589
-645
671
967
-2052
539
580
876
-1633
-317
1764
1040
-704
-1683
-367
1714
990
-754
-1733
858
2174
-845
-1824
767
2083
-681
-895
-1874
717
2033
-986
-1965
1136
1177
453
-1036
-740
1596
-403
148
-2106
995
1546
-453
98
-881
1455
-544
7
-972
1364
-125
-594
-43
-1022
1314
-175
-644
1182
-562
-266
-225
326
622
-357
-316
-275
276
572
-407
-366
695
-284
777
-457
859
645
-1099
-548
-507
554
-425
636
-598
718
1014
-2005
586
627
923
-1586
-270
536
577
873
-1636
-320
1761
1037
-707
-2196
1670
946
-798
-1777
-461
1620
896
-848
-1827
764
2080
-939
-1918
1183
1224
500
-989
-1968
1133
1174
195
-2059
1042
1083
359
-1130
-834
1502
-497
54
-925
1411
-78
-547
4
-975
1361
-128
-597
1229
-515
-219
-178
373
669
-310
-269
-738
1088
-656
-360
-319
232
528
-451
-410
906
692
-1052
-501
-460
601
-378
683
-551
765
1061
-1958
633
674
970
-1539
-223
583
624
920
-2099
492
533
1084
-660
-2149
1717
993
-751
-1730
-414
1667
943
-801
-1780
811
2127
-892
-1871
1230
1271
547
-942
-1921
670
1986
-1033
-2012
1089
1130
406
-1083
-787
1549
-450
101
-2153
948
1499
-500
51
-928
1408
-81
-805
256
1317
-172
-641
-90
-1069
1267
-222
-691
1135
-609
-313
-272
279
575
-404
-363
-322
229
525
-454
-413
648
-331
730
-504
812
1108
-1911
680
721
1017
-2002
589
-645
671
967
-2052
539
580
876
-1633
-317
1764
1040
-704
-1683
-367
1714
990
-754
-1733
858
2174
-845
-1824
767
2083
-681
-895
-1874
717
2033
-986
-1965
1136
1177
453
-1036
-740
1596
-403
148
-2106
995
1546
-453
98
-881
1455
-544
7
-972
1364
-125
-594
-43
-1022
1314
-175
-644
1182
-562
-266
-225
326
622
-357
-316
-275
276
572
-407
-366
695
-284
777
-457
859
645
-1099
-548
-507
554
-425
636
-598
718
1014
-2005
586
627
923
-1586
-270
536
577
873
-1636
-320
1761
1037
-707
-2196
1670
946
-798
-1777
-461
1620
896
-848
-1827
764
2080
-939
-1918
1183
1224
500
-989
-1968
1133
1174
195
-2059
1042
1083
359
-1130
-834
1502
-497
54
-925
1411
-78
-547
4
-975
1361
-128
-597
1229
-515
-219
-178
373
669
-310
-269
-738
1088
-656
-360
-319
232
661
-570
494
-482
582
-649
670
969
-2047
547
591
890
-2126
468
512
811
-1695
-376
1708
987
-754
-1730
864
2183
-833
-1809
785
2104
-912
-1888
1216
1260
539
-947
-1923
671
1990
-1026
-2002
1102
1146
170
-2081
1023
1067
346
-1140
-841
1498
-498
56
-920
1419
-577
-23
-999
1340
-146
-612
1217
-524
-225
-181
373
672
-304
-260
-981
83
1147
-339
-295
259
558
-418
-374
180
479
-497
-453
611
-365
699
-532
787
576
-1165
-611
708
1007
-2009
585
629
928
-2088
506
550
1104
-637
-2123
1746
1025
-716
-1692
-373
1711
735
-1771
-452
1632
911
-830
-1806
788
2107
-909
-1885
709
2028
-988
-1964
1140
1184
463
-1023
-724
1105
384
-1102
-803
1536
-460
94
-882
1457
-539
15
-961
1378
-108
-574
-20
-996
1343
-143
-864
200
1264
-222
-943
121
1185
-301
-257
297
596
-380
-336
218
517
-459
-415
649
-327
737
-494
825
614
-1127
-573
746
1045
-1971
623
667
966
-2050
544
-687
632
931
-2085
509
553
852
-1654
-335
1749
773
-1733
-414
1670
949
-792
-1768
826
2145
-871
-1847
747
2066
-950
-1926
1178
1222
501
-985
-686
1143
422
-1064
-765
1574
-422
132
-2119
985
1029
308
-1178
-879
1460
-536
18
-958
1381
-615
-61
-1037
1302
-184
-650
1179
-562
-263
-219
335
634
-342
-298
256
555
-421
-377
942
731
-1010
-456
863
652
-1089
-535
-491
573
-403
661
-570
494
-482
582
-649
670
969
-2047
547
591
890
-2126
468
512
811
-1695
-376
1708
987
-754
-1730
864
2183
-833
-1809
785
2104
-912
-1888
1216
1260
539
-947
-1923
671
1990
-1026
-2002
1102
1146
170
-2081
1023
1067
346
-1140
-841
1498
-498
56
-920
1419
-577
-23
-999
1340
-146
-612
1217
-524
-225
-181
373
672
-304
-260
-981
83
1147
-339
-295
259
558
-418
-374
180
479
-497
-453
611
-365
699
-532
787
576
-1165
-611
708
1007
-2009
585
629
928
-2088
506
550
1104
-637
-2123
1746
1025
-716
-1692
-373
1711
735
-1771
-452
1632
911
-830
-1806
788
2107
-909
-1885
709
2028
-988
-1964
1140
1184
463
-1023
-724
1105
384
-1102
-803
1536
-460
94
-882
1457
-539
15
-961
1378
-108
-574
-20
-996
1343
-143
-864
200
1264
-222
-943
121
1185
-301
-257
297
596
-380
-336
218
-592
730
522
-1216
-659
663
965
-2048
549
596
898
-2115
482
529
831
-2182
415
462
764
-1739
-417
1670
697
-1806
-484
1603
630
-1873
724
2046
-967
-1940
1167
1214
496
-987
-685
1147
429
-1054
-752
1080
362
-1121
-819
1523
-470
87
-886
1456
-537
20
-953
1389
-604
-47
-1020
1322
-161
-879
188
1255
-228
-946
121
1188
-295
-758
1074
-664
-362
-315
242
544
-429
-382
175
477
-496
826
618
-1120
-563
759
1061
-1952
645
692
994
-2019
578
625
927
-2086
511
558
860
-1643
-321
1766
793
-1710
-388
1699
981
-757
-2240
1632
914
-824
-1797
800
2122
-891
-1864
733
2055
-958
-1931
666
1988
-1025
-1998
1109
1156
183
-2065
1042
1089
116
-857
1485
-508
49
-924
1418
-575
-18
-991
1351
-132
-595
1237
-501
-199
-662
1170
-568
-266
-729
1103
-635
-333
-286
271
573
-400
-353
204
506
-467
-420
137
439
-534
-487
580
-393
674
-554
513
-460
607
-621
446
-527
540
-688
634
936
-2077
1795
1077
-661
-2144
1728
1010
-728
-2211
1661
943
-795
-1768
829
2151
-862
-1835
762
2084
-929
-1902
695
2017
-996
-1969
1138
1185
212
-2036
1071
1118
145
-2103
1004
1051
333
-1150
-848
1494
-499
58
-915
1427
-566
-9
-982
1360
-633
-76
-1049
1293
-190
367
669
-304
-257
300
602
-371
-324
233
535
-438
-391
676
-297
770
-458
609
-364
703
-525
797
589
-1149
-592
730
522
-1216
-659
663
965
-2048
549
596
898
-2115
482
529
831
-2182
415
462
764
-1739
-417
1670
697
-1806
-484
1603
630
-1873
724
2046
-967
-1940
1167
1214
496
-987
-685
1147
429
-1054
-752
1080
362
-1121
-819
1523
-470
87
-886
1456
-537
20
-953
1389
-604
-47
-1020
1322
-161
-879
188
1255
-228
-946
121
1188
-295
-758
1074
-664
-362
-315
242
544
-429
-382
175
477
-496
826
618
-1120
-563
759
1061
-1952
645
692
994
-2019
578
625
927
-2086
511
558
860
-1643
-321
1766
793
-1710
-388
1699
981
-757
-2240
1632
914
-824
-1797
800
2122
-891
-1864
733
2055
-958
-1931
666
1988
-1025
-1998
1109
1156
183
-2065
1042
1089
116
-857
1485
-508
49
-924
1418
-575
-18
-991
1351
-132
-595
1237
-501
-199
-662
1170
-568
-266
-729
1103
-635
-333
-286
271
573
-400
-353
204
705
1010
-2000
600
650
955
-2055
545
595
900
-2110
490
540
845
-2165
1710
995
-740
-2220
1655
940
-795
-2275
1600
885
-850
-2330
1545
575
-1925
675
2000
-1010
-1980
1130
1180
210
-2035
1075
1125
155
-2090
1020
1070
100
-870
1475
-515
45
-925
1420
-570
-10
-980
1365
-625
-65
-1035
1310
-680
1155
-580
-275
-735
1100
-635
-330
-280
280
585
-385
-335
225
530
-440
885
680
-1055
-495
575
-395
675
-550
520
-450
620
-605
465
-505
565
615
920
-2090
510
560
865
-2145
455
505
810
-2200
400
450
755
-1745
855
2180
-830
-1800
800
2125
-885
-1855
745
2070
-940
-1910
690
2015
-995
-690
1145
430
-1050
-745
1090
375
-1105
-800
1035
65
-2180
930
980
10
-960
1385
-605
-45
-1015
1330
-150
-865
205
1275
-205
-920
150
1220
-260
300
605
-365
-315
245
550
-420
-370
190
495
-475
-425
135
440
-530
795
590
-1145
-585
740
535
-1200
-640
685
480
-1255
-695
630
935
-2075
1800
830
-1670
-345
1745
775
-1725
-400
1690
720
-1780
-455
1635
665
-1835
765
2090
-920
-1890
710
2035
-975
-1945
655
1980
-1030
-2000
600
1925
-1085
-780
1055
340
-1140
-835
1510
-480
80
-890
1455
-535
25
-945
1400
-590
1245
-490
-185
-645
1190
-545
-240
-955
115
1185
-295
-1010
60
1130
-350
210
515
-455
-405
155
460
-510
-460
100
405
-565
-515
555
-415
655
705
1010
-2000
600
650
955
-2055
545
595
900
-2110
490
540
845
-2165
1710
995
-740
-2220
1655
940
-795
-2275
1600
885
-850
-2330
1545
575
-1925
675
2000
-1010
-1980
1130
1180
210
-2035
1075
1125
155
-2090
1020
1070
100
-870
1475
-515
45
-925
1420
-570
-10
-980
1365
-625
-65
-1035
1310
-680
1155
-580
-275
-735
1100
-635
-330
-280
280
585
-385
-335
225
530
-440
885
680
-1055
-495
575
-395
675
-550
520
-450
620
-605
465
-505
565
615
920
-2090
510
560
865
-2145
455
505
810
-2200
400
450
755
-1745
855
2180
-830
-1800
800
2125
-885
-1855
745
2070
-940
-1910
690
2015
-995
-690
1145
430
-1050
-745
1090
375
-1105
-800
1035
65
-2180
930
980
10
-960
1385
-605
-45
-1015
1330
-150
-865
205
1275
-205
-920
150
1220
-260
300
605
-365
-315
245
550
-420
-370
190
472
-495
578
631
939
-2068
535
588
896
-2111
492
545
853
-2154
1724
757
-1740
-412
1681
714
-1783
820
2148
-859
-1826
777
2105
-902
-1104
2009
-998
-1965
638
1966
-1041
-2008
595
1923
-1084
-776
1062
350
-1127
-819
1019
52
-915
1433
-554
9
-958
1390
-597
-34
-1001
1347
-640
1198
-534
-226
-938
135
1208
-269
294
602
-365
-312
251
559
-408
-355
208
516
-451
622
-345
728
-494
69
377
-590
738
536
-1196
-633
695
493
-1239
-676
397
-570
503
556
864
-2143
460
513
821
-2186
1692
980
-752
-2229
1649
682
-1815
788
2116
-891
-1858
745
2073
-934
-1901
702
2030
-977
-669
1169
202
-2040
1073
1126
159
-808
1540
-447
116
-851
987
275
-1202
-894
944
-23
-990
1358
-629
-66
-1033
1315
-672
1166
-566
-258
-715
1123
-609
-301
-1013
60
1133
-344
219
527
-440
-387
176
484
-483
845
643
-1089
-526
547
-420
653
-569
504
-463
610
663
971
-2036
567
620
928
-2079
1799
832
-2175
428
481
789
-2218
1660
948
-784
-2261
1617
905
-827
-2304
1574
607
-1890
713
2041
-966
-1933
670
1998
-1009
-701
1137
425
-1052
-744
1094
127
-2115
998
1051
84
-883
1465
-522
41
-926
1422
-565
1273
-459
-151
-863
210
1283
-194
-906
167
1240
-747
1091
-641
-333
-790
1048
-684
-376
187
495
-472
-419
144
452
-515
-462
101
409
-558
770
568
-1164
-601
472
-495
578
631
939
-2068
535
588
896
-2111
492
545
853
-2154
1724
757
-1740
-412
1681
714
-1783
820
2148
-859
-1826
777
2105
-902
-1104
2009
-998
-1965
638
1966
-1041
-2008
595
1923
-1084
-776
1062
350
-1127
-819
1019
52
-915
1433
-554
9
-958
1390
-597
-34
-1001
1347
-640
1198
-534
-226
-938
135
1208
-269
294
602
-365
-312
251
559
-408
-355
208
516
-451
622
-345
728
-494
69
377
-590
738
536
-1196
-633
695
493
-1239
-676
397
-570
503
556
864
-2143
460
513
821
-2186
1692
980
-752
-2229
1649
682
-1815
788
2116
-891
-1858
745
2073
-934
-1901
702
2030
-977
-669
1169
202
-2040
1073
1126
159
-808
1540
-447
116
-851
987
275
-1202
-894
944
-23
-990
1358
-629
-66
-1033
1315
-672
1166
-566
-258
-715
1123
-609
-301
-1013
60
1133
-344
219
527
-440
-387
176
494
-1235
-669
407
-557
519
575
886
-2118
488
544
855
-2149
1732
768
-2236
1645
936
-793
-2267
1614
650
-1844
762
2093
-911
-1875
731
1807
-1962
644
1975
-1029
-1993
613
1944
-1060
-749
1092
128
-2111
1005
1061
97
-867
974
10
-954
1397
-587
-21
-985
1366
-618
1223
-506
-195
-904
172
1248
-736
1105
-624
-313
-1022
54
1130
-344
222
533
-431
-375
191
502
-462
104
415
-549
782
583
-1146
-580
496
-468
608
664
975
-2029
577
633
434
-1295
546
857
-2147
459
515
826
-2178
1703
739
-1755
-424
1672
708
-2296
1585
621
-1873
733
2064
-940
-1904
702
2033
-971
-660
1181
217
-2022
584
1915
-1089
-778
1063
99
-2140
976
1032
68
-896
1455
-529
37
-927
914
-50
-1014
1337
-647
1194
-535
-224
-933
143
1219
-255
311
622
-342
-796
1045
-684
-373
193
504
-460
-404
162
473
-491
585
-379
697
-522
44
355
-609
722
523
-1206
635
946
-2058
548
604
915
-2089
1792
828
-2176
430
486
797
-2207
1674
710
-1784
-453
1643
679
-1815
791
2122
-882
-2356
1525
561
-1933
673
2004
-1000
-689
1152
188
-2051
1065
1121
157
-807
1034
325
-1149
-838
1003
39
-925
1426
-558
8
-956
1395
-844
232
1308
-676
-110
-1074
1277
-707
1134
-595
-284
-993
83
1159
-315
251
562
-402
164
475
-489
-433
133
444
-520
811
612
-1117
-551
525
-439
637
693
494
-1235
-669
407
-557
519
575
886
-2118
488
544
855
-2149
1732
768
-2236
1645
936
-793
-2267
1614
650
-1844
762
2093
-911
-1875
731
1807
-1962
644
1975
-1029
-1993
613
1944
-1060
-749
1092
128
-2111
1005
1061
97
-867
974
10
-954
1397
-587
-21
-985
1366
-618
1223
-506
-195
-904
172
1248
-736
1105
-624
-313
-1022
54
1130
-344
222
533
-431
-375
191
502
-462
104
415
-549
782
583
-1146
-580
496
-468
608
664
975
-2029
577
633
434
-1295
546
857
-2147
459
515
826
-2178
1703
739
-1755
-424
1672
708
-2296
1585
621
-1873
733
2064
-940
-1904
702
2033
-971
-660
1181
217
-2022
584
1915
-1089
-778
1063
99
-2140
976
1032
68
-896
1455
-529
37
-927
914
-50
-1014
1337
-647
1194
-535
-224
-933
143
1219
-255
311
622
-342
-796
1045
-684
-373
193
504
-460
-404
162
-504
575
634
438
-1288
556
870
-2131
478
537
851
-2150
1734
773
-2228
1656
695
-1796
-462
1637
676
-2325
1559
598
-1893
716
2050
-951
-1147
1972
-1029
-1990
619
1953
-1048
-734
1110
149
-812
1032
326
-1145
-831
1013
52
-909
935
-26
-987
1367
-614
-45
-1006
1348
-888
191
1270
-711
1133
-593
-279
-985
94
1173
-808
1036
-690
-376
193
507
-454
-395
174
488
-473
96
410
-551
528
-433
646
705
509
-1217
-648
431
-530
549
608
922
-2079
1805
844
-2157
452
511
825
-2176
1708
747
-2254
1630
924
-802
-2273
1611
650
-2351
1533
572
-1919
690
2024
-977
-1938
671
1750
-2016
593
1927
-1074
-760
1084
123
-2113
496
1830
-1171
-857
987
26
-935
1419
-562
1282
-444
-640
-71
-1032
1322
-914
165
1244
-737
1107
-619
-305
-1011
68
1147
-324
245
559
-402
167
481
-480
-421
148
462
-499
70
384
-577
757
561
-1165
-596
483
-478
601
405
-556
523
582
896
-2105
504
308
-653
426
485
799
-2202
1682
721
-2280
1604
898
-828
-2299
1585
624
-1867
742
2076
-925
-1121
1998
-1003
-1964
645
1724
-2042
567
1901
-1100
-786
1058
97
-2139
980
1039
78
-883
961
0
-961
1393
-588
-19
-980
864
-97
-1058
1296
-685
1159
-567
-253
316
630
-331
-782
1062
-664
-350
219
533
-428
141
455
-506
-447
122
436
-525
554
-407
672
731
535
-1191
-622
457
-504
575
634
438
-1288
556
870
-2131
478
537
851
-2150
1734
773
-2228
1656
695
-1796
-462
1637
676
-2325
1559
598
-1893
716
2050
-951
-1147
1972
-1029
-1990
619
1953
-1048
-734
1110
149
-812
1032
326
-1145
-831
1013
52
-909
935
-26
-987
1367
-614
-45
-1006
1348
-888
191
1270
-711
1133
-593
-279
-985
94
1173
-808
1036
-690
-376
193
507
-454
-395
174
488
-473
96
410
-551
528
-433
646
705
509
-1217
-648
431
-530
549
608
922
-2079
1805
844
-2157
452
511
825
-2176
1708
747
-2254
1630
924
-802
-2273
1611
650
-2351
1533
572
-1919
690
2024
-977
-1938
671
1750
-2016
593
1927
-1074
-760
1084
123
-2113
496
1830
-1171
-857
987
26
-935
1419
-562
1282
-444
-640
-71
-1032
1322
-914
165
1244
-737
1107
-619
-305
-1011
68
1147
-324
245
559
-402
167
481
-480
-421
148
-1247
600
917
-2081
531
338
-620
462
524
841
-2157
1730
772
-2226
1661
703
-2295
1592
889
-834
-2302
1585
627
-2371
1516
558
-1930
682
1764
-1999
613
1950
-1048
-731
1116
158
-800
1047
89
-2144
978
1040
82
-876
971
13
-945
902
-56
-1014
1343
-635
1212
-511
-704
-132
-1090
1267
-966
116
1198
-780
1067
-656
-339
233
550
-408
164
481
-477
-415
157
474
-484
88
405
-553
19
336
-622
460
-498
584
646
453
-1270
577
894
-2104
508
315
-643
439
501
818
-2180
1707
749
-2249
1638
680
-1808
804
2141
-857
-2325
1562
604
-2394
1493
535
-1953
659
1996
-1002
-1195
1927
-1071
-754
1093
135
-2098
514
1851
-1147
-830
1017
59
-899
948
-10
-968
1389
-844
238
1320
-658
1189
-534
-727
-155
-1113
1244
-989
93
1175
-803
1044
-679
-362
210
527
-431
141
458
-500
-438
134
451
-507
65
382
-576
506
-452
630
692
499
-1224
623
430
-1293
-721
361
-597
485
547
354
-1369
478
795
-2203
1684
726
-2272
1615
657
-1831
781
2118
-880
-2348
1539
581
-1907
705
1787
-1976
636
1973
-1025
-1218
1904
-1094
-777
1070
112
-2121
491
1828
-1170
-853
994
36
-922
925
-33
-991
1366
-612
1235
-488
-681
-109
-1067
1290
-943
139
1221
-1012
70
1152
-316
256
573
-385
187
504
-454
118
435
-523
-461
111
428
-530
42
359
-599
483
-475
607
669
476
-1247
600
917
-2081
531
338
-620
462
524
841
-2157
1730
772
-2226
1661
703
-2295
1592
889
-834
-2302
1585
627
-2371
1516
558
-1930
682
1764
-1999
613
1950
-1048
-731
1116
158
-800
1047
89
-2144
978
1040
82
-876
971
13
-945
902
-56
-1014
1343
-635
1212
-511
-704
-132
-1090
1267
-966
116
1198
-780
1067
-656
-339
233
550
-408
164
481
-477
-415
157
474
-484
88
405
-553
19
336
-622
460
-498
584
646
453
-1270
577
894
-2104
508
315
-643
439
501
818
-2180
1707
749
-2249
1638
680
-1808
804
2141
-857
-2325
1562
604
-2394
1493
535
-1953
659
1996
-1002
-1195
1927
-1071
-754
1093
135
-2098
514
1851
-1147
-830
1017
59
-899
948
-10
-968
1389
-844
238
1320
-658
1189
-534
-727
-155
-1113
1244
-989
93
1175
-803
1044
-679
-362
210
527
-431
141
458
-500
-438
134
560
370
-585
500
565
375
-1345
505
825
-2170
1720
765
-2230
1660
705
-2290
1600
645
-1840
775
2115
-880
-1070
2055
-940
-1130
1995
-1000
-1190
1935
-1060
-2015
600
1685
-2075
540
1625
-2135
480
1820
-1175
-855
995
40
-915
935
-20
-975
875
-80
-1035
1325
-905
180
1265
-710
1140
-580
-770
1080
-640
-320
255
575
-380
195
515
-440
135
455
-500
-435
140
460
-495
80
400
-555
20
340
-615
-40
280
-675
410
-545
540
350
-605
480
545
355
-1365
485
805
-2190
1700
745
-2250
1640
685
-2310
1580
625
-1860
755
2095
-900
-1090
2035
-960
-1150
1975
-1020
-1975
640
1725
-2035
580
1665
-2095
520
1860
-1135
-815
1035
80
-875
975
20
-935
915
-40
-995
855
-100
-1055
1305
-925
160
1245
-730
1120
-600
-790
1060
-660
-340
235
555
-400
175
495
-460
115
435
-520
-455
120
440
-515
60
380
-575
0
320
-635
450
-505
580
390
-565
520
585
395
-1325
525
845
-2150
1740
785
-2210
1680
725
-2270
1620
665
-2330
1560
605
-1880
735
2075
-920
-1110
2015
-980
-1170
1955
-1040
-1995
620
1705
-2055
560
1645
-2115
500
1840
-1155
-835
1015
60
-895
955
0
-955
895
-60
-1015
1345
-885
200
1285
-690
1160
-560
-750
1100
-620
-810
1040
-680
-360
215
535
-420
155
475
-480
95
415
-540
-475
100
420
-535
40
360
-595
-20
300
-655
430
-525
560
370
-585
500
565
375
-1345
505
825
-2170
1720
765
-2230
1660
705
-2290
1600
645
-1840
775
2115
-880
-1070
2055
-940
-1130
1995
-1000
-1190
1935
-1060
-2015
600
1685
-2075
540
1625
-2135
480
1820
-1175
-855
995
40
-915
935
-20
-975
875
-80
-1035
1325
-905
180
1265
-710
1140
-580
-770
1080
-640
-320
255
575
-380
195
515
-440
135
455
-500
-435
140
460
-495
80
400
-555
20
340
-615
-40
280
-675
410
-545
540
350
-605
480
545
355
-1365
485
805
-2190
1700
745
-2250
1640
685
-2310
1580
625
-1860
755
2095
-900
-1090
2035
-960
-1150
1975
-1020
-1975
640
1725
-2035
580
1665
-2095
520
1860
-1135
-815
1035
80
-875
975
20
-935
915
-40
-995
855
-100
-1055
1305
-925
160
1245
-730
1120
-600
-790
1060
-660
-340
235
555
-400
175
495
-460
115
435
-520
-455
120
582
395
-1322
531
854
-2138
1755
803
-2189
1704
752
-2240
1653
701
-2291
1602
650
-2342
1551
599
-1883
735
1823
-1934
684
1772
-1985
633
1721
-2036
582
1925
-1067
-1254
1874
-1118
-1305
1823
-1169
-846
1007
55
-897
956
4
-948
905
-47
-999
854
-98
-1050
803
-149
-1101
1262
-965
123
1211
-1016
72
1160
-1067
21
1109
-1118
-30
1058
-1169
-81
1007
820
633
-1084
769
582
-1135
718
531
-1186
667
480
-1237
616
429
-1288
565
378
-1339
514
837
-2155
1738
786
-2206
1687
735
-2257
1636
684
-2308
1585
633
-2359
1534
582
-1900
718
1806
-1951
667
1755
-2002
616
1959
-1033
-1220
1908
-1084
-1271
1857
-1135
-812
1041
89
-863
990
38
-914
939
-13
-965
888
-64
-1016
837
-115
-1067
786
-166
-1118
1245
-982
106
1194
-1033
55
1143
-1084
4
1092
-1135
-47
1041
-1186
-98
990
803
616
-1101
752
565
-1152
701
514
-1203
650
463
-1254
599
412
-1305
548
871
-2121
1772
820
-2172
1721
769
-2223
1670
718
-2274
1619
667
-2325
1568
616
-2376
1517
565
-1917
701
1789
-1968
650
1738
-2019
599
1942
-1050
-1237
1891
-1101
-1288
1840
-1152
-829
1024
72
-880
973
21
-931
922
-30
-982
871
-81
-1033
820
-132
-1084
1279
-948
140
1228
-999
89
1177
-1050
38
1126
-1101
-13
1075
-1152
-64
1024
-1203
-115
973
786
599
-1118
735
548
-1169
684
497
-1220
633
446
-1271
582
395
-1322
531
854
-2138
1755
803
-2189
1704
752
-2240
1653
701
-2291
1602
650
-2342
1551
599
-1883
735
1823
-1934
684
1772
-1985
633
1721
-2036
582
1925
-1067
-1254
1874
-1118
-1305
1823
-1169
-846
1007
55
-897
956
4
-948
905
-47
-999
854
-98
-1050
803
-149
-1101
1262
-965
123
1211
-1016
72
1160
-1067
21
1109
-1118
-30
1058
-1169
-81
1007
820
633
-1084
769
582
-1135
718
531
-1186
667
480
-1237
616
429
-1288
565
378
-1339
514
837
-2155
1738
786
-2206
1687
735
-2257
1636
684
-2308
1585
633
-2359
1534
582
-1900
718
1806
-1951
667
1755
-2002
616
1959
-1033
-1220
1908
-1084
-1271
1857
-1135
-812
1041
89
-863
990
38
-914
939
-13
-965
888
-64
-1016
837
-115
-1067
786
-166
-1118
1245
-982
106
1194
-1033
55
1143
-1084
4
1092
-1135
-47
1041
-1186
-98
990
803
616
349
-600
491
307
-642
449
265
-684
1682
733
-2256
1640
691
-2298
1598
649
-2340
1556
607
-2382
1514
565
-2424
1472
523
-2466
1430
481
-2508
1388
439
-765
1091
142
-807
1049
100
-849
1007
58
-891
965
16
-933
923
-26
-975
881
-68
-1017
839
1165
-549
-733
1123
-591
-775
1081
-633
-817
1039
-675
-859
997
-717
-901
955
-759
-943
913
-801
545
-404
687
503
-446
645
461
-488
603
419
-530
561
377
-572
519
335
-614
477
293
-656
435
251
-698
1668
719
-2270
1626
677
-2312
1584
635
-2354
1542
593
-2396
1500
551
-2438
1458
509
-2480
1416
467
-737
1119
170
-779
1077
128
-821
1035
86
-863
993
44
-905
951
2
-947
909
-40
-989
867
-82
-1031
825
1151
-563
-747
1109
-605
-789
1067
-647
-831
1025
-689
-873
983
-731
-915
941
-773
-957
899
-815
531
-418
673
489
-460
631
447
-502
589
405
-544
547
363
-586
505
321
-628
463
279
-670
1696
747
-2242
1654
705
-2284
1612
663
-2326
1570
621
-2368
1528
579
-2410
1486
537
-2452
1444
495
-2494
1402
453
-751
1105
156
-793
1063
114
-835
1021
72
-877
979
30
-919
937
-12
-961
895
-54
-1003
853
1179
-535
-719
1137
-577
-761
1095
-619
-803
1053
-661
-845
1011
-703
-887
969
-745
-929
927
-787
-971
885
-829
517
-432
659
475
-474
617
433
-516
575
391
-558
533
349
-600
491
307
-642
449
265
-684
1682
733
-2256
1640
691
-2298
1598
649
-2340
1556
607
-2382
1514
565
-2424
1472
523
-2466
1430
481
-2508
1388
439
-765
1091
142
-807
1049
100
-849
1007
58
-891
965
16
-933
923
-26
-975
881
-68
-1017
839
1165
-549
-733
1123
-591
-775
1081
-633
-817
1039
-675
-859
997
-717
-901
955
-759
-943
913
-801
545
-404
687
503
-446
645
461
-488
603
419
-530
561
377
-572
519
335
-614
477
293
-656
435
251
-698
1668
719
-2270
1626
677
-2312
1584
635
-2354
1542
593
-2396
1500
551
-2438
1458
509
-2480
1416
467
-737
1119
170
-779
1077
128
-821
1035
86
-863
993
44
-905
951
2
-947
909
-40
-989
867
-82
-1031
825
1151
-563
-747
1109
-605
-789
1067
-647
-831
1025
-689
-873
983
-731
-915
941
-773
-957
899
-815
531
-418
371
-1340
519
338
-1373
486
305
-1406
198
-748
1621
675
-2311
1588
642
-2344
1555
609
-2377
1522
576
-2410
1489
543
-1168
1966
-1020
-1201
1933
-1053
-1234
1645
-2106
518
1612
-864
995
49
-897
962
16
-930
929
-17
-963
896
-50
-996
863
1192
-519
-955
139
1233
-988
106
1200
-1021
73
1167
221
550
-396
188
517
-429
155
484
-462
122
451
15
344
-602
-18
311
-635
-51
278
-668
-84
245
-701
-117
212
541
360
-1351
508
327
-1384
475
294
-1417
187
-759
1610
664
-2322
1577
631
-2355
1544
598
-2388
1511
565
-2421
1478
532
-1179
1955
-1031
-1212
1667
-2084
540
1634
-2117
507
1601
-875
984
38
-908
951
5
-941
918
-28
-974
885
1214
-497
-678
1181
-530
-966
128
1222
-999
95
1189
-1032
62
1156
210
539
-407
177
506
-440
144
473
-473
111
440
4
333
-613
-29
300
-646
-62
267
-679
-95
234
563
382
-1329
530
349
-1362
497
316
-1395
209
-737
357
176
-770
1599
653
-2333
1566
620
-2366
1533
587
-2399
1500
554
-1157
1977
-1009
-1190
1944
-1042
-1223
1656
-2095
529
1623
-2128
496
1590
-886
973
27
-919
940
-6
-952
907
-39
-985
874
1203
-508
-944
150
1244
-977
117
1211
-1010
84
1178
232
561
-385
199
528
-418
166
495
-451
133
462
-484
100
429
-7
322
-624
-40
289
-657
-73
256
-690
-106
223
552
371
-1340
519
338
-1373
486
305
-1406
198
-748
1621
675
-2311
1588
642
-2344
1555
609
-2377
1522
576
-2410
1489
543
-1168
1966
-1020
-1201
1933
-1053
-1234
1645
-2106
518
1612
-864
995
49
-897
962
16
-930
929
-17
-963
896
-50
-996
863
1192
-519
-955
139
1233
-988
106
1200
-1021
73
1167
221
550
-396
188
517
-429
155
484
-462
122
451
15
344
-602
-18
311
-635
-51
278
-668
-84
245
-701
-117
212
541
360
-1351
508
327
-1384
475
294
-1417
187
-759
1610
664
-2322
1577
631
-2355
1544
598
-2388
1511
565
-2421
1478
532
-1179
1955
-1031
-1212
1667
-2084
540
1634
-2117
507
1601
-875
984
38
-908
951
5
-941
918
-28
-974
885
1214
-497
-678
1181
-530
-966
128
1222
-999
95
1189
-1032
62
1156
210
539
-407
177
506
-440
144
473
-473
111
440
4
333
-627
470
292
-651
1721
778
-2205
1697
244
-1464
143
-800
1572
629
-2354
1548
605
-2378
1524
581
-1127
2010
-973
-1151
1731
-2017
610
1707
-2041
586
1683
-1300
1837
-1146
-1324
1558
-2190
437
1534
-939
923
-20
-963
899
-44
-987
875
1207
-501
-934
163
750
-193
-1136
726
1058
-650
-828
1034
-674
-1107
-10
1087
144
476
-467
120
452
-491
96
428
-5
327
-616
-29
303
-640
-53
279
-664
-77
255
587
409
-1299
308
-635
462
284
-659
1713
770
-2213
1689
236
-1472
135
-808
1564
621
-2362
1540
597
-2386
1516
573
-1135
2002
-981
-1159
1723
-2025
602
1699
-1284
1853
-1130
-1308
1829
-1154
-1332
1550
-923
939
-4
-947
915
-28
-971
891
-52
-995
612
179
1276
-942
155
742
-201
-1144
718
1050
-658
-836
1026
-682
-1115
-18
1079
136
468
-475
112
444
-499
88
420
-13
319
-624
-37
295
-648
-61
271
603
425
-1283
324
-619
478
300
-643
1729
786
-2197
1705
252
-1456
406
228
-1480
127
-816
1556
613
-2370
1532
589
-2394
1508
565
-1143
1739
-2009
618
1715
-2033
594
1691
-1292
1845
-1138
-1316
1821
-1162
-1340
1542
-931
931
-12
-955
907
-36
-979
883
1215
-493
-926
171
758
-185
-1128
734
1066
-642
-820
1042
-666
-1099
-2
1095
-1123
-26
1071
128
460
-483
104
436
-507
80
412
-21
311
-632
-45
287
-656
-69
263
595
417
-1291
316
-627
470
292
-651
1721
778
-2205
1697
244
-1464
143
-800
1572
629
-2354
1548
605
-2378
1524
581
-1127
2010
-973
-1151
1731
-2017
610
1707
-2041
586
1683
-1300
1837
-1146
-1324
1558
-2190
437
1534
-939
923
-20
-963
899
-44
-987
875
1207
-501
-934
163
750
-193
-1136
726
1058
-650
-828
1034
-674
-1107
-10
1087
144
476
-467
120
452
-491
96
428
-5
327
-616
-29
303
-640
-53
279
-664
-77
255
587
409
-1299
308
-635
462
284
-659
1713
770
-2213
1689
236
-1472
135
-808
1564
621
-2362
1540
597
-2386
1516
573
-1135
2002
-981
-1159
1723
-2025
602
1699
-1284
1853
-1130
-1308
1829
-1154
-1332
1550
-923
939
-4
-947
915
-28
-971
891
-52
-995
612
179
1276
-942
155
742
-201
-1144
718
1050
-658
-836
1026
-682
-1115
-18
1079
136
468
-475
112
444
-499
88
420
-13
319
160
495
320
-1385
225
-715
1660
720
-2260
1645
195
-1510
100
-840
1535
595
-2385
1520
580
-1125
1760
-1985
645
1745
-2510
1395
455
-1250
1890
-1090
-1265
1620
-850
1015
75
-1375
1765
-1215
-1390
1495
-975
890
-50
-990
875
1210
-495
-925
175
765
-175
-1115
750
1085
-620
-1050
50
1150
210
545
-905
960
-745
-1175
-75
1025
85
420
-520
70
405
-25
310
-630
-40
295
-645
-55
280
615
440
-1265
345
-595
1780
330
-1375
490
315
-1390
220
-720
1655
715
-2265
1640
190
-240
605
-2375
1530
590
-2390
1515
575
-1130
1755
-1990
640
1740
-1240
1900
-1080
-1255
1630
-2115
515
1615
-855
1010
70
-1380
1505
-965
900
-40
-980
885
-55
-995
870
1205
-1010
-165
-1105
760
-180
-1120
745
1080
-625
-1055
45
1145
205
540
-910
955
-750
-1180
-80
1020
80
415
-525
65
400
-30
305
-635
-45
290
-650
-60
275
355
-585
515
-170
165
500
325
-1380
230
-710
390
215
-725
1650
710
-2270
1635
185
-245
600
-2380
1525
585
-2395
1510
570
-1135
1750
-2505
1400
460
-1245
1895
-1085
-1260
1625
-2120
510
1610
-860
1005
65
-1385
1500
-970
895
-45
-985
880
-60
-1000
610
180
770
-170
-1110
755
1090
-615
-1045
55
1155
-1060
40
630
965
-740
-915
950
-755
90
425
-515
75
410
-530
60
395
-35
300
-640
-50
285
620
445
-1260
350
-590
510
-175
160
495
320
-1385
225
-715
1660
720
-2260
1645
195
-1510
100
-840
1535
595
-2385
1520
580
-1125
1760
-1985
645
1745
-2510
1395
455
-1250
1890
-1090
-1265
1620
-850
1015
75
-1375
1765
-1215
-1390
1495
-975
890
-50
-990
875
1210
-495
-925
175
765
-175
-1115
750
1085
-620
-1050
50
1150
210
545
-905
960
-745
-1175
-75
1025
85
420
-520
70
405
-25
310
-630
-40
295
-645
-55
280
615
440
-1265
345
-595
1780
330
-1375
490
315
-1390
220
-720
1655
715
-2265
1640
190
-240
605
-2375
1530
590
-2390
1515
575
-1130
1755
-1990
640
1740
-1240
1900
-1080
-1255
1630
-2115
515
1615
-855
1010
70
-1380
1505
-965
900
-40
-980
885
-55
-995
870
1205
-1010
-165
-1105
760
-180
-1120
745
1080
-625
-1055
45
1145
205
540
-910
955
-750
-1180
-80
1020
80
415
-525
65
400
-30
305
-1348
265
-672
1706
259
-1443
170
-767
1611
674
-2303
1605
158
-269
579
-2398
1510
573
-1129
1759
-2493
1415
478
-1224
1919
-1058
-1230
1658
-2084
549
1652
-1325
1563
-2179
454
1557
-910
958
21
-1426
1462
-1005
863
-74
-1011
602
175
768
-169
-1106
762
1100
-602
-1029
74
667
1005
-697
-1124
-21
1082
145
483
-964
904
-798
50
388
-549
44
382
-45
293
-644
-51
287
625
453
-1249
364
-573
530
-152
186
269
-668
435
263
-674
1704
257
-1445
168
-769
1609
672
-2305
1348
-864
1514
577
-2400
1508
571
-1131
1757
-2495
1413
476
-1226
1662
-2080
553
1656
-1321
1822
-1155
-1327
1561
-906
962
25
-1422
1466
-1001
867
-70
-1007
861
-76
-1013
600
173
766
-171
-1108
760
1098
-604
-1031
72
665
1003
-699
-1126
-23
1080
143
481
-966
902
-800
48
386
-551
42
380
-47
291
-646
-53
285
623
451
-1251
-148
190
528
356
-1346
267
-670
1708
261
-1441
427
255
-172
676
-2301
1607
670
-2307
1346
-866
1512
575
-2402
1506
569
-1133
1755
-2497
1411
474
-1228
1660
-2082
551
1654
-1323
1820
-1157
-1329
1559
-908
960
23
-1424
1464
-1003
865
-72
-1009
859
1197
-1015
-167
-1104
764
1102
-600
-1027
76
669
1007
-695
-867
1001
-701
-1128
-25
1078
141
479
-1223
-120
983
46
384
-553
40
378
-49
289
-648
-55
283
366
-571
532
-150
188
526
354
-1348
265
-672
1706
259
-1443
170
-767
1611
674
-2303
1605
158
-269
579
-2398
1510
573
-1129
1759
-2493
1415
478
-1224
1919
-1058
-1230
1658
-2084
549
1652
-1325
1563
-2179
454
1557
-910
958
21
-1426
1462
-1005
863
-74
-1011
602
175
768
-169
-1106
762
1100
-602
-1029
74
667
1005
-697
-1124
-21
1082
145
483
-964
904
-798
50
388
-549
44
382
-45
293
-644
-51
287
625
453
-1249
364
-573
530
-152
186
269
-668
435
263
-674
1704
257
-1445
168
-769
1609
672
-2305
1348
-864
1514
577
-2400
1508
571
-1131
1757
-2495
1413
476
-1226
1662
-2080
553
1656
-1321
1822
-1155
-1327
1561
-906
962
25
-1422
1466
-1001
867
-70
-1007
861
-76
-1013
600
173
766
-171
-1108
760
1098
-604
-1031
72
665
1003
-699
-1126
-23
1080
143
481
-966
902
-800
48
386
-551
42
380
-47
291
1734
290
-1409
207
-727
1654
210
-1489
127
-807
1574
640
-2334
1322
-887
1494
560
-1139
1752
-2497
1414
480
-1219
1672
-2067
569
1675
-1299
1847
-1127
-1296
1595
-1379
1767
-1207
-1376
1515
-949
922
-12
-1456
1435
-1029
842
1183
-1026
-175
-1109
762
1103
-596
-1020
86
682
1023
-676
-1100
6
602
943
-756
-1180
-74
1032
98
439
-1260
-154
952
18
359
-65
276
-658
-62
279
365
-569
537
-142
199
540
371
-1328
-222
119
460
291
-1408
208
-726
1655
211
-1488
128
-806
1575
131
-293
558
-2416
1495
561
-1138
1753
-2496
1415
481
-1218
1673
-2576
1335
401
-1298
1593
-2146
490
1596
-1378
1513
-951
920
-14
-1458
1433
-1031
840
-94
-1028
843
1184
-1025
-174
-1108
763
1104
-595
-1019
87
683
1024
-675
-1099
7
603
944
-755
96
437
-497
99
440
16
357
-577
19
360
-64
277
-657
-61
280
366
-568
538
-141
200
286
-648
458
-221
120
206
-728
1653
719
-2255
1401
-808
1573
639
-2335
1576
132
-292
559
-2415
1496
562
-1137
1754
-2495
1416
482
-1217
1674
-1300
1846
-1128
-1297
1594
-870
1001
67
-1377
1514
-950
921
-13
-1457
1434
-1030
841
-93
-1027
589
165
761
-173
-1107
509
85
681
1022
-677
-1101
5
1111
177
518
-926
945
-754
97
438
-1006
865
-834
17
358
-576
20
361
-63
278
-656
-60
281
-143
198
539
370
-1329
287
-647
1734
290
-1409
207
-727
1654
210
-1489
127
-807
1574
640
-2334
1322
-887
1494
560
-1139
1752
-2497
1414
480
-1219
1672
-2067
569
1675
-1299
1847
-1127
-1296
1595
-1379
1767
-1207
-1376
1515
-949
922
-12
-1456
1435
-1029
842
1183
-1026
-175
-1109
762
1103
-596
-1020
86
682
1023
-676
-1100
6
602
943
-756
-1180
-74
1032
98
439
-1260
-154
952
18
359
-65
276
-658
-62
279
365
-569
537
-142
199
540
371
-1328
-222
119
460
291
-1408
208
-726
1655
211
-1488
128
-806
1575
131
-293
558
-2416
1495
561
-1138
1753
-2496
1415
481
-1218
1673
-2576
1335
401
-1298
1593
-2146
490
1596
-1378
1513
-951
920
-14
-1458
1433
-1031
840
-94
-1028
843
1184
-1025
-174
-1108
763
1104
-595
-1019
87
683
1024
-675
-1099
7
603
944
-755
96
437
-497
99
440
16
357
-577
19
360
-64
277
226
-705
1679
238
-1458
161
-770
1614
173
-248
606
-2365
1549
108
-313
541
-2430
1229
-977
1407
476
-1220
1674
-2572
1342
411
-1285
1609
-2127
512
1621
-1350
1544
-917
957
26
-1415
1479
-982
892
1236
-970
-116
-1047
572
151
750
-181
-1112
507
86
685
1029
-667
-1088
21
620
964
-732
-1153
-44
555
899
-797
57
401
-1040
834
-862
-8
336
-85
259
-672
-73
271
-150
194
-737
-138
206
295
-636
1748
307
-1389
230
-701
1683
242
-179
675
-2296
1618
177
-244
610
-2361
1298
-908
1476
545
-1151
1743
-2503
1411
480
-1216
1678
-2568
1346
415
-1281
1613
-1358
1791
-1180
-1346
1548
-1423
1471
-990
884
-47
-1488
1406
-1055
819
-112
-1043
576
155
754
1098
-598
-1019
90
689
1033
-663
-1084
25
624
968
-728
126
470
-1226
-117
992
61
405
-16
328
-603
-4
340
-81
263
-668
-69
275
-146
198
542
376
-1320
-211
133
477
311
-1385
-276
68
157
-774
1610
169
-1527
92
-839
1545
614
-1082
1812
-2434
1480
549
-1147
1747
-2499
1415
484
-1212
1682
-1289
1605
-2131
508
1617
-1354
1540
-2196
443
1552
-1419
1475
-986
888
-43
-1484
1410
-1051
823
1167
-1039
-185
-1116
758
1102
-1104
-250
-1181
438
17
616
960
-736
-1157
-48
1061
130
474
53
397
-534
65
409
-12
332
-599
0
344
-77
267
611
445
-1251
-142
202
291
-640
469
-207
137
226
-705
1679
238
-1458
161
-770
1614
173
-248
606
-2365
1549
108
-313
541
-2430
1229
-977
1407
476
-1220
1674
-2572
1342
411
-1285
1609
-2127
512
1621
-1350
1544
-917
957
26
-1415
1479
-982
892
1236
-970
-116
-1047
572
151
750
-181
-1112
507
86
685
1029
-667
-1088
21
620
964
-732
-1153
-44
555
899
-797
57
401
-1040
834
-862
-8
336
-85
259
-672
-73
271
-150
194
-737
-138
206
295
-636
1748
307
-1389
230
-701
1683
242
-179
675
-2296
1618
177
-244
610
-2361
1298
-908
1476
545
-1151
1743
-2503
1411
480
-1216
1678
-2568
1346
415
-1281
1613
-1358
1791
-1180
-1346
1548
-1423
1471
-990
884
-47
-1488
1406
-1055
819
-112
-1043
576
155
754
1098
-598
-1019
90
689
1033
-663
-1084
25
624
968
-728
126
470
-1226
-117
992
61
405
-16
328
-603
-4
340
-81
263
-262
85
177
-751
1636
198
-1495
127
-801
1331
-872
1515
587
-1106
1791
-2452
1465
27
-391
466
-1227
1670
-2573
1344
416
-1277
1620
-1348
1804
-1164
-1327
1570
-1398
1499
-959
918
-10
-1448
1449
-1009
613
195
797
-131
-1569
1328
-1130
747
1094
-1109
-252
-1180
442
24
626
973
-720
-1138
-26
576
923
-770
87
434
16
363
-565
37
384
-34
313
-105
242
-686
-84
263
-155
192
539
376
-1317
-205
142
234
-694
1693
255
-1438
184
-744
1388
-815
1572
644
-2324
1338
-865
1522
84
-334
523
-2445
1217
-986
1401
473
-1220
1677
-2566
1351
423
-1270
1627
-1341
1556
-902
975
47
-1391
1506
-1462
1435
-1023
854
-74
-1512
1385
-1073
804
1151
-1052
-195
-1123
499
81
683
1030
-663
-1081
31
633
980
-713
144
491
-1202
-90
512
859
-834
23
370
-1323
-211
901
-27
320
-98
249
-679
-77
270
-148
199
291
-637
1750
312
-1381
241
-687
1700
262
-156
191
-1502
120
-808
1579
141
-277
580
-2388
1274
-929
1458
530
-1163
1734
-2509
1408
480
-1213
1684
-1284
1613
-2630
1287
359
-1334
1563
-1405
1747
-1221
-1384
1513
-1455
1442
-1016
861
-67
-1505
1392
-1066
556
138
740
1087
-606
-1024
88
690
1037
-1166
966
-727
-1145
-33
569
916
-777
80
427
-1266
-154
958
30
377
-41
306
-622
-20
327
-91
256
348
-580
532
-141
206
-212
135
482
319
-1374
-262
85
177
-751
1636
198
-1495
127
-801
1331
-872
1515
587
-1106
1791
-2452
1465
27
-391
466
-1227
1670
-2573
1344
416
-1277
1620
-1348
1804
-1164
-1327
1570
-1398
1499
-959
918
-10
-1448
1449
-1009
613
195
797
-131
-1569
1328
-1130
747
1094
-1109
-252
-1180
442
24
626
973
-720
-1138
-26
576
923
-770
87
434
16
363
-565
37
384
-34
313
-105
242
-686
-84
263
-155
192
539
376
-1317
-205
142
234
-694
1693
255
-1438
184
-744
1388
-815
1572
644
-2324
1338
-865
1522
84
-334
523
-2445
1217
-986
1401
473
-1220
1677
-2566
1351
423
-1270
1627
-1341
1556
-902
975
47
-1391
1506
-1462
1435
-1023
854
-74
-1512
1385
-1073
804
1151
-1052
-195
-1123
499
81
683
1030
-663
-1081
31
633
980
-713
144
491
-1202
-90
512
859
-834
23
370
-1323
-211
901
-27
320
-98
249
270
-145
205
-1485
140
-785
1605
170
-245
105
-310
550
-2415
1250
-950
1440
515
-1175
1725
-2515
1150
-1050
1340
415
-1275
1625
-1340
1560
-2170
475
1590
-1375
1525
-1440
1460
-995
885
-40
-1475
1425
-1540
1360
-1095
785
1135
-1065
-205
-1130
495
80
685
1035
-1165
970
-720
-1135
-20
585
935
-755
105
455
40
390
-1300
-185
930
5
355
-60
290
-125
225
-700
-95
255
-160
190
285
-640
1750
315
-1375
-260
90
185
-740
1650
215
-200
150
-1540
85
-840
1550
115
-300
560
-1130
1770
-2470
1450
15
-400
460
-1230
1670
-2570
1350
425
-1265
1635
-1330
1570
-1395
1505
-2225
420
1535
-1430
1470
-1495
1405
-1050
830
-95
-1530
1370
-1085
540
125
730
1080
-1120
-260
-1185
440
25
630
980
-710
150
500
-1190
-75
530
880
-810
50
400
-15
335
-1100
780
-910
-50
300
-115
235
585
425
-1265
-150
200
-215
135
230
-695
1695
260
-1430
195
-730
1405
-795
1595
160
-255
605
-2360
1305
-895
1495
60
-355
505
-2460
1205
-995
1395
470
-1220
1680
-1285
1615
-2625
1295
370
-1320
1580
-1385
1515
-940
940
15
-1420
1480
-1485
1415
-1040
840
1190
-1010
-150
-1585
1315
-1140
485
70
675
1025
-665
-1080
35
385
-30
575
925
-765
95
445
-1245
-130
475
825
-865
-5
345
-70
280
-645
-40
310
-105
245
-170
180
530
370
-1320
-205
145
240
-685
1705
270
-145
205
-1485
140
-785
1605
170
-245
105
-310
550
-2415
1250
-950
1440
515
-1175
1725
-2515
1150
-1050
1340
415
-1275
1625
-1340
1560
-2170
475
1590
-1375
1525
-1440
1460
-995
885
-40
-1475
1425
-1540
1360
-1095
785
1135
-1065
-205
-1130
495
80
685
1035
-1165
970
-720
-1135
-20
585
935
-755
105
455
40
390
-1300
-185
930
5
355
-60
290
-125
225
-700
-95
255
-160
190
285
-640
1750
315
-1375
-260
90
185
-740
1650
215
-200
150
-1540
85
-840
1550
115
-300
560
-1130
1770
-2470
1450
15
-400
460
-1230
1670
-2570
1350
425
-1265
1635
-1330
1570
-1395
1505
-2225
420
1535
-1430
1470
-1495
1405
-1050
830
-95
-1530
1370
-1085
540
125
730
1080
-1120
-260
-1185
440
25
630
980
-710
150
500
-1190
-75
530
880
-810
50
400
-15
335
-1100
780
-910
-50
300
-115
235
-728
1410
-787
1606
174
-238
625
-2337
1331
-866
1272
-925
1468
36
-376
487
-1200
1703
-2534
1389
-43
-455
408
-1279
1624
-1338
1565
-1397
1761
-1201
-1358
1545
-1417
1486
-1476
1427
-1025
858
1211
-986
-123
-1555
1348
-1104
524
112
720
1073
-1124
1014
-673
-1085
33
386
-26
582
935
-752
111
464
52
405
-1282
-164
444
797
-890
-27
326
-86
267
-145
208
-714
-106
247
-165
188
-224
129
227
-695
1698
266
-1421
-303
50
148
-774
1364
-833
1560
128
-284
579
-2383
1285
-912
1226
-971
1422
500
-1187
1716
-1246
1657
-2580
1343
421
-1266
1637
-1325
1578
-1384
1519
-1443
1715
-1247
-1404
1499
-1463
1440
-1522
1381
-1071
812
1165
-1032
-169
-1601
1302
-1150
478
66
674
1027
-1170
968
-719
-1131
-13
340
-72
536
889
-798
65
418
6
359
-1328
-210
908
-14
339
-73
280
-132
221
319
-603
515
-152
201
-211
142
-270
83
181
-741
1652
220
-1467
-349
4
102
-820
1318
-879
1514
82
-330
533
-2429
1239
-958
1435
3
-409
454
-1233
1670
-1292
1611
-2626
1297
375
-1312
1591
-1371
1532
-1430
1473
-979
904
-18
-1450
1453
-1509
1394
-1058
570
158
766
1119
-1078
1060
-1137
-274
-1196
432
20
628
981
-1216
922
-765
98
451
-1236
-118
490
843
-844
19
372
-40
313
-99
254
-668
-60
293
-119
234
-178
175
273
-649
1744
312
-1375
-257
96
194
-728
1410
-787
1606
174
-238
625
-2337
1331
-866
1272
-925
1468
36
-376
487
-1200
1703
-2534
1389
-43
-455
408
-1279
1624
-1338
1565
-1397
1761
-1201
-1358
1545
-1417
1486
-1476
1427
-1025
858
1211
-986
-123
-1555
1348
-1104
524
112
720
1073
-1124
1014
-673
-1085
33
386
-26
582
935
-752
111
464
52
405
-1282
-164
444
797
-890
-27
326
-86
267
-145
208
-714
-106
247
-165
188
-224
129
227
-695
1698
266
-1421
-303
50
148
-774
1364
-833
1560
128
-284
579
-2383
1285
-912
1226
-971
1422
500
-1187
1716
-1246
1657
-2580
1343
421
-1266
1637
-1325
1578
-1384
1519
-1443
1715
-1247
-1404
1499
-1463
1440
-1522
1381
-1071
812
1165
-1032
-169
-1601
1302
-1150
478
66
674
1027
-1170
968
-719
-1131
-13
340
-72
536
889
-798
65
418
6
359
-1328
-210
908
-14
339
-73
280
-132
221
59
-350
6
107
-812
1329
-865
1531
102
-307
49
-360
506
-2453
1218
-976
1165
-1029
1367
448
-1236
1670
-1289
1617
-1342
1564
-1395
1511
-2213
438
1559
-1400
1506
-1453
1453
-1506
1400
-1049
582
173
784
1140
-1054
-188
-1617
1289
-1160
471
62
418
9
620
976
-1218
923
-761
105
461
-1223
-102
254
-155
456
812
-872
-6
350
-59
297
-112
244
-165
191
-728
-117
239
-170
186
-223
133
-276
80
181
-738
1658
229
-180
176
-1508
-387
-31
70
-849
1292
-902
1494
65
-344
12
-397
469
-1215
1691
-2543
1128
-1066
1330
411
-1273
1633
-1326
1580
-1379
1527
-1432
1474
-975
911
-8
-1437
1469
-1490
1416
-1543
1363
-1086
545
136
747
1103
-1091
1050
-1144
-278
-1197
434
25
381
-28
583
939
-1255
886
-798
68
424
15
371
-1313
-192
419
775
-909
-43
313
-96
260
-149
207
-202
154
510
356
-1328
-207
149
-260
96
-313
43
144
-775
1621
192
-217
139
-270
86
-1598
33
-886
1255
-939
1457
28
-381
485
-1199
1707
-1252
1654
-1305
1601
-2633
1293
374
-1310
1596
-1363
1543
-1416
1490
-1469
1437
-1012
874
1230
-964
-98
-1527
1379
-1580
1326
-1123
508
99
455
46
657
1013
-1181
960
-724
-1133
-12
344
-65
291
-118
493
849
-835
31
387
-22
334
-75
281
-1403
-282
839
-80
276
-133
223
-186
170
-239
117
218
-701
1695
266
-1418
-297
59
-350
6
107
-812
1329
-865
1531
102
-307
49
-360
506
-2453
1218
-976
1165
-1029
1367
448
-1236
1670
-1289
1617
-1342
1564
-1395
1511
-2213
438
1559
-1400
1506
-1453
1453
-1506
1400
-1049
582
173
784
1140
-1054
-188
-1617
1289
-1160
471
62
418
9
620
976
-1218
923
-761
105
461
-1223
-102
254
-155
456
812
-872
-6
350
-59
297
-112
244
-165
191
-728
-117
239
-170
186
-223
133
-276
80
181
-738
1658
229
-180
176
-1508
-387
-31
70
-849
1292
-902
1494
65
-344
12
-397
469
-1215
1691
-2543
1128
-1066
1330
411
-1273
1633
-1326
1580
-1379
1527
-1432
1474
-975
911
-8
-1437
1469
-1490
1416
-1543
1363
-1086
545
136
747
1103
-1091
1050
-1144
-278
-1197
434
25
381
-28
583
939
-1255
886
-798
68
424
15
371
-1313
-192
419
775
-909
-43
313
-96
260
-149
207
-174
185
-221
138
-1543
-419
-60
44
-872
1272
-919
1225
-966
1433
7
-399
-40
-446
423
-1258
1651
-1305
1604
-1352
1557
-1399
1510
-2721
1208
292
-1389
1520
-1436
1473
-1483
1426
-1530
1379
-1577
1332
-1114
520
114
728
1087
-1104
1040
-1151
993
-1198
946
-735
-1141
-17
342
-64
295
-111
503
862
-1329
815
-866
3
362
-44
315
-91
268
-138
221
-185
174
533
382
-1299
-175
184
-222
137
-269
90
-316
43
147
-769
1375
-816
1583
157
-249
110
-296
63
-343
526
-1155
1754
-2477
1197
-994
1150
-1041
1358
-68
-474
395
-1286
1623
-1333
1576
-1380
1529
-1427
1482
-1474
1435
-1011
878
1237
-954
-85
-1511
1398
-1558
1351
-1605
1304
-1142
492
86
445
39
653
1012
-1179
965
-1226
918
-763
106
465
59
418
-1263
-139
220
-186
428
787
-894
-25
334
-72
287
-119
240
-166
193
-213
146
250
-666
1733
307
-99
260
-1421
-297
62
-344
15
119
-797
1347
-844
1300
-891
1508
82
-324
35
-371
498
-1183
1726
-1230
1679
-1277
1632
-2599
1075
-1116
1283
367
-1314
1595
-1361
1548
-1408
1501
-1455
1454
-1502
1407
-1039
595
189
803
1162
-1029
1115
-1076
-207
-1633
1276
-1680
1229
-1217
417
11
370
-36
578
937
-1254
890
-1301
843
-838
31
390
-16
343
-63
296
-1385
-261
353
712
-969
-100
259
-147
212
-194
165
-241
118
-288
71
175
-741
1658
232
-174
185
-221
138
-1543
-419
-60
44
-872
1272
-919
1225
-966
1433
7
-399
-40
-446
423
-1258
1651
-1305
1604
-1352
1557
-1399
1510
-2721
1208
292
-1389
1520
-1436
1473
-1483
1426
-1530
1379
-1577
1332
-1114
520
114
728
1087
-1104
1040
-1151
993
-1198
946
-735
-1141
-17
342
-64
295
-111
503
862
-1329
815
-866
3
362
-44
315
-91
268
-138
221
-185
174
533
382
-1299
-175
184
-222
137
-269
90
-316
43
147
-769
1375
-816
1583
157
-249
110
-296
63
-343
526
-1155
1754
-2477
1197
-994
1150
-1041
1358
-68
-474
395
-1286
1623
-1333
1576
-1380
1529
-1427
1482
-1474
1435
-1011
878
1237
-954
-85
-1511
1398
-1558
1351
-1605
1304
-1142
492
86
445
39
653
1012
-1179
965
-1226
918
-763
106
465
59
418
-1263
-139
220
-186
428
787
-894
-25
334
-72
287
-119
240
-166
193
1378
-810
1337
-851
1551
128
-275
87
-316
46
-357
5
-398
474
-1204
1708
-1245
1667
-1286
1626
-1327
1585
-1368
1544
-1409
1503
-2725
1207
294
-1384
1528
-1425
1487
-1466
1446
-1507
1405
-1548
1364
-1589
1323
-1630
1282
-1161
476
73
435
32
394
-9
353
-50
567
929
-1259
888
-1300
847
-831
41
403
0
362
-41
321
-82
280
-123
239
-164
198
-205
157
264
-649
1753
330
-1348
-221
141
-262
100
-303
59
-344
18
-385
-23
84
-829
1318
-870
1277
-911
1236
-952
1195
-993
1409
-14
-417
-55
-458
414
-1264
1648
-1305
1607
-1346
1566
-1387
1525
-1428
1484
-1469
1443
-1510
1402
-1041
596
193
810
1172
-1016
1131
-1057
1090
-1098
-226
-1649
1263
-1690
1222
-1221
416
13
375
-28
334
-69
293
-110
252
-151
466
828
-1360
787
-891
-19
343
-60
302
-101
261
-142
220
-183
179
-224
138
-265
97
204
-709
1438
-750
1652
229
-174
188
-215
147
-256
106
-297
65
-338
534
-2419
1258
-930
1217
-971
1176
-1012
1135
-1053
1094
-1094
1308
-115
-518
354
-1324
1588
-1365
1547
-1406
1506
-1447
1465
-1488
1424
-1529
1383
-1570
1342
-1101
536
133
495
92
709
1071
-1117
1030
-1158
989
-1199
948
-1240
907
-771
101
463
60
422
19
381
-1297
-170
192
-211
151
-252
365
727
-951
-79
283
-120
242
-161
201
-202
160
-243
119
-284
78
-325
37
144
-769
1378
-810
1337
-851
1551
128
-275
87
-316
46
-357
5
-398
474
-1204
1708
-1245
1667
-1286
1626
-1327
1585
-1368
1544
-1409
1503
-2725
1207
294
-1384
1528
-1425
1487
-1466
1446
-1507
1405
-1548
1364
-1589
1323
-1630
1282
-1161
476
73
435
32
394
-9
353
-50
567
929
-1259
888
-1300
847
-831
41
403
0
362
-41
321
-82
280
-123
239
-164
198
-205
157
264
-649
1753
330
-1348
-221
141
-262
100
-303
59
-344
18
-385
-23
84
-829
1318
-870
1277
-911
1236
-952
1195
-993
1409
-14
-417
-55
-458
414
-1264
1648
-1305
1607
-1346
1566
-1387
1525
-1428
1484
-1469
1443
-1510
1402
-1041
596
193
810
1172
-1016
1131
-1057
1090
-1098
-226
-1649
1263
-1690
1222
-1221
416
13
375
-28
334
-69
293
-110
252
-151
466
828
-1360
787
-891
-19
343
-60
302
-101
261
-142
220
-183
179
-385
-20
-420
-55
55
-855
1295
-890
1260
-925
1225
-960
1190
-995
1155
-1030
1120
-1065
1085
-1100
1050
-1135
1015
-1170
980
-1205
1200
290
-1385
1530
-1420
1495
-1455
1460
-1490
1425
-1525
1390
-1560
1355
-1595
1320
-1630
2560
-1155
995
-1190
960
-1225
925
-1260
890
-785
90
455
55
420
20
385
-15
350
-50
315
-85
280
-120
245
-155
210
-190
175
-225
140
-260
105
215
-695
1710
290
-110
255
-145
220
-180
185
-215
150
-250
115
-285
80
-320
45
-355
10
-390
-25
-425
450
-1225
1690
-1260
1655
-1295
1620
-1330
1585
-1365
1550
-1400
1515
-1435
1480
-1470
1445
-1505
1410
-1540
1375
-1575
1340
-1100
540
140
505
105
470
70
690
1055
-1130
1020
-1165
985
-1200
950
-1235
915
-1270
880
-1305
845
-1340
810
-865
10
375
-25
340
-60
305
-95
270
-130
235
-165
200
-200
165
-235
130
-270
95
-305
60
-340
25
135
-775
1375
-810
1340
-845
1305
-880
1270
-915
1235
-950
1455
35
-365
0
-400
-35
-435
-70
-470
-105
-505
370
-1305
1610
-1340
1575
-1375
1540
-1410
1505
-1445
1470
-1480
1435
-1515
1400
-1550
1365
-1585
1330
-1620
1295
-1655
1260
-1180
460
60
425
25
390
-10
355
-45
320
-80
285
-115
250
-150
215
-185
435
800
-1385
765
-1420
730
-945
-70
295
-105
260
-140
225
-175
190
-210
155
-245
120
-280
85
-315
50
-350
15
-385
-20
-420
-55
55
-855
1295
-890
1260
-925
1225
-960
1190
-995
1155
-1030
1120
-1065
1085
-1100
1050
-1135
1015
-1170
980
-1205
1200
290
-1385
1530
-1420
1495
-1455
1460
-1490
1425
-1525
1390
-1560
1355
-1595
1320
-1630
2560
-1155
995
-1190
960
-1225
925
-1260
890
-785
90
455
55
420
20
385
-15
350
-50
315
-85
280
-120
245
-155
210
-190
175
-225
140
-260
105
215
-695
1710
290
-110
255
-145
220
-180
185
-215
150
-250
115
-285
80
-320
45
-355
10
-390
-25
-425
450
-1225
1690
-1260
1655
-1295
1620
-1330
1585
-1365
1550
-1400
1515
-1435
1480
-1470
1445
-1505
1410
-1540
1375
-1575
1340
-1100
540
140
505
105
470
70
690
1055
-1130
1020
-1165
985
-1200
950
-1235
915
-1270
880
-1305
845
-1340
810
-865
10
375
-25
340
-60
305
-95
270
-130
235
-165
200
-200
165
147
-250
118
-279
89
-308
60
-337
31
-366
2
-395
-27
-424
-56
-453
-85
-482
-114
-511
-143
-540
-172
-569
-201
-598
280
-1392
1526
-1421
1497
-1450
2743
-969
1184
-998
1155
-1027
1126
-1056
1097
-1085
1068
-1369
19
387
-10
358
-39
329
-68
300
-97
271
-126
242
-155
213
-184
184
-213
155
-242
126
-271
97
-300
1343
181
-216
152
-245
123
-274
94
-303
65
178
-729
1424
-758
1395
-787
1366
-816
1337
-845
1308
-874
1279
-903
1250
-932
1221
-961
1192
-990
1163
-1019
1134
-1048
1105
-1077
1076
169
1557
-1390
1528
-1419
1499
-1448
1470
-1477
1441
-1506
1412
-1535
1383
-1564
1354
-1593
1325
-1622
1296
-1651
1267
-1680
1238
-1199
444
47
415
18
386
-11
357
-40
328
-69
299
-98
1545
383
-14
354
-43
325
-72
296
-101
267
-130
238
-159
209
-188
180
-217
151
-246
122
-275
93
-304
64
-333
35
-362
6
-391
-23
-420
-52
-449
-81
-478
1165
3
-394
484
-1188
1730
-1217
1701
-1246
1672
-1275
1643
-1304
1614
-1333
1585
-1362
1556
-1391
1527
-1420
1498
-1449
1469
-1478
1440
-1507
1411
-1536
1382
-1565
1353
-1594
1324
-1623
1295
-1652
2541
-1171
982
-1200
953
-1229
924
-1258
895
-1287
866
-1316
837
-1345
808
-1374
779
-893
-15
353
-44
324
-73
295
-102
266
-131
237
-160
208
-189
179
-218
150
-247
121
-276
1367
205
-192
176
-221
147
-250
118
-279
89
-308
60
-337
31
-366
2
-395
-27
-424
-56
-453
-85
-482
-114
-511
-143
-540
-172
-569
-201
-598
280
-1392
1526
-1421
1497
-1450
2743
-969
1184
-998
1155
-1027
1126
-1056
1097
-1085
1068
-1369
19
387
-10
358
-39
329
-68
300
-97
271
-126
242
-155
213
-184
184
-213
155
-242
126
-271
97
-300
1343
181
-216
152
-245
123
-274
94
-303
65
178
-729
1424
-758
1395
-787
1366
-816
1337
-845
1308
-874
1279
-903
1250
-932
1221
-961
1192
-990
1163
-1019
1134
-1048
1105
-1077
1076
169
1557
-1390
1528
-1419
1499
-1448
1470
-1477
1441
-1506
1412
-1535
1383
-1564
1354
-1593
1325
-1622
1296
-1651
1267
-1680
1238
-1199
444
47
415
18
386
-11
357
-40
328
-69
299
-98
1545
383
-14
354
-43
325
-72
296
-101
267
-130
238
-159
209
-188
180
-217
151
-851
1305
-874
1282
-897
1259
-920
1236
-943
1213
309
1700
-1244
1677
-1267
1654
-1290
1631
-1313
1608
-1336
1585
-1359
1562
-1382
1539
-1405
1516
-1428
1493
-1451
2745
-1219
172
543
149
520
126
497
103
474
80
451
-453
1193
-1751
1170
-1774
1147
-1797
2399
-1310
846
-1333
823
-1356
800
-1379
777
-1402
754
-1425
731
-1448
708
-1471
685
-1749
-358
1288
129
-265
106
-288
83
-311
60
-334
37
-357
14
-380
-9
-403
-32
-426
-55
-449
-78
-472
1174
15
-379
-8
-402
-31
-425
-54
-448
-77
-471
-100
-494
-123
-772
-1166
990
-1189
967
63
1454
-1490
1431
-1513
1408
-1536
1385
-1559
1362
-1582
1339
-1605
1316
-1628
1293
-1651
1270
-1674
2522
-1187
969
-1210
946
-1233
923
-1256
900
-1279
877
-1302
854
-1580
-189
182
-212
159
-235
1411
252
-142
229
-165
206
-188
183
-211
160
-234
137
-257
114
-280
91
-303
68
-326
45
-349
1297
138
-256
115
-279
92
-302
69
-580
-974
1182
-997
1159
-1020
1136
-1043
1113
-1066
1090
186
1577
-1367
1554
-1390
1531
-1413
1508
-1436
1485
-1459
1462
-1482
1439
-1505
1416
-1528
1393
-1551
2645
-1064
1092
-1087
1069
-1110
1046
-1388
3
374
-20
351
-43
328
-66
305
-89
282
-112
259
-135
1511
352
-42
329
-65
306
-88
283
-111
260
-134
237
-157
214
-180
191
-203
168
-226
1420
261
-133
238
-411
-805
1351
-828
1328
-851
1305
-874
1282
-897
1259
-920
1236
-943
1213
309
1700
-1244
1677
-1267
1654
-1290
1631
-1313
1608
-1336
1585
-1359
1562
-1382
1539
-1405
1516
-1428
1493
-1451
2745
-1219
172
543
149
520
126
497
103
474
80
451
-453
1193
-1751
1170
-1774
1147
-1797
2399
-1310
846
-1333
823
-1356
800
-1379
777
-1402
754
-1425
731
-1448
708
-1471
685
-1749
-358
1288
129
-265
106
-288
83
-311
60
-334
37
-357
14
-380
-9
-403
-32
-426
-55
-449
-78
-472
1174
15
-379
-8
-402
-31
-425
-54
-448
-77
-471
-100
-494
-123
-772
-1166
990
-1189
967
63
1454
-1490
1431
-1513
1408
-1536
1385
-1559
1362
-1582
1339
-1605
1316
-1628
1293
-1651
1270
-1674
2522
-1187
969
-1210
946
-1233
923
-1256
900
-1279
877
-1302
854
-1580
-189
182
-212
159
-235
1411
252
-142
229
-165
206
-188
183
-211
160
-234
137
-64
-455
-81
-472
1177
21
-370
4
-387
-13
-659
-1050
1109
-1067
1092
-1084
1075
174
1568
-1373
1551
-1390
1534
-1407
1517
-1424
1500
-1441
1483
-1458
2741
-1220
-336
1313
-1628
1296
-1645
1279
-1662
1262
-1679
1245
-1696
2503
-1203
956
-1220
939
-1237
922
-1509
-115
259
-132
242
-149
1500
344
-47
327
-64
310
-81
293
-98
276
-115
-251
633
-1798
-404
1245
89
-302
72
-319
55
-336
38
-353
21
-370
4
-387
1262
106
-285
89
-302
72
-574
-965
1194
-982
1177
-999
1160
259
1653
-1288
1636
-1305
1619
-1322
1092
-574
-200
-591
-217
-863
21
1415
-1526
1398
-1543
1381
-1560
1364
-1577
1347
-1594
1330
-1611
2588
-1118
1041
-1135
1024
-1407
-13
361
-30
344
-47
327
-64
310
-81
1568
412
21
-115
769
-1407
752
-1424
735
-1696
-302
72
-319
1330
174
-217
157
-234
140
-251
123
-268
106
-285
89
-302
1347
191
-200
174
-472
-863
1296
-880
1279
-897
1262
-914
735
1109
-47
-438
-64
-455
-81
-472
-98
-489
-115
-761
-1152
1007
106
1500
-1441
1483
-1458
1466
-1475
1449
-1492
1432
-1509
1415
-1526
1398
-1543
2656
-1305
89
463
72
446
55
429
-472
1177
-1764
1160
-1781
2418
-1288
871
-1305
854
-1322
837
-1339
820
-1611
-217
157
-234
1415
259
-132
242
-149
225
-166
208
-183
191
-200
174
-217
1432
276
-370
-761
1398
-778
871
-30
-421
-47
-438
-64
-455
-81
-472
1177
21
-370
4
-387
-13
-659
-1050
1109
-1067
1092
-1084
1075
174
1568
-1373
1551
-1390
1534
-1407
1517
-1424
1500
-1441
1483
-1458
2741
-1220
-336
1313
-1628
1296
-1645
1279
-1662
1262
-1679
1245
-1696
2503
-1203
956
-1220
939
-1237
922
-1509
-115
259
-132
242
-149
1500
344
-47
327
-64
310
-81
293
-98
276
-115
-251
633
-1798
-404
1245
89
-302
72
-319
55
-336
38
-353
21
-370
4
-387
1262
106
-285
89
-302
72
-574
-965
1194
-982
1177
-999
1160
259
1653
-1288
1636
-1305
1619
-1322
1092
-574
-200
-591
-217
-863
21
1415
-1526
1398
-1543
1381
-1560
1364
-1577
1347
-1594
1330
-1611
2588
-1118
1041
-1135
1024
-1407
-13
361
-30
344
-47
327
-64
310
-81
1568
412
21
-115
769
-1407
752
-1424
735
-1696
-302
72
-319
1330
174
-217
157
-234
140
-251
123
1233
80
-308
69
-574
-962
1200
-973
1189
291
1178
-485
-108
-496
-119
-507
-130
-773
-1161
1001
103
1500
-1438
1489
-1449
1478
-1460
1467
-1471
2731
-1227
-340
1312
-1626
1301
-1637
1290
-1648
1279
-1659
2543
-1160
1002
-1426
-29
348
-40
337
-51
326
-572
2355
-1348
814
-1359
803
-1625
-228
149
-239
1413
260
-128
249
-139
238
-150
227
-161
-294
593
-560
72
-316
61
-327
50
-338
39
-349
1303
150
-238
139
-504
-892
1270
-903
1259
-914
738
1115
-38
-426
-49
-437
-60
-703
-1091
1071
-1102
1060
162
1559
-1379
1548
-1390
1537
-1401
1016
-902
-15
1382
-1556
1371
-1567
1360
-1578
1349
-1589
1338
-1600
2602
-1356
41
418
30
407
-491
1161
-1777
2425
-1278
884
-1289
873
-1300
862
-1566
-169
208
-180
1472
319
-69
308
-80
-213
674
-1499
663
-1765
-368
1284
131
-257
120
-268
109
-279
98
-290
1362
209
-434
-822
1340
-833
819
-79
-467
-90
-478
1174
21
-367
10
-633
-1021
1141
-1032
1130
232
1629
-1309
1618
-1320
1097
-566
-189
-832
-1220
942
44
1441
-1497
1430
-1508
1419
-1519
1408
-1530
1397
-1541
2661
-1297
-410
1242
-1696
1231
-1707
1220
-1718
2484
-1219
943
-1230
932
-1496
-99
278
-110
267
-121
1531
378
-10
-143
744
-1429
733
-1695
-298
1354
201
-187
190
-198
179
-209
168
-220
157
-231
1166
-752
900
2
-386
-9
-397
-20
-408
-31
-419
1233
80
-308
69
-574
-962
1200
-973
1189
291
1178
-485
-108
-496
-119
-507
-130
-773
-1161
1001
103
1500
-1438
1489
-1449
1478
-1460
1467
-1471
2731
-1227
-340
1312
-1626
1301
-1637
1290
-1648
1279
-1659
2543
-1160
1002
-1426
-29
348
-40
337
-51
326
-572
2355
-1348
814
-1359
803
-1625
-228
149
-239
1413
260
-128
249
-139
238
-150
227
-161
-294
593
-560
72
-316
61
-327
50
-338
39
-349
1303
150
-238
139
-504
-892
1270
-903
1259
-914
738
1115
-38
-426
-49
-437
-60
-703
-1091
1071
-1102
1060
162
1559
-1379
1548
-1390
1537
-1401
1016
-902
-15
1382
-1556
1371
-1567
1360
-1578
1349
-1589
1338
-1600
2602
-1356
41
418
30
407
-491
1161
-1777
2425
-1278
884
-1289
873
-1300
862
-1566
-169
208
-180
1472
319
-69
308
-80
-213
674
-1499
663
-1765
-368
1284
131
-257
120
-268
109
-530
-915
1250
-920
735
1115
-35
-420
-40
-680
-1065
1100
-1070
1095
200
1600
-1335
1085
-575
-195
-835
55
1455
-1480
1450
-1485
1445
-1490
1440
-1750
1180
1305
-1630
1300
-1635
1295
-1640
2565
-1135
1030
-1395
5
385
-510
1145
-1790
2415
-1285
880
-1290
875
-1550
-150
230
-155
1500
-160
730
-1440
725
-1700
-300
1355
205
-180
200
-185
195
-190
190
-195
695
55
-330
50
-335
45
-340
1315
165
-475
-860
1305
-865
790
-105
-490
1165
15
-370
10
-630
-1015
1150
-1020
1145
250
1140
-520
-140
-525
-145
-785
105
1505
-1430
1500
-1435
1495
-1440
980
-935
-45
1355
-1580
1350
-1585
1345
-1590
1340
-1595
2610
-1345
-455
1200
-1735
1195
-1740
2465
-1235
930
-1495
-95
285
-100
280
-105
1550
-110
780
-1390
775
-1650
-250
1405
255
-130
250
-135
245
-140
-270
620
-530
105
-280
100
-285
95
-290
90
-295
1105
-810
845
-50
-435
-55
-440
1215
65
-320
60
-580
-965
1200
-970
685
1065
-85
-470
-90
-730
-1115
1050
155
1555
-1380
1550
-1385
1035
-625
-245
-885
5
1405
-1530
1400
-1535
1395
-1540
1390
-1545
2660
-1295
-405
1250
-1685
1245
-1690
2515
-1185
980
-1445
-45
335
-50
330
-565
2365
-1335
830
-1340
825
-1600
-200
180
-205
1450
300
-85
-215
675
-1750
-350
1305
155
-230
150
-235
145
-240
140
-245
645
5
-380
0
-385
-5
-390
1265
115
-270
110
-530
-915
1250
-920
735
1115
-35
-420
-40
-680
-1065
1100
-1070
1095
200
1600
-1335
1085
-575
-195
-835
55
1455
-1480
1450
-1485
1445
-1490
1440
-1750
1180
1305
-1630
1300
-1635
1295
-1640
2565
-1135
1030
-1395
5
385
-510
1145
-1790
2415
-1285
880
-1290
875
-1550
-150
230
-155
1500
-160
730
-1440
725
-1700
-300
1355
205
-180
200
-185
195
-190
190
-195
695
55
-330
50
-335
45
-340
1315
165
-475
-860
1305
-865
790
-105
-490
1165
15
-370
10
-630
-1015
1150
-1020
1145
250
1140
-520
-140
-525
-145
-785
105
1505
-1430
1500
-1435
1495
-1440
980
-935
-45
1355
-1580
1350
-1585
1345
-1590
1340
-1595
2610
-1345
-455
1200
-1735
1195
-1740
2465
-1235
930
-1495
-95
285
-100
280
-105
1550
-110
780
-1390
775
-1650
-250
1405
255
-130
250
-135
245
-140
-270
620
-530
105
-280
100
-285
95
767
1150
3
-379
4
-633
-1015
1153
261
1154
-503
-120
-502
-119
-756
137
1540
-1392
1541
-1391
1032
-880
13
1416
-1516
1417
-1515
1418
-1514
2184
-493
-1640
1293
-1639
1294
-1638
2570
-1382
21
404
-488
1170
-1762
2446
-1251
917
-1505
-102
281
-101
1557
-100
793
-1374
794
-1628
-225
1433
286
-96
-223
670
-1752
-349
1309
162
-220
163
-219
164
-218
675
38
-344
39
-343
40
-342
1061
-851
807
-85
-467
-84
-466
1192
45
-592
-974
1194
-973
685
1068
-79
-461
-78
-715
-1097
1071
179
1582
-1350
1073
-839
-1221
947
55
1458
-1474
1459
-1473
950
-962
-69
1334
-1598
1335
-1597
1336
-1596
2612
-1340
-447
1211
-1721
1212
-1720
2488
-1464
-61
322
-570
2363
-1334
834
-1333
835
-1587
-184
1474
327
-55
-182
711
-1711
-308
1350
203
-179
204
-178
205
-177
716
79
-303
80
-302
81
-301
1357
210
-937
-44
-426
-43
-425
1233
86
-551
-933
1235
-932
726
1109
-38
-420
-37
-674
-1056
1112
220
1113
-544
-161
-798
-1180
988
96
1499
-1433
1500
-1432
991
-921
-28
1375
-1557
1376
-1556
1377
-1555
2653
-1299
-406
1252
-1680
1253
-1679
2529
-1423
-20
363
-529
1129
-1803
2405
-1292
876
-1546
-143
240
-142
1516
-141
752
-1415
753
-1669
-266
1392
245
-137
-264
629
-1793
-390
1268
121
-261
122
-260
123
-259
634
-3
-385
-2
-384
-1
-383
1020
-892
1276
-891
767
1150
3
-379
4
-633
-1015
1153
261
1154
-503
-120
-502
-119
-756
137
1540
-1392
1541
-1391
1032
-880
13
1416
-1516
1417
-1515
1418
-1514
2184
-493
-1640
1293
-1639
1294
-1638
2570
-1382
21
404
-488
1170
-1762
2446
-1251
917
-1505
-102
281
-101
1557
-100
793
-1374
794
-1628
-225
1433
286
-96
-223
670
-1752
-349
1309
162
-220
163
-219
164
-218
675
38
-344
39
-343
40
-342
1061
-851
807
-85
-467
-84
-466
1192
45
-592
-974
1194
-973
685
1068
-79
-461
-78
-715
-1097
1071
179
1582
-1350
1073
-839
-1221
947
55
1458
-1474
1459
-1473
950
-962
-69
1334
-1598
1335
-1597
1336
-1596
2612
-1340
-447
1211
-1721
1212
-1720
2488
-1464
-61
322
-570
2363
-1334
834
-1333
835
-1587
-184
1474
327
-55
-182
711
-1711
-308
1350
203
-179
204
-178
205
-177
716
79
-303
80
-302
81
24
-610
-989
1182
-982
679
1065
-79
-713
-1092
1079
190
1596
-1333
1093
-816
-1195
976
87
1493
-1436
990
-919
-23
1383
-1546
1390
-1539
1397
-1787
1149
1280
-1649
1287
-1642
2569
-1380
-484
1177
-1752
1184
-1745
2466
-1483
-77
309
-580
2356
-1338
833
-1586
-180
206
-173
1488
-166
730
-1689
-283
1378
234
-145
-269
627
-1792
-386
1275
131
-248
138
-241
655
21
-358
28
-351
1310
166
-978
-82
-461
-75
-454
1207
63
-571
-950
711
1097
-47
-426
-40
-674
-1053
1118
229
1125
-529
-143
-777
119
1525
-1404
1022
-632
-246
-880
16
1422
-1507
1429
-1500
2201
-473
-1617
1319
-1610
1326
-1603
2608
-1341
-445
1216
-1713
2498
-1196
975
-1444
-548
1113
-1816
2395
-1554
-148
238
-141
1520
-134
762
-1657
-251
135
-244
1417
-237
659
-1760
-354
1307
163
-216
170
-209
-588
-457
1204
60
-319
67
-312
1094
-815
846
-43
-422
1239
95
-539
-918
743
-146
-525
1136
-8
-642
-1021
1150
261
1157
-497
-111
-745
-1124
1047
158
1054
-600
-214
-848
48
1454
-1475
1461
-1468
958
-951
-55
1351
-1578
1358
-1571
2640
-1309
-413
1248
-1681
1255
-1674
2537
-1412
-516
1145
-1784
2427
-1267
904
-1515
-109
277
-612
2324
-1370
801
-1618
-212
1449
305
-74
-198
698
-1721
-315
1346
202
-177
-301
595
-549
92
-287
99
-280
1381
237
-907
-11
-390
-4
-383
1278
134
-1010
-114
-493
1168
24
-610
-989
1182
-982
679
1065
-79
-713
-1092
1079
190
1596
-1333
1093
-816
-1195
976
87
1493
-1436
990
-919
-23
1383
-1546
1390
-1539
1397
-1787
1149
1280
-1649
1287
-1642
2569
-1380
-484
1177
-1752
1184
-1745
2466
-1483
-77
309
-580
2356
-1338
833
-1586
-180
206
-173
1488
-166
730
-1689
-283
1378
234
-145
-269
627
-1792
-386
1275
131
-248
138
-241
655
21
-358
28
-351
1310
166
-978
-82
-461
-75
-454
1207
63
-571
-950
711
1097
-47
-426
-40
-674
-1053
1118
229
1125
-529
-143
-777
119
1525
-1404
1022
-632
-246
-880
16
1422
-1507
1429
-1500
2201
-473
-1617
1319
-1610
1326
-1603
2608
-1341
-445
1216
-1713
2498
-1196
975
-1444
-548
1113
-1816
2395
-1554
-148
238
-141
1520
-134
762
-1657
-251
135
-244
1417
-237
659
-1760
-354
1307
163
-216
170
-209
-588
-457
1204
60
-319
67
-974
690
-196
-572
1092
-49
-680
-1056
608
997
-144
-775
-1151
1023
137
1036
-615
-226
-857
42
1451
-1475
954
-952
-53
1356
-1570
1369
-1557
2147
-524
-1665
1274
-1652
2562
-1384
-485
1179
-1747
2467
-1224
950
-1466
-567
1097
-1829
2385
-1561
-152
237
-649
2290
-1401
773
-1643
-234
1430
-221
678
-1738
-329
1335
194
-182
-303
596
-545
99
-277
112
-264
635
4
-372
17
-359
1050
-856
808
-78
-454
1210
69
-562
-938
726
1115
-26
-657
-1033
1141
255
1154
-497
-108
-739
-1115
1059
173
1072
-834
-1210
964
78
1487
-1439
990
-916
-17
1392
-1534
1405
-1776
1163
1297
-1629
1310
-1616
2598
-1348
-449
1215
-1711
2503
-1443
-34
355
-531
2408
-1283
891
-1525
-626
2313
-1378
796
-1620
-211
1453
-198
701
-1460
714
-427
217
-159
-280
619
-1797
-388
1276
135
-241
-362
537
-604
40
-336
53
-323
576
-55
-431
-42
-418
991
-915
749
-137
-513
1151
10
-621
-997
667
1056
-85
-716
-1092
1082
196
1095
-556
-167
-798
101
1510
-1416
1013
-893
6
1415
-1511
1428
-1498
2206
-465
-1606
1333
-1593
1346
-1835
1104
1238
-1688
1251
-1675
2539
-1407
-508
1156
-1770
2444
-1502
-93
296
-590
2349
-1342
832
-1584
-175
1489
-162
737
-1679
-270
1394
253
-123
-244
655
-486
158
-218
171
-205
694
63
-313
76
-300
1109
-797
867
-19
-395
-6
-382
1027
-879
785
-101
-477
932
-974
690
-196
-572
1092
-49
-680
-1056
608
997
-144
-775
-1151
1023
137
1036
-615
-226
-857
42
1451
-1475
954
-952
-53
1356
-1570
1369
-1557
2147
-524
-1665
1274
-1652
2562
-1384
-485
1179
-1747
2467
-1224
950
-1466
-567
1097
-1829
2385
-1561
-152
237
-649
2290
-1401
773
-1643
-234
1430
-221
678
-1738
-329
1335
194
-182
-303
596
-545
99
-277
112
-264
635
4
-372
17
-359
1050
-856
808
-78
-454
1210
69
-562
-938
726
1115
-26
-657
-1033
1141
255
1154
-497
-108
-739
-1115
1059
173
1072
-834
-1210
964
78
1487
-1439
990
-916
-17
1392
-1534
1405
-1776
1163
1297
-1629
1310
-1616
2598
-1348
-449
1215
-1711
2503
-1443
-34
355
-531
2408
-1283
891
-1525
-626
2313
-1378
796
-1620
-211
1453
-198
701
-1460
714
-427
217
-159
-280
619
-1797
-388
1276
135
-241
-362
537
-604
40
-336
53
-187
-560
1107
-31
-659
-1032
635
1027
-111
-739
163
1065
-583
-191
-819
83
1495
-1428
1004
-899
3
1415
-1508
924
-979
-77
1335
-1588
1354
-1824
1118
1255
-1668
1274
-1904
1038
1175
-1748
2469
-1474
-62
330
-553
2389
-1299
878
-1535
-633
2309
-1379
798
-1615
-203
1464
-184
718
-1695
-283
1384
-264
638
-500
147
-226
166
-207
695
67
-306
86
-287
615
-13
-386
6
-367
535
-93
-466
-74
-447
965
-938
729
-154
-527
885
-1018
649
1041
-97
-725
-1098
1079
196
1098
-550
-158
-786
116
1018
-630
-238
-866
36
1448
-1475
957
-946
-44
1368
-1555
2152
-516
-1654
1288
-1635
2582
-1361
-459
1208
-1715
2502
-1441
-539
1128
-1795
2422
-1521
-109
283
-600
2342
-1601
-189
203
-680
2262
-1681
-269
1398
260
-113
-486
-349
1318
180
-193
-311
591
-547
100
-273
119
-254
648
20
-353
39
-334
568
-60
-433
1234
96
-1042
-140
-513
1154
16
-612
-985
682
1074
-64
-692
-1065
602
994
-144
-772
-1145
1032
149
1051
-852
-1225
952
69
971
-932
-30
1382
-1541
1401
-1777
1165
1302
-1621
1321
-1602
2105
-563
-1701
1241
-1682
2535
-1408
-506
1161
-1762
2455
-1488
-586
2356
-1332
845
-1568
-156
1511
-137
765
-1648
-236
1431
-217
685
-1728
-316
1351
213
-160
-533
-396
1271
133
-240
-613
-476
1191
53
-320
582
-46
-419
-27
-400
1267
129
-1009
-107
-480
1187
49
-1089
-187
-560
1107
-31
-659
-1032
635
1027
-111
-739
163
1065
-583
-191
-819
83
1495
-1428
1004
-899
3
1415
-1508
924
-979
-77
1335
-1588
1354
-1824
1118
1255
-1668
1274
-1904
1038
1175
-1748
2469
-1474
-62
330
-553
2389
-1299
878
-1535
-633
2309
-1379
798
-1615
-203
1464
-184
718
-1695
-283
1384
-264
638
-500
147
-226
166
-207
695
67
-306
86
-287
615
-13
-386
6
-367
535
-93
-466
-74
-447
965
-938
729
-154
-527
885
-1018
649
1041
-97
-725
-1098
1079
196
1098
-550
-158
-786
116
1018
-630
-238
-866
36
1448
-1475
957
-946
-44
1368
-1555
2152
-516
-1654
1288
-1635
2582
-1361
-459
1208
-1715
2502
-1441
-539
1128
-1795
2422
-1521
-109
283
-600
2342
-1601
-189
203
-680
2262
-1681
-269
1398
260
-113
-486
-349
1318
180
-193
-311
591
-547
100
-273
119
-254
648
20
-353
39
1110
-25
-650
-1020
650
1045
-90
-715
190
1095
-805
-1175
1005
125
1030
-870
35
1450
-1470
965
-935
-30
1385
-1535
900
-1000
-95
1320
-1600
2110
-555
-1690
1255
-1665
2045
-620
-1755
2465
-1475
-570
1100
-1820
2400
-1540
-125
270
-610
2335
-1605
-190
1480
-165
740
-1670
-255
1415
-230
675
-460
190
-180
-550
-410
1260
125
-245
-615
-475
1195
60
-310
595
-30
-400
-5
-375
530
-95
-465
1205
70
-1065
-160
-530
1140
5
-1130
1050
-85
-710
-1080
590
985
-150
-775
-1145
1035
155
1060
-840
65
1480
-1440
995
-905
0
1415
-1505
2205
-460
-1595
1350
-1825
1120
1260
-1660
1285
-1890
1055
1195
-1725
2495
-1445
-540
1130
-1790
2430
-1510
-605
2340
-1345
835
-1575
-670
2275
-1410
770
-1640
-735
2210
-1730
-315
1355
-290
615
-1795
-380
1290
155
-215
690
65
-305
90
-280
625
0
-370
1300
165
-970
-65
-435
980
-920
750
-130
-500
915
-985
685
1080
-55
-680
-1050
620
1015
-120
-745
160
1065
-580
-185
-810
95
1000
-645
-250
-875
30
935
-965
-60
1355
-1565
870
-1030
-125
1290
-1630
2590
-1350
-445
1225
-1695
2525
-1415
-510
1160
-1760
2460
-1480
-575
2370
-1570
-155
240
-640
2305
-1635
-220
1450
-195
710
-1700
-285
1385
-260
645
-1765
-350
1320
-325
580
-555
95
-275
-390
515
-620
30
-340
565
-60
-430
-35
-405
1010
-890
780
1175
40
-585
-955
715
1110
-25
-650
-1020
650
1045
-90
-715
190
1095
-805
-1175
1005
125
1030
-870
35
1450
-1470
965
-935
-30
1385
-1535
900
-1000
-95
1320
-1600
2110
-555
-1690
1255
-1665
2045
-620
-1755
2465
-1475
-570
1100
-1820
2400
-1540
-125
270
-610
2335
-1605
-190
1480
-165
740
-1670
-255
1415
-230
675
-460
190
-180
-550
-410
1260
125
-245
-615
-475
1195
60
-310
595
-30
-400
-5
-375
530
-95
-465
1205
70
-1065
-160
-530
1140
5
-1130
1050
-85
-710
-1080
590
985
-150
-775
-1145
1035
155
1060
-840
65
1480
-1440
995
-905
0
1415
-1505
2205
-460
-1595
1350
-1825
1120
1260
-1660
1285
-1890
1055
1195
-1725
2495
-1445
-540
1130
-1790
2430
-1510
-605
2340
-1345
835
-1575
-670
2275
-1410
770
-1640
-735
2210
-1730
-315
1355
-290
615
-1795
-380
1290
155
-215
690
65
-305
90
-280
625
0
-370
1300
-653
-1020
653
1051
-81
-703
205
1113
-784
-1151
522
920
-212
-834
74
982
-915
-7
1411
-1506
932
-965
-57
1361
-1556
2157
-505
-1637
1311
-1861
1087
1230
-1687
2536
-1401
-493
2455
-1482
-574
1099
-1818
2405
-1532
-624
2324
-1358
825
-1582
-674
2274
-1663
-245
1428
-214
694
-1713
-295
1378
-519
-376
1297
-345
563
-569
84
-283
-395
513
-619
34
-333
575
-47
-414
-16
-383
525
-97
-464
954
-943
730
1128
-4
-626
-993
680
823
-1074
599
997
-135
-757
-1124
549
947
-185
-807
101
1009
-888
20
1438
-1479
959
-938
-30
1388
-1784
1164
1307
-1610
828
-1069
-161
1257
-1660
2053
-609
-1741
2482
-1455
-547
1126
-1791
2432
-1505
-597
2351
-1586
-168
230
-647
2301
-1636
-218
1455
-187
721
-411
-268
640
-1767
-349
1324
-318
590
-542
111
-256
-623
-480
1193
61
-306
602
-20
-387
1031
-866
807
-70
-437
471
-151
-518
1155
23
-1109
-201
-568
850
-1047
626
1024
-108
-730
178
1086
-811
-1178
1005
128
1036
-861
47
1465
-1452
986
-911
-3
905
-992
-84
1334
-1583
2130
-532
-1664
1284
-1888
1060
1203
-1714
2509
-1428
-520
1153
-1764
2459
-1478
-570
2378
-1559
-651
2297
-1385
798
-1609
-701
2247
-1690
-272
1401
-241
667
-1740
-322
1351
-291
617
-515
138
-229
679
57
-310
88
-279
629
7
-360
548
-74
-441
-43
-410
498
-124
-491
927
-970
703
1101
-31
-653
-1020
653
1051
-81
-703
205
1113
-784
-1151
522
920
-212
-834
74
982
-915
-7
1411
-1506
932
-965
-57
1361
-1556
2157
-505
-1637
1311
-1861
1087
1230
-1687
2536
-1401
-493
2455
-1482
-574
1099
-1818
2405
-1532
-624
2324
-1358
825
-1582
-674
2274
-1663
-245
1428
-214
694
-1713
-295
1378
-519
-376
1297
-345
563
-569
84
-283
-395
513
-619
34
-333
575
-47
-414
-16
-383
525
-97
-464
954
-943
730
1128
-4
-626
-993
680
823
-1074
599
997
-135
-757
-1124
549
947
-185
-807
101
1009
-888
20
1438
-1479
959
-938
-30
1388
-1784
1164
1307
-1610
828
-1069
-161
1257
-1660
2053
-609
-1741
2482
-1455
-547
1126
-1791
2432
-1505
-597
2351
-1586
-168
230
-647
2301
-1636
-218
1455
-187
721
-411
-268
640
-1767
-349
1324
-318
590
-542
111
-256
-623
-480
1193
61
-306
602
-20
-387
1031
644
1045
-84
-703
208
1119
-775
-1139
537
938
-191
-810
101
1012
-882
29
940
-954
-43
1378
-1536
905
-989
-78
1343
-1826
1125
1271
-1643
2073
-586
-1715
2511
-1423
-512
1164
-2005
946
1092
-1822
2404
-1530
-619
2332
-1602
-181
1495
-144
767
-1637
-726
2225
-1709
-288
1388
-251
660
-469
-323
588
-541
115
-249
-613
-467
1209
80
-284
627
8
-356
555
-64
-428
1248
119
-1010
-99
-463
448
-171
-535
886
-1008
668
1069
-60
-1189
997
-132
-751
-1115
561
962
-167
-786
125
1036
-858
53
964
-930
-19
1402
-1512
929
-965
-54
857
-1037
-126
1295
-1619
2097
-562
-1691
2535
-1399
-488
1188
-1981
970
1116
-1798
2428
-1506
-595
2356
-1578
-667
2284
-1395
791
-1613
-702
2249
-1685
-264
1412
-482
-336
1340
-299
612
-517
139
-225
-589
-443
1233
-406
505
-624
32
-332
579
-40
-404
507
-112
-476
-75
-439
472
-147
-511
910
-984
692
1093
-36
-1165
1021
-108
-727
-1091
585
731
-1163
513
914
-215
-834
77
988
-906
5
1426
-1488
953
-941
-30
881
-1013
-102
1319
-1850
1101
1247
-1667
2049
-610
-1739
1212
-1957
994
1140
-1774
2452
-1482
-571
2380
-1554
-643
2308
-1626
-205
1471
-168
743
-1661
-750
2201
-1733
-312
1364
-275
636
-493
163
-201
710
91
-273
-637
-491
1185
56
-308
603
-16
-380
531
-88
-452
1224
95
-1034
-123
-487
424
-195
-559
862
-1032
644
1045
-84
-703
208
1119
-775
-1139
537
938
-191
-810
101
1012
-882
29
940
-954
-43
1378
-1536
905
-989
-78
1343
-1826
1125
1271
-1643
2073
-586
-1715
2511
-1423
-512
1164
-2005
946
1092
-1822
2404
-1530
-619
2332
-1602
-181
1495
-144
767
-1637
-726
2225
-1709
-288
1388
-251
660
-469
-323
588
-541
115
-249
-613
-467
1209
80
-284
627
8
-356
555
-64
-428
1248
119
-1010
-99
-463
448
-171
-535
886
-1008
668
1069
-60
-1189
997
-132
-751
-1115
561
962
-167
-786
125
1036
-858
53
964
-930
-19
1402
-1512
929
-965
-54
857
-1037
-126
1295
-1619
2097
-562
-1691
2535
-1399
-488
1188
-1981
970
1116
-1798
2428
-1506
-595
2356
-1578
-667
2284
-1395
791
-1613
-702
2249
-1685
-264
1412
-482
-336
1340
-299
612
-517
139
-225
-589
-443
1233
-406
505
-624
32
-332
579
-40
-404
507
-609
815
-1076
603
752
-1139
540
944
-182
-798
116
1030
-861
53
967
-924
-10
904
-987
-73
1351
-1560
2159
-497
-1623
821
-1070
-156
1268
-1898
1056
1205
-1961
993
1142
-1769
1950
-706
-1832
2397
-1534
-620
2334
-1597
-683
2271
-1660
-236
1443
-193
721
-405
-256
658
-1743
-319
1360
-531
-382
1297
-594
-445
1234
-402
512
-614
45
-316
598
-18
-379
535
-81
-442
982
-909
770
1174
48
-1078
1111
-15
-1141
-227
-588
836
-1055
624
773
-1118
561
965
-161
-777
137
1051
-840
74
988
-903
11
925
-966
-52
1372
-1539
2180
-476
-1602
842
-1049
-135
1289
-1877
1077
1226
-1940
1014
1163
-1748
1971
-685
-1811
2418
-1513
-599
2355
-1576
-662
2292
-1639
-215
1464
-172
742
-384
-235
679
-1722
-808
2146
-1785
-361
1318
-573
-424
1255
-381
533
-593
66
-295
619
3
-358
556
-60
-421
493
-123
-484
1195
69
-1057
1132
6
-1120
-206
-567
857
-1034
645
794
-1097
582
986
-140
-1266
923
-203
-819
95
1009
-882
32
946
-945
-31
1393
-1518
2201
-455
-1581
2138
-518
-1644
800
-1091
-177
1247
-1919
1035
1184
-1727
1992
-664
-1790
2439
-1492
-578
2376
-1555
-641
2313
-1618
-704
2250
-1681
-257
1422
-214
700
-1701
-787
2167
-1764
-340
1339
-552
-403
1276
-615
-466
1213
-423
491
-635
24
-337
577
-39
-400
514
-102
-463
961
-930
749
1153
27
-1099
-185
-546
368
-248
-609
815
-1076
603
752
-1139
540
944
-182
-798
116
1030
-861
53
967
-924
-10
904
-987
-73
1351
-1560
2159
-497
-1623
821
-1070
-156
1268
-1898
1056
1205
-1961
993
1142
-1769
1950
-706
-1832
2397
-1534
-620
2334
-1597
-683
2271
-1660
-236
1443
-193
721
-405
-256
658
-1743
-319
1360
-531
-382
1297
-594
-445
1234
-402
512
-614
45
-316
598
-18
-379
535
-81
-442
982
-909
770
1174
48
-1078
1111
-15
-1141
-227
-588
836
-1055
624
773
-1118
561
965
-161
-777
137
1051
-840
74
988
-903
11
925
-966
-52
1372
-1539
2180
-476
-1602
842
-1049
-135
1289
-1877
1077
1226
-1940
1014
1163
-1748
1971
-685
-1811
2418
-1513
-599
2355
-1576
-662
2292
-1639
-215
1464
-172
742
-384
-235
679
-1722
-808
2146
-1785
-361
1318
-573
-424
1255
-381
533
-593
66
-295
619
3
-358
556
-60
-421
493
-77
-1200
992
-131
-1254
938
-185
-798
119
1036
-852
65
982
-906
11
928
-960
-43
874
-1014
-97
1330
-1833
1124
1276
-1632
2090
-563
-1686
2036
-617
-1740
1982
-671
-1794
2438
-1490
-573
2384
-1544
-627
2330
-1598
-681
2276
-1652
-735
2222
-1706
-279
1403
-485
-333
1349
-284
633
-490
-338
579
-544
-392
525
-598
64
-294
623
10
-348
569
-44
-402
515
-98
-456
461
-152
-510
917
-971
711
863
-1025
657
1064
-59
-1182
1010
-113
-1236
956
-167
-780
137
1054
-834
83
1000
-888
29
946
-942
-25
892
-996
-79
1348
-1815
1142
1294
-1614
2108
-545
-1668
2054
-599
-1722
2000
-653
-1776
2456
-1472
-555
2402
-1526
-609
2348
-1580
-663
2294
-1634
-717
2240
-1688
-261
1421
-467
-315
1367
-266
651
-472
-320
597
-526
-374
543
-580
82
-276
641
28
-330
587
-26
-384
533
-80
-438
479
-134
-492
935
-953
729
881
-1007
675
1082
-41
-1164
1028
-95
-1218
974
-149
-762
155
1072
-816
101
1018
-870
47
964
-924
-7
910
-978
-61
1366
-1797
1160
1312
-1851
1106
1258
-1650
2072
-581
-1704
2018
-635
-1758
2474
-1454
-537
2420
-1508
-591
2366
-1562
-645
2312
-1616
-699
2258
-1670
-753
2204
-1724
-297
1385
-248
669
-454
-302
615
-508
-356
561
-562
-410
507
-616
46
-312
605
-8
-366
551
-62
-420
497
-116
-474
443
-170
-528
899
-989
693
1100
-23
-1146
1046
-77
-1200
992
-131
-1254
938
-185
-798
119
1036
-852
65
982
-906
11
928
-960
-43
874
-1014
-97
1330
-1833
1124
1276
-1632
2090
-563
-1686
2036
-617
-1740
1982
-671
-1794
2438
-1490
-573
2384
-1544
-627
2330
-1598
-681
2276
-1652
-735
2222
-1706
-279
1403
-485
-333
1349
-284
633
-490
-338
579
-544
-392
525
-598
64
-294
623
10
-348
569
-44
-402
515
-98
-456
461
-152
-510
917
-971
711
863
-1025
657
1064
-59
-1182
1010
-113
-1236
956
-167
-780
137
1054
-834
83
1000
-888
29
946
-942
-25
892
-996
-79
1348
-1815
1142
1294
-1614
2108
-545
-1668
2054
-599
-1722
2000
-653
-1776
2456
-1472
-555
2402
-1526
-609
2348
-1580
-663
2294
-1634
-717
2240
-1688
-261
1421
-467
-315
1367
-266
651
-472
-320
597
-526
-374
543
-580
82
-276
641
28
-330
587
-26
-384
533
-80
-438
479
-1075
610
765
-1120
565
720
110
1030
-855
65
985
-900
20
940
-945
-25
895
-990
-70
850
-1035
-115
805
-1080
-160
1270
-1890
1070
1225
-1935
1025
1180
-1980
980
2410
-1515
-595
2365
-1560
-640
2320
-1605
-685
2275
-1650
-730
2230
-1695
-775
2185
-1740
-820
2140
-1785
-355
1330
-555
-400
1285
-600
-445
1240
630
20
-335
585
-25
-380
540
-70
-425
495
-115
-470
450
-160
-515
405
-205
-560
360
-250
-605
825
-1060
625
780
-1105
580
735
125
1045
-840
80
1000
-885
35
955
-930
-10
910
-975
-55
865
-1020
-100
820
-1065
-145
1285
-1875
1085
1240
-1920
1040
1195
-1965
995
2425
-1500
-580
2380
-1545
-625
2335
-1590
-670
2290
-1635
-715
2245
-1680
-760
2200
-1725
-805
2155
-1770
-340
1345
-540
-385
1300
-585
-430
1255
-630
-475
1210
600
-10
-365
555
-55
-410
510
-100
-455
465
-145
-500
420
-190
-545
375
-235
-590
840
-1045
640
795
-1090
595
750
-1135
550
705
95
1015
-870
50
970
-915
5
925
-960
-40
880
-1005
-85
835
-1050
-130
790
-1095
-175
1255
-1905
1055
1210
-1950
1010
1165
-1995
965
2395
-1530
-610
2350
-1575
-655
2305
-1620
-700
2260
-1665
-745
2215
-1710
-790
2170
-1755
-325
1360
-525
-370
1315
-570
-415
1270
-615
-460
1225
615
5
-350
570
-40
-395
525
-85
-440
480
-130
-485
435
-175
-530
390
-220
-575
855
-1030
655
810
-1075
610
765
-1120
565
720
110
1030
-855
65
985
-900
20
940
-945
-25
895
-990
-70
850
-1035
-115
805
-1080
-160
1270
-1890
1070
1225
-1935
1025
1180
-1980
980
2410
-1515
-595
2365
-1560
-640
2320
-1605
-685
2275
-1650
-730
2230
-1695
-775
2185
-1740
-820
2140
-1785
-355
1330
-555
-400
1285
-600
-445
1240
630
20
-335
585
-25
-380
540
-70
-425
495
-115
-470
450
-160
-515
405
-205
-560
360
-250
-605
825
-1060
625
780
-1105
580
735
125
1045
-840
80
1000
-885
35
955
-930
-10
910
-975
-55
865
-1020
-100
820
-1065
-145
1285
-1875
1085
1240
-1920
1040
1195
-1965
995
2425
-1500
-580
2380
-1545
-625
2335
-1590
-670
2290
-1635
-715
2245
-1680
-760
2200
-1725
-805
2155
-1770
-340
1345
-540
-385
1300
-585
-430
1255
-630
-475
1210
600
-10
-365
555
-55
-410
510
-100
-455
465
987
-130
-1247
951
-166
-1283
660
-1222
466
624
17
940
-942
-19
904
-978
-55
868
-1014
-91
832
-1050
-127
796
-1086
-163
2035
-612
-1729
1999
-648
-1765
1963
-684
-2056
907
1065
-2092
871
2304
-1618
-695
2268
-1654
-731
2232
-1690
-767
2196
-1726
-803
2160
-487
-329
594
-523
-365
558
-559
-401
522
-595
-692
-534
1154
-728
-570
1118
511
-96
-448
475
-132
-484
439
-168
-520
403
-204
-556
367
1035
-82
-1199
999
-118
-1235
963
-154
-1271
672
-1210
478
636
-1246
442
600
-7
916
-966
-43
880
-1002
-79
844
-1038
-115
808
-1074
-151
2047
-600
-1717
2011
-636
-1753
1975
-672
-2044
919
1077
-2080
883
2316
-1606
-683
2280
-1642
-719
2244
-1678
-755
2208
-1714
-791
2172
-1750
-827
2136
-511
-353
570
-547
-389
534
-583
-425
498
-619
-716
-558
1130
523
-84
-436
487
-120
-472
451
-156
-508
415
-192
-544
379
-228
-580
343
1011
-106
-1223
975
-142
-1259
939
-178
-1295
648
-1234
454
612
5
928
-954
-31
892
-990
-67
856
-1026
-103
820
-1062
-139
2059
-588
-1705
2023
-624
-1741
1987
-660
-1777
1951
-696
-2068
895
1053
-2104
859
2292
-1630
-707
2256
-1666
-743
2220
-1702
-779
2184
-1738
-815
2148
-499
-341
582
-535
-377
546
-571
-413
510
-607
-704
-546
1142
535
-72
-424
499
-108
-460
463
-144
-496
427
-180
-532
391
-216
-568
355
1023
-94
-1211
987
-130
-1247
951
-166
-1283
660
-1222
466
624
17
940
-942
-19
904
-978
-55
868
-1014
-91
832
-1050
-127
796
-1086
-163
2035
-612
-1729
1999
-648
-1765
1963
-684
-2056
907
1065
-2092
871
2304
-1618
-695
2268
-1654
-731
2232
-1690
-767
2196
-1726
-803
2160
-487
-329
594
-523
-365
558
-559
-401
522
-595
-692
-534
1154
-728
-570
1118
511
-96
-448
475
-132
-484
439
-168
-520
403
-204
-556
367
1035
-82
-1199
999
-118
-1235
963
-154
-1271
672
-1210
478
636
-1246
442
600
-7
916
-966
-43
880
-1002
-79
844
-1038
-115
808
-1074
-151
2047
-600
-1717
2011
-636
-1753
1975
-672
-2044
919
1077
-2080
883
2316
-1606
-683
2280
-1642
-719
2244
-1678
-755
2208
-1714
-791
2172
-1750
-827
2136
-511
-353
570
-547
-389
534
-583
-425
498
-619
-716
-558
1130
523
-84
-436
487
-120
-472
451
754
-1125
566
727
123
1049
-1340
861
-253
-1367
579
-25
901
-978
-52
874
-1005
-79
847
-1032
-106
2095
-549
-1663
2068
-576
-1945
1021
1182
-1972
994
2430
-1489
-563
1893
-751
-1865
1866
-778
-2147
819
2255
-1664
-738
2228
-1691
-765
2201
-1718
-792
2174
-470
-564
-403
1288
-591
-430
1261
-618
-457
1234
630
-484
442
-672
-511
415
-699
482
-122
-471
455
-149
-498
428
-176
-525
401
1072
-42
-1156
790
-1089
602
763
-1116
575
736
132
1058
-1331
870
-244
-1358
843
-271
-1385
561
-43
883
-996
-70
856
-1023
-97
829
-1050
-124
2077
-567
-1936
1030
1191
-1963
1003
2439
-1480
-554
1902
-742
-1856
1875
-769
-2138
828
2264
-1655
-729
2237
-1682
-756
2210
-1709
-783
2183
-461
-300
626
-488
-582
-421
1270
-609
-448
1243
639
35
-314
612
-502
424
-690
-784
-623
1068
464
-140
-489
437
-167
-516
410
1081
-33
-1147
1054
-60
-1174
772
-1107
584
745
141
1067
-812
114
1040
-1349
852
-262
-1376
570
-34
892
-987
-61
865
-1014
-88
838
-1041
-115
2086
-558
-1927
1039
1200
-1954
1012
1173
-1981
985
2421
-1498
-572
1884
-760
-1874
1857
-787
-2156
810
2246
-1673
-747
2219
-1700
-774
2192
-452
-291
635
-479
-573
-412
1279
-600
-439
1252
648
44
-305
621
-493
433
-681
-775
-614
1077
473
-131
-480
446
-158
-507
419
-185
-534
392
1063
-51
-1165
781
-1098
593
754
-1125
566
727
123
1049
-1340
861
-253
-1367
579
-25
901
-978
-52
874
-1005
-79
847
-1032
-106
2095
-549
-1663
2068
-576
-1945
1021
1182
-1972
994
2430
-1489
-563
1893
-751
-1865
1866
-778
-2147
819
2255
-1664
-738
2228
-1691
-765
2201
-1718
-792
2174
-470
-564
-403
1288
-591
-430
1261
-618
-457
1234
630
-484
442
-672
-511
415
-699
482
-122
-471
455
-149
-498
428
-176
-525
401
1072
-42
-1156
790
-1089
602
763
-1116
575
736
132
1058
-1331
870
-244
-1358
843
-271
-1385
561
-43
883
-996
-70
856
-1023
-97
829
-1050
-124
2077
-567
-1936
1030
1191
-1963
1003
2439
-1480
-554
1902
-742
-1856
1875
-769
-2138
828
2264
-1655
-729
2237
-1682
-756
2210
-1709
-783
2183
-461
-300
626
-488
-582
-421
1270
-609
-448
1243
639
35
-314
612
-502
424
-690
-784
-623
1068
464
-140
-489
437
-1264
940
-171
-1282
667
66
995
-881
48
977
-1409
540
-61
868
-1008
-79
850
-1026
-97
2107
-534
-1900
1069
1233
-1918
1051
1980
-661
-1772
1962
-679
-2045
924
2363
-1553
-624
2345
-1571
-642
1817
451
-1680
-751
2218
-1698
-769
2200
-1716
-787
2182
-459
-550
-896
2073
-1843
-914
2055
-586
-422
507
-604
-695
-531
1163
562
-39
-385
544
-822
-658
1036
435
-166
-512
417
-184
-530
399
818
-1058
636
290
-311
-657
272
946
-165
-1276
673
-1203
491
655
54
983
-893
36
965
-1421
528
-73
856
-1020
-91
838
-1038
-109
2095
-546
-1912
1057
711
-1165
-236
1968
-673
-2039
930
1094
-2057
912
2351
-1565
-636
1823
-818
-2184
785
2224
-1692
-763
2206
-1710
-781
2188
-453
-544
-380
1314
-562
-908
2061
-580
-416
513
-598
-689
-525
1169
568
-33
-379
550
-561
368
-743
441
-160
-506
423
-178
-524
405
824
-1052
642
806
-1070
624
278
952
-159
-1270
679
-1197
497
661
60
989
-887
42
971
-1415
534
-67
862
-1014
-85
844
-1032
-103
2101
-540
-1906
1063
717
-1159
-230
1974
-667
-1778
1956
-685
-2051
918
2357
-1559
-630
2339
-1577
-648
1811
445
-1686
-757
2212
-1704
-775
2194
-447
-538
-374
1320
-556
-902
2067
-574
-410
519
-592
-683
-519
1175
574
-27
-373
556
-555
374
-737
447
-154
-500
429
-172
-518
411
1085
-26
-1137
812
-1064
630
284
958
-153
-1264
940
-171
-1282
667
66
995
-881
48
977
-1409
540
-61
868
-1008
-79
850
-1026
-97
2107
-534
-1900
1069
1233
-1918
1051
1980
-661
-1772
1962
-679
-2045
924
2363
-1553
-624
2345
-1571
-642
1817
451
-1680
-751
2218
-1698
-769
2200
-1716
-787
2182
-459
-550
-896
2073
-1843
-914
2055
-586
-422
507
-604
-695
-531
1163
562
-39
-385
544
-822
-658
1036
435
-166
-512
417
-184
-530
399
818
-1058
636
290
-311
-657
272
946
-165
-1276
673
-1203
491
655
54
983
-893
36
965
-1421
528
-73
856
-1020
-91
838
-1038
-109
2095
-546
-1912
1057
711
-1165
-236
1968
-673
-2039
930
1094
-2057
912
2351
-1565
-636
1823
-818
-2184
785
2224
-1692
-763
2206
-1710
-781
2188
-453
-544
-380
1314
-562
-908
2061
-580
-416
513
-598
-689
-525
1169
568
-33
-379
550
-561
368
-743
441
-160
-506
423
543
710
112
1044
-1339
613
-1260
437
604
6
938
-1445
507
-91
841
-1032
-100
832
-1041
-364
1078
735
-1138
-206
2001
-637
-2000
972
1139
-2009
963
1895
-743
-2106
866
2308
-1605
-673
2299
-1614
-937
760
2202
-1711
-779
2193
-1720
-788
2184
-454
-542
-885
2087
-551
-384
548
-560
-648
-481
1216
618
-490
442
-666
521
-77
-420
512
-596
336
-772
415
-183
-526
406
1083
-25
-1133
309
-289
-632
300
977
-131
-1239
713
115
1047
-1336
871
-237
-1345
607
9
941
-932
0
932
-1451
501
-97
835
-1038
-106
2101
-537
-1900
1072
729
-1144
-212
1995
-643
-2006
966
1898
-740
-1848
1889
-749
-2112
860
2302
-1611
-679
1783
420
-1708
-776
2196
-1717
-785
2187
-451
-539
-882
2090
-548
-381
551
-557
-645
-478
1219
621
-487
445
-663
-751
-584
1113
515
-83
-426
506
418
-180
-523
409
-189
-532
400
312
-286
-629
303
980
-128
-1236
716
-1157
540
197
874
-234
-1342
610
12
944
-929
3
935
-1448
504
-94
838
-1035
-103
2104
-534
-1897
1075
732
-1141
-209
1998
-640
-2003
969
1136
-2012
960
1892
-746
-2109
863
2305
-1608
-676
2296
-1617
-940
757
2199
-1714
-782
2190
-448
-536
-879
2093
-1820
-888
2084
-554
-642
-475
1222
624
-484
448
-660
-748
-581
1116
518
-80
-423
509
421
-177
-520
412
-186
-529
403
825
-1048
649
306
-292
-635
297
719
-1154
543
710
112
1044
-1339
613
-1260
437
604
6
938
-1445
507
-91
841
-1032
-100
832
-1041
-364
1078
735
-1138
-206
2001
-637
-2000
972
1139
-2009
963
1895
-743
-2106
866
2308
-1605
-673
2299
-1614
-937
760
2202
-1711
-779
2193
-1720
-788
2184
-454
-542
-885
2087
-551
-384
548
-560
-648
-481
1216
618
-490
442
-666
521
-77
-420
512
-596
336
-772
415
-183
-526
406
1083
-25
-1133
309
-289
-632
300
977
-131
-1239
713
115
1047
-1336
871
-237
-1345
607
9
941
-932
0
932
-1451
501
-97
835
-1038
-106
2101
-537
-1900
1072
729
-1144
-212
1995
-643
-2006
966
1898
-740
-1848
1889
-749
-2112
860
2302
-1611
-679
1783
420
-1708
-776
2196
-1717
-785
2187
-451
-539
-882
2090
-548
-381
551
-557
-645
-478
1219
621
-487
445
-663
-751
-584
1113
515
-83
-426
506
418
-180
-523
409
-200
-1305
650
55
990
-1390
820
-285
-1390
565
-30
905
-1475
480
-115
820
-1050
-115
2095
-1050
-1135
-200
2010
-625
-1985
990
650
-1220
-285
1925
-710
-2070
905
1840
-795
-2155
820
2265
-1645
-710
1755
395
-1730
-795
2180
-1730
-795
2180
-455
-540
-880
2095
-540
-625
-455
1245
650
-455
480
-625
565
-30
-370
565
-795
-625
1075
480
-115
-455
480
395
-200
-540
395
820
-1050
650
310
990
-115
-1220
735
-1135
565
225
650
-1220
480
650
55
990
-1390
565
-30
905
-965
-30
2180
-965
-1050
-115
820
-1050
-370
1075
735
-1135
-200
2010
-625
-1985
990
1925
-710
-2070
905
2350
-1560
-625
1840
-795
-2155
820
2265
-1645
-965
735
2180
-1730
-795
2180
-455
-540
-880
2095
-540
-625
-455
1245
650
-455
480
-625
-710
-540
1160
565
-540
395
-710
480
-115
-455
480
395
-200
-540
395
1075
-30
-1135
310
-285
-625
310
735
-1135
565
225
905
-200
-1305
650
55
990
-1390
565
-30
905
-965
-30
905
-1475
480
-115
820
-1050
-370
1075
735
-1135
-200
2010
-625
-1985
990
1925
-710
-1815
1925
-710
-2070
905
1840
-795
-2155
820
2265
-1645
-710
1755
395
-1730
-795
2180
-455
-540
-880
2095
-1815
-880
2095
-540
-625
-965
2010
-625
-710
-540
1160
565
-540
395
-710
480
-115
-455
480
-880
-710
990
395
-200
-540
395
310
-285
-625
310
990
-115
-1220
225
905
-200
-1305
650
55
990
-1390
820
-285
-1390
565
-30
905
-1475
480
-115
820
-1050
-115
2095
-1050
-1135
-200
2010
-625
-1985
990
650
-1220
-285
1925
-710
-2070
905
1840
-795
-2155
820
2265
-1645
-710
1755
395
-1730
-795
2180
-1730
-795
2180
-455
-540
-880
2095
-540
-625
-455
1245
650
-455
480
-625
565
-30
-370
565
-795
-625
1075
480
-115
-455
480
395
-200
-540
395
820
-1050
650
310
990
-115
-1220
735
-1135
565
225
650
-1220
480
650
55
990
-1390
565
-30
905
-965
-30
2180
-965
-1050
-115
820
-1050
-370
1075
735
-1135
-200
2010
-625
-1985
990
1925
-710
-2070
905
2350
-1560
-625
1840
-795
-2155
820
2265
-1645
-965
735
2180
-1730
-795
2180
-455
-540
-880
2095
-540
-625
-455
1245
650
-455
480
-625
-710
-540
1160
565
-540
395
-710
480
-115
-455
480
395
-200
-540
395
-1198
505
168
596
-1271
432
605
13
951
-1426
532
-60
878
-1499
459
-133
805
-1062
-379
1069
732
-1135
-452
996
659
-1208
-270
1943
-689
-2046
932
1870
-762
-2119
859
1797
-835
-2192
786
2234
-1673
-990
713
2161
-1746
-808
2170
-462
-544
-881
2097
-535
-617
-954
2024
-608
-690
-517
1186
594
-763
-590
1113
521
-581
357
-745
448
-144
-481
457
375
-217
-554
384
302
-290
-627
311
739
-1128
575
238
921
-181
-1283
165
848
-254
-1356
602
10
948
-1429
529
-63
875
-992
-309
1139
802
-1065
-127
2086
-1056
-1138
-200
2013
-619
-1976
1002
1940
-692
-2049
929
1867
-765
-2122
856
2304
-1603
-665
1803
446
-1676
-738
1730
373
-1749
-811
2167
-465
-547
-884
2094
-538
-620
-957
2021
-611
-693
-520
1183
591
-511
427
-675
518
-74
-411
527
445
-147
-484
454
372
-220
-557
381
809
-1058
645
308
991
-111
-1213
235
918
-184
-1286
672
80
1018
-1359
599
7
945
-1432
526
-66
872
-995
-57
2156
-986
-1068
-130
2083
-1059
-1141
-203
2010
-622
-1979
999
1937
-695
-2052
926
2374
-1533
-595
1873
516
-1606
-668
1800
443
-1679
-741
2237
-395
-477
-814
2164
-1743
-1060
643
2091
-1816
-878
2100
-532
-614
-951
2027
-605
-687
-1024
1954
-678
-760
-587
1116
524
-833
-660
1043
451
-651
287
-815
378
-214
-551
387
305
-287
-624
314
742
-1125
578
241
669
-1198
505
168
596
-1271
432
605
13
951
-1426
532
-60
878
-1499
459
-133
805
-1062
-379
1069
732
-1135
-452
996
659
-1208
-270
1943
-689
-2046
932
1870
-762
-2119
859
1797
-835
-2192
786
2234
-1673
-990
713
2161
-1746
-808
2170
-462
-544
-881
2097
-535
-617
-954
2024
-608
-690
-517
1186
594
-763
-590
1113
521
-581
357
-745
448
-144
-481
457
375
-217
-554
384
302
-290
-627
311
739
-1128
575
238
921
-181
-1283
165
848
-254
-1356
602
10
948
-1429
529
-63
875
-992
-309
1139
802
-1065
-127
2086
-1056
-1138
-200
2013
-619
-1976
1002
1940
-692
-2049
929
1867
-765
-2122
856
2304
-1603
-665
1803
446
-1676
-738
1730
373
-1749
-811
2167
-465
-547
-884
2094
-538
-620
-957
2021
-611
-693
-520
1183
591
-511
427
-675
518
-74
-411
527
445
-147
-484
454
372
-220
-557
381
864
-235
-1334
117
803
-296
-1395
566
-23
918
-1456
505
-84
2132
-1007
-1086
-145
2071
-1068
-1147
-206
2010
-1129
-1208
-267
1949
-680
-2034
947
1888
-741
-2095
886
1827
-802
-2156
825
1766
412
-1707
-766
1705
351
-1768
-827
2154
-475
-554
-888
2093
-536
-615
-949
2032
-597
-676
-1010
1971
-658
538
-561
380
-719
477
-112
-446
495
416
-173
-507
434
355
-234
-568
373
294
-295
-629
312
233
-356
-690
251
682
93
1034
-1340
621
32
973
-1401
560
-29
912
-1462
499
-90
851
-1523
438
-151
790
-1074
-388
1063
2004
-625
-1979
1002
1943
-686
-2040
941
1882
-747
-2101
880
1821
-808
-2162
819
2270
-1634
-948
758
2209
-1695
-1009
697
2148
-481
-560
-894
2087
-542
-621
-955
2026
-603
-682
-1016
1965
-664
-743
-567
1139
550
-804
-628
1078
489
410
-179
-513
428
349
-240
-574
367
288
-301
-635
306
737
-1127
579
245
676
-1188
518
184
615
-1249
457
123
554
-35
906
-1468
493
-96
845
-1019
-333
1118
784
-1080
-394
1057
723
-1141
-455
996
662
-1202
-516
935
1876
-753
-2107
874
2325
-1579
-893
813
2264
-1640
-954
752
2203
-1701
-1015
691
2142
-1762
-821
1650
296
-1823
-882
2099
-530
666
-433
508
-591
605
-494
447
-652
544
-555
386
-713
483
-616
325
-774
422
-167
-501
440
361
-228
-562
379
300
986
-113
-1212
239
925
-174
-1273
178
864
-235
-1334
117
803
-296
-1395
566
-23
918
-1456
505
-84
2132
-1007
-1086
-145
2071
-1068
-1147
-206
2010
-1129
-1208
-267
1949
-680
-2034
947
1888
-741
-2095
886
1827
-802
-2156
825
1766
412
-1707
-766
1705
351
-1768
-827
2154
-475
-554
-888
2093
-536
-615
-949
2032
-597
-676
-1010
1971
-658
538
-561
380
-719
477
-112
-446
495
416
-173
-507
434
355
-234
-568
373
294
-295
-629
312
233
-356
-690
251
682
93
1034
-1340
621
32
973
-1401
560
-29
912
-1462
499
-90
851
-1523
438
-151
790
-1074
-388
1063
2004
-625
-1979
1002
1943
-686
-2040
941
1882
-747
-2101
880
1821
-808
-2162
819
2270
-1634
-948
758
2209
-1695
-1009
697
2148
-481
-560
-894
2087
-542
-621
-955
2026
-603
-682
-1016
1965
-664
-743
-567
1139
550
-804
-628
1078
489
410
-179
-513
428
349
-240
-574
367
631
45
989
-1382
582
-4
940
-1431
533
-53
2166
-970
-1046
-357
1097
766
-1095
-406
1048
717
-1144
-455
999
1943
-683
-2034
950
1894
-732
-2083
901
1845
494
-1622
-678
1796
445
-1671
-982
727
2181
-1720
-1031
678
2132
-494
-570
-901
2083
-543
-619
-950
2034
-592
607
-489
455
-641
558
-793
-614
1095
509
-842
-663
1046
460
384
-202
-533
411
335
-251
-582
362
286
975
-121
-1217
237
926
-170
-1266
188
622
-1239
470
139
573
-13
931
-1440
524
-62
882
-1489
475
-111
2108
-1028
-1104
-160
2059
-1077
-1153
-464
990
659
-1202
-513
941
1885
-741
-2092
892
1836
-790
-2141
843
1787
436
-1680
-736
1738
387
-1729
-785
1689
338
-1778
-1089
620
2074
-552
-628
-959
2025
-601
-677
-1008
1976
-650
-726
-1057
1927
-699
500
-596
348
-748
451
-900
-721
988
402
326
-260
-591
353
277
-309
-640
304
228
-358
-689
255
179
868
-228
-1324
130
819
-277
-1373
81
515
-71
873
-1498
466
-120
824
-1547
417
-169
775
-1596
368
-218
2001
-1135
-1211
-267
1952
-1184
-1260
-571
883
1827
-799
-2150
834
1778
-848
-2199
785
1729
-897
-2248
736
1680
329
-1787
-843
2141
-485
-561
-892
2092
-534
665
-686
-507
1202
616
-735
-556
1153
567
-784
-605
1104
518
442
-144
-475
469
393
-193
-524
420
344
1033
-63
-1159
295
729
-1132
577
246
680
-1181
528
197
631
45
989
-1382
582
-4
940
-1431
533
-53
2166
-970
-1046
-357
1097
766
-1095
-406
1048
717
-1144
-455
999
1943
-683
-2034
950
1894
-732
-2083
901
1845
494
-1622
-678
1796
445
-1671
-982
727
2181
-1720
-1031
678
2132
-494
-570
-901
2083
-543
-619
-950
2034
-592
607
-489
455
-641
558
-793
-614
1095
509
-842
-663
1046
460
384
-202
-533
411
335
-251
-582
362
286
975
-121
-1217
237
926
-170
-1266
188
622
-1239
470
139
573
-13
931
-1440
524
-62
882
-1489
475
-111
2108
-1028
-1104
-160
2059
-1077
-1153
-464
990
659
-1202
-513
941
1885
-741
-2092
892
1836
-790
-2141
843
1787
436
-1680
-736
1738
387
-1729
-785
1689
338
-1778
-1089
620
2074
-552
-628
-959
2025
-601
-677
-1008
1976
-650
-726
-1057
1927
-699
500
-596
348
-748
451
-900
-721
988
402
326
-260
-591
353
143
580
-3
944
-1424
543
-40
907
-1461
506
-332
1125
797
-1571
396
-187
2035
-1098
-1171
-224
1998
-1135
-1208
-516
941
1888
-735
-2083
904
1851
-772
-2120
612
794
2251
-1647
-955
757
1704
356
-1757
-810
1667
319
-1794
-1102
610
2067
-556
-629
-957
2030
-593
609
-739
-557
1155
572
-776
-1104
1883
-740
462
-631
316
-777
425
352
-231
-559
388
315
-268
-596
351
278
715
-1143
569
241
678
-1180
532
204
131
823
-270
-1363
94
531
-52
895
-1473
494
-89
858
-1510
457
-381
1076
748
-1110
-418
1039
1986
-1147
-1220
-273
1949
-1184
-1257
-565
892
1839
-784
-2132
855
1802
454
-1659
-967
745
2202
-1696
-1004
708
2165
-458
-531
-859
1618
270
-1843
-1151
561
2018
-605
-678
-1006
1981
-642
560
-533
414
-679
523
-825
-643
1069
486
413
-680
267
-826
376
303
-280
-608
339
266
-317
-645
302
229
921
-172
-1265
192
629
46
993
-1375
592
9
956
-1412
45
482
-101
846
-1522
445
-138
809
-1559
408
-175
2047
-1086
-1159
-467
990
1937
-686
-2034
953
1900
-1233
-1306
-614
843
1790
-833
-2181
806
1753
405
-1708
-761
1716
368
-1745
-1053
659
2116
-507
-580
-908
2079
-544
658
-690
-1018
1969
-654
-727
-1055
1932
-691
511
-582
365
-728
474
-874
-692
1020
437
364
-219
-547
400
327
764
-1094
618
290
217
-366
-694
253
180
872
-221
-1314
143
580
-3
944
-1424
543
-40
907
-1461
506
-332
1125
797
-1571
396
-187
2035
-1098
-1171
-224
1998
-1135
-1208
-516
941
1888
-735
-2083
904
1851
-772
-2120
612
794
2251
-1647
-955
757
1704
356
-1757
-810
1667
319
-1794
-1102
610
2067
-556
-629
-957
2030
-593
609
-739
-557
1155
572
-776
-1104
1883
-740
462
-631
316
-777
425
352
-231
-559
388
315
-268
-596
351
278
715
-1143
569
241
678
-1180
532
204
131
823
-270
-1363
94
531
-52
895
-1473
494
-89
858
-1510
457
-381
1076
748
-1110
-418
1039
1986
-1147
-1220
-273
1949
-1184
-1257
-565
892
1839
-784
-2132
855
1802
454
-1659
-967
745
2202
-1696
-1004
708
2165
-458
-531
-859
1618
270
-1843
-1151
561
2018
-605
-678
-1006
1981
-642
560
-533
414
-679
523
-825
-643
1069
486
413
-680
267
-826
376
303
-280
-608
339
-1365
95
535
-45
905
-1460
510
-70
2155
-975
-1555
415
-165
785
-1580
390
-445
1015
690
-1165
-470
990
1940
-1190
-1260
-565
895
1845
-775
-2120
870
1820
-35
-870
-2215
775
1725
380
-1730
-1035
680
2140
-480
-550
-875
1605
260
-575
-645
-970
2020
-600
605
-740
-1065
1925
-695
510
-580
370
-720
485
-860
-675
1040
460
390
-955
-770
945
365
295
-285
-610
340
270
200
-380
-705
245
175
870
-220
-1310
150
590
10
960
-1405
55
495
-85
865
-1500
470
-110
2115
-1015
-1595
375
-205
2020
-1110
-1180
-485
975
1925
-695
-2040
950
1900
-1230
-1300
-605
855
1805
-815
-2160
575
760
1710
-910
-2255
735
1685
340
-1770
-1075
640
2100
-520
-590
-915
1565
220
-615
-685
-1010
1980
-640
565
-780
-595
1120
540
470
-620
330
-760
445
375
-205
-530
420
350
280
-300
-625
325
255
950
-140
-1230
230
670
-1185
530
205
135
575
-1280
435
110
550
-30
920
-1445
15
455
-125
825
-1540
430
-150
2075
-1055
-1125
-430
1030
1980
-1150
-1220
-525
935
1885
-735
-2080
910
1860
5
-830
-2175
815
1765
420
-1690
-995
720
2180
-440
-510
-835
1645
300
-1810
-1115
600
2060
-560
-630
-1210
505
1965
-655
-725
-1050
1940
-680
525
-820
-635
1080
500
430
-660
290
-800
405
335
-245
-570
380
310
240
-340
-665
285
215
910
-180
-1270
190
630
50
1000
-1365
95
535
-45
905
-1460
510
-70
2155
-975
-1555
415
-165
785
-1580
390
-445
1015
690
-1165
-470
990
1940
-1190
-1260
-565
895
1845
-775
-2120
870
1820
-35
-870
-2215
775
1725
380
-1730
-1035
680
2140
-480
-550
-875
1605
260
-575
-645
-970
2020
-600
605
-740
-1065
1925
-695
510
-580
370
-720
485
-860
-675
1040
460
390
-955
-770
945
365
295
-285
-610
340
270
200
-380
-705
245
175
870
-220
-1310
150
590
10
960
-1405
55
495
-85
865
-1500
470
-110
2115
-1015
-1595
375
-205
2020
-1110
-1180
-485
975
1925
-695
-2040
950
1900
-1230
-1300
-605
855
1805
-815
-2160
575
760
1710
-910
-2255
735
1685
340
-1770
-1075
640
2100
-520
-590
-915
1565
220
-615
-685
-1010
1980
-640
565
-780
-595
1120
540
470
-620
330
-760
445
375
-205
-530
420
350
280
-300
-625
325
442
120
53
496
-81
872
-1490
483
-349
1114
792
-1570
403
-174
2054
-1073
-1650
323
-254
1974
-1153
-1220
-522
941
1894
-1233
-1300
-602
861
1814
472
-1635
-937
781
1734
392
-1715
-1017
701
1654
312
-1795
-1097
621
2084
-533
-600
-1177
541
2004
-613
595
-747
-1069
1924
-693
515
-827
-639
1079
502
435
-652
301
-786
422
355
-732
221
-866
342
275
-302
-624
329
262
195
893
-194
-1281
182
625
48
1001
-1361
102
545
-32
921
-1441
22
465
-112
841
-1521
452
-380
1083
761
-1601
372
-460
1003
1956
-1171
-1238
-540
923
1876
-741
-2083
910
1863
11
-821
-2163
830
1783
-69
-901
-2243
750
1703
361
-1746
-1048
670
1623
281
-551
-618
-940
2053
-564
644
-698
-1020
1973
-644
564
-778
-1100
1893
-724
484
-858
-670
1048
471
404
-938
-750
968
391
324
257
-320
-642
311
244
687
-1165
553
231
164
862
-225
-1312
151
84
782
-305
-1392
71
514
-63
890
-1472
-9
434
-143
2085
-1042
-1109
-411
1052
2005
-1122
-1189
-491
972
1925
-1202
-1269
-571
892
1845
-772
-2114
624
812
1765
-852
-2194
544
732
1685
343
-1764
-1066
652
2115
-502
-569
-891
1592
250
-582
-649
-971
1512
170
-662
-729
-1051
1942
-675
533
-809
-1131
1862
-755
453
386
-191
-513
440
373
306
-271
-593
360
293
226
-351
-673
280
213
656
-1196
522
200
133
576
-1276
442
120
53
496
-81
872
-1490
483
-349
1114
792
-1570
403
-174
2054
-1073
-1650
323
-254
1974
-1153
-1220
-522
941
1894
-1233
-1300
-602
861
1814
472
-1635
-937
781
1734
392
-1715
-1017
701
1654
312
-1795
-1097
621
2084
-533
-600
-1177
541
2004
-613
595
-747
-1069
1924
-693
515
-827
-639
1079
502
435
-652
301
-786
422
355
-732
221
-866
342
275
-302
-624
329
262
195
893
-194
-1281
182
625
48
1001
-1361
102
545
-32
921
-1441
22
465
-112
841
-1521
452
-380
1083
761
-1601
372
-460
1003
1956
-1171
-1238
-540
923
1876
-741
-2083
910
1863
11
-821
-2163
830
1783
-69
-901
-2243
750
1703
361
-1746
-1048
670
1623
281
-551
-618
-940
2053
-564
644
-698
-1020
1973
-644
564
-778
-1100
1893
-724
484
-858
-670
1048
471
404
-938
-750
968
391
324
257
-320
-642
311
-301
-1385
81
17
463
-111
845
-1514
-48
398
-176
780
-1579
397
-432
1034
1990
-1134
-1198
-497
969
1925
76
-753
-2092
904
1860
11
-818
-2157
584
775
1731
392
-1712
-1011
710
1666
327
-1777
-1076
645
1601
262
-567
-631
-950
1536
197
-632
-696
-1270
451
1917
-697
514
-825
-1144
1852
-762
449
-890
-699
1022
448
384
320
-254
-573
383
319
255
-319
-638
318
254
190
636
-1213
508
189
125
571
-1278
443
124
60
506
-68
888
-1471
-5
441
-133
2098
-1026
-1600
376
-198
2033
-1091
-1665
311
-518
948
1904
-1220
-1284
-583
883
1839
-775
-2114
627
818
1774
435
-1669
-968
753
1709
370
-1734
-1033
688
1644
305
-524
-588
-1162
559
2025
-589
-653
-1227
494
1960
-654
557
-782
-1101
1895
-719
492
-847
-1166
1830
-784
427
363
-721
235
-849
362
298
234
-340
-659
297
233
169
-405
-724
232
168
614
40
996
-1363
103
549
-25
931
-1428
38
484
-90
2141
-983
-1557
419
-410
1056
737
-1622
354
-475
991
1947
-1177
-1241
-540
926
1882
-1242
-1306
-605
861
1817
-32
-861
-2200
796
1752
-97
-926
-2265
476
667
1623
284
-1820
-1119
602
2068
-546
665
-674
-993
2003
-611
600
-739
-1058
1938
-676
535
471
-613
343
-741
470
406
-933
-742
979
405
341
277
-297
-616
340
276
212
-362
-681
275
211
147
848
-236
-1320
146
82
783
-301
-1385
81
17
463
-111
845
-1514
-48
398
-176
780
-1579
397
-432
1034
1990
-1134
-1198
-497
969
1925
76
-753
-2092
904
1860
11
-818
-2157
584
775
1731
392
-1712
-1011
710
1666
327
-1777
-1076
645
1601
262
-567
-631
-950
1536
197
-632
-696
-1270
451
1917
-697
514
-825
-1144
1852
-762
449
-890
-699
1022
448
384
320
-254
-573
383
319
255
-319
-638
318
254
190
636
-1213
508
189
125
571
-1278
443
124
60
506
-68
888
-1471
-5
441
-133
2098
-1026
-1600
376
-198
2033
-1091
-1665
311
-518
948
1904
-1220
-1284
-583
883
1839
-775
-2114
627
818
1774
435
-1669
-968
753
1709
370
-1734
-1033
688
1644
305
-524
-588
-1162
559
2025
-589
-653
-1227
494
1960
-654
557
-782
-1101
1895
-719
492
-847
-1166
1830
-784
427
363
-721
235
-849
362
298
234
-340
-659
297
-24
935
-1421
48
-13
436
-135
824
-1532
-63
386
-185
2049
-1072
-1643
336
-490
979
1938
-1183
-1244
-540
674
868
1827
-784
-2120
624
818
1777
-69
-895
-2231
513
707
1666
330
-1771
-1067
657
1616
280
-546
-607
-1178
546
2015
-596
618
-718
-1034
1455
119
-707
507
-829
-1145
1854
-757
457
396
-685
274
-807
407
346
285
-286
-602
357
296
235
-336
-652
307
246
185
124
-447
-763
196
135
74
778
-303
-1384
85
24
473
-98
861
-1495
-26
423
-403
1066
750
-1606
373
-453
1016
1975
-1146
-1717
262
-564
905
1864
-1257
-1318
-614
855
1814
-32
-858
-2194
550
744
1703
367
-1734
-1030
694
1653
317
-509
-570
-1141
583
1542
206
-620
-681
-997
1492
156
-670
544
-792
-1108
1891
-720
494
433
-648
311
-770
444
383
322
-249
-565
394
333
272
211
-360
-676
283
222
161
-410
-726
233
172
111
560
-1286
438
122
61
510
-61
898
-1458
11
460
-366
1103
787
-1569
-100
349
-222
2012
-1109
-1680
299
-527
942
1901
-1220
-1281
-577
892
1851
5
-821
-2157
587
781
1740
404
-1697
-993
731
1690
-156
293
-1808
-1104
620
1579
243
-583
-644
-1215
509
1978
-633
581
-755
-1071
1928
-683
531
470
-866
-672
1052
481
420
359
-722
237
-844
370
309
248
-323
-639
320
259
198
-373
-689
270
209
148
597
-1249
475
159
98
547
-24
935
-1421
48
-13
436
-135
824
-1532
-63
386
-185
2049
-1072
-1643
336
-490
979
1938
-1183
-1244
-540
674
868
1827
-784
-2120
624
818
1777
-69
-895
-2231
513
707
1666
330
-1771
-1067
657
1616
280
-546
-607
-1178
546
2015
-596
618
-718
-1034
1455
119
-707
507
-829
-1145
1854
-757
457
396
-685
274
-807
407
346
285
-286
-602
357
296
235
-336
-652
307
246
185
124
-447
-763
196
135
74
778
-303
-1384
85
24
473
-98
861
-1495
-26
423
-403
1066
750
-1606
373
-453
1016
1975
-1146
-1717
262
-564
905
1864
-1257
-1318
-614
855
1814
-32
-858
-2194
550
744
1703
367
-1734
-1030
694
1653
317
-509
-570
-1141
583
1542
206
-620
-681
-997
1492
156
-670
544
-792
-1108
1891
-720
494
433
-648
311
-770
444
383
322
-249
-565
394
333
272
211
-360
-676
283
508
-60
902
-1451
21
-37
415
-153
2084
-1034
-1602
380
-443
1029
1991
-1127
-1695
287
-536
936
1898
55
-1278
-1336
-629
843
1805
-38
-861
-2194
553
750
1712
-131
-954
-2287
460
657
1619
286
-537
-595
-1163
564
1526
193
-630
-688
-1256
471
1943
-665
552
-781
-1349
378
1850
-758
459
401
-932
-735
992
424
366
308
-1025
-828
899
331
273
215
922
-156
-1234
238
180
122
829
-249
-1327
145
87
539
-29
933
-1420
52
-6
446
-122
2115
-1003
-1571
-99
353
-215
2022
-1096
-1664
318
-505
967
1929
-1189
-1757
225
-598
874
1836
-7
-830
-2163
584
781
1743
-100
-923
-2256
491
688
1650
317
-506
-564
-1132
595
1557
224
-599
-657
-1225
502
1974
-634
583
-750
-1318
409
1881
-727
490
432
-901
-704
1023
455
397
339
-994
-797
930
362
304
246
-1087
-890
837
269
211
153
860
-218
-1296
176
118
60
767
-311
-1389
83
25
477
-91
2146
-972
-1540
-68
384
-184
2053
-1065
-1633
349
-474
998
1960
-1158
-1726
256
-567
905
1867
24
-799
-2132
615
812
1774
-69
-892
-2225
522
719
1681
348
-1750
-1043
429
626
1588
255
-568
-626
-1194
533
1495
162
-661
-719
-1287
440
1912
-696
521
463
-870
-1183
1819
-789
428
370
-963
-766
961
393
335
277
-1056
-859
868
300
242
184
891
-187
-1265
207
149
91
798
-280
-1358
114
56
508
-60
902
-1451
21
-37
415
-153
2084
-1034
-1602
380
-443
1029
1991
-1127
-1695
287
-536
936
1898
55
-1278
-1336
-629
843
1805
-38
-861
-2194
553
750
1712
-131
-954
-2287
460
657
1619
286
-537
-595
-1163
564
1526
193
-630
-688
-1256
471
1943
-665
552
-781
-1349
378
1850
-758
459
401
-932
-735
992
424
366
308
-1025
-828
899
331
273
215
922
-156
-1234
238
180
122
829
-249
-1327
145
87
539
-29
933
-1420
52
-6
446
-122
2115
-1003
-1571
-99
353
-215
2022
-1096
-1664
318
-505
967
1929
-1189
-1757
225
-598
874
1836
-7
-830
-2163
584
781
1743
-100
-923
-2256
491
688
1650
317
-506
-564
-1132
595
1557
224
-599
-657
-1225
502
1974
-634
583
-750
-1318
409
1881
-727
490
432
-901
-704
1023
455
397
339
-994
-797
930
362
304
246
-1087
-890
837
269
20
475
-90
2150
-965
-1530
-55
400
-420
1055
2020
-1095
-1660
325
-495
980
1945
105
-1225
-1280
-570
650
850
1815
-1300
-1355
-645
575
775
1740
-100
-920
-2250
500
700
1665
-175
280
-1815
-1105
370
570
1535
205
-615
-670
-1235
495
1460
130
-690
530
-800
-1110
1385
55
-765
455
400
-930
-1240
1765
-840
380
325
270
-805
160
-915
305
250
195
650
-1190
540
230
175
120
575
10
975
-1375
100
45
500
-65
900
-1450
25
-30
425
-395
1080
770
-1580
-105
350
-470
1005
1970
-1145
-1710
275
-545
930
1895
55
-1275
-1330
-620
600
800
1765
-75
-895
-2225
525
725
1690
-150
305
-1790
-1080
395
595
1560
230
-590
-645
-1210
520
1485
155
-665
555
-775
-1085
1410
80
-740
480
425
-905
-1215
1790
-815
405
350
295
-780
185
-890
330
275
220
-855
110
-965
255
200
145
600
-1240
490
180
125
70
525
-40
925
-1425
50
-5
450
-370
1105
795
-1555
-80
375
-445
1030
1995
-1120
-1685
300
-520
955
1920
80
-1250
-1305
-595
625
825
1790
-50
-870
-2200
550
750
1715
-125
330
-1765
-1055
675
1640
-200
255
-565
-620
-1185
545
1510
180
-640
-695
-1260
470
1435
105
-715
505
-825
-1390
340
1815
-790
430
375
-955
-1265
1740
-865
355
300
245
-830
135
-940
280
225
170
625
-1215
515
205
150
95
550
-15
950
-1400
75
20
475
-90
2150
-965
-1530
-55
400
-420
1055
2020
-1095
-1660
325
-495
980
1945
105
-1225
-1280
-570
650
850
1815
-1300
-1355
-645
575
775
1740
-100
-920
-2250
500
700
1665
-175
280
-1815
-1105
370
570
1535
205
-615
-670
-1235
495
1460
130
-690
530
-800
-1110
1385
55
-765
455
400
-930
-1240
1765
-840
380
325
270
-805
160
-915
305
250
195
650
-1190
540
230
175
120
575
10
975
-1375
100
45
500
-65
900
-1450
25
-30
425
-395
1080
770
-1580
-105
350
-470
1005
1970
-1145
-1710
275
-545
930
1895
55
-1275
-1330
-620
600
800
1765
-75
-895
-2225
525
725
1690
-150
305
-1790
-1080
395
595
1560
230
-590
-645
-1210
520
1485
155
-665
555
-775
-1085
1410
80
-740
480
425
-905
-1215
1790
-815
405
350
295
-780
185
-890
330
275
220
-855
110
-965
255
42
-10
448
-369
1109
802
-1545
-67
-119
339
-478
1000
1968
-1144
-1706
282
-535
688
891
1859
-1253
-1815
173
-644
834
1802
-35
-87
-904
-2231
522
725
1693
-144
314
-1778
-1065
413
616
1584
-253
205
-612
-664
-1226
507
1475
148
-669
554
-773
-1335
398
1876
-726
497
445
393
-934
-1241
1767
-835
388
336
284
-1043
-840
893
331
279
227
175
123
-439
-746
222
170
118
66
524
-1313
420
113
61
9
467
-95
2148
-964
-1526
-48
-100
358
-204
2039
-1073
-1635
-157
301
-516
962
1930
93
-1234
-1286
-573
650
853
1821
-16
-1343
-1395
-682
541
744
1712
-125
333
-1759
-1046
432
635
1603
-234
224
-1868
-1155
323
526
1494
167
-650
573
-754
-1316
417
1895
-707
516
464
-863
-1425
308
1786
-816
407
355
303
-1024
-821
912
350
298
246
194
-368
-675
293
241
189
137
85
798
-274
-1346
132
80
28
486
-76
892
-1455
23
-29
-81
377
-185
2058
-1054
-1616
-138
320
-497
981
1949
-1163
-1725
263
-554
669
872
1840
3
-1324
-1376
-663
560
763
1731
-106
-923
-2250
503
451
654
1622
295
-522
-574
-1136
342
545
1513
186
-631
-683
-1245
488
1456
129
-688
535
483
-844
-1151
1347
20
-797
426
374
-953
-1260
1748
-854
369
317
265
213
-349
-656
312
260
208
156
104
-458
-765
203
151
99
47
505
-57
911
-1436
42
-10
448
-369
1109
802
-1545
-67
-119
339
-478
1000
1968
-1144
-1706
282
-535
688
891
1859
-1253
-1815
173
-644
834
1802
-35
-87
-904
-2231
522
725
1693
-144
314
-1778
-1065
413
616
1584
-253
205
-612
-664
-1226
507
1475
148
-669
554
-773
-1335
398
1876
-726
497
445
393
-934
-1241
1767
-835
388
336
284
-1043
-840
893
331
279
227
175
123
-439
-746
222
170
118
66
524
-1313
420
113
61
9
467
-95
2148
-964
-1526
-48
-100
358
-204
2039
-1073
-1635
-157
301
-516
962
1930
93
-1234
-1286
-573
650
853
1821
-16
-1343
-1395
-682
541
744
1712
-125
333
-1759
-1046
432
635
1603
-234
224
-1868
-1155
323
526
1494
167
-650
573
-754
-1316
417
1895
-707
516
464
-863
-1425
308
1786
-816
407
355
303
-1024
-821
912
350
298
246
194
-368
-675
293
241
-1466
15
-34
-83
378
-181
2065
-1044
-1603
-122
-171
290
-524
957
1928
-1181
-1740
-259
202
-612
869
1840
6
-43
-857
-2181
575
526
732
1703
-131
330
-1759
-1043
438
644
1615
-219
242
-572
-621
-1180
301
507
1478
154
-660
566
-758
-1317
419
1390
66
-748
478
429
380
-944
-1248
1763
-836
390
341
292
243
-826
145
-924
302
253
204
155
106
-453
-757
214
165
116
67
18
734
-335
-1404
77
28
-21
440
-374
1107
803
-1541
-60
-109
352
-462
1019
1990
156
-1168
-1727
264
-550
676
882
1853
19
-1305
-1354
-638
588
794
1765
-69
-118
-932
-2256
500
451
657
1628
-206
255
-1834
-1118
363
569
1540
-294
167
-647
579
-745
-1304
432
1403
79
-735
491
442
-882
-1186
1315
-9
-823
403
354
305
-1019
-1323
1688
-911
315
266
217
168
-391
-695
276
227
178
129
80
541
-1293
443
139
90
41
-8
453
-106
2140
-969
-1528
-47
-96
365
-449
1032
2003
-1106
-1665
-184
277
-537
944
1915
81
-1243
-1802
189
-625
601
807
1778
-56
-1380
-1429
-713
513
719
1690
-144
-193
268
-1821
-1105
376
582
1553
-281
180
-634
-683
-1242
494
1465
141
-673
553
504
-820
-1379
357
1838
-761
465
416
367
-957
-1261
1750
-849
377
328
279
230
181
-378
-682
289
240
191
142
93
809
-260
-1329
152
103
54
5
466
-93
878
-1466
15
-34
-83
378
-181
2065
-1044
-1603
-122
-171
290
-524
957
1928
-1181
-1740
-259
202
-612
869
1840
6
-43
-857
-2181
575
526
732
1703
-131
330
-1759
-1043
438
644
1615
-219
242
-572
-621
-1180
301
507
1478
154
-660
566
-758
-1317
419
1390
66
-748
478
429
380
-944
-1248
1763
-836
390
341
292
243
-826
145
-924
302
253
204
155
106
-453
-757
214
165
116
67
18
734
-335
-1404
77
28
-21
440
-374
1107
803
-1541
-60
-109
352
-462
1019
1990
156
-1168
-1727
264
-550
676
882
1853
19
-1305
-1354
-638
588
794
1765
-69
-118
-932
-2256
500
451
657
1628
-206
255
-1834
-1118
363
569
1540
-294
167
-647
579
-745
-1304
432
1403
79
-735
491
442
-882
-1186
1315
-9
-823
403
354
305
-1019
-1323
1688
-911
315
266
217
168
-391
-695
276
227
851
-1490
-6
-52
-98
366
-445
1039
2013
-1093
-1649
-165
-211
253
-558
926
1900
69
23
-1298
-1344
-625
604
558
767
1741
-90
-136
-947
-2268
491
445
654
1628
-203
261
-550
-596
-1152
332
541
1515
-316
148
-663
566
-755
-1311
428
1402
81
-730
499
453
407
-914
-1470
269
1753
-843
386
340
294
248
-1073
-864
875
319
273
227
181
135
89
-467
-768
206
160
114
68
22
486
-70
904
-1437
47
1
-45
-91
373
-183
2066
-1040
-1596
-112
-158
306
-505
724
933
1907
76
-1245
-1801
193
-618
611
820
1794
-37
-83
-894
-2215
544
498
707
1681
-150
-196
268
-1818
-1099
385
594
1568
-263
201
-610
619
-702
-1258
226
435
1409
88
-723
506
460
-861
-1417
322
1806
-790
439
393
347
301
-1020
-1321
1693
-903
326
280
234
188
142
-414
-715
259
213
167
121
75
29
748
-318
-1384
100
54
8
-38
426
-385
1099
798
-1543
-59
-105
-151
313
-498
986
1960
-1146
-1702
-218
246
-565
664
873
1847
16
-30
-1351
-1397
-678
551
760
1734
-97
-143
321
-1765
-1046
438
392
601
1575
-256
208
-603
-649
-1205
279
488
1462
141
-670
559
513
-808
-1364
375
1349
28
-783
446
400
354
-967
-1268
1746
-850
379
333
287
241
195
-1126
-917
822
266
220
174
128
82
546
-1285
454
153
107
61
15
-31
433
-123
851
-1490
-6
-52
-98
366
-445
1039
2013
-1093
-1649
-165
-211
253
-558
926
1900
69
23
-1298
-1344
-625
604
558
767
1741
-90
-136
-947
-2268
491
445
654
1628
-203
261
-550
-596
-1152
332
541
1515
-316
148
-663
566
-755
-1311
428
1402
81
-730
499
453
407
-914
-1470
269
1753
-843
386
340
294
248
-1073
-864
875
319
273
227
181
135
89
-467
-768
206
160
114
68
22
486
-70
904
-1437
47
1
-45
-91
373
-183
2066
-1040
-1596
-112
-158
306
-505
724
933
1907
76
-1245
-1801
193
-618
611
820
1794
-37
-83
-894
-2215
544
498
707
1681
-150
-196
268
-1818
-1099
385
594
1568
-263
201
-610
619
-702
-1258
226
435
1409
88
-723
506
460
-861
-1417
322
1806
-790
439
393
347
301
-1020
-1321
1693
-903
326
280
234
188
142
-414
-715
259
213
-147
2105
-998
-1551
-64
-107
-150
317
-491
996
1973
145
-1173
-1726
-239
228
-580
652
609
821
1798
-30
-1348
-1901
96
-712
520
477
689
1666
-162
-205
262
-1821
-1099
388
345
557
1534
-294
173
-635
597
-721
-1274
213
425
1402
84
-724
508
465
422
-896
-1449
293
1270
-48
-856
376
333
290
247
-1071
-1369
1648
-945
287
244
201
158
115
72
-481
-779
198
155
112
69
26
-17
450
-103
2149
-954
-1507
-20
-63
-106
361
-447
1040
2017
189
-1129
-1682
-195
-238
229
-579
653
865
1842
14
-1304
-1857
140
-668
564
521
733
1710
-118
-161
-969
-2287
475
432
389
601
1578
-250
217
-591
-634
-1187
300
257
469
1446
-382
85
-723
509
466
-852
-1405
337
1314
-4
-812
420
377
334
291
-1027
-1325
1692
-901
331
288
245
202
159
116
-437
-735
242
199
156
113
70
27
494
-59
918
-1420
67
24
-19
-62
-105
362
-191
2061
-1042
-1595
-108
-151
-194
273
-535
952
1929
101
58
-1260
-1813
184
-624
608
565
777
1754
-74
-117
-925
-2243
519
476
433
645
1622
-206
-249
218
-1865
-1143
344
301
513
1490
-338
129
-679
553
-765
-1318
169
381
1358
40
-768
464
421
378
-940
-1493
249
1736
-857
375
332
289
246
203
160
-903
74
-989
243
200
157
114
71
28
750
-313
-1376
111
68
25
-18
-61
406
-147
2105
-998
-1551
-64
-107
-150
317
-491
996
1973
145
-1173
-1726
-239
228
-580
652
609
821
1798
-30
-1348
-1901
96
-712
520
477
689
1666
-162
-205
262
-1821
-1099
388
345
557
1534
-294
173
-635
597
-721
-1274
213
425
1402
84
-724
508
465
422
-896
-1449
293
1270
-48
-856
376
333
290
247
-1071
-1369
1648
-945
287
244
201
158
115
72
-481
-779
198
155
112
69
26
-17
450
-103
2149
-954
-1507
-20
-63
-106
361
-447
1040
2017
189
-1129
-1682
-195
-238
229
-579
653
865
1842
14
-1304
-1857
140
-668
564
521
733
1710
-118
-161
-969
-2287
475
432
389
601
1578
-250
217
-591
-634
-1187
300
257
469
1446
-382
85
-723
509
466
-852
-1405
337
1314
-4
-812
420
377
334
291
-1027
-1325
1692
-901
331
288
245
202
159
116
-437
-735
242
199
385
-420
1070
2050
-1050
-1600
-110
-150
-190
280
-525
710
925
1905
80
40
-1275
-1825
-335
135
-670
565
780
1760
-65
-105
-145
-1460
-1500
-775
460
420
380
595
1575
-250
-290
180
-625
-665
-1215
275
235
450
1430
-395
75
-730
505
465
425
-890
-1440
305
1285
-30
-835
400
360
320
280
240
-1075
-1370
1650
-940
295
255
215
175
135
95
55
780
-280
-1340
150
110
70
30
-10
-50
420
-385
1105
810
-1525
-35
-75
-115
-155
315
-490
745
960
1940
115
-1200
-1750
-260
-300
170
-635
600
815
1795
-30
-70
-110
-1425
-1465
-740
495
455
670
1650
-175
-215
-255
215
-1865
-1140
350
310
525
1505
-320
-360
110
-695
540
500
-815
-1365
125
340
1320
5
-800
435
395
355
315
-1000
-1550
195
1685
-905
330
290
250
210
170
130
90
-460
-755
225
185
145
105
65
25
-15
455
-95
885
-1450
40
0
-40
-80
-120
350
-455
1035
2015
190
-1125
-1675
-185
-225
245
-560
675
635
850
1830
5
-35
-1350
-1900
100
-705
530
490
705
1685
-140
-180
-220
-1025
-2340
425
385
345
560
1540
-285
-325
145
-660
575
-740
-1290
200
415
1395
-430
40
-765
470
430
390
-925
-1475
270
1250
-65
-870
365
325
285
245
205
165
-1150
-935
810
260
220
180
140
100
60
20
490
-60
920
-1415
75
35
-5
-45
-85
385
-420
1070
2050
-1050
-1600
-110
-150
-190
280
-525
710
925
1905
80
40
-1275
-1825
-335
135
-670
565
780
1760
-65
-105
-145
-1460
-1500
-775
460
420
380
595
1575
-250
-290
180
-625
-665
-1215
275
235
450
1430
-395
75
-730
505
465
425
-890
-1440
305
1285
-30
-835
400
360
320
280
240
-1075
-1370
1650
-940
295
255
215
175
135
95
55
780
-280
-1340
150
110
70
30
-10
-50
420
-385
1105
810
-1525
-35
-75
-115
-155
315
-490
745
960
1940
115
-1200
-1750
-260
-300
170
-635
600
815
1795
-30
-70
-110
-1425
-1465
-740
495
455
670
1650
-175
-215
-255
215
-1865
-1140
350
310
525
1505
-320
-360
110
-695
540
500
-815
-1365
125
340
1320
5
-800
435
395
355
315
-1000
-1550
195
1685
-905
330
290
250
210
170
130
90
-460
-755
225
185
-103
-140
333
-469
1024
2007
185
-1127
-1674
-181
-218
-255
218
-584
654
617
835
1818
-4
-41
-1353
-1900
103
-699
539
502
465
683
1666
-156
-193
-230
-267
206
-1871
-1143
350
313
276
494
1477
-345
-382
91
-711
527
490
-822
-1369
124
87
305
1288
-24
-826
412
375
338
301
264
227
-1085
-1377
1646
-941
297
260
223
186
149
112
75
38
511
-1311
437
145
108
71
34
-3
-40
-77
-114
359
-188
2070
248
-1064
-1611
-118
-155
-192
-229
244
-558
680
898
1881
59
22
-1290
-1837
-344
129
-673
565
528
491
709
1692
-130
-167
-204
-1006
-2318
450
413
376
339
557
1540
-282
-319
154
-648
590
553
-759
-1306
187
150
368
1351
-471
2
-800
438
401
364
327
-985
-1532
216
1199
-113
-915
323
286
249
212
175
138
101
64
-483
-775
208
171
134
97
60
23
-14
-51
422
-125
2133
-964
-1511
-18
-55
-92
-129
-166
307
-495
743
961
1944
122
85
-1227
-1774
-281
-318
155
-647
591
554
772
1755
-67
-104
-141
-1453
-1490
-762
476
439
402
620
1603
-219
-256
-293
180
-622
-659
-1206
287
250
213
431
1414
-408
65
-737
501
464
427
390
-922
-1469
279
1262
-50
-852
386
349
312
275
238
201
164
-1148
-1440
1583
-1004
234
197
160
123
86
49
12
-25
448
-99
884
-1448
45
8
-29
-66
-103
-140
333
-469
1024
2007
185
-1127
-1674
-181
-218
-255
218
-584
654
617
835
1818
-4
-41
-1353
-1900
103
-699
539
502
465
683
1666
-156
-193
-230
-267
206
-1871
-1143
350
313
276
494
1477
-345
-382
91
-711
527
490
-822
-1369
124
87
305
1288
-24
-826
412
375
338
301
264
227
-1085
-1377
1646
-941
297
260
223
186
149
112
75
38
511
-1311
437
145
108
71
34
-3
-40
-77
-114
359
-188
2070
248
-1064
-1611
-118
-155
-192
-229
244
-558
680
898
1881
59
22
-1290
-1837
-344
129
-673
565
528
491
709
1692
-130
-167
-204
-1006
-2318
450
413
376
339
557
1540
-282
-319
154
-648
590
553
-759
-1306
187
150
368
1351
-471
2
-800
438
401
364
327
-985
-1532
216
1199
-113
-915
323
286
249
212
175
138
101
64
-483
-775
208
171
-81
-115
-149
-183
293
-506
735
956
1942
123
89
-1220
-1764
-268
-302
-336
140
-659
582
548
769
1755
-64
-98
-132
-166
-200
-999
-2308
463
429
395
361
327
548
1534
-285
-319
-353
123
-676
565
531
-778
-1322
174
140
361
1347
-472
-506
-30
-829
412
378
344
310
276
242
-1067
-1611
140
1636
-948
293
259
225
191
157
123
89
55
21
-13
718
-336
-1390
106
72
38
4
-30
-64
-98
-132
344
-455
786
1007
1993
174
-1135
-1679
-183
-217
-251
-285
191
-608
633
599
820
1806
-13
-47
-81
-115
-1424
-1968
38
-761
480
446
412
633
1619
-200
-234
-268
-302
174
-625
616
-693
-1237
259
225
191
412
1398
-421
-455
21
-778
463
429
395
361
-948
-1492
4
225
1211
-98
-897
344
310
276
242
208
174
140
106
72
-1237
-1016
735
191
157
123
89
55
21
-13
-47
-81
395
-404
1092
2078
-1016
-1560
-64
-98
-132
-166
-200
-234
242
-557
684
650
871
1857
38
4
-1305
-1849
-353
-387
89
-710
531
497
463
684
1670
-149
-183
-217
-251
225
-1849
-1118
378
344
310
276
497
1483
-336
-370
-404
72
-727
514
480
446
-863
-1407
89
55
276
1262
-47
-846
395
361
327
293
259
225
191
157
-1152
-1441
1585
-999
242
208
174
140
106
72
38
4
-30
-64
412
-132
854
-1475
21
-13
-47
-81
-115
-149
-183
293
-506
735
956
1942
123
89
-1220
-1764
-268
-302
-336
140
-659
582
548
769
1755
-64
-98
-132
-166
-200
-999
-2308
463
429
395
361
327
548
1534
-285
-319
-353
123
-676
565
531
-778
-1322
174
140
361
1347
-472
-506
-30
-829
412
378
344
310
276
242
-1067
-1611
140
1636
-948
293
259
225
191
157
123
89
55
21
-13
718
-336
-1390
106
72
38
4
-30
-64
-98
-132
344
-455
786
1007
1993
174
-1135
-1679
-183
-217
-251
-285
191
-608
633
599
820
1806
-13
-47
-81
-115
-1424
-1968
38
-761
480
446
412
633
1619
-200
-234
-268
-302
174
-625
616
-693
-1237
259
225
191
412
1398
-421
-455
21
-778
463
429
395
361
-948
-1492
4
225
1211
-98
-897
344
310
276
242
208
174
140
106
72
-1237
-1016
735
191
157
-59
-90
-121
-152
-183
-214
-245
234
-562
682
651
875
1864
48
17
-14
-45
-1351
-1892
-393
86
-710
534
503
472
441
410
634
1623
-193
-224
-255
-286
-317
162
-634
-665
-1206
293
262
231
200
169
393
1382
-434
-465
14
-782
462
431
400
369
338
307
276
-1030
-1571
-72
152
1141
-165
-961
283
252
221
190
159
128
97
66
35
4
-27
452
-89
900
-1426
73
42
11
-20
-51
-82
-113
-144
-175
-206
273
-523
721
945
1934
118
87
-1219
-1760
-261
-292
-323
-354
125
-671
573
542
511
480
704
1693
-123
-154
-185
-216
-247
232
-1839
-1105
394
363
332
301
270
239
463
1452
-364
-395
-426
53
-743
501
470
439
408
-898
-1439
60
29
253
1242
-574
-95
-891
353
322
291
260
229
198
167
136
105
74
43
-1008
-19
-1070
174
143
112
81
50
19
-12
-43
-74
-105
-136
343
-453
1046
2035
219
188
-1118
-1659
-160
-191
-222
-253
-284
-315
164
-632
612
581
805
1794
-22
-53
-84
-115
-146
-1452
-1993
16
-780
464
433
402
371
340
564
1553
-263
-294
-325
-356
123
-673
571
540
509
-797
-1338
161
130
99
323
1312
-504
-535
-56
-852
392
361
330
299
268
237
206
175
-1131
-1672
82
1581
-1000
244
213
182
151
120
89
58
27
-4
-35
-66
-97
382
-159
2105
-986
-1527
-28
-59
-90
-121
-152
-183
-214
-245
234
-562
682
651
875
1864
48
17
-14
-45
-1351
-1892
-393
86
-710
534
503
472
441
410
634
1623
-193
-224
-255
-286
-317
162
-634
-665
-1206
293
262
231
200
169
393
1382
-434
-465
14
-782
462
431
400
369
338
307
276
-1030
-1571
-72
152
1141
-165
-961
283
252
221
190
159
128
97
66
35
4
-27
452
-89
900
-1426
73
42
11
-20
-51
-82
-113
-144
-175
-206
273
-523
721
945
1934
118
87
-1219
-1760
-261
-292
-323
-354
125
-671
573
542
511
480
704
1693
-123
-154
-185
-216
-247
232
-1839
-1105
394
363
332
301
270
239
463
1452
-364
-395
-426
53
-743
501
470
439
408
-898
-1439
60
29
253
1242
-574
-95
-891
353
322
291
260
229
198
167
136
105
74
43
-1008
-19
-1070
174
143
-1057
-1595
-93
-121
-149
-177
-205
-233
-261
-289
-317
165
-628
619
591
563
535
762
1754
-59
-87
-115
-143
-171
-199
-227
-1530
-1558
-821
426
398
370
342
314
286
258
485
1477
-336
-364
-392
-420
-448
34
-759
488
460
432
404
376
348
-955
-1493
9
-19
-47
180
1172
-641
-159
-952
295
267
239
211
183
155
127
99
71
43
15
-13
-41
-69
413
-125
867
-1456
46
18
-10
-38
-66
-94
-122
-150
-178
-206
-234
-262
220
-573
674
646
873
1865
52
24
-4
-32
-60
-1363
-1901
-399
-427
-455
27
-766
481
453
425
397
369
341
568
1560
-253
-281
-309
-337
-365
-393
89
-704
543
515
487
-816
-1354
148
120
92
64
291
1283
-530
-558
-76
-869
378
350
322
294
266
238
210
182
154
126
98
70
42
-1261
-1034
723
185
157
129
101
73
45
17
-11
-39
-67
-95
-123
-151
-179
303
-490
757
729
956
1948
135
107
79
-1224
-1762
-260
-288
-316
-344
-372
110
-683
564
536
508
480
452
679
1671
-142
-170
-198
-226
-254
-282
-310
172
-621
-649
-1187
315
287
259
231
203
175
147
374
1366
-447
-475
-503
-21
-814
433
405
377
349
321
293
265
237
209
181
-1122
-1660
97
1089
-214
-1007
240
212
184
156
128
100
72
44
16
-12
-40
-68
-96
-124
358
-435
1067
2059
246
-1057
-1595
-93
-121
-149
-177
-205
-233
-261
-289
-317
165
-628
619
591
563
535
762
1754
-59
-87
-115
-143
-171
-199
-227
-1530
-1558
-821
426
398
370
342
314
286
258
485
1477
-336
-364
-392
-420
-448
34
-759
488
460
432
404
376
348
-955
-1493
9
-19
-47
180
1172
-641
-159
-952
295
267
239
211
183
155
127
99
71
43
15
-13
-41
-69
413
-125
867
-1456
46
18
-10
-38
-66
-94
-122
-150
-178
-206
-234
-262
220
-573
674
646
873
1865
52
24
-4
-32
-60
-1363
-1901
-399
-427
-455
27
-766
481
453
425
397
369
341
568
1560
-253
-281
-309
-337
-365
-393
89
-704
543
515
487
-816
-1354
148
120
92
64
291
1283
-530
-558
-76
-869
378
350
322
294
266
238
210
182
154
126
98
70
42
-1261
-1034
723
185
157
129
1005
2000
190
165
140
115
-1185
-1720
-215
-240
-265
-290
-315
-340
-365
-390
-415
70
-720
530
505
480
455
430
405
380
610
1605
-205
-230
-255
-280
-305
-330
-355
-380
105
-685
565
540
515
490
465
-835
-1370
135
110
85
60
35
10
240
1235
-575
-600
-625
-140
-930
320
295
270
245
220
195
170
145
120
95
70
45
20
-5
-30
-55
-80
-105
380
-155
2115
-970
-1505
0
-25
-50
-75
-100
-125
-150
-175
-200
-225
-250
-275
-300
-325
160
-630
620
595
570
545
520
750
1745
-65
-90
-115
-140
-165
-190
-215
-240
-265
-290
-315
170
-1895
-1155
350
325
300
275
250
225
200
175
150
125
355
1350
-460
-485
-510
-535
-50
-840
410
385
360
335
310
285
260
235
210
185
160
135
110
85
60
35
-1265
-1545
1490
-1085
165
140
115
90
65
40
15
-10
-35
-60
-85
-110
-135
-160
-185
-210
-235
-260
225
-565
685
660
635
865
1860
50
25
0
-25
-50
-75
-100
-125
-1425
-1960
-455
-480
5
-785
465
440
415
390
365
340
315
290
265
495
1490
-320
-345
-370
-395
-420
-445
-470
15
-775
475
450
425
400
375
350
325
300
275
250
-1050
-1585
-80
-105
-130
100
1095
-205
-995
255
230
205
180
155
130
105
80
55
30
5
-20
-45
-70
-95
-120
-145
-170
315
-475
775
1005
2000
190
165
140
115
-1185
-1720
-215
-240
-265
-290
-315
-340
-365
-390
-415
70
-720
530
505
480
455
430
405
380
610
1605
-205
-230
-255
-280
-305
-330
-355
-380
105
-685
565
540
515
490
465
-835
-1370
135
110
85
60
35
10
240
1235
-575
-600
-625
-140
-930
320
295
270
245
220
195
170
145
120
95
70
45
20
-5
-30
-55
-80
-105
380
-155
2115
-970
-1505
0
-25
-50
-75
-100
-125
-150
-175
-200
-225
-250
-275
-300
-325
160
-630
620
595
570
545
520
750
1745
-65
-90
-115
-140
-165
-190
-215
-240
-265
-290
-315
170
-1895
-1155
350
325
300
275
250
225
200
175
150
125
355
1350
-460
-485
-510
-535
-50
-840
410
385
360
335
310
285
260
235
210
185
160
135
110
85
60
35
-1265
-1545
1490
-1085
165
140
115
262
-525
728
706
684
662
895
1893
86
64
42
20
-2
-24
-46
-68
-90
-112
-134
-156
-178
-200
-1497
-2029
-521
-543
-55
-842
411
389
367
345
323
301
279
257
235
213
191
169
147
125
103
336
1334
-473
-495
-517
-539
-561
-583
-95
-882
371
349
327
305
283
261
239
217
195
173
151
129
107
85
63
41
19
-3
-25
-47
-69
-91
-113
-135
353
-434
1074
2072
265
243
221
199
-1098
-1630
-122
-144
-166
-188
-210
-232
-254
-276
-298
-320
-342
-364
-386
-408
-430
58
-729
524
502
480
458
436
414
392
370
348
326
304
282
515
1513
-294
-316
-338
-360
-382
-404
-426
-448
-470
-492
-4
-791
462
440
418
396
374
352
330
308
286
264
242
220
198
176
154
132
110
88
66
-1231
-1763
-255
-22
1486
-1086
167
145
123
101
79
57
35
13
-9
-31
-53
-75
-97
-119
-141
-163
-185
-207
-229
-251
-273
-295
-317
-339
149
-638
615
593
571
549
527
505
483
461
694
1692
-115
-137
-159
-181
-203
-225
-247
-269
-291
-313
-335
-357
-379
109
-678
575
553
531
509
487
465
443
-854
-1386
122
100
78
56
34
12
-10
-32
-54
-76
157
1155
-652
-674
-696
-208
-995
258
236
214
192
170
148
126
104
82
60
38
16
-6
-28
-50
-72
-94
-116
-138
-160
-182
-204
-226
262
-525
728
706
684
662
895
1893
86
64
42
20
-2
-24
-46
-68
-90
-112
-134
-156
-178
-200
-1497
-2029
-521
-543
-55
-842
411
389
367
345
323
301
279
257
235
213
191
169
147
125
103
336
1334
-473
-495
-517
-539
-561
-583
-95
-882
371
349
327
305
283
261
239
217
195
173
151
129
107
85
63
41
19
-3
-25
-47
-69
-91
-113
-135
353
-434
1074
2072
265
243
221
199
-1098
-1630
-122
-144
-166
-188
-210
-232
-254
-276
-298
-320
-342
-364
-386
-408
-430
58
-729
524
502
480
458
436
414
392
370
348
326
304
282
515
1513
-294
-316
-338
-360
-382
-404
-426
-448
-470
-492
-4
-791
462
440
418
396
374
352
330
308
286
264
242
220
198
176
154
132
110
88
66
-1231
-1763
-255
-22
1486
-1086
167
145
123
101
-226
-245
-264
-283
-302
-321
170
-614
642
623
604
585
566
547
528
509
490
471
452
433
414
395
631
1632
-172
-191
-210
-229
-248
-267
-286
-305
-324
-343
-362
-381
-400
-419
-438
-457
-476
-495
-514
-23
-807
449
430
411
392
373
354
335
316
297
278
259
240
221
202
183
164
145
126
107
88
69
50
31
12
-7
-26
-45
-64
-83
-102
-121
-140
-159
-178
313
-471
785
766
747
728
964
1965
161
142
123
104
85
66
47
28
9
-10
-29
-48
-67
-86
-105
-124
-143
-162
-181
-200
-219
-238
-257
-276
-295
-314
-333
-352
-371
120
-664
592
573
554
535
516
497
478
459
440
421
-873
-1402
109
90
71
52
33
14
-5
-24
-43
-62
-81
-100
-119
-138
-157
-176
-195
-214
-233
3
1004
-800
-309
-1093
163
144
125
106
87
68
49
30
11
-8
-27
-46
-65
-84
-103
-122
-141
-160
-179
-198
-217
-236
-255
-274
-293
-312
-331
-350
-369
-388
-407
-426
-445
-464
-483
8
-776
480
461
442
423
404
385
366
347
328
309
290
271
252
233
214
195
176
157
138
119
100
81
317
1318
-486
-505
-524
-543
-562
-581
-600
-619
-638
-657
-166
-950
306
287
268
249
230
211
192
173
154
135
116
97
78
59
40
21
2
-17
-36
-55
-74
-93
-112
-131
-150
-169
-188
-207
-226
-245
-264
-283
-302
-321
170
-614
642
623
604
585
566
547
528
509
490
471
452
433
414
395
631
1632
-172
-191
-210
-229
-248
-267
-286
-305
-324
-343
-362
-381
-400
-419
-438
-457
-476
-495
-514
-23
-807
449
430
411
392
373
354
335
316
297
278
259
240
221
202
183
164
145
126
107
88
69
50
31
12
-7
-26
-45
-64
-83
-102
-121
-140
-159
-178
313
-471
785
766
747
728
964
1965
161
142
123
104
85
66
47
28
9
-10
-29
-48
-67
-86
-105
-124
-143
-162
-181
-200
-219
-238
-257
-276
-295
-314
-333
-352
-371
120
-664
592
573
554
535
516
497
478
459
440
421
-873
-1402
109
90
71
52
33
14
-5
-24
-43
-62
-81
-100
-119
-138
-157
-176
-195
-214
-233
3
1004
-800
-309
-1093
163
144
125
106
87
-204
-220
-236
-252
-268
-284
-300
-316
-332
-348
-364
-380
-396
-412
-428
-444
-460
-476
-492
-508
-524
-540
-46
-827
432
416
400
384
368
352
336
320
304
288
272
256
240
224
208
192
176
160
144
1403
1897
351
335
319
303
287
271
255
239
223
207
191
175
159
143
127
111
95
79
63
47
31
15
-1
-17
-33
-49
-65
-81
-97
-113
-129
-145
-161
-177
-193
-209
-225
-241
-257
-273
221
-560
699
683
667
651
635
619
603
587
571
555
539
523
507
491
475
459
443
427
411
395
379
363
347
331
315
299
283
267
251
235
219
203
187
171
155
139
123
107
91
75
59
298
1302
-499
-515
-531
-547
-563
-579
-595
-611
-627
-643
-659
-675
-691
-707
-723
-739
-755
-771
-787
-293
-1074
185
169
153
137
121
105
89
73
57
41
25
9
-7
-23
-39
-55
-71
-87
-103
1156
1650
104
88
72
56
40
24
8
-8
-24
-40
-56
-72
-88
-104
-120
-136
-152
-168
-184
-200
-216
-232
-248
-264
-280
-296
-312
-328
-344
-360
-376
-392
-408
-424
-440
-456
-472
-488
-504
-520
-536
-42
-823
436
420
404
388
372
356
340
324
308
292
276
260
244
228
212
196
180
164
148
132
116
100
84
68
52
36
20
4
-12
-28
-44
-60
-76
-92
-108
-124
-140
-156
-172
-188
-204
-220
-236
-252
-268
-284
-300
-316
-332
-348
-364
-380
-396
-412
-428
-444
-460
-476
-492
-508
-524
-540
-46
-827
432
416
400
384
368
352
336
320
304
288
272
256
240
224
208
192
176
160
144
1403
1897
351
335
319
303
287
271
255
239
223
207
191
175
159
143
127
111
95
79
63
47
31
15
-1
-17
-33
-49
-65
-81
-97
-113
-129
-145
-161
-177
-193
-209
-225
-241
-257
-273
221
-560
699
683
667
651
635
619
603
587
571
555
539
523
507
491
475
459
443
427
411
395
379
363
347
331
315
299
283
267
251
235
219
203
187
171
155
139
123
107
91
75
59
298
1302
-499
-515
-531
-547
-563
-579
-595
-611
-627
-643
-659
-675
-691
-707
-723
-739
-755
-771
-787
-293
-1074
185
169
153
137
121
105
89
73
-182
-195
-208
-221
-234
-247
-260
-273
-286
976
1473
-70
-83
-96
-109
-122
-135
-148
-161
-174
-187
-200
-213
-226
-239
-252
-265
-278
-291
-304
-317
-330
-343
-356
-369
-382
-395
-408
-421
-434
-447
-460
-473
-741
-1774
-2
-15
-28
-41
-54
-67
-80
-93
-106
-119
-132
-145
-158
-171
-184
1078
1575
32
19
6
-7
-20
-33
-46
-59
-72
-85
-98
-111
-124
-137
-150
-163
-176
-189
-202
-215
-228
-241
-254
-267
-280
-293
-306
-319
-332
-345
-358
-371
-384
-397
-410
-423
-436
-449
-462
-475
-488
-501
-514
-527
-540
-553
-566
-579
-592
670
1167
-376
-389
-402
-415
-428
-441
-454
-467
-480
-493
-506
-519
-532
-545
-558
-61
-839
423
410
397
384
371
358
345
332
319
306
293
280
267
254
241
228
215
202
189
176
163
150
137
124
111
98
85
72
59
46
33
20
1282
1779
236
223
210
197
184
171
-97
-1130
642
629
616
603
590
577
564
551
538
525
512
499
486
473
460
447
434
421
408
395
382
369
356
343
330
317
304
291
278
265
252
239
226
213
200
187
174
161
148
135
122
1384
1881
338
325
312
299
286
273
260
247
234
221
208
195
182
169
156
143
130
117
104
91
78
65
52
39
26
13
0
-13
-26
-39
-52
-65
-78
-91
-104
-117
-130
-143
-156
-169
-182
-195
-208
-221
-234
-247
-260
-273
-286
976
1473
-70
-83
-96
-109
-122
-135
-148
-161
-174
-187
-200
-213
-226
-239
-252
-265
-278
-291
-304
-317
-330
-343
-356
-369
-382
-395
-408
-421
-434
-447
-460
-473
-741
-1774
-2
-15
-28
-41
-54
-67
-80
-93
-106
-119
-132
-145
-158
-171
-184
1078
1575
32
19
6
-7
-20
-33
-46
-59
-72
-85
-98
-111
-124
-137
-150
-163
-176
-189
-202
-215
-228
-241
-254
-267
-280
-293
-306
-319
-332
-345
-358
-371
-384
-397
-410
-423
-436
-449
-462
-475
-488
-501
-514
-527
-540
-553
-566
-579
-592
670
1167
-376
-389
-402
-415
-428
-441
-454
-467
-480
-493
-506
-519
-532
-545
-558
-61
-839
423
410
397
384
371
358
345
332
319
306
293
280
267
254
241
228
215
202
189
176
163
150
137
124
111
98
85
72
59
1115
1615
75
65
55
45
35
25
15
-250
-1280
495
485
475
465
455
445
435
425
415
405
395
385
375
365
355
345
335
325
315
305
295
1560
2060
520
510
500
490
480
470
460
450
440
-80
675
-610
-620
-630
-640
-650
-660
-670
-680
-690
-700
-710
-720
-730
-740
-750
-1015
-2045
-270
-280
985
1485
-55
-65
-75
-85
-95
-105
-115
-125
-135
-145
-155
-165
-175
-185
-195
-205
-215
-225
-235
-245
-255
-265
-275
-285
-295
-305
-315
-325
-335
-345
920
1420
-120
-130
-140
-150
-160
-170
-180
-190
-200
-210
-220
-230
-240
-505
-1535
240
230
220
210
200
190
180
170
160
150
140
130
120
110
100
1365
1865
325
315
305
295
285
275
265
255
245
235
225
215
205
195
185
175
165
155
145
135
125
115
105
95
85
75
65
55
45
35
1300
1800
5
-1025
750
740
730
720
710
700
180
935
-350
-360
-370
-380
-390
-400
-410
-420
-430
-440
-450
-460
-470
-480
-490
-500
-510
-520
-530
-540
725
1225
-315
-325
-335
-345
-355
-365
-375
-385
-395
-405
-415
-425
-435
-445
-455
-465
-475
-485
-495
-760
-1790
-15
-25
-35
-45
-55
-65
-75
-85
1180
1680
140
130
120
110
100
90
80
70
60
50
40
30
20
10
0
-10
-20
-30
-40
-50
-60
-70
-80
-90
-100
-110
-120
-130
-140
-150
1115
1615
75
65
55
45
35
25
15
-250
-1280
495
485
475
465
455
445
435
425
415
405
395
385
375
365
355
345
335
325
315
305
295
1560
2060
520
510
500
490
480
470
460
450
440
-80
675
-610
-620
-630
-640
-650
-660
-670
-680
-690
-700
-710
-720
-730
-740
-750
-1015
-2045
-270
-280
985
1485
-55
-65
-75
-85
-95
-105
-115
-125
-135
-145
-155
-165
-175
-185
-195
-205
-215
-225
-235
-245
-255
-265
-275
-285
-295
-305
-315
-325
-335
-345
920
1420
-120
-130
-140
-150
-160
-170
-180
-190
-200
-210
-220
-230
-240
-505
-1535
240
230
220
210
200
190
180
170
160
150
140
130
120
110
100
1365
1865
325
315
305
295
285
275
265
255
245
235
225
215
205
195
185
175
165
155
145
135
125
115
105
95
85
75
65
55
45
-138
-1165
613
606
599
592
585
578
571
54
812
-470
-477
-484
-491
-498
-505
-512
-519
-526
742
1245
-292
-299
-306
-313
-320
-327
-334
-341
-348
-355
-617
-1644
134
127
120
113
106
99
92
85
78
1346
1849
312
305
298
291
284
277
270
263
256
249
242
235
228
221
214
-303
455
-827
-834
-1096
-2123
930
1433
-104
-111
-118
-125
-132
-139
-146
-153
-160
-167
-174
-181
-188
-195
-202
-209
-216
-223
-230
-237
-244
1024
1527
-10
-17
-24
-31
-38
-300
-1327
451
444
437
430
423
416
409
402
395
388
381
374
367
-150
1883
1111
-426
-433
-440
-447
-454
-461
-468
-475
-482
-489
-496
-503
-510
-517
-779
-1806
-28
-35
-42
-49
-56
-63
1205
1708
171
164
157
150
143
136
129
122
115
108
101
94
87
80
73
66
59
52
45
38
31
1299
1547
-1010
258
1016
-266
-273
-280
-287
-294
-301
-308
-315
-322
-329
-336
-343
-350
-357
-364
-371
-378
-385
883
1386
-151
-158
-165
-172
-179
-186
-193
-200
-462
-1489
289
282
275
268
261
254
247
240
233
226
219
1487
1990
453
446
439
432
425
418
-99
659
-623
-630
-637
-644
-651
-658
-665
-672
-934
-1961
-183
-190
-197
1071
1574
37
30
23
16
9
2
-5
-12
-19
-26
-33
-40
-47
-54
-61
-68
-75
-82
-89
-96
-103
1165
1668
131
124
-138
-1165
613
606
599
592
585
578
571
54
812
-470
-477
-484
-491
-498
-505
-512
-519
-526
742
1245
-292
-299
-306
-313
-320
-327
-334
-341
-348
-355
-617
-1644
134
127
120
113
106
99
92
85
78
1346
1849
312
305
298
291
284
277
270
263
256
249
242
235
228
221
214
-303
455
-827
-834
-1096
-2123
930
1433
-104
-111
-118
-125
-132
-139
-146
-153
-160
-167
-174
-181
-188
-195
-202
-209
-216
-223
-230
-237
-244
1024
1527
-10
-17
-24
-31
-38
-300
-1327
451
444
437
430
423
416
409
402
395
388
381
374
367
-150
1883
1111
-426
-433
-440
-447
-454
-461
-468
-475
-482
-489
-496
-503
-510
-517
-779
-1806
-28
-35
-42
-49
-56
-63
1205
1708
171
164
157
150
143
136
129
122
115
108
101
94
87
80
73
66
59
52
45
38
31
139
900
-379
-383
-387
-391
-395
-399
-403
-407
-411
-415
856
1362
-172
-176
-180
-184
-188
-192
-451
-1475
306
302
298
294
290
286
282
278
274
1545
1541
772
-507
-511
-515
-519
-523
-527
-531
-535
-539
-798
-1822
-41
-45
-49
-53
1218
1724
190
186
182
178
174
170
166
162
158
154
150
146
142
-372
389
-1145
-894
1397
-137
-141
-145
-149
-153
-157
-161
-165
-169
-173
-177
-181
-185
-189
-193
-197
1074
1580
46
42
-217
-1241
540
536
532
528
524
10
771
-508
-512
-516
-520
-524
-528
743
1249
-285
-289
-293
-297
-301
-305
-564
-1588
193
189
185
181
177
173
169
165
1436
1942
408
404
400
396
-118
643
-636
-640
-644
-648
-652
-656
-915
-1939
-158
-162
1109
1615
81
77
73
69
65
61
57
53
49
45
41
37
33
29
25
21
1292
1543
-1521
1025
-254
-258
-262
-266
-270
-274
-278
-282
-286
-290
-294
-298
-302
-306
965
1471
-63
-67
-71
-75
-334
-1358
423
419
415
411
407
403
399
395
-119
642
-637
634
1140
-394
-398
-402
-406
-410
-414
-418
-422
-681
-1705
76
72
68
64
60
56
1327
1833
299
295
291
287
283
279
275
271
-243
518
-761
-765
-769
-1028
-2052
-271
1000
1506
-28
-32
-36
-40
-44
-48
-52
-56
-60
-64
-68
-72
-76
-80
-84
-88
1183
1689
-100
-1124
657
653
139
900
-379
-383
-387
-391
-395
-399
-403
-407
-411
-415
856
1362
-172
-176
-180
-184
-188
-192
-451
-1475
306
302
298
294
290
286
282
278
274
1545
1541
772
-507
-511
-515
-519
-523
-527
-531
-535
-539
-798
-1822
-41
-45
-49
-53
1218
1724
190
186
182
178
174
170
166
162
158
154
150
146
142
-372
389
-1145
-894
1397
-137
-141
-145
-149
-153
-157
-161
-165
-169
-173
-177
-181
-185
-189
-193
-197
1074
1580
46
42
-217
-1241
540
536
532
528
524
10
771
-508
-512
-516
-520
-524
-528
743
1249
-285
-289
-293
-297
-301
-305
-564
-1588
193
189
185
181
177
173
169
165
1436
1942
408
404
400
396
-118
643
-636
-640
-644
-648
-652
-656
-915
-1939
-158
-162
1109
1615
81
77
73
69
65
61
57
53
49
45
41
37
33
29
25
21
1292
-349
-350
-351
-352
-353
-354
-355
-356
918
1427
-104
-105
-361
-1382
402
401
400
399
398
397
-114
650
-626
648
1157
-374
-375
-376
-377
-378
-379
-635
-1656
128
127
126
125
124
1398
1907
376
375
374
-137
627
-649
-650
-651
-652
-908
-1929
-145
-146
1128
1637
106
105
104
103
102
101
100
99
98
97
96
-415
94
-927
1367
-164
-165
-166
-167
-168
-169
-170
-171
-172
-173
-174
-175
-176
1098
1607
-179
-1200
584
583
72
836
-440
-441
-442
-443
-444
-445
-446
828
1337
-194
-195
-196
-197
-453
-1474
310
309
308
307
306
305
-206
1833
1067
-464
-465
-466
-467
-468
-469
-470
-726
-1747
37
36
35
34
1308
1817
286
285
284
283
282
281
-230
534
-742
-743
-999
-2020
-236
1038
1547
16
15
14
13
12
11
10
9
8
7
6
5
4
1023
2
1021
-255
-256
-257
-258
-259
-260
-261
-262
-263
-264
-265
-266
1008
1517
-14
-270
-1291
493
492
491
490
-21
743
-533
-534
-535
-536
738
1247
-284
-285
-286
-287
-288
-544
-1565
219
218
217
216
215
214
1488
1997
-44
720
-556
-557
-558
-559
-560
-561
-817
-1838
-54
-55
-56
1218
1727
196
195
194
193
192
191
190
189
-322
442
-834
-1090
-2111
948
1457
-74
-75
-76
-77
-78
-79
-80
-81
-82
-83
-84
-85
-86
1188
1442
-1109
165
929
-347
-348
-349
-350
-351
-352
-353
-354
-355
-356
918
1427
-104
-105
-361
-1382
402
401
400
399
398
397
-114
650
-626
648
1157
-374
-375
-376
-377
-378
-379
-635
-1656
128
127
126
125
124
1398
1907
376
375
374
-137
627
-649
-650
-651
-652
-908
-1929
-145
-146
1128
1637
106
105
104
103
102
101
100
99
98
97
96
-415
94
-927
1367
-164
-165
-166
-167
-168
-169
-170
-171
-172
-173
-174
-175
-176
1098
1607
-179
-1200
584
583
72
836
-440
-441
-442
-443
-444
-445
-446
828
1337
-194
-195
-196
-197
-453
-1474
310
309
308
307
306
305
-206
1833
1067
-464
-465
-466
-467
-468
-469
-470
-726
-1747
37
36
35
34
1308
1817
286
285
284
283
282
281
-230
534
-742
-743
-999
-2020
-236
1038
1547
16
15
14
13
12
11
10
9
8
7
6
5
4
1023
-327
-325
-323
-321
-319
958
1470
-58
-311
-1329
458
460
-48
719
-554
-552
-550
727
1239
-289
-287
-285
-283
-536
-1554
233
235
237
239
241
1518
1520
757
-516
-514
-512
-510
-508
-761
-1779
8
10
12
1289
1801
273
275
277
279
-229
538
-735
-733
-986
-2004
-217
1060
1572
44
46
48
50
52
54
56
58
60
-448
1339
-444
-187
-185
-183
-181
-179
-177
-175
-173
-171
-169
-167
1110
1622
-161
-1179
98
865
-408
-406
-404
-402
-400
-398
-396
881
1393
-135
-133
-386
-1404
383
385
387
389
-119
648
-625
652
1164
-364
-362
-360
-358
-611
-1629
158
160
162
164
1441
1953
425
-83
684
-589
-587
-585
-583
-836
-1854
-67
-65
1212
1724
196
198
200
202
204
206
-302
465
-808
-1061
-2079
983
1495
-33
-31
-29
-27
-25
-23
-21
-19
-17
-15
-13
499
756
-262
-260
-258
-256
-254
-252
-250
-248
-246
-244
1033
1545
17
-236
-1254
533
25
792
-481
-479
-477
-475
-473
804
1316
-212
-210
-208
-461
-1479
308
310
312
314
316
-192
1850
1087
-441
-439
-437
-435
-433
-686
-1704
83
85
87
89
1366
1878
350
352
-156
611
-662
-660
-658
-911
-1929
-142
1135
1647
119
121
123
125
127
129
131
133
-375
392
-1136
-879
1418
-110
-108
-106
-104
-102
-100
-98
-96
-94
-92
-90
1187
1444
-1614
938
-335
-333
-331
-329
-327
-325
-323
-321
-319
958
1470
-58
-311
-1329
458
460
-48
719
-554
-552
-550
727
1239
-289
-287
-285
-283
-536
-1554
233
235
237
239
241
1518
1520
757
-516
-514
-512
-510
-508
-761
-1779
8
10
12
1289
1801
273
275
277
279
-229
538
-735
-733
-986
-2004
-217
1060
1572
44
46
48
50
52
54
56
58
60
-448
1339
-444
-187
-185
-183
-181
-179
-177
-175
-173
-171
-169
-167
1110
1622
-161
-1179
98
865
-408
-406
-404
-402
-400
-398
-396
881
1393
-135
-133
-386
-1404
383
385
387
389
-119
648
-625
652
1164
-364
-362
-360
-358
-611
-1629
158
160
162
164
1441
1953
425
-83
684
-589
-587
-585
-583
-836
-1854
-67
-65
1212
1724
196
198
200
202
204
206
-302
465
-808
-1061
-2079
983
1495
-33
-31
-29
-27
-25
-23
-21
-19
-17
-15
-13
499
-305
-300
980
1495
-30
-280
-1295
495
-10
760
-510
-505
-500
780
1295
-230
-225
-475
-1490
300
305
310
315
-190
1855
1095
-430
-425
-420
-415
-665
-1680
110
115
120
1400
1915
390
-115
655
-615
-610
-605
-855
-1870
-80
-75
1205
1720
195
200
205
210
-295
475
-795
-1045
-2060
1005
1520
-5
0
5
10
15
20
25
30
-730
295
1320
-205
-200
-195
-190
-185
-180
-175
-170
-165
1115
1375
-1170
110
880
-390
-385
-380
-375
-370
-365
915
1430
-95
-345
-1360
430
435
-70
700
-570
-565
715
1230
-295
-290
-285
-535
-1550
240
245
250
255
1025
2305
-495
-490
-485
-480
-730
-1745
45
50
55
1335
1850
325
330
-175
595
-675
-670
-920
-1935
-145
1135
1650
125
130
135
140
145
150
-355
415
-1110
-850
1450
-75
-70
-65
-60
-55
-50
-45
-40
-35
1245
995
-785
-270
-265
-260
-255
-250
-245
-240
-235
1045
1560
-220
-1235
555
50
820
-450
-445
-440
-435
-430
850
1365
-160
-410
-1425
365
370
375
-130
640
-630
650
1165
-360
-355
-350
-600
-1615
175
180
185
190
1470
1475
715
-555
-550
-545
-540
-790
-1805
-15
-10
1270
1785
260
265
270
-235
535
-735
-985
-2000
-210
1070
1585
60
65
70
75
80
85
90
-415
100
-915
1385
-140
-135
-130
-125
-120
-115
-110
-105
-100
1180
1440
-1615
940
-330
-325
-320
-315
-310
-305
-300
980
1495
-30
-280
-1295
495
-10
760
-510
-505
-500
780
1295
-230
-225
-475
-1490
300
305
310
315
-190
1855
1095
-430
-425
-420
-415
-665
-1680
110
115
120
1400
1915
390
-115
655
-615
-610
-605
-855
-1870
-80
-75
1205
1720
195
200
205
210
-295
475
-795
-1045
-2060
1005
1520
-5
0
5
10
15
20
25
30
-730
295
1320
-205
-200
-195
-190
-185
-180
-175
-170
-165
1115
1375
-1170
110
880
-390
-385
-380
-375
-370
-365
915
1430
-95
-345
-1360
430
435
-70
700
-570
-565
715
1230
-295
-290
-285
-535
-1550
240
245
250
255
1025
2305
-495
-490
-485
-480
-730
-1745
45
50
55
1335
1850
325
330
-175
595
-675
-670
-920
-1935
-145
1135
1650
125
130
135
140
145
150
-355
415
-1110
-850
1450
-75
-70
-65
-60
-55
-50
-45
-40
-35
1245
995
992
1510
-267
-1279
514
12
785
-482
-474
-466
817
1335
-187
-434
-1446
347
355
-147
626
-641
642
1160
-362
-354
-601
-1613
180
188
196
204
977
2260
-537
-529
-521
-768
-1780
13
21
29
1312
1830
308
-194
579
-688
-680
-927
-1939
1129
1647
125
133
141
149
157
-345
428
-1094
-831
1472
-50
-42
-34
-26
-18
-10
-2
-504
1289
-488
-225
-217
-209
-201
-193
-185
-177
-169
1114
1377
-1675
883
-384
-376
-368
-360
-352
-344
939
1457
-320
-1332
461
-41
732
-535
-527
756
1274
-248
-240
-487
-1499
294
302
310
-192
1856
1099
-423
-415
-407
-654
-1666
127
135
143
1426
1434
677
-590
-582
-574
-821
-1833
-40
-32
1251
1769
247
255
-247
526
-741
-988
-2000
-207
1076
1594
72
80
88
96
104
-398
120
-892
1411
-111
-103
-95
-87
-79
-71
-63
-55
973
-39
989
-278
-270
-262
-254
-246
-238
-230
1053
1316
-1226
57
830
-437
-429
-421
-413
-405
878
1396
-126
-373
-1385
408
-94
679
-588
-580
703
1221
-301
-293
-540
-1552
241
249
257
1030
2313
-484
-476
-468
-460
-707
-1719
74
82
1365
1883
361
-141
632
-635
-627
-874
-1886
-93
1190
1708
186
194
202
-300
473
-794
-1041
-2053
1015
1533
11
19
27
35
43
51
-451
67
-945
1358
-164
-156
-148
-140
-132
-124
-116
-108
920
-92
936
-331
-323
-315
-307
-299
-291
992
1510
-267
-1279
514
12
785
-482
-474
-466
817
1335
-187
-434
-1446
347
355
-147
626
-641
642
1160
-362
-354
-601
-1613
180
188
196
204
977
2260
-537
-529
-521
-768
-1780
13
21
29
1312
1830
308
-194
579
-688
-680
-927
-1939
1129
1647
125
133
141
149
157
-345
428
-1094
-831
1472
-50
-42
-34
-26
-18
-10
-2
-504
1289
-488
-225
-217
-209
-201
-193
-185
-177
-169
1114
1377
-1675
883
-384
-376
-368
-360
-352
-344
939
1457
-320
-1332
461
-41
732
-535
-527
756
1274
-248
-240
-487
-1499
294
302
310
-192
1856
1099
-423
-415
-407
-654
-1666
127
135
143
1426
1434
677
-590
-582
-574
-821
-1833
-40
-32
1251
1769
247
255
-247
526
-741
-988
-2000
-207
1076
1594
72
80
88
96
104
-398
120
-892
1411
-111
-103
-95
-87
-79
-71
-63
-55
973
-39
1269
-1270
16
792
-472
-461
-450
-439
847
1368
-406
-1415
381
-118
658
-606
680
1201
-318
-307
-551
-1560
236
247
-252
1799
1045
-474
-463
-452
-696
-1705
91
102
1388
1399
645
-619
-608
-597
-841
-1850
-54
1232
1753
234
245
-254
522
-997
-2006
-210
1076
1597
78
89
100
111
-388
133
-876
1430
-89
-78
-67
-56
-45
-34
-23
498
764
-245
-234
-223
-212
-201
-190
-179
1107
1373
-1676
885
-379
-368
-357
-346
-335
951
1472
-302
-1311
-25
751
-513
-502
-491
795
1316
-458
-1467
329
340
-159
617
628
1149
-370
-359
-603
-1612
184
195
206
982
2268
-526
-515
-504
-748
-1757
39
50
1336
1857
-172
604
-660
-649
-893
-1902
-106
1180
1701
182
193
-306
470
-794
-1038
-2047
1024
1545
26
37
48
59
-440
81
-928
1378
-141
-130
-119
-108
-97
-86
-75
446
712
-297
-286
-275
-264
-253
-242
-231
1055
1321
-1728
833
-431
-420
-409
-398
-387
899
1420
-354
-1363
433
-66
710
-554
-543
743
1264
-255
-499
-1508
288
299
-200
1851
1097
-422
-411
-655
-1664
132
143
154
1440
1451
697
-567
-556
-800
-1809
-13
-2
1284
1805
286
-213
563
-701
-945
-1954
-158
1128
1649
130
141
152
-347
429
-1090
-824
1482
-37
-26
-15
-4
7
18
-481
1315
-459
-193
-182
-171
-160
-149
-138
-127
1159
915
-859
-338
-327
-316
-305
-294
-283
1003
1269
-1270
16
792
-472
-461
-450
-439
847
1368
-406
-1415
381
-118
658
-606
680
1201
-318
-307
-551
-1560
236
247
-252
1799
1045
-474
-463
-452
-696
-1705
91
102
1388
1399
645
-619
-608
-597
-841
-1850
-54
1232
1753
234
245
-254
522
-997
-2006
-210
1076
1597
78
89
100
111
-388
133
-876
1430
-89
-78
-67
-56
-45
-34
-23
498
764
-245
-234
-223
-212
-201
-190
-179
1107
1373
-1676
885
-379
-368
-357
-346
-335
951
1472
-302
-1311
-25
751
-513
-502
-491
795
1316
-458
-1467
329
340
-159
617
628
1149
-370
-359
-603
-1612
184
195
206
982
2268
-526
-515
-504
-748
-1757
39
50
1336
1857
-172
604
-660
-649
-893
-1902
-106
1180
1701
182
193
-306
470
-794
-1038
-2047
1024
1545
26
37
48
59
-440
81
-928
1378
-141
-130
-119
-108
-97
-86
-75
446
712
-1769
795
-466
-452
-438
-424
865
1389
-382
-1388
-99
680
-581
-567
722
1246
-525
-1531
268
282
-214
565
579
1103
-413
-654
-1660
139
153
167
946
2235
-556
-542
-783
-1789
10
24
1313
1837
-189
590
-671
-912
-1918
1156
1680
164
178
-318
461
-800
-1041
-772
1537
21
35
49
63
-433
91
-915
1394
-122
-108
-94
-80
-66
-52
472
741
-265
-251
-237
-223
-209
-195
1094
1363
-1683
881
-380
-366
-352
-338
951
1475
-296
-1302
-13
766
-495
-481
808
1332
-184
-425
-1431
-142
637
-624
665
1189
-327
-568
-1574
225
239
-257
1797
1046
-470
-456
-697
-1703
96
110
1399
1413
662
-599
-585
-826
-1832
-33
1256
1780
264
-232
547
-714
-955
-1961
1113
1637
121
135
149
-347
432
-1084
-815
1494
-22
-8
6
20
-476
48
-958
1351
-165
-151
-137
-123
-109
-95
429
698
-308
-294
-280
-266
-252
-238
1051
1320
-1726
838
-423
-409
-395
-381
908
1432
-339
-1345
-56
723
-538
-524
765
1289
-227
-468
-1474
325
-171
608
622
1146
-370
-611
-1617
182
196
-300
1754
1003
-513
-499
-740
-1746
53
67
1356
1370
619
-642
-628
-869
-1875
-76
1213
1737
221
-275
504
-757
-998
-2004
1070
1594
78
92
106
-390
134
-2147
927
1451
-65
-51
-37
-23
-9
-760
274
1308
-208
-194
-180
-166
-152
-138
896
-110
924
-337
-323
-309
-295
-281
1008
1277
-1769
795
-466
-452
-438
-424
865
1389
-382
-1388
-99
680
-581
-567
722
1246
-525
-1531
268
282
-214
565
579
1103
-413
-654
-1660
139
153
167
946
2235
-556
-542
-783
-1789
10
24
1313
1837
-189
590
-671
-912
-1918
1156
1680
164
178
-318
461
-800
-1041
-772
1537
21
35
49
63
-433
91
-915
1394
-122
-108
-94
-80
-66
-52
472
741
-265
-251
-237
-223
-209
-195
1094
1363
-1683
881
-380
-366
-352
-338
951
1475
-296
-1302
-13
766
-495
-481
808
1332
-184
-425
-1431
-142
637
-624
665
1189
-327
-568
-1574
225
239
-257
1797
1046
-470
-456
-697
-1703
96
110
1399
1413
662
-599
-585
-826
-1832
-33
1256
1780
264
-232
547
-714
-955
-1961
1113
1637
121
135
149
-347
432
-1084
-815
1494
-22
-8
6
20
-476
48
-958
1351
-165
-151
-137
-123
-109
-95
429
698
803
-455
-438
-421
871
1398
-370
-1373
-81
701
-557
735
1262
-251
-489
-1492
-200
582
-676
616
1143
-370
-608
-1611
191
-302
1755
1007
-506
-489
-727
-1730
72
1364
1381
633
-625
-608
-846
-1849
1228
1755
242
-251
531
-982
-1985
-183
1109
1636
123
140
-353
174
-2104
973
1500
-13
4
21
-472
55
-948
1364
-149
-132
-115
-98
-81
-829
208
1245
-268
-251
-234
-217
-200
837
-166
871
-387
-370
-353
-336
956
1228
-1305
-13
769
-489
-472
820
1347
-421
-1424
378
-115
667
-591
701
1228
-540
-1543
259
-234
548
565
1092
-421
-659
-1662
140
157
939
2231
-557
-540
-778
-1781
21
38
1330
1347
599
-659
-897
-1900
-98
1194
1721
208
-285
497
-1016
-2019
1058
1585
72
89
106
-387
140
-863
1449
-64
-47
-30
-13
-506
21
-982
1330
-183
-166
-149
-132
-115
412
684
-319
-302
-285
-268
-251
1041
1313
-1730
837
-421
-404
-387
-370
922
1194
-1339
-47
735
-523
-506
786
1313
-455
-1458
344
-149
633
650
1177
-336
-574
-1577
225
-268
1789
1041
-472
-455
-693
-1696
106
123
905
2197
-591
-574
-812
-1815
-13
1279
1806
-217
565
-693
-931
-1934
1143
1670
157
174
-319
463
-1050
-2053
1024
1551
38
55
-438
344
-1169
-897
1415
-98
-81
-64
-47
-540
1262
-506
-234
-217
-200
-183
-166
1126
888
-880
-353
-336
-319
-302
-285
1007
1279
-1764
803
-455
-438
-421
871
1398
-370
-1373
-81
701
-557
735
1262
-251
-489
-1492
-200
582
-676
616
1143
-370
-608
-1611
191
-302
1755
1007
-506
-489
-727
-1730
72
1364
1381
633
-625
-608
-846
-1849
1228
1755
242
-251
531
-982
-1985
-183
1109
1636
123
140
-353
174
-2104
973
1500
-13
4
21
-472
55
-948
1364
-149
-132
-115
-98
-81
-829
208
1245
-268
-251
-234
-217
-200
837
-166
871
-387
-370
-353
-336
956
1228
-1305
-13
769
-489
-472
820
1347
-421
-1424
378
-115
667
-591
701
1228
-540
-1543
259
-234
548
565
1092
-421
-659
-1662
140
157
939
2231
-557
-540
-778
-1781
21
38
1330
1347
599
-659
-897
-1900
-98
1194
1721
208
-285
497
-1016
-2019
1058
1585
72
89
106
-387
140
-863
1449
-64
-47
-30
-13
-506
21
-982
1330
-183
-166
-149
-132
-115
412
684
-450
-430
-410
885
1160
-1370
-75
710
-545
750
1280
-485
-1485
320
-170
615
635
1165
-345
-580
-1580
225
-265
1795
1050
-460
-695
-1695
110
1405
1425
680
-575
-810
-1810
-5
1290
1820
-200
585
-925
-1925
-120
1175
1705
-315
470
-785
-1020
-2020
1060
1590
80
-410
375
-1135
-860
1455
-55
-35
-15
-505
25
-975
1340
-170
-150
-130
-110
-600
1205
-560
-285
-265
-245
-225
1070
835
-930
-400
-380
-360
-340
955
1230
-1810
760
-495
-475
-455
840
1115
-1415
-120
665
-590
-570
725
1255
-510
-1510
-215
570
590
1120
-390
-625
-1625
180
-310
1750
1005
-505
-740
-1740
65
85
870
2165
-620
-600
-835
-1835
1245
1775
-245
540
-715
-950
-1950
1130
1660
150
-340
445
-1065
-2065
1015
1545
35
55
-435
95
-905
1410
-100
-80
-60
-40
-530
1275
-490
-215
-195
-175
-155
-135
395
670
-330
-310
-290
-270
-250
790
-210
830
-425
-405
-385
910
1440
-325
-1835
735
-520
-500
795
1325
-440
-1440
-145
640
-615
680
1210
-555
-1555
250
-240
1820
1075
-435
-670
-1670
135
155
940
2235
-550
-530
-765
-1765
40
1335
1355
610
-645
-880
-1880
-75
1220
1750
-270
515
-995
-1995
1085
1615
105
125
-365
420
-1090
-815
1500
-10
10
30
-460
70
-930
1385
-125
-105
-85
-65
465
740
-260
-240
-220
-200
-180
860
-140
900
-355
-335
-315
-295
1000
1275
-1765
805
-450
-430
-410
885
1160
-1370
-75
710
-545
750
1280
-485
-1485
320
-170
615
635
1165
-345
-580
-1580
225
-265
1795
1050
-460
-695
-1695
110
1405
1425
680
-575
-810
-1810
-5
1290
1820
-200
585
-925
-1925
-120
1175
1705
-315
470
-785
-1020
-2020
1060
1590
80
-410
375
-1135
-860
1455
-55
-35
-15
-505
25
-975
1340
-170
-150
-130
-110
-600
1205
-560
-285
-265
-245
-225
1070
835
-930
-400
-380
-360
-340
955
1230
-1810
760
-495
-475
-455
840
1115
-1415
-120
665
-590
-570
725
1255
-510
-1510
-215
570
590
1120
-390
-625
-1625
180
-310
1750
1005
-505
-740
-1740
65
85
870
2165
-620
-600
-835
-1835
1245
1775
-245
540
-715
-950
-1950
1130
1660
150
-340
445
-1065
-2065
1015
1545
35
55
-435
95
-905
1410
-100
-80
-60
-40
-530
1275
-490
-215
-195
-175
-155
-135
395
670
-428
870
1403
-359
-1866
707
-545
-522
776
1054
-1473
-175
613
-639
659
1192
-570
-1567
241
-246
1817
1075
-432
-664
-1661
147
935
2233
-549
-781
-1778
30
1328
1351
609
-643
-875
-1872
-64
1234
1257
515
-737
-969
-1966
1117
1650
143
-344
444
-1063
-785
1533
26
49
-438
95
-902
1416
-91
-68
-45
-532
1
-996
1322
-185
-162
-139
-116
417
695
-302
-279
-256
-233
810
-187
856
-396
-373
-350
948
1226
-1811
762
-490
-467
831
1364
-398
-1905
668
-584
-561
737
1270
-492
-1489
-191
597
620
1153
-609
-1606
202
-285
1778
1036
-471
-703
-1700
108
896
2194
-588
-565
-797
-1794
14
1312
1335
593
-914
-1911
-103
1195
1728
-289
499
-1008
-2005
1078
1611
104
-383
405
-1102
-824
1494
-13
10
-477
56
-941
1377
-130
-107
-84
-61
-803
240
1283
-224
-201
-178
-155
378
656
-341
-318
-295
-272
1026
794
-968
-435
-412
-389
909
1187
-1340
-42
746
-506
-483
815
1093
-1434
-136
652
-600
698
1231
-531
-1528
-230
558
581
1114
-648
-1645
163
-324
1739
997
-510
-742
-1739
69
1367
1390
648
-604
-836
-1833
-25
1273
1296
554
-698
-930
-1927
1156
1689
-328
460
-1047
-2044
1039
1572
65
88
-399
134
-863
1455
-52
-29
-6
-493
1315
-447
-169
-146
-123
-100
-842
201
1244
-263
-240
-217
-194
339
617
-380
-357
-334
-311
987
1265
-1772
801
-451
-428
870
1403
-359
-1866
707
-545
-522
776
1054
-1473
-175
613
-639
659
1192
-570
-1567
241
-246
1817
1075
-432
-664
-1661
147
935
2233
-549
-781
-1778
30
1328
1351
609
-643
-875
-1872
-64
1234
1257
515
-737
-969
-1966
1117
1650
143
-344
444
-1063
-785
1533
26
49
-438
95
-902
1416
-91
-68
-45
-532
1
-996
1322
-185
-162
-139
-116
417
695
-302
-279
-256
-233
810
-187
856
-396
-373
-350
948
1226
-1811
762
-490
-467
831
1364
-398
-1905
668
-584
-561
737
1270
-492
-1489
-191
597
620
1153
-609
-1606
202
-285
1778
1036
-471
-703
-1700
108
896
2194
-588
-565
-797
-1794
14
1312
1335
593
-914
-1911
-103
1195
1728
-289
499
-1008
-2005
1078
1611
104
-383
405
-1102
-824
1494
-13
10
-477
56
-941
1377
-130
-107
-84
-61
-803
240
1283
-224
-201
-178
-155
378
656
869
1150
-1374
-73
718
-531
770
1306
-453
-1957
619
-630
671
1207
-552
-1546
-245
546
572
1108
-651
-1645
166
-318
1748
1009
-750
-1744
67
858
2159
-620
-849
-1843
-32
1269
1295
556
-693
-922
-1916
1170
1706
-308
483
-1021
-2015
1071
1607
103
-381
155
-839
1482
-22
4
-480
56
-938
1383
-121
-95
-69
-553
1258
-501
-220
-194
-168
-142
394
675
-319
-293
-267
-241
295
576
-418
-392
-366
935
1216
-1818
758
-491
-465
836
1117
-1407
-106
685
-564
737
1273
-486
-1480
-179
612
638
1174
-585
-1579
-278
513
539
1075
-684
-1678
133
924
2225
-554
-783
-1777
34
1335
1361
622
-627
-856
-1850
1236
1262
523
-726
-955
-1949
1137
1673
-341
450
-1054
-2048
1038
1574
70
-414
122
-872
1449
-55
-29
-513
23
-971
1350
-154
-128
-102
-586
1225
-534
-253
-227
-201
-175
361
642
-352
-326
-300
-274
772
-222
824
-425
-399
902
1183
-1851
725
-524
-498
803
1339
-420
-1924
652
-597
704
1240
-519
-1513
-212
579
605
1141
-618
-1612
-311
480
506
1042
-717
-1711
100
891
2192
-587
-816
-1810
1
1302
1328
589
-660
-889
-1883
1203
1739
-275
516
-988
-1982
1104
1640
-374
417
-1087
-2081
1005
1541
37
-447
89
-905
1416
-88
-62
-36
-775
271
1317
-187
-161
-135
-619
1192
-567
-286
-260
-234
-208
328
609
-385
-359
-333
-307
739
-255
791
-458
-432
869
1150
-1374
-73
718
-531
770
1306
-453
-1957
619
-630
671
1207
-552
-1546
-245
546
572
1108
-651
-1645
166
-318
1748
1009
-750
-1744
67
858
2159
-620
-849
-1843
-32
1269
1295
556
-693
-922
-1916
1170
1706
-308
483
-1021
-2015
1071
1607
103
-381
155
-839
1482
-22
4
-480
56
-938
1383
-121
-95
-69
-553
1258
-501
-220
-194
-168
-142
394
675
-319
-293
-267
-241
295
576
-418
-392
-366
935
1216
-1818
758
-491
-465
836
1117
-1407
-106
685
-564
737
1273
-486
-1480
-179
612
638
1174
-585
-1579
-278
513
539
1075
-684
-1678
133
924
2225
-554
-783
-1777
34
1335
1361
622
-627
-856
-1850
1236
1262
523
-726
-955
-1949
1137
1673
-341
450
-1054
-2048
1038
1574
70
-414
122
-872
1449
-55
-29
-513
23
-971
1350
-154
-128
-102
-586
1225
-534
-253
-227
-201
-175
361
642
1146
-1885
694
-552
-523
781
1065
-1456
-152
642
671
1210
-546
-1537
-233
561
590
1129
-627
-1618
-314
1755
1019
-482
-708
-1699
-395
1674
938
-818
-1809
5
799
2103
-673
-899
-1890
1199
1738
-273
521
-980
-1971
1118
1657
-354
440
-1061
-777
1547
46
-435
104
-2162
927
1466
-35
-516
23
-968
1356
-145
-116
-87
-823
226
1275
-226
-197
-168
371
655
-336
-307
-278
1026
800
-956
-417
-388
-359
690
-301
748
-498
-469
835
1119
-1912
667
-579
-550
754
1038
-1483
-179
615
644
1183
-573
-1564
-260
534
563
1102
-654
-1645
-341
1728
992
-764
-1755
59
853
2157
-619
-845
-1836
-22
1282
1311
575
-926
-1917
1172
1711
-300
494
-1007
-1998
1091
1630
-381
413
-1088
-804
1520
19
-462
77
-914
1410
-91
-62
-543
-4
-995
1329
-172
-143
-114
425
709
-282
-253
-224
-195
344
628
-363
-334
-305
999
773
-983
-444
-415
-386
663
-328
721
-525
-496
808
1092
-1429
-125
669
698
1237
-519
-1510
-206
588
617
1156
-600
-1591
-287
1782
1046
-455
-681
-1672
-368
1701
965
-791
-1782
32
826
2130
-646
-872
-1863
-49
1255
1284
548
-953
-1944
1145
1684
-327
467
-1034
-750
1574
73
-408
386
-1115
-831
1493
-8
-489
50
-941
1383
-118
-89
-570
-31
-1022
1302
-199
-170
-141
398
682
-309
-280
-251
-222
317
601
-390
-361
-332
972
746
-1010
-471
-442
862
1146
-1885
694
-552
-523
781
1065
-1456
-152
642
671
1210
-546
-1537
-233
561
590
1129
-627
-1618
-314
1755
1019
-482
-708
-1699
-395
1674
938
-818
-1809
5
799
2103
-673
-899
-1890
1199
1738
-273
521
-980
-1971
1118
1657
-354
440
-1061
-777
1547
46
-435
104
-2162
927
1466
-35
-516
23
-968
1356
-145
-116
-87
-823
226
1275
-226
-197
-168
371
655
-336
-307
-278
1026
800
-956
-417
-388
-359
690
-301
748
-498
-469
835
1119
-1912
667
-579
-550
754
1038
-1483
-179
615
644
1183
-573
-1564
-260
534
563
1102
-654
-1645
-341
1728
992
-764
-1755
59
853
2157
-619
-845
-1836
-22
1282
1311
575
-926
-1917
1172
1711
-300
494
-1007
-1998
1091
1630
-381
413
-1088
-804
1520
19
-462
77
-914
1410
-91
-62
-543
-4
-995
1329
-172
-143
-114
425
709
-282
-253
-224
-195
344
628
-362
690
-553
-521
786
1073
-1955
627
-616
691
978
-1540
-233
564
596
1138
-615
-1603
-296
1776
1043
-710
-1698
119
916
2223
-550
-773
-1761
821
2128
-645
-868
-1856
1236
1268
535
-963
-1951
1141
1683
-325
472
-1026
-2014
1078
1620
-388
154
-2109
983
1525
-483
314
-1184
-897
1430
-68
-546
-4
-992
1335
-163
-131
-609
1208
-545
-258
-226
-194
348
635
-353
-321
-289
763
-225
827
-416
-384
923
700
-1053
-511
-479
828
1115
-1913
669
-574
733
1275
-478
-1976
606
-637
670
957
-1561
-254
543
575
1117
-636
-1624
-317
1755
1022
-731
-1719
-412
1660
927
-826
-1814
3
800
2107
-666
-889
-1877
1215
1247
514
-984
-1972
1120
1662
-346
451
-1047
-760
1567
69
-409
133
-855
1472
-26
-504
38
-950
1377
-121
-89
-567
-25
-1013
1314
-184
-152
-885
167
1219
-279
-247
-215
327
614
-374
-342
-310
742
-246
806
-437
-405
902
679
-1074
-532
-500
807
1094
-1934
648
-595
712
999
-1519
-212
585
617
1159
-594
-1582
-275
1797
1064
-689
-1677
140
937
2244
-529
-752
-1740
-433
1639
906
-847
-1835
-18
779
2086
-687
-910
-1898
1194
1226
493
-1005
-1993
1099
1641
-367
175
-2088
1004
1546
48
-430
112
-876
1451
-47
-525
17
-971
1356
-142
-110
-588
1229
-524
-237
-205
-173
369
656
-332
-300
-268
1039
816
-937
-395
-363
-331
721
-267
785
-458
-426
626
-362
690
-553
-521
786
1073
-1955
627
-616
691
978
-1540
-233
564
596
1138
-615
-1603
-296
1776
1043
-710
-1698
119
916
2223
-550
-773
-1761
821
2128
-645
-868
-1856
1236
1268
535
-963
-1951
1141
1683
-325
472
-1026
-2014
1078
1620
-388
154
-2109
983
1525
-483
314
-1184
-897
1430
-68
-546
-4
-992
1335
-163
-131
-609
1208
-545
-258
-226
-194
348
635
-353
-321
-289
763
-225
827
-416
-384
923
700
-1053
-511
-479
828
1115
-1913
669
-574
733
1275
-478
-1976
606
-637
670
957
-1561
-254
543
575
1117
-636
-1624
-317
1755
1022
-731
-1719
-412
1660
927
-826
-1814
3
800
2107
-666
-889
-1877
1215
1247
514
-984
-1972
1120
1662
-346
451
-1047
-760
1567
69
-409
133
-855
1472
-26
-504
38
-950
1377
-121
-89
-567
-25
-1013
1314
-184
-152
-885
167
1219
-279
-247
-215
327
614
-1105
-560
-525
785
1075
-1950
635
-605
705
995
-2030
555
590
1135
-615
-1600
-290
1785
1055
-695
-1680
-370
1705
975
-775
-1760
60
860
2170
-855
-1840
-20
780
2090
-935
-1920
1175
1210
480
-1015
-2000
1095
1640
-365
435
-1060
-770
1560
-445
355
-1140
-850
1480
-15
-490
55
-930
1400
-95
-570
1250
-500
-210
-175
-140
405
695
-290
-255
-220
325
615
-370
-335
-300
245
535
-450
-415
-380
675
-310
745
-495
-460
595
-390
665
-575
735
1025
-1490
-180
620
655
1200
-550
-2045
540
575
1120
-630
-1615
-305
1770
1040
-710
-1695
-385
1690
960
-790
-1775
810
2120
-650
-870
-1855
1240
1275
545
-950
-1935
1160
1195
465
-1030
-2015
1080
1625
-380
165
-2095
1000
1545
-460
85
-900
1430
-65
-540
5
-980
1350
-145
-110
-585
1235
-515
-225
-190
-665
1155
-595
-305
-270
-235
310
600
-385
-350
-315
230
520
-465
-430
880
1170
-1855
730
-510
800
1090
-1935
650
-590
720
1010
-2015
570
-670
640
930
-1585
-275
525
560
850
-1665
-355
1720
990
-760
-1745
75
875
2185
-585
-805
-1790
795
2105
-665
-885
-1870
1225
1260
530
-965
-1950
1145
1180
450
-1045
-755
1575
-430
370
-1125
-835
1495
0
-475
70
-915
1415
-80
-555
-10
-995
1335
-160
-125
-855
200
1255
-240
-205
340
630
-355
-320
-285
770
-215
840
-400
-365
945
725
-1025
-480
-445
865
645
-1105
-560
-525
785
1075
-1950
635
-605
705
995
-2030
555
590
1135
-615
-1600
-290
1785
1055
-695
-1680
-370
1705
975
-775
-1760
60
860
2170
-855
-1840
-20
780
2090
-935
-1920
1175
1210
480
-1015
-2000
1095
1640
-365
435
-1060
-770
1560
-445
355
-1140
-850
1480
-15
-490
55
-930
1400
-95
-570
1250
-500
-210
-175
-140
405
695
-290
-255
-220
325
615
-370
-335
-300
245
535
-450
-415
-380
675
-310
745
-495
-460
595
-390
665
-575
735
1025
-1490
-180
620
655
1200
-550
-2045
540
575
1120
-630
-1615
-305
1770
1040
-710
-1695
-385
1690
960
-790
-1775
810
2120
-650
-870
-1855
1240
1275
545
-950
-1935
1160
1195
465
-1030
-2015
1080
1625
-380
165
-2095
1000
1545
-460
85
-900
1430
-65
-540
5
-980
1350
-145
-110
-585
1235
-515
-225
-190
-665
1155
-595
-305
-270
-235
310
600
702
-535
778
1071
-1951
637
675
1223
-524
-2016
572
610
903
-1609
-296
507
545
838
-1674
-361
1717
990
-757
-1739
-426
1652
925
-822
-1804
784
2097
-670
-887
-1869
719
2032
-990
-1972
1126
1164
437
-1055
-2037
1061
1609
-393
155
-827
1506
14
-458
90
-892
1441
-51
-523
1300
-447
-154
-116
-843
215
1273
-219
-181
-908
150
1208
-284
-246
302
595
-387
-349
-311
237
530
-452
-414
899
682
-1065
-517
-479
834
617
-1130
-582
731
1024
-1998
590
-647
666
959
-1553
-240
1838
1111
-636
-1618
-305
1773
1046
-701
-1683
-370
1708
981
-766
-1748
840
2153
-869
-1851
-28
775
2088
-934
-1916
1182
1220
493
-999
-1981
1117
1155
428
-1064
-771
1562
-440
363
-1129
-836
1497
-505
43
-939
1394
-98
-570
-22
-1004
1329
-163
-125
-852
206
1264
-228
-190
358
651
-331
-293
-255
293
586
-396
-358
955
738
-1009
-461
-423
635
-347
711
-526
787
1080
-1942
646
-591
722
1015
-2007
581
619
1167
-580
-2072
516
554
1102
-645
-2137
451
489
782
-1730
-417
1661
934
-813
-1795
28
831
2144
-878
-1860
1238
1276
549
-943
-1925
1173
1211
484
-1008
-715
1618
-384
164
-2093
1005
1553
-449
99
-883
1450
-42
-514
34
-948
1385
-107
-579
-31
-1013
1320
-172
-644
1179
-568
-275
-237
-964
94
1152
-340
-302
246
539
-443
-405
-367
691
-291
767
-470
843
1136
-1886
702
-535
778
1071
-1951
637
675
1223
-524
-2016
572
610
903
-1609
-296
507
545
838
-1674
-361
1717
990
-757
-1739
-426
1652
925
-822
-1804
784
2097
-670
-887
-1869
719
2032
-990
-1972
1126
1164
437
-1055
-2037
1061
1609
-393
155
-827
1506
14
-458
90
-892
1441
-51
-523
1300
-447
-154
-116
-843
215
1273
-219
-181
-908
150
1208
-284
-246
302
595
-387
-349
-311
237
530
-452
-414
899
682
-1065
-517
-479
834
617
-1130
-582
731
1024
-1998
590
-647
666
959
-1553
-240
1838
1111
-636
-1618
-305
1773
1046
-701
-1683
-370
1708
981
-766
-1748
840
2153
-869
-1851
-28
775
2088
-934
-1916
1182
1220
493
-999
-1981
1117
1155
428
-1064
-771
1562
-440
363
-1129
-836
1497
-505
43
-939
1394
-98
-570
-22
-1004
1329
-163
-125
-852
206
1264
-228
-190
358
651
-331
-293
-255
293
586
-551
765
1061
-1958
633
674
970
-1539
-223
583
624
920
-2099
492
533
1084
-660
-2149
1717
993
-751
-1730
-414
1667
943
-801
-1780
811
2127
-892
-1871
1230
1271
547
-942
-1921
670
1986
-1033
-2012
1089
1130
406
-1083
-787
1549
-450
101
-2153
948
1499
-500
51
-928
1408
-81
-805
256
1317
-172
-641
-90
-1069
1267
-222
-691
1135
-609
-313
-272
279
575
-404
-363
-322
229
525
-454
-413
648
-331
730
-504
812
1108
-1911
680
721
1017
-2002
589
-645
671
967
-2052
539
580
876
-1633
-317
1764
1040
-704
-1683
-367
1714
990
-754
-1733
858
2174
-845
-1824
767
2083
-681
-895
-1874
717
2033
-986
-1965
1136
1177
453
-1036
-740
1596
-403
148
-2106
995
1546
-453
98
-881
1455
-544
7
-972
1364
-125
-594
-43
-1022
1314
-175
-644
1182
-562
-266
-225
326
622
-357
-316
-275
276
572
-407
-366
695
-284
777
-457
859
645
-1099
-548
-507
554
-425
636
-598
718
1014
-2005
586
627
923
-1586
-270
536
577
873
-1636
-320
1761
1037
-707
-2196
1670
946
-798
-1777
-461
1620
896
-848
-1827
764
2080
-939
-1918
1183
1224
500
-989
-1968
1133
1174
195
-2059
1042
1083
359
-1130
-834
1502
-497
54
-925
1411
-78
-547
4
-975
1361
-128
-597
1229
-515
-219
-178
373
669
-310
-269
-738
1088
-656
-360
-319
232
528
-451
-410
906
692
-1052
-501
-460
601
-378
683
-551
765
1061
-1958
633
674
970
-1539
-223
583
624
920
-2099
492
533
1084
-660
-2149
1717
993
-751
-1730
-414
1667
943
-801
-1780
811
2127
-892
-1871
1230
1271
547
-942
-1921
670
1986
-1033
-2012
1089
1130
406
-1083
-787
1549
-450
101
-2153
948
1499
-500
51
-928
1408
-81
-805
256
1317
-172
-641
-90
-1069
1267
-222
-691
1135
-609
-313
-272
279
575
-404
-363
-322
229
525
-454
-413
648
-331
730
-504
812
1108
-1911
680
721
1017
-2002
589
-645
671
967
-2052
539
580
876
-1633
-317
1764
1040
-704
-1683
-367
1714
990
-754
-1733
858
2174
-845
-1824
767
2083
-681
-895
-1874
717
2033
-986
-1965
1136
1177
453
-1036
-740
1596
-403
148
-2106
995
1546
-453
98
-881
1455
-544
7
-972
1364
-125
-594
-43
-1022
1314
-175
-644
1182
-562
-266
-225
326
622
-357
-316
-275
276
572
746
1045
-1971
623
667
966
-2050
544
-687
632
931
-2085
509
553
852
-1654
-335
1749
773
-1733
-414
1670
949
-792
-1768
826
2145
-871
-1847
747
2066
-950
-1926
1178
1222
501
-985
-686
1143
422
-1064
-765
1574
-422
132
-2119
985
1029
308
-1178
-879
1460
-536
18
-958
1381
-615
-61
-1037
1302
-184
-650
1179
-562
-263
-219
335
634
-342
-298
256
555
-421
-377
942
731
-1010
-456
863
652
-1089
-535
-491
573
-403
661
-570
494
-482
582
-649
670
969
-2047
547
591
890
-2126
468
512
811
-1695
-376
1708
987
-754
-1730
864
2183
-833
-1809
785
2104
-912
-1888
1216
1260
539
-947
-1923
671
1990
-1026
-2002
1102
1146
170
-2081
1023
1067
346
-1140
-841
1498
-498
56
-920
1419
-577
-23
-999
1340
-146
-612
1217
-524
-225
-181
373
672
-304
-260
-981
83
1147
-339
-295
259
558
-418
-374
180
479
-497
-453
611
-365
699
-532
787
576
-1165
-611
708
1007
-2009
585
629
928
-2088
506
550
1104
-637
-2123
1746
1025
-716
-1692
-373
1711
735
-1771
-452
1632
911
-830
-1806
788
2107
-909
-1885
709
2028
-988
-1964
1140
1184
463
-1023
-724
1105
384
-1102
-803
1536
-460
94
-882
1457
-539
15
-961
1378
-108
-574
-20
-996
1343
-143
-864
200
1264
-222
-943
121
1185
-301
-257
297
596
-380
-336
218
517
-459
-415
649
-327
737
-494
825
614
-1127
-573
746
1045
-1971
623
667
966
-2050
544
-687
632
931
-2085
509
553
852
-1654
-335
1749
773
-1733
-414
1670
949
-792
-1768
826
2145
-871
-1847
747
2066
-950
-1926
1178
1222
501
-985
-686
1143
422
-1064
-765
1574
-422
132
-2119
985
1029
308
-1178
-879
1460
-536
18
-958
1381
-615
-61
-1037
1302
-184
-650
1179
-562
-263
-219
335
634
-342
-298
256
555
-421
-377
942
731
-1010
-456
863
652
-1089
-535
-491
573
-403
661
-570
494
-482
582
-649
670
969
-2047
547
591
890
-2126
468
512
811
-1695
-376
1708
987
-754
-1730
864
2183
-833
-1809
785
2104
-912
-1888
1216
1260
539
-947
-1923
671
1990
-1026
-2002
1102
1146
170
-2081
1023
1067
346
-1140
-841
1498
-498
56
-920
1419
-577
-23
-999
1340
-146
-612
1217
-524
-225
-181
373
672
-304
-260
-981
83
1147
-339
-295
259
558
513
-460
607
-621
446
-527
540
-688
634
936
-2077
1795
1077
-661
-2144
1728
1010
-728
-2211
1661
943
-795
-1768
829
2151
-862
-1835
762
2084
-929
-1902
695
2017
-996
-1969
1138
1185
212
-2036
1071
1118
145
-2103
1004
1051
333
-1150
-848
1494
-499
58
-915
1427
-566
-9
-982
1360
-633
-76
-1049
1293
-190
367
669
-304
-257
300
602
-371
-324
233
535
-438
-391
676
-297
770
-458
609
-364
703
-525
797
589
-1149
-592
730
522
-1216
-659
663
965
-2048
549
596
898
-2115
482
529
831
-2182
415
462
764
-1739
-417
1670
697
-1806
-484
1603
630
-1873
724
2046
-967
-1940
1167
1214
496
-987
-685
1147
429
-1054
-752
1080
362
-1121
-819
1523
-470
87
-886
1456
-537
20
-953
1389
-604
-47
-1020
1322
-161
-879
188
1255
-228
-946
121
1188
-295
-758
1074
-664
-362
-315
242
544
-429
-382
175
477
-496
826
618
-1120
-563
759
1061
-1952
645
692
994
-2019
578
625
927
-2086
511
558
860
-1643
-321
1766
793
-1710
-388
1699
981
-757
-2240
1632
914
-824
-1797
800
2122
-891
-1864
733
2055
-958
-1931
666
1988
-1025
-1998
1109
1156
183
-2065
1042
1089
116
-857
1485
-508
49
-924
1418
-575
-18
-991
1351
-132
-595
1237
-501
-199
-662
1170
-568
-266
-729
1103
-635
-333
-286
271
573
-400
-353
204
506
-467
-420
137
439
-534
-487
580
-393
674
-554
513
-460
607
-621
446
-527
540
-688
634
936
-2077
1795
1077
-661
-2144
1728
1010
-728
-2211
1661
943
-795
-1768
829
2151
-862
-1835
762
2084
-929
-1902
695
2017
-996
-1969
1138
1185
212
-2036
1071
1118
145
-2103
1004
1051
333
-1150
-848
1494
-499
58
-915
1427
-566
-9
-982
1360
-633
-76
-1049
1293
-190
367
669
-304
-257
300
602
-371
-324
233
535
-438
-391
676
-297
770
-458
609
-364
703
-525
797
589
-1149
-592
730
522
-1216
-659
663
965
-2048
549
596
898
-2115
482
529
831
-2182
415
462
764
-1739
-417
1670
697
-1806
-484
1603
630
-1873
724
2046
-967
-1940
1167
1214
496
-987
-685
1147
429
-1054
-752
1080
362
-1121
-819
1523
-470
87
-886
1456
-537
20
-953
1389
-604
-47
-1020
1322
-161
-879
188
1255
-228
-946
121
1188
-295
-758
1074
-664
-362
-315
242
544
535
-1200
-640
685
480
-1255
-695
630
935
-2075
1800
830
-1670
-345
1745
775
-1725
-400
1690
720
-1780
-455
1635
665
-1835
765
2090
-920
-1890
710
2035
-975
-1945
655
1980
-1030
-2000
600
1925
-1085
-780
1055
340
-1140
-835
1510
-480
80
-890
1455
-535
25
-945
1400
-590
1245
-490
-185
-645
1190
-545
-240
-955
115
1185
-295
-1010
60
1130
-350
210
515
-455
-405
155
460
-510
-460
100
405
-565
-515
555
-415
655
705
1010
-2000
600
650
955
-2055
545
595
900
-2110
490
540
845
-2165
1710
995
-740
-2220
1655
940
-795
-2275
1600
885
-850
-2330
1545
575
-1925
675
2000
-1010
-1980
1130
1180
210
-2035
1075
1125
155
-2090
1020
1070
100
-870
1475
-515
45
-925
1420
-570
-10
-980
1365
-625
-65
-1035
1310
-680
1155
-580
-275
-735
1100
-635
-330
-280
280
585
-385
-335
225
530
-440
885
680
-1055
-495
575
-395
675
-550
520
-450
620
-605
465
-505
565
615
920
-2090
510
560
865
-2145
455
505
810
-2200
400
450
755
-1745
855
2180
-830
-1800
800
2125
-885
-1855
745
2070
-940
-1910
690
2015
-995
-690
1145
430
-1050
-745
1090
375
-1105
-800
1035
65
-2180
930
980
10
-960
1385
-605
-45
-1015
1330
-150
-865
205
1275
-205
-920
150
1220
-260
300
605
-365
-315
245
550
-420
-370
190
495
-475
-425
135
440
-530
795
590
-1145
-585
740
535
-1200
-640
685
480
-1255
-695
630
935
-2075
1800
830
-1670
-345
1745
775
-1725
-400
1690
720
-1780
-455
1635
665
-1835
765
2090
-920
-1890
710
2035
-975
-1945
655
1980
-1030
-2000
600
1925
-1085
-780
1055
340
-1140
-835
1510
-480
80
-890
1455
-535
25
-945
1400
-590
1245
-490
-185
-645
1190
-545
-240
-955
115
1185
-295
-1010
60
1130
-350
210
515
-455
-405
155
460
-510
-460
100
405
-565
-515
555
-415
655
705
1010
-2000
600
650
955
-2055
545
595
900
-2110
490
540
845
-2165
1710
995
-740
-2220
1655
940
-795
-2275
1600
885
-850
-2330
1545
575
-1925
675
2000
-1010
-1980
1130
1180
210
-2035
1075
1125
155
-2090
1020
1070
100
-870
1475
-515
45
-925
1420
-570
-10
-980
1365
-625
-65
-1035
1310
-680
1155
-580
-275
-735
1100
-635
-330
-280
280
585
-385
-335
225
530
-463
610
663
971
-2036
567
620
928
-2079
1799
832
-2175
428
481
789
-2218
1660
948
-784
-2261
1617
905
-827
-2304
1574
607
-1890
713
2041
-966
-1933
670
1998
-1009
-701
1137
425
-1052
-744
1094
127
-2115
998
1051
84
-883
1465
-522
41
-926
1422
-565
1273
-459
-151
-863
210
1283
-194
-906
167
1240
-747
1091
-641
-333
-790
1048
-684
-376
187
495
-472
-419
144
452
-515
-462
101
409
-558
770
568
-1164
-601
472
-495
578
631
939
-2068
535
588
896
-2111
492
545
853
-2154
1724
757
-1740
-412
1681
714
-1783
820
2148
-859
-1826
777
2105
-902
-1104
2009
-998
-1965
638
1966
-1041
-2008
595
1923
-1084
-776
1062
350
-1127
-819
1019
52
-915
1433
-554
9
-958
1390
-597
-34
-1001
1347
-640
1198
-534
-226
-938
135
1208
-269
294
602
-365
-312
251
559
-408
-355
208
516
-451
622
-345
728
-494
69
377
-590
738
536
-1196
-633
695
493
-1239
-676
397
-570
503
556
864
-2143
460
513
821
-2186
1692
980
-752
-2229
1649
682
-1815
788
2116
-891
-1858
745
2073
-934
-1901
702
2030
-977
-669
1169
202
-2040
1073
1126
159
-808
1540
-447
116
-851
987
275
-1202
-894
944
-23
-990
1358
-629
-66
-1033
1315
-672
1166
-566
-258
-715
1123
-609
-301
-1013
60
1133
-344
219
527
-440
-387
176
484
-483
845
643
-1089
-526
547
-420
653
-569
504
-463
610
663
971
-2036
567
620
928
-2079
1799
832
-2175
428
481
789
-2218
1660
948
-784
-2261
1617
905
-827
-2304
1574
607
-1890
713
2041
-966
-1933
670
1998
-1009
-701
1137
425
-1052
-744
1094
127
-2115
998
1051
84
-883
1465
-522
41
-926
1422
-565
1273
-459
-151
-863
210
1283
-194
-906
167
1240
-747
1091
-641
-333
-790
1048
-684
-376
187
495
-472
-419
144
452
-515
-462
101
409
-558
770
568
-1164
-601
472
-495
578
631
939
-2068
535
588
896
-2111
492
545
853
-2154
1724
757
-1740
-412
1681
714
-1783
820
2148
-859
-1826
777
2105
-902
-1104
2009
-998
-1965
638
1966
-1041
-2008
595
1923
-1084
-776
1062
350
-1127
-819
1019
52
-915
1433
-554
9
-958
1390
-597
-34
-1001
1347
-640
1198
-534
-226
-938
135
1208
-269
294
602
-365
-312
251
559
-408
-355
208
516
-1206
635
946
-2058
548
604
915
-2089
1792
828
-2176
430
486
797
-2207
1674
710
-1784
-453
1643
679
-1815
791
2122
-882
-2356
1525
561
-1933
673
2004
-1000
-689
1152
188
-2051
1065
1121
157
-807
1034
325
-1149
-838
1003
39
-925
1426
-558
8
-956
1395
-844
232
1308
-676
-110
-1074
1277
-707
1134
-595
-284
-993
83
1159
-315
251
562
-402
164
475
-489
-433
133
444
-520
811
612
-1117
-551
525
-439
637
693
494
-1235
-669
407
-557
519
575
886
-2118
488
544
855
-2149
1732
768
-2236
1645
936
-793
-2267
1614
650
-1844
762
2093
-911
-1875
731
1807
-1962
644
1975
-1029
-1993
613
1944
-1060
-749
1092
128
-2111
1005
1061
97
-867
974
10
-954
1397
-587
-21
-985
1366
-618
1223
-506
-195
-904
172
1248
-736
1105
-624
-313
-1022
54
1130
-344
222
533
-431
-375
191
502
-462
104
415
-549
782
583
-1146
-580
496
-468
608
664
975
-2029
577
633
434
-1295
546
857
-2147
459
515
826
-2178
1703
739
-1755
-424
1672
708
-2296
1585
621
-1873
733
2064
-940
-1904
702
2033
-971
-660
1181
217
-2022
584
1915
-1089
-778
1063
99
-2140
976
1032
68
-896
1455
-529
37
-927
914
-50
-1014
1337
-647
1194
-535
-224
-933
143
1219
-255
311
622
-342
-796
1045
-684
-373
193
504
-460
-404
162
473
-491
585
-379
697
-522
44
355
-609
722
523
-1206
635
946
-2058
548
604
915
-2089
1792
828
-2176
430
486
797
-2207
1674
710
-1784
-453
1643
679
-1815
791
2122
-882
-2356
1525
561
-1933
673
2004
-1000
-689
1152
188
-2051
1065
1121
157
-807
1034
325
-1149
-838
1003
39
-925
1426
-558
8
-956
1395
-844
232
1308
-676
-110
-1074
1277
-707
1134
-595
-284
-993
83
1159
-315
251
562
-402
164
475
-489
-433
133
444
-520
811
612
-1117
-551
525
-439
637
693
494
-1235
-669
407
-557
519
575
886
-2118
488
544
855
-2149
1732
768
-2236
1645
936
-793
-2267
1614
650
-1844
762
2093
-911
-1875
731
1807
-1962
644
1975
-1029
-1993
613
1944
-1060
-749
1092
128
-2111
1005
1061
97
-867
974
10
-954
1397
-587
-21
-985
1366
-618
1223
-506
-195
-904
172
1248
-736
1105
-624
-313
-1022
54
1130
-344
222
533
-431
-375
191
502
601
405
-556
523
582
896
-2105
504
308
-653
426
485
799
-2202
1682
721
-2280
1604
898
-828
-2299
1585
624
-1867
742
2076
-925
-1121
1998
-1003
-1964
645
1724
-2042
567
1901
-1100
-786
1058
97
-2139
980
1039
78
-883
961
0
-961
1393
-588
-19
-980
864
-97
-1058
1296
-685
1159
-567
-253
316
630
-331
-782
1062
-664
-350
219
533
-428
141
455
-506
-447
122
436
-525
554
-407
672
731
535
-1191
-622
457
-504
575
634
438
-1288
556
870
-2131
478
537
851
-2150
1734
773
-2228
1656
695
-1796
-462
1637
676
-2325
1559
598
-1893
716
2050
-951
-1147
1972
-1029
-1990
619
1953
-1048
-734
1110
149
-812
1032
326
-1145
-831
1013
52
-909
935
-26
-987
1367
-614
-45
-1006
1348
-888
191
1270
-711
1133
-593
-279
-985
94
1173
-808
1036
-690
-376
193
507
-454
-395
174
488
-473
96
410
-551
528
-433
646
705
509
-1217
-648
431
-530
549
608
922
-2079
1805
844
-2157
452
511
825
-2176
1708
747
-2254
1630
924
-802
-2273
1611
650
-2351
1533
572
-1919
690
2024
-977
-1938
671
1750
-2016
593
1927
-1074
-760
1084
123
-2113
496
1830
-1171
-857
987
26
-935
1419
-562
1282
-444
-640
-71
-1032
1322
-914
165
1244
-737
1107
-619
-305
-1011
68
1147
-324
245
559
-402
167
481
-480
-421
148
462
-499
70
384
-577
757
561
-1165
-596
483
-478
601
405
-556
523
582
896
-2105
504
308
-653
426
485
799
-2202
1682
721
-2280
1604
898
-828
-2299
1585
624
-1867
742
2076
-925
-1121
1998
-1003
-1964
645
1724
-2042
567
1901
-1100
-786
1058
97
-2139
980
1039
78
-883
961
0
-961
1393
-588
-19
-980
864
-97
-1058
1296
-685
1159
-567
-253
316
630
-331
-782
1062
-664
-350
219
533
-428
141
455
-506
-447
122
436
-525
554
-407
672
731
535
-1191
-622
457
-504
575
634
438
-1288
556
870
-2131
478
537
851
-2150
1734
773
-2228
1656
695
-1796
-462
1637
676
-2325
1559
598
-1893
716
2050
-951
-1147
1972
-1029
-1990
619
1953
-1048
-734
1110
149
-812
1032
326
-1145
-831
1013
52
-909
935
-26
-987
1367
-614
-45
-1006
1348
-888
191
1270
-711
1133
-593
-279
-985
94
1173
-808
1036
-690
-376
193
507
-454
-395
174
488
623
430
-1293
-721
361
-597
485
547
354
-1369
478
795
-2203
1684
726
-2272
1615
657
-1831
781
2118
-880
-2348
1539
581
-1907
705
1787
-1976
636
1973
-1025
-1218
1904
-1094
-777
1070
112
-2121
491
1828
-1170
-853
994
36
-922
925
-33
-991
1366
-612
1235
-488
-681
-109
-1067
1290
-943
139
1221
-1012
70
1152
-316
256
573
-385
187
504
-454
118
435
-523
-461
111
428
-530
42
359
-599
483
-475
607
669
476
-1247
600
917
-2081
531
338
-620
462
524
841
-2157
1730
772
-2226
1661
703
-2295
1592
889
-834
-2302
1585
627
-2371
1516
558
-1930
682
1764
-1999
613
1950
-1048
-731
1116
158
-800
1047
89
-2144
978
1040
82
-876
971
13
-945
902
-56
-1014
1343
-635
1212
-511
-704
-132
-1090
1267
-966
116
1198
-780
1067
-656
-339
233
550
-408
164
481
-477
-415
157
474
-484
88
405
-553
19
336
-622
460
-498
584
646
453
-1270
577
894
-2104
508
315
-643
439
501
818
-2180
1707
749
-2249
1638
680
-1808
804
2141
-857
-2325
1562
604
-2394
1493
535
-1953
659
1996
-1002
-1195
1927
-1071
-754
1093
135
-2098
514
1851
-1147
-830
1017
59
-899
948
-10
-968
1389
-844
238
1320
-658
1189
-534
-727
-155
-1113
1244
-989
93
1175
-803
1044
-679
-362
210
527
-431
141
458
-500
-438
134
451
-507
65
382
-576
506
-452
630
692
499
-1224
623
430
-1293
-721
361
-597
485
547
354
-1369
478
795
-2203
1684
726
-2272
1615
657
-1831
781
2118
-880
-2348
1539
581
-1907
705
1787
-1976
636
1973
-1025
-1218
1904
-1094
-777
1070
112
-2121
491
1828
-1170
-853
994
36
-922
925
-33
-991
1366
-612
1235
-488
-681
-109
-1067
1290
-943
139
1221
-1012
70
1152
-316
256
573
-385
187
504
-454
118
435
-523
-461
111
428
-530
42
359
-599
483
-475
607
669
476
-1247
600
917
-2081
531
338
-620
462
524
841
-2157
1730
772
-2226
1661
703
-2295
1592
889
-834
-2302
1585
627
-2371
1516
558
-1930
682
1764
-1999
613
1950
-1048
-731
1116
158
-800
1047
89
-2144
978
1040
82
-876
971
13
-945
902
-56
-1014
1343
-635
1212
-511
-704
-132
-1090
1267
-966
116
1198
-780
1067
-656
-339
233
550
-408
164
481
-477
-415
157
474
390
-565
520
585
395
-1325
525
845
-2150
1740
785
-2210
1680
725
-2270
1620
665
-2330
1560
605
-1880
735
2075
-920
-1110
2015
-980
-1170
1955
-1040
-1995
620
1705
-2055
560
1645
-2115
500
1840
-1155
-835
1015
60
-895
955
0
-955
895
-60
-1015
1345
-885
200
1285
-690
1160
-560
-750
1100
-620
-810
1040
-680
-360
215
535
-420
155
475
-480
95
415
-540
-475
100
420
-535
40
360
-595
-20
300
-655
430
-525
560
370
-585
500
565
375
-1345
505
825
-2170
1720
765
-2230
1660
705
-2290
1600
645
-1840
775
2115
-880
-1070
2055
-940
-1130
1995
-1000
-1190
1935
-1060
-2015
600
1685
-2075
540
1625
-2135
480
1820
-1175
-855
995
40
-915
935
-20
-975
875
-80
-1035
1325
-905
180
1265
-710
1140
-580
-770
1080
-640
-320
255
575
-380
195
515
-440
135
455
-500
-435
140
460
-495
80
400
-555
20
340
-615
-40
280
-675
410
-545
540
350
-605
480
545
355
-1365
485
805
-2190
1700
745
-2250
1640
685
-2310
1580
625
-1860
755
2095
-900
-1090
2035
-960
-1150
1975
-1020
-1975
640
1725
-2035
580
1665
-2095
520
1860
-1135
-815
1035
80
-875
975
20
-935
915
-40
-995
855
-100
-1055
1305
-925
160
1245
-730
1120
-600
-790
1060
-660
-340
235
555
-400
175
495
-460
115
435
-520
-455
120
440
-515
60
380
-575
0
320
-635
450
-505
580
390
-565
520
585
395
-1325
525
845
-2150
1740
785
-2210
1680
725
-2270
1620
665
-2330
1560
605
-1880
735
2075
-920
-1110
2015
-980
-1170
1955
-1040
-1995
620
1705
-2055
560
1645
-2115
500
1840
-1155
-835
1015
60
-895
955
0
-955
895
-60
-1015
1345
-885
200
1285
-690
1160
-560
-750
1100
-620
-810
1040
-680
-360
215
535
-420
155
475
-480
95
415
-540
-475
100
420
-535
40
360
-595
-20
300
-655
430
-525
560
370
-585
500
565
375
-1345
505
825
-2170
1720
765
-2230
1660
705
-2290
1600
645
-1840
775
2115
-880
-1070
2055
-940
-1130
1995
-1000
-1190
1935
-1060
-2015
600
1685
-2075
540
1625
-2135
480
1820
-1175
-855
995
40
-915
935
-20
-975
875
-80
-1035
1325
-905
180
1265
-710
1140
-580
-770
1080
-640
-320
255
575
-380
195
515
-440
135
455
-500
-435
140
460
412
-1305
548
871
-2121
1772
820
-2172
1721
769
-2223
1670
718
-2274
1619
667
-2325
1568
616
-2376
1517
565
-1917
701
1789
-1968
650
1738
-2019
599
1942
-1050
-1237
1891
-1101
-1288
1840
-1152
-829
1024
72
-880
973
21
-931
922
-30
-982
871
-81
-1033
820
-132
-1084
1279
-948
140
1228
-999
89
1177
-1050
38
1126
-1101
-13
1075
-1152
-64
1024
-1203
-115
973
786
599
-1118
735
548
-1169
684
497
-1220
633
446
-1271
582
395
-1322
531
854
-2138
1755
803
-2189
1704
752
-2240
1653
701
-2291
1602
650
-2342
1551
599
-1883
735
1823
-1934
684
1772
-1985
633
1721
-2036
582
1925
-1067
-1254
1874
-1118
-1305
1823
-1169
-846
1007
55
-897
956
4
-948
905
-47
-999
854
-98
-1050
803
-149
-1101
1262
-965
123
1211
-1016
72
1160
-1067
21
1109
-1118
-30
1058
-1169
-81
1007
820
633
-1084
769
582
-1135
718
531
-1186
667
480
-1237
616
429
-1288
565
378
-1339
514
837
-2155
1738
786
-2206
1687
735
-2257
1636
684
-2308
1585
633
-2359
1534
582
-1900
718
1806
-1951
667
1755
-2002
616
1959
-1033
-1220
1908
-1084
-1271
1857
-1135
-812
1041
89
-863
990
38
-914
939
-13
-965
888
-64
-1016
837
-115
-1067
786
-166
-1118
1245
-982
106
1194
-1033
55
1143
-1084
4
1092
-1135
-47
1041
-1186
-98
990
803
616
-1101
752
565
-1152
701
514
-1203
650
463
-1254
599
412
-1305
548
871
-2121
1772
820
-2172
1721
769
-2223
1670
718
-2274
1619
667
-2325
1568
616
-2376
1517
565
-1917
701
1789
-1968
650
1738
-2019
599
1942
-1050
-1237
1891
-1101
-1288
1840
-1152
-829
1024
72
-880
973
21
-931
922
-30
-982
871
-81
-1033
820
-132
-1084
1279
-948
140
1228
-999
89
1177
-1050
38
1126
-1101
-13
1075
-1152
-64
1024
-1203
-115
973
786
599
-1118
735
548
-1169
684
497
-1220
633
446
-1271
582
395
-1322
531
854
-2138
1755
803
-2189
1704
752
-2240
1653
701
-2291
1602
650
-2342
1551
599
-1883
735
1823
-1934
684
1772
-1985
633
1721
-2036
582
1925
-1067
-1254
1874
-1118
-1305
1823
-1169
-846
1007
55
-897
956
4
-948
905
-47
-999
854
-98
-1050
803
-149
-1101
1262
-965
123
1211
-1016
72
1160
-1067
21
1109
-1118
-30
1058
-1169
-81
1007
820
633
-1084
-586
505
321
-628
463
279
-670
1696
747
-2242
1654
705
-2284
1612
663
-2326
1570
621
-2368
1528
579
-2410
1486
537
-2452
1444
495
-2494
1402
453
-751
1105
156
-793
1063
114
-835
1021
72
-877
979
30
-919
937
-12
-961
895
-54
-1003
853
1179
-535
-719
1137
-577
-761
1095
-619
-803
1053
-661
-845
1011
-703
-887
969
-745
-929
927
-787
-971
885
-829
517
-432
659
475
-474
617
433
-516
575
391
-558
533
349
-600
491
307
-642
449
265
-684
1682
733
-2256
1640
691
-2298
1598
649
-2340
1556
607
-2382
1514
565
-2424
1472
523
-2466
1430
481
-2508
1388
439
-765
1091
142
-807
1049
100
-849
1007
58
-891
965
16
-933
923
-26
-975
881
-68
-1017
839
1165
-549
-733
1123
-591
-775
1081
-633
-817
1039
-675
-859
997
-717
-901
955
-759
-943
913
-801
545
-404
687
503
-446
645
461
-488
603
419
-530
561
377
-572
519
335
-614
477
293
-656
435
251
-698
1668
719
-2270
1626
677
-2312
1584
635
-2354
1542
593
-2396
1500
551
-2438
1458
509
-2480
1416
467
-737
1119
170
-779
1077
128
-821
1035
86
-863
993
44
-905
951
2
-947
909
-40
-989
867
-82
-1031
825
1151
-563
-747
1109
-605
-789
1067
-647
-831
1025
-689
-873
983
-731
-915
941
-773
-957
899
-815
531
-418
673
489
-460
631
447
-502
589
405
-544
547
363
-586
505
321
-628
463
279
-670
1696
747
-2242
1654
705
-2284
1612
663
-2326
1570
621
-2368
1528
579
-2410
1486
537
-2452
1444
495
-2494
1402
453
-751
1105
156
-793
1063
114
-835
1021
72
-877
979
30
-919
937
-12
-961
895
-54
-1003
853
1179
-535
-719
1137
-577
-761
1095
-619
-803
1053
-661
-845
1011
-703
-887
969
-745
-929
927
-787
-971
885
-829
517
-432
659
475
-474
617
433
-516
575
391
-558
533
349
-600
491
307
-642
449
265
-684
1682
733
-2256
1640
691
-2298
1598
649
-2340
1556
607
-2382
1514
565
-2424
1472
523
-2466
1430
481
-2508
1388
439
-765
1091
142
-807
1049
100
-849
1007
58
-891
965
16
-933
923
-26
-975
881
-68
-1017
839
1165
-549
-733
1123
-591
-775
1081
-633
-817
1039
-675
-859
997
-717
-901
955
-759
-943
913
-801
545
-404
687
-1329
530
349
-1362
497
316
-1395
209
-737
357
176
-770
1599
653
-2333
1566
620
-2366
1533
587
-2399
1500
554
-1157
1977
-1009
-1190
1944
-1042
-1223
1656
-2095
529
1623
-2128
496
1590
-886
973
27
-919
940
-6
-952
907
-39
-985
874
1203
-508
-944
150
1244
-977
117
1211
-1010
84
1178
232
561
-385
199
528
-418
166
495
-451
133
462
-484
100
429
-7
322
-624
-40
289
-657
-73
256
-690
-106
223
552
371
-1340
519
338
-1373
486
305
-1406
198
-748
1621
675
-2311
1588
642
-2344
1555
609
-2377
1522
576
-2410
1489
543
-1168
1966
-1020
-1201
1933
-1053
-1234
1645
-2106
518
1612
-864
995
49
-897
962
16
-930
929
-17
-963
896
-50
-996
863
1192
-519
-955
139
1233
-988
106
1200
-1021
73
1167
221
550
-396
188
517
-429
155
484
-462
122
451
15
344
-602
-18
311
-635
-51
278
-668
-84
245
-701
-117
212
541
360
-1351
508
327
-1384
475
294
-1417
187
-759
1610
664
-2322
1577
631
-2355
1544
598
-2388
1511
565
-2421
1478
532
-1179
1955
-1031
-1212
1667
-2084
540
1634
-2117
507
1601
-875
984
38
-908
951
5
-941
918
-28
-974
885
1214
-497
-678
1181
-530
-966
128
1222
-999
95
1189
-1032
62
1156
210
539
-407
177
506
-440
144
473
-473
111
440
4
333
-613
-29
300
-646
-62
267
-679
-95
234
563
382
-1329
530
349
-1362
497
316
-1395
209
-737
357
176
-770
1599
653
-2333
1566
620
-2366
1533
587
-2399
1500
554
-1157
1977
-1009
-1190
1944
-1042
-1223
1656
-2095
529
1623
-2128
496
1590
-886
973
27
-919
940
-6
-952
907
-39
-985
874
1203
-508
-944
150
1244
-977
117
1211
-1010
84
1178
232
561
-385
199
528
-418
166
495
-451
133
462
-484
100
429
-7
322
-624
-40
289
-657
-73
256
-690
-106
223
552
371
-1340
519
338
-1373
486
305
-1406
198
-748
1621
675
-2311
1588
642
-2344
1555
609
-2377
1522
576
-2410
1489
543
-1168
1966
-1020
-1201
1933
-1053
-1234
1645
-2106
518
1612
-864
995
49
-897
962
16
-930
929
-17
-963
896
-50
-996
863
1192
-519
-955
139
1233
-988
106
1200
-1021
73
1167
221
550
-396
188
517
-429
155
484
-462
122
451
15
344
-602
478
300
-643
1729
786
-2197
1705
252
-1456
406
228
-1480
127
-816
1556
613
-2370
1532
589
-2394
1508
565
-1143
1739
-2009
618
1715
-2033
594
1691
-1292
1845
-1138
-1316
1821
-1162
-1340
1542
-931
931
-12
-955
907
-36
-979
883
1215
-493
-926
171
758
-185
-1128
734
1066
-642
-820
1042
-666
-1099
-2
1095
-1123
-26
1071
128
460
-483
104
436
-507
80
412
-21
311
-632
-45
287
-656
-69
263
595
417
-1291
316
-627
470
292
-651
1721
778
-2205
1697
244
-1464
143
-800
1572
629
-2354
1548
605
-2378
1524
581
-1127
2010
-973
-1151
1731
-2017
610
1707
-2041
586
1683
-1300
1837
-1146
-1324
1558
-2190
437
1534
-939
923
-20
-963
899
-44
-987
875
1207
-501
-934
163
750
-193
-1136
726
1058
-650
-828
1034
-674
-1107
-10
1087
144
476
-467
120
452
-491
96
428
-5
327
-616
-29
303
-640
-53
279
-664
-77
255
587
409
-1299
308
-635
462
284
-659
1713
770
-2213
1689
236
-1472
135
-808
1564
621
-2362
1540
597
-2386
1516
573
-1135
2002
-981
-1159
1723
-2025
602
1699
-1284
1853
-1130
-1308
1829
-1154
-1332
1550
-923
939
-4
-947
915
-28
-971
891
-52
-995
612
179
1276
-942
155
742
-201
-1144
718
1050
-658
-836
1026
-682
-1115
-18
1079
136
468
-475
112
444
-499
88
420
-13
319
-624
-37
295
-648
-61
271
603
425
-1283
324
-619
478
300
-643
1729
786
-2197
1705
252
-1456
406
228
-1480
127
-816
1556
613
-2370
1532
589
-2394
1508
565
-1143
1739
-2009
618
1715
-2033
594
1691
-1292
1845
-1138
-1316
1821
-1162
-1340
1542
-931
931
-12
-955
907
-36
-979
883
1215
-493
-926
171
758
-185
-1128
734
1066
-642
-820
1042
-666
-1099
-2
1095
-1123
-26
1071
128
460
-483
104
436
-507
80
412
-21
311
-632
-45
287
-656
-69
263
595
417
-1291
316
-627
470
292
-651
1721
778
-2205
1697
244
-1464
143
-800
1572
629
-2354
1548
605
-2378
1524
581
-1127
2010
-973
-1151
1731
-2017
610
1707
-2041
586
1683
-1300
1837
-1146
-1324
1558
-2190
437
1534
-939
923
-20
-963
899
-44
-987
875
1207
-501
-934
163
750
-193
-1136
726
1058
-650
-828
1034
-674
-1107
-10
1087
144
476
-467
120
452
-491
96
428
-5
327
-616
500
325
-1380
230
-710
390
215
-725
1650
710
-2270
1635
185
-245
600
-2380
1525
585
-2395
1510
570
-1135
1750
-2505
1400
460
-1245
1895
-1085
-1260
1625
-2120
510
1610
-860
1005
65
-1385
1500
-970
895
-45
-985
880
-60
-1000
610
180
770
-170
-1110
755
1090
-615
-1045
55
1155
-1060
40
630
965
-740
-915
950
-755
90
425
-515
75
410
-530
60
395
-35
300
-640
-50
285
620
445
-1260
350
-590
510
-175
160
495
320
-1385
225
-715
1660
720
-2260
1645
195
-1510
100
-840
1535
595
-2385
1520
580
-1125
1760
-1985
645
1745
-2510
1395
455
-1250
1890
-1090
-1265
1620
-850
1015
75
-1375
1765
-1215
-1390
1495
-975
890
-50
-990
875
1210
-495
-925
175
765
-175
-1115
750
1085
-620
-1050
50
1150
210
545
-905
960
-745
-1175
-75
1025
85
420
-520
70
405
-25
310
-630
-40
295
-645
-55
280
615
440
-1265
345
-595
1780
330
-1375
490
315
-1390
220
-720
1655
715
-2265
1640
190
-240
605
-2375
1530
590
-2390
1515
575
-1130
1755
-1990
640
1740
-1240
1900
-1080
-1255
1630
-2115
515
1615
-855
1010
70
-1380
1505
-965
900
-40
-980
885
-55
-995
870
1205
-1010
-165
-1105
760
-180
-1120
745
1080
-625
-1055
45
1145
205
540
-910
955
-750
-1180
-80
1020
80
415
-525
65
400
-30
305
-635
-45
290
-650
-60
275
355
-585
515
-170
165
500
325
-1380
230
-710
390
215
-725
1650
710
-2270
1635
185
-245
600
-2380
1525
585
-2395
1510
570
-1135
1750
-2505
1400
460
-1245
1895
-1085
-1260
1625
-2120
510
1610
-860
1005
65
-1385
1500
-970
895
-45
-985
880
-60
-1000
610
180
770
-170
-1110
755
1090
-615
-1045
55
1155
-1060
40
630
965
-740
-915
950
-755
90
425
-515
75
410
-530
60
395
-35
300
-640
-50
285
620
445
-1260
350
-590
510
-175
160
495
320
-1385
225
-715
1660
720
-2260
1645
195
-1510
100
-840
1535
595
-2385
1520
580
-1125
1760
-1985
645
1745
-2510
1395
455
-1250
1890
-1090
-1265
1620
-850
1015
75
-1375
1765
-1215
-1390
1495
-975
890
-50
-990
875
1210
-495
-925
175
765
-175
-1115
750
1085
-620
-1050
50
1150
210
545
-905
960
-745
-1175
-75
1025
85
420
-520
70
405
-25
310
-630
267
-670
1708
261
-1441
427
255
-172
676
-2301
1607
670
-2307
1346
-866
1512
575
-2402
1506
569
-1133
1755
-2497
1411
474
-1228
1660
-2082
551
1654
-1323
1820
-1157
-1329
1559
-908
960
23
-1424
1464
-1003
865
-72
-1009
859
1197
-1015
-167
-1104
764
1102
-600
-1027
76
669
1007
-695
-867
1001
-701
-1128
-25
1078
141
479
-1223
-120
983
46
384
-553
40
378
-49
289
-648
-55
283
366
-571
532
-150
188
526
354
-1348
265
-672
1706
259
-1443
170
-767
1611
674
-2303
1605
158
-269
579
-2398
1510
573
-1129
1759
-2493
1415
478
-1224
1919
-1058
-1230
1658
-2084
549
1652
-1325
1563
-2179
454
1557
-910
958
21
-1426
1462
-1005
863
-74
-1011
602
175
768
-169
-1106
762
1100
-602
-1029
74
667
1005
-697
-1124
-21
1082
145
483
-964
904
-798
50
388
-549
44
382
-45
293
-644
-51
287
625
453
-1249
364
-573
530
-152
186
269
-668
435
263
-674
1704
257
-1445
168
-769
1609
672
-2305
1348
-864
1514
577
-2400
1508
571
-1131
1757
-2495
1413
476
-1226
1662
-2080
553
1656
-1321
1822
-1155
-1327
1561
-906
962
25
-1422
1466
-1001
867
-70
-1007
861
-76
-1013
600
173
766
-171
-1108
760
1098
-604
-1031
72
665
1003
-699
-1126
-23
1080
143
481
-966
902
-800
48
386
-551
42
380
-47
291
-646
-53
285
623
451
-1251
-148
190
528
356
-1346
267
-670
1708
261
-1441
427
255
-172
676
-2301
1607
670
-2307
1346
-866
1512
575
-2402
1506
569
-1133
1755
-2497
1411
474
-1228
1660
-2082
551
1654
-1323
1820
-1157
-1329
1559
-908
960
23
-1424
1464
-1003
865
-72
-1009
859
1197
-1015
-167
-1104
764
1102
-600
-1027
76
669
1007
-695
-867
1001
-701
-1128
-25
1078
141
479
-1223
-120
983
46
384
-553
40
378
-49
289
-648
-55
283
366
-571
532
-150
188
526
354
-1348
265
-672
1706
259
-1443
170
-767
1611
674
-2303
1605
158
-269
579
-2398
1510
573
-1129
1759
-2493
1415
478
-1224
1919
-1058
-1230
1658
-2084
549
1652
-1325
1563
-2179
454
1557
-910
958
21
-1426
1462
-1005
863
-74
-1011
602
175
768
-169
-1106
762
1100
-602
-1029
74
667
1005
-697
-1124
-21
1082
145
483
-964
904
-798
50
388
-549
44
382
-45
293
-644
-221
120
206
-728
1653
719
-2255
1401
-808
1573
639
-2335
1576
132
-292
559
-2415
1496
562
-1137
1754
-2495
1416
482
-1217
1674
-1300
1846
-1128
-1297
1594
-870
1001
67
-1377
1514
-950
921
-13
-1457
1434
-1030
841
-93
-1027
589
165
761
-173
-1107
509
85
681
1022
-677
-1101
5
1111
177
518
-926
945
-754
97
438
-1006
865
-834
17
358
-576
20
361
-63
278
-656
-60
281
-143
198
539
370
-1329
287
-647
1734
290
-1409
207
-727
1654
210
-1489
127
-807
1574
640
-2334
1322
-887
1494
560
-1139
1752
-2497
1414
480
-1219
1672
-2067
569
1675
-1299
1847
-1127
-1296
1595
-1379
1767
-1207
-1376
1515
-949
922
-12
-1456
1435
-1029
842
1183
-1026
-175
-1109
762
1103
-596
-1020
86
682
1023
-676
-1100
6
602
943
-756
-1180
-74
1032
98
439
-1260
-154
952
18
359
-65
276
-658
-62
279
365
-569
537
-142
199
540
371
-1328
-222
119
460
291
-1408
208
-726
1655
211
-1488
128
-806
1575
131
-293
558
-2416
1495
561
-1138
1753
-2496
1415
481
-1218
1673
-2576
1335
401
-1298
1593
-2146
490
1596
-1378
1513
-951
920
-14
-1458
1433
-1031
840
-94
-1028
843
1184
-1025
-174
-1108
763
1104
-595
-1019
87
683
1024
-675
-1099
7
603
944
-755
96
437
-497
99
440
16
357
-577
19
360
-64
277
-657
-61
280
366
-568
538
-141
200
286
-648
458
-221
120
206
-728
1653
719
-2255
1401
-808
1573
639
-2335
1576
132
-292
559
-2415
1496
562
-1137
1754
-2495
1416
482
-1217
1674
-1300
1846
-1128
-1297
1594
-870
1001
67
-1377
1514
-950
921
-13
-1457
1434
-1030
841
-93
-1027
589
165
761
-173
-1107
509
85
681
1022
-677
-1101
5
1111
177
518
-926
945
-754
97
438
-1006
865
-834
17
358
-576
20
361
-63
278
-656
-60
281
-143
198
539
370
-1329
287
-647
1734
290
-1409
207
-727
1654
210
-1489
127
-807
1574
640
-2334
1322
-887
1494
560
-1139
1752
-2497
1414
480
-1219
1672
-2067
569
1675
-1299
1847
-1127
-1296
1595
-1379
1767
-1207
-1376
1515
-949
922
-12
-1456
1435
-1029
842
1183
-1026
-175
-1109
762
1103
-596
-1020
86
682
1023
-676
-1100
6
602
943
-756
-1180
-74
1032
98
439
-1260
-154
952
18
359
-65
276
-658
311
-1385
-276
68
157
-774
1610
169
-1527
92
-839
1545
614
-1082
1812
-2434
1480
549
-1147
1747
-2499
1415
484
-1212
1682
-1289
1605
-2131
508
1617
-1354
1540
-2196
443
1552
-1419
1475
-986
888
-43
-1484
1410
-1051
823
1167
-1039
-185
-1116
758
1102
-1104
-250
-1181
438
17
616
960
-736
-1157
-48
1061
130
474
53
397
-534
65
409
-12
332
-599
0
344
-77
267
611
445
-1251
-142
202
291
-640
469
-207
137
226
-705
1679
238
-1458
161
-770
1614
173
-248
606
-2365
1549
108
-313
541
-2430
1229
-977
1407
476
-1220
1674
-2572
1342
411
-1285
1609
-2127
512
1621
-1350
1544
-917
957
26
-1415
1479
-982
892
1236
-970
-116
-1047
572
151
750
-181
-1112
507
86
685
1029
-667
-1088
21
620
964
-732
-1153
-44
555
899
-797
57
401
-1040
834
-862
-8
336
-85
259
-672
-73
271
-150
194
-737
-138
206
295
-636
1748
307
-1389
230
-701
1683
242
-179
675
-2296
1618
177
-244
610
-2361
1298
-908
1476
545
-1151
1743
-2503
1411
480
-1216
1678
-2568
1346
415
-1281
1613
-1358
1791
-1180
-1346
1548
-1423
1471
-990
884
-47
-1488
1406
-1055
819
-112
-1043
576
155
754
1098
-598
-1019
90
689
1033
-663
-1084
25
624
968
-728
126
470
-1226
-117
992
61
405
-16
328
-603
-4
340
-81
263
-668
-69
275
-146
198
542
376
-1320
-211
133
477
311
-1385
-276
68
157
-774
1610
169
-1527
92
-839
1545
614
-1082
1812
-2434
1480
549
-1147
1747
-2499
1415
484
-1212
1682
-1289
1605
-2131
508
1617
-1354
1540
-2196
443
1552
-1419
1475
-986
888
-43
-1484
1410
-1051
823
1167
-1039
-185
-1116
758
1102
-1104
-250
-1181
438
17
616
960
-736
-1157
-48
1061
130
474
53
397
-534
65
409
-12
332
-599
0
344
-77
267
611
445
-1251
-142
202
291
-640
469
-207
137
226
-705
1679
238
-1458
161
-770
1614
173
-248
606
-2365
1549
108
-313
541
-2430
1229
-977
1407
476
-1220
1674
-2572
1342
411
-1285
1609
-2127
512
1621
-1350
1544
-917
957
26
-1415
1479
-982
892
1236
-970
-116
-1047
572
151
750
-181
-1112
507
86
685
1029
-667
-1088
21
620
964
-732
-1153
-44
555
899
-797
57
401
-1040
834
-862
-8
336
-85
259
-672
-687
1700
262
-156
191
-1502
120
-808
1579
141
-277
580
-2388
1274
-929
1458
530
-1163
1734
-2509
1408
480
-1213
1684
-1284
1613
-2630
1287
359
-1334
1563
-1405
1747
-1221
-1384
1513
-1455
1442
-1016
861
-67
-1505
1392
-1066
556
138
740
1087
-606
-1024
88
690
1037
-1166
966
-727
-1145
-33
569
916
-777
80
427
-1266
-154
958
30
377
-41
306
-622
-20
327
-91
256
348
-580
532
-141
206
-212
135
482
319
-1374
-262
85
177
-751
1636
198
-1495
127
-801
1331
-872
1515
587
-1106
1791
-2452
1465
27
-391
466
-1227
1670
-2573
1344
416
-1277
1620
-1348
1804
-1164
-1327
1570
-1398
1499
-959
918
-10
-1448
1449
-1009
613
195
797
-131
-1569
1328
-1130
747
1094
-1109
-252
-1180
442
24
626
973
-720
-1138
-26
576
923
-770
87
434
16
363
-565
37
384
-34
313
-105
242
-686
-84
263
-155
192
539
376
-1317
-205
142
234
-694
1693
255
-1438
184
-744
1388
-815
1572
644
-2324
1338
-865
1522
84
-334
523
-2445
1217
-986
1401
473
-1220
1677
-2566
1351
423
-1270
1627
-1341
1556
-902
975
47
-1391
1506
-1462
1435
-1023
854
-74
-1512
1385
-1073
804
1151
-1052
-195
-1123
499
81
683
1030
-663
-1081
31
633
980
-713
144
491
-1202
-90
512
859
-834
23
370
-1323
-211
901
-27
320
-98
249
-679
-77
270
-148
199
291
-637
1750
312
-1381
241
-687
1700
262
-156
191
-1502
120
-808
1579
141
-277
580
-2388
1274
-929
1458
530
-1163
1734
-2509
1408
480
-1213
1684
-1284
1613
-2630
1287
359
-1334
1563
-1405
1747
-1221
-1384
1513
-1455
1442
-1016
861
-67
-1505
1392
-1066
556
138
740
1087
-606
-1024
88
690
1037
-1166
966
-727
-1145
-33
569
916
-777
80
427
-1266
-154
958
30
377
-41
306
-622
-20
327
-91
256
348
-580
532
-141
206
-212
135
482
319
-1374
-262
85
177
-751
1636
198
-1495
127
-801
1331
-872
1515
587
-1106
1791
-2452
1465
27
-391
466
-1227
1670
-2573
1344
416
-1277
1620
-1348
1804
-1164
-1327
1570
-1398
1499
-959
918
-10
-1448
1449
-1009
613
195
797
-131
-1569
1328
-1130
747
1094
-1109
-252
-1180
442
24
626
973
-720
-1138
-26
576
923
-770
87
434
16
363
-565
37
384
-34
313
-105
242
-686
-1430
195
-730
1405
-795
1595
160
-255
605
-2360
1305
-895
1495
60
-355
505
-2460
1205
-995
1395
470
-1220
1680
-1285
1615
-2625
1295
370
-1320
1580
-1385
1515
-940
940
15
-1420
1480
-1485
1415
-1040
840
1190
-1010
-150
-1585
1315
-1140
485
70
675
1025
-665
-1080
35
385
-30
575
925
-765
95
445
-1245
-130
475
825
-865
-5
345
-70
280
-645
-40
310
-105
245
-170
180
530
370
-1320
-205
145
240
-685
1705
270
-145
205
-1485
140
-785
1605
170
-245
105
-310
550
-2415
1250
-950
1440
515
-1175
1725
-2515
1150
-1050
1340
415
-1275
1625
-1340
1560
-2170
475
1590
-1375
1525
-1440
1460
-995
885
-40
-1475
1425
-1540
1360
-1095
785
1135
-1065
-205
-1130
495
80
685
1035
-1165
970
-720
-1135
-20
585
935
-755
105
455
40
390
-1300
-185
930
5
355
-60
290
-125
225
-700
-95
255
-160
190
285
-640
1750
315
-1375
-260
90
185
-740
1650
215
-200
150
-1540
85
-840
1550
115
-300
560
-1130
1770
-2470
1450
15
-400
460
-1230
1670
-2570
1350
425
-1265
1635
-1330
1570
-1395
1505
-2225
420
1535
-1430
1470
-1495
1405
-1050
830
-95
-1530
1370
-1085
540
125
730
1080
-1120
-260
-1185
440
25
630
980
-710
150
500
-1190
-75
530
880
-810
50
400
-15
335
-1100
780
-910
-50
300
-115
235
585
425
-1265
-150
200
-215
135
230
-695
1695
260
-1430
195
-730
1405
-795
1595
160
-255
605
-2360
1305
-895
1495
60
-355
505
-2460
1205
-995
1395
470
-1220
1680
-1285
1615
-2625
1295
370
-1320
1580
-1385
1515
-940
940
15
-1420
1480
-1485
1415
-1040
840
1190
-1010
-150
-1585
1315
-1140
485
70
675
1025
-665
-1080
35
385
-30
575
925
-765
95
445
-1245
-130
475
825
-865
-5
345
-70
280
-645
-40
310
-105
245
-170
180
530
370
-1320
-205
145
240
-685
1705
270
-145
205
-1485
140
-785
1605
170
-245
105
-310
550
-2415
1250
-950
1440
515
-1175
1725
-2515
1150
-1050
1340
415
-1275
1625
-1340
1560
-2170
475
1590
-1375
1525
-1440
1460
-995
885
-40
-1475
1425
-1540
1360
-1095
785
1135
-1065
-205
-1130
495
80
685
1035
-1165
970
-720
-1135
-20
585
935
-755
105
455
40
390
-1300
-185
930
5
355
-60
290
-125
225
-700
1652
220
-1467
-349
4
102
-820
1318
-879
1514
82
-330
533
-2429
1239
-958
1435
3
-409
454
-1233
1670
-1292
1611
-2626
1297
375
-1312
1591
-1371
1532
-1430
1473
-979
904
-18
-1450
1453
-1509
1394
-1058
570
158
766
1119
-1078
1060
-1137
-274
-1196
432
20
628
981
-1216
922
-765
98
451
-1236
-118
490
843
-844
19
372
-40
313
-99
254
-668
-60
293
-119
234
-178
175
273
-649
1744
312
-1375
-257
96
194
-728
1410
-787
1606
174
-238
625
-2337
1331
-866
1272
-925
1468
36
-376
487
-1200
1703
-2534
1389
-43
-455
408
-1279
1624
-1338
1565
-1397
1761
-1201
-1358
1545
-1417
1486
-1476
1427
-1025
858
1211
-986
-123
-1555
1348
-1104
524
112
720
1073
-1124
1014
-673
-1085
33
386
-26
582
935
-752
111
464
52
405
-1282
-164
444
797
-890
-27
326
-86
267
-145
208
-714
-106
247
-165
188
-224
129
227
-695
1698
266
-1421
-303
50
148
-774
1364
-833
1560
128
-284
579
-2383
1285
-912
1226
-971
1422
500
-1187
1716
-1246
1657
-2580
1343
421
-1266
1637
-1325
1578
-1384
1519
-1443
1715
-1247
-1404
1499
-1463
1440
-1522
1381
-1071
812
1165
-1032
-169
-1601
1302
-1150
478
66
674
1027
-1170
968
-719
-1131
-13
340
-72
536
889
-798
65
418
6
359
-1328
-210
908
-14
339
-73
280
-132
221
319
-603
515
-152
201
-211
142
-270
83
181
-741
1652
220
-1467
-349
4
102
-820
1318
-879
1514
82
-330
533
-2429
1239
-958
1435
3
-409
454
-1233
1670
-1292
1611
-2626
1297
375
-1312
1591
-1371
1532
-1430
1473
-979
904
-18
-1450
1453
-1509
1394
-1058
570
158
766
1119
-1078
1060
-1137
-274
-1196
432
20
628
981
-1216
922
-765
98
451
-1236
-118
490
843
-844
19
372
-40
313
-99
254
-668
-60
293
-119
234
-178
175
273
-649
1744
312
-1375
-257
96
194
-728
1410
-787
1606
174
-238
625
-2337
1331
-866
1272
-925
1468
36
-376
487
-1200
1703
-2534
1389
-43
-455
408
-1279
1624
-1338
1565
-1397
1761
-1201
-1358
1545
-1417
1486
-1476
1427
-1025
858
1211
-986
-123
-1555
1348
-1104
524
112
720
1073
-1124
1014
-673
-1085
33
386
-26
582
935
-752
111
464
52
405
-1282
-164
444
797
-890
-27
326
-86
267
-145
208
-714
144
-775
1621
192
-217
139
-270
86
-1598
33
-886
1255
-939
1457
28
-381
485
-1199
1707
-1252
1654
-1305
1601
-2633
1293
374
-1310
1596
-1363
1543
-1416
1490
-1469
1437
-1012
874
1230
-964
-98
-1527
1379
-1580
1326
-1123
508
99
455
46
657
1013
-1181
960
-724
-1133
-12
344
-65
291
-118
493
849
-835
31
387
-22
334
-75
281
-1403
-282
839
-80
276
-133
223
-186
170
-239
117
218
-701
1695
266
-1418
-297
59
-350
6
107
-812
1329
-865
1531
102
-307
49
-360
506
-2453
1218
-976
1165
-1029
1367
448
-1236
1670
-1289
1617
-1342
1564
-1395
1511
-2213
438
1559
-1400
1506
-1453
1453
-1506
1400
-1049
582
173
784
1140
-1054
-188
-1617
1289
-1160
471
62
418
9
620
976
-1218
923
-761
105
461
-1223
-102
254
-155
456
812
-872
-6
350
-59
297
-112
244
-165
191
-728
-117
239
-170
186
-223
133
-276
80
181
-738
1658
229
-180
176
-1508
-387
-31
70
-849
1292
-902
1494
65
-344
12
-397
469
-1215
1691
-2543
1128
-1066
1330
411
-1273
1633
-1326
1580
-1379
1527
-1432
1474
-975
911
-8
-1437
1469
-1490
1416
-1543
1363
-1086
545
136
747
1103
-1091
1050
-1144
-278
-1197
434
25
381
-28
583
939
-1255
886
-798
68
424
15
371
-1313
-192
419
775
-909
-43
313
-96
260
-149
207
-202
154
510
356
-1328
-207
149
-260
96
-313
43
144
-775
1621
192
-217
139
-270
86
-1598
33
-886
1255
-939
1457
28
-381
485
-1199
1707
-1252
1654
-1305
1601
-2633
1293
374
-1310
1596
-1363
1543
-1416
1490
-1469
1437
-1012
874
1230
-964
-98
-1527
1379
-1580
1326
-1123
508
99
455
46
657
1013
-1181
960
-724
-1133
-12
344
-65
291
-118
493
849
-835
31
387
-22
334
-75
281
-1403
-282
839
-80
276
-133
223
-186
170
-239
117
218
-701
1695
266
-1418
-297
59
-350
6
107
-812
1329
-865
1531
102
-307
49
-360
506
-2453
1218
-976
1165
-1029
1367
448
-1236
1670
-1289
1617
-1342
1564
-1395
1511
-2213
438
1559
-1400
1506
-1453
1453
-1506
1400
-1049
582
173
784
1140
-1054
-188
-1617
1289
-1160
471
62
418
9
620
976
-1218
923
-761
105
461
-1223
-102
254
-155
456
812
-872
-6
350
-59
297
-112
244
-165
191
-728
-344
15
119
-797
1347
-844
1300
-891
1508
82
-324
35
-371
498
-1183
1726
-1230
1679
-1277
1632
-2599
1075
-1116
1283
367
-1314
1595
-1361
1548
-1408
1501
-1455
1454
-1502
1407
-1039
595
189
803
1162
-1029
1115
-1076
-207
-1633
1276
-1680
1229
-1217
417
11
370
-36
578
937
-1254
890
-1301
843
-838
31
390
-16
343
-63
296
-1385
-261
353
712
-969
-100
259
-147
212
-194
165
-241
118
-288
71
175
-741
1658
232
-174
185
-221
138
-1543
-419
-60
44
-872
1272
-919
1225
-966
1433
7
-399
-40
-446
423
-1258
1651
-1305
1604
-1352
1557
-1399
1510
-2721
1208
292
-1389
1520
-1436
1473
-1483
1426
-1530
1379
-1577
1332
-1114
520
114
728
1087
-1104
1040
-1151
993
-1198
946
-735
-1141
-17
342
-64
295
-111
503
862
-1329
815
-866
3
362
-44
315
-91
268
-138
221
-185
174
533
382
-1299
-175
184
-222
137
-269
90
-316
43
147
-769
1375
-816
1583
157
-249
110
-296
63
-343
526
-1155
1754
-2477
1197
-994
1150
-1041
1358
-68
-474
395
-1286
1623
-1333
1576
-1380
1529
-1427
1482
-1474
1435
-1011
878
1237
-954
-85
-1511
1398
-1558
1351
-1605
1304
-1142
492
86
445
39
653
1012
-1179
965
-1226
918
-763
106
465
59
418
-1263
-139
220
-186
428
787
-894
-25
334
-72
287
-119
240
-166
193
-213
146
250
-666
1733
307
-99
260
-1421
-297
62
-344
15
119
-797
1347
-844
1300
-891
1508
82
-324
35
-371
498
-1183
1726
-1230
1679
-1277
1632
-2599
1075
-1116
1283
367
-1314
1595
-1361
1548
-1408
1501
-1455
1454
-1502
1407
-1039
595
189
803
1162
-1029
1115
-1076
-207
-1633
1276
-1680
1229
-1217
417
11
370
-36
578
937
-1254
890
-1301
843
-838
31
390
-16
343
-63
296
-1385
-261
353
712
-969
-100
259
-147
212
-194
165
-241
118
-288
71
175
-741
1658
232
-174
185
-221
138
-1543
-419
-60
44
-872
1272
-919
1225
-966
1433
7
-399
-40
-446
423
-1258
1651
-1305
1604
-1352
1557
-1399
1510
-2721
1208
292
-1389
1520
-1436
1473
-1483
1426
-1530
1379
-1577
1332
-1114
520
114
728
1087
-1104
1040
-1151
993
-1198
946
-735
-1141
-17
342
-64
295
-111
503
862
-1329
815
-866
3
362
-44
315
-91
268
-138
221
-185
174
533
188
-215
147
-256
106
-297
65
-338
534
-2419
1258
-930
1217
-971
1176
-1012
1135
-1053
1094
-1094
1308
-115
-518
354
-1324
1588
-1365
1547
-1406
1506
-1447
1465
-1488
1424
-1529
1383
-1570
1342
-1101
536
133
495
92
709
1071
-1117
1030
-1158
989
-1199
948
-1240
907
-771
101
463
60
422
19
381
-1297
-170
192
-211
151
-252
365
727
-951
-79
283
-120
242
-161
201
-202
160
-243
119
-284
78
-325
37
144
-769
1378
-810
1337
-851
1551
128
-275
87
-316
46
-357
5
-398
474
-1204
1708
-1245
1667
-1286
1626
-1327
1585
-1368
1544
-1409
1503
-2725
1207
294
-1384
1528
-1425
1487
-1466
1446
-1507
1405
-1548
1364
-1589
1323
-1630
1282
-1161
476
73
435
32
394
-9
353
-50
567
929
-1259
888
-1300
847
-831
41
403
0
362
-41
321
-82
280
-123
239
-164
198
-205
157
264
-649
1753
330
-1348
-221
141
-262
100
-303
59
-344
18
-385
-23
84
-829
1318
-870
1277
-911
1236
-952
1195
-993
1409
-14
-417
-55
-458
414
-1264
1648
-1305
1607
-1346
1566
-1387
1525
-1428
1484
-1469
1443
-1510
1402
-1041
596
193
810
1172
-1016
1131
-1057
1090
-1098
-226
-1649
1263
-1690
1222
-1221
416
13
375
-28
334
-69
293
-110
252
-151
466
828
-1360
787
-891
-19
343
-60
302
-101
261
-142
220
-183
179
-224
138
-265
97
204
-709
1438
-750
1652
229
-174
188
-215
147
-256
106
-297
65
-338
534
-2419
1258
-930
1217
-971
1176
-1012
1135
-1053
1094
-1094
1308
-115
-518
354
-1324
1588
-1365
1547
-1406
1506
-1447
1465
-1488
1424
-1529
1383
-1570
1342
-1101
536
133
495
92
709
1071
-1117
1030
-1158
989
-1199
948
-1240
907
-771
101
463
60
422
19
381
-1297
-170
192
-211
151
-252
365
727
-951
-79
283
-120
242
-161
201
-202
160
-243
119
-284
78
-325
37
144
-769
1378
-810
1337
-851
1551
128
-275
87
-316
46
-357
5
-398
474
-1204
1708
-1245
1667
-1286
1626
-1327
1585
-1368
1544
-1409
1503
-2725
1207
294
-1384
1528
-1425
1487
-1466
1446
-1507
1405
-1548
1364
-1589
1323
-1630
1282
-1161
476
73
435
32
394
-9
353
-50
567
929
-1259
888
-1300
847
-831
41
403
0
362
-41
321
-82
280
-123
239
-164
198
-205
157
264
-810
1340
-845
1305
-880
1270
-915
1235
-950
1455
35
-365
0
-400
-35
-435
-70
-470
-105
-505
370
-1305
1610
-1340
1575
-1375
1540
-1410
1505
-1445
1470
-1480
1435
-1515
1400
-1550
1365
-1585
1330
-1620
1295
-1655
1260
-1180
460
60
425
25
390
-10
355
-45
320
-80
285
-115
250
-150
215
-185
435
800
-1385
765
-1420
730
-945
-70
295
-105
260
-140
225
-175
190
-210
155
-245
120
-280
85
-315
50
-350
15
-385
-20
-420
-55
55
-855
1295
-890
1260
-925
1225
-960
1190
-995
1155
-1030
1120
-1065
1085
-1100
1050
-1135
1015
-1170
980
-1205
1200
290
-1385
1530
-1420
1495
-1455
1460
-1490
1425
-1525
1390
-1560
1355
-1595
1320
-1630
2560
-1155
995
-1190
960
-1225
925
-1260
890
-785
90
455
55
420
20
385
-15
350
-50
315
-85
280
-120
245
-155
210
-190
175
-225
140
-260
105
215
-695
1710
290
-110
255
-145
220
-180
185
-215
150
-250
115
-285
80
-320
45
-355
10
-390
-25
-425
450
-1225
1690
-1260
1655
-1295
1620
-1330
1585
-1365
1550
-1400
1515
-1435
1480
-1470
1445
-1505
1410
-1540
1375
-1575
1340
-1100
540
140
505
105
470
70
690
1055
-1130
1020
-1165
985
-1200
950
-1235
915
-1270
880
-1305
845
-1340
810
-865
10
375
-25
340
-60
305
-95
270
-130
235
-165
200
-200
165
-235
130
-270
95
-305
60
-340
25
135
-775
1375
-810
1340
-845
1305
-880
1270
-915
1235
-950
1455
35
-365
0
-400
-35
-435
-70
-470
-105
-505
370
-1305
1610
-1340
1575
-1375
1540
-1410
1505
-1445
1470
-1480
1435
-1515
1400
-1550
1365
-1585
1330
-1620
1295
-1655
1260
-1180
460
60
425
25
390
-10
355
-45
320
-80
285
-115
250
-150
215
-185
435
800
-1385
765
-1420
730
-945
-70
295
-105
260
-140
225
-175
190
-210
155
-245
120
-280
85
-315
50
-350
15
-385
-20
-420
-55
55
-855
1295
-890
1260
-925
1225
-960
1190
-995
1155
-1030
1120
-1065
1085
-1100
1050
-1135
1015
-1170
980
-1205
1200
290
-1385
1530
-1420
1495
-1455
1460
-1490
1425
-1525
1390
-1560
1355
-1595
1320
-1630
2560
-1155
995
-1190
960
-1225
925
-1260
890
-785
90
455
55
420
20
385
-15
350
-50
315
-85
280
-120
245
-155
210
-190
175
-225
140
-260
-23
-420
-52
-449
-81
-478
1165
3
-394
484
-1188
1730
-1217
1701
-1246
1672
-1275
1643
-1304
1614
-1333
1585
-1362
1556
-1391
1527
-1420
1498
-1449
1469
-1478
1440
-1507
1411
-1536
1382
-1565
1353
-1594
1324
-1623
1295
-1652
2541
-1171
982
-1200
953
-1229
924
-1258
895
-1287
866
-1316
837
-1345
808
-1374
779
-893
-15
353
-44
324
-73
295
-102
266
-131
237
-160
208
-189
179
-218
150
-247
121
-276
1367
205
-192
176
-221
147
-250
118
-279
89
-308
60
-337
31
-366
2
-395
-27
-424
-56
-453
-85
-482
-114
-511
-143
-540
-172
-569
-201
-598
280
-1392
1526
-1421
1497
-1450
2743
-969
1184
-998
1155
-1027
1126
-1056
1097
-1085
1068
-1369
19
387
-10
358
-39
329
-68
300
-97
271
-126
242
-155
213
-184
184
-213
155
-242
126
-271
97
-300
1343
181
-216
152
-245
123
-274
94
-303
65
178
-729
1424
-758
1395
-787
1366
-816
1337
-845
1308
-874
1279
-903
1250
-932
1221
-961
1192
-990
1163
-1019
1134
-1048
1105
-1077
1076
169
1557
-1390
1528
-1419
1499
-1448
1470
-1477
1441
-1506
1412
-1535
1383
-1564
1354
-1593
1325
-1622
1296
-1651
1267
-1680
1238
-1199
444
47
415
18
386
-11
357
-40
328
-69
299
-98
1545
383
-14
354
-43
325
-72
296
-101
267
-130
238
-159
209
-188
180
-217
151
-246
122
-275
93
-304
64
-333
35
-362
6
-391
-23
-420
-52
-449
-81
-478
1165
3
-394
484
-1188
1730
-1217
1701
-1246
1672
-1275
1643
-1304
1614
-1333
1585
-1362
1556
-1391
1527
-1420
1498
-1449
1469
-1478
1440
-1507
1411
-1536
1382
-1565
1353
-1594
1324
-1623
1295
-1652
2541
-1171
982
-1200
953
-1229
924
-1258
895
-1287
866
-1316
837
-1345
808
-1374
779
-893
-15
353
-44
324
-73
295
-102
266
-131
237
-160
208
-189
179
-218
150
-247
121
-276
1367
205
-192
176
-221
147
-250
118
-279
89
-308
60
-337
31
-366
2
-395
-27
-424
-56
-453
-85
-482
-114
-511
-143
-540
-172
-569
-201
-598
280
-1392
1526
-1421
1497
-1450
2743
-969
1184
-998
1155
-1027
1126
-1056
1097
-1085
1068
-1369
19
387
-10
358
-39
329
-68
300
-97
271
-126
242
-155
213
-184
184
-213
155
-242
126
-271
97
-300
1343
181
-216
152
-245
123
-274
-256
115
-279
92
-302
69
-580
-974
1182
-997
1159
-1020
1136
-1043
1113
-1066
1090
186
1577
-1367
1554
-1390
1531
-1413
1508
-1436
1485
-1459
1462
-1482
1439
-1505
1416
-1528
1393
-1551
2645
-1064
1092
-1087
1069
-1110
1046
-1388
3
374
-20
351
-43
328
-66
305
-89
282
-112
259
-135
1511
352
-42
329
-65
306
-88
283
-111
260
-134
237
-157
214
-180
191
-203
168
-226
1420
261
-133
238
-411
-805
1351
-828
1328
-851
1305
-874
1282
-897
1259
-920
1236
-943
1213
309
1700
-1244
1677
-1267
1654
-1290
1631
-1313
1608
-1336
1585
-1359
1562
-1382
1539
-1405
1516
-1428
1493
-1451
2745
-1219
172
543
149
520
126
497
103
474
80
451
-453
1193
-1751
1170
-1774
1147
-1797
2399
-1310
846
-1333
823
-1356
800
-1379
777
-1402
754
-1425
731
-1448
708
-1471
685
-1749
-358
1288
129
-265
106
-288
83
-311
60
-334
37
-357
14
-380
-9
-403
-32
-426
-55
-449
-78
-472
1174
15
-379
-8
-402
-31
-425
-54
-448
-77
-471
-100
-494
-123
-772
-1166
990
-1189
967
63
1454
-1490
1431
-1513
1408
-1536
1385
-1559
1362
-1582
1339
-1605
1316
-1628
1293
-1651
1270
-1674
2522
-1187
969
-1210
946
-1233
923
-1256
900
-1279
877
-1302
854
-1580
-189
182
-212
159
-235
1411
252
-142
229
-165
206
-188
183
-211
160
-234
137
-257
114
-280
91
-303
68
-326
45
-349
1297
138
-256
115
-279
92
-302
69
-580
-974
1182
-997
1159
-1020
1136
-1043
1113
-1066
1090
186
1577
-1367
1554
-1390
1531
-1413
1508
-1436
1485
-1459
1462
-1482
1439
-1505
1416
-1528
1393
-1551
2645
-1064
1092
-1087
1069
-1110
1046
-1388
3
374
-20
351
-43
328
-66
305
-89
282
-112
259
-135
1511
352
-42
329
-65
306
-88
283
-111
260
-134
237
-157
214
-180
191
-203
168
-226
1420
261
-133
238
-411
-805
1351
-828
1328
-851
1305
-874
1282
-897
1259
-920
1236
-943
1213
309
1700
-1244
1677
-1267
1654
-1290
1631
-1313
1608
-1336
1585
-1359
1562
-1382
1539
-1405
1516
-1428
1493
-1451
2745
-1219
172
543
149
520
126
497
103
474
80
451
-453
1193
-1751
1170
-1774
1147
-1797
2399
-1310
846
-1333
823
-1356
800
-1379
777
-1402
754
-1425
731
-1448
708
-1471
685
-1749
-358
1288
129
-265
106
-288
1296
-880
1279
-897
1262
-914
735
1109
-47
-438
-64
-455
-81
-472
-98
-489
-115
-761
-1152
1007
106
1500
-1441
1483
-1458
1466
-1475
1449
-1492
1432
-1509
1415
-1526
1398
-1543
2656
-1305
89
463
72
446
55
429
-472
1177
-1764
1160
-1781
2418
-1288
871
-1305
854
-1322
837
-1339
820
-1611
-217
157
-234
1415
259
-132
242
-149
225
-166
208
-183
191
-200
174
-217
1432
276
-370
-761
1398
-778
871
-30
-421
-47
-438
-64
-455
-81
-472
1177
21
-370
4
-387
-13
-659
-1050
1109
-1067
1092
-1084
1075
174
1568
-1373
1551
-1390
1534
-1407
1517
-1424
1500
-1441
1483
-1458
2741
-1220
-336
1313
-1628
1296
-1645
1279
-1662
1262
-1679
1245
-1696
2503
-1203
956
-1220
939
-1237
922
-1509
-115
259
-132
242
-149
1500
344
-47
327
-64
310
-81
293
-98
276
-115
-251
633
-1798
-404
1245
89
-302
72
-319
55
-336
38
-353
21
-370
4
-387
1262
106
-285
89
-302
72
-574
-965
1194
-982
1177
-999
1160
259
1653
-1288
1636
-1305
1619
-1322
1092
-574
-200
-591
-217
-863
21
1415
-1526
1398
-1543
1381
-1560
1364
-1577
1347
-1594
1330
-1611
2588
-1118
1041
-1135
1024
-1407
-13
361
-30
344
-47
327
-64
310
-81
1568
412
21
-115
769
-1407
752
-1424
735
-1696
-302
72
-319
1330
174
-217
157
-234
140
-251
123
-268
106
-285
89
-302
1347
191
-200
174
-472
-863
1296
-880
1279
-897
1262
-914
735
1109
-47
-438
-64
-455
-81
-472
-98
-489
-115
-761
-1152
1007
106
1500
-1441
1483
-1458
1466
-1475
1449
-1492
1432
-1509
1415
-1526
1398
-1543
2656
-1305
89
463
72
446
55
429
-472
1177
-1764
1160
-1781
2418
-1288
871
-1305
854
-1322
837
-1339
820
-1611
-217
157
-234
1415
259
-132
242
-149
225
-166
208
-183
191
-200
174
-217
1432
276
-370
-761
1398
-778
871
-30
-421
-47
-438
-64
-455
-81
-472
1177
21
-370
4
-387
-13
-659
-1050
1109
-1067
1092
-1084
1075
174
1568
-1373
1551
-1390
1534
-1407
1517
-1424
1500
-1441
1483
-1458
2741
-1220
-336
1313
-1628
1296
-1645
1279
-1662
1262
-1679
1245
-1696
2503
-1203
956
-1220
939
-1237
922
-1509
-115
259
-132
242
-149
1500
344
-47
327
-64
310
-81
293
-98
276
-115
-251
633
-1798
-404
1245
89
-302
-467
-90
-478
1174
21
-367
10
-633
-1021
1141
-1032
1130
232
1629
-1309
1618
-1320
1097
-566
-189
-832
-1220
942
44
1441
-1497
1430
-1508
1419
-1519
1408
-1530
1397
-1541
2661
-1297
-410
1242
-1696
1231
-1707
1220
-1718
2484
-1219
943
-1230
932
-1496
-99
278
-110
267
-121
1531
378
-10
-143
744
-1429
733
-1695
-298
1354
201
-187
190
-198
179
-209
168
-220
157
-231
1166
-752
900
2
-386
-9
-397
-20
-408
-31
-419
1233
80
-308
69
-574
-962
1200
-973
1189
291
1178
-485
-108
-496
-119
-507
-130
-773
-1161
1001
103
1500
-1438
1489
-1449
1478
-1460
1467
-1471
2731
-1227
-340
1312
-1626
1301
-1637
1290
-1648
1279
-1659
2543
-1160
1002
-1426
-29
348
-40
337
-51
326
-572
2355
-1348
814
-1359
803
-1625
-228
149
-239
1413
260
-128
249
-139
238
-150
227
-161
-294
593
-560
72
-316
61
-327
50
-338
39
-349
1303
150
-238
139
-504
-892
1270
-903
1259
-914
738
1115
-38
-426
-49
-437
-60
-703
-1091
1071
-1102
1060
162
1559
-1379
1548
-1390
1537
-1401
1016
-902
-15
1382
-1556
1371
-1567
1360
-1578
1349
-1589
1338
-1600
2602
-1356
41
418
30
407
-491
1161
-1777
2425
-1278
884
-1289
873
-1300
862
-1566
-169
208
-180
1472
319
-69
308
-80
-213
674
-1499
663
-1765
-368
1284
131
-257
120
-268
109
-279
98
-290
1362
209
-434
-822
1340
-833
819
-79
-467
-90
-478
1174
21
-367
10
-633
-1021
1141
-1032
1130
232
1629
-1309
1618
-1320
1097
-566
-189
-832
-1220
942
44
1441
-1497
1430
-1508
1419
-1519
1408
-1530
1397
-1541
2661
-1297
-410
1242
-1696
1231
-1707
1220
-1718
2484
-1219
943
-1230
932
-1496
-99
278
-110
267
-121
1531
378
-10
-143
744
-1429
733
-1695
-298
1354
201
-187
190
-198
179
-209
168
-220
157
-231
1166
-752
900
2
-386
-9
-397
-20
-408
-31
-419
1233
80
-308
69
-574
-962
1200
-973
1189
291
1178
-485
-108
-496
-119
-507
-130
-773
-1161
1001
103
1500
-1438
1489
-1449
1478
-1460
1467
-1471
2731
-1227
-340
1312
-1626
1301
-1637
1290
-1648
1279
-1659
2543
-1160
1002
-1426
-29
348
-40
337
-51
326
-572
2355
-1348
814
-1359
803
-1625
-228
149
-239
1413
260
-128
249
-139
238
-150
227
-161
-294
593
-560
72
-316
65
-320
60
-580
-965
1200
-970
685
1065
-85
-470
-90
-730
-1115
1050
155
1555
-1380
1550
-1385
1035
-625
-245
-885
5
1405
-1530
1400
-1535
1395
-1540
1390
-1545
2660
-1295
-405
1250
-1685
1245
-1690
2515
-1185
980
-1445
-45
335
-50
330
-565
2365
-1335
830
-1340
825
-1600
-200
180
-205
1450
300
-85
-215
675
-1750
-350
1305
155
-230
150
-235
145
-240
140
-245
645
5
-380
0
-385
-5
-390
1265
115
-270
110
-530
-915
1250
-920
735
1115
-35
-420
-40
-680
-1065
1100
-1070
1095
200
1600
-1335
1085
-575
-195
-835
55
1455
-1480
1450
-1485
1445
-1490
1440
-1750
1180
1305
-1630
1300
-1635
1295
-1640
2565
-1135
1030
-1395
5
385
-510
1145
-1790
2415
-1285
880
-1290
875
-1550
-150
230
-155
1500
-160
730
-1440
725
-1700
-300
1355
205
-180
200
-185
195
-190
190
-195
695
55
-330
50
-335
45
-340
1315
165
-475
-860
1305
-865
790
-105
-490
1165
15
-370
10
-630
-1015
1150
-1020
1145
250
1140
-520
-140
-525
-145
-785
105
1505
-1430
1500
-1435
1495
-1440
980
-935
-45
1355
-1580
1350
-1585
1345
-1590
1340
-1595
2610
-1345
-455
1200
-1735
1195
-1740
2465
-1235
930
-1495
-95
285
-100
280
-105
1550
-110
780
-1390
775
-1650
-250
1405
255
-130
250
-135
245
-140
-270
620
-530
105
-280
100
-285
95
-290
90
-295
1105
-810
845
-50
-435
-55
-440
1215
65
-320
60
-580
-965
1200
-970
685
1065
-85
-470
-90
-730
-1115
1050
155
1555
-1380
1550
-1385
1035
-625
-245
-885
5
1405
-1530
1400
-1535
1395
-1540
1390
-1545
2660
-1295
-405
1250
-1685
1245
-1690
2515
-1185
980
-1445
-45
335
-50
330
-565
2365
-1335
830
-1340
825
-1600
-200
180
-205
1450
300
-85
-215
675
-1750
-350
1305
155
-230
150
-235
145
-240
140
-245
645
5
-380
0
-385
-5
-390
1265
115
-270
110
-530
-915
1250
-920
735
1115
-35
-420
-40
-680
-1065
1100
-1070
1095
200
1600
-1335
1085
-575
-195
-835
55
1455
-1480
1450
-1485
1445
-1490
1440
-1750
1180
1305
-1630
1300
-1635
1295
-1640
2565
-1135
1030
-1395
5
385
-510
1145
-1790
2415
-1285
880
-1290
875
-1550
-150
230
-155
1500
-160
730
-1440
725
-1700
-300
1355
205
-180
200
-185
195
-190
190
-195
695
55
-330
-933
1235
-932
726
1109
-38
-420
-37
-674
-1056
1112
220
1113
-544
-161
-798
-1180
988
96
1499
-1433
1500
-1432
991
-921
-28
1375
-1557
1376
-1556
1377
-1555
2653
-1299
-406
1252
-1680
1253
-1679
2529
-1423
-20
363
-529
1129
-1803
2405
-1292
876
-1546
-143
240
-142
1516
-141
752
-1415
753
-1669
-266
1392
245
-137
-264
629
-1793
-390
1268
121
-261
122
-260
123
-259
634
-3
-385
-2
-384
-1
-383
1020
-892
1276
-891
767
1150
3
-379
4
-633
-1015
1153
261
1154
-503
-120
-502
-119
-756
137
1540
-1392
1541
-1391
1032
-880
13
1416
-1516
1417
-1515
1418
-1514
2184
-493
-1640
1293
-1639
1294
-1638
2570
-1382
21
404
-488
1170
-1762
2446
-1251
917
-1505
-102
281
-101
1557
-100
793
-1374
794
-1628
-225
1433
286
-96
-223
670
-1752
-349
1309
162
-220
163
-219
164
-218
675
38
-344
39
-343
40
-342
1061
-851
807
-85
-467
-84
-466
1192
45
-592
-974
1194
-973
685
1068
-79
-461
-78
-715
-1097
1071
179
1582
-1350
1073
-839
-1221
947
55
1458
-1474
1459
-1473
950
-962
-69
1334
-1598
1335
-1597
1336
-1596
2612
-1340
-447
1211
-1721
1212
-1720
2488
-1464
-61
322
-570
2363
-1334
834
-1333
835
-1587
-184
1474
327
-55
-182
711
-1711
-308
1350
203
-179
204
-178
205
-177
716
79
-303
80
-302
81
-301
1357
210
-937
-44
-426
-43
-425
1233
86
-551
-933
1235
-932
726
1109
-38
-420
-37
-674
-1056
1112
220
1113
-544
-161
-798
-1180
988
96
1499
-1433
1500
-1432
991
-921
-28
1375
-1557
1376
-1556
1377
-1555
2653
-1299
-406
1252
-1680
1253
-1679
2529
-1423
-20
363
-529
1129
-1803
2405
-1292
876
-1546
-143
240
-142
1516
-141
752
-1415
753
-1669
-266
1392
245
-137
-264
629
-1793
-390
1268
121
-261
122
-260
123
-259
634
-3
-385
-2
-384
-1
-383
1020
-892
1276
-891
767
1150
3
-379
4
-633
-1015
1153
261
1154
-503
-120
-502
-119
-756
137
1540
-1392
1541
-1391
1032
-880
13
1416
-1516
1417
-1515
1418
-1514
2184
-493
-1640
1293
-1639
1294
-1638
2570
-1382
21
404
-488
1170
-1762
2446
-1251
917
-1505
-102
281
-101
1557
-100
793
-1374
794
-1628
-225
1433
286
-96
-223
670
-1752
-349
1309
162
-220
163
-219
164
-218
675
38
-344
-146
-525
1136
-8
-642
-1021
1150
261
1157
-497
-111
-745
-1124
1047
158
1054
-600
-214
-848
48
1454
-1475
1461
-1468
958
-951
-55
1351
-1578
1358
-1571
2640
-1309
-413
1248
-1681
1255
-1674
2537
-1412
-516
1145
-1784
2427
-1267
904
-1515
-109
277
-612
2324
-1370
801
-1618
-212
1449
305
-74
-198
698
-1721
-315
1346
202
-177
-301
595
-549
92
-287
99
-280
1381
237
-907
-11
-390
-4
-383
1278
134
-1010
-114
-493
1168
24
-610
-989
1182
-982
679
1065
-79
-713
-1092
1079
190
1596
-1333
1093
-816
-1195
976
87
1493
-1436
990
-919
-23
1383
-1546
1390
-1539
1397
-1787
1149
1280
-1649
1287
-1642
2569
-1380
-484
1177
-1752
1184
-1745
2466
-1483
-77
309
-580
2356
-1338
833
-1586
-180
206
-173
1488
-166
730
-1689
-283
1378
234
-145
-269
627
-1792
-386
1275
131
-248
138
-241
655
21
-358
28
-351
1310
166
-978
-82
-461
-75
-454
1207
63
-571
-950
711
1097
-47
-426
-40
-674
-1053
1118
229
1125
-529
-143
-777
119
1525
-1404
1022
-632
-246
-880
16
1422
-1507
1429
-1500
2201
-473
-1617
1319
-1610
1326
-1603
2608
-1341
-445
1216
-1713
2498
-1196
975
-1444
-548
1113
-1816
2395
-1554
-148
238
-141
1520
-134
762
-1657
-251
135
-244
1417
-237
659
-1760
-354
1307
163
-216
170
-209
-588
-457
1204
60
-319
67
-312
1094
-815
846
-43
-422
1239
95
-539
-918
743
-146
-525
1136
-8
-642
-1021
1150
261
1157
-497
-111
-745
-1124
1047
158
1054
-600
-214
-848
48
1454
-1475
1461
-1468
958
-951
-55
1351
-1578
1358
-1571
2640
-1309
-413
1248
-1681
1255
-1674
2537
-1412
-516
1145
-1784
2427
-1267
904
-1515
-109
277
-612
2324
-1370
801
-1618
-212
1449
305
-74
-198
698
-1721
-315
1346
202
-177
-301
595
-549
92
-287
99
-280
1381
237
-907
-11
-390
-4
-383
1278
134
-1010
-114
-493
1168
24
-610
-989
1182
-982
679
1065
-79
-713
-1092
1079
190
1596
-1333
1093
-816
-1195
976
87
1493
-1436
990
-919
-23
1383
-1546
1390
-1539
1397
-1787
1149
1280
-1649
1287
-1642
2569
-1380
-484
1177
-1752
1184
-1745
2466
-1483
-77
309
-580
2356
-1338
833
-1586
-180
206
-173
1488
-166
730
-1689
-283
1378
234
-145
-269
627
-1792
-386
1275
131
-248
138
-241
655
21
-358
1151
10
-621
-997
667
1056
-85
-716
-1092
1082
196
1095
-556
-167
-798
101
1510
-1416
1013
-893
6
1415
-1511
1428
-1498
2206
-465
-1606
1333
-1593
1346
-1835
1104
1238
-1688
1251
-1675
2539
-1407
-508
1156
-1770
2444
-1502
-93
296
-590
2349
-1342
832
-1584
-175
1489
-162
737
-1679
-270
1394
253
-123
-244
655
-486
158
-218
171
-205
694
63
-313
76
-300
1109
-797
867
-19
-395
-6
-382
1027
-879
785
-101
-477
932
-974
690
-196
-572
1092
-49
-680
-1056
608
997
-144
-775
-1151
1023
137
1036
-615
-226
-857
42
1451
-1475
954
-952
-53
1356
-1570
1369
-1557
2147
-524
-1665
1274
-1652
2562
-1384
-485
1179
-1747
2467
-1224
950
-1466
-567
1097
-1829
2385
-1561
-152
237
-649
2290
-1401
773
-1643
-234
1430
-221
678
-1738
-329
1335
194
-182
-303
596
-545
99
-277
112
-264
635
4
-372
17
-359
1050
-856
808
-78
-454
1210
69
-562
-938
726
1115
-26
-657
-1033
1141
255
1154
-497
-108
-739
-1115
1059
173
1072
-834
-1210
964
78
1487
-1439
990
-916
-17
1392
-1534
1405
-1776
1163
1297
-1629
1310
-1616
2598
-1348
-449
1215
-1711
2503
-1443
-34
355
-531
2408
-1283
891
-1525
-626
2313
-1378
796
-1620
-211
1453
-198
701
-1460
714
-427
217
-159
-280
619
-1797
-388
1276
135
-241
-362
537
-604
40
-336
53
-323
576
-55
-431
-42
-418
991
-915
749
-137
-513
1151
10
-621
-997
667
1056
-85
-716
-1092
1082
196
1095
-556
-167
-798
101
1510
-1416
1013
-893
6
1415
-1511
1428
-1498
2206
-465
-1606
1333
-1593
1346
-1835
1104
1238
-1688
1251
-1675
2539
-1407
-508
1156
-1770
2444
-1502
-93
296
-590
2349
-1342
832
-1584
-175
1489
-162
737
-1679
-270
1394
253
-123
-244
655
-486
158
-218
171
-205
694
63
-313
76
-300
1109
-797
867
-19
-395
-6
-382
1027
-879
785
-101
-477
932
-974
690
-196
-572
1092
-49
-680
-1056
608
997
-144
-775
-1151
1023
137
1036
-615
-226
-857
42
1451
-1475
954
-952
-53
1356
-1570
1369
-1557
2147
-524
-1665
1274
-1652
2562
-1384
-485
1179
-1747
2467
-1224
950
-1466
-567
1097
-1829
2385
-1561
-152
237
-649
2290
-1401
773
-1643
-234
1430
-221
678
-1738
-329
1335
194
-182
-303
596
-545
99
-277
112
-264
635
4
-372
-612
-985
682
1074
-64
-692
-1065
602
994
-144
-772
-1145
1032
149
1051
-852
-1225
952
69
971
-932
-30
1382
-1541
1401
-1777
1165
1302
-1621
1321
-1602
2105
-563
-1701
1241
-1682
2535
-1408
-506
1161
-1762
2455
-1488
-586
2356
-1332
845
-1568
-156
1511
-137
765
-1648
-236
1431
-217
685
-1728
-316
1351
213
-160
-533
-396
1271
133
-240
-613
-476
1191
53
-320
582
-46
-419
-27
-400
1267
129
-1009
-107
-480
1187
49
-1089
-187
-560
1107
-31
-659
-1032
635
1027
-111
-739
163
1065
-583
-191
-819
83
1495
-1428
1004
-899
3
1415
-1508
924
-979
-77
1335
-1588
1354
-1824
1118
1255
-1668
1274
-1904
1038
1175
-1748
2469
-1474
-62
330
-553
2389
-1299
878
-1535
-633
2309
-1379
798
-1615
-203
1464
-184
718
-1695
-283
1384
-264
638
-500
147
-226
166
-207
695
67
-306
86
-287
615
-13
-386
6
-367
535
-93
-466
-74
-447
965
-938
729
-154
-527
885
-1018
649
1041
-97
-725
-1098
1079
196
1098
-550
-158
-786
116
1018
-630
-238
-866
36
1448
-1475
957
-946
-44
1368
-1555
2152
-516
-1654
1288
-1635
2582
-1361
-459
1208
-1715
2502
-1441
-539
1128
-1795
2422
-1521
-109
283
-600
2342
-1601
-189
203
-680
2262
-1681
-269
1398
260
-113
-486
-349
1318
180
-193
-311
591
-547
100
-273
119
-254
648
20
-353
39
-334
568
-60
-433
1234
96
-1042
-140
-513
1154
16
-612
-985
682
1074
-64
-692
-1065
602
994
-144
-772
-1145
1032
149
1051
-852
-1225
952
69
971
-932
-30
1382
-1541
1401
-1777
1165
1302
-1621
1321
-1602
2105
-563
-1701
1241
-1682
2535
-1408
-506
1161
-1762
2455
-1488
-586
2356
-1332
845
-1568
-156
1511
-137
765
-1648
-236
1431
-217
685
-1728
-316
1351
213
-160
-533
-396
1271
133
-240
-613
-476
1191
53
-320
582
-46
-419
-27
-400
1267
129
-1009
-107
-480
1187
49
-1089
-187
-560
1107
-31
-659
-1032
635
1027
-111
-739
163
1065
-583
-191
-819
83
1495
-1428
1004
-899
3
1415
-1508
924
-979
-77
1335
-1588
1354
-1824
1118
1255
-1668
1274
-1904
1038
1175
-1748
2469
-1474
-62
330
-553
2389
-1299
878
-1535
-633
2309
-1379
798
-1615
-203
1464
-184
718
-1695
-283
1384
-264
638
-500
147
-226
166
-207
695
67
-306
86
-287
615
-13
-386
685
1080
-55
-680
-1050
620
1015
-120
-745
160
1065
-580
-185
-810
95
1000
-645
-250
-875
30
935
-965
-60
1355
-1565
870
-1030
-125
1290
-1630
2590
-1350
-445
1225
-1695
2525
-1415
-510
1160
-1760
2460
-1480
-575
2370
-1570
-155
240
-640
2305
-1635
-220
1450
-195
710
-1700
-285
1385
-260
645
-1765
-350
1320
-325
580
-555
95
-275
-390
515
-620
30
-340
565
-60
-430
-35
-405
1010
-890
780
1175
40
-585
-955
715
1110
-25
-650
-1020
650
1045
-90
-715
190
1095
-805
-1175
1005
125
1030
-870
35
1450
-1470
965
-935
-30
1385
-1535
900
-1000
-95
1320
-1600
2110
-555
-1690
1255
-1665
2045
-620
-1755
2465
-1475
-570
1100
-1820
2400
-1540
-125
270
-610
2335
-1605
-190
1480
-165
740
-1670
-255
1415
-230
675
-460
190
-180
-550
-410
1260
125
-245
-615
-475
1195
60
-310
595
-30
-400
-5
-375
530
-95
-465
1205
70
-1065
-160
-530
1140
5
-1130
1050
-85
-710
-1080
590
985
-150
-775
-1145
1035
155
1060
-840
65
1480
-1440
995
-905
0
1415
-1505
2205
-460
-1595
1350
-1825
1120
1260
-1660
1285
-1890
1055
1195
-1725
2495
-1445
-540
1130
-1790
2430
-1510
-605
2340
-1345
835
-1575
-670
2275
-1410
770
-1640
-735
2210
-1730
-315
1355
-290
615
-1795
-380
1290
155
-215
690
65
-305
90
-280
625
0
-370
1300
165
-970
-65
-435
980
-920
750
-130
-500
915
-985
685
1080
-55
-680
-1050
620
1015
-120
-745
160
1065
-580
-185
-810
95
1000
-645
-250
-875
30
935
-965
-60
1355
-1565
870
-1030
-125
1290
-1630
2590
-1350
-445
1225
-1695
2525
-1415
-510
1160
-1760
2460
-1480
-575
2370
-1570
-155
240
-640
2305
-1635
-220
1450
-195
710
-1700
-285
1385
-260
645
-1765
-350
1320
-325
580
-555
95
-275
-390
515
-620
30
-340
565
-60
-430
-35
-405
1010
-890
780
1175
40
-585
-955
715
1110
-25
-650
-1020
650
1045
-90
-715
190
1095
-805
-1175
1005
125
1030
-870
35
1450
-1470
965
-935
-30
1385
-1535
900
-1000
-95
1320
-1600
2110
-555
-1690
1255
-1665
2045
-620
-1755
2465
-1475
-570
1100
-1820
2400
-1540
-125
270
-610
2335
-1605
-190
1480
-165
740
-1670
-255
1415
-230
675
-460
190
-180
-550
-410
1260
125
-245
-615
-475
1195
60
-310
595
-30
-400
-568
850
-1047
626
1024
-108
-730
178
1086
-811
-1178
1005
128
1036
-861
47
1465
-1452
986
-911
-3
905
-992
-84
1334
-1583
2130
-532
-1664
1284
-1888
1060
1203
-1714
2509
-1428
-520
1153
-1764
2459
-1478
-570
2378
-1559
-651
2297
-1385
798
-1609
-701
2247
-1690
-272
1401
-241
667
-1740
-322
1351
-291
617
-515
138
-229
679
57
-310
88
-279
629
7
-360
548
-74
-441
-43
-410
498
-124
-491
927
-970
703
1101
-31
-653
-1020
653
1051
-81
-703
205
1113
-784
-1151
522
920
-212
-834
74
982
-915
-7
1411
-1506
932
-965
-57
1361
-1556
2157
-505
-1637
1311
-1861
1087
1230
-1687
2536
-1401
-493
2455
-1482
-574
1099
-1818
2405
-1532
-624
2324
-1358
825
-1582
-674
2274
-1663
-245
1428
-214
694
-1713
-295
1378
-519
-376
1297
-345
563
-569
84
-283
-395
513
-619
34
-333
575
-47
-414
-16
-383
525
-97
-464
954
-943
730
1128
-4
-626
-993
680
823
-1074
599
997
-135
-757
-1124
549
947
-185
-807
101
1009
-888
20
1438
-1479
959
-938
-30
1388
-1784
1164
1307
-1610
828
-1069
-161
1257
-1660
2053
-609
-1741
2482
-1455
-547
1126
-1791
2432
-1505
-597
2351
-1586
-168
230
-647
2301
-1636
-218
1455
-187
721
-411
-268
640
-1767
-349
1324
-318
590
-542
111
-256
-623
-480
1193
61
-306
602
-20
-387
1031
-866
807
-70
-437
471
-151
-518
1155
23
-1109
-201
-568
850
-1047
626
1024
-108
-730
178
1086
-811
-1178
1005
128
1036
-861
47
1465
-1452
986
-911
-3
905
-992
-84
1334
-1583
2130
-532
-1664
1284
-1888
1060
1203
-1714
2509
-1428
-520
1153
-1764
2459
-1478
-570
2378
-1559
-651
2297
-1385
798
-1609
-701
2247
-1690
-272
1401
-241
667
-1740
-322
1351
-291
617
-515
138
-229
679
57
-310
88
-279
629
7
-360
548
-74
-441
-43
-410
498
-124
-491
927
-970
703
1101
-31
-653
-1020
653
1051
-81
-703
205
1113
-784
-1151
522
920
-212
-834
74
982
-915
-7
1411
-1506
932
-965
-57
1361
-1556
2157
-505
-1637
1311
-1861
1087
1230
-1687
2536
-1401
-493
2455
-1482
-574
1099
-1818
2405
-1532
-624
2324
-1358
825
-1582
-674
2274
-1663
-245
1428
-214
694
-1713
-295
1378
-519
-376
1297
-345
563
-569
84
-283
-395
513
-619
34
-333
575
-47
-414
-36
-1165
1021
-108
-727
-1091
585
731
-1163
513
914
-215
-834
77
988
-906
5
1426
-1488
953
-941
-30
881
-1013
-102
1319
-1850
1101
1247
-1667
2049
-610
-1739
1212
-1957
994
1140
-1774
2452
-1482
-571
2380
-1554
-643
2308
-1626
-205
1471
-168
743
-1661
-750
2201
-1733
-312
1364
-275
636
-493
163
-201
710
91
-273
-637
-491
1185
56
-308
603
-16
-380
531
-88
-452
1224
95
-1034
-123
-487
424
-195
-559
862
-1032
644
1045
-84
-703
208
1119
-775
-1139
537
938
-191
-810
101
1012
-882
29
940
-954
-43
1378
-1536
905
-989
-78
1343
-1826
1125
1271
-1643
2073
-586
-1715
2511
-1423
-512
1164
-2005
946
1092
-1822
2404
-1530
-619
2332
-1602
-181
1495
-144
767
-1637
-726
2225
-1709
-288
1388
-251
660
-469
-323
588
-541
115
-249
-613
-467
1209
80
-284
627
8
-356
555
-64
-428
1248
119
-1010
-99
-463
448
-171
-535
886
-1008
668
1069
-60
-1189
997
-132
-751
-1115
561
962
-167
-786
125
1036
-858
53
964
-930
-19
1402
-1512
929
-965
-54
857
-1037
-126
1295
-1619
2097
-562
-1691
2535
-1399
-488
1188
-1981
970
1116
-1798
2428
-1506
-595
2356
-1578
-667
2284
-1395
791
-1613
-702
2249
-1685
-264
1412
-482
-336
1340
-299
612
-517
139
-225
-589
-443
1233
-406
505
-624
32
-332
579
-40
-404
507
-112
-476
-75
-439
472
-147
-511
910
-984
692
1093
-36
-1165
1021
-108
-727
-1091
585
731
-1163
513
914
-215
-834
77
988
-906
5
1426
-1488
953
-941
-30
881
-1013
-102
1319
-1850
1101
1247
-1667
2049
-610
-1739
1212
-1957
994
1140
-1774
2452
-1482
-571
2380
-1554
-643
2308
-1626
-205
1471
-168
743
-1661
-750
2201
-1733
-312
1364
-275
636
-493
163
-201
710
91
-273
-637
-491
1185
56
-308
603
-16
-380
531
-88
-452
1224
95
-1034
-123
-487
424
-195
-559
862
-1032
644
1045
-84
-703
208
1119
-775
-1139
537
938
-191
-810
101
1012
-882
29
940
-954
-43
1378
-1536
905
-989
-78
1343
-1826
1125
1271
-1643
2073
-586
-1715
2511
-1423
-512
1164
-2005
946
1092
-1822
2404
-1530
-619
2332
-1602
-181
1495
-144
767
-1637
-726
2225
-1709
-288
1388
-251
660
-469
-323
588
-541
115
-249
-613
-467
1209
80
-284
627
8
-356
555
-64
-428
-1034
645
794
-1097
582
986
-140
-1266
923
-203
-819
95
1009
-882
32
946
-945
-31
1393
-1518
2201
-455
-1581
2138
-518
-1644
800
-1091
-177
1247
-1919
1035
1184
-1727
1992
-664
-1790
2439
-1492
-578
2376
-1555
-641
2313
-1618
-704
2250
-1681
-257
1422
-214
700
-1701
-787
2167
-1764
-340
1339
-552
-403
1276
-615
-466
1213
-423
491
-635
24
-337
577
-39
-400
514
-102
-463
961
-930
749
1153
27
-1099
-185
-546
368
-248
-609
815
-1076
603
752
-1139
540
944
-182
-798
116
1030
-861
53
967
-924
-10
904
-987
-73
1351
-1560
2159
-497
-1623
821
-1070
-156
1268
-1898
1056
1205
-1961
993
1142
-1769
1950
-706
-1832
2397
-1534
-620
2334
-1597
-683
2271
-1660
-236
1443
-193
721
-405
-256
658
-1743
-319
1360
-531
-382
1297
-594
-445
1234
-402
512
-614
45
-316
598
-18
-379
535
-81
-442
982
-909
770
1174
48
-1078
1111
-15
-1141
-227
-588
836
-1055
624
773
-1118
561
965
-161
-777
137
1051
-840
74
988
-903
11
925
-966
-52
1372
-1539
2180
-476
-1602
842
-1049
-135
1289
-1877
1077
1226
-1940
1014
1163
-1748
1971
-685
-1811
2418
-1513
-599
2355
-1576
-662
2292
-1639
-215
1464
-172
742
-384
-235
679
-1722
-808
2146
-1785
-361
1318
-573
-424
1255
-381
533
-593
66
-295
619
3
-358
556
-60
-421
493
-123
-484
1195
69
-1057
1132
6
-1120
-206
-567
857
-1034
645
794
-1097
582
986
-140
-1266
923
-203
-819
95
1009
-882
32
946
-945
-31
1393
-1518
2201
-455
-1581
2138
-518
-1644
800
-1091
-177
1247
-1919
1035
1184
-1727
1992
-664
-1790
2439
-1492
-578
2376
-1555
-641
2313
-1618
-704
2250
-1681
-257
1422
-214
700
-1701
-787
2167
-1764
-340
1339
-552
-403
1276
-615
-466
1213
-423
491
-635
24
-337
577
-39
-400
514
-102
-463
961
-930
749
1153
27
-1099
-185
-546
368
-248
-609
815
-1076
603
752
-1139
540
944
-182
-798
116
1030
-861
53
967
-924
-10
904
-987
-73
1351
-1560
2159
-497
-1623
821
-1070
-156
1268
-1898
1056
1205
-1961
993
1142
-1769
1950
-706
-1832
2397
-1534
-620
2334
-1597
-683
2271
-1660
-236
1443
-193
721
-405
-256
658
-1743
-319
1360
-531
-382
1297
-594
-445
1234
-402
512
-614
45
-316
598
-18
-379
535
-81
-442
1028
-95
-1218
974
-149
-762
155
1072
-816
101
1018
-870
47
964
-924
-7
910
-978
-61
1366
-1797
1160
1312
-1851
1106
1258
-1650
2072
-581
-1704
2018
-635
-1758
2474
-1454
-537
2420
-1508
-591
2366
-1562
-645
2312
-1616
-699
2258
-1670
-753
2204
-1724
-297
1385
-248
669
-454
-302
615
-508
-356
561
-562
-410
507
-616
46
-312
605
-8
-366
551
-62
-420
497
-116
-474
443
-170
-528
899
-989
693
1100
-23
-1146
1046
-77
-1200
992
-131
-1254
938
-185
-798
119
1036
-852
65
982
-906
11
928
-960
-43
874
-1014
-97
1330
-1833
1124
1276
-1632
2090
-563
-1686
2036
-617
-1740
1982
-671
-1794
2438
-1490
-573
2384
-1544
-627
2330
-1598
-681
2276
-1652
-735
2222
-1706
-279
1403
-485
-333
1349
-284
633
-490
-338
579
-544
-392
525
-598
64
-294
623
10
-348
569
-44
-402
515
-98
-456
461
-152
-510
917
-971
711
863
-1025
657
1064
-59
-1182
1010
-113
-1236
956
-167
-780
137
1054
-834
83
1000
-888
29
946
-942
-25
892
-996
-79
1348
-1815
1142
1294
-1614
2108
-545
-1668
2054
-599
-1722
2000
-653
-1776
2456
-1472
-555
2402
-1526
-609
2348
-1580
-663
2294
-1634
-717
2240
-1688
-261
1421
-467
-315
1367
-266
651
-472
-320
597
-526
-374
543
-580
82
-276
641
28
-330
587
-26
-384
533
-80
-438
479
-134
-492
935
-953
729
881
-1007
675
1082
-41
-1164
1028
-95
-1218
974
-149
-762
155
1072
-816
101
1018
-870
47
964
-924
-7
910
-978
-61
1366
-1797
1160
1312
-1851
1106
1258
-1650
2072
-581
-1704
2018
-635
-1758
2474
-1454
-537
2420
-1508
-591
2366
-1562
-645
2312
-1616
-699
2258
-1670
-753
2204
-1724
-297
1385
-248
669
-454
-302
615
-508
-356
561
-562
-410
507
-616
46
-312
605
-8
-366
551
-62
-420
497
-116
-474
443
-170
-528
899
-989
693
1100
-23
-1146
1046
-77
-1200
992
-131
-1254
938
-185
-798
119
1036
-852
65
982
-906
11
928
-960
-43
874
-1014
-97
1330
-1833
1124
1276
-1632
2090
-563
-1686
2036
-617
-1740
1982
-671
-1794
2438
-1490
-573
2384
-1544
-627
2330
-1598
-681
2276
-1652
-735
2222
-1706
-279
1403
-485
-333
1349
-284
633
-490
-338
579
-544
-392
525
-598
64
-294
623
10
-348
569
-44
-402
515
-98
-456
795
-1090
595
750
-1135
550
705
95
1015
-870
50
970
-915
5
925
-960
-40
880
-1005
-85
835
-1050
-130
790
-1095
-175
1255
-1905
1055
1210
-1950
1010
1165
-1995
965
2395
-1530
-610
2350
-1575
-655
2305
-1620
-700
2260
-1665
-745
2215
-1710
-790
2170
-1755
-325
1360
-525
-370
1315
-570
-415
1270
-615
-460
1225
615
5
-350
570
-40
-395
525
-85
-440
480
-130
-485
435
-175
-530
390
-220
-575
855
-1030
655
810
-1075
610
765
-1120
565
720
110
1030
-855
65
985
-900
20
940
-945
-25
895
-990
-70
850
-1035
-115
805
-1080
-160
1270
-1890
1070
1225
-1935
1025
1180
-1980
980
2410
-1515
-595
2365
-1560
-640
2320
-1605
-685
2275
-1650
-730
2230
-1695
-775
2185
-1740
-820
2140
-1785
-355
1330
-555
-400
1285
-600
-445
1240
630
20
-335
585
-25
-380
540
-70
-425
495
-115
-470
450
-160
-515
405
-205
-560
360
-250
-605
825
-1060
625
780
-1105
580
735
125
1045
-840
80
1000
-885
35
955
-930
-10
910
-975
-55
865
-1020
-100
820
-1065
-145
1285
-1875
1085
1240
-1920
1040
1195
-1965
995
2425
-1500
-580
2380
-1545
-625
2335
-1590
-670
2290
-1635
-715
2245
-1680
-760
2200
-1725
-805
2155
-1770
-340
1345
-540
-385
1300
-585
-430
1255
-630
-475
1210
600
-10
-365
555
-55
-410
510
-100
-455
465
-145
-500
420
-190
-545
375
-235
-590
840
-1045
640
795
-1090
595
750
-1135
550
705
95
1015
-870
50
970
-915
5
925
-960
-40
880
-1005
-85
835
-1050
-130
790
-1095
-175
1255
-1905
1055
1210
-1950
1010
1165
-1995
965
2395
-1530
-610
2350
-1575
-655
2305
-1620
-700
2260
-1665
-745
2215
-1710
-790
2170
-1755
-325
1360
-525
-370
1315
-570
-415
1270
-615
-460
1225
615
5
-350
570
-40
-395
525
-85
-440
480
-130
-485
435
-175
-530
390
-220
-575
855
-1030
655
810
-1075
610
765
-1120
565
720
110
1030
-855
65
985
-900
20
940
-945
-25
895
-990
-70
850
-1035
-115
805
-1080
-160
1270
-1890
1070
1225
-1935
1025
1180
-1980
980
2410
-1515
-595
2365
-1560
-640
2320
-1605
-685
2275
-1650
-730
2230
-1695
-775
2185
-1740
-820
2140
-1785
-355
1330
-555
-400
1285
-600
-445
1240
630
20
-335
585
-25
-380
540
-70
-425
495
-115
-470
-1223
975
-142
-1259
939
-178
-1295
648
-1234
454
612
5
928
-954
-31
892
-990
-67
856
-1026
-103
820
-1062
-139
2059
-588
-1705
2023
-624
-1741
1987
-660
-1777
1951
-696
-2068
895
1053
-2104
859
2292
-1630
-707
2256
-1666
-743
2220
-1702
-779
2184
-1738
-815
2148
-499
-341
582
-535
-377
546
-571
-413
510
-607
-704
-546
1142
535
-72
-424
499
-108
-460
463
-144
-496
427
-180
-532
391
-216
-568
355
1023
-94
-1211
987
-130
-1247
951
-166
-1283
660
-1222
466
624
17
940
-942
-19
904
-978
-55
868
-1014
-91
832
-1050
-127
796
-1086
-163
2035
-612
-1729
1999
-648
-1765
1963
-684
-2056
907
1065
-2092
871
2304
-1618
-695
2268
-1654
-731
2232
-1690
-767
2196
-1726
-803
2160
-487
-329
594
-523
-365
558
-559
-401
522
-595
-692
-534
1154
-728
-570
1118
511
-96
-448
475
-132
-484
439
-168
-520
403
-204
-556
367
1035
-82
-1199
999
-118
-1235
963
-154
-1271
672
-1210
478
636
-1246
442
600
-7
916
-966
-43
880
-1002
-79
844
-1038
-115
808
-1074
-151
2047
-600
-1717
2011
-636
-1753
1975
-672
-2044
919
1077
-2080
883
2316
-1606
-683
2280
-1642
-719
2244
-1678
-755
2208
-1714
-791
2172
-1750
-827
2136
-511
-353
570
-547
-389
534
-583
-425
498
-619
-716
-558
1130
523
-84
-436
487
-120
-472
451
-156
-508
415
-192
-544
379
-228
-580
343
1011
-106
-1223
975
-142
-1259
939
-178
-1295
648
-1234
454
612
5
928
-954
-31
892
-990
-67
856
-1026
-103
820
-1062
-139
2059
-588
-1705
2023
-624
-1741
1987
-660
-1777
1951
-696
-2068
895
1053
-2104
859
2292
-1630
-707
2256
-1666
-743
2220
-1702
-779
2184
-1738
-815
2148
-499
-341
582
-535
-377
546
-571
-413
510
-607
-704
-546
1142
535
-72
-424
499
-108
-460
463
-144
-496
427
-180
-532
391
-216
-568
355
1023
-94
-1211
987
-130
-1247
951
-166
-1283
660
-1222
466
624
17
940
-942
-19
904
-978
-55
868
-1014
-91
832
-1050
-127
796
-1086
-163
2035
-612
-1729
1999
-648
-1765
1963
-684
-2056
907
1065
-2092
871
2304
-1618
-695
2268
-1654
-731
2232
-1690
-767
2196
-1726
-803
2160
-487
-329
594
-523
-365
558
-559
-401
522
-595
-692
-534
1154
-728
-570
1118
511
-96
-448
475
-132
-484
584
745
141
1067
-812
114
1040
-1349
852
-262
-1376
570
-34
892
-987
-61
865
-1014
-88
838
-1041
-115
2086
-558
-1927
1039
1200
-1954
1012
1173
-1981
985
2421
-1498
-572
1884
-760
-1874
1857
-787
-2156
810
2246
-1673
-747
2219
-1700
-774
2192
-452
-291
635
-479
-573
-412
1279
-600
-439
1252
648
44
-305
621
-493
433
-681
-775
-614
1077
473
-131
-480
446
-158
-507
419
-185
-534
392
1063
-51
-1165
781
-1098
593
754
-1125
566
727
123
1049
-1340
861
-253
-1367
579
-25
901
-978
-52
874
-1005
-79
847
-1032
-106
2095
-549
-1663
2068
-576
-1945
1021
1182
-1972
994
2430
-1489
-563
1893
-751
-1865
1866
-778
-2147
819
2255
-1664
-738
2228
-1691
-765
2201
-1718
-792
2174
-470
-564
-403
1288
-591
-430
1261
-618
-457
1234
630
-484
442
-672
-511
415
-699
482
-122
-471
455
-149
-498
428
-176
-525
401
1072
-42
-1156
790
-1089
602
763
-1116
575
736
132
1058
-1331
870
-244
-1358
843
-271
-1385
561
-43
883
-996
-70
856
-1023
-97
829
-1050
-124
2077
-567
-1936
1030
1191
-1963
1003
2439
-1480
-554
1902
-742
-1856
1875
-769
-2138
828
2264
-1655
-729
2237
-1682
-756
2210
-1709
-783
2183
-461
-300
626
-488
-582
-421
1270
-609
-448
1243
639
35
-314
612
-502
424
-690
-784
-623
1068
464
-140
-489
437
-167
-516
410
1081
-33
-1147
1054
-60
-1174
772
-1107
584
745
141
1067
-812
114
1040
-1349
852
-262
-1376
570
-34
892
-987
-61
865
-1014
-88
838
-1041
-115
2086
-558
-1927
1039
1200
-1954
1012
1173
-1981
985
2421
-1498
-572
1884
-760
-1874
1857
-787
-2156
810
2246
-1673
-747
2219
-1700
-774
2192
-452
-291
635
-479
-573
-412
1279
-600
-439
1252
648
44
-305
621
-493
433
-681
-775
-614
1077
473
-131
-480
446
-158
-507
419
-185
-534
392
1063
-51
-1165
781
-1098
593
754
-1125
566
727
123
1049
-1340
861
-253
-1367
579
-25
901
-978
-52
874
-1005
-79
847
-1032
-106
2095
-549
-1663
2068
-576
-1945
1021
1182
-1972
994
2430
-1489
-563
1893
-751
-1865
1866
-778
-2147
819
2255
-1664
-738
2228
-1691
-765
2201
-1718
-792
2174
-470
-564
-403
1288
-591
-430
1261
-618
-457
1234
630
-484
442
-672
-511
415
-699
482
-122
-471
455
-149
-498
-159
-1270
679
-1197
497
661
60
989
-887
42
971
-1415
534
-67
862
-1014
-85
844
-1032
-103
2101
-540
-1906
1063
717
-1159
-230
1974
-667
-1778
1956
-685
-2051
918
2357
-1559
-630
2339
-1577
-648
1811
445
-1686
-757
2212
-1704
-775
2194
-447
-538
-374
1320
-556
-902
2067
-574
-410
519
-592
-683
-519
1175
574
-27
-373
556
-555
374
-737
447
-154
-500
429
-172
-518
411
1085
-26
-1137
812
-1064
630
284
958
-153
-1264
940
-171
-1282
667
66
995
-881
48
977
-1409
540
-61
868
-1008
-79
850
-1026
-97
2107
-534
-1900
1069
1233
-1918
1051
1980
-661
-1772
1962
-679
-2045
924
2363
-1553
-624
2345
-1571
-642
1817
451
-1680
-751
2218
-1698
-769
2200
-1716
-787
2182
-459
-550
-896
2073
-1843
-914
2055
-586
-422
507
-604
-695
-531
1163
562
-39
-385
544
-822
-658
1036
435
-166
-512
417
-184
-530
399
818
-1058
636
290
-311
-657
272
946
-165
-1276
673
-1203
491
655
54
983
-893
36
965
-1421
528
-73
856
-1020
-91
838
-1038
-109
2095
-546
-1912
1057
711
-1165
-236
1968
-673
-2039
930
1094
-2057
912
2351
-1565
-636
1823
-818
-2184
785
2224
-1692
-763
2206
-1710
-781
2188
-453
-544
-380
1314
-562
-908
2061
-580
-416
513
-598
-689
-525
1169
568
-33
-379
550
-561
368
-743
441
-160
-506
423
-178
-524
405
824
-1052
642
806
-1070
624
278
952
-159
-1270
679
-1197
497
661
60
989
-887
42
971
-1415
534
-67
862
-1014
-85
844
-1032
-103
2101
-540
-1906
1063
717
-1159
-230
1974
-667
-1778
1956
-685
-2051
918
2357
-1559
-630
2339
-1577
-648
1811
445
-1686
-757
2212
-1704
-775
2194
-447
-538
-374
1320
-556
-902
2067
-574
-410
519
-592
-683
-519
1175
574
-27
-373
556
-555
374
-737
447
-154
-500
429
-172
-518
411
1085
-26
-1137
812
-1064
630
284
958
-153
-1264
940
-171
-1282
667
66
995
-881
48
977
-1409
540
-61
868
-1008
-79
850
-1026
-97
2107
-534
-1900
1069
1233
-1918
1051
1980
-661
-1772
1962
-679
-2045
924
2363
-1553
-624
2345
-1571
-642
1817
451
-1680
-751
2218
-1698
-769
2200
-1716
-787
2182
-459
-550
-896
2073
-1843
-914
2055
-586
-422
507
-604
-695
-531
1163
562
-39
-385
544
-822
-658
1036
435
-166
-512
-1157
540
197
874
-234
-1342
610
12
944
-929
3
935
-1448
504
-94
838
-1035
-103
2104
-534
-1897
1075
732
-1141
-209
1998
-640
-2003
969
1136
-2012
960
1892
-746
-2109
863
2305
-1608
-676
2296
-1617
-940
757
2199
-1714
-782
2190
-448
-536
-879
2093
-1820
-888
2084
-554
-642
-475
1222
624
-484
448
-660
-748
-581
1116
518
-80
-423
509
421
-177
-520
412
-186
-529
403
825
-1048
649
306
-292
-635
297
719
-1154
543
710
112
1044
-1339
613
-1260
437
604
6
938
-1445
507
-91
841
-1032
-100
832
-1041
-364
1078
735
-1138
-206
2001
-637
-2000
972
1139
-2009
963
1895
-743
-2106
866
2308
-1605
-673
2299
-1614
-937
760
2202
-1711
-779
2193
-1720
-788
2184
-454
-542
-885
2087
-551
-384
548
-560
-648
-481
1216
618
-490
442
-666
521
-77
-420
512
-596
336
-772
415
-183
-526
406
1083
-25
-1133
309
-289
-632
300
977
-131
-1239
713
115
1047
-1336
871
-237
-1345
607
9
941
-932
0
932
-1451
501
-97
835
-1038
-106
2101
-537
-1900
1072
729
-1144
-212
1995
-643
-2006
966
1898
-740
-1848
1889
-749
-2112
860
2302
-1611
-679
1783
420
-1708
-776
2196
-1717
-785
2187
-451
-539
-882
2090
-548
-381
551
-557
-645
-478
1219
621
-487
445
-663
-751
-584
1113
515
-83
-426
506
418
-180
-523
409
-189
-532
400
312
-286
-629
303
980
-128
-1236
716
-1157
540
197
874
-234
-1342
610
12
944
-929
3
935
-1448
504
-94
838
-1035
-103
2104
-534
-1897
1075
732
-1141
-209
1998
-640
-2003
969
1136
-2012
960
1892
-746
-2109
863
2305
-1608
-676
2296
-1617
-940
757
2199
-1714
-782
2190
-448
-536
-879
2093
-1820
-888
2084
-554
-642
-475
1222
624
-484
448
-660
-748
-581
1116
518
-80
-423
509
421
-177
-520
412
-186
-529
403
825
-1048
649
306
-292
-635
297
719
-1154
543
710
112
1044
-1339
613
-1260
437
604
6
938
-1445
507
-91
841
-1032
-100
832
-1041
-364
1078
735
-1138
-206
2001
-637
-2000
972
1139
-2009
963
1895
-743
-2106
866
2308
-1605
-673
2299
-1614
-937
760
2202
-1711
-779
2193
-1720
-788
2184
-454
-542
-885
2087
-551
-384
548
-560
-648
-481
1216
618
-490
442
-666
521
-77
-420
512
-596
336
-772
415
-183
-526
905
-200
-1305
650
55
990
-1390
565
-30
905
-965
-30
905
-1475
480
-115
820
-1050
-370
1075
735
-1135
-200
2010
-625
-1985
990
1925
-710
-1815
1925
-710
-2070
905
1840
-795
-2155
820
2265
-1645
-710
1755
395
-1730
-795
2180
-455
-540
-880
2095
-1815
-880
2095
-540
-625
-965
2010
-625
-710
-540
1160
565
-540
395
-710
480
-115
-455
480
-880
-710
990
395
-200
-540
395
310
-285
-625
310
990
-115
-1220
225
905
-200
-1305
650
55
990
-1390
820
-285
-1390
565
-30
905
-1475
480
-115
820
-1050
-115
2095
-1050
-1135
-200
2010
-625
-1985
990
650
-1220
-285
1925
-710
-2070
905
1840
-795
-2155
820
2265
-1645
-710
1755
395
-1730
-795
2180
-1730
-795
2180
-455
-540
-880
2095
-540
-625
-455
1245
650
-455
480
-625
565
-30
-370
565
-795
-625
1075
480
-115
-455
480
395
-200
-540
395
820
-1050
650
310
990
-115
-1220
735
-1135
565
225
650
-1220
480
650
55
990
-1390
565
-30
905
-965
-30
2180
-965
-1050
-115
820
-1050
-370
1075
735
-1135
-200
2010
-625
-1985
990
1925
-710
-2070
905
2350
-1560
-625
1840
-795
-2155
820
2265
-1645
-965
735
2180
-1730
-795
2180
-455
-540
-880
2095
-540
-625
-455
1245
650
-455
480
-625
-710
-540
1160
565
-540
395
-710
480
-115
-455
480
395
-200
-540
395
1075
-30
-1135
310
-285
-625
310
735
-1135
565
225
905
-200
-1305
650
55
990
-1390
565
-30
905
-965
-30
905
-1475
480
-115
820
-1050
-370
1075
735
-1135
-200
2010
-625
-1985
990
1925
-710
-1815
1925
-710
-2070
905
1840
-795
-2155
820
2265
-1645
-710
1755
395
-1730
-795
2180
-455
-540
-880
2095
-1815
-880
2095
-540
-625
-965
2010
-625
-710
-540
1160
565
-540
395
-710
480
-115
-455
480
-880
-710
990
395
-200
-540
395
310
-285
-625
310
990
-115
-1220
225
905
-200
-1305
650
55
990
-1390
820
-285
-1390
565
-30
905
-1475
480
-115
820
-1050
-115
2095
-1050
-1135
-200
2010
-625
-1985
990
650
-1220
-285
1925
-710
-2070
905
1840
-795
-2155
820
2265
-1645
-710
1755
395
-1730
-795
2180
-1730
-795
2180
-455
-540
-880
2095
-540
-625
-455
1245
650
-455
480
-625
565
-30
-370
565
-795
-625
1075
480
-115
-455
480
395
-200
-540
672
80
1018
-1359
599
7
945
-1432
526
-66
872
-995
-57
2156
-986
-1068
-130
2083
-1059
-1141
-203
2010
-622
-1979
999
1937
-695
-2052
926
2374
-1533
-595
1873
516
-1606
-668
1800
443
-1679
-741
2237
-395
-477
-814
2164
-1743
-1060
643
2091
-1816
-878
2100
-532
-614
-951
2027
-605
-687
-1024
1954
-678
-760
-587
1116
524
-833
-660
1043
451
-651
287
-815
378
-214
-551
387
305
-287
-624
314
742
-1125
578
241
669
-1198
505
168
596
-1271
432
605
13
951
-1426
532
-60
878
-1499
459
-133
805
-1062
-379
1069
732
-1135
-452
996
659
-1208
-270
1943
-689
-2046
932
1870
-762
-2119
859
1797
-835
-2192
786
2234
-1673
-990
713
2161
-1746
-808
2170
-462
-544
-881
2097
-535
-617
-954
2024
-608
-690
-517
1186
594
-763
-590
1113
521
-581
357
-745
448
-144
-481
457
375
-217
-554
384
302
-290
-627
311
739
-1128
575
238
921
-181
-1283
165
848
-254
-1356
602
10
948
-1429
529
-63
875
-992
-309
1139
802
-1065
-127
2086
-1056
-1138
-200
2013
-619
-1976
1002
1940
-692
-2049
929
1867
-765
-2122
856
2304
-1603
-665
1803
446
-1676
-738
1730
373
-1749
-811
2167
-465
-547
-884
2094
-538
-620
-957
2021
-611
-693
-520
1183
591
-511
427
-675
518
-74
-411
527
445
-147
-484
454
372
-220
-557
381
809
-1058
645
308
991
-111
-1213
235
918
-184
-1286
672
80
1018
-1359
599
7
945
-1432
526
-66
872
-995
-57
2156
-986
-1068
-130
2083
-1059
-1141
-203
2010
-622
-1979
999
1937
-695
-2052
926
2374
-1533
-595
1873
516
-1606
-668
1800
443
-1679
-741
2237
-395
-477
-814
2164
-1743
-1060
643
2091
-1816
-878
2100
-532
-614
-951
2027
-605
-687
-1024
1954
-678
-760
-587
1116
524
-833
-660
1043
451
-651
287
-815
378
-214
-551
387
305
-287
-624
314
742
-1125
578
241
669
-1198
505
168
596
-1271
432
605
13
951
-1426
532
-60
878
-1499
459
-133
805
-1062
-379
1069
732
-1135
-452
996
659
-1208
-270
1943
-689
-2046
932
1870
-762
-2119
859
1797
-835
-2192
786
2234
-1673
-990
713
2161
-1746
-808
2170
-462
-544
-881
2097
-535
-617
-954
2024
-608
-690
-517
1186
594
-763
-590
1113
521
-581
357
-745
448
-144
-481
457
375
-217
-554
184
615
-1249
457
123
554
-35
906
-1468
493
-96
845
-1019
-333
1118
784
-1080
-394
1057
723
-1141
-455
996
662
-1202
-516
935
1876
-753
-2107
874
2325
-1579
-893
813
2264
-1640
-954
752
2203
-1701
-1015
691
2142
-1762
-821
1650
296
-1823
-882
2099
-530
666
-433
508
-591
605
-494
447
-652
544
-555
386
-713
483
-616
325
-774
422
-167
-501
440
361
-228
-562
379
300
986
-113
-1212
239
925
-174
-1273
178
864
-235
-1334
117
803
-296
-1395
566
-23
918
-1456
505
-84
2132
-1007
-1086
-145
2071
-1068
-1147
-206
2010
-1129
-1208
-267
1949
-680
-2034
947
1888
-741
-2095
886
1827
-802
-2156
825
1766
412
-1707
-766
1705
351
-1768
-827
2154
-475
-554
-888
2093
-536
-615
-949
2032
-597
-676
-1010
1971
-658
538
-561
380
-719
477
-112
-446
495
416
-173
-507
434
355
-234
-568
373
294
-295
-629
312
233
-356
-690
251
682
93
1034
-1340
621
32
973
-1401
560
-29
912
-1462
499
-90
851
-1523
438
-151
790
-1074
-388
1063
2004
-625
-1979
1002
1943
-686
-2040
941
1882
-747
-2101
880
1821
-808
-2162
819
2270
-1634
-948
758
2209
-1695
-1009
697
2148
-481
-560
-894
2087
-542
-621
-955
2026
-603
-682
-1016
1965
-664
-743
-567
1139
550
-804
-628
1078
489
410
-179
-513
428
349
-240
-574
367
288
-301
-635
306
737
-1127
579
245
676
-1188
518
184
615
-1249
457
123
554
-35
906
-1468
493
-96
845
-1019
-333
1118
784
-1080
-394
1057
723
-1141
-455
996
662
-1202
-516
935
1876
-753
-2107
874
2325
-1579
-893
813
2264
-1640
-954
752
2203
-1701
-1015
691
2142
-1762
-821
1650
296
-1823
-882
2099
-530
666
-433
508
-591
605
-494
447
-652
544
-555
386
-713
483
-616
325
-774
422
-167
-501
440
361
-228
-562
379
300
986
-113
-1212
239
925
-174
-1273
178
864
-235
-1334
117
803
-296
-1395
566
-23
918
-1456
505
-84
2132
-1007
-1086
-145
2071
-1068
-1147
-206
2010
-1129
-1208
-267
1949
-680
-2034
947
1888
-741
-2095
886
1827
-802
-2156
825
1766
412
-1707
-766
1705
351
-1768
-827
2154
-475
-554
-888
2093
-536
-615
-949
2032
-597
-676
-1010
1971
-658
538
-561
380
-719
477
-112
-446
495
416
-173
-507
434
355
-234
-568
-1324
130
819
-277
-1373
81
515
-71
873
-1498
466
-120
824
-1547
417
-169
775
-1596
368
-218
2001
-1135
-1211
-267
1952
-1184
-1260
-571
883
1827
-799
-2150
834
1778
-848
-2199
785
1729
-897
-2248
736
1680
329
-1787
-843
2141
-485
-561
-892
2092
-534
665
-686
-507
1202
616
-735
-556
1153
567
-784
-605
1104
518
442
-144
-475
469
393
-193
-524
420
344
1033
-63
-1159
295
729
-1132
577
246
680
-1181
528
197
631
45
989
-1382
582
-4
940
-1431
533
-53
2166
-970
-1046
-357
1097
766
-1095
-406
1048
717
-1144
-455
999
1943
-683
-2034
950
1894
-732
-2083
901
1845
494
-1622
-678
1796
445
-1671
-982
727
2181
-1720
-1031
678
2132
-494
-570
-901
2083
-543
-619
-950
2034
-592
607
-489
455
-641
558
-793
-614
1095
509
-842
-663
1046
460
384
-202
-533
411
335
-251
-582
362
286
975
-121
-1217
237
926
-170
-1266
188
622
-1239
470
139
573
-13
931
-1440
524
-62
882
-1489
475
-111
2108
-1028
-1104
-160
2059
-1077
-1153
-464
990
659
-1202
-513
941
1885
-741
-2092
892
1836
-790
-2141
843
1787
436
-1680
-736
1738
387
-1729
-785
1689
338
-1778
-1089
620
2074
-552
-628
-959
2025
-601
-677
-1008
1976
-650
-726
-1057
1927
-699
500
-596
348
-748
451
-900
-721
988
402
326
-260
-591
353
277
-309
-640
304
228
-358
-689
255
179
868
-228
-1324
130
819
-277
-1373
81
515
-71
873
-1498
466
-120
824
-1547
417
-169
775
-1596
368
-218
2001
-1135
-1211
-267
1952
-1184
-1260
-571
883
1827
-799
-2150
834
1778
-848
-2199
785
1729
-897
-2248
736
1680
329
-1787
-843
2141
-485
-561
-892
2092
-534
665
-686
-507
1202
616
-735
-556
1153
567
-784
-605
1104
518
442
-144
-475
469
393
-193
-524
420
344
1033
-63
-1159
295
729
-1132
577
246
680
-1181
528
197
631
45
989
-1382
582
-4
940
-1431
533
-53
2166
-970
-1046
-357
1097
766
-1095
-406
1048
717
-1144
-455
999
1943
-683
-2034
950
1894
-732
-2083
901
1845
494
-1622
-678
1796
445
-1671
-982
727
2181
-1720
-1031
678
2132
-494
-570
-901
2083
-543
-619
-950
2034
-592
607
-489
455
-641
558
-793
-614
1095
509
-842
-663
1046
460
384
-202
-533
411
335
-251
-582
993
-1375
592
9
956
-1412
45
482
-101
846
-1522
445
-138
809
-1559
408
-175
2047
-1086
-1159
-467
990
1937
-686
-2034
953
1900
-1233
-1306
-614
843
1790
-833
-2181
806
1753
405
-1708
-761
1716
368
-1745
-1053
659
2116
-507
-580
-908
2079
-544
658
-690
-1018
1969
-654
-727
-1055
1932
-691
511
-582
365
-728
474
-874
-692
1020
437
364
-219
-547
400
327
764
-1094
618
290
217
-366
-694
253
180
872
-221
-1314
143
580
-3
944
-1424
543
-40
907
-1461
506
-332
1125
797
-1571
396
-187
2035
-1098
-1171
-224
1998
-1135
-1208
-516
941
1888
-735
-2083
904
1851
-772
-2120
612
794
2251
-1647
-955
757
1704
356
-1757
-810
1667
319
-1794
-1102
610
2067
-556
-629
-957
2030
-593
609
-739
-557
1155
572
-776
-1104
1883
-740
462
-631
316
-777
425
352
-231
-559
388
315
-268
-596
351
278
715
-1143
569
241
678
-1180
532
204
131
823
-270
-1363
94
531
-52
895
-1473
494
-89
858
-1510
457
-381
1076
748
-1110
-418
1039
1986
-1147
-1220
-273
1949
-1184
-1257
-565
892
1839
-784
-2132
855
1802
454
-1659
-967
745
2202
-1696
-1004
708
2165
-458
-531
-859
1618
270
-1843
-1151
561
2018
-605
-678
-1006
1981
-642
560
-533
414
-679
523
-825
-643
1069
486
413
-680
267
-826
376
303
-280
-608
339
266
-317
-645
302
229
921
-172
-1265
192
629
46
993
-1375
592
9
956
-1412
45
482
-101
846
-1522
445
-138
809
-1559
408
-175
2047
-1086
-1159
-467
990
1937
-686
-2034
953
1900
-1233
-1306
-614
843
1790
-833
-2181
806
1753
405
-1708
-761
1716
368
-1745
-1053
659
2116
-507
-580
-908
2079
-544
658
-690
-1018
1969
-654
-727
-1055
1932
-691
511
-582
365
-728
474
-874
-692
1020
437
364
-219
-547
400
327
764
-1094
618
290
217
-366
-694
253
180
872
-221
-1314
143
580
-3
944
-1424
543
-40
907
-1461
506
-332
1125
797
-1571
396
-187
2035
-1098
-1171
-224
1998
-1135
-1208
-516
941
1888
-735
-2083
904
1851
-772
-2120
612
794
2251
-1647
-955
757
1704
356
-1757
-810
1667
319
-1794
-1102
610
2067
-556
-629
-957
2030
-593
609
-739
-557
1155
572
-776
-1104
1883
-740
462
-631
316
-777
425
352
-231
-559
388
315
-268
-596
-1280
435
110
550
-30
920
-1445
15
455
-125
825
-1540
430
-150
2075
-1055
-1125
-430
1030
1980
-1150
-1220
-525
935
1885
-735
-2080
910
1860
5
-830
-2175
815
1765
420
-1690
-995
720
2180
-440
-510
-835
1645
300
-1810
-1115
600
2060
-560
-630
-1210
505
1965
-655
-725
-1050
1940
-680
525
-820
-635
1080
500
430
-660
290
-800
405
335
-245
-570
380
310
240
-340
-665
285
215
910
-180
-1270
190
630
50
1000
-1365
95
535
-45
905
-1460
510
-70
2155
-975
-1555
415
-165
785
-1580
390
-445
1015
690
-1165
-470
990
1940
-1190
-1260
-565
895
1845
-775
-2120
870
1820
-35
-870
-2215
775
1725
380
-1730
-1035
680
2140
-480
-550
-875
1605
260
-575
-645
-970
2020
-600
605
-740
-1065
1925
-695
510
-580
370
-720
485
-860
-675
1040
460
390
-955
-770
945
365
295
-285
-610
340
270
200
-380
-705
245
175
870
-220
-1310
150
590
10
960
-1405
55
495
-85
865
-1500
470
-110
2115
-1015
-1595
375
-205
2020
-1110
-1180
-485
975
1925
-695
-2040
950
1900
-1230
-1300
-605
855
1805
-815
-2160
575
760
1710
-910
-2255
735
1685
340
-1770
-1075
640
2100
-520
-590
-915
1565
220
-615
-685
-1010
1980
-640
565
-780
-595
1120
540
470
-620
330
-760
445
375
-205
-530
420
350
280
-300
-625
325
255
950
-140
-1230
230
670
-1185
530
205
135
575
-1280
435
110
550
-30
920
-1445
15
455
-125
825
-1540
430
-150
2075
-1055
-1125
-430
1030
1980
-1150
-1220
-525
935
1885
-735
-2080
910
1860
5
-830
-2175
815
1765
420
-1690
-995
720
2180
-440
-510
-835
1645
300
-1810
-1115
600
2060
-560
-630
-1210
505
1965
-655
-725
-1050
1940
-680
525
-820
-635
1080
500
430
-660
290
-800
405
335
-245
-570
380
310
240
-340
-665
285
215
910
-180
-1270
190
630
50
1000
-1365
95
535
-45
905
-1460
510
-70
2155
-975
-1555
415
-165
785
-1580
390
-445
1015
690
-1165
-470
990
1940
-1190
-1260
-565
895
1845
-775
-2120
870
1820
-35
-870
-2215
775
1725
380
-1730
-1035
680
2140
-480
-550
-875
1605
260
-575
-645
-970
2020
-600
605
-740
-1065
1925
-695
510
-580
370
-720
485
-860
-675
1040
460
390
-955
-770
945
365
295
-285
-610
782
-305
-1392
71
514
-63
890
-1472
-9
434
-143
2085
-1042
-1109
-411
1052
2005
-1122
-1189
-491
972
1925
-1202
-1269
-571
892
1845
-772
-2114
624
812
1765
-852
-2194
544
732
1685
343
-1764
-1066
652
2115
-502
-569
-891
1592
250
-582
-649
-971
1512
170
-662
-729
-1051
1942
-675
533
-809
-1131
1862
-755
453
386
-191
-513
440
373
306
-271
-593
360
293
226
-351
-673
280
213
656
-1196
522
200
133
576
-1276
442
120
53
496
-81
872
-1490
483
-349
1114
792
-1570
403
-174
2054
-1073
-1650
323
-254
1974
-1153
-1220
-522
941
1894
-1233
-1300
-602
861
1814
472
-1635
-937
781
1734
392
-1715
-1017
701
1654
312
-1795
-1097
621
2084
-533
-600
-1177
541
2004
-613
595
-747
-1069
1924
-693
515
-827
-639
1079
502
435
-652
301
-786
422
355
-732
221
-866
342
275
-302
-624
329
262
195
893
-194
-1281
182
625
48
1001
-1361
102
545
-32
921
-1441
22
465
-112
841
-1521
452
-380
1083
761
-1601
372
-460
1003
1956
-1171
-1238
-540
923
1876
-741
-2083
910
1863
11
-821
-2163
830
1783
-69
-901
-2243
750
1703
361
-1746
-1048
670
1623
281
-551
-618
-940
2053
-564
644
-698
-1020
1973
-644
564
-778
-1100
1893
-724
484
-858
-670
1048
471
404
-938
-750
968
391
324
257
-320
-642
311
244
687
-1165
553
231
164
862
-225
-1312
151
84
782
-305
-1392
71
514
-63
890
-1472
-9
434
-143
2085
-1042
-1109
-411
1052
2005
-1122
-1189
-491
972
1925
-1202
-1269
-571
892
1845
-772
-2114
624
812
1765
-852
-2194
544
732
1685
343
-1764
-1066
652
2115
-502
-569
-891
1592
250
-582
-649
-971
1512
170
-662
-729
-1051
1942
-675
533
-809
-1131
1862
-755
453
386
-191
-513
440
373
306
-271
-593
360
293
226
-351
-673
280
213
656
-1196
522
200
133
576
-1276
442
120
53
496
-81
872
-1490
483
-349
1114
792
-1570
403
-174
2054
-1073
-1650
323
-254
1974
-1153
-1220
-522
941
1894
-1233
-1300
-602
861
1814
472
-1635
-937
781
1734
392
-1715
-1017
701
1654
312
-1795
-1097
621
2084
-533
-600
-1177
541
2004
-613
595
-747
-1069
1924
-693
515
-827
-639
1079
502
435
-652
301
-786
422
355
-732
221
-866
342
275
-302
-624
549
-25
931
-1428
38
484
-90
2141
-983
-1557
419
-410
1056
737
-1622
354
-475
991
1947
-1177
-1241
-540
926
1882
-1242
-1306
-605
861
1817
-32
-861
-2200
796
1752
-97
-926
-2265
476
667
1623
284
-1820
-1119
602
2068
-546
665
-674
-993
2003
-611
600
-739
-1058
1938
-676
535
471
-613
343
-741
470
406
-933
-742
979
405
341
277
-297
-616
340
276
212
-362
-681
275
211
147
848
-236
-1320
146
82
783
-301
-1385
81
17
463
-111
845
-1514
-48
398
-176
780
-1579
397
-432
1034
1990
-1134
-1198
-497
969
1925
76
-753
-2092
904
1860
11
-818
-2157
584
775
1731
392
-1712
-1011
710
1666
327
-1777
-1076
645
1601
262
-567
-631
-950
1536
197
-632
-696
-1270
451
1917
-697
514
-825
-1144
1852
-762
449
-890
-699
1022
448
384
320
-254
-573
383
319
255
-319
-638
318
254
190
636
-1213
508
189
125
571
-1278
443
124
60
506
-68
888
-1471
-5
441
-133
2098
-1026
-1600
376
-198
2033
-1091
-1665
311
-518
948
1904
-1220
-1284
-583
883
1839
-775
-2114
627
818
1774
435
-1669
-968
753
1709
370
-1734
-1033
688
1644
305
-524
-588
-1162
559
2025
-589
-653
-1227
494
1960
-654
557
-782
-1101
1895
-719
492
-847
-1166
1830
-784
427
363
-721
235
-849
362
298
234
-340
-659
297
233
169
-405
-724
232
168
614
40
996
-1363
103
549
-25
931
-1428
38
484
-90
2141
-983
-1557
419
-410
1056
737
-1622
354
-475
991
1947
-1177
-1241
-540
926
1882
-1242
-1306
-605
861
1817
-32
-861
-2200
796
1752
-97
-926
-2265
476
667
1623
284
-1820
-1119
602
2068
-546
665
-674
-993
2003
-611
600
-739
-1058
1938
-676
535
471
-613
343
-741
470
406
-933
-742
979
405
341
277
-297
-616
340
276
212
-362
-681
275
211
147
848
-236
-1320
146
82
783
-301
-1385
81
17
463
-111
845
-1514
-48
398
-176
780
-1579
397
-432
1034
1990
-1134
-1198
-497
969
1925
76
-753
-2092
904
1860
11
-818
-2157
584
775
1731
392
-1712
-1011
710
1666
327
-1777
-1076
645
1601
262
-567
-631
-950
1536
197
-632
-696
-1270
451
1917
-697
514
-825
-1144
1852
-762
449
-890
-699
1022
448
384
320
-254
-573
383
319
255
-319
-638
61
510
-61
898
-1458
11
460
-366
1103
787
-1569
-100
349
-222
2012
-1109
-1680
299
-527
942
1901
-1220
-1281
-577
892
1851
5
-821
-2157
587
781
1740
404
-1697
-993
731
1690
-156
293
-1808
-1104
620
1579
243
-583
-644
-1215
509
1978
-633
581
-755
-1071
1928
-683
531
470
-866
-672
1052
481
420
359
-722
237
-844
370
309
248
-323
-639
320
259
198
-373
-689
270
209
148
597
-1249
475
159
98
547
-24
935
-1421
48
-13
436
-135
824
-1532
-63
386
-185
2049
-1072
-1643
336
-490
979
1938
-1183
-1244
-540
674
868
1827
-784
-2120
624
818
1777
-69
-895
-2231
513
707
1666
330
-1771
-1067
657
1616
280
-546
-607
-1178
546
2015
-596
618
-718
-1034
1455
119
-707
507
-829
-1145
1854
-757
457
396
-685
274
-807
407
346
285
-286
-602
357
296
235
-336
-652
307
246
185
124
-447
-763
196
135
74
778
-303
-1384
85
24
473
-98
861
-1495
-26
423
-403
1066
750
-1606
373
-453
1016
1975
-1146
-1717
262
-564
905
1864
-1257
-1318
-614
855
1814
-32
-858
-2194
550
744
1703
367
-1734
-1030
694
1653
317
-509
-570
-1141
583
1542
206
-620
-681
-997
1492
156
-670
544
-792
-1108
1891
-720
494
433
-648
311
-770
444
383
322
-249
-565
394
333
272
211
-360
-676
283
222
161
-410
-726
233
172
111
560
-1286
438
122
61
510
-61
898
-1458
11
460
-366
1103
787
-1569
-100
349
-222
2012
-1109
-1680
299
-527
942
1901
-1220
-1281
-577
892
1851
5
-821
-2157
587
781
1740
404
-1697
-993
731
1690
-156
293
-1808
-1104
620
1579
243
-583
-644
-1215
509
1978
-633
581
-755
-1071
1928
-683
531
470
-866
-672
1052
481
420
359
-722
237
-844
370
309
248
-323
-639
320
259
198
-373
-689
270
209
148
597
-1249
475
159
98
547
-24
935
-1421
48
-13
436
-135
824
-1532
-63
386
-185
2049
-1072
-1643
336
-490
979
1938
-1183
-1244
-540
674
868
1827
-784
-2120
624
818
1777
-69
-895
-2231
513
707
1666
330
-1771
-1067
657
1616
280
-546
-607
-1178
546
2015
-596
618
-718
-1034
1455
119
-707
507
-829
-1145
1854
-757
457
396
-685
274
-807
407
346
285
-286
-602
357
296
235
-336
-652
83
25
477
-91
2146
-972
-1540
-68
384
-184
2053
-1065
-1633
349
-474
998
1960
-1158
-1726
256
-567
905
1867
24
-799
-2132
615
812
1774
-69
-892
-2225
522
719
1681
348
-1750
-1043
429
626
1588
255
-568
-626
-1194
533
1495
162
-661
-719
-1287
440
1912
-696
521
463
-870
-1183
1819
-789
428
370
-963
-766
961
393
335
277
-1056
-859
868
300
242
184
891
-187
-1265
207
149
91
798
-280
-1358
114
56
508
-60
902
-1451
21
-37
415
-153
2084
-1034
-1602
380
-443
1029
1991
-1127
-1695
287
-536
936
1898
55
-1278
-1336
-629
843
1805
-38
-861
-2194
553
750
1712
-131
-954
-2287
460
657
1619
286
-537
-595
-1163
564
1526
193
-630
-688
-1256
471
1943
-665
552
-781
-1349
378
1850
-758
459
401
-932
-735
992
424
366
308
-1025
-828
899
331
273
215
922
-156
-1234
238
180
122
829
-249
-1327
145
87
539
-29
933
-1420
52
-6
446
-122
2115
-1003
-1571
-99
353
-215
2022
-1096
-1664
318
-505
967
1929
-1189
-1757
225
-598
874
1836
-7
-830
-2163
584
781
1743
-100
-923
-2256
491
688
1650
317
-506
-564
-1132
595
1557
224
-599
-657
-1225
502
1974
-634
583
-750
-1318
409
1881
-727
490
432
-901
-704
1023
455
397
339
-994
-797
930
362
304
246
-1087
-890
837
269
211
153
860
-218
-1296
176
118
60
767
-311
-1389
83
25
477
-91
2146
-972
-1540
-68
384
-184
2053
-1065
-1633
349
-474
998
1960
-1158
-1726
256
-567
905
1867
24
-799
-2132
615
812
1774
-69
-892
-2225
522
719
1681
348
-1750
-1043
429
626
1588
255
-568
-626
-1194
533
1495
162
-661
-719
-1287
440
1912
-696
521
463
-870
-1183
1819
-789
428
370
-963
-766
961
393
335
277
-1056
-859
868
300
242
184
891
-187
-1265
207
149
91
798
-280
-1358
114
56
508
-60
902
-1451
21
-37
415
-153
2084
-1034
-1602
380
-443
1029
1991
-1127
-1695
287
-536
936
1898
55
-1278
-1336
-629
843
1805
-38
-861
-2194
553
750
1712
-131
-954
-2287
460
657
1619
286
-537
-595
-1163
564
1526
193
-630
-688
-1256
471
1943
-665
552
-781
-1349
378
1850
-758
459
401
-932
-735
992
424
366
308
-1025
-828
899
331
273
215
922
-156
-1425
50
-5
450
-370
1105
795
-1555
-80
375
-445
1030
1995
-1120
-1685
300
-520
955
1920
80
-1250
-1305
-595
625
825
1790
-50
-870
-2200
550
750
1715
-125
330
-1765
-1055
675
1640
-200
255
-565
-620
-1185
545
1510
180
-640
-695
-1260
470
1435
105
-715
505
-825
-1390
340
1815
-790
430
375
-955
-1265
1740
-865
355
300
245
-830
135
-940
280
225
170
625
-1215
515
205
150
95
550
-15
950
-1400
75
20
475
-90
2150
-965
-1530
-55
400
-420
1055
2020
-1095
-1660
325
-495
980
1945
105
-1225
-1280
-570
650
850
1815
-1300
-1355
-645
575
775
1740
-100
-920
-2250
500
700
1665
-175
280
-1815
-1105
370
570
1535
205
-615
-670
-1235
495
1460
130
-690
530
-800
-1110
1385
55
-765
455
400
-930
-1240
1765
-840
380
325
270
-805
160
-915
305
250
195
650
-1190
540
230
175
120
575
10
975
-1375
100
45
500
-65
900
-1450
25
-30
425
-395
1080
770
-1580
-105
350
-470
1005
1970
-1145
-1710
275
-545
930
1895
55
-1275
-1330
-620
600
800
1765
-75
-895
-2225
525
725
1690
-150
305
-1790
-1080
395
595
1560
230
-590
-645
-1210
520
1485
155
-665
555
-775
-1085
1410
80
-740
480
425
-905
-1215
1790
-815
405
350
295
-780
185
-890
330
275
220
-855
110
-965
255
200
145
600
-1240
490
180
125
70
525
-40
925
-1425
50
-5
450
-370
1105
795
-1555
-80
375
-445
1030
1995
-1120
-1685
300
-520
955
1920
80
-1250
-1305
-595
625
825
1790
-50
-870
-2200
550
750
1715
-125
330
-1765
-1055
675
1640
-200
255
-565
-620
-1185
545
1510
180
-640
-695
-1260
470
1435
105
-715
505
-825
-1390
340
1815
-790
430
375
-955
-1265
1740
-865
355
300
245
-830
135
-940
280
225
170
625
-1215
515
205
150
95
550
-15
950
-1400
75
20
475
-90
2150
-965
-1530
-55
400
-420
1055
2020
-1095
-1660
325
-495
980
1945
105
-1225
-1280
-570
650
850
1815
-1300
-1355
-645
575
775
1740
-100
-920
-2250
500
700
1665
-175
280
-1815
-1105
370
570
1535
205
-615
-670
-1235
495
1460
130
-690
530
-800
-1110
1385
55
-765
455
400
-930
-1240
1765
-840
380
325
270
-805
160
-915
305
250
195
650
-1190
892
-1455
23
-29
-81
377
-185
2058
-1054
-1616
-138
320
-497
981
1949
-1163
-1725
263
-554
669
872
1840
3
-1324
-1376
-663
560
763
1731
-106
-923
-2250
503
451
654
1622
295
-522
-574
-1136
342
545
1513
186
-631
-683
-1245
488
1456
129
-688
535
483
-844
-1151
1347
20
-797
426
374
-953
-1260
1748
-854
369
317
265
213
-349
-656
312
260
208
156
104
-458
-765
203
151
99
47
505
-57
911
-1436
42
-10
448
-369
1109
802
-1545
-67
-119
339
-478
1000
1968
-1144
-1706
282
-535
688
891
1859
-1253
-1815
173
-644
834
1802
-35
-87
-904
-2231
522
725
1693
-144
314
-1778
-1065
413
616
1584
-253
205
-612
-664
-1226
507
1475
148
-669
554
-773
-1335
398
1876
-726
497
445
393
-934
-1241
1767
-835
388
336
284
-1043
-840
893
331
279
227
175
123
-439
-746
222
170
118
66
524
-1313
420
113
61
9
467
-95
2148
-964
-1526
-48
-100
358
-204
2039
-1073
-1635
-157
301
-516
962
1930
93
-1234
-1286
-573
650
853
1821
-16
-1343
-1395
-682
541
744
1712
-125
333
-1759
-1046
432
635
1603
-234
224
-1868
-1155
323
526
1494
167
-650
573
-754
-1316
417
1895
-707
516
464
-863
-1425
308
1786
-816
407
355
303
-1024
-821
912
350
298
246
194
-368
-675
293
241
189
137
85
798
-274
-1346
132
80
28
486
-76
892
-1455
23
-29
-81
377
-185
2058
-1054
-1616
-138
320
-497
981
1949
-1163
-1725
263
-554
669
872
1840
3
-1324
-1376
-663
560
763
1731
-106
-923
-2250
503
451
654
1622
295
-522
-574
-1136
342
545
1513
186
-631
-683
-1245
488
1456
129
-688
535
483
-844
-1151
1347
20
-797
426
374
-953
-1260
1748
-854
369
317
265
213
-349
-656
312
260
208
156
104
-458
-765
203
151
99
47
505
-57
911
-1436
42
-10
448
-369
1109
802
-1545
-67
-119
339
-478
1000
1968
-1144
-1706
282
-535
688
891
1859
-1253
-1815
173
-644
834
1802
-35
-87
-904
-2231
522
725
1693
-144
314
-1778
-1065
413
616
1584
-253
205
-612
-664
-1226
507
1475
148
-669
554
-773
-1335
398
1876
-726
497
445
393
-934
-1241
1767
-835
388
336
284
-1043
-840
893
331
279
227
175
123
-439
-106
2140
-969
-1528
-47
-96
365
-449
1032
2003
-1106
-1665
-184
277
-537
944
1915
81
-1243
-1802
189
-625
601
807
1778
-56
-1380
-1429
-713
513
719
1690
-144
-193
268
-1821
-1105
376
582
1553
-281
180
-634
-683
-1242
494
1465
141
-673
553
504
-820
-1379
357
1838
-761
465
416
367
-957
-1261
1750
-849
377
328
279
230
181
-378
-682
289
240
191
142
93
809
-260
-1329
152
103
54
5
466
-93
878
-1466
15
-34
-83
378
-181
2065
-1044
-1603
-122
-171
290
-524
957
1928
-1181
-1740
-259
202
-612
869
1840
6
-43
-857
-2181
575
526
732
1703
-131
330
-1759
-1043
438
644
1615
-219
242
-572
-621
-1180
301
507
1478
154
-660
566
-758
-1317
419
1390
66
-748
478
429
380
-944
-1248
1763
-836
390
341
292
243
-826
145
-924
302
253
204
155
106
-453
-757
214
165
116
67
18
734
-335
-1404
77
28
-21
440
-374
1107
803
-1541
-60
-109
352
-462
1019
1990
156
-1168
-1727
264
-550
676
882
1853
19
-1305
-1354
-638
588
794
1765
-69
-118
-932
-2256
500
451
657
1628
-206
255
-1834
-1118
363
569
1540
-294
167
-647
579
-745
-1304
432
1403
79
-735
491
442
-882
-1186
1315
-9
-823
403
354
305
-1019
-1323
1688
-911
315
266
217
168
-391
-695
276
227
178
129
80
541
-1293
443
139
90
41
-8
453
-106
2140
-969
-1528
-47
-96
365
-449
1032
2003
-1106
-1665
-184
277
-537
944
1915
81
-1243
-1802
189
-625
601
807
1778
-56
-1380
-1429
-713
513
719
1690
-144
-193
268
-1821
-1105
376
582
1553
-281
180
-634
-683
-1242
494
1465
141
-673
553
504
-820
-1379
357
1838
-761
465
416
367
-957
-1261
1750
-849
377
328
279
230
181
-378
-682
289
240
191
142
93
809
-260
-1329
152
103
54
5
466
-93
878
-1466
15
-34
-83
378
-181
2065
-1044
-1603
-122
-171
290
-524
957
1928
-1181
-1740
-259
202
-612
869
1840
6
-43
-857
-2181
575
526
732
1703
-131
330
-1759
-1043
438
644
1615
-219
242
-572
-621
-1180
301
507
1478
154
-660
566
-758
-1317
419
1390
66
-748
478
429
380
-944
-1248
1763
-836
390
341
292
243
-826
145
-924
302
253
204
155
106
-453
426
-385
1099
798
-1543
-59
-105
-151
313
-498
986
1960
-1146
-1702
-218
246
-565
664
873
1847
16
-30
-1351
-1397
-678
551
760
1734
-97
-143
321
-1765
-1046
438
392
601
1575
-256
208
-603
-649
-1205
279
488
1462
141
-670
559
513
-808
-1364
375
1349
28
-783
446
400
354
-967
-1268
1746
-850
379
333
287
241
195
-1126
-917
822
266
220
174
128
82
546
-1285
454
153
107
61
15
-31
433
-123
851
-1490
-6
-52
-98
366
-445
1039
2013
-1093
-1649
-165
-211
253
-558
926
1900
69
23
-1298
-1344
-625
604
558
767
1741
-90
-136
-947
-2268
491
445
654
1628
-203
261
-550
-596
-1152
332
541
1515
-316
148
-663
566
-755
-1311
428
1402
81
-730
499
453
407
-914
-1470
269
1753
-843
386
340
294
248
-1073
-864
875
319
273
227
181
135
89
-467
-768
206
160
114
68
22
486
-70
904
-1437
47
1
-45
-91
373
-183
2066
-1040
-1596
-112
-158
306
-505
724
933
1907
76
-1245
-1801
193
-618
611
820
1794
-37
-83
-894
-2215
544
498
707
1681
-150
-196
268
-1818
-1099
385
594
1568
-263
201
-610
619
-702
-1258
226
435
1409
88
-723
506
460
-861
-1417
322
1806
-790
439
393
347
301
-1020
-1321
1693
-903
326
280
234
188
142
-414
-715
259
213
167
121
75
29
748
-318
-1384
100
54
8
-38
426
-385
1099
798
-1543
-59
-105
-151
313
-498
986
1960
-1146
-1702
-218
246
-565
664
873
1847
16
-30
-1351
-1397
-678
551
760
1734
-97
-143
321
-1765
-1046
438
392
601
1575
-256
208
-603
-649
-1205
279
488
1462
141
-670
559
513
-808
-1364
375
1349
28
-783
446
400
354
-967
-1268
1746
-850
379
333
287
241
195
-1126
-917
822
266
220
174
128
82
546
-1285
454
153
107
61
15
-31
433
-123
851
-1490
-6
-52
-98
366
-445
1039
2013
-1093
-1649
-165
-211
253
-558
926
1900
69
23
-1298
-1344
-625
604
558
767
1741
-90
-136
-947
-2268
491
445
654
1628
-203
261
-550
-596
-1152
332
541
1515
-316
148
-663
566
-755
-1311
428
1402
81
-730
499
453
407
-914
-1470
269
1753
-843
386
340
294
248
-1073
-864
875
319
273
227
181
135
89
-467
-62
-105
362
-191
2061
-1042
-1595
-108
-151
-194
273
-535
952
1929
101
58
-1260
-1813
184
-624
608
565
777
1754
-74
-117
-925
-2243
519
476
433
645
1622
-206
-249
218
-1865
-1143
344
301
513
1490
-338
129
-679
553
-765
-1318
169
381
1358
40
-768
464
421
378
-940
-1493
249
1736
-857
375
332
289
246
203
160
-903
74
-989
243
200
157
114
71
28
750
-313
-1376
111
68
25
-18
-61
406
-147
2105
-998
-1551
-64
-107
-150
317
-491
996
1973
145
-1173
-1726
-239
228
-580
652
609
821
1798
-30
-1348
-1901
96
-712
520
477
689
1666
-162
-205
262
-1821
-1099
388
345
557
1534
-294
173
-635
597
-721
-1274
213
425
1402
84
-724
508
465
422
-896
-1449
293
1270
-48
-856
376
333
290
247
-1071
-1369
1648
-945
287
244
201
158
115
72
-481
-779
198
155
112
69
26
-17
450
-103
2149
-954
-1507
-20
-63
-106
361
-447
1040
2017
189
-1129
-1682
-195
-238
229
-579
653
865
1842
14
-1304
-1857
140
-668
564
521
733
1710
-118
-161
-969
-2287
475
432
389
601
1578
-250
217
-591
-634
-1187
300
257
469
1446
-382
85
-723
509
466
-852
-1405
337
1314
-4
-812
420
377
334
291
-1027
-1325
1692
-901
331
288
245
202
159
116
-437
-735
242
199
156
113
70
27
494
-59
918
-1420
67
24
-19
-62
-105
362
-191
2061
-1042
-1595
-108
-151
-194
273
-535
952
1929
101
58
-1260
-1813
184
-624
608
565
777
1754
-74
-117
-925
-2243
519
476
433
645
1622
-206
-249
218
-1865
-1143
344
301
513
1490
-338
129
-679
553
-765
-1318
169
381
1358
40
-768
464
421
378
-940
-1493
249
1736
-857
375
332
289
246
203
160
-903
74
-989
243
200
157
114
71
28
750
-313
-1376
111
68
25
-18
-61
406
-147
2105
-998
-1551
-64
-107
-150
317
-491
996
1973
145
-1173
-1726
-239
228
-580
652
609
821
1798
-30
-1348
-1901
96
-712
520
477
689
1666
-162
-205
262
-1821
-1099
388
345
557
1534
-294
173
-635
597
-721
-1274
213
425
1402
84
-724
508
465
422
-896
-1449
293
1270
-48
-856
376
333
290
247
-1071
-1369
1648
-945
287
244
201
158
115
72
-481
-40
-80
-120
350
-455
1035
2015
190
-1125
-1675
-185
-225
245
-560
675
635
850
1830
5
-35
-1350
-1900
100
-705
530
490
705
1685
-140
-180
-220
-1025
-2340
425
385
345
560
1540
-285
-325
145
-660
575
-740
-1290
200
415
1395
-430
40
-765
470
430
390
-925
-1475
270
1250
-65
-870
365
325
285
245
205
165
-1150
-935
810
260
220
180
140
100
60
20
490
-60
920
-1415
75
35
-5
-45
-85
385
-420
1070
2050
-1050
-1600
-110
-150
-190
280
-525
710
925
1905
80
40
-1275
-1825
-335
135
-670
565
780
1760
-65
-105
-145
-1460
-1500
-775
460
420
380
595
1575
-250
-290
180
-625
-665
-1215
275
235
450
1430
-395
75
-730
505
465
425
-890
-1440
305
1285
-30
-835
400
360
320
280
240
-1075
-1370
1650
-940
295
255
215
175
135
95
55
780
-280
-1340
150
110
70
30
-10
-50
420
-385
1105
810
-1525
-35
-75
-115
-155
315
-490
745
960
1940
115
-1200
-1750
-260
-300
170
-635
600
815
1795
-30
-70
-110
-1425
-1465
-740
495
455
670
1650
-175
-215
-255
215
-1865
-1140
350
310
525
1505
-320
-360
110
-695
540
500
-815
-1365
125
340
1320
5
-800
435
395
355
315
-1000
-1550
195
1685
-905
330
290
250
210
170
130
90
-460
-755
225
185
145
105
65
25
-15
455
-95
885
-1450
40
0
-40
-80
-120
350
-455
1035
2015
190
-1125
-1675
-185
-225
245
-560
675
635
850
1830
5
-35
-1350
-1900
100
-705
530
490
705
1685
-140
-180
-220
-1025
-2340
425
385
345
560
1540
-285
-325
145
-660
575
-740
-1290
200
415
1395
-430
40
-765
470
430
390
-925
-1475
270
1250
-65
-870
365
325
285
245
205
165
-1150
-935
810
260
220
180
140
100
60
20
490
-60
920
-1415
75
35
-5
-45
-85
385
-420
1070
2050
-1050
-1600
-110
-150
-190
280
-525
710
925
1905
80
40
-1275
-1825
-335
135
-670
565
780
1760
-65
-105
-145
-1460
-1500
-775
460
420
380
595
1575
-250
-290
180
-625
-665
-1215
275
235
450
1430
-395
75
-730
505
465
425
-890
-1440
305
1285
-30
-835
400
360
320
280
240
-1075
-1370
1650
-940
295
255
215
175
135
95
55
780
-18
-55
-92
-129
-166
307
-495
743
961
1944
122
85
-1227
-1774
-281
-318
155
-647
591
554
772
1755
-67
-104
-141
-1453
-1490
-762
476
439
402
620
1603
-219
-256
-293
180
-622
-659
-1206
287
250
213
431
1414
-408
65
-737
501
464
427
390
-922
-1469
279
1262
-50
-852
386
349
312
275
238
201
164
-1148
-1440
1583
-1004
234
197
160
123
86
49
12
-25
448
-99
884
-1448
45
8
-29
-66
-103
-140
333
-469
1024
2007
185
-1127
-1674
-181
-218
-255
218
-584
654
617
835
1818
-4
-41
-1353
-1900
103
-699
539
502
465
683
1666
-156
-193
-230
-267
206
-1871
-1143
350
313
276
494
1477
-345
-382
91
-711
527
490
-822
-1369
124
87
305
1288
-24
-826
412
375
338
301
264
227
-1085
-1377
1646
-941
297
260
223
186
149
112
75
38
511
-1311
437
145
108
71
34
-3
-40
-77
-114
359
-188
2070
248
-1064
-1611
-118
-155
-192
-229
244
-558
680
898
1881
59
22
-1290
-1837
-344
129
-673
565
528
491
709
1692
-130
-167
-204
-1006
-2318
450
413
376
339
557
1540
-282
-319
154
-648
590
553
-759
-1306
187
150
368
1351
-471
2
-800
438
401
364
327
-985
-1532
216
1199
-113
-915
323
286
249
212
175
138
101
64
-483
-775
208
171
134
97
60
23
-14
-51
422
-125
2133
-964
-1511
-18
-55
-92
-129
-166
307
-495
743
961
1944
122
85
-1227
-1774
-281
-318
155
-647
591
554
772
1755
-67
-104
-141
-1453
-1490
-762
476
439
402
620
1603
-219
-256
-293
180
-622
-659
-1206
287
250
213
431
1414
-408
65
-737
501
464
427
390
-922
-1469
279
1262
-50
-852
386
349
312
275
238
201
164
-1148
-1440
1583
-1004
234
197
160
123
86
49
12
-25
448
-99
884
-1448
45
8
-29
-66
-103
-140
333
-469
1024
2007
185
-1127
-1674
-181
-218
-255
218
-584
654
617
835
1818
-4
-41
-1353
-1900
103
-699
539
502
465
683
1666
-156
-193
-230
-267
206
-1871
-1143
350
313
276
494
1477
-345
-382
91
-711
527
490
-822
-1369
124
87
305
1288
-24
-826
412
375
338
301
264
227
-1085
-1377
1646
-941
297
260
223
186
149
112
75
38
511
-1016
-1560
-64
-98
-132
-166
-200
-234
242
-557
684
650
871
1857
38
4
-1305
-1849
-353
-387
89
-710
531
497
463
684
1670
-149
-183
-217
-251
225
-1849
-1118
378
344
310
276
497
1483
-336
-370
-404
72
-727
514
480
446
-863
-1407
89
55
276
1262
-47
-846
395
361
327
293
259
225
191
157
-1152
-1441
1585
-999
242
208
174
140
106
72
38
4
-30
-64
412
-132
854
-1475
21
-13
-47
-81
-115
-149
-183
293
-506
735
956
1942
123
89
-1220
-1764
-268
-302
-336
140
-659
582
548
769
1755
-64
-98
-132
-166
-200
-999
-2308
463
429
395
361
327
548
1534
-285
-319
-353
123
-676
565
531
-778
-1322
174
140
361
1347
-472
-506
-30
-829
412
378
344
310
276
242
-1067
-1611
140
1636
-948
293
259
225
191
157
123
89
55
21
-13
718
-336
-1390
106
72
38
4
-30
-64
-98
-132
344
-455
786
1007
1993
174
-1135
-1679
-183
-217
-251
-285
191
-608
633
599
820
1806
-13
-47
-81
-115
-1424
-1968
38
-761
480
446
412
633
1619
-200
-234
-268
-302
174
-625
616
-693
-1237
259
225
191
412
1398
-421
-455
21
-778
463
429
395
361
-948
-1492
4
225
1211
-98
-897
344
310
276
242
208
174
140
106
72
-1237
-1016
735
191
157
123
89
55
21
-13
-47
-81
395
-404
1092
2078
-1016
-1560
-64
-98
-132
-166
-200
-234
242
-557
684
650
871
1857
38
4
-1305
-1849
-353
-387
89
-710
531
497
463
684
1670
-149
-183
-217
-251
225
-1849
-1118
378
344
310
276
497
1483
-336
-370
-404
72
-727
514
480
446
-863
-1407
89
55
276
1262
-47
-846
395
361
327
293
259
225
191
157
-1152
-1441
1585
-999
242
208
174
140
106
72
38
4
-30
-64
412
-132
854
-1475
21
-13
-47
-81
-115
-149
-183
293
-506
735
956
1942
123
89
-1220
-1764
-268
-302
-336
140
-659
582
548
769
1755
-64
-98
-132
-166
-200
-999
-2308
463
429
395
361
327
548
1534
-285
-319
-353
123
-676
565
531
-778
-1322
174
140
361
1347
-472
-506
-30
-829
412
378
344
310
276
242
-1067
-1611
140
1636
-948
293
259
225
191
157
123
89
55
21
-13
1046
2035
219
188
-1118
-1659
-160
-191
-222
-253
-284
-315
164
-632
612
581
805
1794
-22
-53
-84
-115
-146
-1452
-1993
16
-780
464
433
402
371
340
564
1553
-263
-294
-325
-356
123
-673
571
540
509
-797
-1338
161
130
99
323
1312
-504
-535
-56
-852
392
361
330
299
268
237
206
175
-1131
-1672
82
1581
-1000
244
213
182
151
120
89
58
27
-4
-35
-66
-97
382
-159
2105
-986
-1527
-28
-59
-90
-121
-152
-183
-214
-245
234
-562
682
651
875
1864
48
17
-14
-45
-1351
-1892
-393
86
-710
534
503
472
441
410
634
1623
-193
-224
-255
-286
-317
162
-634
-665
-1206
293
262
231
200
169
393
1382
-434
-465
14
-782
462
431
400
369
338
307
276
-1030
-1571
-72
152
1141
-165
-961
283
252
221
190
159
128
97
66
35
4
-27
452
-89
900
-1426
73
42
11
-20
-51
-82
-113
-144
-175
-206
273
-523
721
945
1934
118
87
-1219
-1760
-261
-292
-323
-354
125
-671
573
542
511
480
704
1693
-123
-154
-185
-216
-247
232
-1839
-1105
394
363
332
301
270
239
463
1452
-364
-395
-426
53
-743
501
470
439
408
-898
-1439
60
29
253
1242
-574
-95
-891
353
322
291
260
229
198
167
136
105
74
43
-1008
-19
-1070
174
143
112
81
50
19
-12
-43
-74
-105
-136
343
-453
1046
2035
219
188
-1118
-1659
-160
-191
-222
-253
-284
-315
164
-632
612
581
805
1794
-22
-53
-84
-115
-146
-1452
-1993
16
-780
464
433
402
371
340
564
1553
-263
-294
-325
-356
123
-673
571
540
509
-797
-1338
161
130
99
323
1312
-504
-535
-56
-852
392
361
330
299
268
237
206
175
-1131
-1672
82
1581
-1000
244
213
182
151
120
89
58
27
-4
-35
-66
-97
382
-159
2105
-986
-1527
-28
-59
-90
-121
-152
-183
-214
-245
234
-562
682
651
875
1864
48
17
-14
-45
-1351
-1892
-393
86
-710
534
503
472
441
410
634
1623
-193
-224
-255
-286
-317
162
-634
-665
-1206
293
262
231
200
169
393
1382
-434
-465
14
-782
462
431
400
369
338
307
276
-1030
-1571
-72
152
1141
-165
-961
283
252
221
190
159
128
97
66
35
4
-27
