conv_ordinal,conv_operator_index,activation_name,activation_mode,output_channel,input_scale,input_zero_point,weight_scale,weight_zero_point,weight_sum_int,bias_int32,bias_scale,expected_bias_scale,bias_scale_matches,raw_mac_accumulator_correction,effective_bias_for_raw_qx_times_qw,effective_bias_fits_int32,output_scale,multiplier_pos,shift_pos,positive_relative_error,multiplier_neg,shift_neg,negative_relative_error,zero_point
0,1,LEAKY_RELU,1,0,0.003921568859368563,-128,0.052991077303886414,0,-246,15374,0.00020780815975740552,0.00020780815857931317,True,-31488,-16114,True,0.26288098096847534,1738334100,41,1.0854902811938248e-10,1390667280,44,1.0854892525426905e-10,-102
0,1,LEAKY_RELU,1,1,0.003921568859368563,-128,0.09748809039592743,0,192,-40230,0.0003823062579613179,0.00038230625945597646,True,24576,-15654,True,0.26288098096847534,1599013272,40,2.81724625152461e-10,1279210618,43,3.096825127275884e-11,-102
0,1,LEAKY_RELU,1,2,0.003921568859368563,-128,0.01763915829360485,0,-18,5759,6.917317659826949e-05,6.91731738696735e-05,True,-2304,3455,True,0.26288098096847534,1157279750,42,2.121968663346092e-10,1851647600,46,2.121968663346092e-10,-102
0,1,LEAKY_RELU,1,3,0.003921568859368563,-128,0.02499343827366829,0,-14,6366,9.80134864221327e-05,9.801348922256793e-05,True,-1792,4574,True,0.26288098096847534,1639783459,42,8.964879083246126e-11,1311826767,45,2.4210805453547566e-10,-102
0,1,LEAKY_RELU,1,4,0.003921568859368563,-128,0.08739056438207626,0,-11,-11698,0.00034270811011083424,0.00034270811588339375,True,-1408,-13106,True,0.26288098096847534,1433392241,40,2.1147147177599555e-10,1146713793,43,3.858829084379217e-10,-102
0,1,LEAKY_RELU,1,5,0.003921568859368563,-128,0.1619216650724411,0,0,1636,0.0006349869654513896,0.0006349869594051913,True,0,1636,True,0.26288098096847534,1327930881,39,5.859746770400966e-11,2124689410,43,1.296652531597437e-10,-102
0,1,LEAKY_RELU,1,6,0.003921568859368563,-128,0.1179262101650238,0,-8,-9154,0.00046245576231740415,0.0004624557534865098,True,-1024,-10178,True,0.26288098096847534,1934242167,40,2.4004044005700622e-12,1547393734,43,2.608994538541957e-10,-102
0,1,LEAKY_RELU,1,7,0.003921568859368563,-128,0.05757840722799301,0,-484,15375,0.0002257976884720847,0.00022579768875733916,True,-61952,-46577,True,0.26288098096847534,1888818152,41,8.366306248781467e-11,1511054521,44,3.134106626207907e-10,-102
0,1,LEAKY_RELU,1,8,0.003921568859368563,-128,0.1264272779226303,0,-3,-73,0.0004957932978868484,0.0004957932760761216,True,-384,-457,True,0.26288098096847534,2073677867,40,2.371481340879237e-10,1658942294,43,3.9693259735725275e-12,-102
0,1,LEAKY_RELU,1,9,0.003921568859368563,-128,0.07612055540084839,0,3,2860,0.0002985119936056435,0.0002985119996178065,True,384,3244,True,0.26288098096847534,1248539980,40,3.361109286974219e-10,1997663967,44,1.6447383400840393e-10,-102
0,1,LEAKY_RELU,1,10,0.003921568859368563,-128,0.07312416285276413,0,2,2781,0.0002867614384740591,0.00028676143991079525,True,256,3037,True,0.26288098096847534,1199392731,40,3.553170001883385e-10,1919028369,44,4.2658777038540325e-11,-102
0,1,LEAKY_RELU,1,11,0.003921568859368563,-128,0.07386329770088196,0,7,2405,0.00028966000536456704,0.00028966000811404824,True,896,3301,True,0.26288098096847534,1211516124,40,3.5530291297852264e-10,1938425798,44,1.4894985275835955e-10,-102
0,1,LEAKY_RELU,1,12,0.003921568859368563,-128,0.030020616948604584,0,-23,11683,0.00011772791913244873,0.00011772791656467982,True,-2944,8739,True,0.26288098096847534,1969609406,42,1.2975411637934176e-10,1575687525,45,2.5668277546351194e-10,-102
0,1,LEAKY_RELU,1,13,0.003921568859368563,-128,0.0851188376545906,0,1,-195,0.00033379936940036714,0.00033379938309189075,True,128,-67,True,0.26288098096847534,1396131062,40,2.3195113246969853e-10,1116904849,43,3.0524767427765723e-10,-102
0,1,LEAKY_RELU,1,14,0.003921568859368563,-128,0.07835086435079575,0,3,4038,0.0003072583058383316,0.00030725830974269105,True,384,4422,True,0.26288098096847534,1285121818,40,3.34656008426913e-10,2056194909,44,2.373890575448461e-10,-102
0,1,LEAKY_RELU,1,15,0.003921568859368563,-128,0.023946121335029602,0,-6,18426,9.390636114403605e-05,9.390636373011324e-05,True,-768,17658,True,0.26288098096847534,1571070504,42,2.7004738242534544e-10,1256856404,45,3.664612513878878e-10,-102
1,4,LEAKY_RELU,1,0,0.26288098096847534,-102,0.00661366106942296,0,-56,491,0.0017386056715622544,0.0017386057097229235,True,-5712,-5221,True,0.21281203627586365,1122831929,37,1.6202595834655886e-10,1796531087,41,1.719509005622607e-10,-61
1,4,LEAKY_RELU,1,1,0.26288098096847534,-102,0.0020913882181048393,0,-204,4367,0.0005497862002812326,0.0005497861863613118,True,-20808,-16441,True,0.21281203627586365,1420258730,39,7.42085331772317e-11,1136206984,42,7.42085331772317e-11,-61
1,4,LEAKY_RELU,1,2,0.26288098096847534,-102,0.003986176569014788,0,-452,629,0.0010478900512680411,0.0010478900067761587,True,-46104,-45475,True,0.21281203627586365,1353503386,38,3.0977515484784257e-10,1082802709,41,1.2506925598339678e-10,-61
1,4,LEAKY_RELU,1,3,0.26288098096847534,-102,0.0051709688268601894,0,-446,1044,0.00135934934951365,0.0013593493577624127,True,-45492,-44448,True,0.21281203627586365,1755798745,38,1.4277016596078318e-10,1404638996,41,1.4277016596078318e-10,-61
1,4,LEAKY_RELU,1,4,0.26288098096847534,-102,0.004176056012511253,0,-521,-356,0.0010978056816384196,0.0010978057011482578,True,-53142,-53498,True,0.21281203627586365,1417976815,38,9.70635055975517e-11,1134381452,41,9.706342152756669e-11,-61
1,4,LEAKY_RELU,1,5,0.26288098096847534,-102,0.0026824416127055883,0,265,571,0.0007051628781482577,0.0007051628825387041,True,27030,27601,True,0.21281203627586365,1821642240,39,1.2085641277206265e-10,1457313792,42,1.2085628189094125e-10,-61
1,4,LEAKY_RELU,1,6,0.26288098096847534,-102,0.0017750257393345237,0,-1602,9299,0.00046662052045576274,0.0004666205076005528,True,-163404,-154105,True,0.21281203627586365,1205417426,39,2.2101581209671371e-10,1928667881,43,9.007976508403572e-11,-61
1,4,LEAKY_RELU,1,7,0.26288098096847534,-102,0.0022741463035345078,0,-1112,6442,0.0005978298140689731,0.0005978298111389835,True,-113424,-106982,True,0.21281203627586365,1544369483,39,1.5308075112290312e-10,1235495586,42,1.7067608582210318e-10,-61
1,4,LEAKY_RELU,1,8,0.26288098096847534,-102,0.0040614670142531395,0,-390,417,0.0010676824022084475,0.00106768243287797,True,-39780,-39363,True,0.21281203627586365,1379068203,38,4.549489591064689e-11,1103254562,41,3.1706870995772995e-10,-61
1,4,LEAKY_RELU,1,9,0.26288098096847534,-102,0.0009114714921452105,0,81,1518,0.00023960851831361651,0.0002396085199799329,True,8262,9780,True,0.21281203627586365,1237957958,40,1.2812872385764836e-10,1980732733,44,2.2910145819667353e-10,-61
1,4,LEAKY_RELU,1,10,0.26288098096847534,-102,0.0055539654567837715,0,-386,683,0.0014600318390876055,0.001460031887544344,True,-39372,-38689,True,0.21281203627586365,1885844975,38,2.22588866257707e-10,1508675980,41,2.22588866257707e-10,-61
1,4,LEAKY_RELU,1,11,0.26288098096847534,-102,0.0007910754065960646,0,-1112,2494,0.00020795868476852775,0.00020795867890600894,True,-113424,-110930,True,0.21281203627586365,1074436341,40,1.0017701842384324e-10,1719098145,44,2.488431940612875e-10,-61
1,4,LEAKY_RELU,1,12,0.26288098096847534,-102,0.0005959277041256428,0,798,-10053,0.0001566580613143742,0.0001566580594468403,True,81396,71343,True,0.21281203627586365,1618774586,41,7.265326716401475e-11,1295019669,44,2.270910759734022e-10,-61
1,4,LEAKY_RELU,1,13,0.26288098096847534,-102,0.003689891891553998,0,-577,-170,0.0009700023801997304,0.000970002400119338,True,-58854,-59024,True,0.21281203627586365,1252900137,38,2.632147294747828e-10,2004640220,42,1.358593509729155e-10,-61
1,4,LEAKY_RELU,1,14,0.26288098096847534,-102,0.005839276593178511,0,-432,1495,0.0015350347384810448,0.0015350347589610236,True,-44064,-42569,True,0.21281203627586365,1982722167,38,2.34790673811645e-10,1586177733,41,1.4347718048664096e-10,-61
1,4,LEAKY_RELU,1,15,0.26288098096847534,-102,0.002743420423939824,0,-738,3379,0.000721193035133183,0.0007211930522542515,True,-75276,-71897,True,0.21281203627586365,1863052863,39,1.3166039691742378e-10,1490442290,42,1.3671631423005276e-10,-61
1,4,LEAKY_RELU,1,16,0.26288098096847534,-102,0.00388350966386497,0,-462,1111,0.0010209007887169719,0.0010209008300373773,True,-47124,-46013,True,0.21281203627586365,1318642913,38,2.7866547291479714e-10,2109828660,42,1.00512327549082e-10,-61
1,4,LEAKY_RELU,1,17,0.26288098096847534,-102,0.0032396474853157997,0,-705,4415,0.0008516417001374066,0.0008516417089318717,True,-71910,-67495,True,0.21281203627586365,1100019973,38,8.181900235943964e-11,1760031957,42,3.181529797864398e-11,-61
1,4,LEAKY_RELU,1,18,0.26288098096847534,-102,0.0033196168951690197,0,-302,769,0.0008726641535758972,0.0008726641458415563,True,-30804,-30035,True,0.21281203627586365,1127173529,38,2.8656758706404493e-10,1803477646,42,6.477384950550057e-11,-61
1,4,LEAKY_RELU,1,19,0.26288098096847534,-102,0.004850519355386496,0,-368,1471,0.0012751092435792089,0.0012751092863505786,True,-37536,-36065,True,0.21281203627586365,1646990358,38,1.5917015962359094e-10,1317592286,41,1.4441399705640792e-10,-61
1,4,LEAKY_RELU,1,20,0.26288098096847534,-102,0.0014968463219702244,0,-28,-1492,0.0003934924316126853,0.00039349242947858687,True,-2856,-4348,True,0.21281203627586365,2033012367,40,1.346367208944529e-10,1626409894,43,1.1130374068301554e-10,-61
1,4,LEAKY_RELU,1,21,0.26288098096847534,-102,0.005400626454502344,0,-313,2214,0.0014197219861671329,0.0014197219802038752,True,-31926,-29712,True,0.21281203627586365,1833778828,38,2.7012026570360147e-10,1467023062,41,2.540816270865384e-12,-61
1,4,LEAKY_RELU,1,22,0.26288098096847534,-102,0.002240420551970601,0,-848,2383,0.0005889639724045992,0.0005889639524839646,True,-86496,-84113,True,0.21281203627586365,1521466373,39,2.6292846087333947e-10,1217173099,42,2.3001692017378364e-10,-61
1,4,LEAKY_RELU,1,23,0.26288098096847534,-102,0.0019089983543381095,0,-636,1831,0.0005018393858335912,0.0005018393600556073,True,-64872,-63041,True,0.21281203627586365,1296398036,39,1.3333952572126024e-10,2074236857,43,1.559235777745953e-10,-61
1,4,LEAKY_RELU,1,24,0.26288098096847534,-102,0.00495882285758853,0,-469,778,0.0013035802403464913,0.0013035802172517708,True,-47838,-47060,True,0.21281203627586365,1683764734,38,7.154972757619576e-13,1347011787,41,1.4776140912683597e-10,-61
1,4,LEAKY_RELU,1,25,0.26288098096847534,-102,0.00488899415358901,0,-453,1103,0.0012852235231548548,0.0012852235790446198,True,-46206,-45103,True,0.21281203627586365,1660054448,38,1.268773229656546e-10,1328043558,41,1.743177607765732e-10,-61
1,4,LEAKY_RELU,1,26,0.26288098096847534,-102,0.00675639184191823,0,-431,1644,0.0017761269118636847,0.0017761269152108683,True,-43962,-42318,True,0.21281203627586365,1147063995,37,2.238494611562518e-10,1835302392,41,2.238494611562518e-10,-61
1,4,LEAKY_RELU,1,27,0.26288098096847534,-102,0.0033049110788851976,0,-475,205,0.0008687982917763293,0.000868798266430923,True,-48450,-48245,True,0.21281203627586365,1122180179,38,3.0025358299656837e-10,1795488287,42,3.3917272538064793e-11,-61
1,4,LEAKY_RELU,1,28,0.26288098096847534,-102,0.0032308208756148815,0,-506,829,0.000849321368150413,0.0008493213611150685,True,-51612,-50783,True,0.21281203627586365,1097022904,38,1.055339870794088e-10,1755236647,42,2.3630017990664127e-10,-61
1,4,LEAKY_RELU,1,29,0.26288098096847534,-102,0.0030288018751889467,0,-691,1417,0.0007962143863551319,0.0007962144081088279,True,-70482,-69065,True,0.21281203627586365,2056854996,39,1.4557703279709416e-10,1645483997,42,2.6712181865831113e-10,-61
1,4,LEAKY_RELU,1,30,0.26288098096847534,-102,0.002950966125354171,0,-666,-158,0.0007757528801448643,0.0007757528698378452,True,-67932,-68090,True,0.21281203627586365,2003996850,39,1.2334016858819939e-11,1603197480,42,1.2333927630169539e-11,-61
1,4,LEAKY_RELU,1,31,0.26288098096847534,-102,0.004694306291639805,0,66,1204,0.0012340438552200794,0.0012340438429127576,True,6732,7936,True,0.21281203627586365,1593948324,38,2.006095626604329e-10,1275158659,41,3.5745286516585156e-10,-61
2,7,LEAKY_RELU,1,0,0.21281203627586365,-61,0.005304803140461445,0,-630,1108,0.0011289259418845177,0.0011289259583641964,True,-38430,-37322,True,0.1395922601222992,1111511499,37,2.0872145550761083e-10,1778418398,41,1.6197522010320148e-11,-83
2,7,LEAKY_RELU,1,1,0.21281203627586365,-61,0.003637832822278142,0,-736,877,0.0007741746376268566,0.0007741746105401834,True,-44896,-44019,True,0.1395922601222992,1524464869,38,6.445942226498603e-11,1219571895,41,2.2845135508219312e-10,-83
2,7,LEAKY_RELU,1,2,0.21281203627586365,-61,0.005645223427563906,0,-655,1203,0.0012013715459033847,0.0012013714928520852,True,-39955,-38752,True,0.1395922601222992,1182839511,37,3.779013844811288e-11,1892543218,41,1.7356564385651634e-10,-83
2,7,LEAKY_RELU,1,3,0.21281203627586365,-61,0.00126900733448565,0,-1678,16764,0.00027006003074347973,0.0002700600349008972,True,-102358,-85594,True,0.1395922601222992,2127153385,40,2.2840220315432649e-10,1701722708,43,2.2840214711262755e-10,-83
2,7,LEAKY_RELU,1,4,0.21281203627586365,-61,0.002127245767042041,0,-893,1768,0.00045270350528880954,0.0004527035033434282,True,-54473,-52705,True,0.1395922601222992,1782880961,39,2.2303655031220368e-10,1426304769,42,8.281419840294359e-11,-83
2,7,LEAKY_RELU,1,5,0.21281203627586365,-61,0.002793477149680257,0,-1535,2525,0.0005944855511188507,0.000594485560513551,True,-93635,-91110,True,0.1395922601222992,1170630423,38,4.155316426856543e-10,1873008678,42,2.2514870829936713e-10,-83
2,7,LEAKY_RELU,1,6,0.21281203627586365,-61,0.0028562587685883045,0,-588,659,0.0006078462465666234,0.0006078462446740679,True,-35868,-35209,True,0.1395922601222992,1196939596,38,2.6493684433312055e-10,1915103354,42,5.607090710265178e-11,-83
2,7,LEAKY_RELU,1,7,0.21281203627586365,-61,0.0030190455727279186,0,-1423,5659,0.0006424892344512045,0.0006424892359418594,True,-86803,-81144,True,0.1395922601222992,1265156795,38,7.579734715854218e-11,2024250872,42,7.579734715854218e-11,-83
2,7,LEAKY_RELU,1,8,0.21281203627586365,-61,0.004248063545674086,0,-941,2061,0.0009040390723384917,0.0009040390533841675,True,-57401,-55340,True,0.1395922601222992,1780187258,38,1.9060229956309034e-11,1424149806,41,2.9992965903319337e-10,-83
2,7,LEAKY_RELU,1,9,0.21281203627586365,-61,0.0020260585006326437,0,-2309,13222,0.0004311696393415332,0.0004311696351336561,True,-140849,-127627,True,0.1395922601222992,1698074187,39,2.8699779627974937e-10,1358459350,42,7.453414205850638e-12,-83
2,7,LEAKY_RELU,1,10,0.21281203627586365,-61,0.0022336584515869617,0,-481,533,0.00047534939949400723,0.00047534940342701393,True,-29341,-28808,True,0.1395922601222992,1872067247,39,2.010238348970785e-10,1497653798,42,6.606055595271414e-11,-83
2,7,LEAKY_RELU,1,11,0.21281203627586365,-61,0.004009244963526726,0,-444,1371,0.0008532155770808458,0.0008532155846168732,True,-27084,-25713,True,0.1395922601222992,1680108294,38,2.635358766122965e-10,1344086636,41,3.3166374503931223e-10,-83
2,7,LEAKY_RELU,1,12,0.21281203627586365,-61,0.0029669692739844322,0,-2875,14886,0.0006314067868515849,0.0006314067727645478,True,-175375,-160489,True,0.1395922601222992,1243333778,38,1.707324422507513e-10,1989334044,42,2.31412234051939e-10,-83
2,7,LEAKY_RELU,1,13,0.21281203627586365,-61,0.0053776344284415245,0,-875,1182,0.001144425361417234,0.001144425333063831,True,-53375,-52193,True,0.1395922601222992,1126771785,37,4.481822916689689e-11,1802834856,41,4.4818202717599185e-11,-83
2,7,LEAKY_RELU,1,14,0.21281203627586365,-61,0.0052951001562178135,0,-231,480,0.0011268610833212733,0.0011268610465293566,True,-14091,-13611,True,0.1395922601222992,1109478440,37,3.4353765648034794e-10,1775165503,41,2.1979015349436036e-10,-83
2,7,LEAKY_RELU,1,15,0.21281203627586365,-61,0.0012066314229741693,0,-1205,5489,0.0002567856863606721,0.0002567856901575759,True,-73505,-68016,True,0.1395922601222992,2022596754,40,1.1385666517025757e-10,1618077403,43,9.746845583279887e-12,-83
2,7,LEAKY_RELU,1,16,0.21281203627586365,-61,0.003948852885514498,0,-640,1030,0.0008403634419664741,0.0008403634235201601,True,-39040,-38010,True,0.1395922601222992,1654800479,38,6.252247358203268e-11,1323840383,41,2.1359819658966644e-10,-83
2,7,LEAKY_RELU,1,17,0.21281203627586365,-61,0.004466870333999395,0,-1697,5200,0.0009506037458777428,0.0009506037715586585,True,-103517,-98317,True,0.1395922601222992,1871880109,38,1.3076695589864807e-10,1497504087,41,2.7887335118380366e-12,-83
2,7,LEAKY_RELU,1,18,0.21281203627586365,-61,0.004211908672004938,0,-954,1646,0.0008963448344729841,0.0008963448610973396,True,-58194,-56548,True,0.1395922601222992,1765036250,38,6.834975827473023e-11,1412029000,41,6.834975827473023e-11,-83
2,7,LEAKY_RELU,1,19,0.21281203627586365,-61,0.003016821574419737,0,-662,46,0.0006420159479603171,0.0006420159423332211,True,-40382,-40336,True,0.1395922601222992,1264224809,38,3.527030215919396e-10,2022759695,42,5.6078633436328527e-11,-83
2,7,LEAKY_RELU,1,20,0.21281203627586365,-61,0.00466538593173027,0,-1174,2030,0.0009928502840921283,0.0009928502801442862,True,-71614,-69584,True,0.1395922601222992,1955069763,38,3.2523767821261073e-12,1564055810,41,2.589977873399709e-10,-83
2,7,LEAKY_RELU,1,21,0.21281203627586365,-61,0.0008844475960358977,0,2179,-5140,0.00018822109268512577,0.00018822109389169187,True,132919,127779,True,0.1395922601222992,1482541232,40,1.3170020756689295e-10,1186032986,43,2.0555854054875466e-10,-83
2,7,LEAKY_RELU,1,22,0.21281203627586365,-61,0.004125325009226799,0,-1512,816,0.0008779187919571996,0.0008779188155133011,True,-92232,-91416,True,0.1395922601222992,1728752628,38,2.4793770618671956e-10,1383002102,41,4.1288242763368404e-11,-83
2,7,LEAKY_RELU,1,23,0.21281203627586365,-61,0.0062163276597857475,0,-299,588,0.0013229093747213483,0.001322909347436979,True,-18239,-17651,True,0.1395922601222992,1302502561,37,3.0254223995767526e-10,2084004097,41,1.4634913596744015e-11,-83
2,7,LEAKY_RELU,1,24,0.21281203627586365,-61,0.002418139949440956,0,-1544,1960,0.0005146092735230923,0.0005146092866405438,True,-94184,-92224,True,0.1395922601222992,2026684337,39,1.947683210991109e-10,1621347470,42,5.1939995319543264e-11,-83
2,7,LEAKY_RELU,1,25,0.21281203627586365,-61,0.002341286977753043,0,-1654,8692,0.0004982540267519653,0.0004982540492417878,True,-100894,-92202,True,0.1395922601222992,1962272551,39,2.237506375607995e-11,1569818041,42,1.4977824302371607e-10,-83
2,7,LEAKY_RELU,1,26,0.21281203627586365,-61,0.003378248307853937,0,-964,2815,0.0007189319003373384,0.0007189319014398871,True,-58804,-55989,True,0.1395922601222992,1415683764,38,3.434021399581235e-10,1132547012,41,3.6297021937572864e-10,-83
2,7,LEAKY_RELU,1,27,0.21281203627586365,-61,0.009306145831942558,0,-198,1322,0.0019804597832262516,0.001980459844375837,True,-12078,-10756,True,0.1395922601222992,1949909889,37,1.3224662672468214e-10,1559927911,40,4.035573771218368e-12,-83
2,7,LEAKY_RELU,1,28,0.21281203627586365,-61,0.005174507386982441,0,-681,3565,0.0011011974420398474,0.0011011974537482316,True,-41541,-37976,True,0.1395922601222992,1084210725,37,3.805911883728589e-10,1734737161,41,1.958649065000644e-10,-83
2,7,LEAKY_RELU,1,29,0.21281203627586365,-61,0.002481673378497362,0,-3393,15923,0.0005281299818307161,0.0005281299650496257,True,-206973,-191050,True,0.1395922601222992,2079932788,39,1.6866252368062812e-11,1663946230,42,2.235262169016545e-10,-83
2,7,LEAKY_RELU,1,30,0.21281203627586365,-61,0.002231513150036335,0,-721,524,0.00047489284770563245,0.0004748928574355993,True,-43981,-43457,True,0.1395922601222992,1870269234,39,2.380748680670692e-10,1496215387,42,1.0440417813181836e-10,-83
2,7,LEAKY_RELU,1,31,0.21281203627586365,-61,0.0017656661802902818,0,92,3604,0.0003757550148293376,0.00037575501521100105,True,5612,9216,True,0.1395922601222992,1479834942,39,2.3279933791606335e-10,1183867954,42,1.0507618163873868e-10,-83
2,7,LEAKY_RELU,1,32,0.21281203627586365,-61,0.0035881700459867716,0,-702,178,0.0007636057562194765,0.0007636057739905042,True,-42822,-42644,True,0.1395922601222992,1503653259,38,9.905738126232602e-11,1202922607,41,2.6531907681895495e-10,-83
2,7,LEAKY_RELU,1,33,0.21281203627586365,-61,0.0028699238318949938,0,-830,3374,0.0006107543595135212,0.000610754334622203,True,-50630,-47256,True,0.1395922601222992,1202666058,38,3.018152761962272e-10,1924265692,42,1.139277776877733e-10,-83
2,7,LEAKY_RELU,1,34,0.21281203627586365,-61,0.0034826123155653477,0,-827,1526,0.0007411417900584638,0.0007411418184348623,True,-50447,-48921,True,0.1395922601222992,1459418392,38,1.6132667405645064e-11,1167534714,41,3.5873485958318586e-10,-83
2,7,LEAKY_RELU,1,35,0.21281203627586365,-61,0.002843559021130204,0,-29,-9194,0.0006051436066627502,0.0006051435855573203,True,-1769,-10963,True,0.1395922601222992,1191617659,38,1.3748661005650238e-10,1906588254,42,7.231232784566009e-11,-83
2,7,LEAKY_RELU,1,36,0.21281203627586365,-61,0.0028509292751550674,0,-1086,2792,0.0006067120702937245,0.0006067120643242219,True,-66246,-63454,True,0.1395922601222992,1194706227,38,2.998051608168361e-10,1911529963,42,1.9517687913791216e-10,-83
2,7,LEAKY_RELU,1,37,0.21281203627586365,-61,0.003060980001464486,0,-1602,4665,0.0006514134001918137,0.0006514133871113534,True,-97722,-93057,True,0.1395922601222992,1282729775,38,7.78952869515155e-11,2052367640,42,7.789524048448406e-11,-83
2,7,LEAKY_RELU,1,38,0.21281203627586365,-61,0.003069693688303232,0,-807,4387,0.000653267779853195,0.0006532677645509771,True,-49227,-44840,True,0.1395922601222992,1286381320,38,2.45856605487327e-10,2058210111,42,2.400025325814301e-10,-83
2,7,LEAKY_RELU,1,39,0.21281203627586365,-61,0.0021496897097676992,0,-932,1286,0.00045747985132038593,0.0004574798444969344,True,-56852,-55566,True,0.1395922601222992,1801691613,39,2.1189855874572702e-10,1441353290,42,6.561851205160684e-11,-83
2,7,LEAKY_RELU,1,40,0.21281203627586365,-61,0.0037733109202235937,0,-672,817,0.0008030059980228543,0.0008030059804347359,True,-40992,-40175,True,0.1395922601222992,1581238121,38,2.8762566037260177e-10,1264990497,41,1.2952181896252025e-10,-83
2,7,LEAKY_RELU,1,41,0.21281203627586365,-61,0.0010135025950148702,0,685,2079,0.00021568554802797735,0.0002156855510159865,True,41785,43864,True,0.1395922601222992,1698867624,40,1.0923200503342051e-11,1359094099,43,1.580800457251268e-10,-83
2,7,LEAKY_RELU,1,42,0.21281203627586365,-61,0.008174453862011433,0,-238,1233,0.0017396222101524472,0.0017396221718177507,True,-14518,-13285,True,0.1395922601222992,1712787303,37,1.3500510361755888e-11,1370229842,40,2.784213173695595e-10,-83
2,7,LEAKY_RELU,1,43,0.21281203627586365,-61,0.0026831969153136015,0,-1473,6656,0.0005710165714845061,0.0005710165992770036,True,-89853,-83197,True,0.1395922601222992,1124416551,38,2.1321991475181678e-10,1799066481,42,1.2028640863765443e-10,-83
2,7,LEAKY_RELU,1,44,0.21281203627586365,-61,0.005607977043837309,0,-446,467,0.0011934450594708323,0.001193445014087316,True,-27206,-26739,True,0.1395922601222992,1175035304,37,2.823696112760044e-10,1880056486,41,6.961004633395191e-11,-83
2,7,LEAKY_RELU,1,45,0.21281203627586365,-61,0.0043260445818305016,0,-631,2518,0.0009206343675032258,0.0009206343564795161,True,-38491,-35973,True,0.1395922601222992,1812865876,38,1.5962075155479832e-10,1450292701,41,2.1717686109533262e-11,-83
2,7,LEAKY_RELU,1,46,0.21281203627586365,-61,0.0036061385180801153,0,-1919,3765,0.0007674297085031867,0.0007674296811254547,True,-117059,-113294,True,0.1395922601222992,1511183101,38,2.5005232726017305e-10,1208946480,41,4.1168093246037876e-10,-83
2,7,LEAKY_RELU,1,47,0.21281203627586365,-61,0.0041159456595778465,0,-782,1244,0.0008759227930568159,0.0008759227770155642,True,-47702,-46458,True,0.1395922601222992,1724822131,38,6.381098502678344e-11,1379857705,41,8.113149657223498e-11,-83
2,7,LEAKY_RELU,1,48,0.21281203627586365,-61,0.0016720984131097794,0,-2175,16834,0.00035584266879595816,0.0003558426681475324,True,-132675,-115841,True,0.1395922601222992,1401414201,39,2.1240423503262592e-10,1121131361,42,3.907954203581814e-10,-83
2,7,LEAKY_RELU,1,49,0.21281203627586365,-61,0.001941983588039875,0,-1307,2145,0.000413277477491647,0.00041327748178507373,True,-79727,-77582,True,0.1395922601222992,1627609569,39,1.1859511415829124e-10,1302087655,42,2.721947141765469e-10,-83
2,7,LEAKY_RELU,1,50,0.21281203627586365,-61,0.0030823529232293367,0,-955,-857,0.000655961805023253,0.000655961802113296,True,-58255,-59112,True,0.1395922601222992,1291686280,38,3.301053528436804e-11,2066698048,42,3.301062757402954e-11,-83
2,7,LEAKY_RELU,1,51,0.21281203627586365,-61,0.012062371708452702,0,-295,-1,0.0025670179165899754,0.0025670178855921877,True,-17995,-17996,True,0.1395922601222992,1263709934,36,2.482180708533465e-10,2021935895,40,4.852714781455446e-11,-83
2,7,LEAKY_RELU,1,52,0.21281203627586365,-61,0.0038710739463567734,0,-942,7496,0.0008238111040554941,0.0008238111290986283,True,-57462,-49966,True,0.1395922601222992,1622206551,38,1.9657769083761718e-10,1297765241,41,4.246676003280346e-11,-83
2,7,LEAKY_RELU,1,53,0.21281203627586365,-61,0.003062109462916851,0,-864,143,0.0006516537396237254,0.0006516537501029263,True,-52704,-52561,True,0.1395922601222992,1283203085,38,2.7603034142158334e-10,2053124937,42,2.1103207849730348e-10,-83
2,7,LEAKY_RELU,1,54,0.21281203627586365,-61,0.0046807243488729,0,-622,993,0.0009961144533008337,0.0009961144799296578,True,-37942,-36949,True,0.1395922601222992,1961497458,38,2.435601790532179e-10,1569197966,41,1.1347231864445995e-11,-83
2,7,LEAKY_RELU,1,55,0.21281203627586365,-61,0.0022685888689011335,0,-1441,1568,0.0004827830125577748,0.0004827830166636085,True,-87901,-86333,True,0.1395922601222992,1901343026,39,3.732113685522166e-11,1521074421,42,1.6880714258416912e-10,-83
2,7,LEAKY_RELU,1,56,0.21281203627586365,-61,0.0042703766375780106,0,-317,671,0.0009087875369004905,0.0009087875479078522,True,-19337,-18666,True,0.1395922601222992,1789537749,38,2.746085769463778e-10,1431630200,41,2.84194913329002e-10,-83
2,7,LEAKY_RELU,1,57,0.21281203627586365,-61,0.009607459418475628,0,-211,783,0.002044582972303033,0.002044583002283523,True,-12871,-12088,True,0.1395922601222992,2013043903,37,8.788878871519745e-11,1610435122,40,1.6049140692652845e-10,-83
2,7,LEAKY_RELU,1,58,0.21281203627586365,-61,0.002178942086175084,0,-926,705,0.00046370510244742036,0.000463705102286098,True,-56486,-55781,True,0.1395922601222992,1826208528,39,1.3013648289854391e-10,1460966823,42,2.805504613376499e-10,-83
2,7,LEAKY_RELU,1,59,0.21281203627586365,-61,0.004601125605404377,0,-417,1297,0.0009791748598217964,0.0009791749092471214,True,-25437,-24140,True,0.1395922601222992,1928140925,38,1.1472746377681303e-10,1542512740,41,1.1472746377681303e-10,-83
2,7,LEAKY_RELU,1,60,0.21281203627586365,-61,0.0032807353418320417,0,-1081,-1403,0.0006981799961067736,0.0006981799685774684,True,-65941,-67344,True,0.1395922601222992,1374820124,38,3.23178520710304e-10,1099856100,41,4.0418927309101217e-10,-83
2,7,LEAKY_RELU,1,61,0.21281203627586365,-61,0.003213947406038642,0,-734,-4509,0.0006839666748419404,0.0006839666919626133,True,-44774,-49283,True,0.1395922601222992,1346832070,38,2.638197725624519e-10,1077465656,41,2.6381972830701276e-10,-83
2,7,LEAKY_RELU,1,62,0.21281203627586365,-61,0.0027861434500664473,0,-722,564,0.0005929248873144388,0.0005929248609653007,True,-44042,-43478,True,0.1395922601222992,1167557174,38,1.0148068094375704e-10,1868091479,42,2.1970268267052022e-10,-83
2,7,LEAKY_RELU,1,63,0.21281203627586365,-61,0.001082580303773284,0,907,-4101,0.0002303861256223172,0.0002303861188781356,True,55327,51226,True,0.1395922601222992,1814658036,40,3.805049863114262e-11,1451726429,43,1.7581740359944502e-10,-83
3,10,LEAKY_RELU,1,0,0.1395922601222992,-83,0.0015431157080456614,0,-2350,6897,0.00021540700981859118,0.00021540700931631587,True,-195050,-188153,True,0.12459283322095871,1900932063,40,1.772887976924993e-10,1520745650,43,8.574015985661576e-11,-94
3,10,LEAKY_RELU,1,1,0.1395922601222992,-83,0.0018419679254293442,0,-3225,23223,0.0002571244549471885,0.0002571244657834648,True,-267675,-244452,True,0.12459283322095871,1134540939,39,2.67912711459576e-10,1815265502,43,4.7559191476155314e-11,-94
3,10,LEAKY_RELU,1,2,0.1395922601222992,-83,0.001636599306948483,0,-3124,18586,0.00022845659987069666,0.00022845659617152722,True,-259292,-240706,True,0.12459283322095871,2016092559,40,1.1458490527482616e-10,1612874047,43,9.417456288984046e-12,-94
3,10,LEAKY_RELU,1,3,0.1395922601222992,-83,0.002413422567769885,0,-2023,11818,0.00033689511474221945,0.00033689511086516105,True,-167909,-156091,True,0.12459283322095871,1486522467,39,3.154553306800235e-10,1189217974,42,2.0900204164992096e-11,-94
3,10,LEAKY_RELU,1,4,0.1395922601222992,-83,0.0015038952697068453,0,-1442,2669,0.00020993214275222272,0.00020993213968561325,True,-119686,-117017,True,0.12459283322095871,1852617223,40,2.568525134304715e-10,1482093778,43,1.303594162705024e-11,-94
3,10,LEAKY_RELU,1,5,0.1395922601222992,-83,0.0028458915185183287,0,-1065,4419,0.0003972644335590303,0.0003972644291328556,True,-88395,-83976,True,0.12459283322095871,1752897209,39,2.1857424262850592e-10,1402317767,42,7.59531136855264e-11,-94
3,10,LEAKY_RELU,1,6,0.1395922601222992,-83,0.002878055674955249,0,-1360,1549,0.00040175431058742106,0.0004017542964248125,True,-112880,-111331,True,0.12459283322095871,1772708385,39,2.3690089736666003e-10,1418166708,42,2.369010318606247e-10,-94
3,10,LEAKY_RELU,1,7,0.1395922601222992,-83,0.001680868910625577,0,-4137,6155,0.00023463628895115107,0.00023463629020353122,True,-343371,-337216,True,0.12459283322095871,2070627360,40,1.9292766249463432e-10,1656501888,43,1.929276912804245e-10,-94
3,10,LEAKY_RELU,1,8,0.1395922601222992,-83,0.0021074004471302032,0,-1496,2742,0.0002941768034361303,0.00029417679139764896,True,-124168,-121426,True,0.12459283322095871,1298031333,39,3.878690109574623e-11,2076850133,43,1.3508655660069233e-10,-94
3,10,LEAKY_RELU,1,9,0.1395922601222992,-83,0.0025287847965955734,0,-1011,-3564,0.00035299878800287843,0.00035299878511968474,True,-83913,-87477,True,0.12459283322095871,1557578630,39,3.1521615675167293e-10,1246062904,42,3.1521611848417e-10,-94
3,10,LEAKY_RELU,1,10,0.1395922601222992,-83,0.004335539415478706,0,-806,286,0.0006052077515050769,0.0006052077458559846,True,-66898,-66612,True,0.12459283322095871,1335215150,38,3.057138969702415e-10,2136344239,42,1.6237550404929904e-10,-94
3,10,LEAKY_RELU,1,11,0.1395922601222992,-83,0.0027224174700677395,0,-1342,1381,0.0003800284175667912,0.00038002840764318757,True,-111386,-110005,True,0.12459283322095871,1676844656,39,8.626461976252496e-11,1341475725,42,2.3535405408376346e-10,-94
3,10,LEAKY_RELU,1,12,0.1395922601222992,-83,0.0023101207334548235,0,-635,-9448,0.0003224749816581607,0.0003224749743383423,True,-52705,-62153,True,0.12459283322095871,1422894780,39,2.235157664559937e-10,1138315824,42,2.2351572456628713e-10,-94
3,10,LEAKY_RELU,1,13,0.1395922601222992,-83,0.0032215872779488564,0,-1472,6398,0.0004497086629271507,0.00044970864931012655,True,-122176,-115778,True,0.12459283322095871,1984303095,39,2.475646809130096e-10,1587442476,42,2.475646508749348e-10,-94
3,10,LEAKY_RELU,1,14,0.1395922601222992,-83,0.0030291671864688396,0,-1578,3043,0.00042284830124117434,0.00042284829384749145,True,-130974,-127931,True,0.12459283322095871,1865783945,39,2.1316245789677665e-10,1492627156,42,2.1316255373527646e-10,-94
3,10,LEAKY_RELU,1,15,0.1395922601222992,-83,0.0018026030156761408,0,-2828,12314,0.0002516294189263135,0.0002516294290615048,True,-234724,-222410,True,0.12459283322095871,1110294533,39,3.1307436114142937e-11,1776471253,43,1.438901217746051e-10,-94
3,10,LEAKY_RELU,1,16,0.1395922601222992,-83,0.0020643824245780706,0,-626,7902,0.0002881718100979924,0.00028817180840360473,True,-51958,-44056,True,0.12459283322095871,1271534830,39,3.7664997270146053e-10,2034455729,43,1.1488193457625756e-10,-94
3,10,LEAKY_RELU,1,17,0.1395922601222992,-83,0.0017556458478793502,0,-1215,10434,0.0002450745669193566,0.00024507457187980877,True,-100845,-90411,True,0.12459283322095871,1081371755,39,4.799936279026758e-11,1730194808,43,4.799941790974383e-11,-94
3,10,LEAKY_RELU,1,18,0.1395922601222992,-83,0.0025970491115003824,0,-1307,5254,0.0003625279641710222,0.0003625279551229474,True,-108481,-103227,True,0.12459283322095871,1599625323,39,2.949943523010892e-10,1279700258,42,1.7578918556530743e-11,-94
3,10,LEAKY_RELU,1,19,0.1395922601222992,-83,0.0022229335736483335,0,-1019,1719,0.00031030431273393333,0.0003103043216473103,True,-84577,-82858,True,0.12459283322095871,1369192758,39,2.617810492051812e-10,1095354206,42,1.0339775854368719e-10,-94
3,10,LEAKY_RELU,1,20,0.1395922601222992,-83,0.0012774268398061395,0,-603,20406,0.00017831889272201806,0.00017831889970942524,True,-50049,-29643,True,0.12459283322095871,1573635486,40,1.2728077290517858e-10,1258908389,43,3.158698432810933e-11,-94
3,10,LEAKY_RELU,1,21,0.1395922601222992,-83,0.001841388177126646,0,-1889,-3670,0.0002570435462985188,0.0002570435374075891,True,-156787,-160457,True,0.12459283322095871,1134183849,39,1.9957571509953225e-10,1814694158,43,2.0847207938568154e-11,-94
3,10,LEAKY_RELU,1,22,0.1395922601222992,-83,0.0018461521249264479,0,-1300,-9074,0.0002577085397206247,0.0002577085476480681,True,-107900,-116974,True,0.12459283322095871,1137118153,39,2.1948206950790937e-10,1819389044,43,2.2022597559770865e-10,-94
3,10,LEAKY_RELU,1,23,0.1395922601222992,-83,0.002233068458735943,0,-1563,1264,0.0003117190790362656,0.0003117190731627695,True,-129729,-128465,True,0.12459283322095871,1375435234,39,3.2105531029202176e-10,1100348188,42,4.0598719650888743e-10,-94
3,10,LEAKY_RELU,1,24,0.1395922601222992,-83,0.002760925330221653,0,-954,1331,0.0003854038077406585,0.0003854038068745458,True,-79182,-77851,True,0.12459283322095871,1700563171,39,1.0505197408907443e-10,1360450537,42,2.5206202645305884e-10,-94
3,10,LEAKY_RELU,1,25,0.1395922601222992,-83,0.0022191747557371855,0,-1090,-2696,0.00030977962887845933,0.00030977961975970497,True,-90470,-93166,True,0.12459283322095871,1366877553,39,4.3976731704706486e-11,1093502042,42,3.2182043814415973e-10,-94
3,10,LEAKY_RELU,1,26,0.1395922601222992,-83,0.002216895343735814,0,-2023,2234,0.00030946143670007586,0.00030946143148668365,True,-167909,-165675,True,0.12459283322095871,1365473573,39,8.527850241431677e-11,1092378858,42,2.808947801190644e-10,-94
3,10,LEAKY_RELU,1,27,0.1395922601222992,-83,0.0035336508881300688,0,-913,-3632,0.0004932702868245542,0.0004932703139572461,True,-75779,-79411,True,0.12459283322095871,1088257711,38,2.2028099405167023e-10,1741212337,42,1.2430650235854854e-10,-94
3,10,LEAKY_RELU,1,28,0.1395922601222992,-83,0.0035015661269426346,0,76,1062,0.0004887915565632284,0.000488791529627608,True,6308,7370,True,0.12459283322095871,1078376574,38,2.8117266960452534e-10,1725402518,42,4.9342652426372186e-11,-94
3,10,LEAKY_RELU,1,29,0.1395922601222992,-83,0.0017008119029924273,0,-1322,128,0.00023742017219774425,0.00023742017758162162,True,-109726,-109598,True,0.12459283322095871,2095194717,40,8.036508374779388e-11,1676155773,43,2.77596986504435e-10,-94
3,10,LEAKY_RELU,1,30,0.1395922601222992,-83,0.006439949385821819,0,-414,2445,0.0008989670895971358,0.0008989670898400803,True,-34362,-31917,True,0.12459283322095871,1983309840,38,2.1782620188680496e-10,1586647872,41,2.1782620188680496e-10,-94
3,10,LEAKY_RELU,1,31,0.1395922601222992,-83,0.0024744924157857895,0,-1150,3878,0.00034541997592896223,0.00034541998897502646,True,-95450,-91572,True,0.12459283322095871,1524137804,39,2.495073563744196e-10,1219310243,42,8.548015423369923e-11,-94
3,10,LEAKY_RELU,1,32,0.1395922601222992,-83,0.0019291548524051905,0,-1191,1754,0.0002692950947675854,0.00026929508597314106,True,-98853,-97099,True,0.12459283322095871,1188242817,39,2.7504811731081597e-10,1901188508,43,1.4574119738123857e-10,-94
3,10,LEAKY_RELU,1,33,0.1395922601222992,-83,0.001501382328569889,0,-1353,-6208,0.0002095813542837277,0.00020958135255275123,True,-112299,-118507,True,0.12459283322095871,1849521583,40,1.4108530323435985e-10,1479617266,43,1.2925500697607891e-10,-94
3,10,LEAKY_RELU,1,34,0.1395922601222992,-83,0.0020653586834669113,0,-1538,1853,0.00028830807423219085,0.0002883080865883625,True,-127654,-125801,True,0.12459283322095871,1272136147,39,2.9317661349756425e-11,2035417835,43,6.894235547920824e-11,-94
3,10,LEAKY_RELU,1,35,0.1395922601222992,-83,0.002166654681786895,0,217,-4938,0.00030244822846725583,0.0003024482239351936,True,18011,13073,True,0.12459283322095871,1334528361,39,1.347139070459628e-11,2135245378,43,2.0080342343042657e-10,-94
3,10,LEAKY_RELU,1,36,0.1395922601222992,-83,0.0021414998918771744,0,-469,-8757,0.00029893682221882045,0.0002989368099587941,True,-38927,-47684,True,0.12459283322095871,1319034530,39,3.1034978105233325e-10,2110455249,43,1.634815676986841e-10,-94
3,10,LEAKY_RELU,1,37,0.1395922601222992,-83,0.0020892603788524866,0,-994,7818,0.00029164456645958126,0.0002916445782679897,True,-82502,-74684,True,0.12459283322095871,1286858147,39,2.206791435477427e-11,2058973035,43,1.192037872523553e-10,-94
3,10,LEAKY_RELU,1,38,0.1395922601222992,-83,0.002956522861495614,0,-2170,7619,0.00041270771180279553,0.0004127077083394201,True,-180110,-172491,True,0.12459283322095871,1821039431,39,8.54310815226936e-11,1456831545,42,2.227152482223592e-10,-94
3,10,LEAKY_RELU,1,39,0.1395922601222992,-83,0.001664327341131866,0,-3006,14964,0.00023232722014654428,0.00023232721513193402,True,-249498,-234534,True,0.12459283322095871,2050250146,40,6.046871522098429e-11,1640200117,43,1.8240502669898497e-10,-94
3,10,LEAKY_RELU,1,40,0.1395922601222992,-83,0.0023958152160048485,0,-854,4191,0.00033443726715631783,0.00033443726083751124,True,-70882,-66691,True,0.12459283322095871,1475677403,39,1.8338606841763093e-10,1180541922,42,1.5544137386427345e-10,-94
3,10,LEAKY_RELU,1,41,0.1395922601222992,-83,0.003111575497314334,0,-685,2256,0.00043435185216367245,0.000434351856211275,True,-56855,-54599,True,0.12459283322095871,1916542485,39,1.285924054787833e-10,1533233988,42,1.2859249877905486e-10,-94
3,10,LEAKY_RELU,1,42,0.1395922601222992,-83,0.0018715091282501817,0,-1601,2541,0.0002612481766846031,0.00026124818905195676,True,-132883,-130342,True,0.12459283322095871,1152736535,39,3.755413118019769e-10,1844378455,43,1.666467608912455e-10,-94
3,10,LEAKY_RELU,1,43,0.1395922601222992,-83,0.0016974062891677022,0,-445,-5338,0.00023694477567914873,0.0002369447802507245,True,-36935,-42273,True,0.12459283322095871,2090999412,40,8.468320172316671e-11,1672799530,43,1.5443678973624708e-10,-94
3,10,LEAKY_RELU,1,44,0.1395922601222992,-83,0.005177851300686598,0,-451,734,0.0007227879832498729,0.0007227879656400288,True,-37433,-36699,True,0.12459283322095871,1594621761,38,2.0464440613407685e-10,1275697409,41,4.786752822534461e-11,-94
3,10,LEAKY_RELU,1,45,0.1395922601222992,-83,0.0011773535516113043,0,-2049,4822,0.00016434944700449705,0.000164349443232438,True,-170067,-165245,True,0.12459283322095871,1450357289,40,1.8482373120681335e-10,1160285831,43,3.571951742049037e-10,-94
3,10,LEAKY_RELU,1,46,0.1395922601222992,-83,0.0022270737681537867,0,-932,1509,0.00031088225659914315,0.00031088226075567243,True,-77356,-75847,True,0.12459283322095871,1371742867,39,2.0423336282943958e-10,1097394294,42,1.6026639315379204e-10,-94
3,10,LEAKY_RELU,1,47,0.1395922601222992,-83,0.001819406170397997,0,-3553,18447,0.0002539750130381435,0.0002539750194063134,True,-294899,-276452,True,0.12459283322095871,1120644261,39,7.061174747963836e-11,1793030817,43,2.640172446828657e-10,-94
3,10,LEAKY_RELU,1,48,0.1395922601222992,-83,0.0027159869205206633,0,-831,1841,0.0003791307390201837,0.0003791307526980828,True,-68973,-67132,True,0.12459283322095871,1672883826,39,5.446810540566385e-11,1338307061,42,2.039104980629038e-10,-94
3,10,LEAKY_RELU,1,49,0.1395922601222992,-83,0.0015791294863447547,0,-1910,-11281,0.00022043425997253507,0.0002204342540246297,True,-158530,-169811,True,0.12459283322095871,1945296685,40,8.548925569123866e-11,1556237348,43,8.548928633162644e-11,-94
3,10,LEAKY_RELU,1,50,0.1395922601222992,-83,0.0030192947015166283,0,-791,1982,0.0004214701766613871,0.0004214701713599889,True,-65653,-63671,True,0.12459283322095871,1859703091,39,1.2110674475303823e-10,1487762473,42,1.3323284198867475e-11,-94
3,10,LEAKY_RELU,1,51,0.1395922601222992,-83,0.0022299422416836023,0,-2196,-673,0.0003112826670985669,0.0003112826774588004,True,-182268,-182941,True,0.12459283322095871,1373509674,39,2.597843310871193e-10,1098807739,42,7.776886749239688e-11,-94
3,10,LEAKY_RELU,1,52,0.1395922601222992,-83,0.0028275353834033012,0,-737,813,0.0003947020450141281,0.0003947020547450386,True,-61171,-60358,True,0.12459283322095871,1741590939,39,2.411876031796853e-10,1393272751,42,9.764058919615006e-11,-94
3,10,LEAKY_RELU,1,53,0.1395922601222992,-83,0.00154628767631948,0,-419,-3081,0.00021584979549515992,0.00021584979153669442,True,-34777,-37858,True,0.12459283322095871,1904839544,40,1.2363463951770444e-10,1523871635,43,2.548793524731075e-10,-94
3,10,LEAKY_RELU,1,54,0.1395922601222992,-83,0.0011984417214989662,0,-143,-6232,0.00016729318303987384,0.00016729318852889974,True,-11869,-18101,True,0.12459283322095871,1476335366,40,5.4733380158461425e-12,1181068293,43,1.6386483957678283e-10,-94
3,10,LEAKY_RELU,1,55,0.1395922601222992,-83,0.0048724752850830555,0,-1354,3919,0.0006801598356105387,0.0006801598374347878,True,-112382,-108463,True,0.12459283322095871,1500575175,38,6.867827042446331e-11,1200460140,41,6.867815126086703e-11,-94
3,10,LEAKY_RELU,1,56,0.1395922601222992,-83,0.0012154110008850694,0,-1487,849,0.00016966197290457785,0.00016966196859105262,True,-123421,-122572,True,0.12459283322095871,1497239467,40,2.865831385515886e-10,1197791574,43,4.7364777514605024e-11,-94
3,10,LEAKY_RELU,1,57,0.1395922601222992,-83,0.0042146132327616215,0,-493,1706,0.0005883274134248495,0.0005883273867025446,True,-40919,-39213,True,0.12459283322095871,1297973539,38,9.408835499409007e-11,2076757662,42,9.851957768852071e-11,-94
3,10,LEAKY_RELU,1,58,0.1395922601222992,-83,0.0034373870585113764,0,-531,-2616,0.00047983264084905386,0.00047983262841274493,True,-44073,-46689,True,0.12459283322095871,2117222719,39,1.6329279018096277e-10,1693778175,42,2.813720349010935e-10,-94
3,10,LEAKY_RELU,1,59,0.1395922601222992,-83,0.001781746745109558,0,-2613,17459,0.0002487180463504046,0.00024871805511539335,True,-216879,-199420,True,0.12459283322095871,1097448331,39,3.9711325724116487e-10,1755917329,43,5.541143952170756e-11,-94
3,10,LEAKY_RELU,1,60,0.1395922601222992,-83,0.0013219560496509075,0,-112,-15713,0.00018453483062330633,0.00018453483275311655,True,-9296,-25009,True,0.12459283322095871,1628490091,40,1.5674964021679525e-10,1302792073,43,3.2333474718285196e-12,-94
3,10,LEAKY_RELU,1,61,0.1395922601222992,-83,0.0032570476178079844,0,-1519,819,0.000454658642411232,0.0004546586382957671,True,-126077,-125258,True,0.12459283322095871,2006144521,39,6.163662689889443e-11,1604915617,42,6.298042763217169e-11,-94
3,10,LEAKY_RELU,1,62,0.1395922601222992,-83,0.004234017804265022,0,-630,-1718,0.0005910361069254577,0.0005910361146954091,True,-52290,-54008,True,0.12459283322095871,1303949561,38,2.8577235897745644e-10,2086319297,42,1.8155207458542941e-12,-94
3,10,LEAKY_RELU,1,63,0.1395922601222992,-83,0.004404047038406134,0,-294,1014,0.0006147708627395332,0.0006147708797760304,True,-24402,-23388,True,0.12459283322095871,1356313428,38,2.79276571446786e-10,1085050742,41,8.936982651859865e-11,-94
3,10,LEAKY_RELU,1,64,0.1395922601222992,-83,0.0019506964599713683,0,-922,4547,0.0002723021316342056,0.00027230212765997144,True,-76526,-71979,True,0.12459283322095871,1201511146,39,7.721654289896384e-11,1922417833,43,2.3489047407048257e-10,-94
3,10,LEAKY_RELU,1,65,0.1395922601222992,-83,0.0018861406715586782,0,-889,-3816,0.00026329062529839575,0.0002632906392514671,True,-73787,-77603,True,0.12459283322095871,1161748681,39,9.865809969833119e-11,1858797890,43,1.1653471632261775e-10,-94
3,10,LEAKY_RELU,1,66,0.1395922601222992,-83,0.00254730018787086,0,-631,-178,0.0003555833827704191,0.0003555833904348507,True,-52373,-52551,True,0.12459283322095871,1568982992,39,1.801219465966305e-10,1255186393,42,2.978948214455726e-10,-94
3,10,LEAKY_RELU,1,67,0.1395922601222992,-83,0.0017611999064683914,0,-1426,-96,0.0002458498638588935,0.0002458498754711047,True,-118358,-118454,True,0.12459283322095871,1084792720,39,4.320115185327226e-10,1735668351,43,1.4413549845405658e-10,-94
3,10,LEAKY_RELU,1,68,0.1395922601222992,-83,0.002849042881280184,0,-760,519,0.0003977043379563838,0.0003977043349832482,True,-63080,-62561,True,0.12459283322095871,1754838258,39,1.9781490295393326e-10,1403870606,42,8.71116410278241e-11,-94
3,10,LEAKY_RELU,1,69,0.1395922601222992,-83,0.002107194159179926,0,-724,-166,0.0002941479906439781,0.00029414799519643375,True,-60092,-60258,True,0.12459283322095871,1297904272,39,2.8898169146990465e-11,2076646835,43,1.2520734394517226e-10,-94
3,10,LEAKY_RELU,1,70,0.1395922601222992,-83,0.0019428309751674533,0,-660,-8325,0.00027120416052639484,0.00027120416685923535,True,-54780,-63105,True,0.12459283322095871,1196666483,39,3.7569301509425275e-10,1914666372,43,4.213434724179633e-11,-94
3,10,LEAKY_RELU,1,71,0.1395922601222992,-83,0.0015546100912615657,0,-1851,7644,0.00021701153309550136,0.00021701153624813577,True,-153633,-145989,True,0.12459283322095871,1915091754,40,1.7852425839646925e-10,1532073403,43,4.798208570889879e-11,-94
3,10,LEAKY_RELU,1,72,0.1395922601222992,-83,0.001269579166546464,0,-1481,4522,0.0001772234245436266,0.0001772234252624058,True,-122923,-118401,True,0.12459283322095871,1563968101,40,1.0014196160781287e-10,1251174481,43,5.970780784111001e-11,-94
3,10,LEAKY_RELU,1,73,0.1395922601222992,-83,0.0014713339041918516,0,-1777,10079,0.00020538682292681187,0.000205386825080707,True,-147491,-137412,True,0.12459283322095871,1812505555,40,1.862347912735935e-10,1450004444,43,1.8623492281447532e-10,-94
3,10,LEAKY_RELU,1,74,0.1395922601222992,-83,0.0018595150904729962,0,-721,-2695,0.0002595739206299186,0.0002595739142106472,True,-59843,-62538,True,0.12459283322095871,1145348932,39,4.547286746305613e-11,1832558291,43,1.5461001834451819e-10,-94
3,10,LEAKY_RELU,1,75,0.1395922601222992,-83,0.0009455823455937207,0,5119,-31189,0.00013199597015045583,0.00013199597675317247,True,424877,393688,True,0.12459283322095871,1164843174,40,3.2377938340021035e-10,1863749078,44,1.0915821751187862e-10,-94
3,10,LEAKY_RELU,1,76,0.1395922601222992,-83,0.0016894410364329815,0,-533,620,0.00023583289294037968,0.0002358328926190395,True,-44239,-43619,True,0.12459283322095871,2081187183,40,2.065818292296531e-10,1664949747,43,1.5378935062484734e-10,-94
3,10,LEAKY_RELU,1,77,0.1395922601222992,-83,0.003962057642638683,0,-308,1590,0.000553072604816407,0.0005530725810707626,True,-25564,-23974,True,0.12459283322095871,1220194048,38,3.0799367888423566e-10,1952310476,42,1.0177730810166905e-10,-94
3,10,LEAKY_RELU,1,78,0.1395922601222992,-83,0.00180882029235363,0,-727,-3433,0.0002524973242543638,0.0002524973127647212,True,-60341,-63774,True,0.12459283322095871,1114124000,39,2.5909320404362504e-10,1782598400,43,2.5909312379495687e-10,-94
3,10,LEAKY_RELU,1,79,0.1395922601222992,-83,0.0013577415375038981,0,-1713,-2732,0.0001895302120829001,0.0001895302098820946,True,-142179,-144911,True,0.12459283322095871,1672573488,40,2.8788437803238885e-10,1338058790,43,1.1056220357170098e-11,-94
3,10,LEAKY_RELU,1,80,0.1395922601222992,-83,0.0022576849441975355,0,-834,1315,0.0003151553391944617,0.0003151553440046209,True,-69222,-67907,True,0.12459283322095871,1390597502,39,1.4151520832384696e-12,1112478002,42,3.5814243382561555e-10,-94
3,10,LEAKY_RELU,1,81,0.1395922601222992,-83,0.0017513681668788195,0,-3185,6140,0.0002444774436298758,0.00024447744072086247,True,-264355,-258215,True,0.12459283322095871,1078736962,39,3.722645829977462e-11,1725979139,43,1.5310276921085977e-10,-94
3,10,LEAKY_RELU,1,82,0.1395922601222992,-83,0.0011072932975366712,0,1544,-11661,0.000154569570440799,0.00015456957402141744,True,128152,116491,True,0.12459283322095871,1364051523,40,1.5885680833571011e-10,1091241219,43,3.9097575123411823e-10,-94
3,10,LEAKY_RELU,1,83,0.1395922601222992,-83,0.004878350533545017,0,-505,1209,0.0006809799815528095,0.0006809799766463731,True,-41915,-40706,True,0.12459283322095871,1502384574,38,5.766475337245358e-11,1201907659,41,1.0873734149475011e-10,-94
3,10,LEAKY_RELU,1,84,0.1395922601222992,-83,0.0022803053725510836,0,-711,-2306,0.0003183129883836955,0.00031831298072342723,True,-59013,-61319,True,0.12459283322095871,1404530319,39,1.2797428745637351e-12,1123624255,42,1.7671578760825632e-10,-94
3,10,LEAKY_RELU,1,85,0.1395922601222992,-83,0.0022077346220612526,0,-4960,25421,0.0003081826725974679,0.0003081826656437803,True,-411680,-386259,True,0.12459283322095871,1359831122,39,8.762181941688314e-11,1087864898,42,4.553144050186094e-10,-94
3,10,LEAKY_RELU,1,86,0.1395922601222992,-83,0.0025280111003667116,0,-1785,672,0.0003528907836880535,0.0003528907831144498,True,-148155,-147483,True,0.12459283322095871,1557102079,39,2.464023861939605e-10,1245681664,42,3.9581626680264735e-10,-94
3,10,LEAKY_RELU,1,87,0.1395922601222992,-83,0.0027297420892864466,0,-1304,-627,0.0003810508642345667,0.0003810508677944621,True,-108232,-108859,True,0.12459283322095871,1681356179,39,1.8188504900050663e-10,1345084943,42,3.319551921937151e-11,-94
3,10,LEAKY_RELU,1,88,0.1395922601222992,-83,0.003254760056734085,0,-1106,2737,0.0004543393151834607,0.0004543393124752937,True,-91798,-89061,True,0.12459283322095871,2004735522,39,1.3415305885490367e-10,1603788417,42,2.3996115794564025e-10,-94
3,10,LEAKY_RELU,1,89,0.1395922601222992,-83,0.0025295999366790056,0,-1852,1566,0.00035311258397996426,0.0003531125723662473,True,-153716,-152150,True,0.12459283322095871,1558080707,39,2.9235091793048824e-10,1246464565,42,1.8901057794990968e-10,-94
3,10,LEAKY_RELU,1,90,0.1395922601222992,-83,0.0027769168373197317,0,-1753,1111,0.00038763610064052045,0.0003876360974931284,True,-145499,-144388,True,0.12459283322095871,1710412973,39,6.686946427459588e-11,1368330378,42,2.2545763305856934e-10,-94
3,10,LEAKY_RELU,1,91,0.1395922601222992,-83,0.0021654085721820593,0,-1350,5467,0.00030227427487261593,0.0003022742766790945,True,-112050,-106583,True,0.12459283322095871,1333760833,39,1.7748458844921734e-10,2134017332,43,1.9739523821837583e-10,-94
3,10,LEAKY_RELU,1,92,0.1395922601222992,-83,0.001661126152612269,0,-831,-1199,0.0002318803599337116,0.0002318803539914059,True,-68973,-70172,True,0.12459283322095871,2046306668,40,2.404583872917303e-10,1637045335,43,1.260555629110706e-10,-94
3,10,LEAKY_RELU,1,93,0.1395922601222992,-83,0.001989680342376232,0,-2182,11382,0.00027774396585300565,0.0002777439759132083,True,-181106,-169724,True,0.12459283322095871,1225522862,39,1.5051995559715652e-10,1960836579,43,4.8522650041270945e-11,-94
3,10,LEAKY_RELU,1,94,0.1395922601222992,-83,0.0031654967460781336,0,-958,3635,0.00044187885941937566,0.0004418788451948305,True,-79514,-75879,True,0.12459283322095871,1949754716,39,1.1364752451268594e-10,1559803773,42,1.4573640491360553e-11,-94
3,10,LEAKY_RELU,1,95,0.1395922601222992,-83,0.0019086693646386266,0,-1685,2679,0.00026643546880222857,0.0002664354704360987,True,-139855,-137176,True,0.12459283322095871,1175624995,39,2.3345927090211293e-10,1880999992,43,2.334591948515291e-10,-94
3,10,LEAKY_RELU,1,96,0.1395922601222992,-83,0.002463440876454115,0,-1478,5909,0.00034387726918794215,0.0003438772796218875,True,-122674,-116765,True,0.12459283322095871,1517330723,39,1.2878396544961756e-10,1213864579,42,3.655050312242621e-10,-94
3,10,LEAKY_RELU,1,97,0.1395922601222992,-83,0.0030871392227709293,0,-1123,-4945,0.000430940737714991,0.00043094074141879213,True,-93209,-98154,True,0.12459283322095871,1901491217,39,1.4609879043596275e-10,1521192973,42,2.483285477571348e-10,-94
3,10,LEAKY_RELU,1,98,0.1395922601222992,-83,0.0012324033305048943,0,-4086,22363,0.0001720339641906321,0.00017203396628742706,True,-339138,-316775,True,0.12459283322095871,1518171964,40,3.1386653390164876e-11,1214537571,43,1.332851134061369e-10,-94
3,10,LEAKY_RELU,1,99,0.1395922601222992,-83,0.0020259860903024673,0,-757,5840,0.00028281199047341943,0.00028281197732166197,True,-62831,-56991,True,0.12459283322095871,1247885009,39,2.28500367672089e-10,1996616014,43,2.816137164569513e-11,-94
3,10,LEAKY_RELU,1,100,0.1395922601222992,-83,0.0020905612036585808,0,-1549,4122,0.0002918261743616313,0.0002918261633426955,True,-128567,-124445,True,0.12459283322095871,1287659377,39,3.8451277416108496e-10,2060255002,43,1.9793942048534674e-10,-94
3,10,LEAKY_RELU,1,101,0.1395922601222992,-83,0.0018403426511213183,0,2078,-18079,0.00025689759058877826,0.0002568975900694888,True,172474,154395,True,0.12459283322095871,1133539868,39,6.028402086455225e-11,1813663789,43,1.7055793740424463e-10,-94
3,10,LEAKY_RELU,1,102,0.1395922601222992,-83,0.0015824757283553481,0,-3311,4245,0.00022090136189945042,0.00022090136350980463,True,-274813,-270568,True,0.12459283322095871,1949418851,40,4.0483435486272635e-11,1559535081,43,1.6872669171001503e-10,-94
3,10,LEAKY_RELU,1,103,0.1395922601222992,-83,0.004164843820035458,0,-649,3037,0.0005813799798488617,0.0005813799618951399,True,-53867,-50830,True,0.12459283322095871,1282646063,38,3.5067109648647614e-10,2052233702,42,2.3405763061288475e-10,-94
3,10,LEAKY_RELU,1,104,0.1395922601222992,-83,0.0018673076992854476,0,-2156,10954,0.00026066170539706945,0.00026066170208702624,True,-178948,-167994,True,0.12459283322095871,1150148708,39,1.7543141294975968e-10,1840237933,43,6.674986637758692e-11,-94
3,10,LEAKY_RELU,1,105,0.1395922601222992,-83,0.002763909287750721,0,-2544,10230,0.0003858203417621553,0.00038582034425013734,True,-211152,-200922,True,0.12459283322095871,1702401108,39,2.053835233494537e-10,1361920887,42,2.35170701105364e-10,-94
3,10,LEAKY_RELU,1,106,0.1395922601222992,-83,0.002982811536639929,0,-656,1043,0.0004163774137850851,0.0004163774039184359,True,-54448,-53405,True,0.12459283322095871,1837231666,39,1.1161851217031256e-10,1469785333,42,2.4455748356530867e-11,-94
3,10,LEAKY_RELU,1,107,0.1395922601222992,-83,0.0019404769409447908,0,-1469,913,0.00027087554917670786,0.00027087556190168866,True,-121927,-121014,True,0.12459283322095871,1195216540,39,2.385190080044556e-10,1912346464,43,2.385190080044556e-10,-94
3,10,LEAKY_RELU,1,108,0.1395922601222992,-83,0.0017467956058681011,0,-913,8411,0.00024383915297221392,0.0002438391465948292,True,-75779,-67368,True,0.12459283322095871,1075920541,39,2.2245852480435749e-10,1721472865,43,1.2608033564362007e-10,-94
3,10,LEAKY_RELU,1,109,0.1395922601222992,-83,0.0033599999733269215,0,-1195,-2616,0.00046902999747544527,0.00046902999028757,True,-99185,-101801,True,0.12459283322095871,2069556951,39,4.345492481570167e-11,1655645561,42,7.734379060713472e-11,-94
3,10,LEAKY_RELU,1,110,0.1395922601222992,-83,0.0036963215097784996,0,-442,-1096,0.0005159778520464897,0.00051597787368865,True,-36686,-37782,True,0.12459283322095871,1138355347,38,3.806936302645612e-10,1821368556,42,5.853647615405296e-11,-94
3,10,LEAKY_RELU,1,111,0.1395922601222992,-83,0.002322273561730981,0,-1507,4175,0.00032417141483165324,0.0003241714151042893,True,-125081,-120906,True,0.12459283322095871,1430380188,39,3.15148923204304e-10,1144304150,42,3.440857455856631e-11,-94
3,10,LEAKY_RELU,1,112,0.1395922601222992,-83,0.0014390589203685522,0,-2099,10340,0.00020088149176444858,0.00020088148714340198,True,-174217,-163877,True,0.12459283322095871,1772746676,40,1.212080502373148e-10,1418197341,43,2.622320132187706e-10,-94
3,10,LEAKY_RELU,1,113,0.1395922601222992,-83,0.0015780089888721704,0,-2505,-317,0.00022027784143574536,0.00022027784124997035,True,-207915,-208232,True,0.12459283322095871,1943916368,40,1.5680375456232669e-10,1555133094,43,1.0040901833186783e-10,-94
3,10,LEAKY_RELU,1,114,0.1395922601222992,-83,0.0014163549058139324,0,-1393,7619,0.00019771218649111688,0.00019771218243787303,True,-115619,-108000,True,0.12459283322095871,1744778074,40,1.75062626742085e-10,1395822459,43,3.17779283789133e-11,-94
3,10,LEAKY_RELU,1,115,0.1395922601222992,-83,0.0007520390790887177,0,-1220,8639,0.00010497883340576664,0.00010497883475028662,True,-101260,-92621,True,0.12459283322095871,1852842519,41,9.368343220391436e-12,1482274015,44,1.442961943673041e-10,-94
3,10,LEAKY_RELU,1,116,0.1395922601222992,-83,0.0011406453559175134,0,-1376,-1043,0.000159225266543217,0.00015922526323053007,True,-114208,-115251,True,0.12459283322095871,1405137228,40,3.250011662185766e-10,1124109783,43,2.087545302437259e-10,-94
3,10,LEAKY_RELU,1,117,0.1395922601222992,-83,0.0012009349884465337,0,-19,-34837,0.00016764123574830592,0.0001676412292971989,True,-1577,-36414,True,0.12459283322095871,1479406770,40,2.909797289070292e-10,1183525416,43,2.9097964832791323e-10,-94
3,10,LEAKY_RELU,1,118,0.1395922601222992,-83,0.0017912277253344655,0,-1683,7370,0.00025004151393659413,0.000250041526573163,True,-139689,-132319,True,0.12459283322095871,1103288041,39,4.3674659897291317e-10,1765260866,43,2.1015119450880063e-10,-94
3,10,LEAKY_RELU,1,119,0.1395922601222992,-83,0.002326455432921648,0,-1230,2152,0.0003247551794629544,0.0003247551719553349,True,-102090,-99938,True,0.12459283322095871,1432955968,39,3.436780479027306e-10,1146364774,42,5.251026917130865e-12,-94
3,10,LEAKY_RELU,1,120,0.1395922601222992,-83,0.001988537609577179,0,-814,-622,0.0002775844477582723,0.0002775844592590726,True,-67562,-68184,True,0.12459283322095871,1224819007,39,3.775831412503219e-10,1959710412,43,3.064034135760185e-11,-94
3,10,LEAKY_RELU,1,121,0.1395922601222992,-83,0.0017675536219030619,0,-1623,4134,0.0002467368030920625,0.0002467368049688043,True,-134709,-130575,True,0.12459283322095871,1088706224,39,2.8234011873741803e-10,1741929959,43,6.210533607900939e-11,-94
3,10,LEAKY_RELU,1,122,0.1395922601222992,-83,0.0021891833748668432,0,-1928,5284,0.0003055930428672582,0.0003055930551198252,True,-160024,-154740,True,0.12459283322095871,1348404675,39,3.018787092438321e-10,1078723740,42,3.018787534476575e-10,-94
3,10,LEAKY_RELU,1,123,0.1395922601222992,-83,0.001310940133407712,0,-2535,16817,0.00018299710063729435,0.00018299709610741094,True,-210405,-193588,True,0.12459283322095871,1614919814,40,1.5696811858857723e-10,1291935851,43,2.1615599682144265e-12,-94
3,10,LEAKY_RELU,1,124,0.1395922601222992,-83,0.0021394756622612476,0,-1172,420,0.000298654253128916,0.0002986542431717004,True,-97276,-96856,True,0.12459283322095871,1317787727,39,2.1454542967284977e-10,2108460364,43,1.6487828193207713e-10,-94
3,10,LEAKY_RELU,1,125,0.1395922601222992,-83,0.0018489412032067776,0,-2350,10878,0.00025809789076447487,0.00025809788138887735,True,-195050,-184172,True,0.12459283322095871,1138836056,39,3.8401615016712543e-10,1822137690,43,1.6449377151845014e-10,-94
3,10,LEAKY_RELU,1,126,0.1395922601222992,-83,0.0026423009112477303,0,-1406,3362,0.00036884474684484303,0.00036884475612428136,True,-116698,-113336,True,0.12459283322095871,1627497697,39,1.40008816894331e-10,1301998157,42,3.2082140160415707e-10,-94
3,10,LEAKY_RELU,1,127,0.1395922601222992,-83,0.0027835089713335037,0,-1397,8779,0.00038855630555190146,0.0003885563083791399,True,-115951,-107172,True,0.12459283322095871,1714473329,39,5.8105089946904016e-11,1371578663,42,2.0392249950435446e-10,-94
4,13,LEAKY_RELU,1,0,0.12459283322095871,-94,0.0019381893798708916,0,-1866,-1661,0.00024148450756911188,0.00024148450615688738,True,-175404,-177065,True,0.08885835856199265,1494035152,39,1.2817218482893799e-10,1195228121,42,3.738240360043782e-10,-96
4,13,LEAKY_RELU,1,1,0.12459283322095871,-94,0.0010422603227198124,0,-2911,-8297,0.0001298581628361717,0.0001298581665614522,True,-273634,-281931,True,0.08885835856199265,1606833239,40,3.082210087549525e-11,1285466591,43,1.2476339134312867e-10,-96
4,13,LEAKY_RELU,1,2,0.12459283322095871,-94,0.0018432334763929248,0,-3822,2354,0.0002296536840731278,0.0002296536811115116,True,-359268,-356914,True,0.08885835856199265,1420839282,39,5.612447738939638e-11,1136671426,42,4.080290365808615e-10,-96
4,13,LEAKY_RELU,1,3,0.12459283322095871,-94,0.0015284274704754353,0,-2231,-2971,0.00019043110660277307,0.0001904311089192777,True,-209714,-212685,True,0.08885835856199265,1178174017,39,2.1494449218038567e-10,1885078428,43,2.0944093261144133e-10,-96
4,13,LEAKY_RELU,1,4,0.12459283322095871,-94,0.0012332991464063525,0,-2788,4618,0.00015366023581009358,0.00015366023485975742,True,-262072,-257454,True,0.08885835856199265,1901354219,40,5.821119609883651e-11,1521083375,43,1.8969649047298108e-10,-96
4,13,LEAKY_RELU,1,5,0.12459283322095871,-94,0.0017223217291757464,0,-3520,-1565,0.00021458894480019808,0.000214588943956027,True,-330880,-332445,True,0.08885835856199265,1327635593,39,2.2501775389130314e-10,2124216948,43,1.5159168032072168e-10,-96
4,13,LEAKY_RELU,1,6,0.12459283322095871,-94,0.0037858521100133657,0,-841,-1374,0.0004716900293715298,0.0004716900405421099,True,-79054,-80428,True,0.08885835856199265,1459144341,38,1.871490573079983e-10,1167315473,41,1.5815726853161914e-11,-96
4,13,LEAKY_RELU,1,7,0.12459283322095871,-94,0.0015177230816334486,0,-3402,-46,0.00018909742357209325,0.00018909741878555576,True,-319788,-319834,True,0.08885835856199265,1169922639,39,2.1661291476290245e-10,1871876223,43,1.0392107408013913e-10,-96
4,13,LEAKY_RELU,1,8,0.12459283322095871,-94,0.0012172168353572488,0,-2481,3019,0.00015165649529080838,0.00015165649416140885,True,-233214,-230195,True,0.08885835856199265,1876560421,40,3.44843932817193e-11,1501248337,43,9.873803728276617e-11,-96
4,13,LEAKY_RELU,1,9,0.12459283322095871,-94,0.000825121474917978,0,-6664,-2083,0.00010280422429786995,0.0001028042223114871,True,-626416,-628499,True,0.08885835856199265,1272074340,40,4.672187527731411e-11,2035318944,44,4.672178156479605e-11,-96
4,13,LEAKY_RELU,1,10,0.12459283322095871,-94,0.001315765781328082,0,-2265,-4611,0.0001639349793549627,0.00016393498655085416,True,-212910,-217521,True,0.08885835856199265,2028491487,40,1.1190487718256634e-10,1622793190,43,1.3458365083892592e-10,-96
4,13,LEAKY_RELU,1,11,0.12459283322095871,-94,0.0011489117750898004,0,-3204,-9937,0.00014314617146737874,0.00014314617317935912,True,-301176,-311113,True,0.08885835856199265,1771255788,40,2.0818541348193e-10,1417004630,43,7.410031956131573e-11,-96
4,13,LEAKY_RELU,1,12,0.12459283322095871,-94,0.0008718980243429542,0,-3231,2139,0.00010863224451895803,0.00010863224513264508,True,-303714,-301575,True,0.08885835856199265,1344188871,40,3.331892641750587e-12,1075351097,43,1.8265392006463346e-10,-96
4,13,LEAKY_RELU,1,13,0.12459283322095871,-94,0.0011891413014382124,0,-3215,1963,0.0001481584768043831,0.00014815848384624498,True,-302210,-300247,True,0.08885835856199265,1833276896,40,1.5700164685075664e-10,1466621517,43,2.933693836453385e-10,-96
4,13,LEAKY_RELU,1,14,0.12459283322095871,-94,0.0016269544139504433,0,-2557,-3046,0.00020270685490686446,0.0002027068599554302,True,-240358,-243404,True,0.08885835856199265,1254122590,39,6.673166587471741e-11,2006596144,43,6.673166587471741e-11,-96
4,13,LEAKY_RELU,1,15,0.12459283322095871,-94,0.0042077312245965,0,-738,-1412,0.0005242531769908965,0.0005242531547047721,True,-69372,-70784,True,0.08885835856199265,1621745126,38,1.9593369021605318e-10,1297396101,41,3.5008861631446125e-10,-96
4,13,LEAKY_RELU,1,16,0.12459283322095871,-94,0.0017956807278096676,0,-1281,-2194,0.00022372894454747438,0.00022372894943807967,True,-120414,-122608,True,0.08885835856199265,1384183691,39,3.4067491673244335e-10,1107346952,42,3.8177263560616056e-10,-96
4,13,LEAKY_RELU,1,17,0.12459283322095871,-94,0.0014033213956281543,0,-3122,528,0.00017484379350207746,0.00017484378860090164,True,-293468,-292940,True,0.08885835856199265,1081737170,39,1.679657046895916e-10,1730779472,43,1.679655944878782e-10,-96
4,13,LEAKY_RELU,1,18,0.12459283322095871,-94,0.0011271514231339097,0,-917,-12567,0.00014043498958926648,0.00014043498927728947,True,-86198,-98765,True,0.08885835856199265,1737708260,40,8.912191479319211e-11,1390166608,43,8.912201769535262e-11,-96
4,13,LEAKY_RELU,1,19,0.12459283322095871,-94,0.001628846861422062,0,-1417,-8987,0.0002029426395893097,0.000202942645347641,True,-133198,-142185,True,0.08885835856199265,1255581365,39,2.756139551203943e-10,2008930185,43,2.2216339921730639e-10,-96
4,13,LEAKY_RELU,1,20,0.12459283322095871,-94,0.0022982340306043625,0,-2305,3544,0.00028634347836486995,0.00028634348927782105,True,-216670,-213126,True,0.08885835856199265,1771572203,39,2.1074266763987674e-10,1417257762,42,7.14925462923076e-11,-96
4,13,LEAKY_RELU,1,21,0.12459283322095871,-94,0.0010737716220319271,0,-715,-8526,0.00013378425501286983,0.0001337842486212222,True,-67210,-75736,True,0.08885835856199265,1655413620,40,2.859135745830331e-10,1324330896,43,2.859134305594632e-10,-96
4,13,LEAKY_RELU,1,22,0.12459283322095871,-94,0.0013014909345656633,0,-3212,2076,0.0001621564442757517,0.00016215644294892938,True,-301928,-299852,True,0.08885835856199265,2006484223,40,2.7080238354275295e-11,1605187378,43,2.7627244862616185e-10,-96
4,13,LEAKY_RELU,1,23,0.12459283322095871,-94,0.0015536220744252205,0,-2571,320,0.00019357017299626023,0.0001935701760072614,True,-241674,-241354,True,0.08885835856199265,1197595042,39,1.1415113145523894e-11,1916152067,43,1.1579106229700898e-10,-96
4,13,LEAKY_RELU,1,24,0.12459283322095871,-94,0.00222043227404356,0,-1645,-5759,0.00027664995286613703,0.00027664994799834336,True,-154630,-160389,True,0.08885835856199265,1711599446,39,2.4147661646149305e-10,1369279557,42,9.541447481112625e-11,-96
4,13,LEAKY_RELU,1,25,0.12459283322095871,-94,0.00227370741777122,0,-1179,-1217,0.0002832876634784043,0.00028328764909562633,True,-110826,-112043,True,0.08885835856199265,1752666093,39,2.456452636355922e-10,1402132874,42,3.9634437800080785e-11,-96
4,13,LEAKY_RELU,1,26,0.12459283322095871,-94,0.001940833288244903,0,-2048,-6578,0.00024181391927413642,0.0002418139181919821,True,-192512,-199090,True,0.08885835856199265,1496073184,39,1.0361649046124841e-10,1196858547,42,6.348759448253957e-11,-96
4,13,LEAKY_RELU,1,27,0.12459283322095871,-94,0.001464031869545579,0,-2950,4353,0.00018240787903778255,0.0001824078785524607,True,-277300,-272947,True,0.08885835856199265,1128535271,39,2.71062149565512e-10,1805656433,43,6.122700394200888e-11,-96
4,13,LEAKY_RELU,1,28,0.12459283322095871,-94,0.0013507161056622863,0,-2812,-13192,0.00016828955267556012,0.00016828954648164408,True,-264328,-277520,True,0.08885835856199265,2082373748,40,1.6133472502674692e-10,1665898999,43,1.9883111042428155e-10,-96
4,13,LEAKY_RELU,1,29,0.12459283322095871,-94,0.004972217138856649,0,-1279,1192,0.0006195026217028499,0.000619502620719959,True,-120226,-119034,True,0.08885835856199265,1916393533,38,1.681105474591351e-10,1533114827,41,2.2324944647763113e-10,-96
4,13,LEAKY_RELU,1,30,0.12459283322095871,-94,0.002042423700913787,0,-2086,-2148,0.00025447134976275265,0.0002544713555344847,True,-196084,-198232,True,0.08885835856199265,1574383203,39,4.9256132107473014e-11,1259506562,42,3.668408968787861e-10,-96
4,13,LEAKY_RELU,1,31,0.12459283322095871,-94,0.0012131792027503252,0,-3265,6345,0.00015115343558136374,0.00015115343407540692,True,-306910,-300565,True,0.08885835856199265,1870335678,40,2.236611191806228e-10,1496268543,43,1.7733629012703147e-10,-96
4,13,LEAKY_RELU,1,32,0.12459283322095871,-94,0.001108249882236123,0,-2473,-6948,0.00013807999494019896,0.00013807999274459241,True,-232462,-239410,True,0.08885835856199265,1708568108,40,1.1629325364804655e-10,1366854487,43,3.226706705774435e-10,-96
4,13,LEAKY_RELU,1,33,0.12459283322095871,-94,0.00198844401165843,0,-797,-6295,0.0002477458619978279,0.00024774587311377286,True,-74918,-81213,True,0.08885835856199265,1532773465,39,2.65951445267669e-10,1226218772,42,2.65951445267669e-10,-96
4,13,LEAKY_RELU,1,34,0.12459283322095871,-94,0.002633394906297326,0,-3376,1313,0.0003281021199654788,0.00032810213236522494,True,-317344,-316031,True,0.08885835856199265,2029927828,39,1.188717433032878e-10,1623942263,42,2.505994617101924e-10,-96
4,13,LEAKY_RELU,1,35,0.12459283322095871,-94,0.0013941596262156963,0,-3803,2430,0.00017370229761581868,0.0001737022977924864,True,-357482,-355052,True,0.08885835856199265,1074674906,39,3.95833334036452e-10,1719479849,43,4.689059976883199e-11,-96
4,13,LEAKY_RELU,1,36,0.12459283322095871,-94,0.0013304987223818898,0,-1817,-1226,0.00016577060159761459,0.00016577060541842544,True,-170798,-172024,True,0.08885835856199265,2051204987,40,9.857803189432496e-11,1640963989,43,2.670608209974229e-10,-96
4,13,LEAKY_RELU,1,37,0.12459283322095871,-94,0.0022480736952275038,0,-2037,-4061,0.00028009386733174324,0.00028009387097790474,True,-191478,-195539,True,0.08885835856199265,1732906577,39,2.0130216887497307e-10,1386325262,42,8.72304078580131e-11,-96
4,13,LEAKY_RELU,1,38,0.12459283322095871,-94,0.0018796684453263879,0,-1718,6195,0.00023419321223627776,0.0002341932171192494,True,-161492,-155297,True,0.08885835856199265,1448924837,39,8.606435717683803e-11,1159139870,42,4.3114781994519154e-10,-96
4,13,LEAKY_RELU,1,39,0.12459283322095871,-94,0.002839259337633848,0,-1495,-4447,0.00035375135485082865,0.00035375136512486374,True,-140530,-144977,True,0.08885835856199265,1094308250,38,3.264288062317443e-10,1750893199,42,2.4470836596202065e-10,-96
4,13,LEAKY_RELU,1,40,0.12459283322095871,-94,0.00183996616397053,0,-2762,8180,0.00022924659424461424,0.00022924659739978741,True,-259628,-251448,True,0.08885835856199265,1418320705,39,2.079938498140565e-10,1134656564,42,2.0799376576445532e-10,-96
4,13,LEAKY_RELU,1,41,0.12459283322095871,-94,0.002094270195811987,0,-2167,1116,0.0002609310613479465,0.0002609310572264274,True,-203698,-202582,True,0.08885835856199265,1614348589,39,2.17764588725533e-10,1291478871,42,6.29032898913128e-11,-96
4,13,LEAKY_RELU,1,42,0.12459283322095871,-94,0.0017701740143820643,0,-1650,-3574,0.00022055099543649703,0.0002205509957459795,True,-155100,-158674,True,0.08885835856199265,1364522079,39,7.094589594614486e-11,1091617663,42,2.541602270513461e-10,-96
4,13,LEAKY_RELU,1,43,0.12459283322095871,-94,0.0009871487272903323,0,-1693,-4010,0.00012299165246076882,0.00012299165674356603,True,-159142,-163152,True,0.08885835856199265,1521868723,40,2.689436895213991e-10,1217494979,43,2.2387136715833392e-10,-96
4,13,LEAKY_RELU,1,44,0.12459283322095871,-94,0.0020269318483769894,0,-2245,-1154,0.0002525411837268621,0.0002525411817350838,True,-211030,-212184,True,0.08885835856199265,1562441453,39,3.040532934435503e-10,1249953163,42,1.7596465457444516e-10,-96
4,13,LEAKY_RELU,1,45,0.12459283322095871,-94,0.0019714448135346174,0,-1354,-1656,0.000245627888944,0.00024562789485704263,True,-127276,-128932,True,0.08885835856199265,1519669792,39,1.6762444201480917e-10,1215735833,42,3.259039042635959e-10,-96
4,13,LEAKY_RELU,1,46,0.12459283322095871,-94,0.0015866823960095644,0,-2493,-228,0.00019768925267271698,0.00019768925514065082,True,-234342,-234570,True,0.08885835856199265,1223079282,39,3.0308503058817057e-10,1956926851,43,2.0088387234209768e-10,-96
4,13,LEAKY_RELU,1,47,0.12459283322095871,-94,0.0057213399559259415,0,-853,575,0.0007128379656933248,0.0007128379549290881,True,-80182,-79607,True,0.08885835856199265,1102560346,37,4.1367154469701205e-10,1764096553,41,7.355405260667742e-11,-96
4,13,LEAKY_RELU,1,48,0.12459283322095871,-94,0.0011196036357432604,0,-2922,-2113,0.0001394945866195485,0.00013949458906173905,True,-274668,-276781,True,0.08885835856199265,1726071978,40,2.5893885283505384e-10,1380857582,43,3.073620504336647e-11,-96
4,13,LEAKY_RELU,1,49,0.12459283322095871,-94,0.0019869802054017782,0,-1732,1661,0.000247563497396186,0.00024756349334497003,True,-162808,-161147,True,0.08885835856199265,1531645103,39,1.5228795125302202e-10,1225316083,42,3.373815025929383e-10,-96
4,13,LEAKY_RELU,1,50,0.12459283322095871,-94,0.002503839321434498,0,-1940,-289,0.0003119604371022433,0.0003119604349875668,True,-182360,-182649,True,0.08885835856199265,1930061118,39,1.886862709163613e-10,1544048894,42,7.037294469114813e-11,-96
4,13,LEAKY_RELU,1,51,0.12459283322095871,-94,0.0013022124767303467,0,-2293,519,0.00016224634600803256,0.00016224634193151566,True,-215542,-215023,True,0.08885835856199265,2007596611,40,5.4615713005419676e-11,1606077289,43,6.991117660874443e-11,-96
4,13,LEAKY_RELU,1,52,0.12459283322095871,-94,0.0016500168712809682,0,-1404,-9834,0.00020558027608785778,0.00020558027685527776,True,-131976,-141810,True,0.08885835856199265,1271900069,39,3.155967122706283e-10,2035040111,43,2.0762275653417553e-11,-96
4,13,LEAKY_RELU,1,53,0.12459283322095871,-94,0.006528786383569241,0,-414,-518,0.0008134400122798979,0.0008134399930233085,True,-38916,-39434,True,0.08885835856199265,1258163477,37,1.3841773271654488e-10,2013061563,41,3.906652605141372e-11,-96
4,13,LEAKY_RELU,1,54,0.12459283322095871,-94,0.0011809072457253933,0,-3543,2185,0.00014713258133269846,0.00014713257951608563,True,-333042,-330857,True,0.08885835856199265,1820582606,40,4.288746747687001e-11,1456466085,43,9.443117962034023e-11,-96
4,13,LEAKY_RELU,1,55,0.12459283322095871,-94,0.0016976101323962212,0,-783,-6148,0.00021151005057618022,0.00021151005609985202,True,-73602,-79750,True,0.08885835856199265,1308586889,39,3.817220630359728e-10,2093739023,43,9.515339647732886e-11,-96
4,13,LEAKY_RELU,1,56,0.12459283322095871,-94,0.0009970635874196887,0,-2514,1655,0.0001242269790964201,0.00012422697725807206,True,-236316,-234661,True,0.08885835856199265,1537154278,40,1.5308690045160836e-10,1229723422,43,1.721895320036564e-10,-96
4,13,LEAKY_RELU,1,57,0.12459283322095871,-94,0.0015507321804761887,0,-1335,-3626,0.00019321011495776474,0.00019321011593244342,True,-125490,-129116,True,0.08885835856199265,1195367394,39,2.4918971356556115e-10,1912587831,43,6.452126983546704e-11,-96
4,13,LEAKY_RELU,1,58,0.12459283322095871,-94,0.0017027315916493535,0,-2476,-3404,0.0002121481520589441,0.00021214815321842547,True,-232744,-236148,True,0.08885835856199265,1312534718,39,3.4574157227994014e-10,2100055550,43,2.2567186132522828e-10,-96
4,13,LEAKY_RELU,1,59,0.12459283322095871,-94,0.002136239316314459,0,-1609,-195,0.0002661601174622774,0.00026616010885762223,True,-151246,-151441,True,0.08885835856199265,1646700093,39,2.6188528259327804e-10,1317360074,42,4.175238711375646e-11,-96
4,13,LEAKY_RELU,1,60,0.12459283322095871,-94,0.0021889926865696907,0,-2443,-2314,0.0002727328101173043,0.0002727328007196758,True,-229642,-231956,True,0.08885835856199265,1687364535,39,2.815919093158891e-10,1349891628,42,2.8159176801946247e-10,-96
4,13,LEAKY_RELU,1,61,0.12459283322095871,-94,0.00216661230660975,0,-1782,3290,0.00026994437212124467,0.0002699443657719052,True,-167508,-164218,True,0.08885835856199265,1670112828,39,4.1541987676147476e-14,1336090262,42,2.994226199790809e-10,-96
4,13,LEAKY_RELU,1,62,0.12459283322095871,-94,0.001058403984643519,0,6573,-45899,0.000131869557662867,0.0001318695511390881,True,617862,571963,True,0.08885835856199265,1631721620,40,3.0149037678182105e-10,1305377296,43,3.014904133105059e-10,-96
4,13,LEAKY_RELU,1,63,0.12459283322095871,-94,0.0025684908032417297,0,-1304,-1438,0.00032001553336158395,0.0003200155462778631,True,-122576,-124014,True,0.08885835856199265,1979897108,39,2.1438424275566996e-10,1583917686,42,3.815422346099289e-11,-96
4,13,LEAKY_RELU,1,64,0.12459283322095871,-94,0.0009340365650132298,0,-4925,1874,0.00011637426359811798,0.0001163742619669705,True,-462950,-461076,True,0.08885835856199265,1439986697,40,3.1254050456122516e-10,1151989357,43,2.082975991464514e-10,-96
4,13,LEAKY_RELU,1,65,0.12459283322095871,-94,0.0024336501955986023,0,-2080,-2539,0.0003032153763342649,0.0003032153729383702,True,-195520,-198059,True,0.08885835856199265,1875956487,39,2.1269425889498627e-10,1500765189,42,1.8710192176029553e-10,-96
4,13,LEAKY_RELU,1,66,0.12459283322095871,-94,0.001214976655319333,0,-3257,-4642,0.0001513773895567283,0.0001513773837835599,True,-306158,-310800,True,0.08885835856199265,1873106777,40,2.2091779750010638e-10,1498485422,43,4.601833599734429e-11,-96
4,13,LEAKY_RELU,1,67,0.12459283322095871,-94,0.0014507952146232128,0,-2340,-4795,0.00018075868138112128,0.00018075868621331495,True,-219960,-224755,True,0.08885835856199265,1118331919,39,6.745541684863465e-11,1789331071,43,2.678653445430797e-10,-96
4,13,LEAKY_RELU,1,68,0.12459283322095871,-94,0.0011105118319392204,0,-1685,-7245,0.00013836182188242674,0.00013836181546670462,True,-158390,-165635,True,0.08885835856199265,1712055314,40,1.547223920019457e-10,1369644251,43,8.698968104197173e-12,-96
4,13,LEAKY_RELU,1,69,0.12459283322095871,-94,0.0038595397491008043,0,-1531,-2706,0.00048087097820825875,0.00048087099226937734,True,-143914,-146620,True,0.08885835856199265,1487545055,38,6.97395294328794e-11,1190036044,41,6.97395294328794e-11,-96
4,13,LEAKY_RELU,1,70,0.12459283322095871,-94,0.003316227812319994,0,-772,-3945,0.0004131782043259591,0.00041317821874308977,True,-72568,-76513,True,0.08885835856199265,1278141593,38,7.394074419325086e-12,2045026549,42,1.0519229245963408e-10,-96
4,13,LEAKY_RELU,1,71,0.12459283322095871,-94,0.004491658881306648,0,-1256,-1243,0.0005596285336650908,0.0005596285058840772,True,-118064,-119307,True,0.08885835856199265,1731176615,38,1.702765745265875e-10,1384941292,41,1.702764712361821e-10,-96
4,13,LEAKY_RELU,1,72,0.12459283322095871,-94,0.0009660918731242418,0,-2750,-4271,0.00012036812404403463,0.00012036812362429226,True,-258500,-262771,True,0.08885835856199265,1489405765,40,2.10202125570448e-10,1191524612,43,2.1020220560860303e-10,-96
4,13,LEAKY_RELU,1,73,0.12459283322095871,-94,0.0021567479707300663,0,2063,-16113,0.00026871534646488726,0.0002687153402168123,True,193922,177809,True,0.08885835856199265,1662508997,39,1.9497299803764023e-11,1330007198,42,3.202474802254698e-10,-96
4,13,LEAKY_RELU,1,74,0.12459283322095871,-94,0.004071560688316822,0,-846,-814,0.0005072872736491263,0.0005072872817884697,True,-79524,-80338,True,0.08885835856199265,1569262234,38,2.0969231042072606e-10,1255409787,41,5.0381817227669147e-11,-96
4,13,LEAKY_RELU,1,75,0.12459283322095871,-94,0.0016118519706651568,0,-1830,-5867,0.00020082520495634526,0.00020082520375795752,True,-172020,-177887,True,0.08885835856199265,1242481013,39,1.670440779512165e-10,1987969620,43,2.35376582529206e-10,-96
4,13,LEAKY_RELU,1,76,0.12459283322095871,-94,0.0011343032820150256,0,-3508,-7439,0.0001413260615663603,0.00014132605963808418,True,-329752,-337191,True,0.08885835856199265,1748734147,40,1.0368544776992601e-10,1398987318,43,1.8223558922510884e-10,-96
4,13,LEAKY_RELU,1,77,0.12459283322095871,-94,0.0014271450927481055,0,-2436,775,0.00017781204951461405,0.00017781205052287436,True,-228984,-228209,True,0.08885835856199265,1100101444,39,1.1478817662038899e-10,1760162310,43,1.124635931070372e-10,-96
4,13,LEAKY_RELU,1,78,0.12459283322095871,-94,0.0013726630713790655,0,-2514,701,0.00017102397396229208,0.00017102398112090085,True,-236316,-235615,True,0.08885835856199265,2116208975,40,1.1531064210640515e-10,1692967180,43,1.1531064210640515e-10,-96
4,13,LEAKY_RELU,1,79,0.12459283322095871,-94,0.0025512254796922207,0,-2659,828,0.00031786441104486585,0.00031786441070035323,True,-249946,-249118,True,0.08885835856199265,1966588294,39,2.2050503760046048e-10,1573270636,42,2.8798980233653293e-10,-96
4,13,LEAKY_RELU,1,80,0.12459283322095871,-94,0.0011690672254189849,0,-4231,2215,0.000145657395478338,0.00014565739784071653,True,-397714,-395499,True,0.08885835856199265,1802329068,40,1.649471998766334e-10,1441863255,43,2.5118092809869327e-10,-96
4,13,LEAKY_RELU,1,81,0.12459283322095871,-94,0.0021961128804832697,0,-2296,-105,0.000273619923973456,0.00027361992585245125,True,-215824,-215929,True,0.08885835856199265,1692853069,39,2.3278757169352594e-10,1354282456,42,3.579310788912183e-10,-96
4,13,LEAKY_RELU,1,82,0.12459283322095871,-94,0.001689418451860547,0,-1989,-1611,0.00021048943744972348,0.0002104894314130714,True,-186966,-188577,True,0.08885835856199265,1302272409,39,1.4693929523110674e-10,2083635855,43,1.4101879874676254e-10,-96
4,13,LEAKY_RELU,1,83,0.12459283322095871,-94,0.0011570651549845934,0,-3574,-4500,0.0001441620261175558,0.00014416202588077819,True,-335956,-340456,True,0.08885835856199265,1783825701,40,7.504757537799093e-11,1427060561,43,2.1519579719058935e-10,-96
4,13,LEAKY_RELU,1,84,0.12459283322095871,-94,0.0013954108580946922,0,-2961,2107,0.00017385819228366017,0.00017385819231730687,True,-278334,-276227,True,0.08885835856199265,1075639406,39,3.4100631620304266e-11,1721023050,43,2.6652041784672627e-10,-96
4,13,LEAKY_RELU,1,85,0.12459283322095871,-94,0.0014266021316871047,0,-2271,-2543,0.00017774439766071737,0.0001777444014659556,True,-213474,-216017,True,0.08885835856199265,1099682907,39,3.812213416059567e-10,1759492652,43,7.345518071393539e-11,-96
4,13,LEAKY_RELU,1,86,0.12459283322095871,-94,0.0019660978578031063,0,-1486,2448,0.00024496170226484537,0.0002449617024933466,True,-139684,-137236,True,0.08885835856199265,1515548141,39,3.9500558409602e-11,1212438513,42,2.0445729850736546e-10,-96
4,13,LEAKY_RELU,1,87,0.12459283322095871,-94,0.0021984600462019444,0,-3825,7428,0.0002739123592618853,0.00027391236587938003,True,-359550,-352122,True,0.08885835856199265,1694662360,39,7.71228850306979e-11,1355729888,42,7.712302571865127e-11,-96
4,13,LEAKY_RELU,1,88,0.12459283322095871,-94,0.0015872285002842546,0,-3055,441,0.00019775729742832482,0.00019775729581946854,True,-287170,-286729,True,0.08885835856199265,1223500241,39,5.471836847123442e-13,1957600386,43,2.0378451353362407e-10,-96
4,13,LEAKY_RELU,1,89,0.12459283322095871,-94,0.001945421565324068,0,-1314,-259,0.00024238559126388282,0.00024238558463287804,True,-123516,-123775,True,0.08885835856199265,1499610014,39,2.0562225025944794e-10,1199688011,42,3.7233237917869154e-10,-96
4,13,LEAKY_RELU,1,90,0.12459283322095871,-94,0.0010203840211033821,0,-1335,-173,0.00012713253090623766,0.0001271325361626649,True,-125490,-125663,True,0.08885835856199265,1573106954,40,3.295666471416873e-11,1258485563,43,1.9187791197289158e-10,-96
4,13,LEAKY_RELU,1,91,0.12459283322095871,-94,0.0015271605225279927,0,-1344,-4972,0.00019027326197829098,0.00019027325628496235,True,-126336,-131308,True,0.08885835856199265,1177197402,39,2.380150565320073e-10,1883515844,43,1.867225186862143e-10,-96
4,13,LEAKY_RELU,1,92,0.12459283322095871,-94,0.000647968437988311,0,-4086,5648,8.073222124949098e-05,8.073222352672276e-05,True,-384084,-378436,True,0.08885835856199265,1997921635,41,7.833479255654205e-11,1598337308,44,7.833470305656806e-11,-96
4,13,LEAKY_RELU,1,93,0.12459283322095871,-94,0.001436722930520773,0,-3379,-3999,0.00017900537932291627,0.0001790053804671017,True,-317626,-321625,True,0.08885835856199265,1107484431,39,4.3288423970820607e-10,1771975089,43,9.42789204144478e-11,-96
4,13,LEAKY_RELU,1,94,0.12459283322095871,-94,0.0012548711383715272,0,-4344,16318,0.00015634794544894248,0.0001563479504569183,True,-408336,-392018,True,0.08885835856199265,1934611356,40,2.5143436824133327e-10,1547689084,43,2.654654090519045e-10,-96
4,13,LEAKY_RELU,1,95,0.12459283322095871,-94,0.0015322964172810316,0,-2247,-7460,0.00019091315334662795,0.00019091315196336812,True,-211218,-218678,True,0.08885835856199265,1181156359,39,2.5015175019449963e-10,1889850174,43,3.849465893226857e-11,-96
4,13,LEAKY_RELU,1,96,0.12459283322095871,-94,0.0009764542919583619,0,-5548,-19006,0.00012165920634288341,0.0001216592067458575,True,-521512,-540518,True,0.08885835856199265,1505381313,40,2.9904956720042083e-10,1204305050,43,3.3092193715356384e-11,-96
4,13,LEAKY_RELU,1,97,0.12459283322095871,-94,0.0019445850048214197,0,-140,-7952,0.00024228135589510202,0.00024228135518969234,True,-13160,-21112,True,0.08885835856199265,1498965159,39,3.14129107350375e-10,1199172128,42,3.529977264338793e-10,-96
4,13,LEAKY_RELU,1,98,0.12459283322095871,-94,0.0007835269207134843,0,-10352,14900,9.762183617567644e-05,9.762183895658649e-05,True,-973088,-958188,True,0.08885835856199265,1207948794,40,3.8529917738688086e-11,1932718070,44,1.684325716138197e-10,-96
4,13,LEAKY_RELU,1,99,0.12459283322095871,-94,0.0013415631838142872,0,-1911,826,0.0001671491627348587,0.00016714915801635186,True,-179634,-178808,True,0.08885835856199265,2068262860,40,1.2980172570686984e-11,1654610288,43,1.2980086114590039e-11,-96
4,13,LEAKY_RELU,1,100,0.12459283322095871,-94,0.0018402363639324903,0,-1872,-3687,0.00022928026737645268,0.00022928026237858425,True,-175968,-179655,True,0.08885835856199265,1418528986,39,1.2832456024994048e-10,1134823189,42,3.0456342663531605e-10,-96
4,13,LEAKY_RELU,1,101,0.12459283322095871,-94,0.006168839987367392,0,-552,32,0.0007685932796448469,0.0007685932517128465,True,-51888,-51856,True,0.08885835856199265,1188798149,37,1.9520170508712536e-10,1902077038,41,1.50947192966919e-11,-96
4,13,LEAKY_RELU,1,102,0.12459283322095871,-94,0.004353899974375963,0,-792,-213,0.0005424647242762148,0.0005424647333681608,True,-74448,-74661,True,0.08885835856199265,1678081532,38,2.1769698581615462e-10,1342465226,41,8.026220838420037e-11,-96
4,13,LEAKY_RELU,1,103,0.12459283322095871,-94,0.001563811325468123,0,-1924,3331,0.00019483968208078295,0.00019483968366309622,True,-180856,-177525,True,0.08885835856199265,1205449331,39,1.1600921075574355e-10,1928718929,43,1.9507818197554878e-10,-96
4,13,LEAKY_RELU,1,104,0.12459283322095871,-94,0.0019210429163649678,0,-1464,2547,0.00023934818455018103,0.00023934817968896457,True,-137616,-135069,True,0.08885835856199265,1480817961,39,1.2204345757796342e-10,1184654369,42,2.9086899009135605e-10,-96
4,13,LEAKY_RELU,1,105,0.12459283322095871,-94,0.001847488689236343,0,-2162,1171,0.0002301838540006429,0.00023018385013563129,True,-203228,-202057,True,0.08885835856199265,1424119373,39,4.683511148308876e-11,1139295498,42,3.042591357494479e-10,-96
4,13,LEAKY_RELU,1,106,0.12459283322095871,-94,0.00109524792060256,0,-3239,6202,0.0001364600466331467,0.0001364600415072366,True,-304466,-298264,True,0.08885835856199265,1688523227,40,1.2652234688581029e-10,1350818582,43,1.6959432638956971e-10,-96
4,13,LEAKY_RELU,1,107,0.12459283322095871,-94,0.001769182737916708,0,-973,-454,0.00022042749333195388,0.0002204274898026555,True,-91462,-91916,True,0.08885835856199265,1363757963,39,6.831922071624059e-11,1091006370,42,2.983147521730965e-10,-96
4,13,LEAKY_RELU,1,108,0.12459283322095871,-94,0.0013275743694975972,0,-1899,429,0.00016540625074412674,0.00016540625200723354,True,-178506,-178077,True,0.08885835856199265,2046696567,40,1.6102384737105702e-10,1637357253,43,2.054204270915126e-10,-96
4,13,LEAKY_RELU,1,109,0.12459283322095871,-94,0.0012716652126982808,0,-3549,8507,0.00015844036533962935,0.00015844037175861189,True,-333606,-325099,True,0.08885835856199265,1960502466,40,1.5930962270022922e-10,1568401973,43,2.8682795250366003e-10,-96
4,13,LEAKY_RELU,1,110,0.12459283322095871,-94,0.0010594381019473076,0,-2110,4516,0.00013199840032029897,0.00013199839474384994,True,-198340,-193824,True,0.08885835856199265,1633315900,40,1.2798032343966737e-10,1306652720,43,1.2798032343966737e-10,-96
4,13,LEAKY_RELU,1,111,0.12459283322095871,-94,0.0009225009707733989,0,-2887,-14615,0.00011493700731080025,0.00011493700959774259,True,-271378,-285993,True,0.08885835856199265,1422202487,40,1.8266331557654137e-10,1137761989,43,3.4468771030614136e-10,-96
4,13,LEAKY_RELU,1,112,0.12459283322095871,-94,0.0015091474633663893,0,-2096,3493,0.00018802896374836564,0.00018802895820904143,True,-197024,-193531,True,0.08885835856199265,1163312204,39,1.175426310103181e-10,1861299527,43,2.048127940135919e-10,-96
4,13,LEAKY_RELU,1,113,0.12459283322095871,-94,0.0011805142275989056,0,-2655,-5216,0.000147083614137955,0.00014708361227419933,True,-249570,-254786,True,0.08885835856199265,1819976697,40,2.1198303081832397e-10,1455981358,43,6.274566318323125e-11,-96
4,13,LEAKY_RELU,1,114,0.12459283322095871,-94,0.0011135421227663755,0,-3770,271,0.00013873937132302672,0.00013873936798634336,True,-354380,-354109,True,0.08885835856199265,1716727056,40,2.3701658045798136e-10,1373381645,43,9.139067011751947e-11,-96
4,13,LEAKY_RELU,1,115,0.12459283322095871,-94,0.0013035975862294436,0,-2927,5974,0.00016241891717072576,0.0001624189166483294,True,-275138,-269164,True,0.08885835856199265,2009732009,40,2.4423973295673504e-10,1607785607,43,1.1984503807129376e-10,-96
4,13,LEAKY_RELU,1,116,0.12459283322095871,-94,0.0006690606824122369,0,-4358,23447,8.336016617249697e-05,8.336016601848866e-05,True,-409652,-386205,True,0.08885835856199265,2062956672,41,1.5825986754371336e-11,1650365338,44,2.2654459076597274e-10,-96
4,13,LEAKY_RELU,1,117,0.12459283322095871,-94,0.0017684649210423231,0,1056,-20604,0.00022033805726096034,0.00022033805496454208,True,99264,78660,True,0.08885835856199265,1363204640,39,3.553029874757765e-10,1090563712,42,3.553029437518608e-10,-96
4,13,LEAKY_RELU,1,118,0.12459283322095871,-94,0.0014618326677009463,0,-3530,3231,0.00018213388102594763,0.00018213387376381316,True,-331820,-328589,True,0.08885835856199265,1126840037,39,4.2101325089907934e-10,1802944058,43,2.445648836154357e-10,-96
4,13,LEAKY_RELU,1,119,0.12459283322095871,-94,0.0017020178493112326,0,-2793,-769,0.00021205922530498356,0.00021205922603832923,True,-262542,-263311,True,0.08885835856199265,1311984537,39,1.1472611907225937e-10,2099175259,43,1.945056048617099e-11,-96
4,13,LEAKY_RELU,1,120,0.12459283322095871,-94,0.0036140275187790394,0,-1243,-537,0.000450281921075657,0.0004502819279031921,True,-116842,-117379,True,0.08885835856199265,1392919652,38,7.047977570586618e-11,1114335722,41,4.2943793966602996e-10,-96
4,13,LEAKY_RELU,1,121,0.12459283322095871,-94,0.0012906689662486315,0,-1907,-494,0.00016080810746643692,0.00016080810325528293,True,-179258,-179752,True,0.08885835856199265,1989800197,40,1.1098840274083934e-11,1591840158,43,2.6238023141115107e-10,-96
4,13,LEAKY_RELU,1,122,0.12459283322095871,-94,0.0014404234243556857,0,-2319,-6898,0.00017946644220501184,0.00017946643547831018,True,-217986,-224884,True,0.08885835856199265,1110336922,39,3.8250125588002823e-10,1776539075,43,2.699228145339044e-10,-96
4,13,LEAKY_RELU,1,123,0.12459283322095871,-94,0.001512342132627964,0,-1473,3357,0.00018842698773369193,0.00018842699110354494,True,-138462,-135105,True,0.08885835856199265,1165774785,39,4.3792415276526747e-11,1865239656,43,4.3792440840917715e-11,-96
4,13,LEAKY_RELU,1,124,0.12459283322095871,-94,0.0023550214245915413,0,-1961,-3275,0.00029341879417188466,0.0002934187915859185,True,-184334,-187609,True,0.08885835856199265,1815346234,39,2.1170946562913364e-11,1452276987,42,1.588858539072973e-10,-96
4,13,LEAKY_RELU,1,125,0.12459283322095871,-94,0.0016237639356404543,0,-2908,224,0.0002023093547904864,0.00020230934922345865,True,-273352,-273128,True,0.08885835856199265,1251663240,39,3.5327329992503203e-10,2002661183,43,1.460623359329329e-10,-96
4,13,LEAKY_RELU,1,126,0.12459283322095871,-94,0.0015332570765167475,0,-3071,4226,0.00019103284284938127,0.00019103284321930585,True,-288674,-284448,True,0.08885835856199265,1181896874,39,9.352431749520172e-11,1891034998,43,1.1800013521296937e-10,-96
4,13,LEAKY_RELU,1,127,0.12459283322095871,-94,0.0024075303226709366,0,-4040,7053,0.00029996101511642337,0.0002999610239669409,True,-379760,-372707,True,0.08885835856199265,1855822227,39,5.1291498221420886e-11,1484657782,42,3.207138238874239e-10,-96
4,13,LEAKY_RELU,1,128,0.12459283322095871,-94,0.0013790074735879898,0,-2451,-739,0.0001718144485494122,0.00017181444816720404,True,-230394,-231133,True,0.08885835856199265,2125990021,40,2.9000739592855884e-11,1700792017,43,1.4659292898409472e-10,-96
4,13,LEAKY_RELU,1,129,0.12459283322095871,-94,0.00277546513825655,0,-1344,3847,0.0003458030696492642,0.0003458030650813834,True,-126336,-122489,True,0.08885835856199265,2139441337,39,2.2769269872219062e-10,1711553070,42,6.013143842591474e-12,-96
4,13,LEAKY_RELU,1,130,0.12459283322095871,-94,0.0012338691158220172,0,-3206,2333,0.000153731249156408,0.00015373124896410437,True,-301364,-299031,True,0.08885835856199265,1902232930,40,1.549439503927204e-10,1521786344,43,1.5494401306080255e-10,-96
4,13,LEAKY_RELU,1,131,0.12459283322095871,-94,0.0017617822159081697,0,-3351,-957,0.00021950544032733887,0.00021950543779829766,True,-314994,-315951,True,0.08885835856199265,1358053340,39,1.8551432088435782e-10,1086442672,42,1.855143647741249e-10,-96
4,13,LEAKY_RELU,1,132,0.12459283322095871,-94,0.0014121682615950704,0,-1287,-3729,0.00017594604287296534,0.0001759460446968458,True,-120978,-124707,True,0.08885835856199265,1088556694,39,2.876168294918191e-10,1741690710,43,5.795490076344126e-11,-96
4,13,LEAKY_RELU,1,133,0.12459283322095871,-94,0.002415025606751442,0,-1652,132,0.0003008948697242886,0.000300894882646327,True,-155288,-155156,True,0.08885835856199265,1861599897,39,2.5770250182442937e-10,1489279917,42,1.4517682826750092e-10,-96
4,13,LEAKY_RELU,1,134,0.12459283322095871,-94,0.001889192732051015,0,-2167,-5657,0.0002353798772674054,0.00023537987498667944,True,-203698,-209355,True,0.08885835856199265,1456266544,39,1.357930027276782e-10,1165013235,42,3.074649949258221e-10,-96
4,13,LEAKY_RELU,1,135,0.12459283322095871,-94,0.0012905457988381386,0,-1980,-6500,0.000160792755195871,0.00016079275747864913,True,-186120,-192620,True,0.08885835856199265,1989610312,40,4.3027883530458595e-11,1591688250,43,2.0827754937443303e-10,-96
4,13,LEAKY_RELU,1,136,0.12459283322095871,-94,0.0018397951498627663,0,-2155,-123,0.00022922529024071991,0.00022922529026758037,True,-202570,-202693,True,0.08885835856199265,1418188880,39,5.630888470618808e-11,1134551104,42,5.630901079230879e-11,-96
4,13,LEAKY_RELU,1,137,0.12459283322095871,-94,0.001668276614509523,0,-3338,2561,0.00020785530796274543,0.00020785530999801061,True,-313772,-311211,True,0.08885835856199265,1285975422,39,2.7204895562260257e-10,2057560675,43,1.7484645260592476e-10,-96
4,13,LEAKY_RELU,1,138,0.12459283322095871,-94,0.0028886161744594574,0,-594,-2207,0.00035990087781101465,0.00035990087326379094,True,-55836,-58043,True,0.08885835856199265,1113331378,38,3.4947049831977887e-10,1781330204,42,9.963219407197803e-11,-96
4,13,LEAKY_RELU,1,139,0.12459283322095871,-94,0.006682679057121277,0,-853,180,0.0008326139068230987,0.0008326139172331048,True,-80182,-80002,True,0.08885835856199265,1287820159,37,1.8389730634155506e-10,2060512254,41,1.022920123107311e-11,-96
4,13,LEAKY_RELU,1,140,0.12459283322095871,-94,0.001053661690093577,0,-3583,1801,0.0001312786916969344,0.0001312786952251425,True,-336802,-335001,True,0.08885835856199265,1624410514,40,1.771962261136984e-10,1299528411,43,2.3294242662057766e-11,-96
4,13,LEAKY_RELU,1,141,0.12459283322095871,-94,0.0025143297389149666,0,-2174,-3917,0.00031326746102422476,0.0003132674658231291,True,-204356,-208273,True,0.08885835856199265,1938147558,39,9.632349077853758e-11,1550518046,42,1.6165483372466132e-10,-96
4,13,LEAKY_RELU,1,142,0.12459283322095871,-94,0.0018951286328956485,0,-2709,-1384,0.00023611944925505668,0.00023611944569063101,True,-254646,-256030,True,0.08885835856199265,1460842178,39,1.1378348313449641e-10,1168673742,42,2.2848487904140491e-10,-96
4,13,LEAKY_RELU,1,143,0.12459283322095871,-94,0.0014518960379064083,0,975,-27267,0.00018089584773406386,0.00018089584090504388,True,91650,64383,True,0.08885835856199265,1119180478,39,3.6199865728686803e-10,1790688765,43,2.503097899308828e-10,-96
4,13,LEAKY_RELU,1,144,0.12459283322095871,-94,0.0019054601434618235,0,-2193,2044,0.00023740668257232755,0.00023740667786352303,True,-206142,-204098,True,0.08885835856199265,1468806126,39,7.009100404797415e-11,1175044901,42,1.001151359886061e-10,-96
4,13,LEAKY_RELU,1,145,0.12459283322095871,-94,0.0017422703094780445,0,-1881,-4653,0.0002170743973692879,0.00021707439409462612,True,-176814,-181467,True,0.08885835856199265,1343012769,39,1.5585183793643264e-10,1074410215,42,3.4200047757087606e-10,-96
4,13,LEAKY_RELU,1,146,0.12459283322095871,-94,0.002448486164212227,0,-1888,1305,0.00030506381881423295,0.0003050638283015189,True,-177472,-176167,True,0.08885835856199265,1887392654,39,1.1500576856684177e-10,1509914123,42,2.474636644085267e-10,-96
4,13,LEAKY_RELU,1,147,0.12459283322095871,-94,0.001640070928260684,0,-2075,-4376,0.00020434107864275575,0.00020434108363532634,True,-195050,-199426,True,0.08885835856199265,1264233332,39,2.120038223735462e-10,2022773332,43,1.8349278987207848e-10,-96
4,13,LEAKY_RELU,1,148,0.12459283322095871,-94,0.0021591607946902514,0,-2035,-2506,0.00026901595992967486,0.00026901596079007516,True,-191290,-193796,True,0.08885835856199265,1664368900,39,1.5294299027168372e-10,1331495120,42,1.5294299027168372e-10,-96
4,13,LEAKY_RELU,1,149,0.12459283322095871,-94,0.0016596033237874508,0,-4361,9187,0.0002067746827378869,0.0002067746801335986,True,-409934,-400747,True,0.08885835856199265,1279289697,39,2.851233720039764e-10,2046863515,43,1.8741287677283814e-10,-96
4,13,LEAKY_RELU,1,150,0.12459283322095871,-94,0.0011457563377916813,0,-1406,3727,0.00014275302237365395,0.00014275302830633538,True,-132164,-128437,True,0.08885835856199265,1766391109,40,7.553738972618794e-12,1413112887,43,1.3397783800226166e-10,-96
4,13,LEAKY_RELU,1,151,0.12459283322095871,-94,0.002547341166064143,0,-1645,607,0.0003173804434482008,0.0003173804530603123,True,-154630,-154023,True,0.08885835856199265,1963594108,39,1.9810644812631745e-10,1570875286,42,5.6528661065532505e-11,-96
4,13,LEAKY_RELU,1,152,0.12459283322095871,-94,0.0021475679241120815,0,-826,469,0.0002675715659279376,0.0002675715721995771,True,-77644,-77175,True,0.08885835856199265,1655432644,39,5.376827751808465e-11,1324346115,42,9.724971776480384e-11,-96
4,13,LEAKY_RELU,1,153,0.12459283322095871,-94,0.0032685946207493544,0,-1881,-813,0.0004072434676345438,0.0004072434644499471,True,-176814,-177627,True,0.08885835856199265,1259782793,38,5.357962047752776e-11,2015652469,42,1.5280297984707257e-10,-96
4,13,LEAKY_RELU,1,154,0.12459283322095871,-94,0.0013389230007305741,0,-1613,6043,0.00016682021669112146,0.00016682021012573,True,-151622,-145579,True,0.08885835856199265,2064192539,40,5.3558671630878635e-11,1651354031,43,1.7467152020570307e-10,-96
4,13,LEAKY_RELU,1,155,0.12459283322095871,-94,0.00114081846550107,0,-951,-18519,0.00014213781105354428,0.00014213780480756485,True,-89394,-107913,True,0.08885835856199265,1758778484,40,1.9142841295888376e-10,1407022787,43,4.9284236457150587e-11,-96
4,13,LEAKY_RELU,1,156,0.12459283322095871,-94,0.0012992658885195851,0,-1623,-7189,0.0001618792157387361,0.0001618792181580014,True,-152562,-159751,True,0.08885835856199265,2003053911,40,9.759436972150713e-11,1602443129,43,2.721505183359819e-11,-96
4,13,LEAKY_RELU,1,157,0.12459283322095871,-94,0.001448551076464355,0,-1690,-5195,0.00018047908088192344,0.0001804790826819636,True,-158860,-164055,True,0.08885835856199265,1116602046,39,1.517841294847413e-10,1786563274,43,7.210942404906081e-11,-96
4,13,LEAKY_RELU,1,158,0.12459283322095871,-94,0.0016959282802417874,0,-1960,-40,0.00021130050299689174,0.00021130050937487235,True,-184240,-184280,True,0.08885835856199265,1307290449,39,3.824048202163174e-10,2091664719,43,9.555198629472893e-11,-96
4,13,LEAKY_RELU,1,159,0.12459283322095871,-94,0.0011846194975078106,0,585,-12557,0.00014759509940631688,0.00014759509948328656,True,54990,42433,True,0.08885835856199265,1826305715,40,1.0686740268630753e-10,1461044572,43,1.0686750059649465e-10,-96
4,13,LEAKY_RELU,1,160,0.12459283322095871,-94,0.0025892157573252916,0,-2260,-4208,0.00032259771251119673,0.00032259772702550836,True,-212440,-216648,True,0.08885835856199265,1995872745,39,2.254937307674027e-10,1596698196,42,2.254937307674027e-10,-96
4,13,LEAKY_RELU,1,161,0.12459283322095871,-94,0.0009054657421074808,0,-2758,1326,0.00011281454499112442,0.00011281454219368896,True,-259252,-257926,True,0.08885835856199265,1395939593,40,3.1047097284225906e-10,1116751675,43,2.268014311457926e-10,-96
4,13,LEAKY_RELU,1,162,0.12459283322095871,-94,0.0015238748164847493,0,-2059,2872,0.00018986388749908656,0.00018986388085990343,True,-193546,-190674,True,0.08885835856199265,1174664647,39,4.134177152759823e-10,1879463434,43,2.25062383895729e-10,-96
4,13,LEAKY_RELU,1,163,0.12459283322095871,-94,0.0028629645239561796,0,-1373,-1721,0.0003567048697732389,0.00035670486145079373,True,-129062,-130783,True,0.08885835856199265,1103444710,38,1.8184243788289833e-10,1765511536,42,1.8184243788289833e-10,-96
4,13,LEAKY_RELU,1,164,0.12459283322095871,-94,0.002006175694987178,0,-1214,2415,0.0002499551046639681,0.0002499551137774784,True,-114116,-111701,True,0.08885835856199265,1546441767,39,1.246028734212196e-10,1237153413,42,3.603815565856986e-10,-96
4,13,LEAKY_RELU,1,165,0.12459283322095871,-94,0.0008410767186433077,0,-4433,2268,0.00010479213233338669,0.00010479213133195685,True,-416702,-414434,True,0.08885835856199265,1296672241,40,2.5381227987996673e-10,2074675585,44,3.538960772319698e-11,-96
4,13,LEAKY_RELU,1,166,0.12459283322095871,-94,0.0019031636184081435,0,-2592,-1986,0.00023712054826319218,0.00023712054730052213,True,-243648,-245634,True,0.08885835856199265,1467035871,39,1.6986526479742117e-10,1173628697,42,5.462609774652194e-13,-96
4,13,LEAKY_RELU,1,167,0.12459283322095871,-94,0.0013707977486774325,0,-1250,-3906,0.00017079157987609506,0.00017079157528063302,True,-117500,-121406,True,0.08885835856199265,2113333242,40,1.6709491630362066e-10,1690666593,43,1.8779468899854265e-10,-96
4,13,LEAKY_RELU,1,168,0.12459283322095871,-94,0.0013530742144212127,0,-2011,-537,0.00016858335584402084,0.00016858334993296187,True,-189034,-189571,True,0.08885835856199265,2086009200,40,2.347143981570401e-10,1668807360,43,2.347143981570401e-10,-96
4,13,LEAKY_RELU,1,169,0.12459283322095871,-94,0.0013725879834964871,0,-3082,-512,0.00017101463163271546,0.00017101462570886985,True,-289708,-290220,True,0.08885835856199265,2116093213,40,8.142097768101072e-11,1692874571,43,2.7300569696739224e-10,-96
4,13,LEAKY_RELU,1,170,0.12459283322095871,-94,0.0021149422973394394,0,-1577,-5479,0.0002635066630318761,0.00026350665292436404,True,-148238,-153717,True,0.08885835856199265,1630283485,39,1.690441849619275e-10,1304226788,42,1.6904411184011117e-10,-96
4,13,LEAKY_RELU,1,171,0.12459283322095871,-94,0.0010787241626530886,0,286,-24668,0.00013440129987429827,0.0001344012996888546,True,26884,2216,True,0.08885835856199265,1663048859,40,1.5585923725542488e-10,1330439087,43,5.532890383129183e-12,-96
4,13,LEAKY_RELU,1,172,0.12459283322095871,-94,0.0015008655609562993,0,-3161,-4166,0.00018699708743952215,0.00018699709252330884,True,-297134,-301300,True,0.08885835856199265,1156928177,39,1.2161936497367077e-10,1851085083,43,2.2966420447115937e-10,-96
4,13,LEAKY_RELU,1,173,0.12459283322095871,-94,0.001364977448247373,0,-3520,-7083,0.00017006641428451985,0.00017006640755985476,True,-330880,-337963,True,0.08885835856199265,2104360193,40,1.7634358096530158e-10,1683488155,43,1.8005919815427473e-10,-96
4,13,LEAKY_RELU,1,174,0.12459283322095871,-94,0.0020626443438231945,0,-1818,2426,0.00025699069374240935,0.0002569907027241171,True,-170892,-168466,True,0.08885835856199265,1589970097,39,3.1374225840230735e-10,1271976077,42,1.5796483877163471e-10,-96
4,13,LEAKY_RELU,1,175,0.12459283322095871,-94,0.0009782344568520784,0,-1650,-5843,0.00012188099935883656,0.00012188100253356614,True,-155100,-160943,True,0.08885835856199265,1508125759,40,3.048496473876578e-10,1206500608,43,3.5822506858488146e-10,-96
4,13,LEAKY_RELU,1,176,0.12459283322095871,-94,0.0036662521306425333,0,-1292,-6249,0.00045678875176236033,0.0004567887402591297,True,-121448,-127697,True,0.08885835856199265,1413048079,38,2.476951457842102e-10,1130438463,41,7.077251831580813e-11,-96
4,13,LEAKY_RELU,1,177,0.12459283322095871,-94,0.0016338169807568192,0,-2228,-5345,0.00020356188178993762,0.00020356188659700469,True,-209432,-214777,True,0.08885835856199265,1259412535,39,2.6999490012907624e-10,2015060057,43,2.2626822451201143e-10,-96
4,13,LEAKY_RELU,1,178,0.12459283322095871,-94,0.0010414004791527987,0,-4209,-9162,0.00012975103163626045,0.00012975103621531113,True,-395646,-404808,True,0.08885835856199265,1605507634,40,1.3129576696456567e-10,1284406107,43,2.870097571524043e-10,-96
4,13,LEAKY_RELU,1,179,0.12459283322095871,-94,0.0017596414545550942,0,-2132,-2051,0.00021923871827311814,0.00021923871427606805,True,-200408,-202459,True,0.08885835856199265,1356403154,39,8.42233995502089e-11,1085122523,42,1.0008758445466598e-10,-96
4,13,LEAKY_RELU,1,180,0.12459283322095871,-94,0.002300963504239917,0,-1297,-1121,0.0002866835566237569,0.0002866835621312767,True,-121918,-123039,True,0.08885835856199265,1773676192,39,8.765337384080506e-11,1418940953,42,3.3519720252062134e-10,-96
4,13,LEAKY_RELU,1,181,0.12459283322095871,-94,0.004198228009045124,0,-928,-8,0.0005230691167525947,0.0005230691221545167,True,-87232,-87240,True,0.08885835856199265,1618082393,38,1.7267964015120814e-10,1294465915,41,2.90831911489043e-10,-96
4,13,LEAKY_RELU,1,182,0.12459283322095871,-94,0.002317687962204218,0,-1750,-3533,0.00028876730357296765,0.0002887673097331338,True,-164500,-168033,True,0.08885835856199265,1786568084,39,1.0643712757846776e-10,1429254467,42,3.349610009089455e-11,-96
4,13,LEAKY_RELU,1,183,0.12459283322095871,-94,0.0016961885849013925,0,-2121,-1664,0.00021133293921593577,0.00021133294146991315,True,-199374,-201038,True,0.08885835856199265,1307491103,39,6.75846052554591e-11,2091985765,43,1.6318745908165334e-10,-96
4,13,LEAKY_RELU,1,184,0.12459283322095871,-94,0.002243696479126811,0,-1906,-3446,0.0002795484906528145,0.00027954850122229903,True,-179164,-182610,True,0.08885835856199265,1729532441,39,1.539475523667195e-10,1383625953,42,9.399919017309067e-12,-96
4,13,LEAKY_RELU,1,185,0.12459283322095871,-94,0.0022431823890656233,0,-1956,-4321,0.0002794844622258097,0.0002794844492850449,True,-183864,-188185,True,0.08885835856199265,1729136160,39,1.434950349573278e-10,1383308928,42,1.434948970742711e-10,-96
4,13,LEAKY_RELU,1,186,0.12459283322095871,-94,0.0017739895265549421,0,-2210,-5498,0.00022102637740317732,0.0002210263812177874,True,-207740,-213238,True,0.08885835856199265,1367463231,39,2.8268399067268653e-11,1093970585,42,2.110887147761536e-10,-96
4,13,LEAKY_RELU,1,187,0.12459283322095871,-94,0.0023096580989658833,0,-754,-6882,0.00028776685940101743,0.00028776684632189284,True,-70876,-77758,True,0.08885835856199265,1780378339,39,8.33852476759686e-11,1424302671,42,5.703437783234371e-11,-96
4,13,LEAKY_RELU,1,188,0.12459283322095871,-94,0.0019423450576141477,0,-2374,-3264,0.0002420022792648524,0.00024200227382087294,True,-223156,-226420,True,0.08885835856199265,1497238517,39,8.064000013600164e-11,1197790814,42,2.533080482699628e-10,-96
4,13,LEAKY_RELU,1,189,0.12459283322095871,-94,0.0024760852102190256,0,-2092,3985,0.0003085024654865265,0.00030850247163770154,True,-196648,-192663,True,0.08885835856199265,1908667121,39,1.8667308399227712e-10,1526933697,42,3.176544783311691e-10,-96
4,13,LEAKY_RELU,1,190,0.12459283322095871,-94,0.0026910959277302027,0,-1457,-6790,0.00033529126085340977,0.0003352912661052903,True,-136958,-143748,True,0.08885835856199265,2074406121,39,8.549115178080152e-11,1659524897,42,2.0600751464786e-10,-96
4,13,LEAKY_RELU,1,191,0.12459283322095871,-94,0.0009787764865905046,0,-1642,-5289,0.00012194853479741141,0.00012194853555436667,True,-154348,-159637,True,0.08885835856199265,1508961397,40,2.8750840392945313e-10,1207169117,43,2.095222038161944e-10,-96
4,13,LEAKY_RELU,1,192,0.12459283322095871,-94,0.0012054280377924442,0,-1318,-3214,0.00015018769772723317,0.00015018769447254152,True,-123892,-127106,True,0.08885835856199265,1858385852,40,2.29381484935004e-10,1486708682,43,3.966911106112553e-11,-96
4,13,LEAKY_RELU,1,193,0.12459283322095871,-94,0.0009503515902906656,0,-1585,-8765,0.0001184069988084957,0.00011840699719035779,True,-148990,-157755,True,0.08885835856199265,1465139266,40,1.5856973559793904e-10,1172111413,43,3.292019791266866e-10,-96
4,13,LEAKY_RELU,1,194,0.12459283322095871,-94,0.0013456951128318906,0,-3077,-3522,0.00016766396583989263,0.00016766396675932296,True,-289238,-292760,True,0.08885835856199265,2074632978,40,1.7756730363556067e-10,1659706382,43,6.343918059125262e-11,-96
4,13,LEAKY_RELU,1,195,0.12459283322095871,-94,0.001904305536299944,0,-1731,-1939,0.00023726282233837992,0.00023726282208596725,True,-162714,-164653,True,0.08885835856199265,1467916108,39,1.8047433835999117e-11,1174332886,42,3.2257152721273985e-10,-96
4,13,LEAKY_RELU,1,196,0.12459283322095871,-94,0.0029540343675762415,0,-1687,-498,0.00036805152194574475,0.0003680515112884069,True,-158578,-159076,True,0.08885835856199265,1138544879,38,2.6262179568792626e-10,1821671806,42,4.304322282580176e-11,-96
4,13,LEAKY_RELU,1,197,0.12459283322095871,-94,0.0022597734350711107,0,-2189,-4580,0.0002815515617839992,0.00028155157471296786,True,-205766,-210346,True,0.08885835856199265,1741925212,39,2.048306092463064e-10,1393540170,42,8.220798347543763e-11,-96
4,13,LEAKY_RELU,1,198,0.12459283322095871,-94,0.0016140221850946546,0,-1217,939,0.00020109559409320354,0.00020109559692242564,True,-114398,-113459,True,0.08885835856199265,1244153902,39,2.2760964571153748e-10,1990646244,43,1.7426980012964562e-10,-96
4,13,LEAKY_RELU,1,199,0.12459283322095871,-94,0.002616320736706257,0,-1413,-204,0.0003259748045820743,0.0003259748132009785,True,-132822,-133026,True,0.08885835856199265,2016766364,39,1.6860167808288961e-10,1613413091,42,2.925625215524579e-10,-96
4,13,LEAKY_RELU,1,200,0.12459283322095871,-94,0.002228246536105871,0,-2844,-4240,0.00027762356330640614,0.00027762354904821776,True,-267336,-271576,True,0.08885835856199265,1717622997,39,1.2925539734757716e-10,1374098398,42,1.6184443212029368e-10,-96
4,13,LEAKY_RELU,1,201,0.12459283322095871,-94,0.0015177541645243764,0,-3740,6121,0.000189101294381544,0.00018910129149100115,True,-351560,-345439,True,0.08885835856199265,1169946599,39,1.787373211513037e-10,1871914559,43,1.4179012877974525e-10,-96
4,13,LEAKY_RELU,1,202,0.12459283322095871,-94,0.002674572402611375,0,-1911,-4333,0.0003332325431983918,0.00033323255329593786,True,-179634,-183967,True,0.08885835856199265,2061669116,39,2.985995452639789e-11,1649335293,42,9.140098809902884e-11,-96
4,13,LEAKY_RELU,1,203,0.12459283322095871,-94,0.001207718625664711,0,-3629,9619,0.0001504730898886919,0.0001504730853052888,True,-341126,-331507,True,0.08885835856199265,1861917209,40,5.785300953428038e-11,1489533767,43,7.641722461505554e-11,-96
4,13,LEAKY_RELU,1,204,0.12459283322095871,-94,0.0012189805274829268,0,-1857,-1531,0.00015187624376267195,0.00015187623756027658,True,-174558,-176089,True,0.08885835856199265,1879279472,40,1.1513257833384761e-10,1503423578,43,1.509267113958146e-10,-96
4,13,LEAKY_RELU,1,205,0.12459283322095871,-94,0.002122782403603196,0,-2257,-3615,0.00026448347489349544,0.0002644834739765189,True,-212158,-215773,True,0.08885835856199265,1636326957,39,1.7968535525279605e-10,1309061566,42,1.2587690377657607e-10,-96
4,13,LEAKY_RELU,1,206,0.12459283322095871,-94,0.0014312738785520196,0,-2115,-9170,0.00017832647426985204,0.0001783264676439465,True,-198810,-207980,True,0.08885835856199265,1103284080,39,1.9389071596804918e-10,1765254528,43,1.9389063493092665e-10,-96
4,13,LEAKY_RELU,1,207,0.12459283322095871,-94,0.0015825516311451793,0,-2907,4094,0.00019717459508683532,0.00019717459144282749,True,-273258,-269164,True,0.08885835856199265,1219895120,39,1.448409899809095e-10,1951832192,43,1.448409899809095e-10,-96
4,13,LEAKY_RELU,1,208,0.12459283322095871,-94,0.0014195139519870281,0,-2684,7127,0.00017686127102933824,0.00017686126507474378,True,-252296,-245169,True,0.08885835856199265,1094219050,39,3.7194219605378857e-10,1750750481,43,1.992413438055924e-10,-96
4,13,LEAKY_RELU,1,209,0.12459283322095871,-94,0.001581012737005949,0,-1726,2912,0.00019698285905178636,0.00019698285626199366,True,-162244,-159332,True,0.08885835856199265,1218708878,39,2.1123376175115898e-11,1949934205,43,8.144408931607257e-11,-96
4,13,LEAKY_RELU,1,210,0.12459283322095871,-94,0.0019098654156550765,0,-1941,-77,0.00023795553715899587,0.00023795554320718993,True,-182454,-182531,True,0.08885835856199265,1472201889,39,2.5799603779119145e-11,1177761511,42,1.4401414329163974e-10,-96
4,13,LEAKY_RELU,1,211,0.12459283322095871,-94,0.005526704713702202,0,-548,978,0.0006885877810418606,0.0006885877986557848,True,-51512,-50534,True,0.08885835856199265,2130104313,38,1.198113333972145e-10,1704083451,41,2.3228401541691053e-10,-96
4,13,LEAKY_RELU,1,212,0.12459283322095871,-94,0.0012166069354861975,0,-2320,1072,0.00015158050518948585,0.00015158050500849347,True,-218080,-217008,True,0.08885835856199265,1875620150,40,8.281092335482745e-11,1500496120,43,8.281082801892783e-11,-96
4,13,LEAKY_RELU,1,213,0.12459283322095871,-94,0.0010708312038332224,0,-4083,-1607,0.00013341789599508047,0.00013341789358699112,True,-383802,-385409,True,0.08885835856199265,1650880432,40,1.1831082747736575e-10,1320704345,43,3.359923576410779e-10,-96
4,13,LEAKY_RELU,1,214,0.12459283322095871,-94,0.0011496624210849404,0,-3533,12695,0.00014323969662655145,0.0001432396982906396,True,-332102,-319407,True,0.08885835856199265,1772413045,40,2.722581851817738e-10,1417930436,43,2.722581179235859e-10,-96
4,13,LEAKY_RELU,1,215,0.12459283322095871,-94,0.0027188907843083143,0,-881,-708,0.00033875429653562605,0.0003387543060353274,True,-82814,-83522,True,0.08885835856199265,2095831526,39,1.7191179360993191e-12,1676665221,42,1.2100345815607757e-10,-96
4,13,LEAKY_RELU,1,216,0.12459283322095871,-94,0.0008672608528286219,0,-3066,8437,0.00010805448982864618,0.0001080544867955429,True,-288204,-279767,True,0.08885835856199265,1337039830,40,3.3046808572290224e-10,2139263729,44,1.3698239433234812e-10,-96
4,13,LEAKY_RELU,1,217,0.12459283322095871,-94,0.0017581642605364323,0,-1610,-2091,0.00021905466564930975,0.0002190546664880659,True,-151340,-153431,True,0.08885835856199265,1355264473,39,2.2464252640643613e-10,1084211578,42,1.4428919849163548e-10,-96
4,13,LEAKY_RELU,1,218,0.12459283322095871,-94,0.0029724494088441133,0,-2165,-5612,0.0003703458933159709,0.0003703458934538519,True,-203510,-209122,True,0.08885835856199265,1145642410,38,1.346261750895926e-10,1833027856,42,1.3462614907595857e-10,-96
4,13,LEAKY_RELU,1,219,0.12459283322095871,-94,0.0011642209719866514,0,-4371,2669,0.00014505359285976738,0.0001450535893950753,True,-410874,-408205,True,0.08885835856199265,1794857690,40,2.985131016463948e-11,1435886152,43,2.985134337320253e-11,-96
4,13,LEAKY_RELU,1,220,0.12459283322095871,-94,0.0012667099945247173,0,-2486,942,0.00015782298578415066,0.00015782298708713963,True,-233684,-232742,True,0.08885835856199265,1952863099,40,2.349740133817062e-10,1562290479,43,1.0695678606246893e-10,-96
4,13,LEAKY_RELU,1,221,0.12459283322095871,-94,0.0036098025739192963,0,-1321,-3160,0.00044975552009418607,0.00044975553005291435,True,-124174,-127334,True,0.08885835856199265,1391291272,38,2.093990753037591e-10,1113033018,41,1.4997925930758292e-10,-96
4,13,LEAKY_RELU,1,222,0.12459283322095871,-94,0.0034757936373353004,0,-1131,-264,0.00043305897270329297,0.00043305897696698653,True,-106314,-106578,True,0.08885835856199265,1339641505,38,2.0012284612362155e-10,2143426408,42,2.001227571376584e-10,-96
4,13,LEAKY_RELU,1,223,0.12459283322095871,-94,0.0022995653562247753,0,-1318,-1636,0.00028650937019847333,0.00028650936290880794,True,-123892,-125528,True,0.08885835856199265,1772598443,39,2.6702917771786326e-10,1418078754,42,1.5042737964223186e-11,-96
4,13,LEAKY_RELU,1,224,0.12459283322095871,-94,0.0025529107078909874,0,-960,114,0.0003180743660777807,0.00031807437805626143,True,-90240,-90126,True,0.08885835856199265,1967887337,39,8.870611800273665e-11,1574309869,42,2.9241326112284264e-10,-96
4,13,LEAKY_RELU,1,225,0.12459283322095871,-94,0.0011652301764115691,0,-3860,9902,0.0001451793359592557,0.00014517932903367493,True,-362840,-352938,True,0.08885835856199265,1796413562,40,2.0409532745447735e-10,1437130849,43,2.1340319071417557e-10,-96
4,13,LEAKY_RELU,1,226,0.12459283322095871,-94,0.002557337051257491,0,-2633,3574,0.00031862585456110537,0.0003186258687171029,True,-247502,-243928,True,0.08885835856199265,1971299342,39,1.0210735926385971e-10,1577039474,42,1.5153245549997352e-10,-96
4,13,LEAKY_RELU,1,227,0.12459283322095871,-94,0.0017192356754094362,0,-2924,3862,0.00021420443954411894,0.0002142044437738102,True,-274856,-270994,True,0.08885835856199265,1325256737,39,1.9148769013581155e-11,2120410779,43,1.1347020554508693e-10,-96
4,13,LEAKY_RELU,1,228,0.12459283322095871,-94,0.0013618046650663018,0,-2693,1988,0.00016967109695542604,0.00016967110151412928,True,-253142,-251154,True,0.08885835856199265,2099468773,40,4.6064244796061556e-11,1679575018,43,1.9209135193003043e-10,-96
4,13,LEAKY_RELU,1,229,0.12459283322095871,-94,0.0022602498065680265,0,-1720,2602,0.00028161093359813094,0.0002816109271874343,True,-161680,-159078,True,0.08885835856199265,1742292419,39,7.532283674294729e-11,1393833935,42,6.816641667462716e-11,-96
4,13,LEAKY_RELU,1,230,0.12459283322095871,-94,0.0011825825786218047,0,-2866,-2663,0.00014734131400473416,0.0001473413139882378,True,-269404,-272067,True,0.08885835856199265,1823165435,40,2.5185113728322353e-10,1458532348,43,2.5185123536205435e-10,-96
4,13,LEAKY_RELU,1,231,0.12459283322095871,-94,0.0014110446209087968,0,-2083,-42,0.00017580605344846845,0.00017580604712022063,True,-195802,-195844,True,0.08885835856199265,1087690546,39,2.063994668807513e-10,1740304873,43,1.383677385149295e-10,-96
4,13,LEAKY_RELU,1,232,0.12459283322095871,-94,0.000768413650803268,0,-2835,8835,9.573883289704099e-05,9.573883383923957e-05,True,-266490,-257655,True,0.08885835856199265,1184648949,40,4.215175390177408e-10,1895438318,44,2.1048448173661155e-10,-96
4,13,LEAKY_RELU,1,233,0.12459283322095871,-94,0.001816003816202283,0,-2765,-440,0.0002262610651087016,0.0002262610606007156,True,-259910,-260350,True,0.08885835856199265,1399849553,39,6.744496466866728e-11,1119879642,42,4.246263329869038e-10,-96
4,13,LEAKY_RELU,1,234,0.12459283322095871,-94,0.0013731594663113356,0,-1954,-5884,0.00017108583415392786,0.0001710858283719089,True,-183676,-189560,True,0.08885835856199265,2116974258,40,2.1938875454481467e-10,1693579406,43,1.6797480140911376e-11,-96
4,13,LEAKY_RELU,1,235,0.12459283322095871,-94,0.0016767169581726193,0,-3322,2485,0.0002089069166686386,0.00020890691632835436,True,-312268,-309783,True,0.08885835856199265,1292481582,39,3.0649906021455326e-10,2067970531,43,2.0978586013381525e-10,-96
4,13,LEAKY_RELU,1,236,0.12459283322095871,-94,0.0012357219820842147,0,-3655,5408,0.00015396210073959082,0.0001539621028212911,True,-343570,-338162,True,0.08885835856199265,1905089460,40,2.392399945902165e-10,1524071568,43,2.392399320161001e-10,-96
4,13,LEAKY_RELU,1,237,0.12459283322095871,-94,0.0014506675070151687,0,-2212,-8236,0.00018074277613777667,0.00018074277476060486,True,-207928,-216164,True,0.08885835856199265,1118233477,39,1.2477263430509358e-10,1789173563,43,1.2989154031126645e-11,-96
4,13,LEAKY_RELU,1,238,0.12459283322095871,-94,0.0008735707961022854,0,4402,-25243,0.0001088406570488587,0.00010884066050547217,True,413788,388545,True,0.08885835856199265,1346767752,40,5.312942173185255e-11,1077414202,43,4.243885497218954e-10,-96
4,13,LEAKY_RELU,1,239,0.12459283322095871,-94,0.0019409307278692722,0,-350,-7481,0.00024182605557143688,0.00024182605847085023,True,-32900,-40381,True,0.08885835856199265,1496148294,39,1.7904926636075952e-10,1196918635,42,3.461449622574611e-10,-96
4,13,LEAKY_RELU,1,240,0.12459283322095871,-94,0.001289755804464221,0,-1278,6739,0.00016069432604126632,0.00016069432984137412,True,-120132,-113393,True,0.08885835856199265,1988392393,40,2.313146288051881e-10,1590713914,43,2.0144822297380102e-11,-96
4,13,LEAKY_RELU,1,241,0.12459283322095871,-94,0.0025098510086536407,0,-1881,-5115,0.0003127094532828778,0.00031270944813063806,True,-176814,-181929,True,0.08885835856199265,1934695170,39,2.53097351456182e-10,1547756136,42,2.530974746893314e-10,-96
4,13,LEAKY_RELU,1,242,0.12459283322095871,-94,0.0017000625375658274,0,-2699,2370,0.00021181561169214547,0.00021181560820813898,True,-253706,-251336,True,0.08885835856199265,1310477303,39,6.286208920347073e-11,2096763685,43,3.252295874916631e-11,-96
4,13,LEAKY_RELU,1,243,0.12459283322095871,-94,0.0016201160615310073,0,-1131,-1125,0.0002018548548221588,0.00020185485025292927,True,-106314,-107439,True,0.08885835856199265,1248851310,39,5.90672652144813e-11,1998162096,43,5.906716975933095e-11,-96
4,13,LEAKY_RELU,1,244,0.12459283322095871,-94,0.0017291037365794182,0,-1642,-1167,0.00021543393086176366,0.00021543393347337597,True,-154348,-155515,True,0.08885835856199265,1332863440,39,2.5281076292269386e-10,2132581503,43,2.1610451466968208e-10,-96
4,13,LEAKY_RELU,1,245,0.12459283322095871,-94,0.0027229974512010813,0,-1854,2234,0.0003392659709788859,0.00033926596729859197,True,-174276,-172042,True,0.08885835856199265,2098997112,39,1.176645581310309e-10,1679197689,42,2.39649053316581e-10,-96
4,13,LEAKY_RELU,1,246,0.12459283322095871,-94,0.0013161151437088847,0,-540,-11223,0.00016397851868532598,0.00016397851459969918,True,-50760,-61983,True,0.08885835856199265,2029030093,40,1.6118725222712286e-10,1623224074,43,8.523602174211773e-11,-96
4,13,LEAKY_RELU,1,247,0.12459283322095871,-94,0.0016258151736110449,0,-2591,3946,0.00020256491552572697,0.00020256491877382495,True,-243554,-239608,True,0.08885835856199265,1253244417,39,1.2624969198581675e-10,2005191067,43,2.259908343287961e-10,-96
4,13,LEAKY_RELU,1,248,0.12459283322095871,-94,0.001237736432813108,0,-1944,4630,0.0001542130921734497,0.00015421308894498793,True,-182736,-178106,True,0.08885835856199265,1908195101,40,2.396039154898722e-10,1526556080,43,2.844515749182302e-10,-96
4,13,LEAKY_RELU,1,249,0.12459283322095871,-94,0.0013531550066545606,0,-2395,-1993,0.00016859341121744365,0.00016859341606621694,True,-225130,-227123,True,0.08885835856199265,2086133756,40,1.7455932502274525e-10,1668907005,43,5.4720469998211215e-11,-96
4,13,LEAKY_RELU,1,250,0.12459283322095871,-94,0.0007275599637068808,0,-1638,5429,9.064875484909862e-05,9.064875721637817e-05,True,-153972,-148543,True,0.08885835856199265,1121665583,40,4.213017653733017e-10,1794664934,44,2.473466726695538e-10,-96
4,13,LEAKY_RELU,1,251,0.12459283322095871,-94,0.0017671540845185518,0,-2011,-4663,0.00022017474111635238,0.0002201747341281559,True,-189034,-193697,True,0.08885835856199265,1362194194,39,3.0304929814398397e-10,1089755356,42,4.310604228499896e-10,-96
4,13,LEAKY_RELU,1,252,0.12459283322095871,-94,0.0010710149072110653,0,-585,-1361,0.0001334407861577347,0.00013344078171130883,True,-54990,-56351,True,0.08885835856199265,1651163644,40,8.162045291043739e-11,1320930915,43,6.97879195600051e-11,-96
4,13,LEAKY_RELU,1,253,0.12459283322095871,-94,0.001552027533762157,0,-2443,-1588,0.00019337151024956256,0.00019337150766836429,True,-229642,-231230,True,0.08885835856199265,1196365905,39,2.1765621990341308e-10,1914185448,43,2.1765631954624728e-10,-96
4,13,LEAKY_RELU,1,254,0.12459283322095871,-94,0.0014235494891181588,0,-2353,1785,0.00017736406880430877,0.00017736406407947974,True,-221182,-219397,True,0.08885835856199265,1097329806,39,4.1215462432429233e-10,1755727690,43,1.8432886170488041e-10,-96
4,13,LEAKY_RELU,1,255,0.12459283322095871,-94,0.0012736562639474869,0,-741,-9672,0.00015868844639044255,0.0001586884424748386,True,-69654,-79326,True,0.08885835856199265,1963572032,40,7.445805600143699e-11,1570857626,43,1.8017988557122348e-10,-96
5,16,LEAKY_RELU,1,0,0.08885835856199265,-96,0.002854350721463561,0,-939,-3109,0.00025363292661495507,0.0002536329198694915,True,-90144,-93253,True,0.07124809920787811,1957051119,39,7.3448059818134e-11,1565640895,42,2.011913347708449e-10,-94
5,16,LEAKY_RELU,1,1,0.08885835856199265,-96,0.0009995774598792195,0,-3625,1877,8.88208087417297e-05,8.88208123404335e-05,True,-348000,-346123,True,0.07124809920787811,1370696440,40,1.6190258591177763e-10,1096557152,43,1.6190267288164642e-10,-94
5,16,LEAKY_RELU,1,2,0.08885835856199265,-96,0.000492058927193284,0,-5848,-7602,4.372355033410713e-05,4.3723548586170266e-05,True,-561408,-569010,True,0.07124809920787811,1349497056,41,3.0805001982746204e-10,1079597645,44,1.227957738725659e-10,-94
5,16,LEAKY_RELU,1,3,0.08885835856199265,-96,0.0007961721275933087,0,-5997,-15816,7.074655150063336e-05,7.074654839075078e-05,True,-575712,-591528,True,0.07124809920787811,1091771618,40,3.733075127820837e-10,1746834589,44,2.5881470321232934e-10,-94
5,16,LEAKY_RELU,1,4,0.08885835856199265,-96,0.0009537680307403207,0,-6078,-14772,8.475025970255956e-05,8.475026166048904e-05,True,-583488,-598260,True,0.07124809920787811,1307879076,40,6.427852414379222e-11,2092606521,44,2.2244523106070227e-10,-94
5,16,LEAKY_RELU,1,5,0.08885835856199265,-96,0.0016764781903475523,0,-2701,-18110,0.0001489691057940945,0.00014896910015926336,True,-259296,-277406,True,0.07124809920787811,1149457036,39,4.1396944557247943e-10,1839131257,43,8.772840478956552e-11,-94
5,16,LEAKY_RELU,1,6,0.08885835856199265,-96,0.0005571916699409485,0,-5289,-5565,4.9511138058733195e-05,4.951113719536826e-05,True,-507744,-513309,True,0.07124809920787811,1528126972,41,1.699137299010834e-11,1222501578,44,3.441891977495036e-10,-94
5,16,LEAKY_RELU,1,7,0.08885835856199265,-96,0.0009005541796796024,0,-4077,-12493,8.002176764421165e-05,8.002176620247126e-05,True,-391392,-403885,True,0.07124809920787811,1234908207,40,3.428909008825791e-10,1975853131,44,2.416687059505221e-10,-94
5,16,LEAKY_RELU,1,8,0.08885835856199265,-96,0.0013736630789935589,0,-3724,-7228,0.00012206144310766831,0.00012206144641658048,True,-357504,-364732,True,0.07124809920787811,1883671019,40,1.0957272360411098e-11,1506936815,43,1.4367686993357174e-10,-94
5,16,LEAKY_RELU,1,9,0.08885835856199265,-96,0.0021812710911035538,0,-2175,-5093,0.00019382416212465614,0.0001938241687341885,True,-208800,-213893,True,0.07124809920787811,1495562195,39,6.83500343348828e-11,1196449756,42,6.834999448054241e-11,-94
5,16,LEAKY_RELU,1,10,0.08885835856199265,-96,0.0008352557197213173,0,-6450,-9393,7.421945338137448e-05,7.421945223395204e-05,True,-619200,-628593,True,0.07124809920787811,1145366005,40,1.859603543859883e-10,1832585608,44,1.8596027632625299e-10,-94
5,16,LEAKY_RELU,1,11,0.08885835856199265,-96,0.002628239570185542,0,-1987,-5225,0.00023354105360340327,0.00023354105411436434,True,-190752,-195977,True,0.07124809920787811,1802020738,39,2.7084475511951333e-10,1441616590,42,6.621596294202712e-12,-94
5,16,LEAKY_RELU,1,12,0.08885835856199265,-96,0.0009290811140090227,0,-4461,-5020,8.255662396550179e-05,8.255662276178931e-05,True,-428256,-433276,True,0.07124809920787811,1274026503,40,2.980974935178199e-11,2038442405,44,1.2792380765623396e-10,-94
5,16,LEAKY_RELU,1,13,0.08885835856199265,-96,0.0009265110129490495,0,-4149,-18446,8.23282462079078e-05,8.232824780026165e-05,True,-398304,-416750,True,0.07124809920787811,1270502185,40,3.325825554683139e-10,2032803497,44,1.593489084607591e-10,-94
5,16,LEAKY_RELU,1,14,0.08885835856199265,-96,0.0012892821105197072,0,-4082,-10725,0.00011456348875071853,0.00011456349206412277,True,-391872,-402597,True,0.07124809920787811,1767961434,40,1.7528598042225963e-11,1414369147,43,1.2387720142635122e-10,-94
5,16,LEAKY_RELU,1,15,0.08885835856199265,-96,0.0005307315732352436,0,-11254,10598,4.715993782156147e-05,4.715993643470773e-05,True,-1080384,-1069786,True,0.07124809920787811,1455558788,41,1.9240527699996298e-10,1164447031,44,3.2286067229016383e-10,-94
5,16,LEAKY_RELU,1,16,0.08885835856199265,-96,0.0013580471277236938,0,-3533,-6769,0.00012067383795510978,0.00012067383861935621,True,-339168,-345937,True,0.07124809920787811,1862257242,40,1.3123116969103858e-11,1489805794,43,2.5536822198888614e-10,-94
5,16,LEAKY_RELU,1,17,0.08885835856199265,-96,0.0008358345949091017,0,-2747,-8155,7.427088712574914e-05,7.427089013295083e-05,True,-263712,-271867,True,0.07124809920787811,1146159802,40,3.1196132898400554e-10,1833855684,44,1.2427798875268205e-10,-94
5,16,LEAKY_RELU,1,18,0.08885835856199265,-96,0.0007840069010853767,0,-3762,-18553,6.966556975385174e-05,6.966556633172111e-05,True,-361152,-379705,True,0.07124809920787811,1075089737,40,2.3760475543174647e-11,1720143579,44,9.250894393470363e-11,-94
5,16,LEAKY_RELU,1,19,0.08885835856199265,-96,0.0007857227465137839,0,-5594,-10101,6.981803016969934e-05,6.981803354003547e-05,True,-537024,-547125,True,0.07124809920787811,1077442634,40,3.6076322294682693e-10,1723908215,44,1.271693386917875e-11,-94
5,16,LEAKY_RELU,1,20,0.08885835856199265,-96,0.0008828113204799592,0,-6075,-6049,7.844516221666709e-05,7.844516485779442e-05,True,-583200,-589249,True,0.07124809920787811,1210577852,40,6.717831256513003e-11,1936924563,44,1.704348107634178e-10,-94
5,16,LEAKY_RELU,1,21,0.08885835856199265,-96,0.0005631519015878439,0,-6862,-4412,5.004075501346961e-05,5.004075359616063e-05,True,-658752,-663164,True,0.07124809920787811,1544473216,41,3.105572781548017e-10,1235578572,44,3.3691275185952707e-10,-94
5,16,LEAKY_RELU,1,22,0.08885835856199265,-96,0.000668246066197753,0,-4825,-22314,5.937925016041845e-05,5.9379248557841005e-05,True,-463200,-485514,True,0.07124809920787811,1832699397,41,1.5485595568870333e-10,1466159518,44,1.1796565419507622e-10,-94
5,16,LEAKY_RELU,1,23,0.08885835856199265,-96,0.0019176683854311705,0,-1791,-7132,0.0001704008609522134,0.00017040086499564046,True,-171936,-179068,True,0.07124809920787811,1314826182,39,3.560469767271176e-10,2103721890,43,2.1437071782737433e-10,-94
5,16,LEAKY_RELU,1,24,0.08885835856199265,-96,0.0010443575447425246,0,-6173,-8357,9.279989899368957e-05,9.279989717765353e-05,True,-592608,-600965,True,0.07124809920787811,1432102290,40,2.989395611938282e-10,1145681832,43,2.989394363326813e-10,-94
5,16,LEAKY_RELU,1,25,0.08885835856199265,-96,0.00103026966098696,0,-3239,-11031,9.154807048616931e-05,9.154807095152189e-05,True,-310944,-321975,True,0.07124809920787811,1412783915,40,2.339984841283751e-10,1130227132,43,2.3399835755987975e-10,-94
5,16,LEAKY_RELU,1,26,0.08885835856199265,-96,0.001075051142834127,0,1429,-14425,9.5527277153451e-05,9.552727992243482e-05,True,137184,122759,True,0.07124809920787811,1474191680,40,2.2410583419180633e-10,1179353344,43,2.241057533276343e-10,-94
5,16,LEAKY_RELU,1,27,0.08885835856199265,-96,0.0019481400959193707,0,-1544,-9319,0.00017310853581875563,0.00017310853117219818,True,-148224,-157543,True,0.07124809920787811,1335718742,39,1.7756999538874834e-11,2137149987,43,1.1133957502225484e-10,-94
5,16,LEAKY_RELU,1,28,0.08885835856199265,-96,0.0006625425885431468,0,-4697,-5941,5.887244697078131e-05,5.88724468953577e-05,True,-450912,-456853,True,0.07124809920787811,1817057315,41,8.78937729519701e-11,1453645852,44,8.789374014912767e-11,-94
5,16,LEAKY_RELU,1,29,0.08885835856199265,-96,0.0035964243579655886,0,-1298,-1970,0.00031957236933521926,0.00031957236514119046,True,-124608,-126578,True,0.07124809920787811,1232922475,38,3.7261230409430816e-10,1972675961,42,1.3431322709760864e-10,-94
5,16,LEAKY_RELU,1,30,0.08885835856199265,-96,0.0011250338284298778,0,-4978,-11016,9.996865992434323e-05,9.996865932099339e-05,True,-477888,-488904,True,0.07124809920787811,1542731730,40,1.2347160975446863e-10,1234185384,43,1.2347164839024932e-10,-94
5,16,LEAKY_RELU,1,31,0.08885835856199265,-96,0.0018242986407130957,0,-3005,-6393,0.00016210418834816664,0.00016210418274064005,True,-288480,-294873,True,0.07124809920787811,1250808343,39,5.74972265815266e-11,2001293349,43,4.243812393802975e-11,-94
5,16,LEAKY_RELU,1,32,0.08885835856199265,-96,0.004372172523289919,0,-1080,-7030,0.0003885040641762316,0.00038850407376938775,True,-103680,-110710,True,0.07124809920787811,1498863658,38,3.06013824371031e-10,1199090927,41,1.9436520354309089e-10,-94
5,16,LEAKY_RELU,1,33,0.08885835856199265,-96,0.002630949951708317,0,-2804,-8205,0.00023378188780043274,0.00023378189416755485,True,-269184,-277389,True,0.07124809920787811,1803879078,39,6.222467985071135e-11,1443103262,42,2.149558942507703e-10,-94
5,16,LEAKY_RELU,1,34,0.08885835856199265,-96,0.001010056585073471,0,-4657,-12603,8.975197124527767e-05,8.975197020436032e-05,True,-447072,-459675,True,0.07124809920787811,1385066212,40,2.6911006765460037e-10,1108052969,43,2.723804203219895e-10,-94
5,16,LEAKY_RELU,1,35,0.08885835856199265,-96,0.0012385037261992693,0,-5603,-31829,0.00011005140549968928,0.00011005140818297864,True,-537888,-569717,True,0.07124809920787811,1698330261,40,2.2179916976411283e-10,1358664209,43,7.459590355205821e-11,-94
5,16,LEAKY_RELU,1,36,0.08885835856199265,-96,0.0007334723486565053,0,-3661,-19872,6.517514702863991e-05,6.517514895222664e-05,True,-351456,-371328,True,0.07124809920787811,2011585850,41,1.6779127759974943e-10,1609268680,44,1.6779139612244584e-10,-94
5,16,LEAKY_RELU,1,37,0.08885835856199265,-96,0.0011050162138417363,0,-5832,-16912,9.818992839427665e-05,9.818992694636455e-05,True,-559872,-576784,True,0.07124809920787811,1515282058,40,1.0839181660756698e-10,1212225647,43,3.8656545999302256e-10,-94
5,16,LEAKY_RELU,1,38,0.08885835856199265,-96,0.0014183965977281332,0,-2794,-11866,0.0001260363933397457,0.0001260363934640369,True,-268224,-280090,True,0.07124809920787811,1945013013,40,1.8633274058593475e-10,1556010411,43,1.992687925901574e-10,-94
5,16,LEAKY_RELU,1,39,0.08885835856199265,-96,0.001119979191571474,0,1123,-21026,9.951951506081969e-05,9.95195125866287e-05,True,107808,86782,True,0.07124809920787811,1535800428,40,2.0062146290415766e-10,1228640343,43,2.877231210417452e-10,-94
5,16,LEAKY_RELU,1,40,0.08885835856199265,-96,0.0010754682589322329,0,-6054,-19234,9.556434088153765e-05,9.55643441742423e-05,True,-581184,-600418,True,0.07124809920787811,1474763661,40,6.40926577102789e-11,1179810929,43,2.3361126426260946e-10,-94
5,16,LEAKY_RELU,1,41,0.08885835856199265,-96,0.0007543815299868584,0,-2723,-10705,6.703310646116734e-05,6.703310448411687e-05,True,-261408,-272113,True,0.07124809920787811,2068930362,41,2.275811321457734e-10,1655144289,44,1.3492508515144048e-10,-94
5,16,LEAKY_RELU,1,42,0.08885835856199265,-96,0.0006979433819651604,0,-8487,-481,6.201810174388811e-05,6.201810329063001e-05,True,-814752,-815233,True,0.07124809920787811,1914145822,41,1.677673799789064e-10,1531316657,44,2.2405232942381347e-10,-94
5,16,LEAKY_RELU,1,43,0.08885835856199265,-96,0.0006333424826152623,0,-9768,-25243,5.6277775001944974e-05,5.627777341276957e-05,True,-937728,-962971,True,0.07124809920787811,1736974514,41,8.353886825606956e-11,1389579611,44,2.2746728975225007e-10,-94
5,16,LEAKY_RELU,1,44,0.08885835856199265,-96,0.0011856637429445982,0,-2369,-9468,0.00010535613546380773,0.00010535613400452538,True,-227424,-236892,True,0.07124809920787811,1625872068,40,4.039929181350261e-11,1300697654,43,2.671280891379327e-10,-94
5,16,LEAKY_RELU,1,45,0.08885835856199265,-96,0.0008715947042219341,0,-5989,-22416,7.744847243884578e-05,7.744847474848654e-05,True,-574944,-597360,True,0.07124809920787811,1195196777,40,1.3566875593654947e-11,1912314843,44,9.101851286826976e-11,-94
5,16,LEAKY_RELU,1,46,0.08885835856199265,-96,0.0008788075647316873,0,-2443,-13741,7.808939699316397e-05,7.808939769391983e-05,True,-234528,-248269,True,0.07124809920787811,1205087598,40,3.9601217153739097e-10,1928140158,44,2.2634912546576793e-10,-94
5,16,LEAKY_RELU,1,47,0.08885835856199265,-96,0.0012859961716458201,0,-5658,-12065,0.00011427151184761897,0.00011427150892945413,True,-543168,-555233,True,0.07124809920787811,1763455505,40,1.7927826010843966e-10,1410764404,43,1.7927829390835385e-10,-94
5,16,LEAKY_RELU,1,48,0.08885835856199265,-96,0.0007752794772386551,0,-3766,-10419,6.8890061811544e-05,6.889006177422663e-05,True,-361536,-371955,True,0.07124809920787811,2126244063,41,1.5081843576544824e-10,1700995250,44,8.433803962740228e-11,-94
5,16,LEAKY_RELU,1,49,0.08885835856199265,-96,0.0006141812191344798,0,-4688,-12834,5.4575135436607525e-05,5.457513499189338e-05,True,-450048,-462882,True,0.07124809920787811,1684423758,41,3.309985652734716e-11,1347539006,44,3.2993734579810797e-10,-94
5,16,LEAKY_RELU,1,50,0.08885835856199265,-96,0.0007917440962046385,0,-3635,-3923,7.035308226477355e-05,7.035308078989257e-05,True,-348960,-352883,True,0.07124809920787811,1085699566,40,1.2884907614500177e-10,1737119305,44,2.1655045333920543e-10,-94
5,16,LEAKY_RELU,1,51,0.08885835856199265,-96,0.0008732756250537932,0,-2289,-24991,7.759784057270736e-05,7.75978386144782e-05,True,-219744,-244735,True,0.07124809920787811,1197501783,40,1.1848778492229055e-10,1916002853,44,1.4103881405195e-11,-94
5,16,LEAKY_RELU,1,52,0.08885835856199265,-96,0.000988407526165247,0,-3320,-18983,8.78282735357061e-05,8.782827036536364e-05,True,-318720,-337703,True,0.07124809920787811,1355379380,40,1.69628586929278e-10,1084303504,43,1.6962845500021298e-10,-94
5,16,LEAKY_RELU,1,53,0.08885835856199265,-96,0.0007406014483422041,0,-4629,-3430,6.580862827831879e-05,6.580862904832264e-05,True,-444384,-447814,True,0.07124809920787811,2031137775,41,3.325461204494419e-11,1624910220,44,3.325455335405131e-11,-94
5,16,LEAKY_RELU,1,54,0.08885835856199265,-96,0.0012119814055040479,0,-2288,-15756,0.00010769467917270958,0.00010769467830074649,True,-219648,-235404,True,0.07124809920787811,1661960843,40,1.6547112633962445e-10,1329568675,43,2.8580293599516567e-10,-94
5,16,LEAKY_RELU,1,55,0.08885835856199265,-96,0.001663879957050085,0,-3507,-16177,0.00014784964150749147,0.00014784964182766938,True,-336672,-352849,True,0.07124809920787811,1140819209,39,6.231903425327298e-11,1825310734,43,1.568217619794999e-10,-94
5,16,LEAKY_RELU,1,56,0.08885835856199265,-96,0.0012211509747430682,0,-2664,-6801,0.0001085094700101763,0.00010850947117204638,True,-255744,-262545,True,0.07124809920787811,1674534852,40,1.2693400092385937e-10,1339627882,43,1.7165638036283182e-10,-94
5,16,LEAKY_RELU,1,57,0.08885835856199265,-96,0.0015081878518685699,0,-1728,-10973,0.00013401509204413742,0.00013401509692017883,True,-165888,-176861,True,0.07124809920787811,2068141593,40,2.221824871254222e-10,1654513274,43,1.9580572145766885e-11,-94
5,16,LEAKY_RELU,1,58,0.08885835856199265,-96,0.0004823538474738598,0,-6122,4544,4.286117109586485e-05,4.286117113258894e-05,True,-587712,-583168,True,0.07124809920787811,1322880373,41,2.662877124633715e-10,2116608597,45,1.7179697625371935e-10,-94
5,16,LEAKY_RELU,1,59,0.08885835856199265,-96,0.0012738037621602416,0,-4935,-13566,0.00011318811448290944,0.00011318811143564995,True,-473760,-487326,True,0.07124809920787811,1746736349,40,2.7364893107188284e-10,1397389079,43,1.3052486989829115e-10,-94
5,16,LEAKY_RELU,1,60,0.08885835856199265,-96,0.0005384760443121195,0,-850,-18887,4.784809789271094e-05,4.7848097422529753e-05,True,-81600,-100487,True,0.07124809920787811,1476798401,41,1.750930311499259e-10,1181438721,44,3.443780338019831e-10,-94
5,16,LEAKY_RELU,1,61,0.08885835856199265,-96,0.0008262073970399797,0,-3097,-26427,7.341543096117675e-05,7.341543313274914e-05,True,-297312,-323739,True,0.07124809920787811,1132958258,40,2.8865199253221363e-10,1812733213,44,1.783213874292001e-10,-94
5,16,LEAKY_RELU,1,62,0.08885835856199265,-96,0.0021130016539245844,0,-1478,-3463,0.00018775786156766117,0.0001877578586065142,True,-141888,-145351,True,0.07124809920787811,1448754079,39,2.2943167146402011e-10,1159003263,42,4.0199378063844184e-10,-94
5,16,LEAKY_RELU,1,63,0.08885835856199265,-96,0.0005979087436571717,0,-12954,-6855,5.312918801791966e-05,5.312918953123951e-05,True,-1243584,-1250439,True,0.07124809920787811,1639795652,41,2.8658489347510195e-10,1311836522,44,1.833107580289079e-11,-94
5,16,LEAKY_RELU,1,64,0.08885835856199265,-96,0.003082994371652603,0,-1057,-10513,0.0002739498158916831,0.0002739498193209122,True,-101472,-111985,True,0.07124809920787811,2113817878,39,4.055799815688588e-11,1691054302,42,2.7709693729736563e-10,-94
5,16,LEAKY_RELU,1,65,0.08885835856199265,-96,0.0012867804616689682,0,-3876,-9159,0.00011434120096964762,0.00011434119965354761,True,-372096,-381255,True,0.07124809920787811,1764530983,40,1.6524137418726053e-10,1411624787,43,2.598007515117411e-10,-94
5,16,LEAKY_RELU,1,66,0.08885835856199265,-96,0.0008213782566599548,0,-5929,-15800,7.298632408492267e-05,7.298632364531469e-05,True,-569184,-584984,True,0.07124809920787811,1126336175,40,2.638783223205673e-10,1802137880,44,2.6387821648245943e-10,-94
5,16,LEAKY_RELU,1,67,0.08885835856199265,-96,0.0009896672563627362,0,-4770,-11462,8.79402068676427e-05,8.794020792294351e-05,True,-457920,-469382,True,0.07124809920787811,1357106817,40,2.7936153917326393e-10,1085685454,43,8.906920952514874e-11,-94
5,16,LEAKY_RELU,1,68,0.08885835856199265,-96,0.0005842901882715523,0,-3039,-22476,5.19190652994439e-05,5.1919067053687786e-05,True,-291744,-314220,True,0.07124809920787811,1602446060,41,4.644743675445243e-12,1281956848,44,4.64466928336895e-12,-94
5,16,LEAKY_RELU,1,69,0.08885835856199265,-96,0.0008898663800209761,0,-3966,-9524,7.907206600066274e-05,7.90720658681663e-05,True,-380736,-390260,True,0.07124809920787811,1220252285,40,6.902803306149323e-11,1952403656,44,6.902793536916269e-11,-94
5,16,LEAKY_RELU,1,70,0.08885835856199265,-96,0.0009833236690610647,0,-6952,-9870,8.737652387935668e-05,8.737652716792228e-05,True,-667392,-677262,True,0.07124809920787811,1348408009,40,1.8618127804784425e-10,1078726407,43,3.715850569338906e-10,-94
5,16,LEAKY_RELU,1,71,0.08885835856199265,-96,0.0009409870835952461,0,-3894,-25314,8.36145700304769e-05,8.361456767631012e-05,True,-373824,-399138,True,0.07124809920787811,1290352872,40,2.8128710472532495e-10,2064564595,44,1.844143788628131e-10,-94
5,16,LEAKY_RELU,1,72,0.08885835856199265,-96,0.0008985153981484473,0,-4720,-6965,7.98406035755761e-05,7.984060342214631e-05,True,-453120,-460085,True,0.07124809920787811,1232112475,40,2.5929136681076875e-10,1971379959,44,2.4796751810723125e-10,-94
5,16,LEAKY_RELU,1,73,0.08885835856199265,-96,0.0005102265859022737,0,-15610,4980,4.5337896153796464e-05,4.5337896917965574e-05,True,-1498560,-1493580,True,0.07124809920787811,1399322800,41,2.1864363662993388e-11,1119458240,44,2.1864406258343634e-11,-94
5,16,LEAKY_RELU,1,74,0.08885835856199265,-96,0.00053279974963516,0,-5676,-22935,4.734371032100171e-05,4.7343711194820955e-05,True,-544896,-567831,True,0.07124809920787811,1461230869,41,1.366733532794634e-11,1168984695,44,1.8475601467696433e-10,-94
5,16,LEAKY_RELU,1,75,0.08885835856199265,-96,0.0013562992680817842,0,-7300,-7391,0.00012051852536387742,0.00012051852668057937,True,-700800,-708191,True,0.07124809920787811,1859860444,40,1.570345148522294e-10,1487888355,43,2.914533306218928e-10,-94
5,16,LEAKY_RELU,1,76,0.08885835856199265,-96,0.0007060888456180692,0,-6402,-6564,6.274189945543185e-05,6.274189582055386e-05,True,-614592,-621156,True,0.07124809920787811,1936485177,41,9.693054476659684e-12,1549188142,44,2.4850663985844647e-10,-94
5,16,LEAKY_RELU,1,77,0.08885835856199265,-96,0.0006949869566597044,0,-7958,-22631,6.175540329422802e-05,6.175540019077606e-05,True,-763968,-786599,True,0.07124809920787811,1906037672,41,1.975524068832891e-10,1524830138,44,6.477186280017967e-11,-94
5,16,LEAKY_RELU,1,78,0.08885835856199265,-96,0.0011946142185479403,0,-4400,-8607,0.0001061514558386989,0.00010615145857498752,True,-422400,-431007,True,0.07124809920787811,1638145639,40,3.561057263125098e-11,1310516511,43,1.8822222891414324e-10,-94
5,16,LEAKY_RELU,1,79,0.08885835856199265,-96,0.000774079526308924,0,-1685,-14035,6.878343265270814e-05,6.878343610425578e-05,True,-161760,-175795,True,0.07124809920787811,2122953135,41,9.174938026026519e-11,1698362508,44,9.174938026026519e-11,-94
5,16,LEAKY_RELU,1,80,0.08885835856199265,-96,0.0005417437059804797,0,-6705,-4858,4.813845589524135e-05,4.8138456474716186e-05,True,-643680,-648538,True,0.07124809920787811,1485760132,41,9.038036473924798e-11,1188608105,44,4.1441183093468654e-10,-94
5,16,LEAKY_RELU,1,81,0.08885835856199265,-96,0.002036653459072113,0,-1941,-7930,0.0001809736859286204,0.00018097368333275243,True,-186336,-194266,True,0.07124809920787811,1396406861,39,5.846570561611835e-11,1117125489,42,1.2056521077908804e-10,-94
5,16,LEAKY_RELU,1,82,0.08885835856199265,-96,0.0010761047014966607,0,-3801,-14779,9.56208969000727e-05,9.562089741583634e-05,True,-364896,-379675,True,0.07124809920787811,1475636399,40,1.5579888514176942e-10,1180509119,43,3.252173945657429e-10,-94
5,16,LEAKY_RELU,1,83,0.08885835856199265,-96,0.0013549841241911054,0,-4095,-5984,0.00012040166620863602,0.00012040166515318081,True,-393120,-399104,True,0.07124809920787811,1858057019,40,1.2016992659387702e-10,1486445615,43,2.547191126619943e-10,-94
5,16,LEAKY_RELU,1,84,0.08885835856199265,-96,0.0005916075315326452,0,-718,-6400,5.256927397567779e-05,5.256927416490316e-05,True,-68928,-75328,True,0.07124809920787811,1622514252,41,2.0258333206943475e-10,1298011402,44,1.0558029735513982e-10,-94
5,16,LEAKY_RELU,1,85,0.08885835856199265,-96,0.001492353156208992,0,-2293,-8605,0.0001326080528087914,0.00013260805185554003,True,-220128,-228733,True,0.07124809920787811,2046427857,40,1.7429111570098346e-10,1637142285,43,1.9220124628441765e-10,-94
5,16,LEAKY_RELU,1,86,0.08885835856199265,-96,0.002224996220320463,0,-2706,-9829,0.00019770950893871486,0.0001977095119443141,True,-259776,-269605,True,0.07124809920787811,1525541802,39,2.130330017440284e-11,1220433442,42,3.490556306224164e-10,-94
5,16,LEAKY_RELU,1,87,0.08885835856199265,-96,0.0007298057898879051,0,-6852,-3377,6.484934419859201e-05,6.484934455847774e-05,True,-657792,-661169,True,0.07124809920787811,2001530123,41,1.4260778086994055e-10,1601224099,44,2.321054510023683e-10,-94
5,16,LEAKY_RELU,1,88,0.08885835856199265,-96,0.001509580877609551,0,-2217,-7932,0.00013413888518698514,0.000134138878900957,True,-212832,-220764,True,0.07124809920787811,2070051815,40,5.3366186770380615e-11,1656041452,43,5.336627315176151e-11,-94
5,16,LEAKY_RELU,1,89,0.08885835856199265,-96,0.0011013936018571258,0,-757,-13489,9.786802547750995e-05,9.786802759170505e-05,True,-72672,-86161,True,0.07124809920787811,1510314458,40,1.3098183750525155e-10,1208251566,43,2.0007500818167899e-10,-94
5,16,LEAKY_RELU,1,90,0.08885835856199265,-96,0.001081466325558722,0,-4760,-11271,9.609731932869181e-05,9.609732252921759e-05,True,-456960,-468231,True,0.07124809920787811,1482988665,40,8.57789338294551e-11,1186390932,43,8.57788936372094e-11,-94
5,16,LEAKY_RELU,1,91,0.08885835856199265,-96,0.0012513395631685853,0,-3049,-6871,0.00011119197733933106,0.0001111919795868414,True,-292704,-299575,True,0.07124809920787811,1715931735,40,1.4774356170532575e-10,1372745388,43,1.4774342276123242e-10,-94
5,16,LEAKY_RELU,1,92,0.08885835856199265,-96,0.001157330465503037,0,-3970,-2555,0.00010283848678227514,0.00010283848547838672,True,-381120,-383675,True,0.07124809920787811,1587019329,40,2.746267649300797e-10,1269615463,43,1.170987903832669e-10,-94
5,16,LEAKY_RELU,1,93,0.08885835856199265,-96,0.0005661534960381687,0,-3745,-8527,5.030746979173273e-05,5.0307470352085274e-05,True,-359520,-368047,True,0.07124809920787811,1552705244,41,2.971807610108116e-10,1242164195,44,1.361714125559158e-10,-94
5,16,LEAKY_RELU,1,94,0.08885835856199265,-96,0.001495300093665719,0,-4480,-14072,0.00013286991452332586,0.00013286991188072965,True,-430080,-444152,True,0.07124809920787811,2050468921,40,7.970359142258386e-11,1640375137,43,2.016269219639717e-10,-94
5,16,LEAKY_RELU,1,95,0.08885835856199265,-96,0.0014913348713889718,0,-3454,-11324,0.00013251756899990141,0.00013251756873788444,True,-331584,-342908,True,0.07124809920787811,2045031507,40,1.2310393360168827e-10,1636025206,43,1.2139107697735805e-10,-94
5,16,LEAKY_RELU,1,96,0.08885835856199265,-96,0.0006425548926927149,0,-5336,-20482,5.7096374803222716e-05,5.709637305065197e-05,True,-512256,-532738,True,0.07124809920787811,1762240025,41,1.3350650127907254e-10,1409792020,44,1.3350653510229974e-10,-94
5,16,LEAKY_RELU,1,97,0.08885835856199265,-96,0.0014928998425602913,0,-2545,-7320,0.0001326566271018237,0.00013265662950736473,True,-244320,-251640,True,0.07124809920787811,2047177514,40,2.1466887030940427e-10,1637742012,43,2.7380849608279103e-10,-94
5,16,LEAKY_RELU,1,98,0.08885835856199265,-96,0.0010925652459263802,0,-6311,-19572,9.708355355542153e-05,9.708355437489796e-05,True,-605856,-625428,True,0.07124809920787811,1498208346,40,2.917703912327833e-10,1198566677,43,1.2490449345212315e-10,-94
5,16,LEAKY_RELU,1,99,0.08885835856199265,-96,0.000487773708300665,0,-7458,-3756,4.3342770368326455e-05,4.33427710692933e-05,True,-715968,-719724,True,0.07124809920787811,1337744622,41,1.6986556627364948e-11,2140391395,45,7.645431971685384e-11,-94
5,16,LEAKY_RELU,1,100,0.08885835856199265,-96,0.0009648380801081657,0,-7151,-25380,8.573392551625147e-05,8.573392807651598e-05,True,-686496,-711876,True,0.07124809920787811,1323059167,40,2.8358234290832857e-10,2116894668,44,9.432970541823641e-11,-94
5,16,LEAKY_RELU,1,101,0.08885835856199265,-96,0.0016027319943532348,0,-3091,-11446,0.00014241613098420203,0.0001424161342330173,True,-296736,-308182,True,0.07124809920787811,1098893846,39,3.4894530280587157e-10,1758230154,43,1.2144385558408146e-10,-94
5,16,LEAKY_RELU,1,102,0.08885835856199265,-96,0.0016547112027183175,0,-2064,-6249,0.0001470349234296009,0.00014703492136769036,True,-198144,-204393,True,0.07124809920787811,1134532763,39,1.687500876270755e-10,1815252421,43,5.8572678171676e-11,-94
5,16,LEAKY_RELU,1,103,0.08885835856199265,-96,0.0008383845561183989,0,-5630,-11233,7.449747499777004e-05,7.449747550040573e-05,True,-540480,-551713,True,0.07124809920787811,1149656503,40,3.427194029310514e-10,1839450404,44,9.219316310173037e-11,-94
5,16,LEAKY_RELU,1,104,0.08885835856199265,-96,0.0008405285771004856,0,-5814,-17725,7.468798867193982e-05,7.468798968559643e-05,True,-558144,-575869,True,0.07124809920787811,1152596547,40,1.5570480194668036e-10,1844154475,44,4.725399134245123e-11,-94
5,16,LEAKY_RELU,1,105,0.08885835856199265,-96,0.0006655201432295144,0,-7674,401,5.913702625548467e-05,5.913702751731689e-05,True,-736704,-736303,True,0.07124809920787811,1825223413,41,2.396693837620695e-10,1460178730,44,3.426978191625787e-11,-94
5,16,LEAKY_RELU,1,106,0.08885835856199265,-96,0.0005197168793529272,0,-4305,-8967,4.6181190555216745e-05,4.618118881626228e-05,True,-413280,-422247,True,0.07124809920787811,1425350421,41,2.501158776215989e-10,1140280337,44,4.255112172975778e-10,-94
5,16,LEAKY_RELU,1,107,0.08885835856199265,-96,0.0007082197698764503,0,-249,-18157,6.293124897638336e-05,6.293124625237354e-05,True,-23904,-42061,True,0.07124809920787811,1942329347,41,2.962296573610368e-12,1553863478,44,2.5446054531782406e-10,-94
5,16,LEAKY_RELU,1,108,0.08885835856199265,-96,0.0017911555478349328,0,-1847,-4551,0.0001591591426404193,0.00015915914190981883,True,-177312,-181863,True,0.07124809920787811,1228084181,39,3.9811348546084755e-10,1964934690,43,1.945443785801592e-10,-94
5,16,LEAKY_RELU,1,109,0.08885835856199265,-96,0.0018617721507325768,0,-2463,-5339,0.00016543401579838246,0.00016543401733052753,True,-236448,-241787,True,0.07124809920787811,1276501603,39,7.975721822247224e-11,2042402565,43,1.77681036186532e-10,-94
5,16,LEAKY_RELU,1,110,0.08885835856199265,-96,0.0005382287199608982,0,-13559,20530,4.78261208627373e-05,4.782612058664782e-05,True,-1301664,-1281134,True,0.07124809920787811,1476120101,41,5.627270526698002e-11,1180896081,44,2.2563549697394954e-10,-94
5,16,LEAKY_RELU,1,111,0.08885835856199265,-96,0.0010134984040632844,0,-4738,-19213,9.005780157167464e-05,9.005780459026263e-05,True,-454848,-474061,True,0.07124809920787811,1389785895,40,5.753497728572127e-11,1111828716,43,5.7534848622784775e-11,-94
5,16,LEAKY_RELU,1,112,0.08885835856199265,-96,0.0009677928755991161,0,-5332,-6795,8.59964857227169e-05,8.59964863537282e-05,True,-511872,-518667,True,0.07124809920787811,1327111007,40,7.616001050229229e-11,2123377611,44,1.7034959157989266e-10,-94
5,16,LEAKY_RELU,1,113,0.08885835856199265,-96,0.0011571944924071431,0,-4393,-5179,0.00010282640141667798,0.000102826403132277,True,-421728,-426907,True,0.07124809920787811,1586832872,40,3.765366924595219e-11,1269466298,43,3.5274660059839295e-10,-94
5,16,LEAKY_RELU,1,114,0.08885835856199265,-96,0.0009906856575980783,0,-3417,5810,8.80306979524903e-05,8.803070138507351e-05,True,-328032,-322222,True,0.07124809920787811,1358503326,40,3.0049109003640195e-10,1086802661,43,1.164650408245966e-10,-94
5,16,LEAKY_RELU,1,115,0.08885835856199265,-96,0.001588391256518662,0,-4600,-10184,0.00014114183431956917,0.0001411418398084693,True,-441600,-451784,True,0.07124809920787811,1089061293,39,3.8107871842544095e-10,1742498068,43,7.803226403653457e-11,-94
5,16,LEAKY_RELU,1,116,0.08885835856199265,-96,0.0007888938998803496,0,-8081,8170,7.009981345618144e-05,7.009981702293683e-05,True,-775776,-767606,True,0.07124809920787811,1081791160,40,4.126272966903733e-10,1730865857,44,1.651181438761227e-10,-94
5,16,LEAKY_RELU,1,117,0.08885835856199265,-96,0.0008923432906158268,0,-5076,-12755,7.929215644253418e-05,7.929216007792955e-05,True,-487296,-500051,True,0.07124809920787811,1223648813,40,3.104609805918685e-10,1957838100,44,9.815303876392463e-11,-94
5,16,LEAKY_RELU,1,118,0.08885835856199265,-96,0.0007507976843044162,0,-8428,-4877,6.671465234830976e-05,6.671464983943557e-05,True,-809088,-813965,True,0.07124809920787811,2059101479,41,1.911752983596625e-10,1647281184,44,2.9447339375328216e-10,-94
5,16,LEAKY_RELU,1,119,0.08885835856199265,-96,0.0005633960827253759,0,-3680,-12890,5.00624519190751e-05,5.006245113123352e-05,True,-353280,-366170,True,0.07124809920787811,1545142895,41,5.259366919100546e-11,1236114316,44,5.259363061551515e-11,-94
5,16,LEAKY_RELU,1,120,0.08885835856199265,-96,0.0006299305241554976,0,-8047,-3451,5.5974593124119565e-05,5.597459238455317e-05,True,-772512,-775963,True,0.07124809920787811,1727617042,41,2.2715700853246438e-10,1382093633,44,2.0696711756477451e-10,-94
5,16,LEAKY_RELU,1,121,0.08885835856199265,-96,0.0010925816604867578,0,-5460,-12336,9.708501602290198e-05,9.708501294578963e-05,True,-524160,-536496,True,0.07124809920787811,1498230855,40,2.1860410606580716e-10,1198584684,43,2.1860414584915868e-10,-94
5,16,LEAKY_RELU,1,122,0.08885835856199265,-96,0.002335584256798029,0,-3590,-9764,0.00020753618446178734,0.00020753618334230436,True,-344640,-354404,True,0.07124809920787811,1601365154,39,2.1321596988751373e-10,1281092123,42,3.693327676848361e-10,-94
5,16,LEAKY_RELU,1,123,0.08885835856199265,-96,0.000448264938313514,0,-541,-12271,3.983208807767369e-05,3.983208661943174e-05,True,-51936,-64207,True,0.07124809920787811,1229389777,41,4.0587154101002175e-11,1967023643,45,6.108932974973004e-11,-94
5,16,LEAKY_RELU,1,124,0.08885835856199265,-96,0.0008890312747098505,0,-5275,-3592,7.899785850895569e-05,7.899785978099328e-05,True,-506400,-509992,True,0.07124809920787811,1219107125,40,1.3342385816079143e-10,1950571400,44,1.3342395594488857e-10,-94
5,16,LEAKY_RELU,1,125,0.08885835856199265,-96,0.0010342400055378675,0,-6191,-19922,9.190086711896583e-05,9.19008692512411e-05,True,-594336,-614258,True,0.07124809920787811,1418228352,40,2.1514904932201085e-10,1134582682,43,1.374033590213891e-10,-94
5,16,LEAKY_RELU,1,126,0.08885835856199265,-96,0.0008915907237678766,0,-8233,-8189,7.922529039205983e-05,7.922528822311252e-05,True,-790368,-798557,True,0.07124809920787811,1222616836,40,1.0713965307371185e-10,1956186937,44,1.9957957277469167e-10,-94
5,16,LEAKY_RELU,1,127,0.08885835856199265,-96,0.00040639020153321326,0,4559,-22975,3.611116699175909e-05,3.611116624391872e-05,True,437664,414689,True,0.07124809920787811,1114546146,41,3.3351998472693516e-10,1783273833,45,2.9398660143121413e-12,-94
5,16,LEAKY_RELU,1,128,0.08885835856199265,-96,0.0008676727884449065,0,-4686,-3148,7.709998317295685e-05,7.709997975012149e-05,True,-449856,-453004,True,0.07124809920787811,1189818749,40,3.726771534966709e-10,1903709998,44,1.6256111666056848e-10,-94
5,16,LEAKY_RELU,1,129,0.08885835856199265,-96,0.0019499638583511114,0,-2066,-8745,0.00017327058594673872,0.0001732705877082897,True,-198336,-207081,True,0.07124809920787811,1336969183,39,2.0824675559248564e-10,2139150692,43,1.6573348723317726e-10,-94
5,16,LEAKY_RELU,1,130,0.08885835856199265,-96,0.0009867370827123523,0,-3311,-9440,8.767983672441915e-05,8.767983750206879e-05,True,-317856,-327296,True,0.07124809920787811,1353088741,40,8.257587216970191e-12,1082470993,43,1.9302004397742032e-10,-94
5,16,LEAKY_RELU,1,131,0.08885835856199265,-96,0.0008277771412394941,0,-7005,-12640,7.355491834459826e-05,7.35549180256802e-05,True,-672480,-685120,True,0.07124809920787811,1135110811,40,3.056229903336857e-10,1816177297,44,2.4741258057682156e-11,-94
5,16,LEAKY_RELU,1,132,0.08885835856199265,-96,0.0005230690003372729,0,-5737,-26653,4.6479053708026186e-05,4.6479052784632446e-05,True,-550752,-577405,True,0.07124809920787811,1434543786,41,1.3244865507767226e-10,1147635029,44,3.067200041041861e-10,-94
5,16,LEAKY_RELU,1,133,0.08885835856199265,-96,0.000643594132270664,0,-6002,-11754,5.7188717619283125e-05,5.718871817370118e-05,True,-576192,-587946,True,0.07124809920787811,1765090194,41,2.68661045930508e-10,1412072155,44,1.2702519042486576e-10,-94
5,16,LEAKY_RELU,1,134,0.08885835856199265,-96,0.001503201201558113,0,-3347,-8800,0.00013357198622543365,0.000133571991358869,True,-321312,-330112,True,0.07124809920787811,2061303519,40,1.7030446098967198e-10,1649042815,43,2.9158702635037184e-10,-94
5,16,LEAKY_RELU,1,135,0.08885835856199265,-96,0.0006697075441479683,0,-6247,-11290,5.95091114519164e-05,5.9509113089571686e-05,True,-599712,-611002,True,0.07124809920787811,1836707576,41,8.04874541428817e-11,1469366061,44,5.5625634103689215e-11,-94
5,16,LEAKY_RELU,1,136,0.08885835856199265,-96,0.0007776884594932199,0,-4523,-12758,6.910412048455328e-05,6.910411998317222e-05,True,-434208,-446966,True,0.07124809920787811,2132850821,41,4.7637866026393626e-11,1706280657,44,6.957603337436124e-11,-94
5,16,LEAKY_RELU,1,137,0.08885835856199265,-96,0.0004952584858983755,0,-5019,-6944,4.400785473990254e-05,4.400785612082743e-05,True,-481824,-488768,True,0.07124809920787811,1358272012,41,2.6426706781631916e-10,1086617609,44,2.87905186917212e-10,-94
5,16,LEAKY_RELU,1,138,0.08885835856199265,-96,0.0006676659104414284,0,-4000,-16057,5.9327696362743154e-05,5.9327696869623716e-05,True,-384000,-400057,True,0.07124809920787811,1831108290,41,6.403419316009044e-11,1464886632,44,6.403425826235128e-11,-94
5,16,LEAKY_RELU,1,139,0.08885835856199265,-96,0.0006329297320917249,0,-5657,-19836,5.6241096899611875e-05,5.624109707875243e-05,True,-543072,-562908,True,0.07124809920787811,1735842524,41,2.8080509991921426e-10,1388674020,44,2.952840244645106e-10,-94
5,16,LEAKY_RELU,1,140,0.08885835856199265,-96,0.002285909838974476,0,-992,-8115,0.0002031221956713125,0.00020312219611198085,True,-95232,-103347,True,0.07124809920787811,1567306489,39,2.2241776810318656e-10,1253845191,42,3.819271690456879e-10,-94
5,16,LEAKY_RELU,1,141,0.08885835856199265,-96,0.0007512299926020205,0,-5340,-7646,6.675306212855503e-05,6.675306404515342e-05,True,-512640,-520286,True,0.07124809920787811,2060287107,41,1.2532218973891913e-10,1648229686,44,1.1736240438094988e-10,-94
5,16,LEAKY_RELU,1,142,0.08885835856199265,-96,0.0018246826948598027,0,-1993,-12134,0.00016213831258937716,0.00016213830916171536,True,-191328,-203462,True,0.07124809920787811,1251071665,39,1.294390079432474e-10,2001714664,43,1.294390079432474e-10,-94
5,16,LEAKY_RELU,1,143,0.08885835856199265,-96,0.0007452686550095677,0,-8063,-7027,6.622335058636963e-05,6.622334937185417e-05,True,-774048,-781075,True,0.07124809920787811,2043937831,41,1.9619319756456586e-10,1635150264,44,2.9305847390478676e-10,-94
5,16,LEAKY_RELU,1,144,0.08885835856199265,-96,0.0006000641733407974,0,-5170,-9251,5.332071668817662e-05,5.3320717474922286e-05,True,-496320,-505571,True,0.07124809920787811,1645707030,41,8.929727854141893e-11,1316565624,44,8.92972061048993e-11,-94
5,16,LEAKY_RELU,1,145,0.08885835856199265,-96,0.0009387156460434198,0,-4094,572,8.341273496625945e-05,8.341273146387877e-05,True,-393024,-392452,True,0.07124809920787811,1287238104,40,1.2145244486584895e-10,2059580967,44,1.698689036745067e-10,-94
5,16,LEAKY_RELU,1,146,0.08885835856199265,-96,0.0018119318410754204,0,-3079,-6257,0.0001610052859177813,0.00016100528922417118,True,-295584,-301841,True,0.07124809920787811,1242329196,39,1.3846011579484998e-10,1987726714,43,6.277471903263147e-11,-94
5,16,LEAKY_RELU,1,147,0.08885835856199265,-96,0.0018854347290471196,0,-249,-19297,0.00016753663658164442,0.0001675366351989024,True,-23904,-43201,True,0.07124809920787811,1292725564,39,8.031505960526838e-11,2068360903,43,2.0976966588348747e-10,-94
5,16,LEAKY_RELU,1,148,0.08885835856199265,-96,0.0014020070666447282,0,-3518,-3319,0.00012458005221560597,0.00012458004663436478,True,-337728,-341047,True,0.07124809920787811,1922538445,40,2.2198465058726312e-11,1538030756,43,2.2198527064919142e-11,-94
5,16,LEAKY_RELU,1,149,0.08885835856199265,-96,0.0006621193024329841,0,-4922,-10019,5.883483390789479e-05,5.883483438640655e-05,True,-472512,-482531,True,0.07124809920787811,1815896431,41,1.1486627693170646e-10,1452717145,44,2.5253919557523533e-10,-94
5,16,LEAKY_RELU,1,150,0.08885835856199265,-96,0.0005145344184711576,0,-5498,-13538,4.5720684283878654e-05,4.572068384899649e-05,True,-527808,-541346,True,0.07124809920787811,1411137254,41,2.5104909905842155e-10,1128909803,44,7.388694239123467e-11,-94
5,16,LEAKY_RELU,1,151,0.08885835856199265,-96,0.0005435579805634916,0,-6212,-29524,4.829966928809881e-05,4.8299669936143364e-05,True,-596352,-625876,True,0.07124809920787811,1490735874,41,1.7351919161422706e-10,1192588699,44,5.816780742091716e-12,-94
5,16,LEAKY_RELU,1,152,0.08885835856199265,-96,0.0011101673590019345,0,-2152,-16116,9.864765161182731e-05,9.864764925001431e-05,True,-206592,-222708,True,0.07124809920787811,1522345699,40,1.1174734725715564e-10,1217876559,43,2.7596772042878004e-10,-94
5,16,LEAKY_RELU,1,153,0.08885835856199265,-96,0.0013887106906622648,0,-4971,-6786,0.0001233985531143844,0.00012339855248973998,True,-477216,-484002,True,0.07124809920787811,1904305446,40,1.8805091145443419e-10,1523444357,43,3.1933230928000294e-10,-94
5,16,LEAKY_RELU,1,154,0.08885835856199265,-96,0.00090407783864066,0,-4483,-9657,8.03348739282228e-05,8.03348727538831e-05,True,-430368,-440025,True,0.07124809920787811,1239740115,40,3.728802075379841e-11,1983584184,44,3.72881169104752e-11,-94
5,16,LEAKY_RELU,1,155,0.08885835856199265,-96,0.0010975550394505262,0,-2117,-12546,9.752693586051464e-05,9.752693923701684e-05,True,-203232,-215778,True,0.07124809920787811,1505050730,40,1.0655351301845368e-10,1204040584,43,1.0655347341537347e-10,-94
5,16,LEAKY_RELU,1,156,0.08885835856199265,-96,0.0011236377758905292,0,-5256,-12929,9.98446048470214e-05,9.984460838388057e-05,True,-504576,-517505,True,0.07124809920787811,1540817357,40,2.18060641363039e-10,1232653885,43,2.6869407746560867e-10,-94
5,16,LEAKY_RELU,1,157,0.08885835856199265,-96,0.0018492579692974687,0,-3042,-11597,0.0001643220311962068,0.00016432202770945686,True,-292032,-303629,True,0.07124809920787811,1267921405,39,3.5319689906388004e-10,2028674249,43,1.3973583912656764e-10,-94
5,16,LEAKY_RELU,1,158,0.08885835856199265,-96,0.0012423379812389612,0,-4921,-5975,0.00011039211676688865,0.00011039211379211371,True,-472416,-478391,True,0.07124809920787811,1703588083,40,1.4617655060768412e-10,1362870466,43,1.4732169833632298e-10,-94
5,16,LEAKY_RELU,1,159,0.08885835856199265,-96,0.0006793641368858516,0,-4204,-8194,6.0367183323251083e-05,6.036718206956166e-05,True,-403584,-411778,True,0.07124809920787811,1863191281,41,8.411588102642636e-11,1490553025,44,5.006244157473092e-11,-94
5,16,LEAKY_RELU,1,160,0.08885835856199265,-96,0.0008738659089431167,0,-6983,-19938,7.7650292951148e-05,7.765029027196908e-05,True,-670368,-690306,True,0.07124809920787811,1198311225,40,1.580941315247019e-10,1917297960,44,1.5809420613550858e-10,-94
5,16,LEAKY_RELU,1,161,0.08885835856199265,-96,0.0018539336742833257,0,-2387,-4224,0.0001647375029278919,0.00016473750317962024,True,-229152,-233376,True,0.07124809920787811,1271127246,39,1.053849052821795e-10,2033803594,43,9.129089641905425e-11,-94
5,16,LEAKY_RELU,1,162,0.08885835856199265,-96,0.0008200546726584435,0,-4124,1417,7.286871550604701e-05,7.286871214352147e-05,True,-395904,-394487,True,0.07124809920787811,1124521176,40,7.66811373643813e-11,1799233881,44,2.567941831869857e-10,-94
5,16,LEAKY_RELU,1,163,0.08885835856199265,-96,0.0014430119190365076,0,-3645,-8378,0.0001282236771658063,0.0001282236705109751,True,-349920,-358298,True,0.07124809920787811,1978767409,40,1.2191356747060995e-10,1583013927,43,2.482549642669328e-10,-94
5,16,LEAKY_RELU,1,164,0.08885835856199265,-96,0.0017102090641856194,0,-2763,-9491,0.00015196636377368122,0.00015196637024137566,True,-265248,-274739,True,0.07124809920787811,1172584202,39,2.3532714717068376e-11,1876134723,43,1.3013491811406007e-10,-94
5,16,LEAKY_RELU,1,165,0.08885835856199265,-96,0.0012714134063571692,0,-4274,-13517,0.00011297570745227858,0.0001129757083426098,True,-410304,-423821,True,0.07124809920787811,1743458511,40,1.8018364186551404e-10,1394766809,43,3.679063310789123e-11,-94
5,16,LEAKY_RELU,1,166,0.08885835856199265,-96,0.0011016586795449257,0,-175,-7174,9.789158502826467e-05,9.789158195993436e-05,True,-16800,-23974,True,0.07124809920787811,1510677952,40,2.888058620381757e-10,1208542362,43,4.217128632382511e-11,-94
5,16,LEAKY_RELU,1,167,0.08885835856199265,-96,0.0008184650214388967,0,-3470,3786,7.272746006492525e-05,7.272745834546648e-05,True,-333120,-329334,True,0.07124809920787811,1122341326,40,3.8159822081709846e-10,1795746121,44,4.747523945819791e-11,-94
5,16,LEAKY_RELU,1,168,0.08885835856199265,-96,0.0013376023853197694,0,-3648,-22436,0.00011885715503012761,0.00011885715236812072,True,-350208,-372644,True,0.07124809920787811,1834221860,40,1.7258117407660774e-10,1467377488,43,1.72581206572483e-10,-94
5,16,LEAKY_RELU,1,169,0.08885835856199265,-96,0.0006012095254845917,0,-3331,5619,5.3422492783283815e-05,5.3422491586395306e-05,True,-319776,-314157,True,0.07124809920787811,1648848217,41,2.0825632717122984e-10,1319078574,44,9.498561780351919e-11,-94
5,16,LEAKY_RELU,1,170,0.08885835856199265,-96,0.0005047218292020261,0,-6215,-22372,4.484875171328895e-05,4.484875327329845e-05,True,-596640,-619012,True,0.07124809920787811,1384225720,41,5.922185416548383e-11,1107380576,44,5.922181110556671e-11,-94
5,16,LEAKY_RELU,1,171,0.08885835856199265,-96,0.0005695239524357021,0,-4388,-2645,5.060696275904775e-05,5.060696357517486e-05,True,-421248,-423893,True,0.07124809920787811,1561948895,41,3.0473852604555523e-10,1249559116,44,3.0473852604555523e-10,-94
5,16,LEAKY_RELU,1,172,0.08885835856199265,-96,0.0010912955040112138,0,-4081,-8010,9.697072528069839e-05,9.697072719251892e-05,True,-391776,-399786,True,0.07124809920787811,1496467180,40,8.939498742215458e-13,1197173744,43,8.939897044601049e-13,-94
5,16,LEAKY_RELU,1,173,0.08885835856199265,-96,0.0016450316179543734,0,-2953,-4312,0.00014617480337619781,0.0001461748093540046,True,-283488,-287800,True,0.07124809920787811,1127896073,39,2.3576401018347393e-10,1804633716,43,2.075393237796803e-10,-94
5,16,LEAKY_RELU,1,174,0.08885835856199265,-96,0.0012049421202391386,0,-4661,-24118,0.00010706917964853346,0.00010706917896665703,True,-447456,-471574,True,0.07124809920787811,1652308041,40,1.9644452497242885e-10,1321846433,43,4.5141018757216486e-11,-94
5,16,LEAKY_RELU,1,175,0.08885835856199265,-96,0.0007256083772517741,0,-3377,-20640,6.447637133533135e-05,6.447636936142377e-05,True,-324192,-344832,True,0.07124809920787811,1990018502,41,2.343213517355988e-11,1592014802,44,2.2782181019718718e-10,-94
5,16,LEAKY_RELU,1,176,0.08885835856199265,-96,0.0004965098924003541,0,-3419,-2831,4.4119053200120106e-05,4.4119054048487056e-05,True,-328224,-331055,True,0.07124809920787811,1361704059,41,2.2494254027049586e-10,1089363247,44,4.1349094397106676e-11,-94
5,16,LEAKY_RELU,1,177,0.08885835856199265,-96,0.0011248557129874825,0,-3989,-8023,9.995283471653238e-05,9.995283227514761e-05,True,-382944,-390967,True,0.07124809920787811,1542487484,40,2.6139157657628525e-10,1233989988,43,3.869118621918206e-10,-94
5,16,LEAKY_RELU,1,178,0.08885835856199265,-96,0.0007655780063942075,0,-9155,9870,6.802800635341555e-05,6.802800499935199e-05,True,-878880,-869010,True,0.07124809920787811,2099637277,41,6.770054471756398e-11,1679709822,44,1.7043571197053377e-10,-94
5,16,LEAKY_RELU,1,179,0.08885835856199265,-96,0.0016329516656696796,0,-1418,-13671,0.0001451014104532078,0.00014510140462247953,True,-136128,-149799,True,0.07124809920787811,1119613599,39,2.3168740350099715e-10,1791381759,43,1.0324957855071624e-10,-94
5,16,LEAKY_RELU,1,180,0.08885835856199265,-96,0.0014336728490889072,0,-3180,-14625,0.000127393810544163,0.0001273938160849357,True,-305280,-319905,True,0.07124809920787811,1965960968,40,3.758041351224522e-11,1572768774,43,2.919090835816445e-10,-94
5,16,LEAKY_RELU,1,181,0.08885835856199265,-96,0.0010242046555504203,0,-4264,-13246,9.100914758164436e-05,9.100914452376142e-05,True,-409344,-422590,True,0.07124809920787811,1404467119,40,9.101420069885951e-11,1123573695,43,2.6901761351681506e-10,-94
5,16,LEAKY_RELU,1,182,0.08885835856199265,-96,0.0006732969195581973,0,-7371,-1265,5.982806032989174e-05,5.982805909678741e-05,True,-707616,-708881,True,0.07124809920787811,1846551624,41,8.243590623665486e-11,1477241299,44,5.29515894451929e-11,-94
5,16,LEAKY_RELU,1,183,0.08885835856199265,-96,0.0018400385743007064,0,-2413,-9805,0.00016350280202459544,0.0001635028074031099,True,-231648,-241453,True,0.07124809920787811,1261600239,39,3.5695124875397165e-10,2018560382,43,1.5879017366409714e-10,-94
5,16,LEAKY_RELU,1,184,0.08885835856199265,-96,0.0015580052277073264,0,-5382,-19006,0.00013844178465660661,0.0001384417871650766,True,-516672,-535678,True,0.07124809920787811,2136454957,40,1.8784175593220857e-10,1709163966,43,4.6190737502095824e-11,-94
5,16,LEAKY_RELU,1,185,0.08885835856199265,-96,0.0007149045122787356,0,-5587,-11408,6.352524360409006e-05,6.352524148965037e-05,True,-536352,-547760,True,0.07124809920787811,1960662599,41,1.1761615813406315e-10,1568530079,44,9.891787272533972e-12,-94
5,16,LEAKY_RELU,1,186,0.08885835856199265,-96,0.0022494683507829905,0,-2654,-9346,0.00019988405983895063,0.00019988406528772922,True,-254784,-264130,True,0.07124809920787811,1542320823,39,1.0904360804185425e-10,1233856658,42,2.1514327409846172e-10,-94
5,16,LEAKY_RELU,1,187,0.08885835856199265,-96,0.0012268287828192115,0,-4158,-9823,0.0001090139921871014,0.0001090139918779225,True,-399168,-408991,True,0.07124809920787811,1682320693,40,2.1461277136826613e-10,1345856555,43,2.311999699002266e-10,-94
5,16,LEAKY_RELU,1,188,0.08885835856199265,-96,0.0006456100381910801,0,-2611,-6829,5.7367848057765514e-05,5.736784826480476e-05,True,-250656,-257485,True,0.07124809920787811,1770618920,41,1.2858872921090216e-10,1416495136,44,1.2858859455822423e-10,-94
5,16,LEAKY_RELU,1,189,0.08885835856199265,-96,0.0011877920478582382,0,-4392,-8501,0.00010554525215411559,0.00010554525168567086,True,-421632,-430133,True,0.07124809920787811,1628790561,40,5.132455136119209e-11,1303032449,43,1.0216356796685751e-10,-94
5,16,LEAKY_RELU,1,190,0.08885835856199265,-96,0.0009446367039345205,0,-7880,-35929,8.393886673729867e-05,8.393886694903251e-05,True,-756480,-792409,True,0.07124809920787811,1295357508,40,7.422047814406283e-11,2072572013,44,1.7071891153790793e-10,-94
5,16,LEAKY_RELU,1,191,0.08885835856199265,-96,0.001568929641507566,0,-3811,-8884,0.0001394125138176605,0.00013941251264361788,True,-365856,-374740,True,0.07124809920787811,1075717671,39,1.4988540500654338e-10,1721148274,43,8.251758204314007e-11,-94
5,16,LEAKY_RELU,1,192,0.08885835856199265,-96,0.0010312094818800688,0,-3558,-4821,9.16315839276649e-05,9.163158189342581e-05,True,-341568,-346389,True,0.07124809920787811,1414072668,40,2.6320176513733616e-10,1131258135,43,2.671811612672626e-10,-94
5,16,LEAKY_RELU,1,193,0.08885835856199265,-96,0.0022270064800977707,0,-4090,-9287,0.00019788813369814306,0.00019788814032840885,True,-392640,-401927,True,0.07124809920787811,1526920112,39,2.090887314575796e-10,1221536090,42,1.183678627483787e-10,-94
5,16,LEAKY_RELU,1,194,0.08885835856199265,-96,0.0010109690483659506,0,-2700,-5462,8.983304724097252e-05,8.983305019477812e-05,True,-259200,-264662,True,0.07124809920787811,1386317451,40,3.5148558035028085e-10,1109053960,43,3.698500548926314e-10,-94
5,16,LEAKY_RELU,1,195,0.08885835856199265,-96,0.0012384832371026278,0,-3487,-15278,0.00011004958651028574,0.00011004958755548265,True,-334752,-350030,True,0.07124809920787811,1698302165,40,1.0191647743162373e-10,1358641732,43,1.0191651252823139e-10,-94
5,16,LEAKY_RELU,1,196,0.08885835856199265,-96,0.0008080739644356072,0,-7583,-8480,7.180412649177015e-05,7.180412607643008e-05,True,-727968,-736448,True,0.07124809920787811,1108092320,40,4.457345946104792e-11,1772947712,44,4.457335188040016e-11,-94
5,16,LEAKY_RELU,1,197,0.08885835856199265,-96,0.0006985247600823641,0,-706,3531,6.206976104294881e-05,6.20697635958286e-05,True,-67776,-64245,True,0.07124809920787811,1915740281,41,1.2180647031185992e-10,1532592225,44,8.691292686116143e-12,-94
5,16,LEAKY_RELU,1,198,0.08885835856199265,-96,0.003168828319758177,0,-2083,-8754,0.00028157688211649656,0.00028157688305846876,True,-199968,-208722,True,0.07124809920787811,1086334444,38,2.568529229012307e-10,1738135111,42,8.834463755067755e-11,-94
5,16,LEAKY_RELU,1,199,0.08885835856199265,-96,0.0021677918266505003,0,-1956,-7899,0.00019262642308603972,0.00019262642342026716,True,-187776,-195675,True,0.07124809920787811,1486320300,39,5.0423164506144685e-11,1189056240,42,5.042304419968427e-11,-94
5,16,LEAKY_RELU,1,200,0.08885835856199265,-96,0.0007830826216377318,0,-2673,-32532,6.958343874430284e-05,6.958343637715079e-05,True,-256608,-289140,True,0.07124809920787811,1073822295,40,1.1113321160930183e-10,1718115672,44,1.1113318385580617e-10,-94
5,16,LEAKY_RELU,1,201,0.08885835856199265,-96,0.0008849418954923749,0,-5185,-21300,7.863448263378814e-05,7.863448425619087e-05,True,-497760,-519060,True,0.07124809920787811,1213499458,40,1.3370818523394607e-10,1941599133,44,3.07003352040995e-11,-94
5,16,LEAKY_RELU,1,202,0.08885835856199265,-96,0.0031824172474443913,0,-2564,-8279,0.000282784370938316,0.0002827843728672834,True,-246144,-254423,True,0.07124809920787811,1090992986,38,3.6797773168491963e-10,1745588778,42,1.3882876949256466e-10,-94
5,16,LEAKY_RELU,1,203,0.08885835856199265,-96,0.0010168907465413213,0,-4412,-6851,9.035924449563026e-05,9.035924257454111e-05,True,-423552,-430403,True,0.07124809920787811,1394437732,40,1.9119664387274775e-10,1115550186,43,1.673708618931149e-10,-94
5,16,LEAKY_RELU,1,204,0.08885835856199265,-96,0.001166570233181119,0,-5021,-20378,0.00010365951311541721,0.00010365951606775524,True,-482016,-502394,True,0.07124809920787811,1599689599,40,4.5911635922595056e-11,1279751679,43,1.1036879434443466e-10,-94
5,16,LEAKY_RELU,1,205,0.08885835856199265,-96,0.001057709800079465,0,-4072,-13331,9.3986360298004e-05,9.398635666999465e-05,True,-390912,-404243,True,0.07124809920787811,1450411915,40,1.2066471625572985e-11,1160329532,43,1.2066512720550323e-11,-94
5,16,LEAKY_RELU,1,206,0.08885835856199265,-96,0.0005972774815745652,0,-5407,-12475,5.307309766067192e-05,5.307309661875667e-05,True,-519072,-531547,True,0.07124809920787811,1638064384,41,2.683564903214377e-10,1310451507,44,1.1573726380123109e-10,-94
5,16,LEAKY_RELU,1,207,0.08885835856199265,-96,0.0010252956999465823,0,-3200,-17332,9.110609244089574e-05,9.110609293792264e-05,True,-307200,-324532,True,0.07124809920787811,1405963242,40,2.155370478753886e-11,1124770594,43,3.77181778889619e-10,-94
5,16,LEAKY_RELU,1,208,0.08885835856199265,-96,0.0010275430977344513,0,-6328,-12133,9.130579564953223e-05,9.130579301638853e-05,True,-607488,-619621,True,0.07124809920787811,1409045044,40,2.1462806840190298e-10,1127236035,43,3.920531982874902e-10,-94
5,16,LEAKY_RELU,1,209,0.08885835856199265,-96,0.0006999174947850406,0,-4613,-11290,6.219351780600846e-05,6.219351971542076e-05,True,-442848,-454138,True,0.07124809920787811,1919559928,41,9.674027099034293e-11,1535647943,44,2.939741581706651e-10,-94
5,16,LEAKY_RELU,1,210,0.08885835856199265,-96,0.0007416708976961672,0,-4957,-7369,6.590365956071764e-05,6.590365856248099e-05,True,-475872,-483241,True,0.07124809920787811,2034070795,41,4.7244853478134027e-11,1627256636,44,4.7244853478134027e-11,-94
5,16,LEAKY_RELU,1,211,0.08885835856199265,-96,0.0008498746319673955,0,-2723,-9824,7.551846647402272e-05,7.551846478010037e-05,True,-261408,-271232,True,0.07124809920787811,1165412566,40,2.051809722372382e-10,1864660106,44,9.335309326849877e-12,-94
5,16,LEAKY_RELU,1,212,0.08885835856199265,-96,0.001849702442996204,0,-3345,-1491,0.0001643615250941366,0.00016436152291275045,True,-321120,-322611,True,0.07124809920787811,1268226153,39,3.740722018857274e-10,2029161846,43,2.173049026932528e-10,-94
5,16,LEAKY_RELU,1,213,0.08885835856199265,-96,0.0027768940199166536,0,-2307,-5971,0.0002467502490617335,0.00024675024451040715,True,-221472,-227443,True,0.07124809920787811,1903943867,39,1.7961500179492731e-10,1523155093,42,2.1430426859322933e-10,-94
5,16,LEAKY_RELU,1,214,0.08885835856199265,-96,0.0010828605154529214,0,-334,-2692,9.622120705898851e-05,9.622120795473987e-05,True,-32064,-34756,True,0.07124809920787811,1484900484,40,1.2258651164200956e-10,1187920387,43,4.5775019607876003e-11,-94
5,16,LEAKY_RELU,1,215,0.08885835856199265,-96,0.002394019393250346,0,-2049,-7943,0.00021272862795740366,0.00021272863364980334,True,-196704,-204647,True,0.07124809920787811,1641430500,39,1.931857618572596e-10,1313144400,42,1.9318587079512464e-10,-94
5,16,LEAKY_RELU,1,216,0.08885835856199265,-96,0.0007311587687581778,0,-5926,-12751,6.496956484625116e-05,6.496956804005923e-05,True,-568896,-581647,True,0.07124809920787811,2005240738,41,9.410339474480368e-11,1604192590,44,1.5524328457462537e-10,-94
5,16,LEAKY_RELU,1,217,0.08885835856199265,-96,0.001702797133475542,0,-4708,-11502,0.00015130775864236057,0.00015130775824470297,True,-451968,-463470,True,0.07124809920787811,1167502301,39,1.7204924658823978e-10,1868003682,43,4.2083093658846114e-11,-94
5,16,LEAKY_RELU,1,218,0.08885835856199265,-96,0.0006983311614021659,0,-8143,-10775,6.205256067914888e-05,6.205256073488642e-05,True,-781728,-792503,True,0.07124809920787811,1915209327,41,8.34072563808078e-11,1532167461,44,3.0819484657958334e-10,-94
5,16,LEAKY_RELU,1,219,0.08885835856199265,-96,0.0007623942801728845,0,-4272,-14570,6.774510256946087e-05,6.774510431321445e-05,True,-410112,-424682,True,0.07124809920787811,2090905743,41,1.541793948963035e-10,1672724595,44,2.0451671753088702e-10,-94
5,16,LEAKY_RELU,1,220,0.08885835856199265,-96,0.0008870357414707541,0,-5352,-16835,7.882054342189804e-05,7.882053997291128e-05,True,-513792,-530627,True,0.07124809920787811,1216370699,40,3.2434528215365125e-10,1946193118,44,1.1881573470902315e-10,-94
5,16,LEAKY_RELU,1,221,0.08885835856199265,-96,0.0008245650096796453,0,-7085,-13781,7.326948980335146e-05,7.326949328778686e-05,True,-680160,-693941,True,0.07124809920787811,1130706092,40,1.6644698463452388e-10,1809129748,44,2.7575447182272754e-10,-94
5,16,LEAKY_RELU,1,222,0.08885835856199265,-96,0.0005020186654292047,0,-4689,-3137,4.460855416255072e-05,4.460855457752129e-05,True,-450144,-453281,True,0.07124809920787811,1376812154,41,2.6784587818721276e-10,1101449723,44,8.626687472288408e-11,-94
5,16,LEAKY_RELU,1,223,0.08885835856199265,-96,0.0012410826748237014,0,-5011,-9624,0.0001102805690607056,0.00011028056932456138,True,-481056,-490680,True,0.07124809920787811,1701866711,40,2.1606785897981296e-10,1361493369,43,6.91704436204448e-11,-94
5,16,LEAKY_RELU,1,224,0.08885835856199265,-96,0.0011981168063357472,0,-2423,3891,0.0001064626922016032,0.00010646269277653133,True,-232608,-228717,True,0.07124809920787811,1642948653,40,8.326249110612889e-11,1314358923,43,3.732337840290797e-10,-94
5,16,LEAKY_RELU,1,225,0.08885835856199265,-96,0.0006283294642344117,0,-3301,-7977,5.5832326324889436e-05,5.583232482800609e-05,True,-316896,-324873,True,0.07124809920787811,1723226052,41,1.773474250314925e-11,1378580842,44,3.0788816713592784e-10,-94
5,16,LEAKY_RELU,1,226,0.08885835856199265,-96,0.000652930757496506,0,-21,-42491,5.801835504826158e-05,5.8018355365777995e-05,True,-2016,-44507,True,0.07124809920787811,1790696371,41,4.726827333814744e-11,1432557097,44,9.234211802855768e-11,-94
5,16,LEAKY_RELU,1,227,0.08885835856199265,-96,0.0007292081136256456,0,-6968,-21506,6.479623698396608e-05,6.47962360268619e-05,True,-668928,-690434,True,0.07124809920787811,1999890965,41,1.1261647967465709e-10,1599912772,44,1.1261659889044595e-10,-94
5,16,LEAKY_RELU,1,228,0.08885835856199265,-96,0.001356449443846941,0,-5655,-10623,0.00012053186947014183,0.00012053187105256699,True,-542880,-553503,True,0.07124809920787811,1860066377,40,1.6479416824659806e-10,1488053101,43,2.3841728108773953e-10,-94
5,16,LEAKY_RELU,1,229,0.08885835856199265,-96,0.0011565240565687418,0,-3686,-13515,0.00010276682587573305,0.00010276682930415552,True,-353856,-367371,True,0.07124809920787811,1585913519,40,2.899577571229276e-10,1268730816,43,3.405935364473922e-10,-94
5,16,LEAKY_RELU,1,230,0.08885835856199265,-96,0.0006121025653555989,0,-12935,-13692,5.4390427976613864e-05,5.4390429229083347e-05,True,-1241760,-1255452,True,0.07124809920787811,1678722943,41,2.608199981937105e-10,1342978354,44,3.7025599636418856e-11,-94
5,16,LEAKY_RELU,1,231,0.08885835856199265,-96,0.0008815646870061755,0,-6614,-25082,7.833439303794876e-05,7.833439105358556e-05,True,-634944,-660026,True,0.07124809920787811,1208868374,40,2.536726447119125e-10,1934189398,44,4.6867590623877144e-11,-94
5,16,LEAKY_RELU,1,232,0.08885835856199265,-96,0.001698554726317525,0,-2734,-7300,0.00015093079127836972,0.00015093078490828991,True,-262464,-269764,True,0.07124809920787811,1164593546,39,5.1232026870430423e-11,1863349674,43,2.658991706727932e-10,-94
5,16,LEAKY_RELU,1,233,0.08885835856199265,-96,0.0019019350875169039,0,-1104,-3203,0.00016900282935239375,0.0001690028299682119,True,-105984,-109187,True,0.07124809920787811,1304038836,39,2.1207852867786118e-10,2086462137,43,7.548961693973747e-11,-94
5,16,LEAKY_RELU,1,234,0.08885835856199265,-96,0.001332514570094645,0,-3441,-11069,0.00011840505612781271,0.00011840505745854945,True,-330336,-341405,True,0.07124809920787811,1827245062,40,6.666617716700085e-11,1461796050,43,2.0696967603422005e-10,-94
5,16,LEAKY_RELU,1,235,0.08885835856199265,-96,0.0010664350120350718,0,319,-32703,9.476166451349854e-05,9.476166468247536e-05,True,30624,-2079,True,0.07124809920787811,1462376588,40,3.388982632215863e-10,1169901270,43,3.0110528097939232e-12,-94
5,16,LEAKY_RELU,1,236,0.08885835856199265,-96,0.0004175639187451452,0,-1374,-14721,3.710404416779056e-05,3.7104044414406874e-05,True,-131904,-146625,True,0.07124809920787811,1145190643,41,2.552590289303521e-11,1832305029,45,1.3467795662337952e-10,-94
5,16,LEAKY_RELU,1,237,0.08885835856199265,-96,0.001070067984983325,0,-2423,-5450,9.508448420092463e-05,9.508448469535725e-05,True,-232608,-238058,True,0.07124809920787811,1467358396,40,2.686506333383509e-10,1173886716,43,4.128461724858313e-10,-94
5,16,LEAKY_RELU,1,238,0.08885835856199265,-96,0.0014284232165664434,0,-1261,-8195,0.0001269273489015177,0.0001269273423559359,True,-121056,-129251,True,0.07124809920787811,1958762274,40,1.4004354843244247e-10,1567009819,43,1.2411838261499475e-11,-94
5,16,LEAKY_RELU,1,239,0.08885835856199265,-96,0.000756789289880544,0,536,-23334,6.72470559948124e-05,6.724705407608117e-05,True,51456,28122,True,0.07124809920787811,2075533768,41,2.1030657769620678e-10,1660427014,44,3.0595308755371915e-11,-94
5,16,LEAKY_RELU,1,240,0.08885835856199265,-96,0.0015189041150733829,0,-3794,-20924,0.00013496732572093606,0.0001349673264784768,True,-364224,-385148,True,0.07124809920787811,2082836546,40,2.0402780095140056e-10,1666269236,43,2.7608674348261927e-10,-94
5,16,LEAKY_RELU,1,241,0.08885835856199265,-96,0.0010824010241776705,0,-4906,-12096,9.618038166081533e-05,9.618037831424751e-05,True,-470976,-483072,True,0.07124809920787811,1484270395,40,3.202476915486099e-10,1187416316,43,3.2024773170614793e-10,-94
5,16,LEAKY_RELU,1,242,0.08885835856199265,-96,0.0009743653936311603,0,-7440,-9684,8.658051228849217e-05,8.658050951767474e-05,True,-714240,-723924,True,0.07124809920787811,1336123742,40,3.092209575795215e-10,2137797988,44,6.499583426665225e-11,-94
5,16,LEAKY_RELU,1,243,0.08885835856199265,-96,0.002415683586150408,0,-2166,-3087,0.00021465367171913385,0.00021465367827047319,True,-207936,-211023,True,0.07124809920787811,1656284293,39,1.9047468700402663e-10,1325027434,42,1.1140592698095845e-10,-94
5,16,LEAKY_RELU,1,244,0.08885835856199265,-96,0.0006448864587582648,0,-10089,748,5.7303550420328975e-05,5.7303552184115574e-05,True,-968544,-967796,True,0.07124809920787811,1768634466,41,1.3834236047101195e-10,1414907573,44,2.7969421492255036e-10,-94
5,16,LEAKY_RELU,1,245,0.08885835856199265,-96,0.002296590246260166,0,-2760,-7065,0.00020407124247867614,0.00020407123957216083,True,-264960,-272025,True,0.07124809920787811,1574629382,39,1.9832085608958495e-10,1259703505,42,2.7798181394574086e-10,-94
5,16,LEAKY_RELU,1,246,0.08885835856199265,-96,0.0006935715791769326,0,-5561,7216,6.162963109090924e-05,6.162963207091135e-05,True,-533856,-526640,True,0.07124809920787811,1902155926,41,2.2539137207016645e-10,1521724741,44,9.396158920019608e-11,-94
5,16,LEAKY_RELU,1,247,0.08885835856199265,-96,0.0009718043147586286,0,-3494,-12350,8.635293488623574e-05,8.635293625291378e-05,True,-335424,-347774,True,0.07124809920787811,1332611797,40,1.639491617388368e-10,2132178875,44,7.014833413933384e-11,-94
5,16,LEAKY_RELU,1,248,0.08885835856199265,-96,0.0006955210119485855,0,-10473,-5626,6.180285708978772e-05,6.180285546712738e-05,True,-1005408,-1011034,True,0.07124809920787811,1907502347,41,1.9560711096261927e-10,1526001877,44,1.9757720219235967e-10,-94
5,16,LEAKY_RELU,1,249,0.08885835856199265,-96,0.0008261395269073546,0,-4522,2481,7.34093991923146e-05,7.340940230416869e-05,True,-434112,-431631,True,0.07124809920787811,1132865190,40,3.066602465784857e-10,1812584303,44,2.450383095388841e-10,-94
5,16,LEAKY_RELU,1,250,0.08885835856199265,-96,0.0008615216356702149,0,-2911,-6998,7.655339868506417e-05,7.655339841129835e-05,True,-279456,-286454,True,0.07124809920787811,1181383821,40,2.1148748142005705e-10,1890214114,44,1.2865576914405847e-13,-94
5,16,LEAKY_RELU,1,251,0.08885835856199265,-96,0.0006791666382923722,0,-4667,-14227,6.034963371348567e-05,6.0349632668726776e-05,True,-448032,-462259,True,0.07124809920787811,1862649631,41,2.6714815719928473e-11,1490119705,44,1.0750246133207668e-10,-94
5,16,LEAKY_RELU,1,252,0.08885835856199265,-96,0.0007690712227486074,0,-5522,-15810,6.833840598119423e-05,6.833840647070587e-05,True,-530112,-545922,True,0.07124809920787811,2109217604,41,1.6201657422947642e-10,1687374083,44,4.34890984560079e-11,-94
5,16,LEAKY_RELU,1,253,0.08885835856199265,-96,0.0012019735295325518,0,-4859,-17940,0.00010680539708118886,0.00010680539486922734,True,-466464,-484404,True,0.07124809920787811,1648237285,40,2.7148133486699083e-10,1318589828,43,2.7148122637901033e-10,-94
5,16,LEAKY_RELU,1,254,0.08885835856199265,-96,0.0011583114974200726,0,-1698,-8180,0.00010292566003045067,0.00010292565836423143,True,-163008,-171188,True,0.07124809920787811,1588364594,40,3.199209150834176e-11,1270691675,43,1.254025772985906e-10,-94
5,16,LEAKY_RELU,1,255,0.08885835856199265,-96,0.0010074962629005313,0,-7152,-29286,8.952446660259739e-05,8.952446417868302e-05,True,-686592,-715878,True,0.07124809920787811,1381555304,40,2.609306212677831e-10,1105244243,43,7.997510038052263e-11,-94
5,16,LEAKY_RELU,1,256,0.08885835856199265,-96,0.0010290589416399598,0,-2560,-15670,9.144048817688599e-05,9.144048841766821e-05,True,-245760,-261430,True,0.07124809920787811,1411123684,40,3.23497544293166e-10,1128898948,43,3.8515755873925e-10,-94
5,16,LEAKY_RELU,1,257,0.08885835856199265,-96,0.001612527179531753,0,-5,-5780,0.00014328652468975633,0.0001432865183097912,True,-480,-6260,True,0.07124809920787811,1105609797,39,1.178190519020146e-10,1768975675,43,4.759272263749157e-12,-94
5,16,LEAKY_RELU,1,258,0.08885835856199265,-96,0.0018159964820370078,0,-2300,-8905,0.00016136646445374936,0.00016136646654816168,True,-220800,-229705,True,0.07124809920787811,1245116068,39,1.491141429329076e-10,1992185709,43,4.8721895821242544e-11,-94
5,16,LEAKY_RELU,1,259,0.08885835856199265,-96,0.000755955174099654,0,-6400,-17986,6.717293581459671e-05,6.717293591694063e-05,True,-614400,-632386,True,0.07124809920787811,2073246162,41,5.058324157874666e-11,1658596930,44,2.917509375280575e-10,-94
5,16,LEAKY_RELU,1,260,0.08885835856199265,-96,0.0008160973084159195,0,-5185,-27241,7.251706847455353e-05,7.251706725269888e-05,True,-497760,-525001,True,0.07124809920787811,1119094538,40,1.236861802276998e-10,1790551261,44,2.353835714366773e-10,-94
5,16,LEAKY_RELU,1,261,0.08885835856199265,-96,0.0014071232872083783,0,-4128,-5724,0.00012503466859925538,0.00012503466559569184,True,-396288,-402012,True,0.07124809920787811,1929554195,40,1.0758473669556912e-10,1543643356,43,1.0758467491482729e-10,-94
5,16,LEAKY_RELU,1,262,0.08885835856199265,-96,0.0017588718328624964,0,-5406,-8019,0.00015629046538379043,0.0001562904639890849,True,-518976,-526995,True,0.07124809920787811,1205949242,39,4.9915801391467665e-12,1929518787,43,9.866120693281853e-11,-94
5,16,LEAKY_RELU,1,263,0.08885835856199265,-96,0.0025849035009741783,0,-2679,-7864,0.00022969028213992715,0.00022969028213771364,True,-257184,-265048,True,0.07124809920787811,1772307885,39,1.4731130101549116e-10,1417846308,42,1.4731123375331252e-10,-94
5,16,LEAKY_RELU,1,264,0.08885835856199265,-96,0.0010355039266869426,0,-6841,-9930,9.201317880069837e-05,9.201317920989969e-05,True,-656736,-666666,True,0.07124809920787811,1419961537,40,9.514199997103237e-11,1135969229,43,4.330413628407177e-10,-94
5,16,LEAKY_RELU,1,265,0.08885835856199265,-96,0.0009566888911649585,0,-4771,-6508,8.500980766257271e-05,8.500980452341104e-05,True,-458016,-464524,True,0.07124809920787811,1311884381,40,2.3217764428053474e-10,2099015010,44,4.1612093108206855e-11,-94
5,16,LEAKY_RELU,1,266,0.08885835856199265,-96,0.00096031284192577,0,-6735,-1107,8.533181971870363e-05,8.533182283952624e-05,True,-646560,-647667,True,0.07124809920787811,1316853817,40,3.782830166152732e-10,2106966108,44,1.40982670093835e-12,-94
5,16,LEAKY_RELU,1,267,0.08885835856199265,-96,0.0010555027984082699,0,-5712,-17671,9.37902441364713e-05,9.379024612414869e-05,True,-548352,-566023,True,0.07124809920787811,1447385507,40,9.02467998161343e-11,1157908405,43,4.2792890143308726e-10,-94
5,16,LEAKY_RELU,1,268,0.08885835856199265,-96,0.0010433775605633855,0,-4609,-5348,9.271282033296302e-05,9.27128173920785e-05,True,-442464,-447812,True,0.07124809920787811,1430758461,40,5.273489500669517e-11,1144606769,43,2.2746739306821369e-10,-94
5,16,LEAKY_RELU,1,269,0.08885835856199265,-96,0.002174345077946782,0,-3087,-4091,0.00019320873252581805,0.000193208734573699,True,-296352,-300443,True,0.07124809920787811,1490813458,39,2.8422187105997517e-10,1192650766,42,5.116545580802937e-11,-94
5,16,LEAKY_RELU,1,270,0.08885835856199265,-96,0.003214917378500104,0,-1459,-6487,0.00028567228582687676,0.00028567228116594366,True,-140064,-146551,True,0.07124809920787811,1102134648,38,2.843854198843106e-10,1763415436,42,1.6927976545290087e-10,-94
5,16,LEAKY_RELU,1,271,0.08885835856199265,-96,0.001135698752477765,0,-3798,-13986,0.00010091632429976016,0.00010091632696607698,True,-364608,-378594,True,0.07124809920787811,1557356283,40,1.9421601521408823e-10,1245885026,43,1.2684101224264202e-10,-94
5,16,LEAKY_RELU,1,272,0.08885835856199265,-96,0.0020293532870709896,0,-2034,-8790,0.0001803250052034855,0.0001803250020315124,True,-195264,-204054,True,0.07124809920787811,1391401586,39,1.902702836000601e-10,1113121269,42,1.0595298266906112e-11,-94
5,16,LEAKY_RELU,1,273,0.08885835856199265,-96,0.0007507955306209624,0,-8293,-10855,6.671445589745417e-05,6.6714458466659e-05,True,-796128,-806983,True,0.07124809920787811,2059095573,41,9.45113843519237e-11,1647276458,44,1.4831373062225398e-10,-94
5,16,LEAKY_RELU,1,274,0.08885835856199265,-96,0.0007014468428678811,0,-5634,-13474,6.232941814232618e-05,6.232941507573189e-05,True,-540864,-554338,True,0.07124809920787811,1923754244,41,2.0719758857379792e-10,1539003396,44,3.1261920429001204e-10,-94
5,16,LEAKY_RELU,1,275,0.08885835856199265,-96,0.0011218716390430927,0,-5109,-13833,9.968766971724108e-05,9.968767236262152e-05,True,-490464,-504297,True,0.07124809920787811,1538395496,40,1.0340785235736143e-10,1230716397,43,2.6591482840863036e-10,-94
5,16,LEAKY_RELU,1,276,0.08885835856199265,-96,0.0010364020708948374,0,-5549,-8380,9.209298877976835e-05,9.209298682996518e-05,True,-532704,-541084,True,0.07124809920787811,1421193140,40,2.359625572157704e-10,1136954512,43,2.3596268303535764e-10,-94
5,16,LEAKY_RELU,1,277,0.08885835856199265,-96,0.0005225740605965257,0,-5687,-16098,4.6435074182227254e-05,4.643507325168255e-05,True,-545952,-562050,True,0.07124809920787811,1433186388,41,1.8547651081125568e-11,1146549110,44,3.303254494518444e-10,-94
5,16,LEAKY_RELU,1,278,0.08885835856199265,-96,0.0007126629934646189,0,-5548,-13796,6.33260642644018e-05,6.332606380714213e-05,True,-532608,-546404,True,0.07124809920787811,1954515117,41,2.524989972616278e-10,1563612094,44,3.318865857238523e-12,-94
5,16,LEAKY_RELU,1,279,0.08885835856199265,-96,0.0007966056582517922,0,-7797,-20915,7.078507042024285e-05,7.078507121344993e-05,True,-748512,-769427,True,0.07124809920787811,1092366109,40,4.2677398532807574e-10,1747785774,44,1.9791290344910587e-10,-94
5,16,LEAKY_RELU,1,280,0.08885835856199265,-96,0.0007321371231228113,0,-6107,-2969,6.505650526378304e-05,6.505650300299252e-05,True,-586272,-589241,True,0.07124809920787811,2007923925,41,1.2719816259971512e-10,1606339140,44,1.271982516538531e-10,-94
5,16,LEAKY_RELU,1,281,0.08885835856199265,-96,0.001544460072182119,0,-3145,-11904,0.00013723818119615316,0.00013723818687863976,True,-301920,-313824,True,0.07124809920787811,2117880813,40,1.7976387875618873e-10,1694304650,43,5.63212568353467e-11,-94
5,16,LEAKY_RELU,1,282,0.08885835856199265,-96,0.0005566136096604168,0,-4758,-6820,4.945977343595587e-05,4.945977170769033e-05,True,-456768,-463588,True,0.07124809920787811,1526541612,41,1.5838339989759393e-10,1221233289,44,3.329231813436011e-10,-94
5,16,LEAKY_RELU,1,283,0.08885835856199265,-96,0.0015290086157619953,0,-3540,-14531,0.00013586519344244152,0.00013586519582375542,True,-339840,-354371,True,0.07124809920787811,2096692603,40,2.0961975969714567e-10,1677354083,43,1.4808638184965638e-10,-94
5,16,LEAKY_RELU,1,284,0.08885835856199265,-96,0.0010174245107918978,0,-4505,-4735,9.040666918735951e-05,9.040667198970641e-05,True,-432480,-437215,True,0.07124809920787811,1395169670,40,2.1357895341689746e-10,1116135736,43,2.1357891069474975e-10,-94
5,16,LEAKY_RELU,1,285,0.08885835856199265,-96,0.0013431455008685589,0,-2728,-7812,0.00011934970098081976,0.00011934970451710561,True,-261888,-269700,True,0.07124809920787811,1841823001,40,7.934664877668356e-11,1473458401,43,2.1508163583579145e-10,-94
5,16,LEAKY_RELU,1,286,0.08885835856199265,-96,0.0005239524762146175,0,1102,-21408,4.655755765270442e-05,4.6557557000922404e-05,True,105792,84384,True,0.07124809920787811,1436966764,41,6.661987286591071e-11,1149573411,44,2.4059741127660445e-10,-94
5,16,LEAKY_RELU,1,287,0.08885835856199265,-96,0.000956610485445708,0,-4740,-6895,8.500283729517832e-05,8.500283751989657e-05,True,-455040,-461935,True,0.07124809920787811,1311776865,40,3.3126953775547514e-10,2098842985,44,1.451833539363348e-10,-94
5,16,LEAKY_RELU,1,288,0.08885835856199265,-96,0.0008889480959624052,0,-3885,-14870,7.899046613601968e-05,7.899046865402805e-05,True,-372960,-387830,True,0.07124809920787811,1218993064,40,1.2656362881482042e-10,1950388903,44,1.8106725245947326e-10,-94
5,16,LEAKY_RELU,1,289,0.08885835856199265,-96,0.002498962450772524,0,-2406,-7014,0.00022205369896255434,0.00022205370148370082,True,-230976,-237990,True,0.07124809920787811,1713383441,39,4.188854820772295e-12,1370706753,42,1.4172120524363053e-10,-94
5,16,LEAKY_RELU,1,290,0.08885835856199265,-96,0.0008599175489507616,0,-4534,-16887,7.641086267540231e-05,7.641086189841663e-05,True,-435264,-452151,True,0.07124809920787811,1179184176,40,1.227500131113042e-10,1886694681,44,1.952664661448008e-10,-94
5,16,LEAKY_RELU,1,291,0.08885835856199265,-96,0.0016418789746239781,0,-2285,-10876,0.00014589466445613652,0.00014589467064253427,True,-219360,-230236,True,0.07124809920787811,1125734501,39,9.938151748872217e-11,1801175201,43,2.337344338421126e-10,-94
5,16,LEAKY_RELU,1,292,0.08885835856199265,-96,0.0022863654885441065,0,-3084,-8907,0.00020316267909947783,0.0002031626843848177,True,-296064,-304971,True,0.07124809920787811,1567618900,39,1.520668169529739e-11,1254095120,42,1.520668169529739e-11,-94
5,16,LEAKY_RELU,1,293,0.08885835856199265,-96,0.0009625530801713467,0,-3957,-17721,8.553088991902769e-05,8.553088673281597e-05,True,-379872,-397593,True,0.07124809920787811,1319925802,40,9.345901468218661e-11,2111881283,44,1.8816133022237485e-10,-94
5,16,LEAKY_RELU,1,294,0.08885835856199265,-96,0.001409373595379293,0,-3561,-6601,0.00012523462646640837,0.00012523462428601796,True,-341856,-348457,True,0.07124809920787811,1932639988,40,3.267337751511067e-11,1546111990,43,2.9138684877112574e-10,-94
5,16,LEAKY_RELU,1,295,0.08885835856199265,-96,0.0014428829308599234,0,-3129,-12965,0.00012821221025660634,0.0001282122088333299,True,-300384,-313349,True,0.07124809920787811,1978590531,40,6.643374028033541e-11,1582872425,43,1.9278622063731033e-10,-94
5,16,LEAKY_RELU,1,296,0.08885835856199265,-96,0.0010183749254792929,0,-1717,-16633,9.049112122738734e-05,9.049112427878155e-05,True,-164832,-181465,True,0.07124809920787811,1396472951,40,1.082559118147088e-11,1117178361,43,1.6819676697375273e-10,-94
5,16,LEAKY_RELU,1,297,0.08885835856199265,-96,0.00073429656913504,0,-2485,1199,6.524838681798428e-05,6.524838783104241e-05,True,-238560,-237361,True,0.07124809920787811,2013846318,41,1.8500953296019454e-10,1611077054,44,6.327157748177154e-11,-94
5,16,LEAKY_RELU,1,298,0.08885835856199265,-96,0.002826946321874857,0,-1978,-7242,0.00025119780912064016,0.0002511978099046623,True,-189888,-197130,True,0.07124809920787811,1938261623,39,1.7881501462863218e-10,1550609299,42,2.08129591691213e-10,-94
5,16,LEAKY_RELU,1,299,0.08885835856199265,-96,0.0017873523756861687,0,-1146,-8815,0.00015882120351307094,0.00015882119827535096,True,-110016,-118831,True,0.07124809920787811,1225476582,39,3.3518090468571756e-10,1960762532,43,7.282362773578369e-11,-94
5,16,LEAKY_RELU,1,300,0.08885835856199265,-96,0.0012028220808133483,0,-4023,-8535,0.00010688079782994464,0.0001068807957431946,True,-386208,-394743,True,0.07124809920787811,1649400882,40,2.6631459567558806e-10,1319520706,43,3.682574195774538e-11,-94
5,16,LEAKY_RELU,1,301,0.08885835856199265,-96,0.0006603329675272107,0,-3417,-15134,5.867610525456257e-05,5.8676103598837535e-05,True,-328032,-343166,True,0.07124809920787811,1810997315,41,4.106598259609385e-11,1448797852,44,4.1065883858269745e-11,-94
5,16,LEAKY_RELU,1,302,0.08885835856199265,-96,0.00085025979205966,0,-8237,-3982,7.555269257863984e-05,7.555268947368257e-05,True,-790752,-794734,True,0.07124809920787811,1165940727,40,2.092362304959575e-11,1865505163,44,8.628594353295614e-11,-94
5,16,LEAKY_RELU,1,303,0.08885835856199265,-96,0.0007801345200277865,0,954,-21252,6.932147516636178e-05,6.932147290721708e-05,True,91584,70332,True,0.07124809920787811,2139559269,41,1.7553773909904554e-10,1711647415,44,5.869118902893667e-11,-94
5,16,LEAKY_RELU,1,304,0.08885835856199265,-96,0.0008056177175603807,0,-4533,-2910,7.158586959121749e-05,7.158586801087443e-05,True,-435168,-438078,True,0.07124809920787811,1104724128,40,8.494806347410292e-11,1767558605,44,1.9809843037364232e-10,-94
5,16,LEAKY_RELU,1,305,0.08885835856199265,-96,0.0009313251357525587,0,-3561,-13516,8.275602158391848e-05,8.275602285049734e-05,True,-341856,-355372,True,0.07124809920787811,1277103676,40,1.5139526863308224e-10,2043365881,44,1.4223794745470703e-10,-94
5,16,LEAKY_RELU,1,306,0.08885835856199265,-96,0.0011874984484165907,0,-3395,-12311,0.00010551916057011113,0.00010551916292121134,True,-325920,-338231,True,0.07124809920787811,1628387955,40,1.5780325635652594e-10,1302710364,43,1.5780340277039391e-10,-94
5,16,LEAKY_RELU,1,307,0.08885835856199265,-96,0.0009052979294210672,0,-6070,-15784,8.044328569667414e-05,8.04432880179267e-05,True,-582720,-598504,True,0.07124809920787811,1241413196,40,6.407291963101362e-11,1986261114,44,1.3731044812050767e-10,-94
5,16,LEAKY_RELU,1,308,0.08885835856199265,-96,0.000826212577521801,0,-4409,-15291,7.341589662246406e-05,7.341589346186034e-05,True,-423264,-438555,True,0.07124809920787811,1132965362,40,1.7360791251264688e-10,1812744580,44,2.6771181965306927e-10,-94
5,16,LEAKY_RELU,1,309,0.08885835856199265,-96,0.0015055486001074314,0,-990,-8768,0.00013378057337831706,0.00013378057734085222,True,-95040,-103808,True,0.07124809920787811,2064522450,40,1.5202532726582924e-10,1651617960,43,1.5202541387856347e-10,-94
5,16,LEAKY_RELU,1,310,0.08885835856199265,-96,0.00342337298206985,0,-1621,-5930,0.0003041953023057431,0.00030419530393220075,True,-155616,-161546,True,0.07124809920787811,1173597182,38,7.3489209267233e-11,1877755491,42,3.3020955999599194e-11,-94
5,16,LEAKY_RELU,1,311,0.08885835856199265,-96,0.0007203519344329834,0,-3129,-21613,6.400929123628885e-05,6.400929048067105e-05,True,-300384,-321997,True,0.07124809920787811,1975602436,41,1.2130586219772467e-10,1580481949,44,2.4784954096363124e-10,-94
5,16,LEAKY_RELU,1,312,0.08885835856199265,-96,0.0009781054686754942,0,-4349,-4630,8.691284892847762e-05,8.691284644701293e-05,True,-417504,-422134,True,0.07124809920787811,1341252417,40,2.4888810584021807e-11,2146003867,44,1.1808530977751498e-10,-94
5,16,LEAKY_RELU,1,313,0.08885835856199265,-96,0.001131061464548111,0,-6629,-7539,0.00010050426499219611,0.00010050426517246858,True,-636384,-643923,True,0.07124809920787811,1550997282,40,1.8889210035451948e-10,1240797825,43,2.946678566226349e-10,-94
5,16,LEAKY_RELU,1,314,0.08885835856199265,-96,0.0008349479758180678,0,-6771,-12901,7.419210305670276e-05,7.419210661585183e-05,True,-650016,-662917,True,0.07124809920787811,1144944003,40,1.43037320214366e-12,1831910405,44,1.0774521972436597e-10,-94
5,16,LEAKY_RELU,1,315,0.08885835856199265,-96,0.0009336944203823805,0,-3565,-17431,8.296655141748488e-05,8.296655359366946e-05,True,-342240,-359671,True,0.07124809920787811,1280352619,40,2.942066400142556e-10,2048564190,44,9.894788397448959e-11,-94
5,16,LEAKY_RELU,1,316,0.08885835856199265,-96,0.0007487708935514092,0,-5050,-6513,6.653455056948587e-05,6.653455253997475e-05,True,-484800,-491313,True,0.07124809920787811,2053542901,41,3.370194191161586e-11,1642834321,44,1.55442676460064e-10,-94
5,16,LEAKY_RELU,1,317,0.08885835856199265,-96,0.0007763627218082547,0,-7980,-12859,6.898631545482203e-05,6.898631710860244e-05,True,-766080,-778939,True,0.07124809920787811,2129214917,41,3.0377776441722556e-11,1703371934,44,2.6520605836564603e-10,-94
5,16,LEAKY_RELU,1,318,0.08885835856199265,-96,0.0007224702858366072,0,-6765,-11899,6.419752025976777e-05,6.419752370925456e-05,True,-649440,-661339,True,0.07124809920787811,1981412124,41,2.1655720390512905e-11,1585129699,44,1.4782848141534912e-10,-94
5,16,LEAKY_RELU,1,319,0.08885835856199265,-96,0.0012549980310723186,0,-4019,-12380,0.00011151706712553278,0.00011151706503961887,True,-385824,-398204,True,0.07124809920787811,1720948503,40,2.7011596802172884e-10,1376758803,43,1.656901119836057e-10,-94
5,16,LEAKY_RELU,1,320,0.08885835856199265,-96,0.0014717151643708348,0,-2659,-14045,0.00013077419134788215,0.00013077419377678558,True,-255264,-269309,True,0.07124809920787811,2018127477,40,1.7270728282228627e-10,1614501981,43,1.989244339503132e-10,-94
5,16,LEAKY_RELU,1,321,0.08885835856199265,-96,0.0025177127681672573,0,-3250,-2113,0.0002237198204966262,0.0002237198239099132,True,-312000,-314113,True,0.07124809920787811,1726239370,39,1.1245208422828741e-10,1380991496,42,1.1245208422828741e-10,-94
5,16,LEAKY_RELU,1,322,0.08885835856199265,-96,0.0008469245512969792,0,-1365,-12453,7.525632827309892e-05,7.525632545410171e-05,True,-131040,-143493,True,0.07124809920787811,1161367192,40,1.43948411040415e-10,1858187507,44,3.6316543971723844e-11,-94
5,16,LEAKY_RELU,1,323,0.08885835856199265,-96,0.0012855639215558767,0,-6252,-2091,0.00011423310206737369,0.00011423309989597348,True,-600192,-602283,True,0.07124809920787811,1762862771,40,1.14946176114418e-10,1410290217,43,2.686847087076379e-11,-94
5,16,LEAKY_RELU,1,324,0.08885835856199265,-96,0.0013159081572666764,0,-3520,-5693,0.00011692944099195302,0.00011692943887305334,True,-337920,-343613,True,0.07124809920787811,1804473089,40,5.62118664476614e-11,1443578471,43,1.9475649818231166e-10,-94
5,16,LEAKY_RELU,1,325,0.08885835856199265,-96,0.0005185139598324895,0,-8806,-1024,4.6074299461906776e-05,4.6074299362194e-05,True,-845376,-846400,True,0.07124809920787811,1422051352,41,2.493515117881528e-10,1137641081,44,2.7805568651132405e-10,-94
5,16,LEAKY_RELU,1,326,0.08885835856199265,-96,0.0006820391281507909,0,-3810,-16269,6.0604877944570035e-05,6.060487740253183e-05,True,-365760,-382029,True,0.07124809920787811,1870527583,41,2.542877326032433e-11,1496422066,44,2.9273303786003307e-10,-94
5,16,LEAKY_RELU,1,327,0.08885835856199265,-96,0.0008782182703725994,0,-3671,-21938,7.80370319262147e-05,7.803703396446144e-05,True,-352416,-374354,True,0.07124809920787811,1204279513,40,2.8946503484498707e-10,1926847221,44,1.8566855835249485e-10,-94
5,16,LEAKY_RELU,1,328,0.08885835856199265,-96,0.0003949046367779374,0,-1755,-22046,3.5090579331154004e-05,3.509057781260743e-05,True,-168480,-190526,True,0.07124809920787811,1083046390,41,2.4916117860339314e-10,1732874224,45,2.491612336376422e-10,-94
5,16,LEAKY_RELU,1,329,0.08885835856199265,-96,0.0006427349289879203,0,-4069,2706,5.71123709960375e-05,5.71123707803255e-05,True,-390624,-387918,True,0.07124809920787811,1762733784,41,4.884017906451616e-11,1410187027,44,1.906654399580943e-10,-94
5,16,LEAKY_RELU,1,330,0.08885835856199265,-96,0.0011433742474764585,0,-5409,-22568,0.00010159835801459849,0.00010159835885281167,True,-519264,-541832,True,0.07124809920787811,1567881504,40,1.930379961402253e-10,1254305203,43,3.358717067257599e-11,-94
5,16,LEAKY_RELU,1,331,0.08885835856199265,-96,0.0010780937736853957,0,-5862,-16271,9.579764446243644e-05,9.579764310558864e-05,True,-562752,-579023,True,0.07124809920787811,1478363966,40,6.446441385836351e-11,1182691173,43,2.3357030751537985e-10,-94
5,16,LEAKY_RELU,1,332,0.08885835856199265,-96,0.000790533609688282,0,-7942,-12561,7.024552178336307e-05,7.02455189449877e-05,True,-762432,-774993,True,0.07124809920787811,1084039655,40,7.173717425074432e-11,1734463448,44,7.173711926692108e-11,-94
5,16,LEAKY_RELU,1,333,0.08885835856199265,-96,0.0005195729900151491,0,-6186,-8717,4.616840305970982e-05,4.6168403045892745e-05,True,-593856,-602573,True,0.07124809920787811,1424955797,41,2.1552336148805894e-10,1139964637,44,3.1080875473662597e-10,-94
5,16,LEAKY_RELU,1,334,0.08885835856199265,-96,0.0013191795442253351,0,-5427,-14097,0.00011722013005055487,0.00011722012894842086,True,-520992,-535089,True,0.07124809920787811,1808959063,40,3.550922455521706e-11,1447167250,43,3.119113441047488e-10,-94
5,16,LEAKY_RELU,1,335,0.08885835856199265,-96,0.0006961849867366254,0,-1904,1733,6.186185783008114e-05,6.186185517691916e-05,True,-182784,-181051,True,0.07124809920787811,1909323332,41,9.274985006046912e-11,1527458665,44,3.0005950134916797e-10,-94
5,16,LEAKY_RELU,1,336,0.08885835856199265,-96,0.0010669861221686006,0,-2810,-9743,9.481063898419961e-05,9.48106354243276e-05,True,-269760,-279503,True,0.07124809920787811,1463132312,40,3.237433145255255e-10,1170505849,43,1.8885569849985415e-10,-94
5,16,LEAKY_RELU,1,337,0.08885835856199265,-96,0.0030150776728987694,0,-2428,-9635,0.0002679148456081748,0.0002679148529506972,True,-233088,-242723,True,0.07124809920787811,2067251613,39,1.7601153529539657e-10,1653801291,42,1.8678894624361664e-10,-94
5,16,LEAKY_RELU,1,338,0.08885835856199265,-96,0.0007256125099956989,0,-4626,-17315,6.447673513321206e-05,6.447673659026529e-05,True,-444096,-461411,True,0.07124809920787811,1990029836,41,1.560700561525988e-10,1592023869,44,3.044388883364399e-11,-94
5,16,LEAKY_RELU,1,339,0.08885835856199265,-96,0.0016227070009335876,0,-2743,-8045,0.00014419108629226685,0.00014419108053001246,True,-263328,-271373,True,0.07124809920787811,1112589469,39,4.135907198163125e-10,1780143150,43,1.8888960905075224e-10,-94
5,16,LEAKY_RELU,1,340,0.08885835856199265,-96,0.0006844107410870492,0,-4915,-3012,6.0815615142928436e-05,6.0815615035192134e-05,True,-471840,-474852,True,0.07124809920787811,1877031854,41,9.680328644628109e-11,1501625483,44,2.2999238404043063e-10,-94
5,16,LEAKY_RELU,1,341,0.08885835856199265,-96,0.0009932488901540637,0,-4560,-1720,8.82584645296447e-05,8.825846602261104e-05,True,-437760,-439480,True,0.07124809920787811,1362018225,40,2.452133782379011e-10,1089614580,43,2.452133782379011e-10,-94
5,16,LEAKY_RELU,1,342,0.08885835856199265,-96,0.0007550151203759015,0,-4723,-21439,6.708940782118589e-05,6.708940428608789e-05,True,-453408,-474847,True,0.07124809920787811,2070668016,41,2.921988191527992e-11,1656534413,44,1.4995375120624493e-10,-94
5,16,LEAKY_RELU,1,343,0.08885835856199265,-96,0.0005274987197481096,0,-10035,-6791,4.687267210101709e-05,4.687267038036959e-05,True,-963360,-970151,True,0.07124809920787811,1446692520,41,2.716585032604599e-10,1157354016,44,2.71658626862353e-10,-94
5,16,LEAKY_RELU,1,344,0.08885835856199265,-96,0.0008891382021829486,0,-5881,-10864,7.900736090959981e-05,7.900736118073796e-05,True,-564576,-575440,True,0.07124809920787811,1219253752,40,1.8471306465692067e-10,1950806004,44,2.253737933763845e-10,-94
5,16,LEAKY_RELU,1,345,0.08885835856199265,-96,0.000634181487839669,0,-2727,-9921,5.63523244636599e-05,5.6352326039835286e-05,True,-261792,-271713,True,0.07124809920787811,1739275529,41,2.099712729763338e-10,1391420423,44,3.537093495423479e-10,-94
5,16,LEAKY_RELU,1,346,0.08885835856199265,-96,0.0010541646042838693,0,-4859,-8397,9.36713331611827e-05,9.367133639081714e-05,True,-466464,-474861,True,0.07124809920787811,1445550474,40,2.9639581750890585e-10,1156440379,43,1.2345132019064826e-10,-94
5,16,LEAKY_RELU,1,347,0.08885835856199265,-96,0.0009248972637578845,0,-4649,-34783,8.218485163524747e-05,8.218485269600399e-05,True,-446304,-481087,True,0.07124809920787811,1268289290,40,8.969167255719075e-11,2029262864,44,8.969169605523855e-11,-94
5,16,LEAKY_RELU,1,348,0.08885835856199265,-96,0.0007163782720454037,0,-3234,-3672,6.365619628923014e-05,6.36561973634312e-05,True,-310464,-314136,True,0.07124809920787811,1964704461,41,7.647021622861446e-11,1571763569,44,5.0775324123214007e-11,-94
5,16,LEAKY_RELU,1,349,0.08885835856199265,-96,0.0006270509911701083,0,-7805,-10978,5.5718723160680383e-05,5.571872181004637e-05,True,-749280,-760258,True,0.07124809920787811,1719719773,41,2.731710080463197e-10,1375775819,44,1.6294648758349428e-10,-94
5,16,LEAKY_RELU,1,350,0.08885835856199265,-96,0.0015375202056020498,0,-2370,-7534,0.00013662151468452066,0.0001366215217256956,True,-227520,-235054,True,0.07124809920787811,2108364341,40,5.281133217116676e-11,1686691473,43,6.57639707404624e-11,-94
5,16,LEAKY_RELU,1,351,0.08885835856199265,-96,0.0010284053860232234,0,-6095,-19271,9.138241148320958e-05,9.138241453833604e-05,True,-585120,-604391,True,0.07124809920787811,1410227479,40,2.9538610587738807e-10,1128181984,43,4.137192656931827e-10,-94
5,16,LEAKY_RELU,1,352,0.08885835856199265,-96,0.001831633853726089,0,-2006,-8285,0.00016275598318316042,0.0001627559777286772,True,-192576,-200861,True,0.07124809920787811,1255837643,39,2.672706447870188e-10,2009340229,43,1.6773555658802295e-10,-94
5,16,LEAKY_RELU,1,353,0.08885835856199265,-96,0.0005324300145730376,0,-7570,4593,4.731085573439486e-05,4.731085714409795e-05,True,-726720,-722127,True,0.07124809920787811,1460216851,41,3.3551778414397436e-10,1168173481,44,1.6431029578390115e-10,-94
5,16,LEAKY_RELU,1,354,0.08885835856199265,-96,0.0011341575300320983,0,-3385,-6907,0.000100779376225546,0.00010077937646937613,True,-324960,-331867,True,0.07124809920787811,1555242842,40,2.8034275467536165e-10,1244194273,43,2.0189712398890334e-10,-94
5,16,LEAKY_RELU,1,355,0.08885835856199265,-96,0.0005880683311261237,0,-3903,-17851,5.225478525971994e-05,5.225478662615772e-05,True,-374688,-392539,True,0.07124809920787811,1612807812,41,1.0627166942181909e-10,1290246250,44,2.0374652233547942e-10,-94
5,16,LEAKY_RELU,1,356,0.08885835856199265,-96,0.0007609599852003157,0,-4319,-7502,6.761765689589083e-05,6.761765521625827e-05,True,-414624,-422126,True,0.07124809920787811,2086972115,41,8.644485454969751e-11,1669577692,44,8.644488311004306e-11,-94
5,16,LEAKY_RELU,1,357,0.08885835856199265,-96,0.0005612956010736525,0,2597,-22078,4.987580541637726e-05,4.98758057794718e-05,True,249312,227234,True,0.07124809920787811,1539382215,41,2.3058552057820902e-10,1231505772,44,2.305855980179042e-10,-94
5,16,LEAKY_RELU,1,358,0.08885835856199265,-96,0.000537679938133806,0,-3533,-2781,4.777735739480704e-05,4.7777356734283755e-05,True,-339168,-341949,True,0.07124809920787811,1474615038,41,2.5357026993127726e-10,1179692031,44,2.5503704823837663e-10,-94
5,16,LEAKY_RELU,1,359,0.08885835856199265,-96,0.0009249746217392385,0,-4341,-15615,8.219172741519287e-05,8.219172659924877e-05,True,-416736,-432351,True,0.07124809920787811,1268395369,40,1.9403177806880618e-10,2029432591,44,1.0161726786991999e-10,-94
5,16,LEAKY_RELU,1,360,0.08885835856199265,-96,0.0013368598883971572,0,-5398,-10959,0.0001187911766464822,0.00011879117531034006,True,-518208,-529167,True,0.07124809920787811,1833203692,40,1.1508680416568151e-10,1466562954,43,1.576596903537977e-10,-94
5,16,LEAKY_RELU,1,361,0.08885835856199265,-96,0.004560497589409351,0,-1815,-6905,0.00040523833013139665,0.00040523833002083925,True,-174240,-181145,True,0.07124809920787811,1563425063,38,2.07349469800473e-10,1250740050,41,1.124612657096333e-10,-94
5,16,LEAKY_RELU,1,362,0.08885835856199265,-96,0.0009850349742919207,0,-4436,-3306,8.752859139349312e-05,8.75285909417347e-05,True,-425856,-429162,True,0.07124809920787811,1350754681,40,1.4658751269574414e-10,1080603745,43,3.316691888494928e-10,-94
5,16,LEAKY_RELU,1,363,0.08885835856199265,-96,0.0023829727433621883,0,-1447,-5976,0.0002117470430675894,0.0002117470464731326,True,-138912,-144888,True,0.07124809920787811,1633856498,39,9.687269430553897e-11,1307085199,42,3.621639474346743e-10,-94
5,16,LEAKY_RELU,1,364,0.08885835856199265,-96,0.0008457476506009698,0,-4673,-4588,7.515175093431026e-05,7.515174799006385e-05,True,-448608,-453196,True,0.07124809920787811,1159753336,40,2.755800424523632e-10,1855605338,44,6.001704059337319e-11,-94
5,16,LEAKY_RELU,1,365,0.08885835856199265,-96,0.0020937882363796234,0,-4026,-8136,0.00018605058721732348,0.0001860505858611028,True,-386496,-394632,True,0.07124809920787811,1435580632,39,3.4448328987258023e-10,1148464505,42,1.7795336323888198e-10,-94
5,16,LEAKY_RELU,1,366,0.08885835856199265,-96,0.0006376250530593097,0,606,-35110,5.665831486112438e-05,5.665831559285373e-05,True,58176,23066,True,0.07124809920787811,1748719685,41,4.366608867732721e-11,1398975748,44,4.36661227620609e-11,-94
5,16,LEAKY_RELU,1,367,0.08885835856199265,-96,0.0005976994289085269,0,-6241,-15992,5.311059067025781e-05,5.3110590166252115e-05,True,-599136,-615128,True,0.07124809920787811,1639221596,41,3.274663385544989e-11,1311377277,44,1.8525793666179256e-10,-94
5,16,LEAKY_RELU,1,368,0.08885835856199265,-96,0.0005754665471613407,0,-5904,-7256,5.11350117449183e-05,5.1135012788094264e-05,True,-566784,-574040,True,0.07124809920787811,1578246768,41,6.232961013320837e-11,1262597414,44,2.5447770376616933e-10,-94
5,16,LEAKY_RELU,1,369,0.08885835856199265,-96,0.0005741833010688424,0,-39,-27928,5.1020986575167626e-05,5.1020985646683774e-05,True,-3744,-31672,True,0.07124809920787811,1574727399,41,7.956186456889459e-11,1259781919,44,2.383196146104583e-10,-94
5,16,LEAKY_RELU,1,370,0.08885835856199265,-96,0.0009084513294510543,0,-3777,-18370,8.072349737631157e-05,8.07234939684807e-05,True,-362592,-380962,True,0.07124809920787811,1245737377,40,3.3341216808026314e-10,1993179804,44,6.795644287697586e-11,-94
5,16,LEAKY_RELU,1,371,0.08885835856199265,-96,0.0018587415106594563,0,-2305,-4041,0.0001651647180551663,0.00016516471962823784,True,-221280,-225321,True,0.07124809920787811,1274423681,39,8.863416400967536e-11,2039077890,43,1.0753284425902293e-10,-94
5,16,LEAKY_RELU,1,372,0.08885835856199265,-96,0.0009519222076050937,0,-5615,-15264,8.458624506602064e-05,8.458624484649702e-05,True,-539040,-554304,True,0.07124809920787811,1305347943,40,1.609358538153322e-10,2088556709,44,6.51759450107852e-11,-94
5,16,LEAKY_RELU,1,373,0.08885835856199265,-96,0.002831496763974428,0,-2508,-10691,0.00025160214863717556,0.0002516021547203616,True,-240768,-251459,True,0.07124809920787811,1941381579,39,2.4058964328077084e-11,1553105263,42,1.5283329798176773e-10,-94
5,16,LEAKY_RELU,1,374,0.08885835856199265,-96,0.0009548517409712076,0,-4935,-13903,8.484655700158328e-05,8.484655837276249e-05,True,-473760,-487663,True,0.07124809920787811,1309365142,40,3.1006529831934973e-10,2094984227,44,2.1459916299047706e-10,-94
5,16,LEAKY_RELU,1,375,0.08885835856199265,-96,0.0010434448486194015,0,-3483,-14223,9.271879389416426e-05,9.271879649828691e-05,True,-334368,-348591,True,0.07124809920787811,1430850731,40,2.8750898169967333e-10,1144680585,43,1.1278783483055713e-10,-94
5,16,LEAKY_RELU,1,376,0.08885835856199265,-96,0.0004177952359896153,0,-4058,-16894,3.712459874805063e-05,3.712459888505757e-05,True,-389568,-406462,True,0.07124809920787811,1145825042,41,4.164041998140391e-10,1833320068,45,1.9962541930773557e-11,-94
5,16,LEAKY_RELU,1,377,0.08885835856199265,-96,0.0005359395290724933,0,-3017,-11789,4.762270691571757e-05,4.762270684186909e-05,True,-289632,-301421,True,0.07124809920787811,1469841877,41,3.3215394481802237e-10,1175873501,44,1.781050643922318e-10,-94
5,16,LEAKY_RELU,1,378,0.08885835856199265,-96,0.0008666299399919808,0,-6842,-3814,7.700731657678261e-05,7.70073139483656e-05,True,-656832,-660646,True,0.07124809920787811,1188388716,40,2.9604148713159733e-10,1901421945,44,1.9511879091765845e-11,-94
5,16,LEAKY_RELU,1,379,0.08885835856199265,-96,0.0016095662722364068,0,-3002,-10523,0.00014302341151051223,0.0001430234169476725,True,-288192,-298715,True,0.07124809920787811,1103579687,39,4.332378214477553e-10,1765727498,43,2.4636882460307546e-10,-94
5,16,LEAKY_RELU,1,380,0.08885835856199265,-96,0.0011316583259031177,0,-4276,-8495,0.0001005572994472459,0.00010055730129276356,True,-410496,-418991,True,0.07124809920787811,1551815743,40,1.7688457214304203e-10,1241452595,43,3.0642019109694e-10,-94
5,16,LEAKY_RELU,1,381,0.08885835856199265,-96,0.0010687614558264613,0,-4883,-15859,9.496838902123272e-05,9.496838865906496e-05,True,-468768,-484627,True,0.07124809920787811,1465566784,40,1.9546797189033469e-10,1172453427,43,2.4885381187459306e-11,-94
5,16,LEAKY_RELU,1,382,0.08885835856199265,-96,0.0009536526049487293,0,-3771,-17468,8.474000787828118e-05,8.474000511411251e-05,True,-362016,-379484,True,0.07124809920787811,1307720795,40,2.4040513284304377e-10,2092353273,44,2.375255409140079e-10,-94
5,16,LEAKY_RELU,1,383,0.08885835856199265,-96,0.0006494009867310524,0,-3952,-12881,5.770470670540817e-05,5.770470572945968e-05,True,-379392,-392273,True,0.07124809920787811,1781015792,41,1.1547402292890776e-10,1424812634,44,1.6526454400252385e-10,-94
5,16,LEAKY_RELU,1,384,0.08885835856199265,-96,0.0010104813845828176,0,-5078,-18968,8.978971891338006e-05,8.978971719147879e-05,True,-487488,-506456,True,0.07124809920787811,1385648729,40,4.368381600174382e-11,1108518983,43,1.3673721971434009e-10,-94
5,16,LEAKY_RELU,1,385,0.08885835856199265,-96,0.0010276526445522904,0,-6154,-11324,9.131552360486239e-05,9.13155271668074e-05,True,-590784,-602108,True,0.07124809920787811,1409195263,40,1.484431344069388e-10,1127356211,43,3.837755574843867e-10,-94
5,16,LEAKY_RELU,1,386,0.08885835856199265,-96,0.0007888615364208817,0,-4328,-6650,7.009693945292383e-05,7.009694125905113e-05,True,-415488,-422138,True,0.07124809920787811,1081746781,40,1.9938618845885323e-10,1730794850,44,3.172141910165062e-11,-94
5,16,LEAKY_RELU,1,387,0.08885835856199265,-96,0.000708752078935504,0,-9742,13807,6.297854997683316e-05,6.297854636160873e-05,True,-935232,-921425,True,0.07124809920787811,1943789232,41,6.712468316350135e-11,1555031386,44,1.901048516724225e-10,-94
5,16,LEAKY_RELU,1,388,0.08885835856199265,-96,0.0004958970239385962,0,-6106,-18807,4.406459629535675e-05,4.4064595562960836e-05,True,-586176,-604983,True,0.07124809920787811,1360023235,41,1.7693687125162994e-10,1088018588,44,1.7693687125162994e-10,-94
5,16,LEAKY_RELU,1,389,0.08885835856199265,-96,0.0008579657878726721,0,-5032,-8010,7.623743294971064e-05,7.623743161271242e-05,True,-483072,-491082,True,0.07124809920787811,1176507773,40,4.90512841441721e-12,1882412437,44,1.0134141211744658e-10,-94
5,16,LEAKY_RELU,1,390,0.08885835856199265,-96,0.0011829051654785872,0,-5789,-13666,0.00010511100845178589,0.00010511101133892954,True,-555744,-569410,True,0.07124809920787811,1622089297,40,1.5362659316837006e-10,1297671438,43,1.5461776898766553e-10,-94
5,16,LEAKY_RELU,1,391,0.08885835856199265,-96,0.0014447785215452313,0,-2586,-12252,0.0001283806486753747,0.00012838064791013178,True,-248256,-260508,True,0.07124809920787811,1981189909,40,1.9462489823769988e-10,1584951927,43,6.843798534683911e-11,-94
5,16,LEAKY_RELU,1,392,0.08885835856199265,-96,0.0008827298879623413,0,-5368,-7051,7.843792991479859e-05,7.843792889794532e-05,True,-515328,-522379,True,0.07124809920787811,1210466186,40,3.009137272015061e-10,1936745897,44,8.884319249241655e-12,-94
5,16,LEAKY_RELU,1,393,0.08885835856199265,-96,0.0017258254811167717,0,-3349,-5144,0.00015335401985794306,0.00015335401941649757,True,-321504,-326648,True,0.07124809920787811,1183291410,39,1.6839832208548202e-10,1893266256,43,1.6839832208548202e-10,-94
5,16,LEAKY_RELU,1,394,0.08885835856199265,-96,0.0009217374608851969,0,-3280,-10912,8.190407970687374e-05,8.19040777993575e-05,True,-314880,-325792,True,0.07124809920787811,1263956329,40,2.260156069045612e-10,2022330126,44,2.8223939484676566e-11,-94
5,16,LEAKY_RELU,1,395,0.08885835856199265,-96,0.0008812982123345137,0,-4175,-10724,7.831070979591459e-05,7.831071255166334e-05,True,-400800,-411524,True,0.07124809920787811,1208502963,40,3.3841979343478043e-10,1933604741,44,2.3498611194803477e-10,-94
5,16,LEAKY_RELU,1,396,0.08885835856199265,-96,0.0005492023192346096,0,-12752,9437,4.8801215598359704e-05,4.880121660562689e-05,True,-1224192,-1214755,True,0.07124809920787811,1506215764,41,3.08084011329735e-10,1204972612,44,3.558314937345952e-10,-94
5,16,LEAKY_RELU,1,397,0.08885835856199265,-96,0.0009289454901590943,0,-4194,-4237,8.25445749796927e-05,8.254457144910281e-05,True,-402624,-406861,True,0.07124809920787811,1273840525,40,1.9678358861464536e-10,2038144840,44,1.9678358861464536e-10,-94
5,16,LEAKY_RELU,1,398,0.08885835856199265,-96,0.001925776363350451,0,-2905,-8883,0.00017112132627516985,0.0001711213266048046,True,-278880,-287763,True,0.07124809920787811,1320385319,39,2.0748533513450223e-10,2112616510,43,1.8146574953118457e-11,-94
5,16,LEAKY_RELU,1,399,0.08885835856199265,-96,0.0011317161843180656,0,-2736,-6735,0.00010056244354927912,0.00010056244249654483,True,-262656,-269391,True,0.07124809920787811,1551895083,40,7.872124331841709e-11,1241516066,43,4.0090808716614233e-10,-94
5,16,LEAKY_RELU,1,400,0.08885835856199265,-96,0.00032686488702893257,0,-2801,-3230,2.9044676921330392e-05,2.904467733294211e-05,True,-268896,-272126,True,0.07124809920787811,1792887715,42,1.8304060560997097e-10,1434310172,45,1.8304060560997097e-10,-94
5,16,LEAKY_RELU,1,401,0.08885835856199265,-96,0.0008541251881979406,0,-7031,-1976,7.589616143377498e-05,7.589616222972205e-05,True,-674976,-676952,True,0.07124809920787811,1171241251,40,3.300924540382504e-10,1873986002,44,1.1664378964503617e-10,-94
5,16,LEAKY_RELU,1,402,0.08885835856199265,-96,0.0024908690247684717,0,-1623,-4749,0.00022133452876005322,0.0002213345329338378,True,-155808,-160557,True,0.07124809920787811,1707834281,39,9.25308809236742e-11,1366267425,42,5.385320583438297e-11,-94
5,16,LEAKY_RELU,1,403,0.08885835856199265,-96,0.0010812715627253056,0,-3271,-2153,9.608001710148528e-05,9.608001622353132e-05,True,-314016,-316169,True,0.07124809920787811,1482721591,40,2.0303216351813646e-10,1186177273,43,3.442342223266093e-11,-94
5,16,LEAKY_RELU,1,404,0.08885835856199265,-96,0.0013257116079330444,0,-1406,-10285,0.00011780055501731113,0.00011780055740751028,True,-134976,-145261,True,0.07124809920787811,1817916324,40,1.8590252582610606e-10,1454333059,43,3.2342270509232107e-10,-94
5,16,LEAKY_RELU,1,405,0.08885835856199265,-96,0.0004000601766165346,0,7710,-26024,3.554869181243703e-05,3.5548690620166136e-05,True,740160,714136,True,0.07124809920787811,1097185725,41,7.802095272188998e-11,1755497160,45,7.802092555937617e-11,-94
5,16,LEAKY_RELU,1,406,0.08885835856199265,-96,0.0014006095007061958,0,-6338,-15587,0.0001244558661710471,0.00012445586121908464,True,-608448,-624035,True,0.07124809920787811,1920621997,40,2.0336986084645083e-10,1536497597,43,1.8712869666945423e-10,-94
5,16,LEAKY_RELU,1,407,0.08885835856199265,-96,0.0009110430837608874,0,-5638,-10523,8.09537959867157e-05,8.095379300224843e-05,True,-541248,-551771,True,0.07124809920787811,1249291388,40,3.733103807945386e-10,1998866220,44,2.691650381331014e-11,-94
5,16,LEAKY_RELU,1,408,0.08885835856199265,-96,0.002663999330252409,0,-2016,-2584,0.00023671860981266946,0.00023671860769647682,True,-193536,-196120,True,0.07124809920787811,1826538985,39,2.0189269447478286e-10,1461231188,42,2.0189275973990477e-10,-94
5,16,LEAKY_RELU,1,409,0.08885835856199265,-96,0.0014552322681993246,0,-2526,-10902,0.00012930955563206226,0.00012930955067863743,True,-242496,-253398,True,0.07124809920787811,1995524879,40,2.019202765432766e-11,1596419903,43,1.454723499524051e-10,-94
5,16,LEAKY_RELU,1,410,0.08885835856199265,-96,0.0012020741123706102,0,-4294,-20860,0.00010681433195713907,0.00010681433249511672,True,-412224,-433084,True,0.07124809920787811,1648375211,40,2.2459862559009962e-10,1318700169,43,7.293416311159564e-11,-94
5,16,LEAKY_RELU,1,411,0.08885835856199265,-96,0.0010874919826164842,0,-5315,-16579,9.663274977356195e-05,9.663275252462782e-05,True,-510240,-526819,True,0.07124809920787811,1491251503,40,4.5293968577659386e-11,1193001202,43,2.899948404610144e-10,-94
5,16,LEAKY_RELU,1,412,0.08885835856199265,-96,0.0007489802083000541,0,-6144,-12043,6.655315519310534e-05,6.655315190496214e-05,True,-589824,-601867,True,0.07124809920787811,2054116957,41,2.2121976384313942e-10,1643293566,44,2.21937764502727e-11,-94
5,16,LEAKY_RELU,1,413,0.08885835856199265,-96,0.0012368176830932498,0,-3944,-13155,0.00010990158625645563,0.00010990158916011298,True,-378624,-391779,True,0.07124809920787811,1696018231,40,9.886856346361919e-11,1356814585,43,4.85354421045222e-11,-94
5,16,LEAKY_RELU,1,414,0.08885835856199265,-96,0.001544125028885901,0,-4086,-9248,0.00013720842252951115,0.00013720841548129064,True,-392256,-401504,True,0.07124809920787811,2117421376,40,7.775436650663616e-11,1693937101,43,1.958223922829375e-10,-94
5,16,LEAKY_RELU,1,415,0.08885835856199265,-96,0.0016375930281355977,0,-2216,-6191,0.00014551382628269494,0.00014551382847269225,True,-212736,-218927,True,0.07124809920787811,1122795893,39,3.662840915270549e-10,1796473429,43,2.5495491662636815e-10,-94
5,16,LEAKY_RELU,1,416,0.08885835856199265,-96,0.0010870317928493023,0,-3618,-11949,9.659185889177024e-05,9.659186081728902e-05,True,-347328,-359277,True,0.07124809920787811,1490620456,40,1.2476225366025437e-10,1192496365,43,2.924776096519514e-10,-94
5,16,LEAKY_RELU,1,417,0.08885835856199265,-96,0.00100428715813905,0,-4359,-6463,8.923930727178231e-05,8.923930839712432e-05,True,-418464,-424927,True,0.07124809920787811,1377154736,40,1.8141701828559856e-10,1101723789,43,3.6295063560604516e-10,-94
5,16,LEAKY_RELU,1,418,0.08885835856199265,-96,0.0017989656189456582,0,-3390,-14794,0.00015985313802957535,0.00015985313200897033,True,-325440,-340234,True,0.07124809920787811,1233439062,39,3.856303218211418e-10,1973502500,43,1.974033264511413e-11,-94
5,16,LEAKY_RELU,1,419,0.08885835856199265,-96,0.0005119869601912796,0,-8927,-6230,4.5494321966543794e-05,4.549432088774138e-05,True,-856992,-863222,True,0.07124809920787811,1404150718,41,3.117545246624496e-10,1123320574,44,4.433256352663502e-11,-94
5,16,LEAKY_RELU,1,420,0.08885835856199265,-96,0.0014469389570876956,0,-4783,-35568,0.0001285726175410673,0.00012857262066621414,True,-459168,-494736,True,0.07124809920787811,1984152462,40,1.4144957872225825e-10,1587321969,43,2.3654556755299165e-10,-94
5,16,LEAKY_RELU,1,421,0.08885835856199265,-96,0.0007627141894772649,0,-4119,-18747,6.777352973585948e-05,6.77735309288904e-05,True,-395424,-414171,True,0.07124809920787811,2091783111,41,6.448671688161659e-11,1673426489,44,5.5028456491414816e-11,-94
5,16,LEAKY_RELU,1,422,0.08885835856199265,-96,0.0006774303037673235,0,-6492,-10959,6.0195343394298106e-05,6.019534483291643e-05,True,-623232,-634191,True,0.07124809920787811,1857887644,41,1.0008077493982832e-10,1486310115,44,3.4480709465150996e-11,-94
5,16,LEAKY_RELU,1,423,0.08885835856199265,-96,0.0005246775690466166,0,-5581,-3280,4.662198625737801e-05,4.662198755977891e-05,True,-535776,-539056,True,0.07124809920787811,1438955369,41,2.1664437777806782e-10,1151164295,44,4.290714822299976e-11,-94
5,16,LEAKY_RELU,1,424,0.08885835856199265,-96,0.0004965443513356149,0,-5135,-15112,4.412211637827568e-05,4.412211601291212e-05,True,-492960,-508072,True,0.07124809920787811,1361798564,41,7.770216399644723e-11,1089438851,44,2.612829127132409e-10,-94
5,16,LEAKY_RELU,1,425,0.08885835856199265,-96,0.002801998984068632,0,-2214,-9018,0.00024898102856241167,0.00024898103041670963,True,-212544,-221562,True,0.07124809920787811,1921156782,39,1.5771051308653958e-10,1536925426,42,1.0254931838644426e-10,-94
5,16,LEAKY_RELU,1,426,0.08885835856199265,-96,0.001880912808701396,0,-2730,-9301,0.00016713482909835875,0.00016713482477943332,True,-262080,-271381,True,0.07124809920787811,1289625164,39,2.6621902510135817e-14,2063400262,43,1.9382824863512477e-10,-94
5,16,LEAKY_RELU,1,427,0.08885835856199265,-96,0.0014676073333248496,0,-3799,-6706,0.00013040918565820903,0.00013040917865278934,True,-364704,-371410,True,0.07124809920787811,2012494507,40,5.170540083823456e-11,1609995606,43,1.9674236377251781e-10,-94
5,16,LEAKY_RELU,1,428,0.08885835856199265,-96,0.0003880365111399442,0,9393,-58009,3.4480286558391526e-05,3.4480287442017815e-05,True,901728,843719,True,0.07124809920787811,2128420401,42,1.9136928980126272e-12,1702736321,45,1.1937169127230956e-10,-94
5,16,LEAKY_RELU,1,429,0.08885835856199265,-96,0.002047780668362975,0,-3325,-10070,0.000181962430360727,0.0001819624288857142,True,-319200,-329270,True,0.07124809920787811,1404036098,39,1.2638542804686478e-10,1123228878,42,2.2973072962940883e-10,-94
5,16,LEAKY_RELU,1,430,0.08885835856199265,-96,0.001112797879613936,0,-4079,-21883,9.888139175018296e-05,9.888139299376025e-05,True,-391584,-413467,True,0.07124809920787811,1525952869,40,2.734565887747067e-10,1220762295,43,1.0962456909538897e-10,-94
5,16,LEAKY_RELU,1,431,0.08885835856199265,-96,0.0012527013896033168,0,-4062,-8645,0.00011131299106637016,0.00011131298924847797,True,-389952,-398597,True,0.07124809920787811,1717799174,40,2.6834983033700763e-10,1374239340,43,3.137902570775827e-10,-94
5,16,LEAKY_RELU,1,432,0.08885835856199265,-96,0.0008323139045387506,0,-3776,-15099,7.395805005216971e-05,7.395804736563642e-05,True,-362496,-377595,True,0.07124809920787811,1141331965,40,3.1133506912496445e-10,1826131143,44,2.362707277516563e-10,-94
5,16,LEAKY_RELU,1,433,0.08885835856199265,-96,0.0006358962855301797,0,-6089,8887,5.6504701205994934e-05,5.650470014787997e-05,True,-584544,-575657,True,0.07124809920787811,1743978451,41,1.6151458822984183e-10,1395182761,44,3.0486494917746907e-10,-94
5,16,LEAKY_RELU,1,434,0.08885835856199265,-96,0.0008342578075826168,0,-4414,-8867,7.413078128593042e-05,7.413077939931803e-05,True,-423744,-432611,True,0.07124809920787811,1143997592,40,3.364022373481826e-11,1830396147,44,7.562576657902099e-11,-94
5,16,LEAKY_RELU,1,435,0.08885835856199265,-96,0.0005550326895900071,0,-5851,6723,4.931929288432002e-05,4.931929374521601e-05,True,-561696,-554973,True,0.07124809920787811,1522205857,41,1.9564767591745042e-10,1217764685,44,2.970584294408246e-10,-94
5,16,LEAKY_RELU,1,436,0.08885835856199265,-96,0.0006519245798699558,0,-5634,-12691,5.79289480810985e-05,5.792894807346094e-05,True,-540864,-553555,True,0.07124809920787811,1787936877,41,5.271276852935272e-11,1430349502,44,3.323646327808594e-10,-94
5,16,LEAKY_RELU,1,437,0.08885835856199265,-96,0.0014934081118553877,0,-3917,-19244,0.00013270179624669254,0.00013270179348263446,True,-376032,-395276,True,0.07124809920787811,2047874492,40,7.136719872618366e-11,1638299593,43,2.9486621186027435e-10,-94
5,16,LEAKY_RELU,1,438,0.08885835856199265,-96,0.003213669639080763,0,-2445,-10622,0.0002855614002328366,0.0002855614090892279,True,-234720,-245342,True,0.07124809920787811,1101706899,38,4.496424622557851e-11,1762731038,42,1.8195641646865214e-10,-94
5,16,LEAKY_RELU,1,439,0.08885835856199265,-96,0.0006704025436192751,0,-7695,-9650,5.9570869780145586e-05,5.957086960179346e-05,True,-738720,-748370,True,0.07124809920787811,1838613648,41,7.738185428368554e-11,1470890919,44,3.305340893099352e-10,-94
5,16,LEAKY_RELU,1,440,0.08885835856199265,-96,0.0005686722579412162,0,-5000,-10708,5.053128188592382e-05,5.053128340039856e-05,True,-480000,-490708,True,0.07124809920787811,1559613078,41,2.0803772755007474e-10,1247690463,44,2.7285081463270405e-10,-94
5,16,LEAKY_RELU,1,441,0.08885835856199265,-96,0.0008841180824674666,0,-5777,-1298,7.856127922423184e-05,7.856128158303553e-05,True,-554592,-555890,True,0.07124809920787811,1212369783,40,2.0507773311395202e-10,1939791653,44,1.0197397507095257e-10,-94
5,16,LEAKY_RELU,1,442,0.08885835856199265,-96,0.0011166870826855302,0,-3381,-15537,9.922697790898383e-05,9.922698119481637e-05,True,-324576,-340113,True,0.07124809920787811,1531286039,40,8.707160769609387e-11,1225028831,43,7.618997274577042e-11,-94
5,16,LEAKY_RELU,1,443,0.08885835856199265,-96,0.0017767713870853186,0,-2956,-16482,0.00015788098971825093,0.00015788098899631627,True,-283776,-300258,True,0.07124809920787811,1218221855,39,2.4041328691977485e-10,1949154968,43,2.4041336031114174e-10,-94
5,16,LEAKY_RELU,1,444,0.08885835856199265,-96,0.0008901829132810235,0,-3516,-3929,7.910019485279918e-05,7.910019249408439e-05,True,-337536,-341465,True,0.07124809920787811,1220686339,40,2.7356216014087774e-10,1953098143,44,3.364206416838947e-11,-94
5,16,LEAKY_RELU,1,445,0.08885835856199265,-96,0.00200669071637094,0,-4237,-12234,0.00017831123841460794,0.0001783112431983109,True,-406752,-418986,True,0.07124809920787811,1375863268,39,1.5229495118292962e-10,1100690615,42,3.928173989568109e-10,-94
5,16,LEAKY_RELU,1,446,0.08885835856199265,-96,0.0011375145986676216,0,-3068,-11687,0.00010107768321176991,0.00010107768007790868,True,-294528,-306215,True,0.07124809920787811,1559846309,40,1.6548506362044139e-10,1247877047,43,5.212863340887254e-12,-94
5,16,LEAKY_RELU,1,447,0.08885835856199265,-96,0.0010560797527432442,0,-1988,-18554,9.384151053382084e-05,9.384151333931973e-05,True,-190848,-209402,True,0.07124809920787811,1448176670,40,2.9060024952824436e-10,1158541336,43,2.9060037300346525e-10,-94
5,16,LEAKY_RELU,1,448,0.08885835856199265,-96,0.000637969933450222,0,-5410,-8664,5.668896119459532e-05,5.6688961098290414e-05,True,-519360,-528024,True,0.07124809920787811,1749665537,41,2.2013361955109845e-10,1399732430,44,6.563521461017226e-11,-94
5,16,LEAKY_RELU,1,449,0.08885835856199265,-96,0.00042210385436192155,0,-6191,-10259,3.7507455999730155e-05,3.750745564129075e-05,True,-594336,-604595,True,0.07124809920787811,1157641651,41,1.7172213507805827e-10,1852226642,45,4.4234106766271056e-11,-94
5,16,LEAKY_RELU,1,450,0.08885835856199265,-96,0.0005135548999533057,0,-1883,22918,4.5633645640918985e-05,4.56336454413191e-05,True,-180768,-157850,True,0.07124809920787811,1408450873,41,3.203672024135247e-10,1126760699,44,2.12132648967827e-10,-94
5,16,LEAKY_RELU,1,451,0.08885835856199265,-96,0.0006191275897435844,0,154,-21911,5.501466148416512e-05,5.50146613650577e-05,True,14784,-7127,True,0.07124809920787811,1697989435,41,1.592936671062639e-10,1358391548,44,1.5929370220933553e-10,-94
5,16,LEAKY_RELU,1,452,0.08885835856199265,-96,0.0021275272592902184,0,-3822,-15559,0.00018904857279267162,0.00018904858005642372,True,-366912,-382471,True,0.07124809920787811,1458713385,39,2.2082290591490525e-10,1166970708,42,2.208230284982284e-10,-94
5,16,LEAKY_RELU,1,453,0.08885835856199265,-96,0.0017219815636053681,0,-2979,-11682,0.00015301245730370283,0.00015301245521598655,True,-285984,-297666,True,0.07124809920787811,1180655874,39,1.3254706567800777e-10,1889049399,43,1.8507297789785e-10,-94
5,16,LEAKY_RELU,1,454,0.08885835856199265,-96,0.0006990812253206968,0,-3264,-8745,6.21192084508948e-05,6.211921018350365e-05,True,-313344,-322089,True,0.07124809920787811,1917266416,41,3.6996377174913225e-11,1533813133,44,1.6739023350305222e-10,-94
5,16,LEAKY_RELU,1,455,0.08885835856199265,-96,0.0010218173265457153,0,-2991,-18085,9.079700976144522e-05,9.07970103870559e-05,True,-287136,-305221,True,0.07124809920787811,1401193432,40,3.536227599729161e-10,1120954746,43,3.2159094101620566e-12,-94
5,16,LEAKY_RELU,1,456,0.08885835856199265,-96,0.00315652834251523,0,-1428,-4753,0.0002804839168675244,0.00028048392727031066,True,-137088,-141841,True,0.07124809920787811,1082117779,38,1.7256563836879903e-10,1731388446,42,5.846292811816837e-11,-94
5,16,LEAKY_RELU,1,457,0.08885835856199265,-96,0.0007067309925332665,0,-7119,-11157,6.279895751504228e-05,6.279895594139395e-05,True,-683424,-694581,True,0.07124809920787811,1938246298,41,7.461627050259247e-11,1550597039,44,3.1233139528613807e-10,-94
5,16,LEAKY_RELU,1,458,0.08885835856199265,-96,0.0003788181347772479,0,13631,-71453,3.3661159250186756e-05,3.366115764982195e-05,True,1308576,1237123,True,0.07124809920787811,2077856653,42,5.962837774878023e-11,1662285322,45,3.002610402869886e-10,-94
5,16,LEAKY_RELU,1,459,0.08885835856199265,-96,0.0006225233082659543,0,-5400,-6561,5.531639908440411e-05,5.531639933909404e-05,True,-518400,-524961,True,0.07124809920787811,1707302369,41,3.525288834460501e-11,1365841895,44,1.1117701403087911e-10,-94
5,16,LEAKY_RELU,1,460,0.08885835856199265,-96,0.0013594102347269654,0,-2626,-11850,0.00012079496082151309,0.00012079496207021128,True,-252096,-263946,True,0.07124809920787811,1864126438,40,1.3322448380121838e-10,1491301150,43,1.349977615830545e-10,-94
5,16,LEAKY_RELU,1,461,0.08885835856199265,-96,0.0012809576001018286,0,-1345,-6989,0.0001138237930717878,0.00011382378973255787,True,-129120,-136109,True,0.07124809920787811,1756546234,40,1.180882675832611e-10,1405236987,43,2.4236548239839884e-11,-94
5,16,LEAKY_RELU,1,462,0.08885835856199265,-96,0.0019215228967368603,0,-2416,-5606,0.00017074336938094348,0.0001707433705433227,True,-231936,-237542,True,0.07124809920787811,1317468981,39,2.4039655331822474e-10,2107950369,43,4.4240129213391315e-11,-94
5,16,LEAKY_RELU,1,463,0.08885835856199265,-96,0.0010925900423899293,0,-5353,-4569,9.708575817057863e-05,9.708575774794708e-05,True,-513888,-518457,True,0.07124809920787811,1498242349,40,1.5284153085710093e-10,1198593879,43,3.197037211620618e-10,-94
5,16,LEAKY_RELU,1,464,0.08885835856199265,-96,0.0014309833059087396,0,-3784,-11583,0.00012715482444036752,0.0001271548276926644,True,-363264,-374847,True,0.07124809920787811,1962272862,40,2.2341538013218239e-10,1569818290,43,3.13910594575189e-11,-94
5,16,LEAKY_RELU,1,465,0.08885835856199265,-96,0.0014056364307180047,0,-3941,-10403,0.00012490255176089704,0.00012490254596854,True,-378336,-388739,True,0.07124809920787811,1927515304,40,1.9762894076979007e-10,1542012244,43,3.211735607245337e-10,-94
5,16,LEAKY_RELU,1,466,0.08885835856199265,-96,0.0017892938340082765,0,-2633,-5142,0.00015899371646810323,0.00015899371307506998,True,-252768,-257910,True,0.07124809920787811,1226807720,39,1.0171302463761172e-10,1962892352,43,1.0171302463761172e-10,-94
5,16,LEAKY_RELU,1,467,0.08885835856199265,-96,0.0005010770983062685,0,-4452,-21984,4.452488792594522e-05,4.452488846850124e-05,True,-427392,-449376,True,0.07124809920787811,1374229857,41,7.281237507091413e-11,1099383886,44,2.9102782023655735e-10,-94
5,16,LEAKY_RELU,1,468,0.08885835856199265,-96,0.0012879607966169715,0,-3403,-4253,0.00011444608389865607,0.00011444608227958054,True,-326688,-330941,True,0.07124809920787811,1766149548,40,6.321418175869312e-11,1412919638,43,3.463160172451222e-10,-94
5,16,LEAKY_RELU,1,469,0.08885835856199265,-96,0.0010536378249526024,0,-6047,-35984,9.362452692585066e-05,9.362452764411638e-05,True,-580512,-616496,True,0.07124809920787811,1444828114,40,1.4437277581764091e-10,1155862491,43,2.8658187252401625e-11,-94
5,16,LEAKY_RELU,1,470,0.08885835856199265,-96,0.001226779306307435,0,-5835,-11991,0.00010900959750870243,0.00010900959547629867,True,-560160,-572151,True,0.07124809920787811,1682252847,40,2.466018466511551e-10,1345802278,43,5.0618598636671664e-11,-94
5,16,LEAKY_RELU,1,471,0.08885835856199265,-96,0.0009671278530731797,0,-3012,-10744,8.59373903949745e-05,8.593739354366674e-05,True,-289152,-299896,True,0.07124809920787811,1326199078,40,1.769170638031457e-10,2121918524,44,2.0010030695951568e-10,-94
5,16,LEAKY_RELU,1,472,0.08885835856199265,-96,0.0009656407637521625,0,-3720,-15594,8.580525172874331e-05,8.580525322756608e-05,True,-357120,-372714,True,0.07124809920787811,1324159868,40,5.955099500456472e-11,2118655789,44,3.484841522253103e-11,-94
5,16,LEAKY_RELU,1,473,0.08885835856199265,-96,0.0010403519263491035,0,-4183,-7538,9.244396642316133e-05,9.24439645021884e-05,True,-401568,-409106,True,0.07124809920787811,1426609482,40,1.6299844266910327e-10,1141287585,43,3.6272356435892016e-10,-94
5,16,LEAKY_RELU,1,474,0.08885835856199265,-96,0.0009515342535451055,0,-3452,-7720,8.455177157884464e-05,8.4551771885529e-05,True,-331392,-339112,True,0.07124809920787811,1304815951,40,1.3266402841795985e-10,2087705522,44,5.893378318600364e-11,-94
5,16,LEAKY_RELU,1,475,0.08885835856199265,-96,0.001303123659454286,0,-3574,-17232,0.00011579343117773533,0.00011579342938240495,True,-343104,-360336,True,0.07124809920787811,1786942016,40,6.817938584132671e-11,1429553613,43,2.0808316457277944e-10,-94
5,16,LEAKY_RELU,1,476,0.08885835856199265,-96,0.0019126130500808358,0,-3253,-11801,0.00016995165788102895,0.0001699516561944293,True,-312288,-324089,True,0.07124809920787811,1311360052,39,1.0020303265863185e-10,2098176083,43,4.882057285641807e-12,-94
5,16,LEAKY_RELU,1,477,0.08885835856199265,-96,0.0027074944227933884,0,-1544,-5226,0.00024058351118583232,0.00024058351022517022,True,-148224,-153450,True,0.07124809920787811,1856360871,39,2.3257295342558367e-10,1485088696,42,3.061155067054569e-10,-94
5,16,LEAKY_RELU,1,478,0.08885835856199265,-96,0.0007125167176127434,0,-4960,-21422,6.331306940410286e-05,6.331306597504721e-05,True,-476160,-497582,True,0.07124809920787811,1954113948,41,2.0703262194631762e-10,1563291159,44,1.767729802822767e-10,-94
5,16,LEAKY_RELU,1,479,0.08885835856199265,-96,0.0012994322460144758,0,-3190,-12689,0.00011546541645657271,0.00011546541644336973,True,-306240,-318929,True,0.07124809920787811,1781880070,40,1.450714137012884e-10,1425504056,43,1.4507131335001483e-10,-94
5,16,LEAKY_RELU,1,480,0.08885835856199265,-96,0.0007196272490546107,0,-3206,-14329,6.394489901140332e-05,6.394489612747498e-05,True,-307776,-322105,True,0.07124809920787811,1973614949,41,1.8723846742056633e-10,1578891959,44,6.056729512185103e-11,-94
5,16,LEAKY_RELU,1,481,0.08885835856199265,-96,0.0008038748055696487,0,-7065,-7417,7.143099355744198e-05,7.143099571225997e-05,True,-678240,-685657,True,0.07124809920787811,1102334115,40,2.1009989754791833e-10,1763734584,44,2.1009987051226553e-10,-94
5,16,LEAKY_RELU,1,482,0.08885835856199265,-96,0.001337924157269299,0,-4129,-2488,0.00011888574226759374,0.00011888574449538721,True,-396384,-398872,True,0.07124809920787811,1834663098,40,2.306355967114173e-10,1467730479,43,1.7815867305180667e-10,-94
5,16,LEAKY_RELU,1,483,0.08885835856199265,-96,0.001093577709980309,0,-4183,-13049,9.717352077132091e-05,9.71735202688331e-05,True,-401568,-414617,True,0.07124809920787811,1499596714,40,3.155285068862125e-11,1199677371,43,1.3515867733659484e-10,-94
5,16,LEAKY_RELU,1,484,0.08885835856199265,-96,0.001028140657581389,0,-2811,-4123,9.135888831224293e-05,9.135889120352996e-05,True,-269856,-273979,True,0.07124809920787811,1409864464,40,2.1632799497554167e-10,1127891571,43,3.9005900797720357e-11,-94
5,16,LEAKY_RELU,1,485,0.08885835856199265,-96,0.0009058688301593065,0,-3810,-15157,8.049402094911784e-05,8.049401732042848e-05,True,-365760,-380917,True,0.07124809920787811,1242196058,40,3.863633124907288e-10,1987513694,44,2.1740601657031862e-10,-94
5,16,LEAKY_RELU,1,486,0.08885835856199265,-96,0.0009755379287526011,0,-3761,-18947,8.668469672556967e-05,8.668469906392227e-05,True,-361056,-380003,True,0.07124809920787811,1337731612,40,3.5929634626867125e-10,2140370578,44,2.0135429766366293e-10,-94
5,16,LEAKY_RELU,1,487,0.08885835856199265,-96,0.0006076176650822163,0,-8603,11474,5.399190922616981e-05,5.399190835247633e-05,True,-825888,-814414,True,0.07124809920787811,1666422872,41,2.3419167606851155e-10,1333138297,44,2.1587430129898034e-10,-94
5,16,LEAKY_RELU,1,488,0.08885835856199265,-96,0.000848297611810267,0,-5627,-11022,7.537833153037354e-05,7.537833335751875e-05,True,-540192,-551214,True,0.07124809920787811,1163250037,40,3.713408451184199e-10,1861200059,44,2.638831917508944e-10,-94
5,16,LEAKY_RELU,1,489,0.08885835856199265,-96,0.0012022987939417362,0,-3718,-12974,0.0001068342971848324,0.00010683429733072611,True,-356928,-369902,True,0.07124809920787811,1648683312,40,1.305678501690197e-10,1318946649,43,3.2434065423790223e-10,-94
5,16,LEAKY_RELU,1,490,0.08885835856199265,-96,0.0018757851794362068,0,-4131,-11818,0.00016667919408064336,0.00016667919205961418,True,-396576,-408394,True,0.07124809920787811,1286109467,39,8.817566595291887e-11,2057775147,43,9.016752441734878e-12,-94
5,16,LEAKY_RELU,1,491,0.08885835856199265,-96,0.0006467703497037292,0,-8867,-8696,5.74709520151373e-05,5.747095164123934e-05,True,-851232,-859928,True,0.07124809920787811,1773801134,41,5.943175397902186e-11,1419040907,44,2.003720179089366e-10,-94
5,16,LEAKY_RELU,1,492,0.08885835856199265,-96,0.000869715353474021,0,-6320,-13337,7.728148193564266e-05,7.728147872586473e-05,True,-606720,-620057,True,0.07124809920787811,1192619669,40,2.749958822461532e-10,1908191470,44,6.53732372621586e-11,-94
5,16,LEAKY_RELU,1,493,0.08885835856199265,-96,0.0009003366576507688,0,-3326,904,8.000243542483076e-05,8.000243755203803e-05,True,-319296,-318392,True,0.07124809920787811,1234609924,40,1.0565434599712072e-10,1975375878,44,9.683878561384466e-11,-94
5,16,LEAKY_RELU,1,494,0.08885835856199265,-96,0.0004937687190249562,0,-5601,-8867,4.3875479605048895e-05,4.387547788181536e-05,True,-537696,-546563,True,0.07124809920787811,1354186249,41,4.277369927467275e-11,1083348999,44,1.418391037312622e-10,-94
5,16,LEAKY_RELU,1,495,0.08885835856199265,-96,0.0008015249040909111,0,-6817,-19329,7.122218812583014e-05,7.122218732407695e-05,True,-654432,-673761,True,0.07124809920787811,1099111752,40,3.649320569834989e-10,1758578803,44,2.512038308768428e-10,-94
5,16,LEAKY_RELU,1,496,0.08885835856199265,-96,0.0030788907315582037,0,-1467,-2591,0.0002735851739998907,0.0002735851765979947,True,-140832,-143423,True,0.07124809920787811,2111004267,39,1.0070956613723992e-10,1688803413,42,2.5457160093781315e-10,-94
5,16,LEAKY_RELU,1,497,0.08885835856199265,-96,0.0007713392842561007,0,-4947,-6706,6.85399427311495e-05,6.853994269337936e-05,True,-474912,-481618,True,0.07124809920787811,2115437880,41,1.6852839682841145e-10,1692350304,44,1.685283123003163e-10,-94
5,16,LEAKY_RELU,1,498,0.08885835856199265,-96,0.0008936696103774011,0,-7560,-16125,7.941001240396872e-05,7.941001467487137e-05,True,-725760,-741885,True,0.07124809920787811,1225467563,40,8.906837928945508e-11,1960748101,44,1.9107016585313907e-10,-94
5,16,LEAKY_RELU,1,499,0.08885835856199265,-96,0.0008338224142789841,0,-3152,-5951,7.40920877433382e-05,7.409209106502834e-05,True,-302592,-308543,True,0.07124809920787811,1143400548,40,3.1926868107775036e-10,1829440876,44,1.18023421708575e-10,-94
5,16,LEAKY_RELU,1,500,0.08885835856199265,-96,0.0009990176185965538,0,-5824,-6723,8.877106301952153e-05,8.877106576300059e-05,True,-559104,-565827,True,0.07124809920787811,1369928743,40,2.817418809757849e-10,1095942995,43,2.657317627532919e-10,-94
5,16,LEAKY_RELU,1,501,0.08885835856199265,-96,0.0010192820336669683,0,-5304,-9739,9.057173156179488e-05,9.057172842337653e-05,True,-509184,-518923,True,0.07124809920787811,1397716847,40,3.0432450504978185e-10,1118173477,43,2.3226490606210137e-10,-94
5,16,LEAKY_RELU,1,502,0.08885835856199265,-96,0.0007885376107878983,0,-5301,-19571,7.006815576460212e-05,7.006815775900807e-05,True,-508896,-528467,True,0.07124809920787811,1081302590,40,1.711176735017066e-10,1730084144,44,1.7111764594020562e-10,-94
5,16,LEAKY_RELU,1,503,0.08885835856199265,-96,0.0009488235809840262,0,-3607,-12618,8.431090827798471e-05,8.431090597115247e-05,True,-346272,-358890,True,0.07124809920787811,1301098871,40,2.518307817578073e-10,2081758194,44,5.968555290194617e-11,-94
5,16,LEAKY_RELU,1,504,0.08885835856199265,-96,0.0010381685569882393,0,-1324,-24114,9.224995301337913e-05,9.224995388464746e-05,True,-127104,-151218,True,0.07124809920787811,1423615480,40,4.9873254818195004e-11,1138892384,43,4.9873338555195064e-11,-94
5,16,LEAKY_RELU,1,505,0.08885835856199265,-96,0.0009940272429957986,0,-4803,-11551,8.832762978272513e-05,8.832762917850966e-05,True,-461088,-472639,True,0.07124809920787811,1363085562,40,1.4975944784575845e-10,1090468449,43,4.0046275493895185e-10,-94
5,16,LEAKY_RELU,1,506,0.08885835856199265,-96,0.0009108079830184579,0,-7248,-9349,8.093289943644777e-05,8.093290233617944e-05,True,-695808,-705157,True,0.07124809920787811,1248969000,40,3.51464242383766e-10,1998350399,44,1.4894849822041643e-10,-94
5,16,LEAKY_RELU,1,507,0.08885835856199265,-96,0.0004414303693920374,0,-8795,-4752,3.9224778447533026e-05,3.922477804359052e-05,True,-844320,-849072,True,0.07124809920787811,1210645618,41,1.724412703320138e-10,1937032989,45,6.91906750210123e-11,-94
5,16,LEAKY_RELU,1,508,0.08885835856199265,-96,0.0012347105657681823,0,-3217,-9533,0.00010971435403916985,0.00010971435417330994,True,-308832,-318365,True,0.07124809920787811,1693128792,40,2.7834695101290245e-11,1354503034,43,2.6747653151296834e-10,-94
5,16,LEAKY_RELU,1,509,0.08885835856199265,-96,0.0009943273616954684,0,-6787,-19712,8.835429616738111e-05,8.835429723353608e-05,True,-651552,-671264,True,0.07124809920787811,1363497107,40,2.3736294169517883e-10,1090797686,43,1.2934104212734366e-10,-94
5,16,LEAKY_RELU,1,510,0.08885835856199265,-96,0.0011536909732967615,0,-1625,-9315,0.00010251508501823992,0.00010251508617493792,True,-156000,-165315,True,0.07124809920787811,1582028581,40,1.506764634743006e-10,1265622865,43,3.087014591316413e-10,-94
5,16,LEAKY_RELU,1,511,0.08885835856199265,-96,0.001688689342699945,0,-3220,-9514,0.00015005416935309768,0.0001500541631134474,True,-309120,-318634,True,0.07124809920787811,1157829465,39,2.2315147525380174e-10,1852527144,43,2.2315137229452041e-10,-94
6,19,LEAKY_RELU,1,0,0.07124809920787811,-94,0.003232264192774892,0,-7227,-16512,0.00023029267322272062,0.00023029267987289756,True,-679338,-695850,True,0.2592221796512604,1953609677,41,7.077345287042388e-11,1562887741,44,3.1313137095228e-10,-104
6,19,LEAKY_RELU,1,1,0.07124809920787811,-94,0.002290718723088503,0,-14476,-16311,0.0001632093481021002,0.00016320935483995352,True,-1360744,-1377055,True,0.2592221796512604,1384531090,41,3.5675331930274256e-10,1107624872,44,3.567532332019027e-10,-104
6,19,LEAKY_RELU,1,2,0.07124809920787811,-94,0.007520055398344994,0,-3431,-4862,0.0005357896443456411,0.0005357896530700235,True,-322514,-327376,True,0.2592221796512604,1136297354,39,1.3430468973295937e-10,1818075766,43,8.570816953829311e-11,-104
6,19,LEAKY_RELU,1,3,0.07124809920787811,-94,0.0022537277545779943,0,-9333,-16924,0.00016057382163126022,0.00016057381864572132,True,-877302,-894226,True,0.2592221796512604,1362173414,41,1.5146053748238986e-11,1089738731,44,1.6838422003262286e-10,-104
6,19,LEAKY_RELU,1,4,0.07124809920787811,-94,0.006278665736317635,0,-2548,-5544,0.0004473429871723056,0.0004473429992742639,True,-239512,-245056,True,0.2592221796512604,1897441145,40,1.2328601907334766e-10,1517952916,43,1.2328601907334766e-10,-104
6,19,LEAKY_RELU,1,5,0.07124809920787811,-94,0.002345745451748371,0,-6708,-21214,0.00016712991055101156,0.0001671299046625968,True,-630552,-651766,True,0.2592221796512604,1417789741,41,2.775968734391148e-10,1134231793,44,1.012661990893795e-10,-104
6,19,LEAKY_RELU,1,6,0.07124809920787811,-94,0.00338330608792603,0,-6565,-11238,0.00024105413467623293,0.00024105412780317179,True,-617110,-628348,True,0.2592221796512604,2044900763,41,1.3093546135597495e-10,1635920610,44,1.135752397605062e-10,-104
6,19,LEAKY_RELU,1,7,0.07124809920787811,-94,0.004174105357378721,0,-8343,-6763,0.00029739708406850696,0.00029739707260665466,True,-784242,-791005,True,0.2592221796512604,1261433492,40,3.5542023271708606e-10,2018293588,44,4.0954188281692634e-11,-104
6,19,LEAKY_RELU,1,8,0.07124809920787811,-94,0.0023654396645724773,0,1841,-22824,0.00016853307897690684,0.0001685330798917098,True,173054,150230,True,0.2592221796512604,1429693102,41,3.2686482755136884e-10,1143754481,44,1.9772332273110584e-10,-104
6,19,LEAKY_RELU,1,9,0.07124809920787811,-94,0.003340509720146656,0,-6976,-9773,0.00023800497001502663,0.0002380049679458901,True,-655744,-665517,True,0.2592221796512604,2019034251,41,2.2001422266885413e-10,1615227401,44,9.619270720328666e-11,-104
6,19,LEAKY_RELU,1,10,0.07124809920787811,-94,0.0020532330963760614,0,-7823,-15681,0.00014628894859924912,0.0001462889553475004,True,-735362,-751043,True,0.2592221796512604,1240992631,41,3.1268715070221555e-10,1985588210,45,1.1123560742343947e-10,-104
6,19,LEAKY_RELU,1,11,0.07124809920787811,-94,0.0018789273453876376,0,-3466,-7618,0.00013386999489739537,0.00013387000190857347,True,-325804,-333422,True,0.2592221796512604,1135640661,41,9.264925812169353e-11,1817025057,45,2.375608276148751e-10,-104
6,19,LEAKY_RELU,1,12,0.07124809920787811,-94,0.002591043943539262,0,-5288,-3159,0.00018460694991517812,0.00018460695594125706,True,-497072,-500231,True,0.2592221796512604,1566050366,41,1.6427029412761442e-10,1252840293,44,3.23907522829889e-10,-104
6,19,LEAKY_RELU,1,13,0.07124809920787811,-94,0.003590824082493782,0,-4440,-6771,0.0002558394044172019,0.0002558393904675549,True,-417360,-424131,True,0.2592221796512604,1085163257,40,3.370083387501188e-10,1736261211,44,2.2181827030823416e-10,-104
6,19,LEAKY_RELU,1,14,0.07124809920787811,-94,0.002086920663714409,0,-9761,-14106,0.00014868912694510072,0.00014868913048729504,True,-917534,-931640,True,0.2592221796512604,1261353701,41,3.2101799811727554e-10,2018165922,45,1.2281823882569401e-10,-104
6,19,LEAKY_RELU,1,15,0.07124809920787811,-94,0.003066879929974675,0,-5287,-14065,0.00021850936172995716,0.00021850936550948594,True,-496978,-511043,True,0.2592221796512604,1853649934,41,2.2762765923885705e-10,1482919948,44,3.1184839986572746e-10,-104
6,19,LEAKY_RELU,1,16,0.07124809920787811,-94,0.005070920567959547,0,-4119,-6689,0.00036129343789070845,0.00036129345170125143,True,-387186,-393875,True,0.2592221796512604,1532455100,40,1.3804427907793664e-10,1225964080,43,1.3804431797280853e-10,-104
6,19,LEAKY_RELU,1,17,0.07124809920787811,-94,0.0018720385851338506,0,-198,-16591,0.00013337918790057302,0.00013337919083459236,True,-18612,-35203,True,0.2592221796512604,1131477032,41,2.8646421000622513e-11,1810363251,45,8.182872420811202e-11,-104
6,19,LEAKY_RELU,1,18,0.07124809920787811,-94,0.009834361262619495,0,-844,-3986,0.0007006795494817197,0.0007006795468852273,True,-79336,-83322,True,0.2592221796512604,1485994197,39,3.190560049376632e-10,1188795357,42,1.8565655864353036e-10,-104
6,19,LEAKY_RELU,1,19,0.07124809920787811,-94,0.0030598973389714956,0,-7236,-9160,0.00021801187540404499,0.00021801186917296336,True,-680184,-689344,True,0.2592221796512604,1849429593,41,1.8502463055030444e-10,1479543675,44,2.205057789853165e-10,-104
6,19,LEAKY_RELU,1,20,0.07124809920787811,-94,0.0035083098337054253,0,-4691,-13090,0.0002499604015611112,0.0002499604070838185,True,-440954,-454044,True,0.2592221796512604,2120454156,41,4.4266534087644357e-11,1696363325,44,1.6216580547895031e-10,-104
6,19,LEAKY_RELU,1,21,0.07124809920787811,-94,0.0021587416995316744,0,-3121,-13074,0.00015380624972749501,0.00015380624277241614,True,-293374,-306448,True,0.2592221796512604,1304762984,41,1.9175862541386296e-10,2087620775,45,9.564982740067776e-11,-104
6,19,LEAKY_RELU,1,22,0.07124809920787811,-94,0.002650068374350667,0,-7353,-9350,0.0001888123370008543,0.0001888123344433966,True,-691182,-700532,True,0.2592221796512604,1601725265,41,4.745060709960355e-11,1281380212,44,4.7450569886826746e-11,-104
6,19,LEAKY_RELU,1,23,0.07124809920787811,-94,0.0029251622036099434,0,-6134,-8211,0.0002084122534142807,0.0002084122468819366,True,-576596,-584807,True,0.2592221796512604,1767994460,41,2.2402260167519415e-10,1414395568,44,2.2402263538833415e-10,-104
6,19,LEAKY_RELU,1,24,0.07124809920787811,-94,0.0029242318123579025,0,-2566,-6036,0.00020834595488850027,0.00020834595827370905,True,-241204,-247240,True,0.2592221796512604,1767432124,41,2.723601501042999e-10,1413945699,44,1.309120024366557e-10,-104
6,19,LEAKY_RELU,1,25,0.07124809920787811,-94,0.005576113238930702,0,-4319,-3821,0.00039728748379275203,0.0003972874692416972,True,-405986,-409807,True,0.2592221796512604,1685126607,40,1.2345249551630098e-10,1348101285,43,3.216180620285592e-10,-104
6,19,LEAKY_RELU,1,26,0.07124809920787811,-94,0.002154098590835929,0,-8379,-15207,0.00015347542648669332,0.0001534754301034287,True,-787626,-802833,True,0.2592221796512604,1301956647,41,3.1555511593075686e-10,2083130636,45,6.848215734177853e-11,-104
6,19,LEAKY_RELU,1,27,0.07124809920787811,-94,0.002980852732434869,0,-8624,-13963,0.00021238009503576905,0.00021238009120459408,True,-810656,-824619,True,0.2592221796512604,1801654319,41,5.5392668768497225e-11,1441323455,44,1.9415405987129102e-10,-104
6,19,LEAKY_RELU,1,28,0.07124809920787811,-94,0.0017468563746660948,0,-7744,-13522,0.00012446020264178514,0.00012446019628412422,True,-727936,-741458,True,0.2592221796512604,2111631546,42,1.1734194162481944e-10,1689305237,45,1.0498965912685356e-12,-104
6,19,LEAKY_RELU,1,29,0.07124809920787811,-94,0.0018675916362553835,0,-16274,-11823,0.00013306234905030578,0.00013306235417972698,True,-1529756,-1541579,True,0.2592221796512604,1128789256,41,9.407844202882358e-11,1806062809,45,2.3813597057887775e-10,-104
6,19,LEAKY_RELU,1,30,0.07124809920787811,-94,0.00281237973831594,0,-3967,-8901,0.000200376714929007,0.00020037671060576037,True,-372898,-381799,True,0.2592221796512604,1699827720,41,2.6541861233753167e-10,1359862176,44,2.654185071422037e-10,-104
6,19,LEAKY_RELU,1,31,0.07124809920787811,-94,0.0023277164436876774,0,-3800,-14864,0.00016584536933805794,0.00016584537210766886,True,-357200,-372064,True,0.2592221796512604,1406892846,41,3.9906548445175634e-11,1125514277,44,1.3778999802658272e-10,-104
6,19,LEAKY_RELU,1,32,0.07124809920787811,-94,0.0030519114807248116,0,-9674,-16665,0.00021744289551861584,0.00021744289195234356,True,-909356,-926021,True,0.2592221796512604,1844602868,41,2.58820633904792e-10,1475682295,44,1.4777088430626772e-10,-104
6,19,LEAKY_RELU,1,33,0.07124809920787811,-94,0.0014731870032846928,0,-9012,-38199,0.00010496177128516138,0.00010496177376178445,True,-847128,-885327,True,0.2592221796512604,1780815066,42,1.5601263287355518e-10,1424652053,45,2.9639772147865887e-10,-104
6,19,LEAKY_RELU,1,34,0.07124809920787811,-94,0.003259578486904502,0,-8612,-19650,0.00023223877360578626,0.00023223877141083718,True,-809528,-829178,True,0.2592221796512604,1970118683,41,1.1111451744763442e-11,1576094946,44,2.4268036512394434e-10,-104
6,19,LEAKY_RELU,1,35,0.07124809920787811,-94,0.0033534462563693523,0,-7839,-13098,0.00023892667377367616,0.00023892667156209108,True,-736866,-749964,True,0.2592221796512604,2026853211,41,9.878654705296496e-11,1621482569,44,2.2213042763754264e-10,-104
6,19,LEAKY_RELU,1,36,0.07124809920787811,-94,0.0032530121970921755,0,-1095,-24629,0.00023177092953119427,0.00023177093574286087,True,-102930,-127559,True,0.2592221796512604,1966149958,41,5.0238942229234116e-11,1572919966,44,3.0454316574943194e-10,-104
6,19,LEAKY_RELU,1,37,0.07124809920787811,-94,0.0029219165444374084,0,-4252,-3890,0.0002081809943774715,0.00020818099983521687,True,-399688,-403578,True,0.2592221796512604,1766032755,41,1.8547892413066707e-10,1412826204,44,1.8547889038007856e-10,-104
6,19,LEAKY_RELU,1,38,0.07124809920787811,-94,0.0029902576934546232,0,-9150,-15374,0.00021305018162820488,0.00021305017680037577,True,-860100,-875474,True,0.2592221796512604,1807338763,41,2.7658600356483136e-10,1445871010,44,6.39797105354511e-14,-104
6,19,LEAKY_RELU,1,39,0.07124809920787811,-94,0.002831806428730488,0,-9742,-7854,0.0002017608203459531,0.00020176082537169682,True,-915748,-923602,True,0.2592221796512604,1711569387,41,1.5954020831566302e-10,1369255509,44,2.7865426059384327e-10,-104
6,19,LEAKY_RELU,1,40,0.07124809920787811,-94,0.003283929545432329,0,-5748,-17554,0.00023397374025080353,0.00023397373804464466,True,-540312,-557866,True,0.2592221796512604,1984836683,41,1.3689115254673922e-10,1587869346,44,1.1501880234285163e-10,-104
6,19,LEAKY_RELU,1,41,0.07124809920787811,-94,0.006097954232245684,0,-4854,-8551,0.0004344676563050598,0.0004344676481041407,True,-456276,-464827,True,0.2592221796512604,1842829312,40,2.347793106378534e-12,1474263450,43,2.689741338582964e-10,-104
6,19,LEAKY_RELU,1,42,0.07124809920787811,-94,0.003413622500374913,0,-5772,-5102,0.0002432141191093251,0.00024321411456495676,True,-542568,-547670,True,0.2592221796512604,2063224276,41,1.359576581412939e-10,1650579421,44,1.478817401872715e-11,-104
6,19,LEAKY_RELU,1,43,0.07124809920787811,-94,0.001888712984509766,0,-4670,-18360,0.00013456720625981688,0.00013456721009555937,True,-438980,-457340,True,0.2592221796512604,1141555190,41,3.68758588639579e-10,1826488303,45,1.787401529962034e-10,-104
6,19,LEAKY_RELU,1,44,0.07124809920787811,-94,0.005308534484356642,0,-7151,-8931,0.00037822299054823816,0.0003782229915898841,True,-672194,-681125,True,0.2592221796512604,1604263099,40,2.682723245958122e-10,1283410479,43,1.1243757366358792e-10,-104
6,19,LEAKY_RELU,1,45,0.07124809920787811,-94,0.004579460714012384,0,-6110,-10350,0.00032627786276862025,0.0003262778712705347,True,-574340,-584690,True,0.2592221796512604,1383933712,40,8.489055479380767e-11,1107146970,43,2.7639833961840183e-10,-104
6,19,LEAKY_RELU,1,46,0.07124809920787811,-94,0.0029736326541751623,0,-6117,-8878,0.00021186567028053105,0.00021186567435245787,True,-574998,-583876,True,0.2592221796512604,1797290439,41,2.354355202491644e-10,1437832351,44,9.633714558029804e-11,-104
6,19,LEAKY_RELU,1,47,0.07124809920787811,-94,0.0025153516326099634,0,843,-19407,0.0001792140246834606,0.00017921402266289285,True,79242,59835,True,0.2592221796512604,1520301249,41,1.6343993396956317e-10,1216240999,44,3.2788114516866956e-10,-104
6,19,LEAKY_RELU,1,48,0.07124809920787811,-94,0.0057959784753620625,0,-7568,-10358,0.0004129524459131062,0.00041295244941932235,True,-711392,-721750,True,0.2592221796512604,1751570874,40,1.8320232532504914e-10,1401256699,43,3.25931484666379e-10,-104
6,19,LEAKY_RELU,1,49,0.07124809920787811,-94,0.0034678138326853514,0,-2075,-7749,0.000247075135121122,0.00024707514398561795,True,-195050,-202799,True,0.2592221796512604,2095978007,41,3.2371235495079974e-11,1676782406,44,2.061807721573721e-10,-104
6,19,LEAKY_RELU,1,50,0.07124809920787811,-94,0.0022668056190013885,0,-10874,-6673,0.00016150559531524777,0.0001615055916275865,True,-1022156,-1028829,True,0.2592221796512604,1370077793,41,2.745247975856681e-10,1096062235,44,2.7288937380372714e-10,-104
6,19,LEAKY_RELU,1,51,0.07124809920787811,-94,0.005054124630987644,0,-5225,-8572,0.0003600967756938189,0.00036009677311758803,True,-491150,-499722,True,0.2592221796512604,1527379292,40,1.491036999268989e-10,1221903433,43,3.4193350585739465e-10,-104
6,19,LEAKY_RELU,1,52,0.07124809920787811,-94,0.0038247136399149895,0,-8965,-9304,0.0002725035883486271,0.0002725035768583878,True,-842710,-852014,True,0.2592221796512604,1155845737,40,2.6897596943188447e-10,1849353180,44,1.6360770835479238e-10,-104
6,19,LEAKY_RELU,1,53,0.07124809920787811,-94,0.003260793862864375,0,-6552,-8828,0.00023232535750139505,0.0002323253646378011,True,-615888,-624716,True,0.2592221796512604,1970853267,41,9.508020636571357e-11,1576682614,44,1.586170162152204e-10,-104
6,19,LEAKY_RELU,1,54,0.07124809920787811,-94,0.0035785746295005083,0,-5811,-12400,0.00025496663874946535,0.0002549666402254479,True,-546234,-558634,True,0.2592221796512604,1081461417,40,3.589252460101925e-10,1730338267,44,2.4334085466291386e-10,-104
6,19,LEAKY_RELU,1,55,0.07124809920787811,-94,0.002553925383836031,0,-9664,-29496,0.00018196232849732041,0.00018196232911706772,True,-908416,-937912,True,0.2592221796512604,1543615573,41,3.4614210315423036e-11,1234892458,44,2.893006739133019e-10,-104
6,19,LEAKY_RELU,1,56,0.07124809920787811,-94,0.0032412295695394278,0,-10453,-25979,0.00023093144409358501,0.00023093144592605322,True,-982582,-1008561,True,0.2592221796512604,1959028432,41,2.2092452818541654e-10,1567222745,44,1.6191842923842575e-10,-104
6,19,LEAKY_RELU,1,57,0.07124809920787811,-94,0.002735903486609459,0,-4716,-19827,0.00019492792489472777,0.00019492792303713036,True,-443304,-463131,True,0.2592221796512604,1653604782,41,1.010445755552589e-10,1322883826,44,2.0132513538905652e-10,-104
6,19,LEAKY_RELU,1,58,0.07124809920787811,-94,0.0035476554185152054,0,-7033,-13545,0.00025276371161453426,0.0002527637052137377,True,-661102,-674647,True,0.2592221796512604,2144234983,41,9.579084586403726e-11,1715387986,44,1.3739255241647453e-10,-104
6,19,LEAKY_RELU,1,59,0.07124809920787811,-94,0.002460477175191045,0,-3181,-14646,0.00017530431796330959,0.00017530432187673126,True,-299014,-313660,True,0.2592221796512604,1487134631,41,3.1909990871233857e-10,1189707705,44,1.5099151025605192e-10,-104
6,19,LEAKY_RELU,1,60,0.07124809920787811,-94,0.0023924929555505514,0,-10221,-16325,0.00017046058201231062,0.0001704605754512152,True,-960774,-977099,True,0.2592221796512604,1446044355,41,9.343380382846336e-12,1156835484,44,9.343339163747786e-12,-104
6,19,LEAKY_RELU,1,61,0.07124809920787811,-94,0.002979445504024625,0,-5356,-7412,0.0002122798323398456,0.00021227982885521288,True,-503464,-510876,True,0.2592221796512604,1800803778,41,2.5743499234920484e-10,1440643022,44,2.0218801049665696e-11,-104
6,19,LEAKY_RELU,1,62,0.07124809920787811,-94,0.002655872842296958,0,-8541,-22091,0.00018922588787972927,0.00018922589175148288,True,-802854,-824945,True,0.2592221796512604,1605233538,41,1.3358914527256898e-10,1284186830,44,1.7789212336806224e-10,-104
6,19,LEAKY_RELU,1,63,0.07124809920787811,-94,0.003577053314074874,0,-6873,-11876,0.00025485825608484447,0.0002548582493930758,True,-646062,-657938,True,0.2592221796512604,1081001668,40,2.0239280041099792e-10,1729602669,44,8.675936147160848e-11,-104
6,19,LEAKY_RELU,1,64,0.07124809920787811,-94,0.002393391216173768,0,-6361,-16506,0.00017052458133548498,0.00017052457481321268,True,-597934,-614440,True,0.2592221796512604,1446587272,41,1.2330845135177978e-10,1157269817,44,3.9515330579439786e-10,-104
6,19,LEAKY_RELU,1,65,0.07124809920787811,-94,0.0029264960903674364,0,-8859,-7907,0.00020850727742072195,0.00020850728377796654,True,-832746,-840653,True,0.2592221796512604,1768800674,41,2.2500973978740795e-10,1415040539,44,8.367089807978001e-11,-104
6,19,LEAKY_RELU,1,66,0.07124809920787811,-94,0.0021410901099443436,0,-3227,-17076,0.0001525486004538834,0.00015254860056632125,True,-303338,-320414,True,0.2592221796512604,1294094204,41,3.669794410847808e-11,2070550726,45,2.2988330791176907e-10,-104
6,19,LEAKY_RELU,1,67,0.07124809920787811,-94,0.0021198908798396587,0,-7536,-12276,0.0001510381989646703,0.00015103819571669203,True,-708384,-720660,True,0.2592221796512604,1281281198,41,1.0272245796442837e-10,2050049917,45,2.0028103480582358e-10,-104
6,19,LEAKY_RELU,1,68,0.07124809920787811,-94,0.005922085605561733,0,-440,-2325,0.0004219373513478786,0.0004219373427426093,True,-41360,-43685,True,0.2592221796512604,1789681019,40,1.8809582991229322e-10,1431744815,43,4.840609917393044e-11,-104
6,19,LEAKY_RELU,1,69,0.07124809920787811,-94,0.0029896844644099474,0,-4928,-9159,0.00021300933440215886,0.00021300933532053187,True,-463232,-472391,True,0.2592221796512604,1806992298,41,1.7308721660157782e-10,1445593838,44,1.0361571137691674e-10,-104
6,19,LEAKY_RELU,1,70,0.07124809920787811,-94,0.002917214762419462,0,-273,-12285,0.0002078460092889145,0.00020784600680354842,True,-25662,-37947,True,0.2592221796512604,1763190955,41,8.343543705602676e-11,1410552764,44,8.343543705602676e-11,-104
6,19,LEAKY_RELU,1,71,0.07124809920787811,-94,0.0045708646066486835,0,-3821,-8026,0.00032566540176048875,0.00032566541496028417,True,-359174,-367200,True,0.2592221796512604,1381335930,40,2.565742124653805e-10,1105068744,43,2.565742124653805e-10,-104
6,19,LEAKY_RELU,1,72,0.07124809920787811,-94,0.001885659177787602,0,-10770,-12189,0.00013434962602332234,0.00013434963217125694,True,-1012380,-1024569,True,0.2592221796512604,1139709441,41,1.8383411715930027e-10,1823535106,45,3.5519958145823314e-11,-104
6,19,LEAKY_RELU,1,73,0.07124809920787811,-94,0.006345691625028849,0,-3923,-11578,0.0004521184600889683,0.0004521184664426567,True,-368762,-380340,True,0.2592221796512604,1917696671,40,3.896186813968305e-11,1534157337,43,9.140285729934836e-11,-104
6,19,LEAKY_RELU,1,74,0.07124809920787811,-94,0.008192799985408783,0,-1847,-343,0.0005837214412167668,0.0005837214261507073,True,-173618,-173961,True,0.2592221796512604,1237950580,39,2.1565378405836166e-10,1980720928,43,2.15653808132281e-10,-104
6,19,LEAKY_RELU,1,75,0.07124809920787811,-94,0.0028734877705574036,0,-8630,-11530,0.00020473054610192776,0.0002047305417492984,True,-811220,-822750,True,0.2592221796512604,1736761966,41,1.477955752039016e-10,1389409573,44,3.849608141100567e-12,-104
6,19,LEAKY_RELU,1,76,0.07124809920787811,-94,0.0023882214445620775,0,-6408,-16113,0.00017015624325722456,0.00017015623841254088,True,-602352,-618465,True,0.2592221796512604,1443462615,41,1.0962666131193568e-10,1154770092,44,1.0962666131193568e-10,-104
6,19,LEAKY_RELU,1,77,0.07124809920787811,-94,0.0030528181232511997,0,-12314,-23603,0.00021750749147031456,0.00021750748850900975,True,-1157516,-1181119,True,0.2592221796512604,1845150851,41,2.2250258423833578e-10,1476120681,44,8.701243643264002e-11,-104
6,19,LEAKY_RELU,1,78,0.07124809920787811,-94,0.0044730487279593945,0,-5671,-10582,0.00031869622762314975,0.00031869621953132393,True,-533074,-543656,True,0.2592221796512604,1351775529,40,2.1782448330534952e-10,1081420423,43,4.0276656384768643e-10,-104
6,19,LEAKY_RELU,1,79,0.07124809920787811,-94,0.0026917685754597187,0,-6608,-7620,0.00019178340153302997,0.00019178339450900278,True,-621152,-628772,True,0.2592221796512604,1626929243,41,1.0709489764307094e-10,1301543395,44,3.5389626294158074e-10,-104
6,19,LEAKY_RELU,1,80,0.07124809920787811,-94,0.003154450561851263,0,-1657,-9716,0.00022474861179944128,0.00022474860657712564,True,-155758,-165474,True,0.2592221796512604,1906578415,41,2.09743947908966e-10,1525262732,44,2.0974407295946333e-10,-104
6,19,LEAKY_RELU,1,81,0.07124809920787811,-94,0.0030209417454898357,0,-8835,-15193,0.00021523635950870812,0.0002152363571838803,True,-830490,-845683,True,0.2592221796512604,1825884481,41,1.4489624162743144e-10,1460707585,44,2.818160872276141e-10,-104
6,19,LEAKY_RELU,1,82,0.07124809920787811,-94,0.00214913347736001,0,-13813,-15251,0.00015312166942749172,0.00015312167520591807,True,-1298422,-1313673,True,0.2592221796512604,1298955688,41,2.0398607475493614e-11,2078329101,45,1.1662971185624987e-10,-104
6,19,LEAKY_RELU,1,83,0.07124809920787811,-94,0.0016836849972605705,0,12,-25929,0.00011995935346931219,0.00011995935571963712,True,1128,-24801,True,0.2592221796512604,2035268844,42,3.9704042711222534e-11,1628215075,45,8.312988183470384e-11,-104
6,19,LEAKY_RELU,1,84,0.07124809920787811,-94,0.0035894967149943113,0,-5269,-16249,0.0002557448169682175,0.0002557448180562673,True,-495286,-511535,True,0.2592221796512604,1084762120,40,1.6643771633319742e-10,1735619392,44,1.6643782622760407e-10,-104
6,19,LEAKY_RELU,1,85,0.07124809920787811,-94,0.005273904651403427,0,-4605,-10851,0.0003757556842174381,0.0003757556818160812,True,-432870,-443721,True,0.2592221796512604,1593797807,40,2.2814750714372074e-10,1275038245,43,2.424266500559794e-10,-104
6,19,LEAKY_RELU,1,86,0.07124809920787811,-94,0.004252950195223093,0,-2075,-4258,0.0003030146181117743,0.0003030146174354195,True,-195050,-199308,True,0.2592221796512604,1285260759,40,3.357860829623852e-10,2056417214,44,1.4127295576987147e-10,-104
6,19,LEAKY_RELU,1,87,0.07124809920787811,-94,0.005749202799052,0,-1603,-2416,0.0004096197662875056,0.00040961977139306743,True,-150682,-153098,True,0.2592221796512604,1737435054,40,1.9263816058684894e-10,1389948043,43,4.874778708106958e-11,-104
6,19,LEAKY_RELU,1,88,0.07124809920787811,-94,0.0018101318273693323,0,-15740,3049,0.00012896845873910934,0.00012896845201574789,True,-1479560,-1476511,True,0.2592221796512604,1094060028,41,3.0920822582248963e-10,1750496045,45,1.949549243948402e-10,-104
6,19,LEAKY_RELU,1,89,0.07124809920787811,-94,0.0034417754504829645,0,-13057,-18739,0.0002452199696563184,0.00024521995874724964,True,-1227358,-1246097,True,0.2592221796512604,2080240174,41,1.7003998255553446e-10,1664192139,44,4.9861551638206174e-11,-104
6,19,LEAKY_RELU,1,90,0.07124809920787811,-94,0.0037152983713895082,0,-6849,-15810,0.00026470795273780823,0.00026470794695162767,True,-643806,-659616,True,0.2592221796512604,1122779949,40,3.6020577343810344e-11,1796447918,44,1.8664104057309916e-10,-104
6,19,LEAKY_RELU,1,91,0.07124809920787811,-94,0.0028927121311426163,0,-3367,-9038,0.0002061002451227978,0.00020610024089948165,True,-316498,-325536,True,0.2592221796512604,1748381343,41,2.62062369413078e-10,1398705075,44,1.669056954702786e-10,-104
6,19,LEAKY_RELU,1,92,0.07124809920787811,-94,0.004939367063343525,0,-5713,-5791,0.0003519205201882869,0.00035192051455322504,True,-537022,-542813,True,0.2592221796512604,1492699036,40,3.3320036171109015e-10,1194159229,43,1.6571854904644049e-10,-104
6,19,LEAKY_RELU,1,93,0.07124809920787811,-94,0.0029648698400706053,0,-7527,-16811,0.0002112413349095732,0.0002112413405037962,True,-707538,-724349,True,0.2592221796512604,1791994115,41,2.3831864592222607e-10,1433595292,44,2.3831857939896653e-10,-104
6,19,LEAKY_RELU,1,94,0.07124809920787811,-94,0.002977774478495121,0,-10682,-16016,0.0002121607685694471,0.0002121607714625079,True,-1004108,-1020124,True,0.2592221796512604,1799793795,41,2.1606788033058454e-10,1439835036,44,2.160677478606428e-10,-104
6,19,LEAKY_RELU,1,95,0.07124809920787811,-94,0.0028283707797527313,0,-10049,-19584,0.00020151604257989675,0.00020151604191248618,True,-944606,-964190,True,0.2592221796512604,1709492849,41,2.625042073407184e-10,1367594280,44,3.22464569052713e-10,-104
6,19,LEAKY_RELU,1,96,0.07124809920787811,-94,0.002760885749012232,0,-7632,-21186,0.00019670785695780069,0.00019670786174724036,True,-717408,-738594,True,0.2592221796512604,1668704287,41,1.4459527458100512e-10,1334963430,44,1.5503829441561364e-10,-104
6,19,LEAKY_RELU,1,97,0.07124809920787811,-94,0.001745177316479385,0,-9929,-19450,0.00012434057134669274,0.00012434056657986171,True,-933326,-952776,True,0.2592221796512604,2109601870,42,1.7825660734387196e-10,1687681496,45,1.7825660734387196e-10,-104
6,19,LEAKY_RELU,1,98,0.07124809920787811,-94,0.004817774053663015,0,-4876,-4910,0.0003432572411838919,0.0003432572437365236,True,-458344,-463254,True,0.2592221796512604,1455953080,40,1.6140737451773507e-10,1164762464,43,1.614072926405845e-10,-104
6,19,LEAKY_RELU,1,99,0.07124809920787811,-94,0.005137525964528322,0,-5319,-6227,0.00036603896296583116,0.0003660389596037636,True,-499986,-506213,True,0.2592221796512604,1552583551,40,3.042602500599699e-10,1242066841,43,1.4323828163349924e-10,-104
6,19,LEAKY_RELU,1,100,0.07124809920787811,-94,0.005661693401634693,0,-1286,-2849,0.00040338488179259,0.0004033848931642575,True,-120884,-123733,True,0.2592221796512604,1710989319,40,2.8842710904489746e-10,1368791455,43,1.4231281289124228e-10,-104
6,19,LEAKY_RELU,1,101,0.07124809920787811,-94,0.0024568152148276567,0,-10892,-11825,0.0001750434166751802,0.00017504341416146527,True,-1023848,-1035673,True,0.2592221796512604,1484921310,41,3.027151588868384e-10,1187937048,44,3.0271511874690346e-10,-104
6,19,LEAKY_RELU,1,102,0.07124809920787811,-94,0.0023068245500326157,0,-3809,-13474,0.00016435686848126352,0.0001643568643958926,True,-358046,-371520,True,0.2592221796512604,1394265597,41,1.4091872372356542e-10,1115412477,44,3.969988309480818e-10,-104
6,19,LEAKY_RELU,1,103,0.07124809920787811,-94,0.003089088713750243,0,-2698,-4612,0.0002200916933361441,0.00022009169913921392,True,-253612,-258224,True,0.2592221796512604,1867073124,41,2.165846439751587e-11,1493658499,44,1.1224101495394425e-10,-104
6,19,LEAKY_RELU,1,104,0.07124809920787811,-94,0.0022467789240181446,0,-6831,-17869,0.0001600787218194455,0.0001600787276766144,True,-642114,-659983,True,0.2592221796512604,1357973478,41,1.2180653340202218e-11,1086378782,44,3.803763567867092e-10,-104
6,19,LEAKY_RELU,1,105,0.07124809920787811,-94,0.0027007798198610544,0,-8693,-17084,0.00019242543203290552,0.00019242542854409558,True,-817142,-834226,True,0.2592221796512604,1632375721,41,1.8762202954155607e-10,1305900577,44,3.4077300895523524e-10,-104
6,19,LEAKY_RELU,1,106,0.07124809920787811,-94,0.0027237210888415575,0,-8966,-10561,0.00019405994680710137,0.00019405995035237308,True,-842804,-853365,True,0.2592221796512604,1646241631,41,5.701553144709167e-11,1316993305,44,2.088765557960799e-10,-104
6,19,LEAKY_RELU,1,107,0.07124809920787811,-94,0.003948841709643602,0,-4883,-3328,0.00028134745662100613,0.0002813474658848944,True,-459002,-462330,True,0.2592221796512604,1193357801,40,3.0161216556508987e-10,1909372481,44,1.2627226510939258e-11,-104
6,19,LEAKY_RELU,1,108,0.07124809920787811,-94,0.002381511963903904,0,-2376,-8008,0.00016967819829005748,0.000169678200668974,True,-223344,-231352,True,0.2592221796512604,1439407344,41,3.0440417943541393e-10,1151525876,44,3.9032623407027165e-10,-104
6,19,LEAKY_RELU,1,109,0.07124809920787811,-94,0.00456149410456419,0,-958,-9633,0.00032499778899364173,0.00032499778449814054,True,-90052,-99685,True,0.2592221796512604,1378504122,40,2.9647715674357285e-10,1102803297,43,2.4759094393320366e-10,-104
6,19,LEAKY_RELU,1,110,0.07124809920787811,-94,0.0027442339342087507,0,-4141,-12867,0.00019552145386114717,0.00019552145159413073,True,-389254,-402121,True,0.2592221796512604,1658639780,41,3.048884498625605e-11,1326911824,44,3.0488701242821224e-11,-104
6,19,LEAKY_RELU,1,111,0.07124809920787811,-94,0.005128810647875071,0,-7030,-742,0.0003654180036392063,0.00036541800985822465,True,-660820,-661562,True,0.2592221796512604,1549949743,40,2.6758861624473413e-10,1239959795,43,2.162980408462555e-10,-104
6,19,LEAKY_RELU,1,112,0.07124809920787811,-94,0.004246629774570465,0,-4956,-12859,0.0003025642945431173,0.00030256429947772556,True,-465864,-478723,True,0.2592221796512604,1283350699,40,7.842347923708966e-11,2053361118,44,1.1637912602042354e-10,-104
6,19,LEAKY_RELU,1,113,0.07124809920787811,-94,0.003157062456011772,0,-3957,-14793,0.00022493470169138163,0.00022493469907139407,True,-371958,-386751,True,0.2592221796512604,1908157068,41,9.16467802577856e-11,1526525654,44,1.7038621882817485e-10,-104
6,19,LEAKY_RELU,1,114,0.07124809920787811,-94,0.0025235600769519806,0,-13962,-21934,0.00017979885160457343,0.00017979885871971524,True,-1312428,-1334362,True,0.2592221796512604,1525262507,41,1.049023767110734e-10,1220210006,44,2.229099693235094e-10,-104
6,19,LEAKY_RELU,1,115,0.07124809920787811,-94,0.0024082509335130453,0,-12864,-26636,0.0001715833059279248,0.00017158330142840253,True,-1209216,-1235852,True,0.2592221796512604,1455568619,41,1.491877947148716e-10,1164454895,44,3.2094206030473215e-10,-104
6,19,LEAKY_RELU,1,116,0.07124809920787811,-94,0.002910728333517909,0,-10098,-18514,0.0002073838550131768,0.00020738386107366572,True,-949212,-967726,True,0.2592221796512604,1759270499,41,4.338293467099409e-11,1407416399,44,9.87214883624392e-11,-104
6,19,LEAKY_RELU,1,117,0.07124809920787811,-94,0.002776888431981206,0,-8389,-12914,0.00019784802861977369,0.00019784802249100605,True,-788566,-801480,True,0.2592221796512604,1678376453,41,2.3142424618432807e-10,1342701163,44,2.1543613420363908e-10,-104
6,19,LEAKY_RELU,1,118,0.07124809920787811,-94,0.0026765342336148024,0,-8390,-16293,0.0001906979741761461,0.00019069797660986945,True,-788660,-804953,True,0.2592221796512604,1617721469,41,2.1222273227188713e-10,1294177175,44,3.6676118870679923e-10,-104
6,19,LEAKY_RELU,1,119,0.07124809920787811,-94,0.004137931391596794,0,-4665,-7514,0.00029481973615475,0.0002948197463038815,True,-438510,-446024,True,0.2592221796512604,1250501557,40,3.2004999484137625e-10,2000802491,44,2.200900556114477e-10,-104
6,19,LEAKY_RELU,1,120,0.07124809920787811,-94,0.002180278766900301,0,-9035,-4996,0.00015534072008449584,0.0001553407178849428,True,-849290,-854286,True,0.2592221796512604,1317780182,41,2.4548491011759165e-10,2108448292,45,1.3394104172697596e-10,-104
6,19,LEAKY_RELU,1,121,0.07124809920787811,-94,0.003796887816861272,0,-1388,-8061,0.0002705210354179144,0.00027052103985691564,True,-130472,-138533,True,0.2592221796512604,1147436648,40,8.594139701094169e-11,1835898637,44,1.948797693553581e-10,-104
6,19,LEAKY_RELU,1,122,0.07124809920787811,-94,0.00337444175966084,0,-6969,-3548,0.00024042256700340658,0.00024042256126352232,True,-655086,-658634,True,0.2592221796512604,2039543083,41,1.7032593151814452e-10,1631634466,44,7.48270168322792e-11,-104
6,19,LEAKY_RELU,1,123,0.07124809920787811,-94,0.0023234873078763485,0,-9217,-24040,0.00016554405738133937,0.00016554405421981971,True,-866398,-890438,True,0.2592221796512604,1404336718,41,1.1945930434438867e-10,1123469375,44,4.1460052011465616e-10,-104
6,19,LEAKY_RELU,1,124,0.07124809920787811,-94,0.0032370728440582752,0,4522,-8143,0.0002306352835148573,0.00023063528713659215,True,425068,416925,True,0.2592221796512604,1956516069,41,6.97660772564742e-11,1565212855,44,1.975442862642981e-10,-104
6,19,LEAKY_RELU,1,125,0.07124809920787811,-94,0.003298442345112562,0,-8451,-11667,0.00023500774113927037,0.00023500774743604597,True,-794394,-806061,True,0.2592221796512604,1993608350,41,2.1666149792965965e-11,1594886680,44,2.1666089997224463e-11,-104
6,19,LEAKY_RELU,1,126,0.07124809920787811,-94,0.005424147937446833,0,-5628,-4862,0.00038646021857857704,0.0003864602303654194,True,-529032,-533894,True,0.2592221796512604,1639202006,40,1.7822712386668176e-10,1311361605,43,2.5713925715557463e-11,-104
6,19,LEAKY_RELU,1,127,0.07124809920787811,-94,0.003845701925456524,0,-2897,-6456,0.00027399894315749407,0.0002739989523088543,True,-272318,-278774,True,0.2592221796512604,1162188492,40,5.828204184516605e-13,1859501587,44,1.0813860011110956e-10,-104
6,19,LEAKY_RELU,1,128,0.07124809920787811,-94,0.00406508008018136,0,-6080,-14468,0.0002896292426157743,0.00028962922884073067,True,-571520,-585988,True,0.2592221796512604,1228485561,40,1.9361873359247557e-10,1965576898,44,9.883764669533542e-12,-104
6,19,LEAKY_RELU,1,129,0.07124809920787811,-94,0.005141069646924734,0,-4356,-7300,0.0003662914386950433,0.00036629144023870436,True,-409464,-416764,True,0.2592221796512604,1553654468,40,1.9216759965469279e-10,1242923575,43,2.9056514182292174e-10,-104
6,19,LEAKY_RELU,1,130,0.07124809920787811,-94,0.0030155109707266092,0,-2903,-2716,0.00021484942408278584,0.00021484942480477429,True,-272882,-275598,True,0.2592221796512604,1822602071,41,2.2467177772401467e-10,1458081657,44,8.750534676921422e-11,-104
6,19,LEAKY_RELU,1,131,0.07124809920787811,-94,0.004647572059184313,0,-6607,-12308,0.0003311306645628065,0.0003311306751485263,True,-621058,-633366,True,0.2592221796512604,1404517268,40,1.931669210840943e-10,1123613815,43,3.4082425020935143e-10,-104
6,19,LEAKY_RELU,1,132,0.07124809920787811,-94,0.0024203071370720863,0,12814,-35590,0.00017244227638002485,0.00017244228301564746,True,1204516,1168926,True,0.2592221796512604,1462855498,41,3.0195183554061736e-10,1170284398,44,3.984554612045924e-11,-104
6,19,LEAKY_RELU,1,133,0.07124809920787811,-94,0.005924957804381847,0,-3953,-8587,0.00042214198037981987,0.00042214198144908954,True,-371582,-380169,True,0.2592221796512604,1790549010,40,6.69352658149923e-11,1432439208,43,6.693529910346663e-11,-104
6,19,LEAKY_RELU,1,134,0.07124809920787811,-94,0.006091494578868151,0,-3244,-2450,0.000434007408330217,0.0004340074100794497,True,-304936,-307386,True,0.2592221796512604,1840877176,40,2.2983245408896827e-10,1472701740,43,3.1338690485381543e-10,-104
6,19,LEAKY_RELU,1,135,0.07124809920787811,-94,0.005421268288046122,0,-1505,-3592,0.0003862550656776875,0.0003862550608192336,True,-141470,-145062,True,0.2592221796512604,1638331763,40,1.4439011651537733e-10,1310665411,43,3.133925485225451e-10,-104
6,19,LEAKY_RELU,1,136,0.07124809920787811,-94,0.004238261841237545,0,-2232,-12138,0.0003019681025762111,0.00030196810013345676,True,-209808,-221946,True,0.2592221796512604,1280821872,40,2.731314798348232e-10,2049314995,44,1.7553787016193668e-10,-104
6,19,LEAKY_RELU,1,137,0.07124809920787811,-94,0.0031136649195104837,0,-5997,-8866,0.00022184271074365824,0.00022184270708537276,True,-563718,-572584,True,0.2592221796512604,1881927205,41,1.429967571843732e-10,1505541764,44,1.4299666216798047e-10,-104
6,19,LEAKY_RELU,1,138,0.07124809920787811,-94,0.002476513385772705,0,-7317,-11598,0.00017644687613938004,0.0001764468713991718,True,-687798,-699396,True,0.2592221796512604,1496827062,41,9.12243585704233e-12,1197461650,44,3.2491748945494323e-10,-104
6,19,LEAKY_RELU,1,139,0.07124809920787811,-94,0.003062005853280425,0,-3190,-8155,0.00021816209482494742,0.0002181620968096272,True,-299860,-308015,True,0.2592221796512604,1850703998,41,2.365746944214026e-10,1480563199,44,1.6867640019942112e-10,-104
6,19,LEAKY_RELU,1,140,0.07124809920787811,-94,0.004335472825914621,0,-9447,-10889,0.0003088942030444741,0.0003088941980138246,True,-888018,-898907,True,0.2592221796512604,1310199470,40,2.2794095536056367e-10,2096319152,44,2.2794100085336543e-10,-104
6,19,LEAKY_RELU,1,141,0.07124809920787811,-94,0.0023693402763456106,0,-9894,-12929,0.00016881099145393819,0.0001688109910662934,True,-930036,-942965,True,0.2592221796512604,1432050667,41,3.3193617892244374e-10,1145640533,44,1.9178843246582528e-10,-104
6,19,LEAKY_RELU,1,142,0.07124809920787811,-94,0.004214934539049864,0,-5942,-10920,0.0003003060701303184,0.0003003060741929367,True,-558548,-569468,True,0.2592221796512604,1273772256,40,3.4140082994621786e-10,2038035609,44,4.6999693195422334e-11,-104
6,19,LEAKY_RELU,1,143,0.07124809920787811,-94,0.005832631606608629,0,-325,-9467,0.00041556390351615846,0.0004155639153506571,True,-30550,-40017,True,0.2592221796512604,1762647616,40,7.780640871291538e-11,1410118093,43,6.402558249014883e-11,-104
6,19,LEAKY_RELU,1,144,0.07124809920787811,-94,0.0037626938428729773,0,-6964,-10671,0.00026808478287421167,0.000268084784205886,True,-654616,-665287,True,0.2592221796512604,1137103075,40,4.2562811648535363e-10,1819364919,44,1.2401425438620518e-10,-104
6,19,LEAKY_RELU,1,145,0.07124809920787811,-94,0.0021884115412831306,0,-7454,-14459,0.00015592016279697418,0.00015592016260100594,True,-700676,-715135,True,0.2592221796512604,1322695705,41,2.8115206140096807e-10,2116313127,45,1.9136782931572733e-10,-104
6,19,LEAKY_RELU,1,146,0.07124809920787811,-94,0.001785069121979177,0,-9746,-13183,0.0001271827786695212,0.00012718278189569228,True,-916124,-929307,True,0.2592221796512604,1078911903,41,1.89232079926452e-10,1726259044,45,2.741978150507456e-10,-104
6,19,LEAKY_RELU,1,147,0.07124809920787811,-94,0.0036362309474498034,0,-6698,-12795,0.00025907455710694194,0.0002590745432866602,True,-629612,-642407,True,0.2592221796512604,1098885416,40,2.8764610237869354e-10,1758216666,44,6.014296412719912e-11,-104
6,19,LEAKY_RELU,1,148,0.07124809920787811,-94,0.0022765458561480045,0,-10050,-23269,0.00016219956160057336,0.00016219956501011684,True,-944700,-967969,True,0.2592221796512604,1375964881,41,2.2076252562860918e-10,1100771905,44,4.024531660676698e-10,-104
6,19,LEAKY_RELU,1,149,0.07124809920787811,-94,0.003068798454478383,0,-7418,-11195,0.00021864606242161244,0.00021864605673365886,True,-697292,-708487,True,0.2592221796512604,1854809508,41,1.9933326078428044e-11,1483847606,44,2.496362316941327e-10,-104
6,19,LEAKY_RELU,1,150,0.07124809920787811,-94,0.0020348909310996532,0,-882,-20106,0.00014498211385216564,0.00014498211093619956,True,-82908,-103014,True,0.2592221796512604,1229906461,41,4.231767005722646e-13,1967850338,45,2.0284421697368913e-10,-104
6,19,LEAKY_RELU,1,151,0.07124809920787811,-94,0.004928784444928169,0,-3793,-10108,0.0003511665272526443,0.00035116652310648866,True,-356542,-366650,True,0.2592221796512604,1489500921,40,2.7731320941578506e-10,1191600737,43,1.0947179569031684e-10,-104
6,19,LEAKY_RELU,1,152,0.07124809920787811,-94,0.0059315357357263565,0,-1534,-316,0.00042261063936166465,0.00042261064655410574,True,-144196,-144512,True,0.2592221796512604,1792536891,40,1.767748599265439e-10,1434029513,43,3.1624193705622963e-10,-104
6,19,LEAKY_RELU,1,153,0.07124809920787811,-94,0.0030988508369773626,0,-7530,-9180,0.00022078723122831434,0.00022078723186337926,True,-707820,-717000,True,0.2592221796512604,1872973439,41,2.2661555413971351e-10,1498378752,44,3.0729478315690356e-10,-104
6,19,LEAKY_RELU,1,154,0.07124809920787811,-94,0.0028846757486462593,0,-8649,-21793,0.00020552767091430724,0.00020552766392210875,True,-813006,-834799,True,0.2592221796512604,1743524081,41,1.6088211542955544e-10,1394819265,44,1.7494499356129716e-11,-104
6,19,LEAKY_RELU,1,155,0.07124809920787811,-94,0.0027217338792979717,0,-10212,-15075,0.0001939183712238446,0.00019391836544966484,True,-959928,-975003,True,0.2592221796512604,1645040544,41,3.00003182767929e-10,1316032435,44,1.4803109952328645e-10,-104
6,19,LEAKY_RELU,1,156,0.07124809920787811,-94,0.004588694777339697,0,-4029,-7971,0.0003269357839599252,0.0003269357807305709,True,-378726,-386697,True,0.2592221796512604,1386724288,40,1.7084806745525897e-10,1109379430,43,1.897139159302003e-10,-104
6,19,LEAKY_RELU,1,157,0.07124809920787811,-94,0.004281881731003523,0,-7365,-10340,0.00030507592600770295,0.00030507593436693986,True,-692310,-702650,True,0.2592221796512604,1294003999,40,2.76807536792408e-10,2070406399,44,1.2990571079768747e-11,-104
6,19,LEAKY_RELU,1,158,0.07124809920787811,-94,0.0036981822922825813,0,-4311,-10757,0.00026348847313784063,0.00026348845884936745,True,-405234,-415991,True,0.2592221796512604,1117607393,40,4.078758968579031e-10,1788171828,44,3.950848225644046e-11,-104
6,19,LEAKY_RELU,1,159,0.07124809920787811,-94,0.0025586404372006655,0,-11535,-14470,0.0001822982740122825,0.00018229826770696164,True,-1084290,-1098760,True,0.2592221796512604,1546465394,41,1.3338804339566505e-10,1237172315,44,2.8270924857553424e-11,-104
6,19,LEAKY_RELU,1,160,0.07124809920787811,-94,0.009165734983980656,0,-3495,-5367,0.0006530411774292588,0.0006530411954517729,True,-328530,-333897,True,0.2592221796512604,1384963256,39,1.371666222466823e-10,1107970605,42,3.1767686940008147e-10,-104
6,19,LEAKY_RELU,1,161,0.07124809920787811,-94,0.0027333726175129414,0,-8293,-4492,0.00019474759756121784,0.00019474760342465952,True,-779542,-784034,True,0.2592221796512604,1652075102,41,1.3604682888186049e-11,1321660082,44,2.890448522142554e-10,-104
6,19,LEAKY_RELU,1,162,0.07124809920787811,-94,0.0041692317463457584,0,-9498,-12730,0.00029704984626732767,0.0002970498370842775,True,-892812,-905542,True,0.2592221796512604,1259960665,40,1.4383560708839347e-10,2015937064,44,1.4383570170189437e-10,-104
6,19,LEAKY_RELU,1,163,0.07124809920787811,-94,0.004013224970549345,0,-9190,-11112,0.0002859346568584442,0.00028593465084523345,True,-863860,-874972,True,0.2592221796512604,1212814713,40,9.088418562106621e-11,1940503541,44,1.9395011932240888e-10,-104
6,19,LEAKY_RELU,1,164,0.07124809920787811,-94,0.0021371084731072187,0,-10051,-14403,0.0001522649108665064,0.00015226491650994003,True,-944794,-959197,True,0.2592221796512604,1291687667,41,1.7426410502863207e-10,2066700267,45,7.749139253429454e-11,-104
6,19,LEAKY_RELU,1,165,0.07124809920787811,-94,0.003273814218118787,0,-8923,-16835,0.00023325304209720343,0.00023325304020068924,True,-838762,-855597,True,0.2592221796512604,1978722888,41,2.411163893085277e-10,1582978310,44,1.157196921372806e-11,-104
6,19,LEAKY_RELU,1,166,0.07124809920787811,-94,0.0020420656073838472,0,-4322,-16783,0.0001454932935303077,0.00014549329298388022,True,-406268,-423051,True,0.2592221796512604,1234242900,41,1.290875250173723e-10,1974788640,45,1.2908759745608526e-10,-104
6,19,LEAKY_RELU,1,167,0.07124809920787811,-94,0.0032513400074094534,0,-7493,-13777,0.00023165179300121963,0.0002316517954064519,True,-704342,-718119,True,0.2592221796512604,1965139272,41,2.2961830899970162e-10,1572111417,44,1.520341516055398e-10,-104
6,19,LEAKY_RELU,1,168,0.07124809920787811,-94,0.002278686733916402,0,-8666,-15132,0.0001623520947759971,0.00016235209848175156,True,-814604,-829736,True,0.2592221796512604,1377258847,41,3.20101870159145e-10,1101807077,44,2.244580303048174e-10,-104
6,19,LEAKY_RELU,1,169,0.07124809920787811,-94,0.0037060908507555723,0,-6501,-3350,0.000264051923295483,0.0002640519286080424,True,-611094,-614444,True,0.2592221796512604,1119997395,40,3.2519326755214414e-10,1791995831,44,2.328438246771757e-10,-104
6,19,LEAKY_RELU,1,170,0.07124809920787811,-94,0.0033667604438960552,0,-10786,-13705,0.00023987528402358294,0.0002398752821158659,True,-1013884,-1027589,True,0.2592221796512604,2034900426,41,7.370013632851367e-12,1627920341,44,1.1548606207218558e-10,-104
6,19,LEAKY_RELU,1,171,0.07124809920787811,-94,0.0019465609220787883,0,-9782,-13755,0.00013868875976186246,0.0001386887656904482,True,-919508,-933263,True,0.2592221796512604,1176519006,41,3.2578009730862014e-10,1882430409,45,7.0431388602542325e-12,-104
6,19,LEAKY_RELU,1,172,0.07124809920787811,-94,0.0020654527470469475,0,-7828,-15168,0.00014715957513544708,0.0001471595822307853,True,-735832,-751000,True,0.2592221796512604,1248378299,41,2.8830968018808555e-10,1997405278,45,8.804979928555427e-11,-104
6,19,LEAKY_RELU,1,173,0.07124809920787811,-94,0.002916456200182438,0,-7704,-9770,0.00020779196347575635,0.00020779196068602956,True,-724176,-733946,True,0.2592221796512604,1762732473,41,1.5802855689218826e-10,1410185979,44,2.674472040441304e-10,-104
6,19,LEAKY_RELU,1,174,0.07124809920787811,-94,0.002102622063830495,0,-12401,-17251,0.00014980781998019665,0.00014980782540046853,True,-1165694,-1182945,True,0.2592221796512604,1270843769,41,3.730707643509609e-10,2033350031,45,7.799131414766135e-11,-104
6,19,LEAKY_RELU,1,175,0.07124809920787811,-94,0.002086338819935918,0,-5690,-22385,0.0001486476685386151,0.00014864767522404163,True,-534860,-557245,True,0.2592221796512604,1261002030,41,1.831121696318429e-10,2017603248,45,1.831121696318429e-10,-104
6,19,LEAKY_RELU,1,176,0.07124809920787811,-94,0.003422592068091035,0,-8173,-9515,0.00024385318101849407,0.00024385317921544677,True,-768262,-777777,True,0.2592221796512604,2068645564,41,1.6907107756576702e-11,1654916451,44,1.377591589494402e-10,-104
6,19,LEAKY_RELU,1,177,0.07124809920787811,-94,0.00402472261339426,0,-5154,-12147,0.0002867538423743099,0.00028675383604330473,True,-484476,-496623,True,0.2592221796512604,1216289352,40,4.025737751983853e-10,1946062964,44,8.512591030356245e-12,-104
6,19,LEAKY_RELU,1,178,0.07124809920787811,-94,0.004241481889039278,0,-3769,-3343,0.0003021975280717015,0.00030219752241868875,True,-354286,-357629,True,0.2592221796512604,1281794985,40,2.808197939501085e-10,2050871975,44,2.0677772912816844e-10,-104
6,19,LEAKY_RELU,1,179,0.07124809920787811,-94,0.0016619348898530006,0,725,-17665,0.00011840970546472818,0.00011840970190928057,True,68150,50485,True,0.2592221796512604,2008976921,42,6.198147267656608e-11,1607181537,45,6.245994711606073e-11,-104
6,19,LEAKY_RELU,1,180,0.07124809920787811,-94,0.007674945052713156,0,-2059,-2722,0.0005468252347782254,0.0005468252465307202,True,-193546,-196268,True,0.2592221796512604,1159701530,39,3.6424953235484386e-10,1855522449,43,1.7468218757459288e-10,-104
6,19,LEAKY_RELU,1,181,0.07124809920787811,-94,0.004755306523293257,0,-2992,-4048,0.0003388065379112959,0.0003388065509354679,True,-281248,-285296,True,0.2592221796512604,1437075110,40,4.4416702238787465e-11,1149660088,43,4.4416619286067225e-11,-104
6,19,LEAKY_RELU,1,182,0.07124809920787811,-94,0.002543699461966753,0,-11907,-11747,0.00018123375775758177,0.0001812337516212334,True,-1119258,-1131005,True,0.2592221796512604,1537434933,41,2.5537827267881226e-10,1229947947,44,2.324472112526248e-10,-104
6,19,LEAKY_RELU,1,183,0.07124809920787811,-94,0.004040189553052187,0,-6158,-4644,0.00028785582981072366,0.00028785582609449495,True,-578852,-583496,True,0.2592221796512604,1220963532,40,3.9740213824463766e-10,1953541650,44,2.1686682281885427e-10,-104
6,19,LEAKY_RELU,1,184,0.07124809920787811,-94,0.001779134850949049,0,-4707,-12942,0.00012675997277256101,0.00012675997636461128,True,-442458,-455400,True,0.2592221796512604,1075325176,41,2.0661336386748218e-10,1720520281,45,1.421183856064113e-10,-104
6,19,LEAKY_RELU,1,185,0.07124809920787811,-94,0.002262291731312871,0,-15120,-27441,0.00016118398343678564,0.00016118398570974177,True,-1421280,-1448721,True,0.2592221796512604,1367349559,41,8.713915482119116e-11,1093879647,44,9.569635931702604e-11,-104
6,19,LEAKY_RELU,1,186,0.07124809920787811,-94,0.0017200231086462736,0,-7302,-4079,0.0001225483720190823,0.00012254837708467262,True,-686388,-690467,True,0.2592221796512604,2079195009,42,2.3322087539142705e-10,1663356008,45,2.4773440615948436e-10,-104
6,19,LEAKY_RELU,1,187,0.07124809920787811,-94,0.0031252964399755,0,-7001,-20026,0.0002226714277639985,0.00022267143080940272,True,-658094,-678120,True,0.2592221796512604,1888957401,41,1.1984899523802652e-10,1511165921,44,2.5219707290686363e-10,-104
6,19,LEAKY_RELU,1,188,0.07124809920787811,-94,0.0029249449726194143,0,-12468,-22836,0.00020839677017647773,0.00020839676958677236,True,-1171992,-1194828,True,0.2592221796512604,1767863164,41,1.3028533950711055e-11,1414290531,44,1.5444226115365673e-10,-104
6,19,LEAKY_RELU,1,189,0.07124809920787811,-94,0.004611579235643148,0,-6274,-11552,0.00032856626785360277,0.00032856625488609376,True,-589756,-601308,True,0.2592221796512604,1393640074,40,3.05731386073927e-10,1114912060,43,4.118138679242257e-10,-104
6,19,LEAKY_RELU,1,190,0.07124809920787811,-94,0.004033554345369339,0,-1204,-6656,0.0002873830671887845,0.0002873830801592425,True,-113176,-119832,True,0.2592221796512604,1218958342,40,1.7772277385451867e-10,1950333347,44,7.517617688103673e-11,-104
6,19,LEAKY_RELU,1,191,0.07124809920787811,-94,0.0022839547600597143,0,-6892,-20862,0.00016272743232548237,0.00016272743533103998,True,-647848,-668710,True,0.2592221796512604,1380442889,41,1.0794772186930755e-10,1104354311,44,2.8904915009865554e-10,-104
6,19,LEAKY_RELU,1,192,0.07124809920787811,-94,0.002724188147112727,0,-4684,-11177,0.00019409322703722864,0.00019409322736641324,True,-440296,-451473,True,0.2592221796512604,1646523925,41,8.771055320383615e-11,1317219140,44,8.771058940412687e-11,-104
6,19,LEAKY_RELU,1,193,0.07124809920787811,-94,0.004583172965794802,0,-225,-8641,0.00032654235837981105,0.000326542362153813,True,-21150,-29791,True,0.2592221796512604,1385055571,40,2.6966021753379675e-10,1108044457,43,8.916217373462077e-11,-104
6,19,LEAKY_RELU,1,194,0.07124809920787811,-94,0.003348482307046652,0,-4899,-13474,0.00023857300402596593,0.00023857299960828443,True,-460506,-473980,True,0.2592221796512604,2023852955,41,6.3445861434900146e-12,1619082364,44,6.344497790265593e-12,-104
6,19,LEAKY_RELU,1,195,0.07124809920787811,-94,0.00286532542668283,0,-7517,-17499,0.0002041489933617413,0.00020414899026315395,True,-706598,-724097,True,0.2592221796512604,1731828572,41,6.69046453030033e-11,1385462858,44,3.5561682393164664e-10,-104
6,19,LEAKY_RELU,1,196,0.07124809920787811,-94,0.005241726990789175,0,-6563,-9251,0.0003734630881808698,0.00037346308466035955,True,-616922,-626173,True,0.2592221796512604,1584073572,40,1.6404257564477183e-10,1267258858,43,1.5159929172256905e-10,-104
6,19,LEAKY_RELU,1,197,0.07124809920787811,-94,0.0036716130562126637,0,-9509,-14775,0.00026159544358961284,0.0002615954512819804,True,-893846,-908621,True,0.2592221796512604,1109578049,40,3.5766652990611336e-10,1775324879,44,1.9700245874522275e-11,-104
6,19,LEAKY_RELU,1,198,0.07124809920787811,-94,0.004693820606917143,0,-5697,-13295,0.0003344258002471179,0.00033442579626561525,True,-535518,-548813,True,0.2592221796512604,1418493788,40,2.0439948763079962e-10,1134795031,43,3.243303147742678e-10,-104
6,19,LEAKY_RELU,1,199,0.07124809920787811,-94,0.0063005792908370495,0,-5110,-4855,0.0004489042912609875,0.0004489042983806604,True,-480340,-485195,True,0.2592221796512604,1904063520,40,4.1914691570689916e-11,1523250816,43,4.1914691570689916e-11,-104
6,19,LEAKY_RELU,1,200,0.07124809920787811,-94,0.004030930809676647,0,-5451,-5768,0.00028719616238959134,0.0002871961582279342,True,-512394,-518162,True,0.2592221796512604,1218165497,40,3.6706051532655094e-10,1949064796,44,4.339269603363336e-11,-104
6,19,LEAKY_RELU,1,201,0.07124809920787811,-94,0.0030835147481411695,0,-10174,-11940,0.00021969457156956196,0.00021969456468451734,True,-956356,-968296,True,0.2592221796512604,1863704169,41,1.1114192950043668e-10,1490963335,44,2.299956344185348e-11,-104
6,19,LEAKY_RELU,1,202,0.07124809920787811,-94,0.003033268731087446,0,-7747,-18544,0.00021611462580040097,0.00021611463147667292,True,-728218,-746762,True,0.2592221796512604,1833335022,41,1.0189068684803948e-10,1466668018,44,1.708362371102813e-10,-104
6,19,LEAKY_RELU,1,203,0.07124809920787811,-94,0.0033015741501003504,0,-195,-21603,0.00023523088020738214,0.00023523088258851563,True,-18330,-39933,True,0.2592221796512604,1995501241,41,9.154240231854982e-11,1596400993,44,3.3739403996856225e-11,-104
6,19,LEAKY_RELU,1,204,0.07124809920787811,-94,0.0025377424899488688,0,-8345,-7604,0.000180809322046116,0.00018080932868792463,True,-784430,-792034,True,0.2592221796512604,1533834486,41,2.0044819077832515e-10,1227067589,44,3.634383198454991e-10,-104
6,19,LEAKY_RELU,1,205,0.07124809920787811,-94,0.002594935242086649,0,-13502,-13910,0.0001848842075560242,0.00018488420356620877,True,-1269188,-1283098,True,0.2592221796512604,1568402302,41,1.6772549129073125e-10,1254721841,44,3.104681451056237e-10,-104
6,19,LEAKY_RELU,1,206,0.07124809920787811,-94,0.003043478587642312,0,-2142,-17474,0.0002168420614907518,0.0002168420643493922,True,-201348,-218822,True,0.2592221796512604,1839505952,41,1.5244080788626362e-10,1471604761,44,2.5527749153944527e-10,-104
6,19,LEAKY_RELU,1,207,0.07124809920787811,-94,0.0018798450473695993,0,-16608,-14799,0.00013393539120443165,0.00013393538643042754,True,-1561152,-1575951,True,0.2592221796512604,1136195328,41,2.312699103857577e-10,1817912525,45,1.2125361574817648e-10,-104
6,19,LEAKY_RELU,1,208,0.07124809920787811,-94,0.00564245181158185,0,-6247,-5517,0.00040201397496275604,0.00040201396644725523,True,-587218,-592735,True,0.2592221796512604,1705174423,40,4.856711875664988e-11,1364139538,43,3.417922535179613e-10,-104
6,19,LEAKY_RELU,1,209,0.07124809920787811,-94,0.0036422188859432936,0,-8355,-9793,0.00025950116105377674,0.0002595011725224951,True,-785370,-795163,True,0.2592221796512604,1100694998,40,3.406277696245726e-10,1761111997,44,2.270632121586934e-10,-104
6,19,LEAKY_RELU,1,210,0.07124809920787811,-94,0.004497761372476816,0,-8577,-10407,0.00032045695115812123,0.0003204569484795902,True,-806238,-816645,True,0.2592221796512604,1359243802,40,6.53272516599408e-11,1087395042,43,3.025243867556826e-10,-104
6,19,LEAKY_RELU,1,211,0.07124809920787811,-94,0.0023744702339172363,0,-5960,-29999,0.00016917649190872908,0.0001691764907922888,True,-560240,-590239,True,0.2592221796512604,1435151259,41,1.5507469051044912e-10,1148121007,44,3.292724397739787e-10,-104
6,19,LEAKY_RELU,1,212,0.07124809920787811,-94,0.002172815380617976,0,-14339,-20699,0.00015480896399822086,0.000154808965798673,True,-1347866,-1368565,True,0.2592221796512604,1313269244,41,1.7799118067303828e-10,2101230791,45,1.075557032137883e-10,-104
6,19,LEAKY_RELU,1,213,0.07124809920787811,-94,0.001988822827115655,0,-3864,-9103,0.00014169984206091613,0.0001416998460932288,True,-363216,-372319,True,0.2592221796512604,1202062483,41,1.7046399326532278e-10,1923299972,45,2.454878366631379e-10,-104
6,19,LEAKY_RELU,1,214,0.07124809920787811,-94,0.0030964340548962355,0,-4380,-5767,0.00022061503841541708,0.0002206150407338993,True,-411720,-417487,True,0.2592221796512604,1871512715,41,2.658045263295851e-10,1497210172,44,2.658044944812068e-10,-104
6,19,LEAKY_RELU,1,215,0.07124809920787811,-94,0.004758730530738831,0,-5381,-8550,0.0003390505153220147,0.00033905050495763867,True,-505814,-514364,True,0.2592221796512604,1438109860,40,3.1406197726448324e-10,1150487888,43,3.1406201871100027e-10,-104
6,19,LEAKY_RELU,1,216,0.07124809920787811,-94,0.0021959568839520216,0,-11911,-9057,0.00015645775420125574,0.00015645775392403652,True,-1119634,-1128691,True,0.2592221796512604,1327256178,41,7.665285554392594e-11,2123609885,45,1.708320222129034e-10,-104
6,19,LEAKY_RELU,1,217,0.07124809920787811,-94,0.0024963857140392065,0,-8665,-12110,0.00017786273383535445,0.00017786273701499503,True,-814510,-826620,True,0.2592221796512604,1508838077,41,1.755265086396681e-10,1207070461,44,3.2154468273576016e-10,-104
6,19,LEAKY_RELU,1,218,0.07124809920787811,-94,0.007220019120723009,0,-2049,-2357,0.0005144126480445266,0.0005144126385960499,True,-192606,-194963,True,0.2592221796512604,1090961195,39,2.7297865903856963e-10,1745537912,43,2.7297863172107884e-10,-104
6,19,LEAKY_RELU,1,219,0.07124809920787811,-94,0.002343886997550726,0,-12343,-17576,0.00016699748812243342,0.00016699749333354968,True,-1160242,-1177818,True,0.2592221796512604,1416666475,41,7.89745101129848e-11,1133333180,44,7.89745521868574e-11,-104
6,19,LEAKY_RELU,1,220,0.07124809920787811,-94,0.0036068821791559458,0,-4387,-9682,0.00025698350509628654,0.0002569834993316304,True,-412378,-422060,True,0.2592221796512604,1090016086,40,2.1808416164823195e-11,1744025738,44,2.5116274754529137e-10,-104
6,19,LEAKY_RELU,1,221,0.07124809920787811,-94,0.0037447563372552395,0,-6246,-7521,0.0002668067754711956,0.00026680677102609157,True,-587124,-594645,True,0.2592221796512604,1131682279,40,2.640831010680193e-10,1810691647,44,6.72819623047248e-11,-104
6,19,LEAKY_RELU,1,222,0.07124809920787811,-94,0.0037715216167271137,0,-4968,-13524,0.00026871374575421214,0.00026871374631323025,True,-466992,-480516,True,0.2592221796512604,1139770868,40,3.090906669831636e-10,1823633388,44,1.295939969194282e-10,-104
6,19,LEAKY_RELU,1,223,0.07124809920787811,-94,0.002680127741768956,0,-8044,-12142,0.00019095400057267398,0.00019095400723534092,True,-756136,-768278,True,0.2592221796512604,1619893418,41,8.256331032201797e-11,1295914735,44,3.804299663871898e-10,-104
6,19,LEAKY_RELU,1,224,0.07124809920787811,-94,0.006553952116519213,0,-2636,-3996,0.00046695664059370756,0.0004669566306014436,True,-247784,-251780,True,0.2592221796512604,1980633932,40,1.3459308337995438e-10,1584507146,43,1.1785122419041819e-10,-104
6,19,LEAKY_RELU,1,225,0.07124809920787811,-94,0.005026201251894236,0,-6655,-9493,0.0003581072960514575,0.00035810728543372167,True,-625570,-635063,True,0.2592221796512604,1518940720,40,3.205673100792161e-10,1215152576,43,3.2056738856107385e-10,-104
6,19,LEAKY_RELU,1,226,0.07124809920787811,-94,0.0028829181101173162,0,-9851,-14652,0.0002054024371318519,0.00020540243551782703,True,-925994,-940646,True,0.2592221796512604,1742461749,41,1.8598288869426362e-10,1393969399,44,4.250768196756462e-11,-104
6,19,LEAKY_RELU,1,227,0.07124809920787811,-94,0.0038348210509866476,0,-8205,-11987,0.00027322370442561805,0.0002732237106851561,True,-771270,-783257,True,0.2592221796512604,1158900243,40,3.5418102181924464e-10,1854240388,44,7.72625496200059e-11,-104
6,19,LEAKY_RELU,1,228,0.07124809920787811,-94,0.003175379941239953,0,-5938,-8657,0.00022623979020863771,0.00022623978507617035,True,-558172,-566829,True,0.2592221796512604,1919228321,41,1.9202984053634993e-10,1535382657,44,6.176918441124276e-11,-104
6,19,LEAKY_RELU,1,229,0.07124809920787811,-94,0.0021237472537904978,0,-11891,-11471,0.0001513129536760971,0.00015131295503052408,True,-1117754,-1129225,True,0.2592221796512604,1283612025,41,9.421253326958736e-11,2053779240,45,9.421262613977493e-11,-104
6,19,LEAKY_RELU,1,230,0.07124809920787811,-94,0.0015412773936986923,0,-13220,-16693,0.0001098130815080367,0.00010981308465310424,True,-1242680,-1259373,True,0.2592221796512604,1863123960,42,8.185786965757913e-11,1490499168,45,8.185783766580291e-11,-104
6,19,LEAKY_RELU,1,231,0.07124809920787811,-94,0.0029324458446353674,0,-13716,-10219,0.0002089311892632395,0.00020893119246031058,True,-1289304,-1299523,True,0.2592221796512604,1772396759,41,9.658620108346706e-11,1417917407,44,4.446580545173339e-11,-104
6,19,LEAKY_RELU,1,232,0.07124809920787811,-94,0.004690027330070734,0,-7254,-14046,0.00033415554207749665,0.00033415553250053937,True,-681876,-695922,True,0.2592221796512604,1417347443,40,7.505669612216982e-11,1133877954,43,2.7771499871636464e-10,-104
6,19,LEAKY_RELU,1,233,0.07124809920787811,-94,0.0031798547133803368,0,-4975,-14391,0.000226558608119376,0.00022655860408556106,True,-467650,-482041,True,0.2592221796512604,1921932914,41,3.8073997370360126e-11,1537546331,44,1.6815144043753839e-10,-104
6,19,LEAKY_RELU,1,234,0.07124809920787811,-94,0.0024499697610735893,0,-7928,-10806,0.00017455569468438625,0.00017455568859327253,True,-745232,-756038,True,0.2592221796512604,1480783855,41,3.126292872922092e-10,1184627084,44,3.12629327544299e-10,-104
6,19,LEAKY_RELU,1,235,0.07124809920787811,-94,0.0025687061715871096,0,-13184,-14359,0.0001830154360504821,0.00018301543214912716,True,-1239296,-1253655,True,0.2592221796512604,1552549215,41,2.666719030199782e-10,1242039372,44,2.66671941411447e-10,-104
6,19,LEAKY_RELU,1,236,0.07124809920787811,-94,0.0025056232698261738,0,-5278,-15100,0.00017852090240921825,0.00017852089530614318,True,-496132,-511232,True,0.2592221796512604,1514421339,41,6.568887165807423e-11,1211537071,44,9.939064351625431e-11,-104
6,19,LEAKY_RELU,1,237,0.07124809920787811,-94,0.0017204091418534517,0,-6678,-21183,0.00012257587513886392,0.00012257588121691518,True,-627732,-648915,True,0.2592221796512604,2079661653,42,1.924505729047419e-10,1663729323,45,1.6818495622782922e-10,-104
6,19,LEAKY_RELU,1,238,0.07124809920787811,-94,0.005373951513320208,0,-5578,-5716,0.0003828838234767318,0.00038288383055936487,True,-524332,-530048,True,0.2592221796512604,1624032420,40,1.2049425634435996e-10,1299225936,43,1.204944031508991e-10,-104
6,19,LEAKY_RELU,1,239,0.07124809920787811,-94,0.0052154394797980785,0,-6198,-6357,0.0003715901402756572,0.0003715901494693377,True,-582612,-588969,True,0.2592221796512604,1576129368,40,1.8788761456837975e-10,1260903494,43,1.2934526608852618e-10,-104
6,19,LEAKY_RELU,1,240,0.07124809920787811,-94,0.0022181507665663958,0,-12184,-16816,0.000158039023517631,0.00015803902587435345,True,-1145296,-1162112,True,0.2592221796512604,1340670361,41,2.9422858189965526e-11,2145072578,45,1.5705095212027606e-10,-104
6,19,LEAKY_RELU,1,241,0.07124809920787811,-94,0.0039894976653158665,0,-5961,-7698,0.0002842441317625344,0.00028424412544802297,True,-560334,-568032,True,0.2592221796512604,1205644214,40,6.4348111902852e-11,1929030743,44,2.466888476034309e-10,-104
6,19,LEAKY_RELU,1,242,0.07124809920787811,-94,0.005366641096770763,0,-7982,-10875,0.00038236298132687807,0.00038236297727579915,True,-750308,-761183,True,0.2592221796512604,1621823179,40,1.8190557189554738e-10,1297458543,43,3.3605322597411977e-10,-104
6,19,LEAKY_RELU,1,243,0.07124809920787811,-94,0.0018289488507434726,0,-12068,-22795,0.00013030912668909878,0.0001303091291639056,True,-1134392,-1157187,True,0.2592221796512604,1105433207,41,2.2590894457279697e-10,1768693132,45,2.2640241781514832e-10,-104
6,19,LEAKY_RELU,1,244,0.07124809920787811,-94,0.0037981297355145216,0,-6227,-7237,0.00027060951106250286,0.0002706095242003305,True,-585338,-592575,True,0.2592221796512604,1147811961,40,2.856329916809427e-10,1836499138,44,6.782735886298616e-11,-104
6,19,LEAKY_RELU,1,245,0.07124809920787811,-94,0.003997386898845434,0,-4459,-8811,0.0002848062140401453,0.0002848062183412117,True,-419146,-427957,True,0.2592221796512604,1208028376,40,6.955264459160015e-11,1932845402,44,1.3739608719710334e-10,-104
6,19,LEAKY_RELU,1,246,0.07124809920787811,-94,0.0016239332035183907,0,-11301,-15481,0.0001157021542894654,0.00011570215399124562,True,-1062294,-1077775,True,0.2592221796512604,1963039796,42,5.331492470587198e-11,1570431837,45,7.403852033726748e-11,-104
6,19,LEAKY_RELU,1,247,0.07124809920787811,-94,0.0019469622056931257,0,-2591,-11761,0.0001387173542752862,0.00013871735638521301,True,-243554,-255315,True,0.2592221796512604,1176761545,41,4.94797526117029e-11,1882818472,45,4.947985391454547e-11,-104
6,19,LEAKY_RELU,1,248,0.07124809920787811,-94,0.0019226153381168842,0,-636,-18762,0.00013698269322048873,0.0001369826883487399,True,-59784,-78546,True,0.2592221796512604,1162046078,41,3.0725047812677316e-10,1859273725,45,1.9968161960576764e-10,-104
6,19,LEAKY_RELU,1,249,0.07124809920787811,-94,0.00257475464604795,0,-10472,-5366,0.00018344637646805495,0.00018344637445756942,True,-984368,-989734,True,0.2592221796512604,1556204967,41,1.2156045454040742e-10,1244963974,44,1.9973390663478746e-10,-104
6,19,LEAKY_RELU,1,250,0.07124809920787811,-94,0.002291889628395438,0,-8315,-11476,0.00016329277423210442,0.00016329277961742508,True,-781610,-793086,True,0.2592221796512604,1385238795,41,1.811827186273025e-10,1108191036,44,1.8118280468415416e-10,-104
6,19,LEAKY_RELU,1,251,0.07124809920787811,-94,0.0019770865328609943,0,5337,-20599,0.0001408636599080637,0.0001408636574358399,True,501678,481079,True,0.2592221796512604,1194968961,41,3.9546309852978857e-10,1911950337,45,8.164739101818479e-11,-104
6,19,LEAKY_RELU,1,252,0.07124809920787811,-94,0.0021328339353203773,0,-10772,-8207,0.00015196036838460714,0.00015196036381763534,True,-1012568,-1020775,True,0.2592221796512604,1289104098,41,3.705038095586303e-10,2062566556,45,1.736255450791345e-11,-104
6,19,LEAKY_RELU,1,253,0.07124809920787811,-94,0.004160480573773384,0,-1267,-7860,0.0002964263258036226,0.0002964263326726557,True,-119098,-126958,True,0.2592221796512604,1257316021,40,2.4089014760809314e-10,2011705634,44,4.2053970897345294e-11,-104
6,19,LEAKY_RELU,1,254,0.07124809920787811,-94,0.003177794162184,0,-4939,-30748,0.000226411793846637,0.00022641179372950154,True,-464266,-495014,True,0.2592221796512604,1920687498,41,1.6455730874584073e-10,1536549999,44,2.2592780736402238e-10,-104
6,19,LEAKY_RELU,1,255,0.07124809920787811,-94,0.003491906216368079,0,-7530,-6948,0.00024879167904146016,0.0002487916805283992,True,-707820,-714768,True,0.2592221796512604,2110539661,41,1.9185088197917148e-10,1688431729,44,7.339776566408448e-11,-104
6,19,LEAKY_RELU,1,256,0.07124809920787811,-94,0.004640225321054459,0,-6376,-14349,0.00033060723217204213,0.00033060723402139613,True,-599344,-613693,True,0.2592221796512604,1402297051,40,1.24807619590724e-10,1121837641,43,3.0308640940846533e-10,-104
6,19,LEAKY_RELU,1,257,0.07124809920787811,-94,0.0027813580818474293,0,-5757,-12451,0.00019816648273263127,0.0001981664765480992,True,-541158,-553609,True,0.2592221796512604,1681077950,41,8.581919186556944e-11,1344862360,44,8.581926277797985e-11,-104
6,19,LEAKY_RELU,1,258,0.07124809920787811,-94,0.002429319079965353,0,-14180,-17351,0.0001730843650875613,0.00017308436681696265,True,-1332920,-1350271,True,0.2592221796512604,1468302397,41,1.7204593024258522e-10,1174641918,44,1.684834188480448e-10,-104
6,19,LEAKY_RELU,1,259,0.07124809920787811,-94,0.0034333905205130577,0,-11404,-18175,0.00024462255532853305,0.0002446225484249026,True,-1071976,-1090151,True,0.2592221796512604,2075172246,41,1.0937207966640091e-10,1660137797,44,1.1099761473827345e-11,-104
6,19,LEAKY_RELU,1,260,0.07124809920787811,-94,0.0028527213726192713,0,-3333,-7441,0.00020325098012108356,0.00020325097536881206,True,-313302,-320743,True,0.2592221796512604,1724210568,41,1.455481055267289e-10,1379368454,44,1.4443978120028738e-10,-104
6,19,LEAKY_RELU,1,261,0.07124809920787811,-94,0.002917147008702159,0,-9977,-21728,0.00020784117805305868,0.0002078411794799763,True,-937838,-959566,True,0.2592221796512604,1763150004,41,1.0680852123133248e-10,1410520003,44,2.486002005587471e-10,-104
6,19,LEAKY_RELU,1,262,0.07124809920787811,-94,0.003377005225047469,0,-10049,-15487,0.00024060520809143782,0.00024060520329970483,True,-944606,-960093,True,0.2592221796512604,2041092464,41,1.4180029758983207e-10,1632873971,44,2.642838122702744e-10,-104
6,19,LEAKY_RELU,1,263,0.07124809920787811,-94,0.0023342291824519634,0,-9837,-10582,0.00016630938625894487,0.0001663093923652617,True,-924678,-935260,True,0.2592221796512604,1410829204,41,1.4054558660249237e-10,1128663363,44,3.177464259849986e-10,-104
6,19,LEAKY_RELU,1,264,0.07124809920787811,-94,0.004589637275785208,0,-7765,-9736,0.00032700292649678886,0.0003270029319533199,True,-729910,-739646,True,0.2592221796512604,1387009115,40,3.6306252642002316e-11,1109607292,43,3.630638156252085e-11,-104
6,19,LEAKY_RELU,1,265,0.07124809920787811,-94,0.0023621043656021357,0,-11137,-15392,0.0001682954462012276,0.00016829544617978295,True,-1046878,-1062270,True,0.2592221796512604,1427677217,41,2.0628404181721659e-10,1142141773,44,3.1904482862266086e-10,-104
6,19,LEAKY_RELU,1,266,0.07124809920787811,-94,0.005093794781714678,0,-6442,-8974,0.0003629231941886246,0.0003629231959521792,True,-605548,-614522,True,0.2592221796512604,1539367791,40,3.230693551112238e-10,1231494232,43,3.2654805625655693e-10,-104
6,19,LEAKY_RELU,1,267,0.07124809920787811,-94,0.003132448997348547,0,-6769,-11324,0.00022318103583529592,0.0002231810369267076,True,-636286,-647610,True,0.2592221796512604,1893280471,41,3.3120287570043236e-11,1514624377,44,9.892558973749825e-11,-104
6,19,LEAKY_RELU,1,268,0.07124809920787811,-94,0.0028195588383823633,0,-3852,-9792,0.0002008882147492841,0.0002008882078395162,True,-362088,-371880,True,0.2592221796512604,1704166832,41,2.825902743161819e-10,1363333466,44,1.080823014356506e-11,-104
6,19,LEAKY_RELU,1,269,0.07124809920787811,-94,0.0018846452003344893,0,-9663,-12697,0.00013427739031612873,0.00013427738820508302,True,-908322,-921019,True,0.2592221796512604,1139096584,41,6.765259970693498e-11,1822554535,45,2.6155560409010623e-10,-104
6,19,LEAKY_RELU,1,270,0.07124809920787811,-94,0.002529397839680314,0,-1444,-18438,0.00018021478899754584,0.0001802147882177356,True,-135736,-154174,True,0.2592221796512604,1528790904,41,2.0369002660045664e-10,1223032723,44,4.0162026397093255e-11,-104
6,19,LEAKY_RELU,1,271,0.07124809920787811,-94,0.002480441005900502,0,-9920,-21395,0.00017672670946922153,0.00017672670686768796,True,-932480,-953875,True,0.2592221796512604,1499200951,41,6.614266619734174e-11,1199360761,44,1.006127912428794e-10,-104
6,19,LEAKY_RELU,1,272,0.07124809920787811,-94,0.0026936985086649656,0,-7586,-3287,0.0001919209025800228,0.0001919208985814748,True,-713084,-716371,True,0.2592221796512604,1628095712,41,1.4593273413787056e-10,1302476570,44,1.611744079225216e-10,-104
6,19,LEAKY_RELU,1,273,0.07124809920787811,-94,0.003013468813151121,0,-6982,-7336,0.0002147039194824174,0.0002147039249592378,True,-656308,-663644,True,0.2592221796512604,1821367773,41,4.228974303799866e-11,1457094218,44,2.3222922420912023e-10,-104
6,19,LEAKY_RELU,1,274,0.07124809920787811,-94,0.00271171098574996,0,-6116,-22347,0.0001932042505359277,0.0001932042533358061,True,-574904,-597251,True,0.2592221796512604,1638982616,41,6.343965280154447e-11,1311186093,44,8.909388765804863e-11,-104
6,19,LEAKY_RELU,1,275,0.07124809920787811,-94,0.0045509799383580685,0,-8129,-12110,0.0003242486563976854,0.0003242486701411987,True,-764126,-776236,True,0.2592221796512604,1375326693,40,5.3666281920977937e-11,1100261354,43,4.172163979275616e-10,-104
6,19,LEAKY_RELU,1,276,0.07124809920787811,-94,0.004022371955215931,0,-953,-12622,0.0002865863498300314,0.0002865863561162113,True,-89582,-102204,True,0.2592221796512604,1215578973,40,2.4032325935467965e-11,1944926357,44,1.2686395841442303e-10,-104
6,19,LEAKY_RELU,1,277,0.07124809920787811,-94,0.003057592548429966,0,-7925,-5372,0.00021784765704069287,0.00021784765722780708,True,-744950,-750322,True,0.2592221796512604,1848036557,41,6.412210506415628e-11,1478429246,44,2.0643521657545272e-10,-104
6,19,LEAKY_RELU,1,278,0.07124809920787811,-94,0.0032420919742435217,0,-8518,-11682,0.0002309928968315944,0.00023099289062196784,True,-800692,-812374,True,0.2592221796512604,1959549677,41,1.2201076296174857e-10,1567639741,44,2.6073032684500013e-10,-104
6,19,LEAKY_RELU,1,279,0.07124809920787811,-94,0.003477729856967926,0,-7706,-8233,0.0002477816306054592,0.00024778164186745055,True,-724364,-732597,True,0.2592221796512604,2101971342,41,1.327711280580185e-10,1681577073,44,2.240368380274049e-10,-104
6,19,LEAKY_RELU,1,280,0.07124809920787811,-94,0.0031453347764909267,0,-7217,56,0.0002240991307189688,0.00022409912419741468,True,-678398,-678342,True,0.2592221796512604,1901068752,41,2.0010069974086458e-10,1520855002,44,6.29091575091668e-11,-104
6,19,LEAKY_RELU,1,281,0.07124809920787811,-94,0.0035938129294663668,0,-8326,-14133,0.00025605232804082334,0.00025605234013317477,True,-782644,-796777,True,0.2592221796512604,1086066500,40,2.860577753653193e-10,1737706400,44,2.8605774792471375e-10,-104
6,19,LEAKY_RELU,1,282,0.07124809920787811,-94,0.001848336891271174,0,407,-19667,0.00013169049634598196,0.00013169049019886962,True,38258,18591,True,0.2592221796512604,1117151514,41,7.794291129590712e-11,1787442423,45,2.577321835024934e-10,-104
6,19,LEAKY_RELU,1,283,0.07124809920787811,-94,0.0063826292753219604,0,-5270,-8856,0.0004547502030618489,0.0004547502038152462,True,-495380,-504236,True,0.2592221796512604,1928859396,40,8.712838050761936e-11,1543087517,43,2.167386263013658e-10,-104
6,19,LEAKY_RELU,1,284,0.07124809920787811,-94,0.0034369570203125477,0,50,-4187,0.0002448766608722508,0.00024487665475644155,True,4700,513,True,0.2592221796512604,2077327871,41,3.6656264296838436e-11,1661862297,44,1.5700317895543643e-10,-104
6,19,LEAKY_RELU,1,285,0.07124809920787811,-94,0.002972610993310809,0,-8652,-6531,0.00021179288160055876,0.00021179288295783763,True,-813288,-819819,True,0.2592221796512604,1796672938,41,2.664720403400902e-10,1437338350,44,1.1820256480721133e-11,-104
6,19,LEAKY_RELU,1,286,0.07124809920787811,-94,0.006628899835050106,0,-3316,-5320,0.0004722965240944177,0.0004722965130867368,True,-311704,-317024,True,0.2592221796512604,2003283471,40,1.636148353367819e-10,1602626777,43,3.8819805195407576e-11,-104
6,19,LEAKY_RELU,1,287,0.07124809920787811,-94,0.004708630032837391,0,-1984,-11191,0.0003354809305164963,0.0003354809397127928,True,-186496,-197687,True,0.2592221796512604,1422969264,40,2.152406655426254e-10,1138375411,43,3.9551656662912205e-11,-104
6,19,LEAKY_RELU,1,288,0.07124809920787811,-94,0.0026165489107370377,0,-8481,-3506,0.00018642413488123566,0.00018642413637445787,True,-797214,-800720,True,0.2592221796512604,1581465798,41,2.0039111672536405e-10,1265172639,44,2.7385242442079856e-10,-104
6,19,LEAKY_RELU,1,289,0.07124809920787811,-94,0.00277655734680593,0,-3596,-8966,0.0001978244399651885,0.00019782443330159175,True,-338024,-346990,True,0.2592221796512604,1678176343,41,2.874470431070382e-10,1342541074,44,1.049542416067224e-11,-104
6,19,LEAKY_RELU,1,290,0.07124809920787811,-94,0.0022919585462659597,0,-9647,-23627,0.0001632976927794516,0.0001632976898847012,True,-906818,-930445,True,0.2592221796512604,1385280450,41,1.1947326532257158e-10,1108224360,44,1.1947322229543956e-10,-104
6,19,LEAKY_RELU,1,291,0.07124809920787811,-94,0.004320218227803707,0,-701,-2007,0.00030780734959989786,0.0003078073368942419,True,-65894,-67901,True,0.2592221796512604,1305589462,40,1.163370071162433e-10,2088943139,44,2.0594721457513236e-11,-104
6,19,LEAKY_RELU,1,292,0.07124809920787811,-94,0.0020962320268154144,0,-6255,-18577,0.00014935254876036197,0.00014935254740927606,True,-587970,-606547,True,0.2592221796512604,1266981573,41,2.9804919875985135e-10,2027170517,45,1.9938961016182968e-10,-104
6,19,LEAKY_RELU,1,293,0.07124809920787811,-94,0.0031936662271618843,0,-2904,-13923,0.00022754265228286386,0.00022754264818967973,True,-272976,-286899,True,0.2592221796512604,1930280718,41,1.1944515882984932e-10,1544224574,44,1.3958458467143352e-10,-104
6,19,LEAKY_RELU,1,294,0.07124809920787811,-94,0.004506117198616266,0,-4082,-7157,0.00032105229911394417,0.00032105228520933754,True,-383708,-390865,True,0.2592221796512604,1361768970,40,3.594087031284455e-10,1089415176,43,3.594087031284455e-10,-104
6,19,LEAKY_RELU,1,295,0.07124809920787811,-94,0.00374391907826066,0,-6616,-12811,0.0002667471126187593,0.0002667471179141831,True,-621904,-634715,True,0.2592221796512604,1131429256,40,1.3346374992438704e-10,1810286809,44,1.979755225430522e-10,-104
6,19,LEAKY_RELU,1,296,0.07124809920787811,-94,0.002599061466753483,0,-9220,-16729,0.00018517818534746766,0.00018517818923062535,True,-866680,-883409,True,0.2592221796512604,1570896229,41,1.2727688207050825e-10,1256716983,44,2.8642170357620733e-10,-104
6,19,LEAKY_RELU,1,297,0.07124809920787811,-94,0.002704485086724162,0,-11220,-19894,0.00019268941832706332,0.00019268942176514994,True,-1054680,-1074574,True,0.2592221796512604,1634615217,41,2.7983598765822306e-10,1307692174,44,2.6046250706809206e-11,-104
6,19,LEAKY_RELU,1,298,0.07124809920787811,-94,0.002924136584624648,0,-4098,-10731,0.00020833917369600385,0.0002083391734787228,True,-385212,-395943,True,0.2592221796512604,1767374567,41,9.279626370036586e-12,1413899654,44,2.736258143452199e-10,-104
6,19,LEAKY_RELU,1,299,0.07124809920787811,-94,0.0049630384892225266,0,-2972,-9730,0.00035360705805942416,0.0003536070586526441,True,-279368,-289098,True,0.2592221796512604,1499852648,40,2.108504475812272e-10,1199882119,43,2.8919855525116824e-10,-104
6,19,LEAKY_RELU,1,300,0.07124809920787811,-94,0.0032806096132844687,0,-10016,-16028,0.00023373719886876643,0.00023373719918961047,True,-941504,-957532,True,0.2592221796512604,1982830086,41,1.2738005899807434e-10,1586264069,44,2.5346244103996164e-10,-104
6,19,LEAKY_RELU,1,301,0.07124809920787811,-94,0.004059613682329655,0,-9165,-12710,0.0002892397460527718,0.0002892397583842826,True,-861510,-874220,True,0.2592221796512604,1226833591,40,9.507700805200663e-11,1962933746,44,1.086995856179888e-10,-104
6,19,LEAKY_RELU,1,302,0.07124809920787811,-94,0.005565862637013197,0,-2662,-5713,0.0003965571231674403,0.00039655713333933834,True,-250228,-255941,True,0.2592221796512604,1682028829,40,2.420006323200805e-10,1345623063,43,9.337056406270404e-11,-104
6,19,LEAKY_RELU,1,303,0.07124809920787811,-94,0.0035485969856381416,0,-4617,-5108,0.00025283079594373703,0.00025283079008152354,True,-433998,-439106,True,0.2592221796512604,2144804074,41,2.1884400691299454e-10,1715843260,44,2.473989628246793e-10,-104
6,19,LEAKY_RELU,1,304,0.07124809920787811,-94,0.002540900371968746,0,-6102,-16794,0.000181034323759377,0.00018103432177936363,True,-573588,-590382,True,0.2592221796512604,1535743138,41,7.30426505517592e-11,1228594510,44,3.9861800674310697e-10,-104
6,19,LEAKY_RELU,1,305,0.07124809920787811,-94,0.002538736443966627,0,397,-7111,0.00018088014621753246,0.00018088014602238994,True,37318,30207,True,0.2592221796512604,1534435240,41,3.1268195494119074e-10,1227548192,44,3.1268199378587003e-10,-104
6,19,LEAKY_RELU,1,306,0.07124809920787811,-94,0.0031173620373010635,0,-7232,-16880,0.0002221061149612069,0.0002221061197004992,True,-679808,-696688,True,0.2592221796512604,1884161776,41,6.45026320988395e-11,1507329421,44,6.818230183784427e-11,-104
6,19,LEAKY_RELU,1,307,0.07124809920787811,-94,0.003478287486359477,0,-8412,-16919,0.0002478213864378631,0.000247821371901661,True,-790728,-807647,True,0.2592221796512604,2102308378,41,1.782183967937366e-11,1681846702,44,2.2001207834132977e-10,-104
6,19,LEAKY_RELU,1,308,0.07124809920787811,-94,0.0021958700381219387,0,-12636,-14814,0.00015645156963728368,0.00015645156632371898,True,-1187784,-1202598,True,0.2592221796512604,1327203687,41,3.722380562082453e-10,2123525900,45,4.493801384095632e-12,-104
6,19,LEAKY_RELU,1,309,0.07124809920787811,-94,0.0027299216017127037,0,-7896,-14120,0.00019450172840151936,0.00019450172510855623,True,-742224,-756344,True,0.2592221796512604,1649989277,41,6.183967898084103e-11,1319991422,44,3.6487184299955633e-10,-104
6,19,LEAKY_RELU,1,310,0.07124809920787811,-94,0.004250470548868179,0,216,-6201,0.00030283795786090195,0.0003028379473459242,True,20304,14103,True,0.2592221796512604,1284511398,40,1.8683758125884838e-10,2055218237,44,8.952438437768054e-11,-104
6,19,LEAKY_RELU,1,311,0.07124809920787811,-94,0.004086902365088463,0,-6918,-10906,0.0002911840274464339,0.0002911840251607345,True,-650292,-661198,True,0.2592221796512604,1235080354,40,2.4524185745244117e-10,1976128567,44,5.838208805945699e-11,-104
6,19,LEAKY_RELU,1,312,0.07124809920787811,-94,0.0039208377711474895,0,1853,-14250,0.00027935224352404475,0.00027935223849671204,True,174182,159932,True,0.2592221796512604,1184894884,40,5.1173794007645264e-11,1895831814,44,1.5981548664324745e-10,-104
6,19,LEAKY_RELU,1,313,0.07124809920787811,-94,0.002548632211983204,0,-9032,-7199,0.00018158520106226206,0.00018158520068377315,True,-849008,-856207,True,0.2592221796512604,1540416332,41,4.070655359389869e-11,1232333066,44,2.8388094290529913e-10,-104
6,19,LEAKY_RELU,1,314,0.07124809920787811,-94,0.0040732393972575665,0,-2072,-5173,0.00029021056252531707,0.00029021056467324474,True,-194768,-199941,True,0.2592221796512604,1230951344,40,2.3396837296730205e-10,1969522150,44,3.0873375848442006e-11,-104
6,19,LEAKY_RELU,1,315,0.07124809920787811,-94,0.006258453242480755,0,-5918,-7006,0.00044590290053747594,0.0004459028975081353,True,-556292,-563298,True,0.2592221796512604,1891332838,40,8.803093600861349e-11,1513066270,43,1.7633299233446843e-10,-104
6,19,LEAKY_RELU,1,316,0.07124809920787811,-94,0.0034910014364868402,0,-5148,-13425,0.0002487272140569985,0.0002487272166816594,True,-483912,-497337,True,0.2592221796512604,2109992804,41,1.285947195304723e-10,1687994243,44,2.470786206640923e-10,-104
6,19,LEAKY_RELU,1,317,0.07124809920787811,-94,0.003976179752498865,0,-4224,-13638,0.0002832952595781535,0.0002832952494743954,True,-397056,-410694,True,0.2592221796512604,1201619481,40,2.7428406469786413e-10,1922591169,44,3.779483834866839e-11,-104
6,19,LEAKY_RELU,1,318,0.07124809920787811,-94,0.0029835051391273737,0,-11863,-11780,0.00021256906620692462,0.0002125690701397613,True,-1115122,-1126902,True,0.2592221796512604,1803257458,41,1.8558732185503403e-10,1442605966,44,9.168880213556076e-11,-104
6,19,LEAKY_RELU,1,319,0.07124809920787811,-94,0.0033502273727208376,0,-6145,-724,0.0002386973355896771,0.00023869733222056308,True,-577630,-578354,True,0.2592221796512604,2024907688,41,2.1963308335949724e-10,1619926151,44,1.5075408315974058e-10,-104
6,19,LEAKY_RELU,1,320,0.07124809920787811,-94,0.003210188588127494,0,-2146,-4228,0.0002287198294652626,0.00022871983500290585,True,-201724,-205952,True,0.2592221796512604,1940266982,41,3.989275312299833e-12,1552213586,44,2.6168567783143533e-10,-104
6,19,LEAKY_RELU,1,321,0.07124809920787811,-94,0.005736734718084335,0,-2243,-6134,0.00040873143007047474,0.0004087314443233514,True,-210842,-216976,True,0.2592221796512604,1733667143,40,1.623709840481307e-10,1386933715,43,2.702379418908505e-10,-104
6,19,LEAKY_RELU,1,322,0.07124809920787811,-94,0.003541562706232071,0,-4789,-9667,0.0002523295988794416,0.0002523296110445439,True,-450166,-459833,True,0.2592221796512604,2140552492,41,2.1115549088449975e-10,1712441994,44,2.2428952078015187e-11,-104
6,19,LEAKY_RELU,1,323,0.07124809920787811,-94,0.004211129620671272,0,-2124,-8972,0.00030003496794961393,0.00030003498099082093,True,-199656,-208628,True,0.2592221796512604,1272622392,40,3.5520858125218926e-11,2036195827,44,1.3374323797751363e-10,-104
6,19,LEAKY_RELU,1,324,0.07124809920787811,-94,0.002322868909686804,0,-7482,-13112,0.00016549999418202788,0.00016549999452426106,True,-703308,-716420,True,0.2592221796512604,1403962953,41,2.0251034121064849e-10,1123170362,44,1.5362441222629293e-10,-104
6,19,LEAKY_RELU,1,325,0.07124809920787811,-94,0.002739438321441412,0,-5128,-12064,0.0001951797748915851,0.0001951797732999208,True,-482032,-494096,True,0.2592221796512604,1655741268,41,1.640044804333531e-10,1324593015,44,2.8896480575125133e-10,-104
6,19,LEAKY_RELU,1,326,0.07124809920787811,-94,0.005742006003856659,0,-2845,-8532,0.0004091070150025189,0.000409107013415011,True,-267430,-275962,True,0.2592221796512604,1735260150,40,2.0109563810388056e-10,1388208120,43,2.0109550070743357e-10,-104
6,19,LEAKY_RELU,1,327,0.07124809920787811,-94,0.0037237268406897783,0,-7410,-11276,0.000265308452071622,0.00026530845936850386,True,-696540,-707816,True,0.2592221796512604,1125327070,40,4.0122065910730625e-10,1800523313,44,1.5417332118674956e-10,-104
6,19,LEAKY_RELU,1,328,0.07124809920787811,-94,0.003175717080011964,0,-4925,-17985,0.00022626380086876452,0.0002262638055728454,True,-462950,-480935,True,0.2592221796512604,1919432091,41,4.579736398224066e-11,1535545673,44,8.444937032119845e-11,-104
6,19,LEAKY_RELU,1,329,0.07124809920787811,-94,0.0033400857355445623,0,-3615,-4396,0.00023797476023901254,0.00023797475984889752,True,-339810,-344206,True,0.2592221796512604,2018777991,41,1.5882584813273952e-10,1615022393,44,3.4988585456910825e-11,-104
6,19,LEAKY_RELU,1,330,0.07124809920787811,-94,0.002014070749282837,0,-10581,-11680,0.00014349870616570115,0.00014349871255658897,True,-994614,-1006294,True,0.2592221796512604,1217322555,41,2.5255880198102637e-11,1947716088,45,2.5255978125549273e-11,-104
6,19,LEAKY_RELU,1,331,0.07124809920787811,-94,0.0059197163209319115,0,-5413,-5517,0.0004217685491312295,0.00042176853571625206,True,-508822,-514339,True,0.2592221796512604,1788965010,40,8.202332602538308e-11,1431172008,43,8.202345929717864e-11,-104
6,19,LEAKY_RELU,1,332,0.07124809920787811,-94,0.0022284621372818947,0,-9616,-13595,0.00015877369150985032,0.00015877369143806053,True,-903904,-917499,True,0.2592221796512604,1346902647,41,2.613785765303021e-10,1077522117,44,2.9545462969720293e-10,-104
6,19,LEAKY_RELU,1,333,0.07124809920787811,-94,0.0027948811184614897,0,-3922,-12617,0.00019912996503990144,0.00019912996720236956,True,-368668,-381285,True,0.2592221796512604,1689251396,41,2.1634740994089298e-10,1351401117,44,3.6434188929238276e-10,-104
6,19,LEAKY_RELU,1,334,0.07124809920787811,-94,0.0020734958816319704,0,-11843,-10891,0.0001477326441090554,0.00014773264028164132,True,-1113242,-1124133,True,0.2592221796512604,1253239642,41,1.2675260166779177e-10,2005183427,45,2.7011007932653897e-11,-104
6,19,LEAKY_RELU,1,335,0.07124809920787811,-94,0.0027590699028223753,0,-7432,-14263,0.0001965784904314205,0.00019657848615775922,True,-698608,-712871,True,0.2592221796512604,1667606773,41,2.402486339362368e-10,1334085419,44,2.094975373700814e-10,-104
6,19,LEAKY_RELU,1,336,0.07124809920787811,-94,0.006013324484229088,0,-1642,-2894,0.00042843795381486416,0.00042843793942151653,True,-154348,-157242,True,0.2592221796512604,1817253820,40,5.4412587826274775e-11,1453803056,43,5.441255502697942e-11,-104
6,19,LEAKY_RELU,1,337,0.07124809920787811,-94,0.002636141376569867,0,-10262,-12952,0.0001878200564533472,0.00018782006232384227,True,-964628,-977580,True,0.2592221796512604,1593307662,41,2.1630504998317884e-10,1274646129,44,2.544138686878302e-10,-104
6,19,LEAKY_RELU,1,338,0.07124809920787811,-94,0.003088254714384675,0,-9407,-11999,0.00022003227786626667,0.0002200322782696766,True,-884258,-896257,True,0.2592221796512604,1866569047,41,1.1200021735327492e-10,1493255238,44,1.5587083833238467e-10,-104
6,19,LEAKY_RELU,1,339,0.07124809920787811,-94,0.005212562158703804,0,-4470,-3541,0.00037138513289391994,0.0003713851458105599,True,-420180,-423721,True,0.2592221796512604,1575259828,40,1.7330156601306857e-10,1260207863,43,3.0281032799593616e-10,-104
6,19,LEAKY_RELU,1,340,0.07124809920787811,-94,0.0031174004543572664,0,-6052,-4422,0.00022210885072126985,0.00022210885684273082,True,-568888,-573310,True,0.2592221796512604,1884184996,41,1.3940031049427939e-10,1507347997,44,2.7208367256625404e-10,-104
6,19,LEAKY_RELU,1,341,0.07124809920787811,-94,0.0018369534518569708,0,-5512,-11285,0.00013087944535072893,0.0001308794417781596,True,-518128,-529413,True,0.2592221796512604,1110271260,41,4.2558313345360973e-10,1776434017,45,1.3734225518044447e-10,-104
6,19,LEAKY_RELU,1,342,0.07124809920787811,-94,0.004639237187802792,0,-6078,-10804,0.0003305368300061673,0.00033053683140545076,True,-571332,-582136,True,0.2592221796512604,1401998432,40,3.5175792716330627e-10,1121598746,43,4.875724913550503e-12,-104
6,19,LEAKY_RELU,1,343,0.07124809920787811,-94,0.0032208377961069345,0,-10667,-11083,0.00022947856632526964,0.00022947857082951037,True,-1002698,-1013781,True,0.2592221796512604,1946703459,41,2.542506052984655e-10,1557362768,44,2.594381934263588e-10,-104
6,19,LEAKY_RELU,1,344,0.07124809920787811,-94,0.0034150320570915937,0,-8647,-3274,0.00024331454187631607,0.00024331454280174594,True,-812818,-816092,True,0.2592221796512604,2064076225,41,4.522243002149509e-11,1651260980,44,4.522248777580091e-11,-104
6,19,LEAKY_RELU,1,345,0.07124809920787811,-94,0.004792152438312769,0,-2576,-9686,0.0003414317616261542,0.00034143175234418316,True,-242144,-251830,True,0.2592221796512604,1448210112,40,8.329857634011722e-11,1158568090,43,4.285522222611553e-10,-104
6,19,LEAKY_RELU,1,346,0.07124809920787811,-94,0.0015024886233732104,0,-4251,-16457,0.00010704946180339903,0.00010704945849680271,True,-399594,-416051,True,0.2592221796512604,1816235393,42,2.638272934806783e-10,1452988315,45,1.491147092373802e-10,-104
6,19,LEAKY_RELU,1,347,0.07124809920787811,-94,0.004971944261342287,0,-820,6446,0.00035424157977104187,0.00035424157798815553,True,-77080,-70634,True,0.2592221796512604,1502544013,40,8.245582047026891e-11,1202035210,43,2.5031313386000795e-10,-104
6,19,LEAKY_RELU,1,348,0.07124809920787811,-94,0.0016352453967556357,0,-10886,-25268,0.00011650812666630372,0.00011650812625727154,True,-1023284,-1048552,True,0.2592221796512604,1976714180,42,1.6802304298046805e-10,1581371344,45,1.680230128270724e-10,-104
6,19,LEAKY_RELU,1,349,0.07124809920787811,-94,0.0025967350229620934,0,-12307,-8928,0.00018501243903301656,0.00018501243453257488,True,-1156858,-1165786,True,0.2592221796512604,1569490106,41,2.826214488164242e-10,1255592084,44,3.545281556695957e-10,-104
6,19,LEAKY_RELU,1,350,0.07124809920787811,-94,0.002176270354539156,0,-7601,-12226,0.00015505512419622391,0.00015505512612336986,True,-714494,-726720,True,0.2592221796512604,1315357462,41,2.415203572792645e-10,2104571939,45,1.4648913311115887e-10,-104
6,19,LEAKY_RELU,1,351,0.07124809920787811,-94,0.001992121571674943,0,-594,-13910,0.00014193487004376948,0.0001419348753728504,True,-55836,-69746,True,0.2592221796512604,1204056274,41,1.6110026075873756e-10,1926490038,45,4.653128026084759e-11,-104
6,19,LEAKY_RELU,1,352,0.07124809920787811,-94,0.002036319812759757,0,-9903,-13045,0.0001450839190511033,0.00014508391603847495,True,-930882,-943927,True,0.2592221796512604,1230770090,41,1.3219883749711635e-11,1969232144,45,1.3219835320971564e-11,-104
6,19,LEAKY_RELU,1,353,0.07124809920787811,-94,0.0019514422165229917,0,-6467,-24203,0.00013903655053582042,0.00013903654864127167,True,-607898,-632101,True,0.2592221796512604,1179469304,41,6.282427362536506e-11,1887150887,45,2.5511527689963624e-10,-104
6,19,LEAKY_RELU,1,354,0.07124809920787811,-94,0.0052625383250415325,0,-7671,-13137,0.00037494584103114903,0.0003749458526678198,True,-721074,-734211,True,0.2592221796512604,1590362851,40,2.960340726254776e-10,1272290281,43,1.3883720439289825e-10,-104
6,19,LEAKY_RELU,1,355,0.07124809920787811,-94,0.004797875881195068,0,-7674,-11227,0.0003418395353946835,0.00034183953677047185,True,-721356,-732583,True,0.2592221796512604,1449939762,40,1.1713399469110168e-10,1159951810,43,2.2770783518082334e-10,-104
6,19,LEAKY_RELU,1,356,0.07124809920787811,-94,0.0021892657969146967,0,-8473,-14880,0.00015598103345837444,0.00015598102669099265,True,-796462,-811342,True,0.2592221796512604,1323212024,41,3.3916086043085837e-10,2117139239,45,5.575958892722799e-11,-104
6,19,LEAKY_RELU,1,357,0.07124809920787811,-94,0.0023407405242323875,0,-8272,-10440,0.00016677331586834043,0.00016677331309040977,True,-777568,-788008,True,0.2592221796512604,1414764718,41,6.530216524841184e-12,1131811774,44,3.468855231038556e-10,-104
6,19,LEAKY_RELU,1,358,0.07124809920787811,-94,0.002121624769642949,0,-14717,-14387,0.0001511617301730439,0.00015116173206941239,True,-1383398,-1397785,True,0.2592221796512604,1282329177,41,3.6758574730860214e-10,2051726682,45,2.1728752340255327e-10,-104
6,19,LEAKY_RELU,1,359,0.07124809920787811,-94,0.003820335026830435,0,-7160,-13199,0.0002721915952861309,0.0002721916089989465,True,-673040,-686239,True,0.2592221796512604,1154522501,40,2.9485721781556363e-10,1847236001,44,2.995249268817393e-11,-104
6,19,LEAKY_RELU,1,360,0.07124809920787811,-94,0.002787625417113304,0,-5534,-17659,0.0001986130082514137,0.0001986130122728913,True,-520196,-537855,True,0.2592221796512604,1684865984,41,1.1580225166243487e-10,1347892787,44,2.64182076262383e-10,-104
6,19,LEAKY_RELU,1,361,0.07124809920787811,-94,0.003303559496998787,0,-8112,-12309,0.0002353723393753171,0.0002353723347812975,True,-762528,-774837,True,0.2592221796512604,1996701203,41,1.0879221753484218e-10,1597360962,44,1.4162087307302964e-10,-104
6,19,LEAKY_RELU,1,362,0.07124809920787811,-94,0.002260709647089243,0,-10294,-20393,0.0001610712643014267,0.0001610712652160215,True,-967636,-988029,True,0.2592221796512604,1366393333,41,8.468454980444323e-11,1093114666,44,2.812422505993008e-10,-104
6,19,LEAKY_RELU,1,363,0.07124809920787811,-94,0.0033723320811986923,0,-7084,749,0.00024027224571909755,0.0002402722506831545,True,-665896,-665147,True,0.2592221796512604,2038267974,41,3.323817527832801e-11,1630614379,44,8.941509780248066e-11,-104
6,19,LEAKY_RELU,1,364,0.07124809920787811,-94,0.004690377973020077,0,-6170,-8213,0.0003341805131640285,0.0003341805151441807,True,-579980,-588193,True,0.2592221796512604,1417453409,40,1.575491479508148e-10,1133962727,43,1.8823492202317245e-11,-104
6,19,LEAKY_RELU,1,365,0.07124809920787811,-94,0.007256470620632172,0,-5853,-14879,0.0005170097574591637,0.0005170097386778538,True,-550182,-565061,True,0.2592221796512604,1096469099,39,3.1020011956603943e-10,1754350558,43,8.219543643131003e-11,-104
6,19,LEAKY_RELU,1,366,0.07124809920787811,-94,0.0038820630870759487,0,-3481,-12336,0.0002765896206256002,0.00027658961595922876,True,-327214,-339550,True,0.2592221796512604,1173176999,40,2.3598354053181256e-10,1877083199,44,8.366127063181085e-11,-104
6,19,LEAKY_RELU,1,367,0.07124809920787811,-94,0.0027029484044760466,0,-7601,-5392,0.0001925799297168851,0.00019257993607588522,True,-714494,-719886,True,0.2592221796512604,1633686433,41,1.0711894076317787e-10,1306949146,44,1.989374898787595e-10,-104
6,19,LEAKY_RELU,1,368,0.07124809920787811,-94,0.00386075209826231,0,-7513,-10958,0.00027507124468684196,0.00027507124851401665,True,-706222,-717180,True,0.2592221796512604,1166736722,40,1.7198701538327337e-10,1866778756,44,2.565585778741547e-10,-104
6,19,LEAKY_RELU,1,369,0.07124809920787811,-94,0.0023278607986867428,0,-5330,-11299,0.0001658556575421244,0.00016585565712696343,True,-501020,-512319,True,0.2592221796512604,1406980096,41,3.4000885186441546e-10,1125584076,44,3.707332144791898e-10,-104
6,19,LEAKY_RELU,1,370,0.07124809920787811,-94,0.002414245391264558,0,-15704,-7105,0.00017201039008796215,0.00017201039514897973,True,-1476176,-1483281,True,0.2592221796512604,1459191724,41,2.513251944464336e-10,1167353379,44,7.999738661950212e-11,-104
6,19,LEAKY_RELU,1,371,0.07124809920787811,-94,0.0029238646384328604,0,-5235,-7478,0.0002083198050968349,0.0002083197978294711,True,-492090,-499568,True,0.2592221796512604,1767210200,41,1.5926261062786979e-10,1413768160,44,1.5926274554027524e-10,-104
6,19,LEAKY_RELU,1,372,0.07124809920787811,-94,0.003175123827531934,0,-4245,-9660,0.00022622154210694134,0.0002262215374612929,True,-399030,-408690,True,0.2592221796512604,1919073524,41,3.6573922065258e-11,1535258819,44,9.369730333975063e-11,-104
6,19,LEAKY_RELU,1,373,0.07124809920787811,-94,0.0032223279122263193,0,-8461,-15821,0.0002295847370987758,0.00022958473877061555,True,-795334,-811155,True,0.2592221796512604,1947604099,41,7.111924575085374e-11,1558083279,44,1.9948218097188628e-10,-104
6,19,LEAKY_RELU,1,374,0.07124809920787811,-94,0.0035801331978291273,0,-5571,-8910,0.00025507769896648824,0.0002550776852563476,True,-523674,-532584,True,0.2592221796512604,1081932423,40,3.975360267940207e-13,1731091877,44,1.1513642685113105e-10,-104
6,19,LEAKY_RELU,1,375,0.07124809920787811,-94,0.003759401384741068,0,-6901,-15348,0.0002678502060007304,0.00026785020282226596,True,-648694,-664042,True,0.2592221796512604,1136108079,40,1.7841813436784715e-10,1817772926,44,4.163140517006272e-11,-104
6,19,LEAKY_RELU,1,376,0.07124809920787811,-94,0.004623296670615673,0,-7679,-7993,0.0003294011112302542,0.00032940109985547805,True,-721826,-729819,True,0.2592221796512604,1397181136,40,1.4290479044848032e-10,1117744909,43,3.602691248017545e-11,-104
6,19,LEAKY_RELU,1,377,0.07124809920787811,-94,0.0042714886367321014,0,-1281,-5776,0.00030433543724939227,0.0003043354461552128,True,-120414,-126190,True,0.2592221796512604,1290863159,40,2.527094816177386e-10,2065381055,44,3.7793743208020655e-11,-104
6,19,LEAKY_RELU,1,378,0.07124809920787811,-94,0.0048871347680687904,0,-6215,-6162,0.0003481990715954453,0.00034819906279763557,True,-584210,-590372,True,0.2592221796512604,1476914201,40,3.764859364473042e-11,1181531361,43,2.0692044426417757e-10,-104
6,19,LEAKY_RELU,1,379,0.07124809920787811,-94,0.002661776961758733,0,-6411,-16609,0.0001896465546451509,0.00018964654904063058,True,-602634,-619243,True,0.2592221796512604,1608802041,41,4.768617466667041e-11,1287041633,44,2.0308122914287985e-10,-104
6,19,LEAKY_RELU,1,380,0.07124809920787811,-94,0.012044238857924938,0,-1916,-2240,0.0008581291185691953,0.0008581291250328166,True,-180104,-182344,True,0.2592221796512604,1819911692,39,4.163095187700387e-11,1455929354,42,3.1636945891819116e-10,-104
6,19,LEAKY_RELU,1,381,0.07124809920787811,-94,0.0029487689025700092,0,-11686,-17009,0.00021009417832829058,0.0002100941793114139,True,-1098484,-1115493,True,0.2592221796512604,1782262562,41,2.8015340034431425e-10,1425810050,44,3.8877773123520086e-13,-104
6,19,LEAKY_RELU,1,382,0.07124809920787811,-94,0.006606952287256718,0,1563,-6245,0.00047073280438780785,0.00047073279202418383,True,146922,140677,True,0.2592221796512604,1996650823,40,1.265683131221348e-10,1597320659,43,2.490606810219399e-10,-104
6,19,LEAKY_RELU,1,383,0.07124809920787811,-94,0.002586526330560446,0,-6600,-17767,0.0001842850906541571,0.00018428508460355958,True,-620400,-638167,True,0.2592221796512604,1563319880,41,2.2492805662394643e-10,1250655904,44,2.249279422430467e-10,-104
6,19,LEAKY_RELU,1,384,0.07124809920787811,-94,0.0034556651953607798,0,-7306,-10119,0.00024620958720333874,0.00024620957666827634,True,-686764,-696883,True,0.2592221796512604,2088635261,41,3.647128547777861e-11,1670908209,44,1.5616661259781054e-10,-104
6,19,LEAKY_RELU,1,385,0.07124809920787811,-94,0.002703700913116336,0,-8352,-14524,0.00019263355352450162,0.00019263355088614334,True,-785088,-799612,True,0.2592221796512604,1634141256,41,9.485116984467808e-11,1307313005,44,2.478366841024908e-10,-104
6,19,LEAKY_RELU,1,386,0.07124809920787811,-94,0.0020466309506446123,0,-6425,-12127,0.00014581855793949217,0.00014581856501344123,True,-603950,-616077,True,0.2592221796512604,1237002235,41,1.0728585389190809e-10,1979203576,45,1.0728575752240591e-10,-104
6,19,LEAKY_RELU,1,387,0.07124809920787811,-94,0.002485256642103195,0,-7106,-13985,0.00017706981452647597,0.00017706981179360648,True,-667964,-681949,True,0.2592221796512604,1502111565,41,8.138707345914338e-11,1201689252,44,8.138703377857228e-11,-104
6,19,LEAKY_RELU,1,388,0.07124809920787811,-94,0.0031634406186640263,0,-6176,-10983,0.00022538912890013307,0.00022538913103680586,True,-580544,-591527,True,0.2592221796512604,1912012087,41,2.6434991629386113e-11,1529609670,44,2.87939583471735e-10,-104
6,19,LEAKY_RELU,1,389,0.07124809920787811,-94,0.004492256324738264,0,688,-6977,0.00032006471883505583,0.00032006472429216976,True,64672,57695,True,0.2592221796512604,1357580152,40,1.4938031001248346e-10,1086064121,43,4.0307330284549237e-10,-104
6,19,LEAKY_RELU,1,390,0.07124809920787811,-94,0.0032737141009420156,0,567,-13370,0.00023324591165874153,0.00023324590704214623,True,53298,39928,True,0.2592221796512604,1978662376,41,1.0267255696081819e-10,1582929901,44,2.2902044947855298e-10,-104
6,19,LEAKY_RELU,1,391,0.07124809920787811,-94,0.003041565418243408,0,-4139,-12309,0.0002167057537008077,0.00021670575466625763,True,-389066,-401375,True,0.2592221796512604,1838349615,41,8.038858580037232e-11,1470679692,44,8.038855337746196e-11,-104
6,19,LEAKY_RELU,1,392,0.07124809920787811,-94,0.005442790687084198,0,-6297,-11788,0.0003877884882967919,0.00038778849084109,True,-591918,-603706,True,0.2592221796512604,1644835929,40,2.659602040080924e-10,1315868744,43,3.42003169178924e-10,-104
6,19,LEAKY_RELU,1,393,0.07124809920787811,-94,0.0020120854023844004,0,-1012,-26425,0.00014335726154968143,0.0001433572603638071,True,-95128,-121553,True,0.2592221796512604,1216122593,41,3.541113746037974e-10,1945796149,45,2.5132575803169497e-10,-104
6,19,LEAKY_RELU,1,394,0.07124809920787811,-94,0.0024798524100333452,0,-7028,-6542,0.00017668477084953338,0.0001766847705309514,True,-660632,-667174,True,0.2592221796512604,1498845198,41,2.9352883227113106e-10,1199076159,44,2.068564379257303e-10,-104
6,19,LEAKY_RELU,1,395,0.07124809920787811,-94,0.004236550536006689,0,-5742,-10033,0.00030184618663042784,0.0003018461728885938,True,-539748,-549781,True,0.2592221796512604,1280304707,40,3.7478637129060304e-10,2048487532,44,1.5745614942235273e-11,-104
6,19,LEAKY_RELU,1,396,0.07124809920787811,-94,0.0024229001719504595,0,-3074,-19714,0.0001726270274957642,0.00017262703182191128,True,-288956,-308670,True,0.2592221796512604,1464422751,41,1.7961314457935298e-10,1171538201,44,8.897413903644076e-12,-104
6,19,LEAKY_RELU,1,397,0.07124809920787811,-94,0.0025410770904272795,0,-5398,-24134,0.00018104691116604954,0.00018104691263362907,True,-507412,-531546,True,0.2592221796512604,1535849948,41,2.2456846741921362e-10,1228679959,44,2.637604097597985e-10,-104
6,19,LEAKY_RELU,1,398,0.07124809920787811,-94,0.00273319985717535,0,-2259,-18503,0.00019473530119284987,0.00019473529457898764,True,-212346,-230849,True,0.2592221796512604,1651970684,41,6.888773920726776e-11,1321576547,44,2.2022214386960745e-10,-104
6,19,LEAKY_RELU,1,399,0.07124809920787811,-94,0.003096868982538581,0,-4556,-15064,0.0002206460339948535,0.00022064602850170936,True,-428264,-443328,True,0.2592221796512604,1871775589,41,1.6107271491553996e-10,1497420471,44,2.75096314354734e-11,-104
6,19,LEAKY_RELU,1,400,0.07124809920787811,-94,0.002435635542497039,0,-7041,-17489,0.00017353439761791378,0.00017353440276606305,True,-661854,-679343,True,0.2592221796512604,1472120124,41,1.8117167361437758e-10,1177696099,44,3.5099473103632907e-10,-104
6,19,LEAKY_RELU,1,401,0.07124809920787811,-94,0.002814202569425106,0,-11187,-13594,0.00020050659077242017,0.00020050658385746545,True,-1051578,-1065172,True,0.2592221796512604,1700929455,41,8.102026395139554e-11,1360743564,44,8.102029899379227e-11,-104
6,19,LEAKY_RELU,1,402,0.07124809920787811,-94,0.004451361484825611,0,-5758,-13229,0.00031715104705654085,0.00031715104468098276,True,-541252,-554481,True,0.2592221796512604,1345221546,40,3.443767578942864e-10,1076177237,43,1.5853376373672343e-10,-104
6,19,LEAKY_RELU,1,403,0.07124809920787811,-94,0.0032126842997968197,0,-9059,-11656,0.00022889765386935323,0.00022889764971551624,True,-851546,-863202,True,0.2592221796512604,1941775413,41,1.6980288475609629e-10,1553420330,44,8.76934233840982e-11,-104
6,19,LEAKY_RELU,1,404,0.07124809920787811,-94,0.002503179246559739,0,-6730,-4828,0.00017834675963968039,0.00017834676329398988,True,-632620,-637448,True,0.2592221796512604,1512944149,41,1.0584268901204133e-10,1210355319,44,2.710835006758887e-10,-104
6,19,LEAKY_RELU,1,405,0.07124809920787811,-94,0.0032703601755201817,0,-7826,-12954,0.0002330069401068613,0.00023300694623095558,True,-735644,-748598,True,0.2592221796512604,1976635233,41,1.3097831433018207e-11,1581308186,44,2.3985737773909473e-10,-104
6,19,LEAKY_RELU,1,406,0.07124809920787811,-94,0.004019392654299736,0,-8047,-12809,0.00028637409559451044,0.00028637408658896413,True,-756418,-769227,True,0.2592221796512604,1214678615,40,1.8349387467495025e-10,1943485784,44,1.8349385013979992e-10,-104
6,19,LEAKY_RELU,1,407,0.07124809920787811,-94,0.0024273039307445288,0,-8804,-6605,0.00017294079589191824,0.0001729407912653587,True,-827576,-834181,True,0.2592221796512604,1467084423,41,9.567087875017063e-11,1173667538,44,2.4514117801616325e-10,-104
6,19,LEAKY_RELU,1,408,0.07124809920787811,-94,0.004131246358156204,0,-5738,-10114,0.00029434345196932554,0.0002943434503780984,True,-539372,-549486,True,0.2592221796512604,1248481309,40,2.3974153857321046e-10,1997570095,44,6.062339056654726e-11,-104
6,19,LEAKY_RELU,1,409,0.07124809920787811,-94,0.004327292088419199,0,-4795,-18964,0.0003083113406319171,0.00030831133601715716,True,-450730,-469694,True,0.2592221796512604,1307727214,40,3.6480966243189424e-10,2092363543,44,7.805267944520444e-11,-104
6,19,LEAKY_RELU,1,410,0.07124809920787811,-94,0.0038187443278729916,0,-3842,-1488,0.0002720782649703324,0.0002720782747218167,True,-361148,-362636,True,0.2592221796512604,1154041784,40,2.1648242944419915e-10,1846466855,44,1.0846245150865263e-10,-104
6,19,LEAKY_RELU,1,411,0.07124809920787811,-94,0.0034735538065433502,0,-5101,-9117,0.0002474841021467,0.0002474841062125033,True,-479494,-488611,True,0.2592221796512604,2099447299,41,5.7080509978485286e-11,1679557839,44,1.761594979147167e-10,-104
6,19,LEAKY_RELU,1,412,0.07124809920787811,-94,0.0017685366328805685,0,-5087,-20211,0.00012600487389136106,0.00012600487347224146,True,-478178,-498389,True,0.2592221796512604,2137839034,42,3.548979431144551e-11,1710271227,45,1.5243042194230326e-10,-104
6,19,LEAKY_RELU,1,413,0.07124809920787811,-94,0.002388532040640712,0,-4504,-22889,0.00017017836216837168,0.000170178367792765,True,-423376,-446265,True,0.2592221796512604,1443650342,41,1.620522597389597e-10,1154920274,44,1.842919111196126e-10,-104
6,19,LEAKY_RELU,1,414,0.07124809920787811,-94,0.0033083646558225155,0,-7024,-9085,0.00023571468773297966,0.0002357146932138801,True,-660256,-669341,True,0.2592221796512604,1999605484,41,9.170409971961229e-11,1599684387,44,2.167288810557556e-10,-104
6,19,LEAKY_RELU,1,415,0.07124809920787811,-94,0.00402104202657938,0,-8402,-14752,0.00028649158775806427,0.00028649160122877493,True,-789788,-804540,True,0.2592221796512604,1215177063,40,3.8690030661332313e-10,1944283300,44,2.456236448010759e-11,-104
6,19,LEAKY_RELU,1,416,0.07124809920787811,-94,0.0035888138227164745,0,-5260,-10436,0.00025569615536369383,0.00025569616327950767,True,-494440,-504876,True,0.2592221796512604,1084555747,40,4.584348072571738e-11,1735289195,44,1.610980724259188e-10,-104
6,19,LEAKY_RELU,1,417,0.07124809920787811,-94,0.010528698563575745,0,-1974,-1579,0.0007501497748307884,0.0007501497597874884,True,-185556,-187135,True,0.2592221796512604,1590910131,39,1.3878243775580872e-10,1272728105,42,2.95925117253527e-10,-104
6,19,LEAKY_RELU,1,418,0.07124809920787811,-94,0.0021767201833426952,0,-9710,-10527,0.000155087182065472,0.00015508717557059098,True,-912740,-923267,True,0.2592221796512604,1315629342,41,2.0880840908784268e-10,2105006948,45,1.7123777453446563e-10,-104
6,19,LEAKY_RELU,1,419,0.07124809920787811,-94,0.0029318789020180702,0,-13414,-15919,0.00020889079314656556,0.00020889079887646822,True,-1260916,-1276835,True,0.2592221796512604,1772054094,41,2.3169461437286613e-10,1417643275,44,9.061529872537323e-11,-104
6,19,LEAKY_RELU,1,420,0.07124809920787811,-94,0.0024021908175200224,0,-5401,-10647,0.00017115153605118394,0.00017115152968292038,True,-507694,-518341,True,0.2592221796512604,1451905830,41,2.525945945909422e-10,1161524664,44,2.525945535382489e-10,-104
6,19,LEAKY_RELU,1,421,0.07124809920787811,-94,0.0025726284366101027,0,-6696,-14640,0.00018329489103052765,0.00018329488607660496,True,-629424,-644064,True,0.2592221796512604,1554919867,41,1.4367184660744002e-12,1243935894,44,3.2299658260972545e-10,-104
6,19,LEAKY_RELU,1,422,0.07124809920787811,-94,0.005076799541711807,0,-2822,-12574,0.0003617123293224722,0.000361712317406393,True,-265268,-277842,True,0.2592221796512604,1534231752,40,1.3708675798168704e-10,1227385402,43,1.8880920895747968e-10,-104
6,19,LEAKY_RELU,1,423,0.07124809920787811,-94,0.005075895693153143,0,-3423,-12139,0.00036164792254567146,0.00036164791991461637,True,-321762,-333901,True,0.2592221796512604,1533958605,40,6.09039132426121e-11,1227166884,43,6.090387438586291e-11,-104
6,19,LEAKY_RELU,1,424,0.07124809920787811,-94,0.0021265943069010973,0,-11476,-13354,0.00015151580737438053,0.00015151580215299817,True,-1078744,-1092098,True,0.2592221796512604,1285332810,41,2.02350679098882e-10,2056532496,45,2.0235058635302765e-10,-104
6,19,LEAKY_RELU,1,425,0.07124809920787811,-94,0.0026382924988865852,0,-4342,-9716,0.0001879733317764476,0.00018797332570007208,True,-408148,-417864,True,0.2592221796512604,1594607819,41,2.6075831442630095e-10,1275686256,44,3.6635501651949903e-10,-104
6,19,LEAKY_RELU,1,426,0.07124809920787811,-94,0.002717783208936453,0,-5468,-11539,0.0001936368935275823,0.00019363688769580972,True,-513992,-525531,True,0.2592221796512604,1642652723,41,2.1216293750100435e-10,1314122178,44,9.222276320445235e-11,-104
6,19,LEAKY_RELU,1,427,0.07124809920787811,-94,0.002908156020566821,0,-4653,-11348,0.00020720058819279075,0.0002072005886653329,True,-437382,-448730,True,0.2592221796512604,1757715770,41,1.4849978959941457e-10,1406172616,44,1.484997556891284e-10,-104
6,19,LEAKY_RELU,1,428,0.07124809920787811,-94,0.004697810858488083,0,-1085,-8555,0.00033471008646301925,0.000334710094105406,True,-101990,-110545,True,0.2592221796512604,1419699660,40,2.378684780448725e-10,1135759728,43,2.3786843606089066e-10,-104
6,19,LEAKY_RELU,1,429,0.07124809920787811,-94,0.001924634911119938,0,-12371,-7023,0.00013712658255826682,0.000137126579086419,True,-1162874,-1169897,True,0.2592221796512604,1163266727,41,4.092321000018419e-10,1861226762,45,2.3550400608947314e-10,-104
6,19,LEAKY_RELU,1,430,0.07124809920787811,-94,0.0037915189750492573,0,-8884,-9126,0.00027013852377422154,0.0002701385200828618,True,-835096,-844222,True,0.2592221796512604,1145814160,40,3.0021809184857103e-10,1833302655,44,2.4524565909216045e-10,-104
6,19,LEAKY_RELU,1,431,0.07124809920787811,-94,0.001841502613388002,0,-11020,-13507,0.00013120356015861034,0.00013120356089023517,True,-1035880,-1049387,True,0.2592221796512604,1113020815,41,1.8252560924430568e-10,1780833304,45,1.8252550214002877e-10,-104
6,19,LEAKY_RELU,1,432,0.07124809920787811,-94,0.0025859756860882044,0,-7607,-13331,0.00018424585869070143,0.00018424585223157305,True,-715058,-728389,True,0.2592221796512604,1562987065,41,9.92206271739809e-11,1250389652,44,9.92206271739809e-11,-104
6,19,LEAKY_RELU,1,433,0.07124809920787811,-94,0.0037958542816340923,0,-7818,-14484,0.00027044740272685885,0.0002704474024365147,True,-734892,-749376,True,0.2592221796512604,1147124309,40,9.807190615734275e-11,1835398894,44,1.1986444779319073e-10,-104
6,19,LEAKY_RELU,1,434,0.07124809920787811,-94,0.0032487662974745035,0,-8763,-9496,0.00023146842431742698,0.00023146842346567428,True,-823722,-833218,True,0.2592221796512604,1963583698,41,7.335475463769174e-12,1570866958,44,2.619719649142825e-10,-104
6,19,LEAKY_RELU,1,435,0.07124809920787811,-94,0.00493156723678112,0,-4913,-11687,0.00035136478254571557,0.0003513647917365026,True,-461822,-473509,True,0.2592221796512604,1490341894,40,2.1455885120901517e-10,1192273515,43,4.6812107283933157e-11,-104
6,19,LEAKY_RELU,1,436,0.07124809920787811,-94,0.001704826601780951,0,-14559,-22364,0.0001214656513184309,0.00012146565485591891,True,-1368546,-1390910,True,0.2592221796512604,2060825197,42,2.086415874814202e-10,1648660158,45,3.397955389678283e-11,-104
6,19,LEAKY_RELU,1,437,0.07124809920787811,-94,0.001706753158941865,0,-13787,-17996,0.00012160291953478009,0.00012160291839164936,True,-1295978,-1313974,True,0.2592221796512604,2063154055,42,2.2620605100438937e-10,1650523244,45,2.2620599322426903e-10,-104
6,19,LEAKY_RELU,1,438,0.07124809920787811,-94,0.0029320293106138706,0,-7961,-5404,0.00020890151790808886,0.00020890151520302352,True,-748334,-753738,True,0.2592221796512604,1772145002,41,5.448387437222633e-11,1417716002,44,3.366276950214255e-10,-104
6,19,LEAKY_RELU,1,439,0.07124809920787811,-94,0.0021698949858546257,0,-11658,-12043,0.00015460088616237044,0.00015460089322284765,True,-1095852,-1107895,True,0.2592221796512604,1311504131,41,1.9619742111360169e-10,2098406610,45,5.576641173179316e-12,-104
6,19,LEAKY_RELU,1,440,0.07124809920787811,-94,0.006254985462874174,0,-2168,-2359,0.00044565583812072873,0.00044565582480269456,True,-203792,-206151,True,0.2592221796512604,1890284859,40,9.165472356380215e-11,1512227887,43,2.2391004857757848e-10,-104
6,19,LEAKY_RELU,1,441,0.07124809920787811,-94,0.003256287192925811,0,1089,-17268,0.00023200426949188113,0.0002320042729709211,True,102366,85098,True,0.2592221796512604,1968129395,41,8.403544891869712e-11,1574503516,44,8.403550948854066e-11,-104
6,19,LEAKY_RELU,1,442,0.07124809920787811,-94,0.002758702728897333,0,-9889,-9757,0.0001965523260878399,0.00019655232571352127,True,-929566,-939323,True,0.2592221796512604,1667384850,41,9.803919961284873e-11,1333907880,44,9.803934260238054e-11,-104
6,19,LEAKY_RELU,1,443,0.07124809920787811,-94,0.0033974647521972656,0,-5252,-14095,0.00024206290254369378,0.0002420629057198198,True,-493688,-507783,True,0.2592221796512604,2053458387,41,1.5606487049554305e-10,1642766710,44,8.742670657922202e-11,-104
6,19,LEAKY_RELU,1,444,0.07124809920787811,-94,0.005574710667133331,0,-2594,-6966,0.0003971875412389636,0.00039718753866713197,True,-243836,-250802,True,0.2592221796512604,1684702743,40,1.541611993902533e-10,1347762195,43,2.9102105283915375e-10,-104
6,19,LEAKY_RELU,1,445,0.07124809920787811,-94,0.006519156042486429,0,-854,-1683,0.0004644774890039116,0.00046447747646671117,True,-80276,-81959,True,0.2592221796512604,1970118402,40,2.3946750921168253e-10,1576094721,43,1.4122033098488358e-10,-104
6,19,LEAKY_RELU,1,446,0.07124809920787811,-94,0.0025918795727193356,0,-9835,-19815,0.0001846664963522926,0.00018466649293197995,True,-924490,-944305,True,0.2592221796512604,1566555428,41,2.758532440428195e-10,1253244342,44,4.3318468630127185e-11,-104
6,19,LEAKY_RELU,1,447,0.07124809920787811,-94,0.0021171767730265856,0,-9386,-14516,0.00015084481856320053,0.0001508448207652134,True,-882284,-896800,True,0.2592221796512604,1279640767,41,1.5051323604753635e-10,2047425228,45,2.402214005916393e-10,-104
6,19,LEAKY_RELU,1,448,0.07124809920787811,-94,0.002967240521684289,0,-8363,-17103,0.00021141025354154408,0.00021141024706259823,True,-786122,-803225,True,0.2592221796512604,1793426976,41,2.4610292591085e-11,1434741581,44,1.6400818486495908e-10,-104
6,19,LEAKY_RELU,1,449,0.07124809920787811,-94,0.0024711652658879757,0,-10217,-19061,0.00017606583423912525,0.000176065828023049,True,-960398,-979459,True,0.2592221796512604,1493594610,41,2.8745696747911534e-11,1194875688,44,2.8745696747911534e-11,-104
6,19,LEAKY_RELU,1,450,0.07124809920787811,-94,0.0022347590420395136,0,-5626,-7786,0.00015922232705634087,0.00015922233393293392,True,-528844,-536630,True,0.2592221796512604,1350708553,41,1.727108995908526e-10,1080566842,44,1.9746522654714502e-10,-104
6,19,LEAKY_RELU,1,451,0.07124809920787811,-94,0.004778098315000534,0,-5631,-5646,0.0003404304152354598,0.0003404304227721533,True,-529314,-534960,True,0.2592221796512604,1443962892,40,2.3217464349498525e-10,1155170314,43,1.1409464268547476e-10,-104
6,19,LEAKY_RELU,1,452,0.07124809920787811,-94,0.0041531892493367195,0,-10990,-14068,0.00029590685153380036,0.0002959068396658354,True,-1033060,-1047128,True,0.2592221796512604,1255112550,40,9.953187548180728e-11,2008180080,44,9.953189922654825e-11,-104
6,19,LEAKY_RELU,1,453,0.07124809920787811,-94,0.0021386288572102785,0,-2242,-17785,0.00015237323532346636,0.00015237324098734892,True,-210748,-228533,True,0.2592221796512604,1292606601,41,2.6208553230744386e-10,2068170561,45,2.8025936880606537e-11,-104
6,19,LEAKY_RELU,1,454,0.07124809920787811,-94,0.005389545578509569,0,-4936,-5019,0.00038399489130824804,0.0003839948780630306,True,-463984,-469003,True,0.2592221796512604,1628745017,40,8.019832691864281e-11,1302996014,43,2.2678634921088159e-10,-104
6,19,LEAKY_RELU,1,455,0.07124809920787811,-94,0.0034619253128767014,0,-1942,-11840,0.0002466556034050882,0.0002466555981421037,True,-182548,-194388,True,0.2592221796512604,2092418933,41,2.3829188106661296e-10,1673935146,44,6.660026695431866e-13,-104
6,19,LEAKY_RELU,1,456,0.07124809920787811,-94,0.004243100062012672,0,-6090,-9744,0.00030231280834414065,0.00030231281416723266,True,-572460,-582204,True,0.2592221796512604,1282284004,40,1.3919557135172992e-10,2051654406,44,5.5769131057587876e-11,-104
6,19,LEAKY_RELU,1,457,0.07124809920787811,-94,0.005697125568985939,0,-2029,-2523,0.00040590937715023756,0.0004059093677388492,True,-190726,-193249,True,0.2592221796512604,1721697080,40,2.7949969468159373e-10,1377357664,43,2.794995908224791e-10,-104
6,19,LEAKY_RELU,1,458,0.07124809920787811,-94,0.003001859411597252,0,-8493,-9459,0.0002138767740689218,0.00021387677716558362,True,-798342,-807801,True,0.2592221796512604,1814350946,41,1.3781016389973643e-10,1451480757,44,2.756004196252475e-10,-104
6,19,LEAKY_RELU,1,459,0.07124809920787811,-94,0.002705648075789213,0,-7442,-14140,0.00019277227693237364,0.00019277228252543438,True,-699548,-713688,True,0.2592221796512604,1635318139,41,2.7258611517464745e-10,1308254511,44,1.1971059003046257e-10,-104
6,19,LEAKY_RELU,1,460,0.07124809920787811,-94,0.0035675722174346447,0,-5811,-11377,0.0002541827270761132,0.00025418273927905327,True,-546234,-557611,True,0.2592221796512604,1078136438,40,9.057874918135785e-12,1725018301,44,1.2499856330051163e-10,-104
6,19,LEAKY_RELU,1,461,0.07124809920787811,-94,0.0016329726204276085,0,-12818,-15850,0.00011634619295364246,0.00011634619526397494,True,-1204892,-1220742,True,0.2592221796512604,1973966807,42,2.1268309436198093e-10,1579173445,45,1.6726253446244393e-10,-104
6,19,LEAKY_RELU,1,462,0.07124809920787811,-94,0.003398074069991708,0,-9677,-11055,0.00024210632545873523,0.00024210631845448735,True,-909638,-920693,True,0.2592221796512604,2053826664,41,2.433131121767805e-10,1643061332,44,2.435828648208393e-10,-104
6,19,LEAKY_RELU,1,463,0.07124809920787811,-94,0.007407310418784618,0,-3114,-2706,0.0005277568125165999,0.0005277567875811157,True,-292716,-295422,True,0.2592221796512604,1119261333,39,1.6565455497786515e-10,1790818133,43,2.773353274060005e-10,-104
6,19,LEAKY_RELU,1,464,0.07124809920787811,-94,0.0022150909062474966,0,-6817,-17529,0.00015782102127559483,0.00015782101664279027,True,-640798,-658327,True,0.2592221796512604,1338820954,41,1.3342309608664796e-10,2142113526,45,5.330843712800394e-11,-104
6,19,LEAKY_RELU,1,465,0.07124809920787811,-94,0.0019729728810489178,0,-9685,-17600,0.00014057056978344917,0.0001405705675634264,True,-910390,-927990,True,0.2592221796512604,1192482632,41,1.772996345718103e-10,1907972212,45,2.4199363384931455e-10,-104
6,19,LEAKY_RELU,1,466,0.07124809920787811,-94,0.003528780769556761,0,-5570,-12739,0.00025141891092061996,0.00025141892235223257,True,-523580,-536319,True,0.2592221796512604,2132826974,41,2.154188802372613e-10,1706261580,44,2.534422948868311e-10,-104
6,19,LEAKY_RELU,1,467,0.07124809920787811,-94,0.0026690822560340166,0,-10650,-15798,0.0001901670329971239,0.00019016703737189875,True,-1001100,-1016898,True,0.2592221796512604,1613217427,41,1.3895003512718232e-10,1290573941,44,3.2595947227147663e-10,-104
6,19,LEAKY_RELU,1,468,0.07124809920787811,-94,0.002846939256414771,0,-6902,-12797,0.0002028390154009685,0.00020283901057984235,True,-648788,-661585,True,0.2592221796512604,1720715804,41,2.8019558113088673e-10,1376572644,44,3.0095791173248467e-10,-104
6,19,LEAKY_RELU,1,469,0.07124809920787811,-94,0.0025984218809753656,0,7160,-19199,0.00018513262330088764,0.0001851326199596541,True,673040,653841,True,0.2592221796512604,1570509658,41,1.4140070371874517e-10,1256407726,44,1.7696739821408274e-10,-104
6,19,LEAKY_RELU,1,470,0.07124809920787811,-94,0.0023733568377792835,0,-8081,-17343,0.00016909716941881925,0.00016909716343379427,True,-759614,-776957,True,0.2592221796512604,1434478313,41,3.2145343630064893e-10,1147582650,44,2.7105460995598373e-11,-104
6,19,LEAKY_RELU,1,471,0.07124809920787811,-94,0.002993654692545533,0,-4673,-8694,0.00021329220908228308,0.000213292206528614,True,-439262,-447956,True,0.2592221796512604,1809391939,41,2.418200265746041e-10,1447513552,44,3.108517627678212e-10,-104
6,19,LEAKY_RELU,1,472,0.07124809920787811,-94,0.002339870436117053,0,-4000,-13108,0.0001667113247094676,0.00016671132096604882,True,-376000,-389108,True,0.2592221796512604,1414238829,41,8.917304607832647e-11,1131391063,44,8.760044881604153e-11,-104
6,19,LEAKY_RELU,1,473,0.07124809920787811,-94,0.003885786747559905,0,-1319,-7247,0.0002768549311440438,0.00027685491969080614,True,-123986,-131233,True,0.2592221796512604,1174302306,40,2.50359319395919e-10,1878883690,44,3.746702645474937e-11,-104
6,19,LEAKY_RELU,1,474,0.07124809920787811,-94,0.0029801020864397287,0,-1982,-4037,0.00021232660219538957,0.00021232660910426235,True,-186308,-190345,True,0.2592221796512604,1801200622,41,6.698061371165236e-11,1440960498,44,3.44573101471137e-10,-104
6,19,LEAKY_RELU,1,475,0.07124809920787811,-94,0.004382075276225805,0,-3428,-11160,0.00031221454264596105,0.00031221453401692606,True,-322232,-333392,True,0.2592221796512604,1324282941,40,2.0762505536432545e-10,2118852706,44,1.8843691047521967e-11,-104
6,19,LEAKY_RELU,1,476,0.07124809920787811,-94,0.003319226438179612,0,-4134,-10439,0.00023648857313673943,0.00023648857456083291,True,-388596,-399035,True,0.2592221796512604,2006170444,41,2.1921629016736553e-10,1604936355,44,9.46006675933055e-11,-104
6,19,LEAKY_RELU,1,477,0.07124809920787811,-94,0.0027648548129945993,0,-8246,-6670,0.00019699064432643354,0.0001969906500116185,True,-775124,-781794,True,0.2592221796512604,1671103225,41,2.195434106315209e-10,1336882580,44,2.195434106315209e-10,-104
6,19,LEAKY_RELU,1,478,0.07124809920787811,-94,0.002120825694873929,0,6344,-21478,0.00015110480308067054,0.00015110479951099473,True,596336,574858,True,0.2592221796512604,1281846209,41,3.7463605093659515e-10,2050953934,45,1.7960483101278494e-10,-104
6,19,LEAKY_RELU,1,479,0.07124809920787811,-94,0.005190441384911537,0,-3832,-9447,0.00036980907316319644,0.00036980908272485347,True,-360208,-369655,True,0.2592221796512604,1568574831,40,3.068652602450431e-10,1254859864,43,3.306562397545955e-10,-104
6,19,LEAKY_RELU,1,480,0.07124809920787811,-94,0.002237077569589019,0,-17504,-13961,0.0001593875203980133,0.00015938752461379727,True,-1645376,-1659337,True,0.2592221796512604,1352109892,41,1.759310287070878e-10,1081687913,44,3.787576135175253e-10,-104
6,19,LEAKY_RELU,1,481,0.07124809920787811,-94,0.0021761932875961065,0,-5684,-18422,0.00015504963812418282,0.00015504963525016582,True,-534296,-552718,True,0.2592221796512604,1315310882,41,2.085065880638534e-10,2104497411,45,1.1347197583542045e-10,-104
6,19,LEAKY_RELU,1,482,0.07124809920787811,-94,0.005310026928782463,0,-5088,-11292,0.00037832933594472706,0.00037832932541839726,True,-478272,-489564,True,0.2592221796512604,1604714122,40,1.0047159037217019e-11,1283771298,43,3.015347445123841e-10,-104
6,19,LEAKY_RELU,1,483,0.07124809920787811,-94,0.006452849134802818,0,-5854,-5841,0.00045975323882885277,0.00045975323532990164,True,-550276,-556117,True,0.2592221796512604,1950080155,40,2.3917743369190603e-10,1560064124,43,2.3917734199622167e-10,-104
6,19,LEAKY_RELU,1,484,0.07124809920787811,-94,0.001358605339191854,0,-6969,-15680,9.679804497864097e-05,9.679804799109411e-05,True,-655086,-670766,True,0.2592221796512604,1642306680,42,8.183692062315238e-12,1313845344,45,8.183764648812632e-12,-104
6,19,LEAKY_RELU,1,485,0.07124809920787811,-94,0.0020603954326361418,0,-279,-11071,0.0001467992551624775,0.00014679925819191877,True,-26226,-37297,True,0.2592221796512604,1245321612,41,1.0021428354148787e-10,1992514579,45,2.0058998455340895e-10,-104
6,19,LEAKY_RELU,1,486,0.07124809920787811,-94,0.002093058545142412,0,-3876,-19582,0.0001491264411015436,0.0001491264428722036,True,-364344,-383926,True,0.2592221796512604,1265063492,41,3.056962671272908e-10,2024101588,45,8.954076516745438e-11,-104
6,19,LEAKY_RELU,1,487,0.07124809920787811,-94,0.0041957031935453415,0,-6334,-12669,0.00029893589089624584,0.0002989358773805295,True,-595396,-608065,True,0.2592221796512604,1267960456,40,7.115267829654417e-11,2028736730,44,1.2601428333245845e-10,-104
6,19,LEAKY_RELU,1,488,0.07124809920787811,-94,0.002373753348365426,0,-11075,-5489,0.0001691254146862775,0.00016912541405937273,True,-1041050,-1046539,True,0.2592221796512604,1434717967,41,8.296819442695264e-11,1147774374,44,2.6553231358534516e-10,-104
6,19,LEAKY_RELU,1,489,0.07124809920787811,-94,0.0033955813851207495,0,-1488,-18098,0.000241928719333373,0.00024192871939550734,True,-139872,-157970,True,0.2592221796512604,2052320063,41,1.198533338627296e-10,1641856051,44,2.455867131488194e-10,-104
6,19,LEAKY_RELU,1,490,0.07124809920787811,-94,0.002168574370443821,0,-13238,-19220,0.00015450680803041905,0.00015450680188504318,True,-1244372,-1263592,True,0.2592221796512604,1310705939,41,2.847376512859985e-10,2097129503,45,1.3676673293150077e-12,-104
6,19,LEAKY_RELU,1,491,0.07124809920787811,-94,0.0037551200948655605,0,-7609,-10394,0.00026754516875371337,0.0002675451690564781,True,-715246,-725640,True,0.2592221796512604,1134814254,40,3.0018681860850036e-10,1815702806,44,7.988644857539122e-11,-104
6,19,LEAKY_RELU,1,492,0.07124809920787811,-94,0.0028077359311282635,0,-11207,-10994,0.00020004584803245962,0.00020004584817055054,True,-1053458,-1064452,True,0.2592221796512604,1697020961,41,2.742211106236594e-10,1357616768,44,3.150468727807664e-10,-104
6,19,LEAKY_RELU,1,493,0.07124809920787811,-94,0.0030654985457658768,0,-8219,-18813,0.00021841094712726772,0.00021841094451033327,True,-772586,-791399,True,0.2592221796512604,1852815013,41,1.7668876543812644e-10,1482252011,44,2.2810060413805213e-10,-104
6,19,LEAKY_RELU,1,494,0.07124809920787811,-94,0.0026258700527250767,0,-1036,-11335,0.00018708825518842787,0.0001870882500235524,True,-97384,-108719,True,0.2592221796512604,1587099581,41,1.655359364777939e-10,1269679665,44,3.2305587046324025e-10,-104
6,19,LEAKY_RELU,1,495,0.07124809920787811,-94,0.004081334453076124,0,-9124,-12375,0.00029078731313347816,0.00029078732201329865,True,-857656,-870031,True,0.2592221796512604,1233397706,40,1.1660514974148008e-10,1973436330,44,8.608692528837565e-11,-104
6,19,LEAKY_RELU,1,496,0.07124809920787811,-94,0.0018836725503206253,0,-3929,-11086,0.00013420809409581125,0.0001342080887404007,True,-369326,-380412,True,0.2592221796512604,1138508706,41,3.318179075671351e-10,1821613929,45,2.439662018232167e-12,-104
6,19,LEAKY_RELU,1,497,0.07124809920787811,-94,0.0045818425714969635,0,-5477,-13193,0.00032644756720401347,0.000326447574088895,True,-514838,-528031,True,0.2592221796512604,1384653520,40,1.4993686443384646e-10,1107722816,43,1.4993695052707324e-10,-104
6,19,LEAKY_RELU,1,498,0.07124809920787811,-94,0.0021860054694116116,0,-3204,-8289,0.00015574874123558402,0.00015574873455360266,True,-301176,-309465,True,0.2592221796512604,1321241453,41,4.061163085130756e-11,2113986325,45,5.399629285872486e-11,-104
6,19,LEAKY_RELU,1,499,0.07124809920787811,-94,0.0032731713727116585,0,-6560,-9724,0.00023320723266806453,0.00023320723868734683,True,-616640,-626364,True,0.2592221796512604,1978334346,41,2.4431122934357065e-11,1582667477,44,1.508000255957998e-10,-104
6,19,LEAKY_RELU,1,500,0.07124809920787811,-94,0.002364846644923091,0,-10269,-16682,0.0001684908347669989,0.0001684908283688981,True,-965286,-981968,True,0.2592221796512604,1429334675,41,6.963728659027248e-11,1143467740,44,6.963728659027248e-11,-104
6,19,LEAKY_RELU,1,501,0.07124809920787811,-94,0.0042108576744794846,0,-8993,-10893,0.0003000156139023602,0.00030001560534156924,True,-845342,-856235,True,0.2592221796512604,1272540209,40,2.5324967429237193e-10,2036064334,44,5.679218092608003e-11,-104
6,19,LEAKY_RELU,1,502,0.07124809920787811,-94,0.004170377738773823,0,-4918,-2630,0.0002971314825117588,0.0002971314868664837,True,-462292,-464922,True,0.2592221796512604,1260306989,40,2.1357139029733028e-10,2016491183,44,8.397513875519434e-11,-104
6,19,LEAKY_RELU,1,503,0.07124809920787811,-94,0.0032795551232993603,0,-8724,-8973,0.00023366206733044237,0.00023366206878253776,True,-820056,-829029,True,0.2592221796512604,1982192742,41,2.3946348434770644e-10,1585754194,44,1.2782329327225246e-11,-104
6,19,LEAKY_RELU,1,504,0.07124809920787811,-94,0.0035108027514070272,0,-9580,-19964,0.00025013802223838866,0.0002501380227315393,True,-900520,-920484,True,0.2592221796512604,2121960898,41,5.427785484914878e-11,1697568718,44,1.8135328241782252e-10,-104
6,19,LEAKY_RELU,1,505,0.07124809920787811,-94,0.0035004429519176483,0,-9452,-9031,0.00024939991999417543,0.0002493999067097463,True,-888488,-897519,True,0.2592221796512604,2115699341,41,2.3061249055789827e-10,1692559473,44,1.1244833732322907e-10,-104
6,19,LEAKY_RELU,1,506,0.07124809920787811,-94,0.00382640166208148,0,-5074,-8587,0.0002726238453760743,0.000272623845229171,True,-476956,-485543,True,0.2592221796512604,1156355865,40,2.0236497697202944e-10,1850169384,44,2.0236508006251663e-10,-104
6,19,LEAKY_RELU,1,507,0.07124809920787811,-94,0.00385789736174047,0,-5908,-8984,0.0002748678671196103,0.00027486785396309624,True,-555352,-564336,True,0.2592221796512604,1165874008,40,6.039022237018113e-11,1865398413,44,1.6760582194657996e-10,-104
6,19,LEAKY_RELU,1,508,0.07124809920787811,-94,0.002815009094774723,0,-9868,-15457,0.00020056404173374176,0.00020056404725558863,True,-927592,-943049,True,0.2592221796512604,1701416926,41,2.0270604441546667e-10,1361133541,44,5.576976035734395e-11,-104
6,19,LEAKY_RELU,1,509,0.07124809920787811,-94,0.002036286285147071,0,-10950,-14781,0.00014508153253700584,0.00014508152725980009,True,-1029300,-1044081,True,0.2592221796512604,1230749826,41,3.3170881832215796e-10,1969199721,45,2.7016417468891134e-11,-104
6,19,LEAKY_RELU,1,510,0.07124809920787811,-94,0.003269874257966876,0,-9358,-11321,0.000232972321100533,0.0002329723255289108,True,-879652,-890973,True,0.2592221796512604,1976341540,41,7.763188746326022e-12,1581073232,44,7.763249064488211e-12,-104
6,19,LEAKY_RELU,1,511,0.07124809920787811,-94,0.007160627283155918,0,-3063,-6152,0.0005101810675114393,0.0005101810830609316,True,-287922,-294074,True,0.2592221796512604,1081986954,39,7.731245328202292e-11,1731179126,43,1.5374396463265233e-10,-104
6,19,LEAKY_RELU,1,512,0.07124809920787811,-94,0.004224108532071114,0,9,-17263,0.0003009597130585462,0.0003009597037578471,True,846,-16417,True,0.2592221796512604,1276544678,40,2.405591952717844e-10,2042471484,44,1.5112318634942855e-10,-104
6,19,LEAKY_RELU,1,513,0.07124809920787811,-94,0.0022231098264455795,0,-7239,-20394,0.00015839234401937574,0.00015839234946460334,True,-680466,-700860,True,0.2592221796512604,1343667662,41,2.76682574769025e-10,1074934129,44,2.8149111788836904e-10,-104
6,19,LEAKY_RELU,1,514,0.07124809920787811,-94,0.0020620946306735277,0,-1255,-16086,0.0001469203270971775,0.00014692032282226028,True,-117970,-134056,True,0.2592221796512604,1246348623,41,1.8586473767838884e-10,1994157796,45,2.153072218161433e-10,-104
6,19,LEAKY_RELU,1,515,0.07124809920787811,-94,0.0023798304609954357,0,-5147,-11049,0.00016955839237198234,0.0001695583967829331,True,-483818,-494867,True,0.2592221796512604,1438391029,41,7.621021829083625e-11,1150712823,44,9.759513406700116e-11,-104
6,19,LEAKY_RELU,1,516,0.07124809920787811,-94,0.008926395326852798,0,-2887,-6355,0.0006359887192957103,0.0006359886998163478,True,-271378,-277733,True,0.2592221796512604,1348798493,39,7.239462386873419e-11,1079038794,42,4.430950519702185e-10,-104
6,19,LEAKY_RELU,1,517,0.07124809920787811,-94,0.0034631802700459957,0,-5948,-13226,0.00024674501037225127,0.0002467450114550032,True,-559112,-572338,True,0.2592221796512604,2093177440,41,2.331110044970914e-11,1674541952,44,2.331104349835505e-11,-104
6,19,LEAKY_RELU,1,518,0.07124809920787811,-94,0.005200068932026625,0,-4591,-9323,0.0003704950213432312,0.00037049502715683774,True,-431554,-440877,True,0.2592221796512604,1571484319,40,1.6405136995326556e-10,1257187455,43,4.966028643981752e-12,-104
6,19,LEAKY_RELU,1,519,0.07124809920787811,-94,0.001761878957040608,0,-8348,-23005,0.00012553052511066198,0.00012553052672350205,True,-784712,-807717,True,0.2592221796512604,2129791115,42,1.1077465054841181e-10,1703832892,45,1.1077476249299519e-10,-104
6,19,LEAKY_RELU,1,520,0.07124809920787811,-94,0.004004377871751785,0,-3991,-5969,0.0002853043260984123,0.000285304311872403,True,-375154,-381123,True,0.2592221796512604,1210141080,40,2.703032322537312e-10,1936225727,44,2.461655743239524e-10,-104
6,19,LEAKY_RELU,1,521,0.07124809920787811,-94,0.0035677002742886543,0,-4786,-6959,0.00025419186567887664,0.000254191863086492,True,-449884,-456843,True,0.2592221796512604,1078175137,40,3.2454709051923693e-10,1725080220,44,1.3919943161504604e-10,-104
6,19,LEAKY_RELU,1,522,0.07124809920787811,-94,0.003057240741327405,0,-2261,-12311,0.00021782259864266962,0.00021782259164046178,True,-212534,-224845,True,0.2592221796512604,1847823922,41,1.4738807558197057e-10,1478259137,44,2.584947852175693e-10,-104
6,19,LEAKY_RELU,1,523,0.07124809920787811,-94,0.0025456356815993786,0,-2968,-15777,0.0001813717099139467,0.00018137170358970695,True,-278992,-294769,True,0.2592221796512604,1538605202,41,1.9160508015326042e-11,1230884162,44,3.0580902967149987e-10,-104
6,19,LEAKY_RELU,1,524,0.07124809920787811,-94,0.0038971207104623318,0,-8746,-11578,0.00027766244602389634,0.00027766244300409665,True,-822124,-833702,True,0.2592221796512604,1177727481,40,6.448488040633169e-11,1884363970,44,1.477883103060759e-10,-104
6,19,LEAKY_RELU,1,525,0.07124809920787811,-94,0.002125130733475089,0,-5546,-13760,0.00015141152834985405,0.00015141152532834393,True,-521324,-535084,True,0.2592221796512604,1284448213,41,2.0242043032404548e-10,2055117140,45,1.8685185364010168e-10,-104
6,19,LEAKY_RELU,1,526,0.07124809920787811,-94,0.004992334637790918,0,-6110,-7322,0.00035569435567595065,0.0003556943535522536,True,-574340,-581662,True,0.2592221796512604,1508706077,40,1.740567138652978e-10,1206964861,43,3.230580858783186e-10,-104
6,19,LEAKY_RELU,1,527,0.07124809920787811,-94,0.0036372917238622904,0,-4886,-11350,0.0002591501106508076,0.00025915012158973447,True,-459284,-470634,True,0.2592221796512604,1099205988,40,2.3724384741740185e-10,1758729580,44,2.176300568247496e-10,-104
6,19,LEAKY_RELU,1,528,0.07124809920787811,-94,0.0021586373914033175,0,-2258,-7731,0.00015379881369881332,0.00015379881101653878,True,-212252,-219983,True,0.2592221796512604,1304699939,41,3.641834370963058e-10,2087519903,45,7.676102780972794e-11,-104
6,19,LEAKY_RELU,1,529,0.07124809920787811,-94,0.003533598966896534,0,-5645,-10586,0.0002517622197046876,0.00025176220975429986,True,-530630,-541216,True,0.2592221796512604,2135739136,41,2.1394463130076019e-10,1708591309,44,9.68891929641073e-11,-104
6,19,LEAKY_RELU,1,530,0.07124809920787811,-94,0.003367028431966901,0,-7031,-10436,0.00023989437613636255,0.00023989437575652403,True,-660914,-671350,True,0.2592221796512604,2035062400,41,2.092781144690132e-10,1628049920,44,2.092782316244277e-10,-104
6,19,LEAKY_RELU,1,531,0.07124809920787811,-94,0.002928270259872079,0,-10528,-19736,0.00020863368990831077,0.0002086336899828449,True,-989632,-1009368,True,0.2592221796512604,1769872998,41,1.8214964309362505e-10,1415898398,44,1.0035650319827674e-10,-104
6,19,LEAKY_RELU,1,532,0.07124809920787811,-94,0.0017350391717627645,0,-1197,-23836,0.00012361824337858707,0.00012361824303930811,True,-112518,-136354,True,0.2592221796512604,2097346698,42,5.903914226710088e-11,1677877358,45,1.7935730430337431e-10,-104
6,19,LEAKY_RELU,1,533,0.07124809920787811,-94,0.0026207927148789167,0,-2894,-16427,0.00018672649457585067,0.00018672649935297728,True,-272036,-288463,True,0.2592221796512604,1584030792,41,7.778495761397754e-11,1267224634,44,3.934353119851209e-10,-104
6,19,LEAKY_RELU,1,534,0.07124809920787811,-94,0.003954812418669462,0,-8732,-16154,0.0002817728673107922,0.00028177286755391023,True,-820808,-836962,True,0.2592221796512604,1195162176,40,1.0377939928598883e-10,1912259481,44,2.0998560028806232e-10,-104
6,19,LEAKY_RELU,1,535,0.07124809920787811,-94,0.0025334018282592297,0,-7801,-15131,0.00018050006474368274,0.00018050006479323338,True,-733294,-748425,True,0.2592221796512604,1531210951,41,2.9007137211534967e-10,1224968760,44,3.630065069561091e-10,-104
6,19,LEAKY_RELU,1,536,0.07124809920787811,-94,0.005963361356407404,0,-3028,-5933,0.00042487814789637923,0.0004248781615337413,True,-284632,-290565,True,0.2592221796512604,1802154737,40,9.723785202329051e-13,1441723790,43,2.7647317647018714e-10,-104
6,19,LEAKY_RELU,1,537,0.07124809920787811,-94,0.002270013326779008,0,-7528,-5546,0.00016173413314390928,0.0001617341347095562,True,-707632,-713178,True,0.2592221796512604,1372016561,41,4.822756911094247e-11,1097613249,44,2.3044106967189679e-10,-104
6,19,LEAKY_RELU,1,538,0.07124809920787811,-94,0.0021384763531386852,0,-11805,-14697,0.000152362379594706,0.00015236237536212643,True,-1109670,-1124367,True,0.2592221796512604,1292514426,41,1.3717003908109416e-10,2068023081,45,1.5296214227821948e-10,-104
6,19,LEAKY_RELU,1,539,0.07124809920787811,-94,0.003385328222066164,0,-4350,-8798,0.00024119819863699377,0.00024119820101699968,True,-408900,-417698,True,0.2592221796512604,2046122959,41,6.179878656974599e-11,1636898367,44,6.038350893493473e-11,-104
6,19,LEAKY_RELU,1,540,0.07124809920787811,-94,0.0021460396237671375,0,-8037,-24035,0.00015290123701561242,0.00015290124401819843,True,-755478,-779513,True,0.2592221796512604,1297085735,41,6.664305447824584e-11,2075337176,45,6.664296257276391e-11,-104
6,19,LEAKY_RELU,1,541,0.07124809920787811,-94,0.005261660553514957,0,-5475,-3728,0.00037488332600332797,0.00037488331311501255,True,-514650,-518378,True,0.2592221796512604,1590097585,40,3.095172957469819e-11,1272078068,43,3.0951654604903455e-11,-104
6,19,LEAKY_RELU,1,542,0.07124809920787811,-94,0.002745644422248006,0,-10039,-7837,0.00019562194938771427,0.0001956219461858831,True,-943666,-951503,True,0.2592221796512604,1659492292,41,2.0365336952600983e-10,1327593833,44,2.4829212209992223e-10,-104
6,19,LEAKY_RELU,1,543,0.07124809920787811,-94,0.002457513241097331,0,-8008,-11668,0.00017509314056951553,0.00017509314720637673,True,-752752,-764420,True,0.2592221796512604,1485343203,41,4.475551415005027e-11,1188274562,44,2.918670648048706e-10,-104
6,19,LEAKY_RELU,1,544,0.07124809920787811,-94,0.0022358037531375885,0,-7379,-7108,0.0001592967746546492,0.00015929676761289313,True,-693626,-700734,True,0.2592221796512604,1351339986,41,3.0205503357820665e-10,1081071988,44,4.3795127857967587e-10,-104
6,19,LEAKY_RELU,1,545,0.07124809920787811,-94,0.0030054945964366198,0,-5797,-3272,0.0002141357836080715,0.00021413577717565788,True,-544918,-548190,True,0.2592221796512604,1816548084,41,1.6813282016878516e-10,1453238467,44,3.0575651522238195e-10,-104
6,19,LEAKY_RELU,1,546,0.07124809920787811,-94,0.002577825915068388,0,-1890,-15987,0.0001836651936173439,0.00018366519653743169,True,-177660,-193647,True,0.2592221796512604,1558061270,41,4.52356214757315e-11,1246449016,44,4.5235583220082685e-11,-104
6,19,LEAKY_RELU,1,547,0.07124809920787811,-94,0.003675891784951091,0,-8961,-17025,0.00026190030621364713,0.0002619003025716195,True,-842334,-859359,True,0.2592221796512604,1110871101,40,4.0723077177146536e-10,1777393761,44,6.965779915584562e-11,-104
6,19,LEAKY_RELU,1,548,0.07124809920787811,-94,0.0023126567248255014,0,-6897,-7608,0.00016477239842060953,0.0001647723957641338,True,-648318,-655926,True,0.2592221796512604,1397790616,41,4.760693913475728e-11,1118232493,44,2.264605796912174e-10,-104
6,19,LEAKY_RELU,1,549,0.07124809920787811,-94,0.0025968002155423164,0,-6282,-11321,0.0001850170810939744,0.00018501707937999823,True,-590508,-601829,True,0.2592221796512604,1569529509,41,2.9254997057403223e-10,1255623607,44,1.332665683572616e-10,-104
6,19,LEAKY_RELU,1,550,0.07124809920787811,-94,0.0054092505015432835,0,-1651,-6573,0.00038539880188181996,0.0003853988163742203,True,-155194,-161767,True,0.2592221796512604,1634699934,40,7.714162004352895e-11,1307759947,43,7.579164606822304e-11,-104
6,19,LEAKY_RELU,1,551,0.07124809920787811,-94,0.0026645248290151358,0,-7226,-15707,0.00018984233611263335,0.00018984232935952486,True,-679244,-694951,True,0.2592221796512604,1610462877,41,1.7635431610695758e-10,1288370301,44,2.893503026355617e-10,-104
6,19,LEAKY_RELU,1,552,0.07124809920787811,-94,0.0023030447773635387,0,1326,-11566,0.00016408755618613213,0.00016408756277778297,True,124644,113078,True,0.2592221796512604,1391981068,41,4.141585728918002e-11,1113584854,44,4.006161020834916e-10,-104
6,19,LEAKY_RELU,1,553,0.07124809920787811,-94,0.004241424612700939,0,-5604,-8547,0.0003021934535354376,0.0003021934415884525,True,-526776,-535323,True,0.2592221796512604,1281777675,40,3.681581415059588e-10,2050844281,44,1.1944584985153934e-10,-104
6,19,LEAKY_RELU,1,554,0.07124809920787811,-94,0.002891317941248417,0,-3490,-14457,0.00020600091374944896,0.0002060009075195851,True,-328060,-342517,True,0.2592221796512604,1747538682,41,2.8135429995647225e-10,1398030946,44,4.762297172671341e-12,-104
6,19,LEAKY_RELU,1,555,0.07124809920787811,-94,0.0020249621011316776,0,-10713,-11217,0.00014427470159716904,0.00014427470067362308,True,-1007022,-1018239,True,0.2592221796512604,1223905386,41,3.8852180923760047e-10,1958248618,45,1.8425772693548827e-10,-104
6,19,LEAKY_RELU,1,556,0.07124809920787811,-94,0.0053651900961995125,0,-4992,-4992,0.00038225960452109575,0.000382259596243148,True,-469248,-474240,True,0.2592221796512604,1621384680,40,2.2731177974219578e-10,1297107744,43,2.2731185326533373e-10,-104
6,19,LEAKY_RELU,1,557,0.07124809920787811,-94,0.0032706703059375286,0,-7845,-2547,0.00023302904446609318,0.0002330290424336981,True,-737430,-739977,True,0.2592221796512604,1976822679,41,2.0238198104574834e-10,1581458143,44,7.59163542013868e-11,-104
6,19,LEAKY_RELU,1,558,0.07124809920787811,-94,0.0023076145444065332,0,-11691,-9583,0.00016441315528936684,0.00016441314999341913,True,-1098954,-1108537,True,0.2592221796512604,1394743077,41,3.301297042110922e-10,1115794461,44,2.0760382666262785e-10,-104
6,19,LEAKY_RELU,1,559,0.07124809920787811,-94,0.0026752366684377193,0,-6825,-13051,0.00019060552585870028,0.00019060552755740395,True,-641550,-654601,True,0.2592221796512604,1616937209,41,1.4143843077727685e-10,1293549767,44,2.9605176899335914e-10,-104
6,19,LEAKY_RELU,1,560,0.07124809920787811,-94,0.002341103507205844,0,-16722,-11765,0.00016679917462170124,0.00016679917493731336,True,-1571868,-1583633,True,0.2592221796512604,1414984108,41,1.2645745513935262e-10,1131987287,44,4.0358379130305063e-10,-104
6,19,LEAKY_RELU,1,561,0.07124809920787811,-94,0.0031870706006884575,0,-7765,-6822,0.0002270727272843942,0.0002270727223403629,True,-729910,-736732,True,0.2592221796512604,1926294262,41,2.3510285636867366e-10,1541035409,44,1.5424584999748874e-10,-104
6,19,LEAKY_RELU,1,562,0.07124809920787811,-94,0.005009273067116737,0,-6703,-11520,0.00035690117510966957,0.0003569011844452852,True,-630082,-641602,True,0.2592221796512604,1513824947,40,2.7311706952249305e-10,1211059957,43,2.2231677895544947e-10,-104
6,19,LEAKY_RELU,1,563,0.07124809920787811,-94,0.00725927809253335,0,-1426,-3802,0.0005172097589820623,0.0005172097657143923,True,-134044,-137846,True,0.2592221796512604,1096893314,39,4.090895641335043e-12,1755029302,43,2.32007426827582e-10,-104
6,19,LEAKY_RELU,1,564,0.07124809920787811,-94,0.0021299170330166817,0,4130,-24599,0.0001517525379313156,0.00015175254007292194,True,388220,363621,True,0.2592221796512604,1287341095,41,3.263394815655999e-10,2059745753,45,1.5915733215651455e-10,-104
6,19,LEAKY_RELU,1,565,0.07124809920787811,-94,0.005044367164373398,0,-2960,-11555,0.00035940157249569893,0.00035940157216823865,True,-278240,-289795,True,0.2592221796512604,1524430541,40,1.8975198767411297e-10,1219544433,43,2.5756283813961313e-11,-104
6,19,LEAKY_RELU,1,566,0.07124809920787811,-94,0.0027517008129507303,0,-4362,-16654,0.00019605345732998103,0.0001960534525115125,True,-410028,-426682,True,0.2592221796512604,1663152829,41,5.210608647941125e-11,1330522263,44,9.821086290640572e-11,-104
6,19,LEAKY_RELU,1,567,0.07124809920787811,-94,0.0022047057282179594,0,-9564,-20277,0.00015708108549006283,0.00015708109244825033,True,-899016,-919293,True,0.2592221796512604,1332544058,41,3.0432244186924254e-10,2132070493,45,2.1051698020022765e-10,-104
6,19,LEAKY_RELU,1,568,0.07124809920787811,-94,0.00243962905369699,0,-12160,-25433,0.00017381893121637404,0.00017381893284822494,True,-1143040,-1168473,True,0.2592221796512604,1474533839,41,3.313238842329894e-10,1179627071,44,1.6177873506434034e-10,-104
6,19,LEAKY_RELU,1,569,0.07124809920787811,-94,0.002668701810762286,0,-8672,-12559,0.00019013993733096868,0.00019013993136943533,True,-815168,-827727,True,0.2592221796512604,1612987482,41,1.3443778606789013e-10,1290389986,44,1.7554590983710188e-10,-104
6,19,LEAKY_RELU,1,570,0.07124809920787811,-94,0.0031367617193609476,0,-8652,-13007,0.0002234883140772581,0.00022348831017250312,True,-813288,-826295,True,0.2592221796512604,1895887119,41,1.0870660757657821e-10,1516709695,44,2.405710926935097e-10,-104
6,19,LEAKY_RELU,1,571,0.07124809920787811,-94,0.003054178087040782,0,-3903,-10626,0.00021760437812190503,0.00021760438334400903,True,-366882,-377508,True,0.2592221796512604,1845972826,41,1.0279401747848278e-10,1476778261,44,2.382238342590681e-10,-104
6,19,LEAKY_RELU,1,572,0.07124809920787811,-94,0.007745019625872374,0,-3040,-1243,0.0005518179386854172,0.0005518179266711179,True,-285760,-287003,True,0.2592221796512604,1170289957,39,2.71786881696926e-10,1872463931,43,1.6497571999412094e-10,-104
6,19,LEAKY_RELU,1,573,0.07124809920787811,-94,0.0023049574811011553,0,-4331,-15950,0.0001642238348722458,0.00016422383928343595,True,-407114,-423064,True,0.2592221796512604,1393137123,41,3.4104893725346807e-10,1114509699,44,1.9730425752409941e-10,-104
6,19,LEAKY_RELU,1,574,0.07124809920787811,-94,0.00184720940887928,0,-8188,-16096,0.00013161015522200614,0.00013161015922155683,True,-769672,-785768,True,0.2592221796512604,1116470054,41,4.081884671846887e-10,1786352086,45,1.8426844424599272e-10,-104
6,19,LEAKY_RELU,1,575,0.07124809920787811,-94,0.0016415443969890475,0,-11988,-10541,0.00011695691500790417,0.00011695691805081211,True,-1126872,-1137413,True,0.2592221796512604,1984328525,42,2.2978832728427166e-11,1587462820,45,2.2978832728427166e-11,-104
6,19,LEAKY_RELU,1,576,0.07124809920787811,-94,0.004641056526452303,0,-1295,-10356,0.0003306664584670216,0.00033066645582604387,True,-121730,-132086,True,0.2592221796512604,1402548245,40,1.0654198564078593e-10,1122038596,43,1.0654202813817951e-10,-104
6,19,LEAKY_RELU,1,577,0.07124809920787811,-94,0.004173277411609888,0,-4256,-13771,0.00029733809060417116,0.0002973380830443781,True,-400064,-413835,True,0.2592221796512604,1261183283,40,3.9436131522693275e-10,2017893254,44,2.003182372273491e-10,-104
6,19,LEAKY_RELU,1,578,0.07124809920787811,-94,0.003425109200179577,0,-8928,-12654,0.00024403251882176846,0.00024403252009221055,True,-839232,-851886,True,0.2592221796512604,2070166941,41,1.9702382056918687e-10,1656133553,44,7.626072819200791e-11,-104
6,19,LEAKY_RELU,1,579,0.07124809920787811,-94,0.0026234376709908247,0,-2173,-19679,0.00018691494187805802,0.00018691494744843898,True,-204262,-223941,True,0.2592221796512604,1585629427,41,1.5395019634501435e-10,1268503542,44,1.6138195617713993e-10,-104
6,19,LEAKY_RELU,1,580,0.07124809920787811,-94,0.003090549260377884,0,2530,-15653,0.00022019575408194214,0.0002201957603102378,True,237820,222167,True,0.2592221796512604,1867955892,41,2.48829868493067e-10,1494364713,44,1.5267860534616002e-10,-104
6,19,LEAKY_RELU,1,581,0.07124809920787811,-94,0.00310531840659678,0,-6796,-18670,0.0002212480321759358,0.00022124803390525735,True,-638824,-657494,True,0.2592221796512604,1876882497,41,3.8685931523562606e-11,1501505998,44,3.050850067986323e-10,-104
6,19,LEAKY_RELU,1,582,0.07124809920787811,-94,0.003231990383937955,0,-8925,-11673,0.0002302731736563146,0.00023027317151371948,True,-838950,-850623,True,0.2592221796512604,1953444184,41,1.6751534885312556e-10,1562755347,44,2.9549446471956894e-10,-104
6,19,LEAKY_RELU,1,583,0.07124809920787811,-94,0.00366660812869668,0,-2364,-13919,0.00026123886345885694,0.0002612388597097934,True,-222216,-236135,True,0.2592221796512604,1108065538,40,2.7484615118295565e-10,1772904860,44,1.7639080385238145e-10,-104
6,19,LEAKY_RELU,1,584,0.07124809920787811,-94,0.003205179003998637,0,-6778,-18723,0.00022836291464045644,0.00022836291165590286,True,-637132,-655855,True,0.2592221796512604,1937239144,41,4.674741028343789e-11,1549791315,44,1.7579707375284273e-10,-104
6,19,LEAKY_RELU,1,585,0.07124809920787811,-94,0.002781811635941267,0,-1869,-21468,0.00019819878798443824,0.0001981987914151731,True,-175686,-197154,True,0.2592221796512604,1681352082,41,1.9970712945744803e-10,1345081666,44,9.767247737151125e-11,-104
6,19,LEAKY_RELU,1,586,0.07124809920787811,-94,0.002922886284068227,0,-6764,-13091,0.0002082500868709758,0.00020825009194063923,True,-635816,-648907,True,0.2592221796512604,1766618874,41,3.706218108084334e-11,1413295099,44,1.7857551079749617e-10,-104
6,19,LEAKY_RELU,1,587,0.07124809920787811,-94,0.00207318551838398,0,-11396,-10994,0.00014771052519790828,0.000147710527490158,True,-1071224,-1082218,True,0.2592221796512604,1253052055,41,3.9135478403810265e-10,2004883289,45,1.0742731975147892e-10,-104
6,19,LEAKY_RELU,1,588,0.07124809920787811,-94,0.0021535265259444714,0,-13382,-14674,0.00015343466657213867,0.0001534346715672888,True,-1257908,-1272582,True,0.2592221796512604,1301610886,41,1.710789198725108e-10,2082577418,45,2.099070188560279e-11,-104
6,19,LEAKY_RELU,1,589,0.07124809920787811,-94,0.0019513537408784032,0,-3165,-5825,0.00013903024955652654,0.00013903024491976855,True,-297510,-303335,True,0.2592221796512604,1179415829,41,3.4316754473073403e-10,1887065326,45,1.3119820029878655e-10,-104
6,19,LEAKY_RELU,1,590,0.07124809920787811,-94,0.0033046137541532516,0,-11533,-22959,0.0002354474418098107,0.0002354474485996294,True,-1084102,-1107061,True,0.2592221796512604,1997338405,41,1.655174207542641e-10,1597870724,44,1.6551751028037236e-10,-104
6,19,LEAKY_RELU,1,591,0.07124809920787811,-94,0.0041152737103402615,0,-6730,-14975,0.00029320543399080634,0.0002932054295818956,True,-632620,-647595,True,0.2592221796512604,1243654303,40,1.2338140346213864e-11,1989846885,44,1.1284836243742459e-10,-104
6,19,LEAKY_RELU,1,592,0.07124809920787811,-94,0.002382569247856736,0,-7240,-11919,0.00016975353355519474,0.00016975353014093628,True,-680560,-692479,True,0.2592221796512604,1440046376,41,2.848917550143261e-10,1152037101,44,1.1128635918723865e-10,-104
6,19,LEAKY_RELU,1,593,0.07124809920787811,-94,0.003096518339589238,0,-5707,-9891,0.0002206210483564064,0.00022062104585806805,True,-536458,-546349,True,0.2592221796512604,1871563657,41,3.612896336705153e-11,1497250926,44,3.032851243287117e-10,-104
6,19,LEAKY_RELU,1,594,0.07124809920787811,-94,0.004432737361639738,0,-1273,-7458,0.000315824116114527,0.00031582411130457594,True,-119662,-127120,True,0.2592221796512604,1339593252,40,2.3568674470253113e-10,2143349204,44,1.3756079138827254e-10,-104
6,19,LEAKY_RELU,1,595,0.07124809920787811,-94,0.003252835711464286,0,87,-9421,0.00023175835667643696,0.00023175836147733622,True,8178,-1243,True,0.2592221796512604,1966043289,41,2.0803563930774594e-10,1572834631,44,8.08766591085802e-11,-104
6,19,LEAKY_RELU,1,596,0.07124809920787811,-94,0.0024521700106561184,0,-9606,-15814,0.00017471244791522622,0.00017471245219381065,True,-902964,-918778,True,0.2592221796512604,1482113706,41,1.259234503053075e-10,1185690965,44,4.275460628447744e-11,-104
6,19,LEAKY_RELU,1,597,0.07124809920787811,-94,0.007562035694718361,0,-2395,-3107,0.0005387806450016797,0.0005387806693908093,True,-225130,-228237,True,0.2592221796512604,1142640671,39,3.824036543251325e-10,1828225074,43,1.636122124927604e-10,-104
6,19,LEAKY_RELU,1,598,0.07124809920787811,-94,0.0026162147987633944,0,-9031,-15044,0.00018640032794792205,0.0001864003315314132,True,-848914,-863958,True,0.2592221796512604,1581263858,41,1.38065198663698e-11,1265011086,44,3.3000931996713674e-10,-104
6,19,LEAKY_RELU,1,599,0.07124809920787811,-94,0.0028149394784122705,0,-11974,-11697,0.00020055909408256412,0.00020055908722209012,True,-1125556,-1137253,True,0.2592221796512604,1701374850,41,2.4301523932312e-10,1361099880,44,2.4301513422345054e-10,-104
6,19,LEAKY_RELU,1,600,0.07124809920787811,-94,0.004037906415760517,0,-6314,-15331,0.000287693168502301,0.00028769315690223285,True,-593516,-608847,True,0.2592221796512604,1220273557,40,9.248078636239879e-11,1952437691,44,1.9491685823637308e-10,-104
6,19,LEAKY_RELU,1,601,0.07124809920787811,-94,0.0036438044626265764,0,-6916,-4083,0.0002596141421236098,0.0002596141418473273,True,-650104,-654187,True,0.2592221796512604,1101174167,40,1.7227878554842523e-10,1761878667,44,5.876353666938063e-11,-104
6,19,LEAKY_RELU,1,602,0.07124809920787811,-94,0.0019421600736677647,0,-8124,-22200,0.00013837520964443684,0.00013837521360626076,True,-763656,-785856,True,0.2592221796512604,1173859093,41,6.977342798640665e-11,1878174549,45,3.6712921980433813e-11,-104
6,19,LEAKY_RELU,1,603,0.07124809920787811,-94,0.00432858569547534,0,-5964,-1842,0.0003084035124629736,0.0003084035030610291,True,-560616,-562458,True,0.2592221796512604,1308118148,40,2.8464935277196127e-10,2092989037,44,1.8909232610258635e-10,-104
6,19,LEAKY_RELU,1,604,0.07124809920787811,-94,0.0024569795932620764,0,-5732,-15073,0.00017505513096693903,0.00017505512581246843,True,-538808,-553881,True,0.2592221796512604,1485020661,41,2.4321021831320283e-10,1188016529,44,7.486239224938929e-11,-104
6,19,LEAKY_RELU,1,605,0.07124809920787811,-94,0.005024000070989132,0,-5570,-5938,0.0003579504555091262,0.00035795045547822035,True,-523580,-529518,True,0.2592221796512604,1518275514,40,2.139361915979013e-10,1214620411,43,4.9275616519448434e-11,-104
6,19,LEAKY_RELU,1,606,0.07124809920787811,-94,0.002863290486857295,0,-11329,-16076,0.00020400399807840586,0.00020400400466858218,True,-1064926,-1081002,True,0.2592221796512604,1730598636,41,7.46019568565745e-11,1384478909,44,2.1906050224056111e-10,-104
6,19,LEAKY_RELU,1,607,0.07124809920787811,-94,0.004130618646740913,0,-6334,-13819,0.00029429871938191354,0.00029429872713290783,True,-595396,-609215,True,0.2592221796512604,1248291612,40,5.9591675577285e-11,1997266579,44,1.5972855753117368e-10,-104
6,19,LEAKY_RELU,1,608,0.07124809920787811,-94,0.0034642191603779793,0,-5041,-13852,0.00024681902141310275,0.0002468190304164425,True,-473854,-487706,True,0.2592221796512604,2093805355,41,1.658696973805061e-10,1675044284,44,1.6586961197909379e-10,-104
6,19,LEAKY_RELU,1,609,0.07124809920787811,-94,0.002535384614020586,0,-5883,-11379,0.00018064133473671973,0.00018064133450986647,True,-553002,-564381,True,0.2592221796512604,1532409364,41,1.1847607100350324e-10,1225927491,44,2.8161797332896776e-10,-104
6,19,LEAKY_RELU,1,610,0.07124809920787811,-94,0.004004023503512144,0,-1310,-4713,0.00028527906397357583,0.00028527906380890894,True,-123140,-127853,True,0.2592221796512604,1210033988,40,8.034677467821368e-12,1936054381,44,1.1133748700347977e-10,-104
6,19,LEAKY_RELU,1,611,0.07124809920787811,-94,0.002101010410115123,0,-376,-11417,0.00014969300536904484,0.00014969299813666695,True,-35344,-46761,True,0.2592221796512604,1269869671,41,3.2257251482434053e-10,2031791474,45,1.2570196501599559e-10,-104
6,19,LEAKY_RELU,1,612,0.07124809920787811,-94,0.0019082464277744293,0,-811,-21801,0.00013595893688034266,0.00013595893079915156,True,-76234,-98035,True,0.2592221796512604,1153361379,41,1.24945937335318e-10,1845378207,45,2.0019063909136926e-10,-104
6,19,LEAKY_RELU,1,613,0.07124809920787811,-94,0.003690729383379221,0,-5902,-13618,0.00026295744464732707,0.00026295745325643355,True,-554788,-568406,True,0.2592221796512604,1115355090,40,1.6987484049320996e-10,1784568144,44,1.6987473361308661e-10,-104
6,19,LEAKY_RELU,1,614,0.07124809920787811,-94,0.0028647403232753277,0,-10325,-18149,0.00020410730212461203,0.00020410730275752936,True,-970550,-988699,True,0.2592221796512604,1731474930,41,5.7228860799979974e-11,1385179944,44,5.7228860799979974e-11,-104
6,19,LEAKY_RELU,1,615,0.07124809920787811,-94,0.008763883262872696,0,-2665,-3169,0.0006244100513868034,0.0006244100241594164,True,-250510,-253679,True,0.2592221796512604,1324242553,39,1.6306554201286355e-10,2118788085,43,6.867198103408835e-11,-104
6,19,LEAKY_RELU,1,616,0.07124809920787811,-94,0.004329952411353588,0,-2991,-7438,0.00030850086477585137,0.0003085008789695115,True,-281154,-288592,True,0.2592221796512604,1308531176,40,6.411366511368393e-11,2093649882,44,1.2694017843417849e-10,-104
6,19,LEAKY_RELU,1,617,0.07124809920787811,-94,0.007539617363363504,0,-1007,3180,0.0005371834267862141,0.0005371834058943634,True,-94658,-91478,True,0.2592221796512604,1139253211,39,5.2599479286908676e-11,1822805138,43,2.7204139807398915e-10,-104
6,19,LEAKY_RELU,1,618,0.07124809920787811,-94,0.004257846623659134,0,-6887,-7391,0.0003033634857274592,0.00030336347865439484,True,-647378,-654769,True,0.2592221796512604,1286740481,40,2.7807473661604607e-10,2058784770,44,8.378538781599153e-11,-104
6,19,LEAKY_RELU,1,619,0.07124809920787811,-94,0.005442466586828232,0,-4995,-7334,0.0003877654089592397,0.00038776539931389964,True,-469530,-476864,True,0.2592221796512604,1644737985,40,7.525602070980668e-11,1315790388,43,7.525587575141129e-11,-104
6,19,LEAKY_RELU,1,620,0.07124809920787811,-94,0.0020281795877963305,0,-6383,-22386,0.0001445039379177615,0.0001445039404827063,True,-600002,-622388,True,0.2592221796512604,1225850064,41,3.9228737641736926e-10,1961360103,45,8.637725636189772e-11,-104
6,19,LEAKY_RELU,1,621,0.07124809920787811,-94,0.0041606733575463295,0,-6003,-8034,0.0002964400628115982,0.0002964400681500362,True,-564282,-572316,True,0.2592221796512604,1257374281,40,3.418376861295452e-10,2011798850,44,1.4301069874193232e-10,-104
6,19,LEAKY_RELU,1,622,0.07124809920787811,-94,0.0027094532269984484,0,-11159,-8351,0.00019304339366499335,0.00019304339231629095,True,-1048946,-1057297,True,0.2592221796512604,1637618006,41,1.9481725537641382e-10,1310094405,44,4.215664672607351e-11,-104
6,19,LEAKY_RELU,1,623,0.07124809920787811,-94,0.0029836164321750402,0,-3806,-19071,0.00021257699700072408,0.0002125769995578626,True,-357764,-376835,True,0.2592221796512604,1803324724,41,1.0464928888171014e-10,1442659779,44,2.4328214643159777e-10,-104
6,19,LEAKY_RELU,1,624,0.07124809920787811,-94,0.0018466836772859097,0,-6198,-19051,0.00013157269859220833,0.00013157270184483566,True,-582612,-601663,True,0.2592221796512604,1116152297,41,3.4043236427952323e-10,1785843675,45,2.284404789619642e-10,-104
6,19,LEAKY_RELU,1,625,0.07124809920787811,-94,0.002703618723899126,0,-5867,-12461,0.0001926276891026646,0.00019262769506064176,True,-551498,-563959,True,0.2592221796512604,1634091580,41,3.692596256614098e-11,1307273264,44,3.6925816663315193e-11,-104
6,19,LEAKY_RELU,1,626,0.07124809920787811,-94,0.0022233715280890465,0,-6586,-16815,0.0001584109995746985,0.00015841099520925994,True,-619084,-635899,True,0.2592221796512604,1343825836,41,3.4649654405576843e-10,1075060669,44,1.6046062034691187e-10,-104
6,19,LEAKY_RELU,1,627,0.07124809920787811,-94,0.002181579824537039,0,-4580,-10660,0.00015543341578450054,0.00015543341576852027,True,-430520,-441180,True,0.2592221796512604,1318566553,41,2.36832899232149e-10,2109706485,45,1.4203304989649798e-10,-104
6,19,LEAKY_RELU,1,628,0.07124809920787811,-94,0.0024198333267122507,0,-6844,-8543,0.00017240853048861027,0.00017240852492812417,True,-643336,-651879,True,0.2592221796512604,1462569122,41,2.028105322007514e-10,1170055298,44,1.3905361136206476e-10,-104
6,19,LEAKY_RELU,1,629,0.07124809920787811,-94,0.002577821258455515,0,-7093,-7072,0.00018366485892329365,0.00018366486476261573,True,-666742,-673814,True,0.2592221796512604,1558058455,41,2.763914410643917e-10,1246446764,44,2.763914410643917e-10,-104
6,19,LEAKY_RELU,1,630,0.07124809920787811,-94,0.0029563168063759804,0,-3708,-15703,0.0002106319589074701,0.00021063195311059324,True,-348552,-364255,True,0.2592221796512604,1786824584,41,1.433632769265351e-10,1429459667,44,3.450203486792005e-12,-104
6,19,LEAKY_RELU,1,631,0.07124809920787811,-94,0.004240377806127071,0,-9097,-11491,0.000302118860417977,0.0003021188586098261,True,-855118,-866609,True,0.2592221796512604,1281461326,40,1.5833797079358777e-10,2050338121,44,1.342967129484787e-10,-104
6,19,LEAKY_RELU,1,632,0.07124809920787811,-94,0.0020547963213175535,0,-5616,-12869,0.00014640032895840704,0.00014640033215321605,True,-527904,-540773,True,0.2592221796512604,1241937459,41,2.70451505811729e-10,1987099934,45,6.915302860966365e-11,-104
6,19,LEAKY_RELU,1,633,0.07124809920787811,-94,0.0026765603106468916,0,-6567,-10809,0.00019069983682129532,0.0001906998345488388,True,-617298,-628107,True,0.2592221796512604,1617737231,41,2.8615304054583745e-10,1294189784,44,3.3199432054815535e-10,-104
6,19,LEAKY_RELU,1,634,0.07124809920787811,-94,0.0022308342158794403,0,-15159,-9504,0.00015894269745331258,0.00015894269752930734,True,-1424946,-1434450,True,0.2592221796512604,1348336352,41,2.8223150171221597e-10,1078669082,44,8.859580670573546e-11,-104
6,19,LEAKY_RELU,1,635,0.07124809920787811,-94,0.0020887276623398066,0,-9196,-22057,0.00014881788229104131,0.00014881787570462587,True,-864424,-886481,True,0.2592221796512604,1262445868,41,2.3947165676169694e-10,2019913388,45,1.5658492894510172e-10,-104
6,19,LEAKY_RELU,1,636,0.07124809920787811,-94,0.0030981311574578285,0,-10826,-11855,0.00022073595027904958,0.0002207359560655736,True,-1017644,-1029499,True,0.2592221796512604,1872538459,41,2.0208211100601608e-10,1498030767,44,6.857337730416816e-11,-104
6,19,LEAKY_RELU,1,637,0.07124809920787811,-94,0.004813743755221367,0,-2191,-6326,0.00034297010279260576,0.0003429700926333157,True,-205954,-212280,True,0.2592221796512604,1454735105,40,2.5573434424720797e-10,1163788084,43,2.5573430327435695e-10,-104
6,19,LEAKY_RELU,1,638,0.07124809920787811,-94,0.00525950500741601,0,-1076,3400,0.0003747297450900078,0.0003747297345527076,True,-101144,-97744,True,0.2592221796512604,1589446169,40,1.1550500116824814e-10,1271556935,43,2.7279245464883156e-10,-104
6,19,LEAKY_RELU,1,639,0.07124809920787811,-94,0.005018727853894234,0,-4388,926,0.0003575748123694211,0.0003575748200315976,True,-412472,-411546,True,0.2592221796512604,1516682226,40,9.511043104699183e-11,1213345781,43,2.5994386558816567e-10,-104
6,19,LEAKY_RELU,1,640,0.07124809920787811,-94,0.004316770471632481,0,-1683,-2525,0.00030756168416701257,0.00030756169082050977,True,-158202,-160727,True,0.2592221796512604,1304547534,40,2.7631514555217854e-10,2087276055,44,1.1140796464677915e-11,-104
6,19,LEAKY_RELU,1,641,0.07124809920787811,-94,0.002881421474739909,0,-5308,-11772,0.00020529580069705844,0.0002052958030919795,True,-498952,-510724,True,0.2592221796512604,1741557169,41,1.5277714235508512e-10,1393245735,44,9.227379133109695e-12,-104
6,19,LEAKY_RELU,1,642,0.07124809920787811,-94,0.0031721917912364006,0,-15722,-22852,0.0002260126348119229,0.00022601263544842765,True,-1477868,-1500720,True,0.2592221796512604,1917301375,41,1.5325703896345984e-10,1533841100,44,1.532570078756791e-10,-104
6,19,LEAKY_RELU,1,643,0.07124809920787811,-94,0.008038925006985664,0,-4536,-270,0.0005727581446990371,0.0005727581264224069,True,-426384,-426654,True,0.2592221796512604,1214699724,39,3.9618024503152957e-10,1943519558,43,1.9036798989841465e-10,-104
6,19,LEAKY_RELU,1,644,0.07124809920787811,-94,0.007439762819558382,0,-3281,-10068,0.0005300689372234046,0.0005300689594509786,True,-308414,-318482,True,0.2592221796512604,1124164964,39,1.2327252475434223e-10,1798663942,43,9.911476540035978e-11,-104
6,19,LEAKY_RELU,1,645,0.07124809920787811,-94,0.003647871082648635,0,1596,-9302,0.00025990387075580657,0.0002599038807940997,True,150024,140722,True,0.2592221796512604,1102403118,40,2.2775722468438675e-10,1763844988,44,2.2579737068086204e-10,-104
6,19,LEAKY_RELU,1,646,0.07124809920787811,-94,0.003609854495152831,0,-2432,-6244,0.00025719526456668973,0.00025719527119665367,True,-228608,-234852,True,0.2592221796512604,1090914333,40,2.7109075449574976e-10,1745462933,44,1.5650808106705248e-10,-104
6,19,LEAKY_RELU,1,647,0.07124809920787811,-94,0.004739447496831417,0,-4359,-16487,0.0003376766399014741,0.0003376766254447744,True,-409746,-426233,True,0.2592221796512604,1432282441,40,3.435611730227001e-10,1145825952,43,3.5462514255160446e-10,-104
6,19,LEAKY_RELU,1,648,0.07124809920787811,-94,0.0024501390289515257,0,-1184,-14382,0.00017456774367019534,0.00017456774860783245,True,-111296,-125678,True,0.2592221796512604,1480886162,41,3.3591187821934766e-10,1184708930,44,1.7236766587117754e-12,-104
6,19,LEAKY_RELU,1,649,0.07124809920787811,-94,0.004931153729557991,0,-9735,-19151,0.00035133532946929336,0.0003513353301328459,True,-915090,-934241,True,0.2592221796512604,1490216930,40,4.7181128064037154e-11,1192173544,43,4.718100807215494e-11,-104
6,19,LEAKY_RELU,1,650,0.07124809920787811,-94,0.0025037990417331457,0,-11339,-24681,0.00017839092470239848,0.00017839092252199332,True,-1065866,-1090547,True,0.2592221796512604,1513318759,41,2.5190951000697047e-11,1210655007,44,1.400089172518728e-10,-104
6,19,LEAKY_RELU,1,651,0.07124809920787811,-94,0.001919121015816927,0,-17075,-16233,0.0001367337245028466,0.00013673372452684823,True,-1605050,-1621283,True,0.2592221796512604,1159934078,41,3.3871524357784906e-10,1855894525,45,2.309505501147988e-10,-104
6,19,LEAKY_RELU,1,652,0.07124809920787811,-94,0.0031756621319800615,0,-4597,-8164,0.0002262598864035681,0.00022625989063001714,True,-432118,-440282,True,0.2592221796512604,1919398880,41,5.462985947392545e-13,1535519104,44,5.463917561640054e-13,-104
6,19,LEAKY_RELU,1,653,0.07124809920787811,-94,0.002852722303941846,0,-3539,-6669,0.00020325103832874447,0.00020325104172377526,True,-332666,-339335,True,0.2592221796512604,1724211131,41,2.0367469099816082e-10,1379368905,44,3.48668500602719e-10,-104
6,19,LEAKY_RELU,1,654,0.07124809920787811,-94,0.002775655360892415,0,-4527,-5929,0.0001977601641556248,0.00019776016851974151,True,-425538,-431467,True,0.2592221796512604,1677631174,41,4.9694911009643126e-11,1342104939,44,1.9871469693200185e-10,-104
6,19,LEAKY_RELU,1,655,0.07124809920787811,-94,0.002896350808441639,0,-8129,-6147,0.00020635948749259114,0.00020635948974066787,True,-764126,-770273,True,0.2592221796512604,1750580593,41,6.408908453617869e-11,1400464474,44,2.215304419405692e-10,-104
6,19,LEAKY_RELU,1,656,0.07124809920787811,-94,0.00525536248460412,0,-7095,-1067,0.0003744345740415156,0.00037443458767643517,True,-666930,-667997,True,0.2592221796512604,1588194280,40,4.976619206348272e-11,1270555424,43,4.976622959330229e-11,-104
6,19,LEAKY_RELU,1,657,0.07124809920787811,-94,0.0035207264591008425,0,-7254,-9918,0.00025084507069550455,0.00025084506804181825,True,-681876,-691794,True,0.2592221796512604,2127958876,41,2.166659504337608e-10,1702367101,44,9.918258910246107e-11,-104
6,19,LEAKY_RELU,1,658,0.07124809920787811,-94,0.0021836005616933107,0,-15757,-15117,0.00015557739243377,0.00015557738944990337,True,-1481158,-1496275,True,0.2592221796512604,1319787905,41,7.873684051236211e-11,2111660648,45,7.873684051236211e-11,-104
6,19,LEAKY_RELU,1,659,0.07124809920787811,-94,0.0021916425321251154,0,-4598,-14515,0.00015615035954397172,0.00015615036455705542,True,-432212,-446727,True,0.2592221796512604,1324648545,41,2.4137529586338975e-10,2119437671,45,2.3044803562853192e-10,-104
6,19,LEAKY_RELU,1,660,0.07124809920787811,-94,0.003997295629233122,0,-7484,-12976,0.0002847997238859534,0.00028479971555481903,True,-703496,-716472,True,0.2592221796512604,1208000794,40,4.1908748187989976e-12,1932801270,44,2.0276273022190867e-10,-104
6,19,LEAKY_RELU,1,661,0.07124809920787811,-94,0.002014758065342903,0,-4342,-14720,0.00014354768791235983,0.00014354768251942374,True,-408148,-422868,True,0.2592221796512604,1217737975,41,5.447587936725539e-11,1948380760,45,5.447595278778509e-11,-104
6,19,LEAKY_RELU,1,662,0.07124809920787811,-94,0.002198293339461088,0,-18170,-12744,0.00015662422811146826,0.0001566242219379413,True,-1707980,-1720724,True,0.2592221796512604,1328668353,41,2.1496870857205121e-10,2125869364,45,1.6134796863575546e-10,-104
6,19,LEAKY_RELU,1,663,0.07124809920787811,-94,0.002178451744839549,0,-6628,-22793,0.0001552105532027781,0.00015521054603590337,True,-623032,-645825,True,0.2592221796512604,1316675914,41,2.3884231287558677e-10,2106681462,45,4.8970228635644824e-11,-104
6,19,LEAKY_RELU,1,664,0.07124809920787811,-94,0.002409909851849079,0,-6694,-16546,0.0001717014965834096,0.00017170149620658604,True,-629236,-645782,True,0.2592221796512604,1456571284,41,3.0574323649710893e-10,1165257028,44,3.8080061500099703e-10,-104
6,19,LEAKY_RELU,1,665,0.07124809920787811,-94,0.005201057065278292,0,-3260,-4643,0.00037056542350910604,0.0003705654297727831,True,-306440,-311083,True,0.2592221796512604,1571782937,40,4.708931819613307e-11,1257426350,43,2.7102072651916376e-10,-104
6,19,LEAKY_RELU,1,666,0.07124809920787811,-94,0.004441005177795887,0,-756,-8543,0.0003164131776429713,0.00031641317749030173,True,-71064,-79607,True,0.2592221796512604,1342091824,40,2.2212607159482361e-10,2147346918,44,3.5849607649372224e-11,-104
6,19,LEAKY_RELU,1,667,0.07124809920787811,-94,0.0027815501671284437,0,-6977,-6458,0.00019818016153294593,0.0001981801622592573,True,-655838,-662296,True,0.2592221796512604,1681194048,41,1.3283515754191362e-10,1344955239,44,3.1327630781091214e-10,-104
6,19,LEAKY_RELU,1,668,0.07124809920787811,-94,0.00521353492513299,0,-4577,-4495,0.0003714544582180679,0.00037145445356961265,True,-430238,-434733,True,0.2592221796512604,1575553803,40,2.0205522911415522e-10,1260443042,43,1.1529350194725405e-10,-104
6,19,LEAKY_RELU,1,669,0.07124809920787811,-94,0.004997677635401487,0,-3862,-2963,0.0003560750337783247,0.00035607503197607887,True,-363028,-365991,True,0.2592221796512604,1510320755,40,1.6660545970014754e-10,1208256604,43,1.6660538077036445e-10,-104
6,19,LEAKY_RELU,1,670,0.07124809920787811,-94,0.002798091620206833,0,-11496,-15255,0.00019935870659537613,0.00019935870934922884,True,-1080624,-1095879,True,0.2592221796512604,1691191852,41,6.411040503321826e-11,1352953482,44,3.597597490282105e-10,-104
6,19,LEAKY_RELU,1,671,0.07124809920787811,-94,0.0029386309906840324,0,-7393,-12828,0.00020937187946401536,0.00020937187235960109,True,-694942,-707770,True,0.2592221796512604,1776135117,41,1.4462154725594352e-11,1420908094,44,2.9597226914288113e-10,-104
6,19,LEAKY_RELU,1,672,0.07124809920787811,-94,0.0021057988051325083,0,-6480,-15725,0.00015003416046965867,0.00015003416217991214,True,-609120,-624845,True,0.2592221796512604,1272763821,41,3.0309430046747746e-10,2036422113,45,8.459880688520864e-12,-104
6,19,LEAKY_RELU,1,673,0.07124809920787811,-94,0.0031321351416409016,0,-7954,-16003,0.00022315866954158992,0.00022315867530411232,True,-747676,-763679,True,0.2592221796512604,1893090774,41,8.569005236739233e-11,1514472619,44,4.636911957246443e-11,-104
6,19,LEAKY_RELU,1,674,0.07124809920787811,-94,0.0030287697445601225,0,-4632,-16184,0.00021579409076366574,0.00021579408723823926,True,-435408,-451592,True,0.2592221796512604,1830615794,41,4.805227306535074e-11,1464492635,44,1.8461847074919197e-10,-104
6,19,LEAKY_RELU,1,675,0.07124809920787811,-94,0.00308634783141315,0,-2727,-7182,0.00021989642118569463,0.00021989641648254357,True,-256338,-263520,True,0.2592221796512604,1865416510,41,4.5466559990470786e-11,1492333208,44,4.5466432180634294e-11,-104
6,19,LEAKY_RELU,1,676,0.07124809920787811,-94,0.0025148182176053524,0,-9020,-11970,0.0001791760150808841,0.00017917601785772536,True,-847880,-859850,True,0.2592221796512604,1519978848,41,2.638666895282109e-10,1215983079,44,2.2956126862633885e-10,-104
6,19,LEAKY_RELU,1,677,0.07124809920787811,-94,0.0048183873295784,0,-6146,-9947,0.00034330092603340745,0.0003433009384797847,True,-577724,-587671,True,0.2592221796512604,1456138415,40,3.31939460762256e-10,1164910732,43,3.319395016956207e-10,-104
6,19,LEAKY_RELU,1,678,0.07124809920787811,-94,0.003354181069880724,0,-5752,-10795,0.00023897903156466782,0.00023897902562804857,True,-540688,-551483,True,0.2592221796512604,2027297339,41,1.3613915136621107e-10,1621837871,44,1.2822233403897517e-11,-104
6,19,LEAKY_RELU,1,679,0.07124809920787811,-94,0.004621576052159071,0,-8468,-9378,0.00032927849679253995,0.00032927850906098316,True,-795992,-805370,True,0.2592221796512604,1396661158,40,3.3619354364494346e-10,1117328926,43,2.180322322872307e-11,-104
6,19,LEAKY_RELU,1,680,0.07124809920787811,-94,0.0029749195091426373,0,-5912,-12482,0.000211957361898385,0.00021195736032284668,True,-555728,-568210,True,0.2592221796512604,1798068225,41,1.9133637924696446e-10,1438454580,44,1.9133641239623206e-10,-104
6,19,LEAKY_RELU,1,681,0.07124809920787811,-94,0.0017653744434937835,0,-5760,-5781,0.00012577956658788025,0.0001257795734890977,True,-541440,-547221,True,0.2592221796512604,2134016522,42,1.938475514932657e-10,1707213218,45,4.0452359280239865e-11,-104
6,19,LEAKY_RELU,1,682,0.07124809920787811,-94,0.002349425107240677,0,2336,-15022,0.00016739207785576582,0.00016739207312216342,True,219584,204562,True,0.2592221796512604,1420013758,41,2.9111969645004814e-10,1136011007,44,2.370441162926526e-10,-104
6,19,LEAKY_RELU,1,683,0.07124809920787811,-94,0.005132222548127174,0,-4390,-6934,0.0003656611079350114,0.0003656611012658739,True,-412660,-419594,True,0.2592221796512604,1550980835,40,5.266517818258643e-11,1240784668,43,5.266525504316836e-11,-104
6,19,LEAKY_RELU,1,684,0.07124809920787811,-94,0.001479679369367659,0,-18904,-16739,0.00010542434029048309,0.0001054243425045575,True,-1776976,-1793715,True,0.2592221796512604,1788663155,42,7.894140848699278e-11,1430930524,45,7.894154178127929e-11,-104
6,19,LEAKY_RELU,1,685,0.07124809920787811,-94,0.0028568627312779427,0,-5542,-13901,0.00020354603475425392,0.0002035460393013805,True,-520948,-534849,True,0.2592221796512604,1726713642,41,1.9309764027063092e-10,1381370914,44,9.646973681898984e-11,-104
6,19,LEAKY_RELU,1,686,0.07124809920787811,-94,0.006745371036231518,0,-2663,-3247,0.0004805948701687157,0.00048059486478337077,True,-250322,-253569,True,0.2592221796512604,2038481594,40,1.9510055617635975e-10,1630785276,43,2.954605673257272e-10,-104
6,19,LEAKY_RELU,1,687,0.07124809920787811,-94,0.0032690740190446377,0,-11211,-10434,0.00023291530669666827,0.00023291531002678917,True,-1053834,-1064268,True,0.2592221796512604,1975857868,41,1.9321294238507442e-10,1580686295,44,1.8636901641961138e-10,-104
6,19,LEAKY_RELU,1,688,0.07124809920787811,-94,0.0026413945015519857,0,-5594,-8772,0.0001881943317130208,0.00018819433749371964,True,-525836,-534608,True,0.2592221796512604,1596482698,41,9.470644138945748e-11,1277186158,44,2.1848204519654198e-10,-104
6,19,LEAKY_RELU,1,689,0.07124809920787811,-94,0.007895655930042267,0,-2640,-2761,0.000562550500035286,0.0005625504770149226,True,-248160,-250921,True,0.2592221796512604,1193051442,39,3.6571213546401836e-10,1908882308,43,5.338120184588853e-11,-104
6,19,LEAKY_RELU,1,690,0.07124809920787811,-94,0.0023876780178397894,0,-8376,-7991,0.00017011752061080188,0.00017011752029151908,True,-787344,-795335,True,0.2592221796512604,1443134163,41,9.578496978374325e-11,1154507331,44,4.239171066712418e-10,-104
6,19,LEAKY_RELU,1,691,0.07124809920787811,-94,0.0033649492543190718,0,-4560,-7703,0.00023974623763933778,0.0002397462383012007,True,-428640,-436343,True,0.2592221796512604,2033805727,41,1.6066586340607327e-10,1627044581,44,2.081010392446431e-10,-104
6,19,LEAKY_RELU,1,692,0.07124809920787811,-94,0.0017132211942225695,0,-6999,-10873,0.00012206375686218962,0.00012206375361100905,True,-657906,-668779,True,0.2592221796512604,2070972732,42,2.1196381496276973e-10,1656778186,45,2.946856749156794e-11,-104
6,19,LEAKY_RELU,1,693,0.07124809920787811,-94,0.003956323955208063,0,-3063,-7885,0.0002818805514834821,0.0002818805616591688,True,-287922,-295807,True,0.2592221796512604,1195618969,40,3.779261379950442e-11,1912990350,44,2.46889354713519e-10,-104
6,19,LEAKY_RELU,1,694,0.07124809920787811,-94,0.0019705670420080423,0,-12878,-22161,0.00014039916277397424,0.00014039915610476392,True,-1210532,-1232693,True,0.2592221796512604,1191028521,41,3.03861306136805e-10,1905645634,45,9.395876718906849e-11,-104
6,19,LEAKY_RELU,1,695,0.07124809920787811,-94,0.0021047359332442284,0,-2609,-11086,0.00014995843230281025,0.0001499584345781707,True,-245246,-256332,True,0.2592221796512604,1272121411,41,1.9139173954920173e-10,2035394258,45,5.13033624149283e-12,-104
6,19,LEAKY_RELU,1,696,0.07124809920787811,-94,0.004821275360882282,0,-1418,-3097,0.000343506719218567,0.0003435067052206392,True,-133292,-136389,True,0.2592221796512604,1457011191,40,2.5995754564097163e-10,1165608952,43,4.2637898110431785e-10,-104
6,19,LEAKY_RELU,1,697,0.07124809920787811,-94,0.004135125316679478,0,-5471,-7979,0.0002946198219433427,0.0002946198187997878,True,-514274,-522253,True,0.2592221796512604,1249653548,40,6.832776809009136e-11,1999445677,44,3.1699860353187776e-11,-104
6,19,LEAKY_RELU,1,698,0.07124809920787811,-94,0.0033603222109377384,0,-8213,-4637,0.00023941656399983913,0.0002394165702553283,True,-772022,-776659,True,0.2592221796512604,2031009100,41,7.137640372887961e-11,1624807280,44,7.137631568696273e-11,-104
6,19,LEAKY_RELU,1,699,0.07124809920787811,-94,0.0032440382055938244,0,-5177,-6405,0.00023113156203180552,0.0002311315559062957,True,-486638,-493043,True,0.2592221796512604,1960725997,41,2.1911686514346882e-10,1568580797,44,1.633945722124705e-10,-104
6,19,LEAKY_RELU,1,700,0.07124809920787811,-94,0.007210676558315754,0,-2606,-544,0.0005137469852343202,0.0005137469987828019,True,-244964,-245508,True,0.2592221796512604,1089549512,39,3.8858296027939376e-10,1743279220,43,7.03222155679443e-11,-104
6,19,LEAKY_RELU,1,701,0.07124809920787811,-94,0.0033684198278933764,0,-5818,-4947,0.0002399935037828982,0.000239993510071531,True,-546892,-551839,True,0.2592221796512604,2035903373,41,1.5075877749915239e-10,1628722698,44,9.483253371938536e-11,-104
6,19,LEAKY_RELU,1,702,0.07124809920787811,-94,0.0031656406354159117,0,-4984,-22988,0.00022554588213097304,0.00022554587804860318,True,-468496,-491484,True,0.2592221796512604,1913341797,41,2.706882086589021e-11,1530673438,44,2.88391644413786e-10,-104
6,19,LEAKY_RELU,1,703,0.07124809920787811,-94,0.0021659729536622763,0,-6487,-19867,0.00015432146028615534,0.00015432145588411064,True,-609778,-629645,True,0.2592221796512604,1309133620,41,3.281018710713471e-10,2094613791,45,1.4931317660883613e-10,-104
6,19,LEAKY_RELU,1,704,0.07124809920787811,-94,0.004543178249150515,0,-2563,-10907,0.00032369280233979225,0.00032369281461454985,True,-240922,-251829,True,0.2592221796512604,1372968987,40,2.5994567787946884e-10,1098375190,43,1.0422865104488285e-10,-104
6,19,LEAKY_RELU,1,705,0.07124809920787811,-94,0.004138680174946785,0,-3807,-5331,0.0002948730834759772,0.0002948730956942869,True,-357858,-363189,True,0.2592221796512604,1250727842,40,2.4803310519071285e-10,2001164548,44,1.51734096980246e-10,-104
6,19,LEAKY_RELU,1,706,0.07124809920787811,-94,0.002745219273492694,0,-7850,-23641,0.0001955916523002088,0.00019559165514518653,True,-737900,-761541,True,0.2592221796512604,1659235328,41,5.19907256420178e-11,1327388262,44,2.4935294224704977e-10,-104
6,19,LEAKY_RELU,1,707,0.07124809920787811,-94,0.0025312663055956364,0,-602,-17711,0.00018034790991805494,0.00018034791286263702,True,-56588,-74299,True,0.2592221796512604,1529920221,41,2.3965978839999444e-10,1223936177,44,7.625253610462797e-11,-104
6,19,LEAKY_RELU,1,708,0.07124809920787811,-94,0.0023658284917473793,0,-8440,-5913,0.00016856078582350165,0.00016856078308884193,True,-793360,-799273,True,0.2592221796512604,1429928112,41,1.3264692673525246e-10,1143942490,44,2.1702100114004519e-10,-104
6,19,LEAKY_RELU,1,709,0.07124809920787811,-94,0.0019670508336275816,0,-13858,-13663,0.00014014863700140268,0.00014014863294123728,True,-1302652,-1316315,True,0.2592221796512604,1188903293,41,2.127933567784434e-10,1902245269,45,1.0765454397501104e-10,-104
6,19,LEAKY_RELU,1,710,0.07124809920787811,-94,0.003339622402563691,0,-5774,-5938,0.00023794174194335938,0.00023794174825471012,True,-542756,-548694,True,0.2592221796512604,2018497949,41,1.5780833711355074e-10,1614798359,44,3.395386395775361e-11,-104
6,19,LEAKY_RELU,1,711,0.07124809920787811,-94,0.003568850224837661,0,-5971,-12758,0.00025427379296161234,0.00025427379487729176,True,-561274,-574032,True,0.2592221796512604,1078522658,40,3.709856634115059e-10,1725636252,44,9.261156904903128e-11,-104
6,19,LEAKY_RELU,1,712,0.07124809920787811,-94,0.0026569708716124296,0,-11371,-10772,0.00018930411897599697,0.00018930412425308477,True,-1068874,-1079646,True,0.2592221796512604,1605897197,41,2.348172487274994e-10,1284717757,44,2.3221151275930906e-10,-104
6,19,LEAKY_RELU,1,713,0.07124809920787811,-94,0.002401851350441575,0,-1026,-11656,0.00017112733621615916,0.00017112734329883736,True,-96444,-108100,True,0.2592221796512604,1451700653,41,2.741231037304708e-10,1161360523,44,2.425122090873387e-10,-104
6,19,LEAKY_RELU,1,714,0.07124809920787811,-94,0.002467012032866478,0,-2406,-16968,0.0001757699210429564,0.00017576991806469988,True,-226164,-243132,True,0.2592221796512604,1491084358,41,3.262022821528816e-10,1192867487,44,1.7678732814434043e-10,-104
6,19,LEAKY_RELU,1,715,0.07124809920787811,-94,0.006316686514765024,0,-4529,-8216,0.00045005191350355744,0.0004500519074690443,True,-425726,-433942,True,0.2592221796512604,1908931196,40,1.3423549729043203e-10,1527144957,43,2.651987096570341e-10,-104
6,19,LEAKY_RELU,1,716,0.07124809920787811,-94,0.0020619244314730167,0,-14804,-21435,0.00014690819079987705,0.00014690819645273717,True,-1391576,-1413011,True,0.2592221796512604,1246245753,41,1.3315213660840392e-10,1993993205,45,2.334533572251386e-10,-104
6,19,LEAKY_RELU,1,717,0.07124809920787811,-94,0.0025473979767411947,0,-11791,-16379,0.00018149726383853704,0.00018149726376880462,True,-1108354,-1124733,True,0.2592221796512604,1539670349,41,8.63407152819541e-11,1231736279,44,2.487131736107334e-10,-104
6,19,LEAKY_RELU,1,718,0.07124809920787811,-94,0.0022237817756831646,0,-7668,-10909,0.00015844021982047707,0.00015844022457054546,True,-720792,-731701,True,0.2592221796512604,1344073794,41,1.3578185965150864e-10,1075259035,44,5.0219921172762844e-11,-104
6,19,LEAKY_RELU,1,719,0.07124809920787811,-94,0.002416326431557536,0,-9126,-15178,0.00017215865955222398,0.00017215866531422944,True,-857844,-873022,True,0.2592221796512604,1460449523,41,1.2700191032601417e-10,1168359619,44,3.86538563677827e-10,-104
6,19,LEAKY_RELU,1,720,0.07124809920787811,-94,0.0024704996030777693,0,-12788,-20396,0.00017601839499548078,0.0001760184008131084,True,-1202072,-1222468,True,0.2592221796512604,1493192277,41,2.8607311788819054e-10,1194553822,44,4.877990000772154e-11,-104
6,19,LEAKY_RELU,1,721,0.07124809920787811,-94,0.002948185196146369,0,-7720,-11146,0.0002100525889545679,0.0002100525913382341,True,-725680,-736826,True,0.2592221796512604,1781909765,41,3.5877524624438944e-11,1425527812,44,3.587765842390722e-11,-104
6,19,LEAKY_RELU,1,722,0.07124809920787811,-94,0.0032116733491420746,0,-7603,-6418,0.00022882562188897282,0.0002288256214029727,True,-714682,-721100,True,0.2592221796512604,1941164385,41,1.9523243644215507e-11,1552931508,44,1.9523243644215507e-11,-104
6,19,LEAKY_RELU,1,723,0.07124809920787811,-94,0.0026395206805318594,0,-9692,-8443,0.00018806083244271576,0.00018806083130777987,True,-911048,-919491,True,0.2592221796512604,1595350143,41,3.115454380479588e-10,1276280115,44,1.5857072036896585e-10,-104
6,19,LEAKY_RELU,1,724,0.07124809920787811,-94,0.0027870293706655502,0,-7088,-17066,0.00019857054576277733,0.00019857054509644922,True,-666272,-683338,True,0.2592221796512604,1684505728,41,2.0046624538910106e-10,1347604583,44,2.447681448381317e-10,-104
6,19,LEAKY_RELU,1,725,0.07124809920787811,-94,0.004276028368622065,0,-6754,-3422,0.0003046588972210884,0.00030465889342328606,True,-634876,-638298,True,0.2592221796512604,1292235087,40,1.4838063180029038e-10,2067576139,44,5.1648960542711867e-11,-104
6,19,LEAKY_RELU,1,726,0.07124809920787811,-94,0.002217455767095089,0,444,-16211,0.00015798950335010886,0.00015798950848307236,True,41736,25525,True,0.2592221796512604,1340250297,41,6.020634815734735e-11,2144400475,45,1.534725314028166e-10,-104
6,19,LEAKY_RELU,1,727,0.07124809920787811,-94,0.0024385820142924786,0,-4938,-13608,0.00017374433809891343,0.00017374433328085775,True,-464172,-477780,True,0.2592221796512604,1473900998,41,2.9642790426702037e-10,1179120799,44,2.124257712449317e-10,-104
6,19,LEAKY_RELU,1,728,0.07124809920787811,-94,0.0037467586807906628,0,-8769,-9384,0.0002669494424480945,0.00026694943419695166,True,-824286,-833670,True,0.2592221796512604,1132287397,40,3.89144806841699e-10,1811659834,44,2.732312224961786e-10,-104
6,19,LEAKY_RELU,1,729,0.07124809920787811,-94,0.0025808282662183046,0,-7962,-12111,0.0001838791067712009,0.00018387910835001783,True,-748428,-760539,True,0.2592221796512604,1559875918,41,5.535847263644747e-11,1247900734,44,3.7589678866699264e-10,-104
6,19,LEAKY_RELU,1,730,0.07124809920787811,-94,0.002205740660429001,0,-9386,-17051,0.0001571548345964402,0.00015715482940109604,True,-882284,-899335,True,0.2592221796512604,1333169581,41,1.627957485928547e-10,2133071329,45,1.1848884191243467e-10,-104
6,19,LEAKY_RELU,1,731,0.07124809920787811,-94,0.0025718205142766237,0,-7921,-15541,0.00018323732365388423,0.000183237323146037,True,-744574,-760115,True,0.2592221796512604,1554431551,41,2.837194057717115e-10,1243545241,44,1.2288894645454508e-10,-104
6,19,LEAKY_RELU,1,732,0.07124809920787811,-94,0.0033127896022051573,0,-10116,-18965,0.00023602995497640222,0.00023602996223274011,True,-950904,-969869,True,0.2592221796512604,2002279962,41,1.2489910224490498e-10,1601823969,44,2.496740107792633e-10,-104
6,19,LEAKY_RELU,1,733,0.07124809920787811,-94,0.0059565030969679356,0,-2762,-2058,0.00042438952368684113,0.0004243895235848047,True,-259628,-261686,True,0.2592221796512604,1800082140,40,1.222514949755809e-11,1440065712,43,1.2225182609738611e-11,-104
6,19,LEAKY_RELU,1,734,0.07124809920787811,-94,0.004095600917935371,0,-7764,-9511,0.00029180379351601005,0.000291803780516936,True,-729816,-739327,True,0.2592221796512604,1237709096,40,2.1211662117238045e-10,1980334554,44,1.013059622494313e-11,-104
6,19,LEAKY_RELU,1,735,0.07124809920787811,-94,0.0041481805965304375,0,-4349,-9408,0.0002955499803647399,0.0002955499826737956,True,-408806,-418214,True,0.2592221796512604,1253598913,40,2.999658651692776e-10,2005758260,44,9.888586034825255e-11,-104
6,19,LEAKY_RELU,1,736,0.07124809920787811,-94,0.013764546252787113,0,-1305,-1116,0.0009806978050619364,0.0009806977569700032,True,-122670,-123786,True,0.2592221796512604,2079854024,39,1.9188792504499607e-10,1663883220,42,2.8891496278025915e-10,-104
6,19,LEAKY_RELU,1,737,0.07124809920787811,-94,0.002460163552314043,0,-7812,-9627,0.00017528198077343404,0.00017528197684287677,True,-734328,-743955,True,0.2592221796512604,1486945075,41,1.71064834843497e-11,1189556060,44,1.710640331374249e-11,-104
6,19,LEAKY_RELU,1,738,0.07124809920787811,-94,0.005994375329464674,0,-1167,-4607,0.00042708785622380674,0.00042708784816295614,True,-109698,-114305,True,0.2592221796512604,1811527300,40,1.4217061374961332e-10,1449221840,43,1.4217048213769716e-10,-104
6,19,LEAKY_RELU,1,739,0.07124809920787811,-94,0.0032586059533059597,0,-1352,-4771,0.00023216947738546878,0.00023216948024052525,True,-127088,-131859,True,0.2592221796512604,1969530875,41,5.801330969209815e-11,1575624700,44,5.80132189019833e-11,-104
6,19,LEAKY_RELU,1,740,0.07124809920787811,-94,0.0020936704240739346,0,-10253,-27030,0.0001491700386395678,0.00014917003808301993,True,-963782,-990812,True,0.2592221796512604,1265433318,41,3.6322530560643187e-10,2024693308,45,3.189628861093725e-11,-104
6,19,LEAKY_RELU,1,741,0.07124809920787811,-94,0.007704006042331457,0,-3211,-2684,0.0005488957976922393,0.0005488957868021241,True,-301834,-304518,True,0.2592221796512604,1164092712,39,3.568780430814977e-10,1862548339,43,2.4949827963477857e-10,-104
6,19,LEAKY_RELU,1,742,0.07124809920787811,-94,0.0020823562517762184,0,-16108,-20114,0.00014836392074357718,0.00014836392481269722,True,-1514152,-1534266,True,0.2592221796512604,1258594930,41,3.204107803808257e-10,2013751887,45,1.761747966858354e-10,-104
6,19,LEAKY_RELU,1,743,0.07124809920787811,-94,0.0030006789602339268,0,-9918,-16882,0.00021379267855081707,0.00021379267224973936,True,-932292,-949174,True,0.2592221796512604,1813637470,41,1.556706016442082e-10,1450909976,44,1.5567070023829727e-10,-104
6,19,LEAKY_RELU,1,744,0.07124809920787811,-94,0.002127884654328227,0,-6760,-15163,0.00015160773182287812,0.00015160773695449895,True,-635440,-650603,True,0.2592221796512604,1286112707,41,2.964427020523744e-10,2057780332,45,9.232569073939063e-11,-104
6,19,LEAKY_RELU,1,745,0.07124809920787811,-94,0.001454247860237956,0,-18261,-16395,0.00010361239401390776,0.00010361239581907836,True,-1716534,-1732929,True,0.2592221796512604,1757921087,42,2.461559907461447e-10,1406336870,45,3.827074783495004e-11,-104
6,19,LEAKY_RELU,1,746,0.07124809920787811,-94,0.0021734891925007105,0,-13933,-22423,0.00015485697076655924,0.0001548569736145415,True,-1309702,-1332125,True,0.2592221796512604,1313676502,41,1.694277700468167e-10,2101882404,45,2.1118341493802647e-10,-104
6,19,LEAKY_RELU,1,747,0.07124809920787811,-94,0.0032729003578424454,0,-9121,-7415,0.0002331879222765565,0.00023318792939305832,True,-857374,-864789,True,0.2592221796512604,1978170542,41,5.888997672865529e-11,1582536434,44,1.938687868612588e-10,-104
6,19,LEAKY_RELU,1,748,0.07124809920787811,-94,0.007256051991134882,0,-4655,-7127,0.0005169798969291151,0.0005169799121218996,True,-437570,-444697,True,0.2592221796512604,1096405843,39,1.8477689340724202e-10,1754249348,43,2.7125867306595965e-10,-104
6,19,LEAKY_RELU,1,749,0.07124809920787811,-94,0.0021670954301953316,0,-5503,-6872,0.00015440142306033522,0.00015440143020349628,True,-517282,-524154,True,0.2592221796512604,1309812055,41,3.6114148292709904e-10,2095699287,45,1.1602628114015154e-10,-104
6,19,LEAKY_RELU,1,750,0.07124809920787811,-94,0.0033397788647562265,0,-418,-11436,0.0002379528887104243,0.00023795289588852617,True,-39292,-50728,True,0.2592221796512604,2018592516,41,7.72626227005769e-11,1614874013,44,2.0111120492992925e-10,-104
6,19,LEAKY_RELU,1,751,0.07124809920787811,-94,0.0031845506746321917,0,-8813,-14076,0.00022689318575430661,0.00022689318239870956,True,-828422,-842498,True,0.2592221796512604,1924771195,41,2.467272842937157e-10,1539816956,44,2.4672737719511336e-10,-104
6,19,LEAKY_RELU,1,752,0.07124809920787811,-94,0.003343769581988454,0,-6590,-6392,0.0002382372331339866,0.0002382372269057985,True,-619460,-625852,True,0.2592221796512604,2021004541,41,1.9270206186894117e-10,1616803633,44,6.900129026444521e-11,-104
6,19,LEAKY_RELU,1,753,0.07124809920787811,-94,0.004240008536726236,0,-3631,-7326,0.0003020925505552441,0.000302092548866921,True,-341314,-348640,True,0.2592221796512604,1281349731,40,6.53522143577654e-11,2050159569,44,2.273080252016064e-10,-104
6,19,LEAKY_RELU,1,754,0.07124809920787811,-94,0.004620302002876997,0,-4495,-12668,0.0003291877219453454,0.00032918773547133823,True,-422530,-435198,True,0.2592221796512604,1396276134,40,5.93213595390153e-11,1117020907,43,2.3836908047486165e-10,-104
6,19,LEAKY_RELU,1,755,0.07124809920787811,-94,0.005601326934993267,0,-8286,-13759,0.00039908388862386346,0.00039908389716016013,True,-778884,-792643,True,0.2592221796512604,1692746300,40,2.2071432536961218e-10,1354197040,43,2.207142549460114e-10,-104
6,19,LEAKY_RELU,1,756,0.07124809920787811,-94,0.0018987312214449048,0,-14661,-38163,0.0001352809922536835,0.00013528099043460216,True,-1378134,-1416297,True,0.2592221796512604,1147610302,41,4.205798109745257e-10,1836176484,45,1.5108130407676772e-11,-104
6,19,LEAKY_RELU,1,757,0.07124809920787811,-94,0.003242739476263523,0,-6398,-16727,0.00023103902640286833,0.0002310390239101262,True,-601412,-618139,True,0.2592221796512604,1959941033,41,8.621171085416765e-11,1567952826,44,1.6889803542346469e-10,-104
6,19,LEAKY_RELU,1,758,0.07124809920787811,-94,0.00375691638328135,0,-9591,-14671,0.00026767313829623163,0.00026767315119173227,True,-901554,-916225,True,0.2592221796512604,1135357100,40,1.1626841312757931e-10,1816571360,44,1.1626849187546148e-10,-104
6,19,LEAKY_RELU,1,759,0.07124809920787811,-94,0.0025250352919101715,0,-4615,-5811,0.00017990396008826792,0.00017990396498140937,True,-433810,-439621,True,0.2592221796512604,1526154140,41,2.667684434864983e-10,1220923312,44,2.6676848254195353e-10,-104
6,19,LEAKY_RELU,1,760,0.07124809920787811,-94,0.0036259402986615896,0,-6569,-5182,0.00025834134430624545,0.00025834135412088413,True,-617486,-622668,True,0.2592221796512604,1095775536,40,2.0819902711322818e-10,1753240857,44,1.3402437317301168e-10,-104
6,19,LEAKY_RELU,1,761,0.07124809920787811,-94,0.0029998270329087973,0,-2716,-19268,0.00021373196796048433,0.00021373197404716063,True,-255304,-274572,True,0.2592221796512604,1813122558,41,1.5933148012213323e-10,1450498046,44,1.1643586824244752e-10,-104
6,19,LEAKY_RELU,1,762,0.07124809920787811,-94,0.0031319954432547092,0,-5496,-12635,0.0002231487160315737,0.0002231487220596337,True,-516624,-529259,True,0.2592221796512604,1893006339,41,6.804151265127537e-11,1514405071,44,6.402361258140877e-11,-104
6,19,LEAKY_RELU,1,763,0.07124809920787811,-94,0.002586252521723509,0,-6617,-8833,0.00018426557653583586,0.0001842655762443815,True,-621998,-630831,True,0.2592221796512604,1563154387,41,7.284058754721154e-11,1250523510,44,2.470254119453484e-10,-104
6,19,LEAKY_RELU,1,764,0.07124809920787811,-94,0.0025711599737405777,0,-11178,-10662,0.0001831902627600357,0.00018319026088839396,True,-1050732,-1061394,True,0.2592221796512604,1554032315,41,1.4541205769839687e-10,1243225852,44,1.4541198098873746e-10,-104
6,19,LEAKY_RELU,1,765,0.07124809920787811,-94,0.003683944698423147,0,-6435,-8087,0.0002624740591272712,0.000262474057349589,True,-604890,-612977,True,0.2592221796512604,1113304727,40,3.341255264542839e-10,1781287564,44,1.1498780946074201e-10,-104
6,19,LEAKY_RELU,1,766,0.07124809920787811,-94,0.0029809651896357536,0,-7530,-9795,0.00021238809858914465,0.00021238810356639937,True,-707820,-717615,True,0.2592221796512604,1801722289,41,1.3758978291115015e-10,1441377831,44,2.763460053910824e-10,-104
6,19,LEAKY_RELU,1,767,0.07124809920787811,-94,0.002539557171985507,0,-546,-11199,0.00018093861581292003,0.00018093862133370178,True,-51324,-62523,True,0.2592221796512604,1534931296,41,5.963092263362518e-11,1227945037,44,2.225045844431881e-10,-104
6,19,LEAKY_RELU,1,768,0.07124809920787811,-94,0.0030828090384602547,0,-9695,-14592,0.00021964428015053272,0.00021964428421115956,True,-911330,-925922,True,0.2592221796512604,1863277631,41,2.611909256630866e-10,1490622105,44,1.2701878933153764e-10,-104
6,19,LEAKY_RELU,1,769,0.07124809920787811,-94,0.0026612605433911085,0,-5051,-13766,0.00018960975285153836,0.00018960975521354131,True,-474794,-488560,True,0.2592221796512604,1608489913,41,1.982807170173361e-12,1286791930,44,3.088677589166476e-10,-104
6,19,LEAKY_RELU,1,770,0.07124809920787811,-94,0.004365963861346245,0,-6662,-7841,0.00031106662936508656,0.00031106662633120785,True,-626228,-634069,True,0.2592221796512604,1319413999,40,5.540815011010262e-11,2111062398,44,1.3406995138645184e-10,-104
6,19,LEAKY_RELU,1,771,0.07124809920787811,-94,0.0031529725529253483,0,-7728,-21890,0.0002246432995889336,0.00022464330125054194,True,-726432,-748322,True,0.2592221796512604,1905685093,41,2.379383986190837e-10,1524548075,44,1.5562072831006163e-10,-104
6,19,LEAKY_RELU,1,772,0.07124809920787811,-94,0.007539108861237764,0,-1873,-3610,0.000537147163413465,0.0005371471760844612,True,-176062,-179672,True,0.2592221796512604,1139176375,39,1.057646499363652e-10,1822682200,43,1.0576472842023224e-10,-104
6,19,LEAKY_RELU,1,773,0.07124809920787811,-94,0.002259646775200963,0,-4212,-9584,0.0001609955361345783,0.00016099553761428007,True,-395928,-405512,True,0.2592221796512604,1365750924,41,3.5619353764237115e-10,1092600739,44,1.7314401133380013e-10,-104
6,19,LEAKY_RELU,1,774,0.07124809920787811,-94,0.003860349766910076,0,-6687,-10935,0.0002750425774138421,0.00027504258316991825,True,-628578,-639513,True,0.2592221796512604,1166615136,40,1.2962048714011025e-10,1866584217,44,1.918223077276996e-10,-104
6,19,LEAKY_RELU,1,775,0.07124809920787811,-94,0.008220386691391468,0,-2453,-5828,0.0005856869393028319,0.0005856869265153802,True,-230582,-236410,True,0.2592221796512604,1242118994,39,1.2698335215139435e-10,1987390390,43,7.428560938881203e-11,-104
6,19,LEAKY_RELU,1,776,0.07124809920787811,-94,0.003504338674247265,0,-1435,-10268,0.0002496774832252413,0.0002496774695207732,True,-134890,-145158,True,0.2592221796512604,2118053951,41,1.2088605938137184e-10,1694443161,44,2.853239375792606e-12,-104
6,19,LEAKY_RELU,1,777,0.07124809920787811,-94,0.0028509064577519894,0,-5056,-9548,0.0002031216718023643,0.0002031216661342941,True,-475264,-484812,True,0.2592221796512604,1723113617,41,1.1132444937766284e-10,1378490893,44,3.239342079119005e-10,-104
6,19,LEAKY_RELU,1,778,0.07124809920787811,-94,0.0026874514296650887,0,-11530,-16572,0.00019147580314893275,0.0001914758060771321,True,-1083820,-1100392,True,0.2592221796512604,1624319921,41,1.5816147860242115e-10,1299455937,44,4.250948340682843e-12,-104
6,19,LEAKY_RELU,1,779,0.07124809920787811,-94,0.0024491949006915092,0,-8780,-17844,0.00017450048471800983,0.00017450048126389783,True,-825320,-843164,True,0.2592221796512604,1480315523,41,1.0248879588233275e-10,1184252418,44,2.3527703328221384e-10,-104
6,19,LEAKY_RELU,1,780,0.07124809920787811,-94,0.002444155514240265,0,-3532,-14953,0.0001741414307616651,0.00017414143455807274,True,-332008,-346961,True,0.2592221796512604,1477269672,41,1.0405305226848279e-10,1181815738,44,2.3440906511670313e-10,-104
6,19,LEAKY_RELU,1,781,0.07124809920787811,-94,0.0029824464581906796,0,10634,-32662,0.000212493643630296,0.00021249364113535424,True,999596,966934,True,0.2592221796512604,1802617581,41,1.9059862437285797e-10,1442094065,44,5.191151526359867e-11,-104
6,19,LEAKY_RELU,1,782,0.07124809920787811,-94,0.002582466695457697,0,-3308,-15579,0.00018399584223516285,0.00018399584331901114,True,-310952,-326531,True,0.2592221796512604,1560866200,41,3.0788205104840036e-10,1248692960,44,3.0788208923530247e-10,-104
6,19,LEAKY_RELU,1,783,0.07124809920787811,-94,0.002813059836626053,0,-9025,-10922,0.00020042517280671746,0.0002004251663176304,True,-848350,-859272,True,0.2592221796512604,1700238777,41,6.537528969252003e-11,1360191022,44,2.2870105224901679e-10,-104
6,19,LEAKY_RELU,1,784,0.07124809920787811,-94,0.005245613399893045,0,-4937,-10188,0.0003737399820238352,0.0003737399839217545,True,-464078,-474266,True,0.2592221796512604,1585248063,40,2.2391611491030676e-10,1268198450,43,9.149197255985143e-11,-104
6,19,LEAKY_RELU,1,785,0.07124809920787811,-94,0.002445726888254285,0,-10300,-9484,0.00017425339319743216,0.00017425339196971631,True,-968200,-977684,True,0.2592221796512604,1478219425,41,1.3337732946519168e-10,1182575540,44,1.333772488213525e-10,-104
6,19,LEAKY_RELU,1,786,0.07124809920787811,-94,0.001637210021726787,0,1353,-24857,0.00011664810153888538,0.00011664810205212241,True,127182,102325,True,0.2592221796512604,1979089054,42,8.691731033549327e-11,1583271243,45,3.9403553263355395e-11,-104
6,19,LEAKY_RELU,1,787,0.07124809920787811,-94,0.002995279850438237,0,-11534,-5019,0.0002134079986717552,0.00021340799593938184,True,-1084196,-1089215,True,0.2592221796512604,1810374200,41,2.4922655922989206e-10,1448299360,44,2.4922646045808324e-10,-104
6,19,LEAKY_RELU,1,788,0.07124809920787811,-94,0.0036601850297302008,0,443,-5752,0.00026078123482875526,0.00026078122611740764,True,41642,35890,True,0.2592221796512604,1106124448,40,1.5925948718373723e-10,1769799117,44,4.62523921872026e-11,-104
6,19,LEAKY_RELU,1,789,0.07124809920787811,-94,0.0037191868759691715,0,-374,-8253,0.0002649849920999259,0.0002649849955116898,True,-35156,-43409,True,0.2592221796512604,1123955073,40,3.496686104043321e-10,1798328116,44,9.518908167841818e-11,-104
6,19,LEAKY_RELU,1,790,0.07124809920787811,-94,0.0028231977485120296,0,-11383,-5949,0.00020114747167099267,0.0002011474732694432,True,-1070002,-1075951,True,0.2592221796512604,1706366223,41,2.1323250220693782e-10,1365092978,44,7.978793630214686e-11,-104
6,19,LEAKY_RELU,1,791,0.07124809920787811,-94,0.002492327243089676,0,-7377,-12503,0.00017757357272785157,0.00017757357867415058,True,-693438,-705941,True,0.2592221796512604,1506385100,41,1.5331555180877015e-10,1205108080,44,1.5331551224077073e-10,-104
6,19,LEAKY_RELU,1,792,0.07124809920787811,-94,0.003606541780754924,0,-9481,-21547,0.0002569592325016856,0.0002569592465925842,True,-891214,-912761,True,0.2592221796512604,1089913216,40,3.848054143305394e-11,1743861146,44,1.908955192664246e-10,-104
6,19,LEAKY_RELU,1,793,0.07124809920787811,-94,0.0023463082034140825,0,-7647,-17666,0.0001671700010774657,0.0001671699996491048,True,-718818,-736484,True,0.2592221796512604,1418129874,41,2.933703949408172e-10,1134503899,44,1.1708192866406923e-10,-104
6,19,LEAKY_RELU,1,794,0.07124809920787811,-94,0.004696250427514315,0,-5235,-10533,0.00033459890983067453,0.0003345989163645799,True,-492090,-502623,True,0.2592221796512604,1419228091,40,3.4758832407462135e-11,1135382473,43,1.4139317752483052e-10,-104
6,19,LEAKY_RELU,1,795,0.07124809920787811,-94,0.0019524841336533427,0,-9586,-29240,0.00013911077985540032,0.0001391107832563413,True,-901084,-930324,True,0.2592221796512604,1180099048,41,1.6936783833418623e-10,1888158477,45,6.344457656558233e-11,-104
6,19,LEAKY_RELU,1,796,0.07124809920787811,-94,0.0021740070078521967,0,-4866,-8967,0.00015489385987166315,0.00015489386697407556,True,-457404,-466371,True,0.2592221796512604,1313989474,41,3.7953947152663216e-10,2102383159,45,9.414910297865098e-11,-104
6,19,LEAKY_RELU,1,797,0.07124809920787811,-94,0.0029917960055172443,0,-9642,-4399,0.0002131597721017897,0.00021315977861082608,True,-906348,-910747,True,0.2592221796512604,1808268532,41,1.1455616786600628e-10,1446614826,44,1.619514035979853e-10,-104
6,19,LEAKY_RELU,1,798,0.07124809920787811,-94,0.0028257411904633045,0,350,-13777,0.00020132868667133152,0.00020132868867391712,True,32900,19123,True,0.2592221796512604,1707903502,41,4.2302564049628664e-11,1366322802,44,3.3505915096196775e-10,-104
6,19,LEAKY_RELU,1,799,0.07124809920787811,-94,0.0020592105574905872,0,-5257,-23803,0.00014671483950223774,0.00014671483808999936,True,-494158,-517961,True,0.2592221796512604,1244605463,41,9.382628332490674e-11,1991368741,45,1.942597168327655e-10,-104
6,19,LEAKY_RELU,1,800,0.07124809920787811,-94,0.0033851468469947577,0,-4593,-4485,0.00024118527653627098,0.00024118527838791828,True,-431742,-436227,True,0.2592221796512604,2046013334,41,6.937259571619608e-11,1636810667,44,1.9156155423704795e-10,-104
6,19,LEAKY_RELU,1,801,0.07124809920787811,-94,0.005403094459325075,0,-6211,-12982,0.000384960207156837,0.0003849602100675295,True,-583834,-596816,True,0.2592221796512604,1632839550,40,6.746813691924094e-11,1306271640,43,6.746828293394218e-11,-104
6,19,LEAKY_RELU,1,802,0.07124809920787811,-94,0.0030076936818659306,0,-5164,-17007,0.00021429246407933533,0.000214292457832492,True,-485416,-502423,True,0.2592221796512604,1817877231,41,2.224552288578201e-10,1454301785,44,8.493219062334968e-11,-104
6,19,LEAKY_RELU,1,803,0.07124809920787811,-94,0.0030094783287495375,0,-4399,-18611,0.00021441960416268557,0.00021441961053070627,True,-413506,-432117,True,0.2592221796512604,1818955888,41,5.6354134022379966e-11,1455164710,44,3.312371713075109e-10,-104
6,19,LEAKY_RELU,1,804,0.07124809920787811,-94,0.006204258184880018,0,-750,354,0.0004420416080392897,0.0004420416026676213,True,-70500,-70146,True,0.2592221796512604,1874954847,40,1.9185502813114718e-10,1499963877,43,2.0815460481757164e-10,-104
6,19,LEAKY_RELU,1,805,0.07124809920787811,-94,0.0035685175098478794,0,-13837,-9007,0.00025425010244362056,0.00025425008956669187,True,-1300678,-1309685,True,0.2592221796512604,1078422110,40,3.4571201152419934e-10,1725475375,44,2.3383842092758895e-10,-104
6,19,LEAKY_RELU,1,806,0.07124809920787811,-94,0.004035326652228832,0,-6266,-13957,0.00028750934870913625,0.0002875093536541945,True,-589004,-602961,True,0.2592221796512604,1219493941,40,6.445799036380267e-11,1951190305,44,2.430466613783059e-10,-104
6,19,LEAKY_RELU,1,807,0.07124809920787811,-94,0.003618852701038122,0,-5649,-15447,0.00025783636374399066,0.0002578363762622618,True,-531006,-546453,True,0.2592221796512604,1093633632,40,2.221552015799534e-10,1749813811,44,1.0785732670646981e-10,-104
6,19,LEAKY_RELU,1,808,0.07124809920787811,-94,0.006097153294831514,0,-1848,-1132,0.00043441058369353414,0.00043441058283579664,True,-173712,-174844,True,0.2592221796512604,1842587265,40,5.433628802121246e-11,1474069812,43,5.4336320369555416e-11,-104
6,19,LEAKY_RELU,1,809,0.07124809920787811,-94,0.0026955818757414818,0,-8910,-24177,0.00019205508579034358,0.00019205508490578727,True,-837540,-861717,True,0.2592221796512604,1629234036,41,1.9155490698142488e-10,1303387229,44,3.810856690501903e-11,-104
6,19,LEAKY_RELU,1,810,0.07124809920787811,-94,0.0028671608306467533,0,-5872,-15313,0.0002042797568719834,0.0002042797593068621,True,-551968,-567281,True,0.2592221796512604,1732937907,41,2.1922266339185142e-10,1386350325,44,2.1356837726510444e-10,-104
6,19,LEAKY_RELU,1,811,0.07124809920787811,-94,0.005092037841677666,0,-2988,-5992,0.0003627980186138302,0.00036279801731411987,True,-280872,-286864,True,0.2592221796512604,1538836835,40,1.87030157136351e-10,1231069468,43,1.8703027333706196e-10,-104
6,19,LEAKY_RELU,1,812,0.07124809920787811,-94,0.002602008869871497,0,-11211,-13118,0.00018538818403612822,0.00018538818610038324,True,-1053834,-1066952,True,0.2592221796512604,1572677666,41,1.716275822330204e-10,1258142133,44,1.2662992751950043e-11,-104
6,19,LEAKY_RELU,1,813,0.07124809920787811,-94,0.004099506419152021,0,-6525,-10265,0.0002920820261351764,0.0002920820400550764,True,-613350,-623615,True,0.2592221796512604,1238889356,40,2.9900764079287947e-10,1982222970,44,9.72140430758261e-11,-104
6,19,LEAKY_RELU,1,814,0.07124809920787811,-94,0.0019406634382903576,0,268,-12919,0.0001382685877615586,0.00013826858118041324,True,25192,12273,True,0.2592221796512604,1172954513,41,1.1927326533205254e-10,1876727221,45,1.270484414202837e-11,-104
6,19,LEAKY_RELU,1,815,0.07124809920787811,-94,0.003866340732201934,0,-6964,-14257,0.00027546941419132054,0.0002754694280593835,True,-654616,-668873,True,0.2592221796512604,1168425633,40,3.2543116025806043e-10,1869481012,44,1.0249514129318291e-10,-104
6,19,LEAKY_RELU,1,816,0.07124809920787811,-94,0.004452813882380724,0,-6201,-10098,0.00031725451117381454,0.0003172545252460787,True,-582894,-592992,True,0.2592221796512604,1345660468,40,3.2359208044122334e-10,1076528374,43,4.7972805996185516e-11,-104
6,19,LEAKY_RELU,1,817,0.07124809920787811,-94,0.004732736386358738,0,-6091,-4767,0.00033719846396707,0.0003371984715800219,True,-572554,-577321,True,0.2592221796512604,1430254313,40,2.722746132742361e-10,1144203450,43,7.731369029207636e-11,-104
6,19,LEAKY_RELU,1,818,0.07124809920787811,-94,0.0035867076367139816,0,-9774,-14195,0.0002555460960138589,0.0002555461015302518,True,-918756,-932951,True,0.2592221796512604,1083919248,40,1.168181900776413e-10,1734270797,44,1.4960010756493882e-12,-104
6,19,LEAKY_RELU,1,819,0.07124809920787811,-94,0.0021532729733735323,0,-1986,-20569,0.00015341660764534026,0.00015341660642856011,True,-186684,-207253,True,0.2592221796512604,1301457637,41,1.8569299174176727e-10,2082332219,45,8.964676950873516e-11,-104
6,19,LEAKY_RELU,1,820,0.07124809920787811,-94,0.0030965153127908707,0,-11341,-18871,0.00022062083007767797,0.00022062083020443768,True,-1066054,-1084925,True,0.2592221796512604,1871561828,41,2.6282515632780354e-10,1497249462,44,4.331425012803585e-12,-104
6,19,LEAKY_RELU,1,821,0.07124809920787811,-94,0.0022735444363206625,0,-9612,-10361,0.0001619857212062925,0.00016198571955249388,True,-903528,-913889,True,0.2592221796512604,1374150795,41,3.196035508218525e-10,1099320636,44,3.19603507446231e-10,-104
6,19,LEAKY_RELU,1,822,0.07124809920787811,-94,0.004434122238308191,0,-7383,-9301,0.0003159227780997753,0.00031592278113484057,True,-694002,-703303,True,0.2592221796512604,1340011768,40,2.2394727343962595e-10,2144018829,44,1.3066457730957267e-10,-104
6,19,LEAKY_RELU,1,823,0.07124809920787811,-94,0.006607073359191418,0,-5107,-7462,0.00047074141912162304,0.00047074141816939863,True,-480058,-487520,True,0.2592221796512604,1996687412,40,1.311009546460915e-10,1597349929,43,2.44521186101058e-10,-104
6,19,LEAKY_RELU,1,824,0.07124809920787811,-94,0.004900009371340275,0,-1362,-7019,0.0003491163661237806,0.00034911635380878436,True,-128028,-135047,True,0.2592221796512604,1480804964,40,1.3815624455577089e-10,1184643971,43,3.0698341981012833e-10,-104
6,19,LEAKY_RELU,1,825,0.07124809920787811,-94,0.003162949811667204,0,-8837,-10725,0.0002253541606478393,0.00022535416197120434,True,-830678,-841403,True,0.2592221796512604,1911715439,41,1.2195441476261392e-10,1529372351,44,8.818248438009101e-12,-104
6,19,LEAKY_RELU,1,826,0.07124809920787811,-94,0.007431876379996538,0,-5277,-7938,0.0005295070586726069,0.0005295070656226794,True,-496038,-503976,True,0.2592221796512604,1122973305,39,2.9416414139841156e-11,1796757288,43,2.9416493756130126e-11,-104
6,19,LEAKY_RELU,1,827,0.07124809920787811,-94,0.002180468523874879,0,-8466,-22735,0.000155354238813743,0.00015535423770869292,True,-795804,-818539,True,0.2592221796512604,1317894873,41,1.1617392528188739e-10,2108631797,45,2.132573750778298e-11,-104
6,19,LEAKY_RELU,1,828,0.07124809920787811,-94,0.0027031952049583197,0,-8467,-14869,0.00019259752298239619,0.00019259752014113077,True,-795898,-810767,True,0.2592221796512604,1633835601,41,1.6278637629184497e-10,1307068481,44,9.772278302426824e-12,-104
6,19,LEAKY_RELU,1,829,0.07124809920787811,-94,0.0036758440546691418,0,-5321,-15963,0.0002618969010654837,0.00026189690187975595,True,-500174,-516137,True,0.2592221796512604,1110856676,40,2.1679466306882385e-10,1777370682,44,8.25679130874718e-12,-104
6,19,LEAKY_RELU,1,830,0.07124809920787811,-94,0.002945592859759927,0,-2622,-6997,0.00020986789604648948,0.00020986789229819267,True,-246468,-253465,True,0.2592221796512604,1780342934,41,2.617350493673642e-10,1424274347,44,1.2131259788323718e-10,-104
6,19,LEAKY_RELU,1,831,0.07124809920787811,-94,0.00542793981730938,0,-5282,-12210,0.0003867303894367069,0.0003867303945980505,True,-496508,-508718,True,0.2592221796512604,1640347930,40,2.964992802365035e-10,1312278344,43,2.964992802365035e-10,-104
6,19,LEAKY_RELU,1,832,0.07124809920787811,-94,0.002681307727470994,0,-2758,-6093,0.00019103808153886348,0.0001910380789737036,True,-259252,-265345,True,0.2592221796512604,1620606612,41,9.347673782029479e-11,1296485290,44,2.1504956204320503e-10,-104
6,19,LEAKY_RELU,1,833,0.07124809920787811,-94,0.004454995971173048,0,-6119,-5745,0.0003174099838361144,0.0003174099949248346,True,-575186,-580931,True,0.2592221796512604,1346319905,40,2.5731240906527324e-10,1077055924,43,2.5731245333754806e-10,-104
6,19,LEAKY_RELU,1,834,0.07124809920787811,-94,0.002929337788373232,0,-10773,-16162,0.00020870975276920944,0.00020870974935940229,True,-1012662,-1028824,True,0.2592221796512604,1770518222,41,2.557083978048055e-10,1416414577,44,1.6789652717763867e-10,-104
6,19,LEAKY_RELU,1,835,0.07124809920787811,-94,0.004146920051425695,0,-4388,-11606,0.0002954601659439504,0.00029546017123111695,True,-412472,-424078,True,0.2592221796512604,1253217970,40,1.5937003317049513e-10,2005148752,44,1.5937010451240794e-10,-104
6,19,LEAKY_RELU,1,836,0.07124809920787811,-94,0.012992213480174541,0,-1188,-1397,0.000925670494325459,0.0009256705149654071,True,-111672,-113069,True,0.2592221796512604,1963152798,39,1.1967353210576978e-10,1570522239,42,2.6236496284463704e-10,-104
6,19,LEAKY_RELU,1,837,0.07124809920787811,-94,0.0023545469157397747,0,-4415,-16205,0.00016775699623394758,0.0001677569922422309,True,-415010,-431215,True,0.2592221796512604,1423109426,41,1.8392939223779679e-10,1138487541,44,3.59600929973819e-10,-104
6,19,LEAKY_RELU,1,838,0.07124809920787811,-94,0.0037037187721580267,0,-3950,-6887,0.00026388291735202074,0.0002638829225167956,True,-371300,-378187,True,0.2592221796512604,1119280542,40,2.059473463844128e-10,1790848867,44,9.4268357476346e-11,-104
6,19,LEAKY_RELU,1,839,0.07124809920787811,-94,0.004464406985789537,0,-4762,-8398,0.0003180805069860071,0.00031808051182787705,True,-447628,-456026,True,0.2592221796512604,1349163956,40,1.6453919181420485e-10,1079331165,43,3.498391759517737e-10,-104
6,19,LEAKY_RELU,1,840,0.07124809920787811,-94,0.0022901331540197134,0,-9950,-22662,0.00016316762776114047,0.00016316763415684735,True,-935300,-957962,True,0.2592221796512604,1384177166,41,1.9588040536992483e-10,1107341733,44,1.526764444848461e-11,-104
6,19,LEAKY_RELU,1,841,0.07124809920787811,-94,0.002904864028096199,0,-6281,-20454,0.00020696604042313993,0.00020696604045919442,True,-590414,-610868,True,0.2592221796512604,1755726060,41,1.4157687208693577e-10,1404580848,44,1.415768381382201e-10,-104
6,19,LEAKY_RELU,1,842,0.07124809920787811,-94,0.0031382902525365353,0,-10863,-15252,0.0002235972206108272,0.00022359721525583992,True,-1021122,-1036374,True,0.2592221796512604,1896810978,41,2.4539487418934865e-10,1517448783,44,1.5000562091256963e-10,-104
6,19,LEAKY_RELU,1,843,0.07124809920787811,-94,0.0021274422761052847,0,-9456,-18175,0.00015157621237449348,0.00015157621834698334,True,-888864,-907039,True,0.2592221796512604,1285845330,41,1.00505704526143e-11,2057352528,45,1.00505704526143e-11,-104
6,19,LEAKY_RELU,1,844,0.07124809920787811,-94,0.0031076534651219845,0,-1170,-12536,0.00022141440422274172,0.00022141440238671733,True,-109980,-122516,True,0.2592221796512604,1878293827,41,2.096800745713899e-10,1502635062,44,5.651892640659458e-11,-104
6,19,LEAKY_RELU,1,845,0.07124809920787811,-94,0.0037941359914839268,0,-1529,-4986,0.00027032499201595783,0.0002703249775294278,True,-143726,-148712,True,0.2592221796512604,1146605034,40,1.369187432165766e-10,1834568054,44,8.111623188037531e-11,-104
6,19,LEAKY_RELU,1,846,0.07124809920787811,-94,0.004247056785970926,0,-1536,-7816,0.00030259473714977503,0.0003025947232283485,True,-144384,-152200,True,0.2592221796512604,1283479744,40,2.5455481304477593e-10,2053567590,44,5.977184024576096e-11,-104
6,19,LEAKY_RELU,1,847,0.07124809920787811,-94,0.0030979120638221502,0,-8790,-9540,0.00022072035062592477,0.000220720346060483,True,-826260,-835800,True,0.2592221796512604,1872406036,41,2.397989886257824e-10,1497924829,44,1.0628097195164391e-10,-104
6,19,LEAKY_RELU,1,848,0.07124809920787811,-94,0.004588414914906025,0,-8392,-15115,0.0003269158478360623,0.0003269158410641321,True,-788848,-803963,True,0.2592221796512604,1386639712,40,5.160137446446869e-11,1109311770,43,3.0898251480579225e-10,-104
6,19,LEAKY_RELU,1,849,0.07124809920787811,-94,0.006492152810096741,0,-4422,-5691,0.0004625535511877388,0.00046255354748647726,True,-415668,-421359,True,0.2592221796512604,1961957903,40,1.3617468465868676e-10,1569566322,43,1.1867290290785768e-10,-104
6,19,LEAKY_RELU,1,850,0.07124809920787811,-94,0.004776005633175373,0,-8128,-9732,0.00034028131631202996,0.0003402813231698637,True,-764032,-773764,True,0.2592221796512604,1443330474,40,3.017590643493513e-10,1154664380,43,3.9108295465609024e-10,-104
6,19,LEAKY_RELU,1,851,0.07124809920787811,-94,0.0030339527875185013,0,2044,-15500,0.000216163374716416,0.00021616336919713652,True,192136,176636,True,0.2592221796512604,1833748472,41,3.9903144826398764e-11,1466998778,44,2.3276238570555984e-10,-104
6,19,LEAKY_RELU,1,852,0.07124809920787811,-94,0.0022100568749010563,0,-8325,-5912,0.00015746234566904604,0.00015746235147800353,True,-782550,-788462,True,0.2592221796512604,1335778340,41,1.4933655357043987e-10,2137245344,45,1.4933653125961068e-10,-104
6,19,LEAKY_RELU,1,853,0.07124809920787811,-94,0.002636153716593981,0,-3139,-10881,0.00018782094412017614,0.00018782094152710455,True,-295066,-305947,True,0.2592221796512604,1593315120,41,4.858273013295871e-11,1274652096,44,4.8582767542159205e-11,-104
6,19,LEAKY_RELU,1,854,0.07124809920787811,-94,0.012436885386705399,0,-902,-1975,0.0008861044188961387,0.0008861044438689958,True,-84788,-86763,True,0.2592221796512604,1879241469,39,8.982391758081309e-11,1503393175,42,2.2285641123077005e-10,-104
6,19,LEAKY_RELU,1,855,0.07124809920787811,-94,0.006833186373114586,0,-3823,-6658,0.0004868515534326434,0.00048685154061758884,True,-359362,-366020,True,0.2592221796512604,2065019786,40,7.509963190793716e-11,1652015829,43,1.9616378950312512e-10,-104
6,19,LEAKY_RELU,1,856,0.07124809920787811,-94,0.004193314351141453,0,-7096,-11430,0.0002987656625919044,0.00029876567689994526,True,-667024,-678454,True,0.2592221796512604,1267238537,40,9.937079003609504e-11,2027581659,44,1.980105611188049e-10,-104
6,19,LEAKY_RELU,1,857,0.07124809920787811,-94,0.0023295721039175987,0,-5376,-23010,0.00016597758803982288,0.00016597758437182641,True,-505344,-528354,True,0.2592221796512604,1408014424,41,9.782071852480624e-11,1126411539,44,7.973436540929467e-11,-104
6,19,LEAKY_RELU,1,858,0.07124809920787811,-94,0.002468707272782922,0,-1667,-6616,0.00017589070193935186,0.00017589070068644783,True,-156698,-163314,True,0.2592221796512604,1492108977,41,1.3009049905107982e-10,1193687181,44,3.725537525809294e-10,-104
6,19,LEAKY_RELU,1,859,0.07124809920787811,-94,0.0038476346526294947,0,-7246,-7427,0.00027413666248321533,0.0002741366554462159,True,-681124,-688551,True,0.2592221796512604,1162772571,40,1.0146315436041487e-10,1860436113,44,2.210419244446247e-10,-104
6,19,LEAKY_RELU,1,860,0.07124809920787811,-94,0.006018013693392277,0,-3522,-2750,0.000428772036684677,0.0004287720366611819,True,-331068,-333818,True,0.2592221796512604,1818670920,40,4.96434301514179e-11,1454936736,43,4.9643528472632775e-11,-104
6,19,LEAKY_RELU,1,861,0.07124809920787811,-94,0.002236737636849284,0,-4849,-15728,0.0001593633060110733,0.00015936330505223265,True,-455806,-471534,True,0.2592221796512604,1351904433,41,2.5403743440053087e-10,1081523547,44,3.0073550775570803e-10,-104
6,19,LEAKY_RELU,1,862,0.07124809920787811,-94,0.003999841399490833,0,-5670,-3984,0.0002849810989573598,0.0002849810968467009,True,-532980,-536964,True,0.2592221796512604,1208770137,40,2.196126444988925e-10,1934032220,44,1.9403090507522417e-10,-104
6,19,LEAKY_RELU,1,863,0.07124809920787811,-94,0.0038328745868057013,0,-4794,-20052,0.0002730850246734917,0.00027308502881208743,True,-450636,-470688,True,0.2592221796512604,1158312012,40,2.782828281477968e-10,1853299220,44,1.5337976783548322e-10,-104
6,19,LEAKY_RELU,1,864,0.07124809920787811,-94,0.0019738844130188227,0,-16411,-14989,0.00014063551498111337,0.00014063551248364933,True,-1542634,-1557623,True,0.2592221796512604,1193033570,41,3.0878134210469103e-10,1908853713,45,2.150932709181526e-10,-104
6,19,LEAKY_RELU,1,865,0.07124809920787811,-94,0.0024646040983498096,0,-7203,-8776,0.00017559835396241397,0.00017559835730737022,True,-677082,-685858,True,0.2592221796512604,1489628981,41,7.543970221640657e-11,1191703185,44,9.238720257392507e-11,-104
6,19,LEAKY_RELU,1,866,0.07124809920787811,-94,0.0021338998340070248,0,-5931,-31535,0.00015203630027826875,0.00015203630707300714,True,-557514,-589049,True,0.2592221796512604,1289748336,41,2.461078148638695e-10,2063597338,45,5.2271573204899347e-11,-104
6,19,LEAKY_RELU,1,867,0.07124809920787811,-94,0.0024334120098501444,0,-8313,-21742,0.00017337598546873778,0.00017337598029144516,True,-781422,-803164,True,0.2592221796512604,1470776201,41,3.302980724556373e-11,1176620961,44,1.3694842616419606e-10,-104
6,19,LEAKY_RELU,1,868,0.07124809920787811,-94,0.0031426739878952503,0,-4969,-2099,0.00022390954836737365,0.00022390954806757873,True,-467086,-469185,True,0.2592221796512604,1899460548,41,1.4905782275887537e-10,1519568438,44,1.1417484096011528e-10,-104
6,19,LEAKY_RELU,1,869,0.07124809920787811,-94,0.003218260360881686,0,-7832,-12956,0.00022929493570700288,0.00022929493346888,True,-736208,-749164,True,0.2592221796512604,1945145634,41,1.8583563546344838e-10,1556116507,44,3.143607776394252e-10,-104
6,19,LEAKY_RELU,1,870,0.07124809920787811,-94,0.00406044302508235,0,-7143,-11197,0.00028929885593242943,0.000289298847479004,True,-671442,-682639,True,0.2592221796512604,1227084222,40,1.9758511334389248e-10,1963334756,44,2.0988478295790993e-10,-104
6,19,LEAKY_RELU,1,871,0.07124809920787811,-94,0.0022415216080844402,0,-12122,-10816,0.00015970415552146733,0.00015970415390940268,True,-1139468,-1150284,True,0.2592221796512604,1354795909,41,1.667409336754526e-10,1083836727,44,1.7788837336440513e-11,-104
6,19,LEAKY_RELU,1,872,0.07124809920787811,-94,0.0038845997769385576,0,-3908,-15285,0.00027677035541273654,0.00027677035029021954,True,-367352,-382637,True,0.2592221796512604,1173943598,40,3.5006809356514455e-10,1878309757,44,2.4358945970042424e-10,-104
6,19,LEAKY_RELU,1,873,0.07124809920787811,-94,0.0033417106606066227,0,-6096,-10020,0.00023809053527656943,0.00023809053267092456,True,-573024,-583044,True,0.2592221796512604,2019760111,41,1.4509186731519238e-10,1615808089,44,2.6886894295636637e-10,-104
6,19,LEAKY_RELU,1,874,0.07124809920787811,-94,0.004159519914537668,0,-6627,-4203,0.00029635787359438837,0.0002963578875281245,True,-622938,-627141,True,0.2592221796512604,1257025706,40,2.046333077997971e-10,2011241129,44,9.36899944934197e-11,-104
6,19,LEAKY_RELU,1,875,0.07124809920787811,-94,0.0023528391029685736,0,-12029,-13476,0.00016763531311880797,0.00016763531382847988,True,-1130726,-1144202,True,0.2592221796512604,1422077208,41,1.9110089361905229e-10,1137661767,44,3.3629654755235897e-10,-104
6,19,LEAKY_RELU,1,876,0.07124809920787811,-94,0.0036760761868208647,0,-4144,-15117,0.0002619134320411831,0.00026191344085433124,True,-389536,-404653,True,0.2592221796512604,1110926828,40,3.370477834305124e-10,1777482924,44,1.1302691741483315e-10,-104
6,19,LEAKY_RELU,1,877,0.07124809920787811,-94,0.003869027364999056,0,-5671,-12225,0.00027566085918806493,0.000275660845539448,True,-533074,-545299,True,0.2592221796512604,1169237545,40,1.5902183945134298e-10,1870780072,44,1.5902183945134298e-10,-104
6,19,LEAKY_RELU,1,878,0.07124809920787811,-94,0.004225608892738819,0,-9414,-9586,0.00030106661142781377,0.00030106660160354737,True,-884916,-894502,True,0.2592221796512604,1276998093,40,3.629378447735255e-10,2043196950,44,2.243770493042346e-10,-104
6,19,LEAKY_RELU,1,879,0.07124809920787811,-94,0.00432424433529377,0,-835,-6584,0.00030809419695287943,0.00030809418940011546,True,-78490,-85074,True,0.2592221796512604,1306806170,40,2.1687559366401648e-10,2090889872,44,2.168755252476214e-10,-104
6,19,LEAKY_RELU,1,880,0.07124809920787811,-94,0.004214544780552387,0,-5403,-6139,0.0003002783050760627,0.0003002783046408414,True,-507882,-514021,True,0.2592221796512604,1273654469,40,1.6743284458609714e-10,2037847150,44,2.885280080178504e-11,-104
6,19,LEAKY_RELU,1,881,0.07124809920787811,-94,0.005321314092725515,0,-4075,478,0.00037913350388407707,0.00037913351439478743,True,-383050,-382572,True,0.2592221796512604,1608125154,40,3.658402556402999e-11,1286500123,43,1.1887662263318136e-10,-104
6,19,LEAKY_RELU,1,882,0.07124809920787811,-94,0.00569839496165514,0,-2637,-1899,0.00040599980275146663,0.0004059998095536782,True,-247878,-249777,True,0.2592221796512604,1722080696,40,1.6435601731669053e-10,1377664557,43,3.0952916826861284e-10,-104
6,19,LEAKY_RELU,1,883,0.07124809920787811,-94,0.007971592247486115,0,-1344,-2394,0.0005679607857018709,0.0005679607952936427,True,-126336,-128730,True,0.2592221796512604,1204525591,39,4.111895799780791e-10,1927240946,43,2.0363906186689063e-10,-104
6,19,LEAKY_RELU,1,884,0.07124809920787811,-94,0.0045285336673259735,0,-5004,-7216,0.00032264943001791835,0.00032264941599585706,True,-470376,-477592,True,0.2592221796512604,1368543329,40,3.0440951049961474e-10,1094834663,43,1.2173356946519127e-10,-104
6,19,LEAKY_RELU,1,885,0.07124809920787811,-94,0.002898415317758918,0,-9127,-16301,0.00020650657825171947,0.00020650658210532094,True,-857938,-874239,True,0.2592221796512604,1751828401,41,1.771139058480687e-11,1401462721,44,1.604193979770121e-10,-104
6,19,LEAKY_RELU,1,886,0.07124809920787811,-94,0.004899215884506702,0,-2098,-4423,0.0003490598173812032,0.00034905981938014585,True,-197212,-201635,True,0.2592221796512604,1480565169,40,6.789018447087903e-11,1184452135,43,1.0096433437148751e-10,-104
6,19,LEAKY_RELU,1,887,0.07124809920787811,-94,0.0033478138502687216,0,-5837,-5997,0.00023852537560742348,0.00023852537333345428,True,-548678,-554675,True,0.2592221796512604,2023448934,41,1.6207205019030678e-10,1618759147,44,3.852056586616244e-11,-104
6,19,LEAKY_RELU,1,888,0.07124809920787811,-94,0.003385090036317706,0,-4669,-13660,0.0002411812311038375,0.00024118123073516365,True,-438886,-452546,True,0.2592221796512604,2045978997,41,1.2489206536642712e-10,1636783198,44,1.194896033858523e-10,-104
6,19,LEAKY_RELU,1,889,0.07124809920787811,-94,0.0023650305811315775,0,-1023,-21646,0.00016850393149070442,0.00016850393347412826,True,-96162,-117808,True,0.2592221796512604,1429445848,41,1.360406737216511e-10,1143556678,44,2.137452663139487e-10,-104
6,19,LEAKY_RELU,1,890,0.07124809920787811,-94,0.0022836453281342983,0,-9235,-5797,0.0001627053861739114,0.00016270538889451985,True,-868090,-873887,True,0.2592221796512604,1380255866,41,2.18776553213122e-10,1104204693,44,3.99902390974781e-10,-104
6,19,LEAKY_RELU,1,891,0.07124809920787811,-94,0.00363211240619421,0,-9445,-10562,0.0002587811031844467,0.00025878110505068996,True,-887830,-898392,True,0.2592221796512604,1097640775,40,4.134584120502877e-10,1756225239,44,1.5594471500225703e-10,-104
6,19,LEAKY_RELU,1,892,0.07124809920787811,-94,0.0030835324432700872,0,-3431,-14147,0.0002196958230342716,0.00021969582542881796,True,-322514,-336661,True,0.2592221796512604,1863714864,41,5.975614612392934e-11,1490971891,44,7.438464099857619e-11,-104
6,19,LEAKY_RELU,1,893,0.07124809920787811,-94,0.005029022693634033,0,-3934,-2731,0.0003583083162084222,0.000358308307794708,True,-369796,-372527,True,0.2592221796512604,1519793373,40,4.969365774720622e-11,1215834698,43,2.7929847270439274e-10,-104
6,19,LEAKY_RELU,1,894,0.07124809920787811,-94,0.0021926243789494038,0,-12118,-20590,0.0001562203251523897,0.00015622031927699925,True,-1139092,-1159682,True,0.2592221796512604,1325241982,41,1.732490038909762e-10,2120387171,45,7.892653967204285e-11,-104
6,19,LEAKY_RELU,1,895,0.07124809920787811,-94,0.004589189775288105,0,-606,-10043,0.00032697105780243874,0.00032697104839350677,True,-56964,-67007,True,0.2592221796512604,1386873878,40,2.7318893184987855e-10,1109499103,43,2.67595685480518e-10,-104
6,19,LEAKY_RELU,1,896,0.07124809920787811,-94,0.0029339140746742487,0,-4957,-5685,0.00020903580298181623,0.00020903580105978078,True,-465958,-471643,True,0.2592221796512604,1773284170,41,1.8474640194944297e-10,1418627336,44,1.8474646917459025e-10,-104
6,19,LEAKY_RELU,1,897,0.07124809920787811,-94,0.003243590472266078,0,-3899,-11965,0.0002310996496817097,0.00023109965575774175,True,-366506,-378471,True,0.2592221796512604,1960455383,41,2.5378262169285693e-10,1568364306,44,1.2602237969763271e-12,-104
6,19,LEAKY_RELU,1,898,0.07124809920787811,-94,0.0033053518272936344,0,-11273,-14143,0.00023550003243144602,0.00023550003490795807,True,-1059662,-1073805,True,0.2592221796512604,1997784503,41,2.0224706817293197e-10,1598227603,44,1.73168678772491e-10,-104
6,19,LEAKY_RELU,1,899,0.07124809920787811,-94,0.0017687934450805187,0,-4419,-23792,0.00012602316564880311,0.0001260231708533413,True,-415386,-439178,True,0.2592221796512604,2138149473,42,1.4171677873362283e-10,1710519579,45,2.090538335947101e-10,-104
6,19,LEAKY_RELU,1,900,0.07124809920787811,-94,0.00216495618224144,0,-6697,-23562,0.0001542490063002333,0.00015424901285304715,True,-629518,-653080,True,0.2592221796512604,1308519074,41,1.9970348758821687e-10,2093630518,45,8.647785902474185e-12,-104
6,19,LEAKY_RELU,1,901,0.07124809920787811,-94,0.003582202596589923,0,-8098,-11533,0.00025522513897158206,0.0002552251259845574,True,-761212,-772745,True,0.2592221796512604,1082557805,40,3.206035599862444e-10,1732092487,44,2.5673281624576407e-10,-104
6,19,LEAKY_RELU,1,902,0.07124809920787811,-94,0.003826463595032692,0,-6017,-12488,0.00027262826915830374,0.0002726282578342232,True,-565598,-578086,True,0.2592221796512604,1156374582,40,3.0128758759301523e-10,1850199331,44,1.931910233890897e-10,-104
6,19,LEAKY_RELU,1,903,0.07124809920787811,-94,0.0072579882107675076,0,-1264,-791,0.00051711784908548,0.0005171178640903731,True,-118816,-119607,True,0.2592221796512604,1096698410,39,3.9552714812722095e-11,1754717456,43,3.955260611438856e-11,-104
6,19,LEAKY_RELU,1,904,0.07124809920787811,-94,0.0020815026946365833,0,-6568,-26614,0.00014830310828983784,0.0001483031104889329,True,-617392,-644006,True,0.2592221796512604,1258079032,41,3.9023902761070446e-11,2012926451,45,6.033394887443823e-11,-104
6,19,LEAKY_RELU,1,905,0.07124809920787811,-94,0.005478172563016415,0,-8790,-12415,0.0003903093747794628,0.0003903093822476694,True,-826260,-838675,True,0.2592221796512604,1655528492,40,9.408334943926841e-11,1324422794,43,2.079349024695148e-10,-104
6,19,LEAKY_RELU,1,906,0.07124809920787811,-94,0.0025109152775257826,0,-6010,-10324,0.00017889794253278524,0.00017889794079573376,True,-564940,-575264,True,0.2592221796512604,1517619876,41,1.0520553321266934e-10,1214095901,44,5.952609947563278e-11,-104
6,19,LEAKY_RELU,1,907,0.07124809920787811,-94,0.00218210625462234,0,-8246,-12167,0.00015547091607004404,0.00015547092291146383,True,-775124,-787291,True,0.2592221796512604,1318884732,41,3.118975569701676e-10,2110215572,45,6.721056241708758e-11,-104
6,19,LEAKY_RELU,1,908,0.07124809920787811,-94,0.002340505598112941,0,-8597,-15297,0.0001667565811658278,0.0001667565750509449,True,-808118,-823415,True,0.2592221796512604,1414622727,41,3.3793023798457855e-10,1131698181,44,1.9224653999867046e-10,-104
6,19,LEAKY_RELU,1,909,0.07124809920787811,-94,0.005790141876786947,0,-1979,-6831,0.0004125366103835404,0.000412536602865006,True,-186026,-192857,True,0.2592221796512604,1749807028,40,7.489158303841928e-11,1399845622,43,2.1085424586797288e-10,-104
6,19,LEAKY_RELU,1,910,0.07124809920787811,-94,0.00289224018342793,0,-3613,-20017,0.00020606661564670503,0.00020606661552188474,True,-339622,-359639,True,0.2592221796512604,1748096094,41,2.244939408931903e-12,1398476875,44,1.407678277171332e-10,-104
6,19,LEAKY_RELU,1,911,0.07124809920787811,-94,0.00444425642490387,0,-5518,-9028,0.0003166448150295764,0.0003166448226668006,True,-518692,-527720,True,0.2592221796512604,1343074365,40,1.958449587919642e-10,1074459492,43,1.9584500317122294e-10,-104
6,19,LEAKY_RELU,1,912,0.07124809920787811,-94,0.0030978512950241566,0,-8913,-12497,0.0002207160141551867,0.0002207160163991348,True,-837822,-850319,True,0.2592221796512604,1872369307,41,1.273985170624177e-10,1497895446,44,1.3964281824841623e-10,-104
6,19,LEAKY_RELU,1,913,0.07124809920787811,-94,0.0030384936835616827,0,-5663,-2957,0.00021648689289577305,0.00021648689940891377,True,-532322,-535279,True,0.2592221796512604,1836493031,41,1.840563363412152e-10,1469194425,44,3.2018526087949714e-10,-104
6,19,LEAKY_RELU,1,914,0.07124809920787811,-94,0.007360967341810465,0,-4927,-3525,0.0005244549247436225,0.0005244549314352628,True,-463138,-466663,True,0.2592221796512604,1112258789,39,2.0087557762591884e-10,1779614063,43,1.3627612126708661e-10,-104
6,19,LEAKY_RELU,1,915,0.07124809920787811,-94,0.0018768919399008155,0,-2332,-30097,0.0001337249850621447,0.0001337249831365201,True,-219208,-249305,True,0.2592221796512604,1134410443,41,3.805116244526413e-10,1815056709,45,2.7032222984351915e-10,-104
6,19,LEAKY_RELU,1,916,0.07124809920787811,-94,0.0024798314552754164,0,-4989,-7787,0.00017668327200226486,0.00017668327754427962,True,-468966,-476753,True,0.2592221796512604,1498832533,41,1.3007910406421745e-10,1199066027,44,3.703102751227842e-10,-104
6,19,LEAKY_RELU,1,917,0.07124809920787811,-94,0.0028623417019844055,0,-6572,-5294,0.0002039364044321701,0.0002039364055498316,True,-617768,-623062,True,0.2592221796512604,1730025182,41,1.602029634204086e-10,1384020145,44,2.733167378668945e-10,-104
6,19,LEAKY_RELU,1,918,0.07124809920787811,-94,0.0032322858460247517,0,955,-9329,0.00023029421572573483,0.00023029422262579174,True,89770,80441,True,0.2592221796512604,1953622764,41,1.441203746491181e-10,1562898211,44,2.720877919906037e-10,-104
6,19,LEAKY_RELU,1,919,0.07124809920787811,-94,0.00200676335953176,0,-12154,-11248,0.00014297806774266064,0.00014297807492665363,True,-1142476,-1153724,True,0.2592221796512604,1212905903,41,2.8552515470067376e-10,1940649444,45,1.2670802720627204e-10,-104
6,19,LEAKY_RELU,1,920,0.07124809920787811,-94,0.002603347646072507,0,-12326,-12803,0.00018548357184045017,0.00018548357135996993,True,-1158644,-1171447,True,0.2592221796512604,1573486835,41,1.9086449562173086e-10,1258789468,44,1.9086449562173086e-10,-104
6,19,LEAKY_RELU,1,921,0.07124809920787811,-94,0.004662162624299526,0,-8394,-8980,0.00033217022428289056,0.000332170225179354,True,-789036,-798016,True,0.2592221796512604,1408926603,40,3.459246286753852e-11,1127141282,43,3.202875850696722e-10,-104
6,19,LEAKY_RELU,1,922,0.07124809920787811,-94,0.004163231700658798,0,-7077,-13787,0.0002966223401017487,0.00029662234523392117,True,-665238,-679025,True,0.2592221796512604,1258147424,40,2.1765160386698076e-10,2013035879,44,8.040567683399744e-11,-104
6,19,LEAKY_RELU,1,923,0.07124809920787811,-94,0.004277122672647238,0,-3036,-257,0.000304736866382882,0.0003047368605050352,True,-285384,-285641,True,0.2592221796512604,1292565790,40,3.306428995497047e-10,2068105265,44,1.528913897061317e-10,-104
6,19,LEAKY_RELU,1,924,0.07124809920787811,-94,0.004792618565261364,0,-5811,-12898,0.0003414649690967053,0.0003414649630032601,True,-546234,-559132,True,0.2592221796512604,1448350978,40,3.1165312887423545e-10,1158680782,43,3.356702020980914e-11,-104
6,19,LEAKY_RELU,1,925,0.07124809920787811,-94,0.0031583134550601244,0,-5497,-14142,0.00022502383217215538,0.00022502383037570003,True,-516718,-530860,True,0.2592221796512604,1908913183,41,2.573064379968354e-11,1527130546,44,2.3619859597905373e-10,-104
6,19,LEAKY_RELU,1,926,0.07124809920787811,-94,0.0032897600904107094,0,-7174,-13828,0.00023438915377482772,0.0002343891532917003,True,-674356,-688184,True,0.2592221796512604,1988360717,41,1.0882493148189e-10,1590688573,44,2.6837023902914733e-10,-104
6,19,LEAKY_RELU,1,927,0.07124809920787811,-94,0.0018497242126613855,0,-5241,-21539,0.00013178933295421302,0.00013178933421091263,True,-492654,-514193,True,0.2592221796512604,1117990024,41,2.9720804480303137e-10,1788784038,45,7.359240037672043e-11,-104
6,19,LEAKY_RELU,1,928,0.07124809920787811,-94,0.002455388195812702,0,-9569,-13766,0.0001749417424434796,0.00017494174176911625,True,-899486,-913252,True,0.2592221796512604,1484058806,41,2.4718512604319474e-10,1187247045,44,7.872822977815619e-11,-104
6,19,LEAKY_RELU,1,929,0.07124809920787811,-94,0.003191838040947914,0,-3311,-14657,0.00022741239808965474,0.0002274123933969363,True,-311234,-325891,True,0.2592221796512604,1929175746,41,2.556829181132294e-10,1543340596,44,2.6267326646095575e-10,-104
6,19,LEAKY_RELU,1,930,0.07124809920787811,-94,0.0037267468869686127,0,-7846,-7424,0.0002655236457940191,0.00026552363192539064,True,-737524,-744948,True,0.2592221796512604,1126239742,40,6.908327250782935e-11,1801983587,44,1.800721012022504e-10,-104
6,19,LEAKY_RELU,1,931,0.07124809920787811,-94,0.004505507182329893,0,-6903,-13079,0.0003210088179912418,0.0003210088227084476,True,-648882,-661961,True,0.2592221796512604,1361584621,40,1.3778791864807365e-10,1089267697,43,3.213974692951665e-10,-104
6,19,LEAKY_RELU,1,932,0.07124809920787811,-94,0.0038496474735438824,0,-8208,-12032,0.00027428005705587566,0.00027428006511041186,True,-771552,-783584,True,0.2592221796512604,1163380854,40,3.900583127195117e-10,1861409367,44,6.772198652210549e-11,-104
6,19,LEAKY_RELU,1,933,0.07124809920787811,-94,0.003946950659155846,0,-12536,-13067,0.0002812127349898219,0.0002812127321321356,True,-1178384,-1191451,True,0.2592221796512604,1192786317,40,3.007746442599608e-10,1908458107,44,1.95978002769315e-10,-104
6,19,LEAKY_RELU,1,934,0.07124809920787811,-94,0.00843125768005848,0,-3311,-5751,0.0006007110932841897,0.0006007110836359908,True,-311234,-316985,True,0.2592221796512604,1273982076,39,3.587915109115729e-10,2038371322,43,1.6255641104639856e-10,-104
6,19,LEAKY_RELU,1,935,0.07124809920787811,-94,0.002681102603673935,0,-4769,-15698,0.0001910234714159742,0.00019102346429306083,True,-448286,-463984,True,0.2592221796512604,1620482633,41,2.9346500435167455e-10,1296386107,44,1.6935992575747901e-10,-104
6,19,LEAKY_RELU,1,936,0.07124809920787811,-94,0.0038168069440871477,0,-3461,-7078,0.0002719402255024761,0.0002719402398096392,True,-325334,-332412,True,0.2592221796512604,1153456298,40,1.0320494737384875e-10,1845530077,44,5.164898102351382e-12,-104
6,19,LEAKY_RELU,1,937,0.07124809920787811,-94,0.0076140291057527065,0,-3661,-7835,0.0005424850969575346,0.0005424851010983403,True,-344134,-351969,True,0.2592221796512604,1150496993,39,2.3052743334363604e-10,1840795189,43,1.2187873566626275e-10,-104
6,19,LEAKY_RELU,1,938,0.07124809920787811,-94,0.0022506657987833023,0,-7237,-11004,0.00016035565931815654,0.00016035566011549096,True,-680278,-691282,True,0.2592221796512604,1360322740,41,1.7407174744705527e-10,1088258192,44,1.7407174744705527e-10,-104
6,19,LEAKY_RELU,1,939,0.07124809920787811,-94,0.003109859535470605,0,-3058,-18746,0.0002215715794591233,0.0002215715807057754,True,-287452,-306198,True,0.2592221796512604,1879627196,41,1.2829400214884495e-10,1503701757,44,4.71096930579632e-12,-104
6,19,LEAKY_RELU,1,940,0.07124809920787811,-94,0.0024269039276987314,0,-5297,-15643,0.00017291228868998587,0.00017291229180866827,True,-497918,-513561,True,0.2592221796512604,1466842657,41,2.7632426600840783e-10,1173474126,44,6.454388223579278e-11,-104
6,19,LEAKY_RELU,1,941,0.07124809920787811,-94,0.0025819651782512665,0,-4070,-8525,0.00018396011728327721,0.00018396011117133293,True,-382580,-391105,True,0.2592221796512604,1560563078,41,6.791713890614004e-12,1248450462,44,3.1360553647460664e-10,-104
6,19,LEAKY_RELU,1,942,0.07124809920787811,-94,0.0028122984804213047,0,-7575,-16226,0.0002003709232667461,0.00020037092113522198,True,-712050,-728276,True,0.2592221796512604,1699778607,41,2.686989323579848e-10,1359822885,44,1.7253514102749307e-10,-104
6,19,LEAKY_RELU,1,943,0.07124809920787811,-94,0.005701793357729912,0,-4151,-4089,0.00040624194662086666,0.0004062419388143612,True,-390194,-394283,True,0.2592221796512604,1723107706,40,2.0922337069166257e-10,1378486165,43,6.413671158583336e-11,-104
6,19,LEAKY_RELU,1,944,0.07124809920787811,-94,0.0031965672969818115,0,-6041,-733,0.00022774934768676758,0.00022774934390001889,True,-567854,-568587,True,0.2592221796512604,1932034151,41,2.1971845824161418e-10,1545627320,44,2.9787079809291734e-10,-104
6,19,LEAKY_RELU,1,945,0.07124809920787811,-94,0.0037419728469103575,0,-9737,-10515,0.0002666084619704634,0.00026660845262985525,True,-915278,-925793,True,0.2592221796512604,1130841096,40,4.9285367629072813e-11,1809345754,44,2.703596737271191e-10,-104
6,19,LEAKY_RELU,1,946,0.07124809920787811,-94,0.0019744664896279573,0,-2897,-9862,0.00014067698793951422,0.00014067698433564355,True,-272318,-282180,True,0.2592221796512604,1193385383,41,2.2695692946955772e-10,1909416612,45,1.920193094264134e-10,-104
6,19,LEAKY_RELU,1,947,0.07124809920787811,-94,0.003526903921738267,0,-6252,-4590,0.00025128520792350173,0.0002512852005126624,True,-587688,-592278,True,0.2592221796512604,2131692591,41,1.4852219403830483e-10,1705354073,44,2.657998361727006e-10,-104
6,19,LEAKY_RELU,1,948,0.07124809920787811,-94,0.0037338363472372293,0,-7998,-17898,0.0002660287427715957,0.00026602874249393935,True,-751812,-769710,True,0.2592221796512604,1128382209,40,6.7364241285793095e-12,1805411534,44,2.1481978919581142e-10,-104
6,19,LEAKY_RELU,1,949,0.07124809920787811,-94,0.0034367882180958986,0,-2032,-11353,0.00024486464099027216,0.0002448646279193632,True,-191008,-202361,True,0.2592221796512604,2077225845,41,1.6330952967597526e-10,1661780676,44,1.633095870646746e-10,-104
6,19,LEAKY_RELU,1,950,0.07124809920787811,-94,0.0025989434216171503,0,-10850,-11888,0.00018516977434046566,0.00018516977873904092,True,-1019900,-1031788,True,0.2592221796512604,1570824882,41,2.2079126173027508e-10,1256659905,44,2.566649260118785e-10,-104
6,19,LEAKY_RELU,1,951,0.07124809920787811,-94,0.003776351222768426,0,-8398,-4574,0.0002690578403417021,0.00026905784656359663,True,-789412,-793986,True,0.2592221796512604,1141230396,40,3.5714285590624457e-10,1825968634,44,1.380810687468427e-10,-104
6,19,LEAKY_RELU,1,952,0.07124809920787811,-94,0.003372256411239505,0,-6428,-9613,0.00024026686151046306,0.00024026685934239525,True,-604232,-613845,True,0.2592221796512604,2038222238,41,1.5962547449799453e-10,1630577791,44,2.0834216273192885e-10,-104
6,19,LEAKY_RELU,1,953,0.07124809920787811,-94,0.004117471165955067,0,-2187,-4002,0.0002933619834948331,0.00029336199411754416,True,-205578,-209580,True,0.2592221796512604,1244318384,40,2.541267295647429e-12,1990909414,44,1.9837196601953094e-10,-104
6,19,LEAKY_RELU,1,954,0.07124809920787811,-94,0.002575744641944766,0,-3394,-20658,0.00018351690960116684,0.00018351690978344118,True,-319036,-339694,True,0.2592221796512604,1556803330,41,2.233010036533161e-10,1245442664,44,2.233010036533161e-10,-104
6,19,LEAKY_RELU,1,955,0.07124809920787811,-94,0.0023059952072799206,0,-4675,-11114,0.00016429777315352112,0.00016429777530117123,True,-439450,-450564,True,0.2592221796512604,1393764335,41,3.215019448777242e-10,1115011468,44,3.215019021124996e-10,-104
6,19,LEAKY_RELU,1,956,0.07124809920787811,-94,0.003449098439887166,0,-8385,-15078,0.0002457417140249163,0.00024574170782281843,True,-788190,-803268,True,0.2592221796512604,2084666255,41,1.9446565307812007e-10,1667733004,44,1.9446562448618376e-10,-104
6,19,LEAKY_RELU,1,957,0.07124809920787811,-94,0.0026967190206050873,0,-3622,-13888,0.00019213611085433513,0.00019213610431584316,True,-340468,-354356,True,0.2592221796512604,1629921337,41,3.6762116024748654e-11,1303937070,44,3.435252768314758e-10,-104
6,19,LEAKY_RELU,1,958,0.07124809920787811,-94,0.004753607325255871,0,-5187,-8438,0.00033868549508042634,0.0003386854863051264,True,-487578,-496016,True,0.2592221796512604,1436561605,40,2.68421917125763e-10,1149249284,43,2.6842183414339093e-10,-104
6,19,LEAKY_RELU,1,959,0.07124809920787811,-94,0.003269699402153492,0,-1245,-9784,0.00023295986466109753,0.00023295986738457175,True,-117030,-126814,True,0.2592221796512604,1976235856,41,2.1142791216858618e-10,1580988684,44,2.9458462494060663e-10,-104
6,19,LEAKY_RELU,1,960,0.07124809920787811,-94,0.0024600804317742586,0,-14933,-5475,0.0001752760581439361,0.000175276054662412,True,-1403702,-1409177,True,0.2592221796512604,1486894836,41,1.139597944742491e-10,1189515869,44,5.417571525024344e-11,-104
6,19,LEAKY_RELU,1,961,0.07124809920787811,-94,0.002144965808838606,0,-12998,-10156,0.0001528247375972569,0.0001528247367456395,True,-1221812,-1231968,True,0.2592221796512604,1296436711,41,3.6285345956793694e-10,2074298738,45,1.7001727375098075e-10,-104
6,19,LEAKY_RELU,1,962,0.07124809920787811,-94,0.0034316868986934423,0,-8602,-15311,0.000244501163251698,0.00024450116860848595,True,-808588,-823899,True,0.2592221796512604,2074142562,41,9.185714618712047e-11,1659314049,44,2.697381714289846e-10,-104
6,19,LEAKY_RELU,1,963,0.07124809920787811,-94,0.0018554962007328868,0,-8852,-9679,0.0001322005846304819,0.00013220057738965764,True,-832088,-841767,True,0.2592221796512604,1121478665,41,3.562747142414338e-10,1794365865,45,2.0102520548107464e-10,-104
6,19,LEAKY_RELU,1,964,0.07124809920787811,-94,0.0021486461628228426,0,-15362,-20574,0.00015308694855775684,0.00015308695497142852,True,-1444028,-1464602,True,0.2592221796512604,1298661151,41,2.579043961932261e-10,2077857841,45,3.085459934223158e-11,-104
6,19,LEAKY_RELU,1,965,0.07124809920787811,-94,0.0029384312219917774,0,-15412,-9620,0.0002093576331390068,0.00020935763921999667,True,-1448728,-1458348,True,0.2592221796512604,1776014375,41,1.5710261058858827e-11,1420811500,44,1.571019393705439e-11,-104
6,19,LEAKY_RELU,1,966,0.07124809920787811,-94,0.0022896602749824524,0,-9482,-16412,0.0001631339400773868,0.00016313394242428725,True,-891308,-907720,True,0.2592221796512604,1383891354,41,6.557835383746744e-11,1107113083,44,1.1507162254192817e-10,-104
6,19,LEAKY_RELU,1,967,0.07124809920787811,-94,0.002795036882162094,0,-9885,-11457,0.00019914106815122068,0.0001991410650699632,True,-929190,-940647,True,0.2592221796512604,1689345541,41,2.2359201335783473e-10,1351476432,44,3.6835333729566494e-10,-104
6,19,LEAKY_RELU,1,968,0.07124809920787811,-94,0.005085531156510115,0,-3197,-7704,0.0003623344236984849,0.00036233442836378776,True,-300518,-308222,True,0.2592221796512604,1536870486,40,2.335824028328429e-10,1229496389,43,3.9625051541735457e-10,-104
6,19,LEAKY_RELU,1,969,0.07124809920787811,-94,0.0019748550839722157,0,-8535,-18509,0.00014070466568227857,0.00014070467094403488,True,-802290,-820799,True,0.2592221796512604,1193620253,41,2.838421300968658e-10,1909792404,45,1.350515914930304e-10,-104
6,19,LEAKY_RELU,1,970,0.07124809920787811,-94,0.004801728297024965,0,-1567,-5930,0.00034211401361972094,0.00034211401407571035,True,-147298,-153228,True,0.2592221796512604,1451103980,40,2.521632255020107e-10,1160883184,43,2.5216318442663253e-10,-104
6,19,LEAKY_RELU,1,971,0.07124809920787811,-94,0.003776202443987131,0,-4925,-9981,0.00026904724654741585,0.0002690472463582269,True,-462950,-472931,True,0.2592221796512604,1141185435,40,1.8588007344350642e-10,1825896696,44,1.858799950978104e-10,-104
6,19,LEAKY_RELU,1,972,0.07124809920787811,-94,0.0035590939223766327,0,-5279,-9316,0.0002535786770749837,0.00025357867687164637,True,-496226,-505542,True,0.2592221796512604,1075574259,40,6.578258137093487e-11,1720918814,44,1.6665150408046787e-10,-104
6,19,LEAKY_RELU,1,973,0.07124809920787811,-94,0.005038197617977858,0,-7266,-14746,0.0003589620173443109,0.0003589620037145816,True,-683004,-697750,True,0.2592221796512604,1522566077,40,3.269828800067111e-10,1218052861,43,1.656066181959879e-10,-104
6,19,LEAKY_RELU,1,974,0.07124809920787811,-94,0.001877193571999669,0,-13718,-13501,0.000133746478240937,0.0001337464738502235,True,-1289492,-1302993,True,0.2592221796512604,1134592753,41,3.551887950972012e-10,1815348404,45,8.549796132313913e-11,-104
6,19,LEAKY_RELU,1,975,0.07124809920787811,-94,0.0038048955611884594,0,-4793,-10715,0.0002710915869101882,0.0002710915764191704,True,-450542,-461257,True,0.2592221796512604,1149856624,40,3.5322177176614473e-10,1839770599,44,2.7094207306510777e-11,-104
6,19,LEAKY_RELU,1,976,0.07124809920787811,-94,0.003219316015020013,0,-7842,-8636,0.00022937014000490308,0.0002293701468196567,True,-737148,-745784,True,0.2592221796512604,1945783681,41,1.3308936165770983e-10,1556626945,44,4.606548285739434e-12,-104
6,19,LEAKY_RELU,1,977,0.07124809920787811,-94,0.0021999210584908724,0,-2310,-10089,0.0001567401923239231,0.0001567401938248579,True,-217140,-227229,True,0.2592221796512604,1329652161,41,1.5039684548005939e-10,2127443457,45,1.3163184642912e-10,-104
6,19,LEAKY_RELU,1,978,0.07124809920787811,-94,0.0032161949202418327,0,-5349,-12981,0.0002291477721882984,0.00022914777474926373,True,-502806,-515787,True,0.2592221796512604,1943897263,41,1.9575849899336565e-10,1555117811,44,1.900642374804405e-10,-104
6,19,LEAKY_RELU,1,979,0.07124809920787811,-94,0.004218069836497307,0,-2074,-7803,0.0003005294711329043,0.0003005294581765183,True,-194956,-202759,True,0.2592221796512604,1274719757,40,3.019104515111772e-10,2039551611,44,2.0384968219202808e-10,-104
6,19,LEAKY_RELU,1,980,0.07124809920787811,-94,0.002981308614835143,0,-8851,-11383,0.00021241257491055876,0.00021241257195907595,True,-831994,-843377,True,0.2592221796512604,1801929859,41,2.548652245616784e-10,1441543887,44,1.1612508503013391e-10,-104
6,19,LEAKY_RELU,1,981,0.07124809920787811,-94,0.002399301389232278,0,-6254,-16347,0.00017094567010644823,0.0001709456634096211,True,-587876,-604223,True,0.2592221796512604,1450159434,41,1.324683907198661e-10,1160127547,44,3.992640571909726e-11,-104
6,19,LEAKY_RELU,1,982,0.07124809920787811,-94,0.002507151337340474,0,-10010,-8049,0.00017862976528704166,0.00017862976721199839,True,-940940,-948989,True,0.2592221796512604,1515344917,41,1.9137350131554025e-10,1212275933,44,3.03563440461567e-10,-104
6,19,LEAKY_RELU,1,983,0.07124809920787811,-94,0.004865357652306557,0,-3801,-12464,0.0003466474881861359,0.0003466474846933465,True,-357294,-369758,True,0.2592221796512604,1470333058,40,1.3531518984911446e-10,1176266447,43,3.747733614641067e-10,-104
6,19,LEAKY_RELU,1,984,0.07124809920787811,-94,0.002245577983558178,0,-14471,-14927,0.0001599931565579027,0.00015999316295157995,True,-1360274,-1375201,True,0.2592221796512604,1357247619,41,1.813906136601937e-10,1085798095,44,2.8057818647685304e-12,-104
6,19,LEAKY_RELU,1,985,0.07124809920787811,-94,0.002120270859450102,0,-11576,-11887,0.00015106526552699506,0.00015106526854167385,True,-1088144,-1100031,True,0.2592221796512604,1281510861,41,1.7563756238081103e-11,2050417378,45,2.1264596569121546e-10,-104
6,19,LEAKY_RELU,1,986,0.07124809920787811,-94,0.006465792655944824,0,-1386,-6750,0.00046067542280070484,0.00046067543660832655,True,-130284,-137034,True,0.2592221796512604,1953991745,40,4.3771102888931627e-11,1563193396,43,4.37711638970141e-11,-104
6,19,LEAKY_RELU,1,987,0.07124809920787811,-94,0.00235038623213768,0,-4116,-5252,0.00016746054461691529,0.00016746055144417626,True,-386904,-392156,True,0.2592221796512604,1420594671,41,1.1621061242824655e-11,1136475737,44,1.8760365888433058e-10,-104
6,19,LEAKY_RELU,1,988,0.07124809920787811,-94,0.0017753684660419822,0,4412,-21070,0.00012649163545574993,0.00012649162859909753,True,414728,393658,True,0.2592221796512604,2146097477,42,2.0152787074938952e-10,1716877982,45,3.145307557008737e-11,-104
6,19,LEAKY_RELU,1,989,0.07124809920787811,-94,0.0020651353988796473,0,-16274,-28600,0.00014713697601109743,0.00014713697177707805,True,-1529756,-1558356,True,0.2592221796512604,1248186491,41,3.6774085764482367e-10,1997098385,45,6.730498300443484e-11,-104
6,19,LEAKY_RELU,1,990,0.07124809920787811,-94,0.002494492568075657,0,-12457,-10424,0.00017772785213310272,0.00017772785396356905,True,-1170958,-1181382,True,0.2592221796512604,1507693842,41,1.4127730324752786e-10,1206155074,44,1.903549332128979e-10,-104
6,19,LEAKY_RELU,1,991,0.07124809920787811,-94,0.0025740766432136297,0,-13418,-12907,0.00018339806410949677,0.00018339806804436656,True,-1261292,-1274199,True,0.2592221796512604,1555795176,41,9.728298934728905e-11,1244636141,44,6.340646683752027e-11,-104
6,19,LEAKY_RELU,1,992,0.07124809920787811,-94,0.005671072285622358,0,-5897,-7249,0.0004040531348437071,0.00040405312082106987,True,-554318,-561567,True,0.2592221796512604,1713823660,40,2.27688686473672e-10,1371058928,43,2.2768865169492187e-10,-104
6,19,LEAKY_RELU,1,993,0.07124809920787811,-94,0.0021009226329624653,0,-7415,-16434,0.00014968674804549664,0.00014968674418138622,True,-697010,-713444,True,0.2592221796512604,1269816618,41,8.317860610989314e-11,2031706589,45,1.526075797862905e-11,-104
6,19,LEAKY_RELU,1,994,0.07124809920787811,-94,0.0015477492706850171,0,-7167,-11117,0.00011027419532183558,0.0001102741935866871,True,-673698,-684815,True,0.2592221796512604,1870947282,42,1.7300323059943286e-10,1496757825,45,2.278632539616202e-10,-104
6,19,LEAKY_RELU,1,995,0.07124809920787811,-94,0.001956692198291421,0,-6483,-7294,0.00013941059296485037,0.00013941059986314827,True,-609402,-616696,True,0.2592221796512604,1182642440,41,4.0654251303850497e-10,1892227905,45,1.219350291200434e-10,-104
6,19,LEAKY_RELU,1,996,0.07124809920787811,-94,0.0021951445378363132,0,-8395,-18799,0.00015639988123439252,0.0001563998758073934,True,-789130,-807929,True,0.2592221796512604,1326765189,41,3.259230472138406e-10,2122824302,45,1.374947844294109e-10,-104
6,19,LEAKY_RELU,1,997,0.07124809920787811,-94,0.004195305984467268,0,-8642,-4309,0.00029890757286921144,0.00029890757698872866,True,-812348,-816657,True,0.2592221796512604,1267840418,40,2.2658577141244736e-10,2028544668,44,1.6778562818533142e-10,-104
6,19,LEAKY_RELU,1,998,0.07124809920787811,-94,0.0038112406618893147,0,-3789,-3811,0.00027154365670867264,0.00027154365278338893,True,-356166,-359977,True,0.2592221796512604,1151774142,40,4.3174665837184023e-10,1842838628,44,2.3661525903280524e-12,-104
6,19,LEAKY_RELU,1,999,0.07124809920787811,-94,0.002479417482391,0,-5359,-6517,0.00017665378982201219,0.00017665378276314134,True,-503746,-510263,True,0.2592221796512604,1498582324,41,1.628136820327956e-10,1198865859,44,3.296381365652186e-10,-104
6,19,LEAKY_RELU,1,1000,0.07124809920787811,-94,0.0043579894118011,0,-8855,-3933,0.0003104984643869102,0.00031049846195888714,True,-832370,-836303,True,0.2592221796512604,1317004084,40,1.941108621719241e-10,2107206535,44,9.062627317995537e-11,-104
6,19,LEAKY_RELU,1,1001,0.07124809920787811,-94,0.0032529260497540236,0,-10567,-13440,0.00023176480317488313,0.00023176479790876572,True,-993298,-1006738,True,0.2592221796512604,1966097890,41,6.643422421759162e-11,1572878312,44,6.643419390137742e-11,-104
6,19,LEAKY_RELU,1,1002,0.07124809920787811,-94,0.0021288737189024687,0,-9165,-9291,0.0001516782067483291,0.0001516782059254075,True,-861510,-870801,True,0.2592221796512604,1286710507,41,4.299893157716206e-11,2058736811,45,5.414808691092279e-11,-104
6,19,LEAKY_RELU,1,1003,0.07124809920787811,-94,0.0021071673836559057,0,-7188,-13009,0.00015013167285360396,0.00015013167079832093,True,-675672,-688681,True,0.2592221796512604,1273591002,41,1.2808967666944556e-10,2037745603,45,2.994199831767025e-11,-104
6,19,LEAKY_RELU,1,1004,0.07124809920787811,-94,0.003107710275799036,0,-6749,-12388,0.0002214184496551752,0.00022141845003947197,True,-634406,-646794,True,0.2592221796512604,1878328164,41,1.4920275739819414e-10,1502662531,44,2.8229990408612976e-10,-104
6,19,LEAKY_RELU,1,1005,0.07124809920787811,-94,0.0031477794982492924,0,-6510,-10692,0.00022427330259233713,0.00022427330597579037,True,-611940,-622632,True,0.2592221796512604,1902546364,41,1.5538296885036226e-10,1522037091,44,2.867858112155506e-10,-104
6,19,LEAKY_RELU,1,1006,0.07124809920787811,-94,0.002328665694221854,0,-5203,-13579,0.00016591300664003938,0.00016591300440390103,True,-489082,-502661,True,0.2592221796512604,1407466582,41,2.4577363545770295e-10,1125973265,44,2.870987815398466e-10,-104
6,19,LEAKY_RELU,1,1007,0.07124809920787811,-94,0.003591576823964715,0,-8552,-4218,0.0002558930136729032,0.0002558930218665538,True,-803888,-808106,True,0.2592221796512604,1085390739,40,4.544333357031583e-10,1736625182,44,2.2410142817902567e-10,-104
6,19,LEAKY_RELU,1,1008,0.07124809920787811,-94,0.0021497290581464767,0,-1001,-7936,0.00015316410281229764,0.00015316410920487855,True,-94094,-102030,True,0.2592221796512604,1299315662,41,2.9326140955645506e-10,2078905060,45,9.155645669972788e-11,-104
6,19,LEAKY_RELU,1,1009,0.07124809920787811,-94,0.003601931734010577,0,90,-6991,0.0002566307957749814,0.00025663078952479004,True,8460,1469,True,0.2592221796512604,1088520039,40,8.571827918155107e-11,1741632063,44,2.5878617322371666e-10,-104
6,19,LEAKY_RELU,1,1010,0.07124809920787811,-94,0.003612406551837921,0,-9664,-15912,0.0002573771052993834,0.0002573771003845371,True,-908416,-924328,True,0.2592221796512604,1091685576,40,3.2336119002334493e-10,1746696922,44,9.43575232027441e-11,-104
6,19,LEAKY_RELU,1,1011,0.07124809920787811,-94,0.002655455842614174,0,-4179,-13336,0.00018919618742074817,0.00018919618131671423,True,-392826,-406162,True,0.2592221796512604,1604981499,41,2.5564485432554265e-10,1283985200,44,3.6741524995775934e-10,-104
6,19,LEAKY_RELU,1,1012,0.07124809920787811,-94,0.004224921111017466,0,-5081,-4739,0.00030101760057732463,0.000301017598463231,True,-477614,-482353,True,0.2592221796512604,1276790243,40,2.1872793661618426e-10,2042864388,44,1.728790660615171e-10,-104
6,19,LEAKY_RELU,1,1013,0.07124809920787811,-94,0.0026129763573408127,0,-5127,-18494,0.00018616959278006107,0.0001861695987356582,True,-481938,-500432,True,0.2592221796512604,1579306515,41,1.4470104781619552e-10,1263445212,44,1.447009723341479e-10,-104
6,19,LEAKY_RELU,1,1014,0.07124809920787811,-94,0.0027244072407484055,0,-9064,-17772,0.00019410884124226868,0.00019410883737150386,True,-852016,-869788,True,0.2592221796512604,1646656347,41,1.9251735576691963e-10,1317325078,44,1.1112812702983922e-10,-104
6,19,LEAKY_RELU,1,1015,0.07124809920787811,-94,0.0032530161552131176,0,-7970,-4805,0.00023177122056949884,0.00023177121775145443,True,-749180,-753985,True,0.2592221796512604,1966152350,41,2.1505484128638724e-10,1572921880,44,2.1505484128638724e-10,-104
6,19,LEAKY_RELU,1,1016,0.07124809920787811,-94,0.0038780977483838797,0,-6869,-11869,0.00027630708063952625,0.0002763070931147034,True,-645686,-657555,True,0.2592221796512604,1171978656,40,1.1611521752663189e-11,1875165850,44,2.0170284153195925e-10,-104
6,19,LEAKY_RELU,1,1017,0.07124809920787811,-94,0.0024329149164259434,0,-9955,-9459,0.00017334056610707194,0.0001733405633298421,True,-935770,-945229,True,0.2592221796512604,1470475753,41,1.9890501291715362e-10,1176380603,44,3.111338772221569e-10,-104
6,19,LEAKY_RELU,1,1018,0.07124809920787811,-94,0.0025287342723459005,0,-6065,180,0.00018016750982496887,0.0001801675103064622,True,-570110,-569930,True,0.2592221796512604,1528389838,41,2.6346208129214814e-10,1222711870,44,6.367958616751931e-11,-104
6,19,LEAKY_RELU,1,1019,0.07124809920787811,-94,0.005912913009524345,0,-6904,-8630,0.0004212838248349726,0.0004212838127101437,True,-648976,-657606,True,0.2592221796512604,1786909019,40,1.6205696953644093e-10,1429527215,43,2.215057397724192e-11,-104
6,19,LEAKY_RELU,1,1020,0.07124809920787811,-94,0.002581097884103656,0,-1585,-13654,0.00018389831529930234,0.00018389831811186155,True,-148990,-162644,True,0.2592221796512604,1560038878,41,2.744422888519122e-10,1248031102,44,4.6062544193166056e-11,-104
6,19,LEAKY_RELU,1,1021,0.07124809920787811,-94,0.002304201014339924,0,-9890,-6266,0.00016416994913015515,0.00016416994246458427,True,-929660,-935926,True,0.2592221796512604,1392679908,41,9.411806341263435e-11,1114143927,44,4.444119577476671e-10,-104
6,19,LEAKY_RELU,1,1022,0.07124809920787811,-94,0.0037645644042640924,0,-6204,-11704,0.00026821804931387305,0.0002682180581494546,True,-583176,-594880,True,0.2592221796512604,1137668367,40,3.363933029837401e-10,1820269387,44,2.265194036361511e-10,-104
6,19,LEAKY_RELU,1,1023,0.07124809920787811,-94,0.002303102519363165,0,-7329,-5230,0.00016409167437814176,0.0001640916767855008,True,-688926,-694156,True,0.2592221796512604,1392015968,41,1.1218390358525777e-10,1113612774,44,2.470074640136098e-10,-104
7,21,LEAKY_RELU,1,0,0.2592221796512604,-104,0.000705933605786413,0,-947,-446,0.00018299365183338523,0.00018299364798102756,True,-98488,-98934,True,0.043493542820215225,1156514454,38,2.748489662440577e-10,1850423127,42,4.9401144937247856e-11,-106
7,21,LEAKY_RELU,1,1,0.2592221796512604,-104,0.0005264366045594215,0,-1893,-955,0.0001364640484098345,0.0001364640440821019,True,-196872,-197827,True,0.043493542820215225,1724897462,39,4.230405198679111e-11,1379917970,42,3.3217621692280333e-10,-106
7,21,LEAKY_RELU,1,2,0.2592221796512604,-104,0.00030333129689097404,0,-1750,391,7.863019709475338e-05,7.863019993652187e-05,True,-182000,-181609,True,0.043493542820215225,1987762172,40,2.2819459915397322e-10,1590209737,43,1.4911415052465318e-10,-106
7,21,LEAKY_RELU,1,3,0.2592221796512604,-104,0.0006945730419829488,0,-1059,-1774,0.00018004873709287494,0.00018004873786982636,True,-110136,-111910,True,0.043493542820215225,1137902709,38,2.9169445313864737e-10,1820644335,42,3.785912601857341e-11,-106
7,21,LEAKY_RELU,1,4,0.2592221796512604,-104,0.0005075926310382783,0,-2751,334,0.00013157926150597632,0.0001315792681926605,True,-286104,-285770,True,0.043493542820215225,1663154183,39,1.538567566398605e-11,1330523346,42,3.160194013411719e-10,-106
7,21,LEAKY_RELU,1,5,0.2592221796512604,-104,0.0006885895854793489,0,-2304,429,0.000178497692104429,0.0001784976932331147,True,-239616,-239187,True,0.043493542820215225,1128100153,38,5.174999145533001e-12,1804960245,42,1.0563073903703308e-10,-106
7,21,LEAKY_RELU,1,6,0.2592221796512604,-104,0.00046991201816126704,0,-2953,418,0.00012181161582702771,0.0001218116175920863,True,-307112,-306694,True,0.043493542820215225,1539691656,39,2.7943917612909204e-12,1231753325,42,1.5957578088014698e-10,-106
7,21,LEAKY_RELU,1,7,0.2592221796512604,-104,0.0006316775106824934,0,-1864,-706,0.0001637448149267584,0.00016374482115579826,True,-193856,-194562,True,0.043493542820215225,2069724874,39,9.923044705261798e-11,1655779899,42,2.1558582817954282e-11,-106
7,21,LEAKY_RELU,1,8,0.2592221796512604,-104,0.0007996007916517556,0,-1847,-1305,0.00020727426453959197,0.0002072742600628414,True,-192088,-193393,True,0.043493542820215225,1309967206,38,3.863915500395119e-11,2095947530,42,1.5220529441657715e-10,-106
7,21,LEAKY_RELU,1,9,0.2592221796512604,-104,0.000506757409311831,0,-2006,-1863,0.00013136275811120868,0.00013136276019623874,True,-208624,-210487,True,0.043493542820215225,1660417535,39,1.620288705380598e-10,1328334028,42,1.6202876284590972e-10,-106
7,21,LEAKY_RELU,1,10,0.2592221796512604,-104,0.0009349343599751592,0,-1762,-2854,0.00024235571618191898,0.00024235572262361685,True,-183248,-186102,True,0.043493542820215225,1531681014,38,2.042608045501593e-11,1225344811,41,1.8364544382756046e-10,-106
7,21,LEAKY_RELU,1,11,0.2592221796512604,-104,0.0006327698356471956,0,-1324,-1996,0.0001640279806451872,0.00016402797601403583,True,-137696,-139692,True,0.043493542820215225,2073303934,39,2.3562904970527503e-10,1658643148,42,2.466928444252174e-10,-106
7,21,LEAKY_RELU,1,12,0.2592221796512604,-104,0.0004977720673196018,0,-1847,-294,0.00012903356400784105,0.00012903356026010109,True,-192088,-192382,True,0.043493542820215225,1630976585,39,1.6807362412453347e-11,1304781268,42,1.680739895782458e-11,-106
7,21,LEAKY_RELU,1,13,0.2592221796512604,-104,0.0002508991165086627,0,-2250,-998,6.503861368400976e-05,6.503861585395107e-05,True,-234000,-234998,True,0.043493542820215225,1644168531,40,2.9118945236398834e-10,1315334824,43,3.1702070458566404e-10,-106
7,21,LEAKY_RELU,1,14,0.2592221796512604,-104,0.0004626044537872076,0,-1765,678,0.00011991733481409028,0.00011991733482710071,True,-183560,-182882,True,0.043493542820215225,1515748034,39,2.166617786716119e-10,1212598427,42,5.1726635326108455e-11,-106
7,21,LEAKY_RELU,1,15,0.2592221796512604,-104,0.0007156658102758229,0,-2621,-2226,0.00018551644461695105,0.00018551645124158418,True,-272584,-274810,True,0.043493542820215225,1172458496,38,3.973800592687691e-10,1875933594,42,1.841529716178235e-10,-106
7,21,LEAKY_RELU,1,16,0.2592221796512604,-104,0.0006379216792993248,0,-3239,-496,0.0001653634535614401,0.00016536344815476327,True,-336856,-337352,True,0.043493542820215225,2090184224,39,2.3137692828985879e-10,1672147379,42,1.1177024616716173e-10,-106
7,21,LEAKY_RELU,1,17,0.2592221796512604,-104,0.0004075223987456411,0,-4554,3874,0.00010563884279690683,0.00010563884445955515,True,-473616,-469742,True,0.043493542820215225,1335268758,39,1.977076036368083e-10,2136430013,43,1.0409351327181516e-10,-106
7,21,LEAKY_RELU,1,18,0.2592221796512604,-104,0.001060769078321755,0,-1399,-1768,0.0002749748819041997,0.00027497487258922385,True,-145496,-147264,True,0.043493542820215225,1737833079,38,4.8236930809099115e-11,1390266463,41,1.9209424542057956e-10,-106
7,21,LEAKY_RELU,1,19,0.2592221796512604,-104,0.0013484471710398793,0,-2000,-2207,0.0003495474229566753,0.0003495474148215334,True,-208000,-210207,True,0.043493542820215225,1104564673,37,4.352059603238717e-10,1767303476,41,1.7461060847104115e-11,-106
7,21,LEAKY_RELU,1,20,0.2592221796512604,-104,0.000985172693617642,0,-1880,-1581,0.0002553786034695804,0.00025537861297246847,True,-195520,-197101,True,0.043493542820215225,1613985297,38,2.0133509753785665e-10,1291188237,41,2.633531875101614e-10,-106
7,21,LEAKY_RELU,1,21,0.2592221796512604,-104,0.0008958183461800218,0,-1881,-1770,0.00023221598530653864,0.00023221598426837256,True,-195624,-197394,True,0.043493542820215225,1467598167,38,7.289239651974515e-11,1174078534,41,4.1358510878888376e-10,-106
7,21,LEAKY_RELU,1,22,0.2592221796512604,-104,0.0008874484919942915,0,-1735,-1468,0.00023004633840173483,0.00023004633242298435,True,-180440,-181908,True,0.043493542820215225,1453886031,38,1.8284793157197706e-10,1163108825,41,1.0895099087300867e-11,-106
7,21,LEAKY_RELU,1,23,0.2592221796512604,-104,0.0004567529249470681,0,812,-5878,0.000118400486826431,0.00011840048876686753,True,84448,78570,True,0.043493542820215225,1496575189,39,4.963286099133849e-12,1197260151,42,1.7201139797545866e-10,-106
7,21,LEAKY_RELU,1,24,0.2592221796512604,-104,0.0007961953524500132,0,-2954,-1082,0.00020639150170609355,0.00020639149469029588,True,-307216,-308298,True,0.043493542820215225,1304388155,38,3.8105462004975235e-11,2087021048,42,3.8105462004975235e-11,-106
7,21,LEAKY_RELU,1,25,0.2592221796512604,-104,0.0006718221120536327,0,-1741,-536,0.00017415119509678334,0.00017415119222445596,True,-181064,-181600,True,0.043493542820215225,1100630395,38,7.733876294622822e-11,1761008632,42,7.733876294622822e-11,-106
7,21,LEAKY_RELU,1,26,0.2592221796512604,-104,0.0008899438544176519,0,-1407,-1245,0.00023069318558555096,0.00023069318570938767,True,-146328,-147573,True,0.043493542820215225,1457974125,38,3.805803669772027e-11,1166379300,41,3.805791405224167e-11,-106
7,21,LEAKY_RELU,1,27,0.2592221796512604,-104,0.001057216664776206,0,-2362,-2471,0.0002740540076047182,0.000274054008206924,True,-245648,-248119,True,0.043493542820215225,1732013243,38,2.115018169228952e-10,1385610595,41,2.2152024181013315e-10,-106
7,21,LEAKY_RELU,1,28,0.2592221796512604,-104,0.0003993930877186358,0,-2628,2779,0.00010353154357289895,0.0001035315467360718,True,-273312,-270533,True,0.043493542820215225,1308632639,39,3.284588575188009e-10,2093812223,43,4.190030052445834e-11,-106
7,21,LEAKY_RELU,1,29,0.2592221796512604,-104,0.0005619588773697615,0,-1920,135,0.00014567220932804048,0.0001456722050661649,True,-199680,-199545,True,0.043493542820215225,1841288073,39,1.2027403725418866e-10,1473030459,42,2.8704938621710177e-10,-106
7,21,LEAKY_RELU,1,30,0.2592221796512604,-104,0.0007967795245349407,0,-1748,-1810,0.00020654292893595994,0.00020654292505144223,True,-181792,-183602,True,0.043493542820215225,1305345190,38,2.783826390151307e-10,2088552305,42,2.0041784625654193e-10,-106
7,21,LEAKY_RELU,1,31,0.2592221796512604,-104,0.0008055000798776746,0,-219,-2828,0.00020880348165519536,0.00020880348641515514,True,-22776,-25604,True,0.043493542820215225,1319631871,38,3.5104770240377707e-10,2111410994,42,1.616009742657649e-10,-106
7,21,LEAKY_RELU,1,32,0.2592221796512604,-104,0.0004818035813514143,0,-3465,1363,0.0001248941698577255,0.00012489417452169697,True,-360360,-358997,True,0.043493542820215225,1578654994,39,2.3070022491059424e-10,1262923995,42,7.233749194034993e-11,-106
7,21,LEAKY_RELU,1,33,0.2592221796512604,-104,0.0004723413730971515,0,-2747,-768,0.0001224413572344929,0.00012244136027371282,True,-285688,-286456,True,0.043493542820215225,1547651566,39,2.1147035667603527e-10,1238121253,42,4.993532783964947e-11,-106
7,21,LEAKY_RELU,1,34,0.2592221796512604,-104,0.00045370517182163894,0,635,-4069,0.00011761044152081013,0.00011761044355865485,True,66040,61971,True,0.043493542820215225,1486589064,39,1.4181455031247666e-10,1189271251,42,3.0998472350561246e-10,-106
7,21,LEAKY_RELU,1,35,0.2592221796512604,-104,0.0007031912100501359,0,-287,-622,0.00018228276167064905,0.00018228275818080349,True,-29848,-30470,True,0.043493542820215225,1152021652,38,2.0673441092307162e-10,1843234643,42,9.822940234261536e-11,-106
7,21,LEAKY_RELU,1,36,0.2592221796512604,-104,0.0007744710310362279,0,-1890,-1345,0.0002007600705837831,0.00020076006874196993,True,-196560,-197905,True,0.043493542820215225,1268797709,38,1.2945261530746825e-10,2030076335,42,1.6610267934838436e-10,-106
7,21,LEAKY_RELU,1,37,0.2592221796512604,-104,0.00036658011958934367,0,1783,3234,9.502569446340203e-05,9.502569761676936e-05,True,185432,188666,True,0.043493542820215225,1201119209,39,2.9177354317355485e-10,1921790734,43,8.363423659267662e-11,-106
7,21,LEAKY_RELU,1,38,0.2592221796512604,-104,0.0006890463992021978,0,-2200,-1089,0.00017861611559055746,0.0001786161094820462,True,-228800,-229889,True,0.043493542820215225,1128848540,38,1.8081881885654333e-10,1806157664,42,1.8081889805845923e-10,-106
7,21,LEAKY_RELU,1,39,0.2592221796512604,-104,0.0005212790565565228,0,-2677,-2614,0.0001351270911982283,0.00013512709324713448,True,-278408,-281022,True,0.043493542820215225,1707998482,39,1.7053448422128015e-10,1366398786,42,1.222056831532677e-10,-106
7,21,LEAKY_RELU,1,40,0.2592221796512604,-104,0.000384584185667336,0,111,-5285,9.969274833565578e-05,9.969275086809185e-05,True,11544,6259,True,0.043493542820215225,1260110486,39,2.0395753562200641e-10,2016176778,43,5.562257648985687e-12,-106
7,21,LEAKY_RELU,1,41,0.2592221796512604,-104,0.00035976545768789947,0,-3203,3422,9.325918654212728e-05,9.325918610509059e-05,True,-333112,-329690,True,0.043493542820215225,1178790607,39,3.533179935306759e-10,1886064972,43,7.084554904779071e-11,-106
7,21,LEAKY_RELU,1,42,0.2592221796512604,-104,0.0008171593071892858,0,-2042,-1734,0.00021182581258472055,0.0002118258167319205,True,-212368,-214102,True,0.043493542820215225,1338732910,38,1.0206208570743583e-10,2141972656,42,1.0206204118425698e-10,-106
7,21,LEAKY_RELU,1,43,0.2592221796512604,-104,0.001013576635159552,0,-1646,-2086,0.000262741552432999,0.0002627415446096494,True,-171184,-173270,True,0.043493542820215225,1660518807,38,1.870186990509751e-10,1328415046,41,1.1409197683783215e-10,-106
7,21,LEAKY_RELU,1,44,0.2592221796512604,-104,0.0004478110058698803,0,-2585,179,0.00011608254862949252,0.00011608254501341373,True,-268840,-268661,True,0.043493542820215225,1467276517,39,1.4410085107413353e-10,1173821213,42,3.670503263813734e-10,-106
7,21,LEAKY_RELU,1,45,0.2592221796512604,-104,0.0007651284104213119,0,-1094,-3652,0.0001983382535399869,0.00019833825426251658,True,-113776,-117428,True,0.043493542820215225,1253491913,38,1.0543970390032635e-10,2005587061,42,5.718350069898501e-12,-106
7,21,LEAKY_RELU,1,46,0.2592221796512604,-104,0.000501565111335367,0,-2786,1238,0.00013001680781599134,0.0001300168013973809,True,-289744,-288506,True,0.043493542820215225,1643404695,39,2.2295714868261566e-11,1314723756,42,2.2295642330261693e-11,-106
7,21,LEAKY_RELU,1,47,0.2592221796512604,-104,0.0005455180653370917,0,-631,-2271,0.00014141037536319345,0.00014141038193581958,True,-65624,-67895,True,0.043493542820215225,1787418880,39,2.3666068676920656e-10,1429935104,42,2.3666068676920656e-10,-106
7,21,LEAKY_RELU,1,48,0.2592221796512604,-104,0.0004745018668472767,0,-4030,1248,0.00012300140224397182,0.0001230014081727432,True,-419120,-417872,True,0.043493542820215225,1554730539,39,1.85095182193166e-10,1243784431,42,2.429549852514733e-11,-106
7,21,LEAKY_RELU,1,49,0.2592221796512604,-104,0.0009104546625167131,0,-1349,-544,0.00023601004795636982,0.00023601004209123505,True,-140296,-140840,True,0.043493542820215225,1491576500,38,2.378039014566112e-10,1193261200,41,2.378039414174477e-10,-106
7,21,LEAKY_RELU,1,50,0.2592221796512604,-104,0.00039462820859625936,0,-1821,2615,0.00010229638428427279,0.0001022963843841946,True,-189384,-186769,True,0.043493542820215225,1293020260,39,1.6388853910326275e-10,2068832416,43,1.6388853910326275e-10,-106
7,21,LEAKY_RELU,1,51,0.2592221796512604,-104,0.0006728695589117706,0,-1752,-981,0.00017442271928302944,0.00017442271368209132,True,-182208,-183189,True,0.043493542820215225,1102346403,38,4.4144122058565875e-10,1763754244,42,1.2136709963202157e-11,-106
7,21,LEAKY_RELU,1,52,0.2592221796512604,-104,0.0006019492284394801,0,-2178,-1482,0.00015603858628310263,0.00015603859103547647,True,-226512,-227994,True,0.043493542820215225,1972318580,39,1.971180742035181e-11,1577854864,42,1.9711686537964184e-11,-106
7,21,LEAKY_RELU,1,53,0.2592221796512604,-104,0.0002728284162003547,0,-3480,4012,7.072317384881899e-05,7.072317671825718e-05,True,-361920,-357908,True,0.043493542820215225,1787873558,40,3.828542399656641e-11,1430298846,43,3.1794725899801975e-10,-106
7,21,LEAKY_RELU,1,54,0.2592221796512604,-104,0.0005181562737561762,0,-2790,271,0.0001343175972579047,0.00013431759868305117,True,-290160,-289889,True,0.043493542820215225,1697766519,39,1.2691566989028075e-10,1358213215,42,2.033665063705892e-11,-106
7,21,LEAKY_RELU,1,55,0.2592221796512604,-104,0.00019181318930350244,0,7653,4308,4.972223177901469e-05,4.9722233017113725e-05,True,795912,800220,True,0.043493542820215225,1256972181,40,3.0800227212619353e-10,2011155489,44,9.666290163977581e-12,-106
7,21,LEAKY_RELU,1,56,0.2592221796512604,-104,0.0006232300074771047,0,-2056,-1235,0.00016155504272319376,0.00016155504096228637,True,-213824,-215059,True,0.043493542820215225,2042046181,39,1.9985691783499353e-10,1633636945,42,7.74307246022015e-11,-106
7,21,LEAKY_RELU,1,57,0.2592221796512604,-104,0.00040167832048609853,0,-4350,2167,0.00010412393021397293,0.00010412392975506397,True,-452400,-450233,True,0.043493542820215225,1316120326,39,1.3494272302551542e-10,2105792521,43,1.499857229924918e-10,-106
7,21,LEAKY_RELU,1,58,0.2592221796512604,-104,0.0008584075258113444,0,-1435,-1943,0.00022251826885621995,0.00022251826986986224,True,-149240,-151183,True,0.043493542820215225,1406308898,38,8.199390742049125e-11,1125047118,41,4.375346565968451e-10,-106
7,21,LEAKY_RELU,1,59,0.2592221796512604,-104,0.000927314511500299,0,-430,-3269,0.00024038048286456615,0.00024038048889335126,True,-44720,-47989,True,0.043493542820215225,1519197595,38,1.01086844079102e-10,1215358076,41,1.0108696178198335e-10,-106
7,21,LEAKY_RELU,1,60,0.2592221796512604,-104,0.0005368179408833385,0,-3021,-24,0.00013915511954110116,0.00013915511671168043,True,-314184,-314208,True,0.043493542820215225,1758912461,39,6.530432316740084e-11,1407129969,42,7.682892446272619e-11,-106
7,21,LEAKY_RELU,1,61,0.2592221796512604,-104,0.00029598467517644167,0,-2692,4586,7.672579522477463e-05,7.672579264260751e-05,True,-279968,-275382,True,0.043493542820215225,1939618980,40,7.763647196405346e-12,1551695184,43,7.763647196405346e-12,-106
7,21,LEAKY_RELU,1,62,0.2592221796512604,-104,0.0009072059183381498,0,-1916,-651,0.00023516789951827377,0.00023516789554413851,True,-199264,-199915,True,0.043493542820215225,1486254159,38,2.178991330444174e-11,1189003327,41,1.8999802123852526e-10,-106
7,21,LEAKY_RELU,1,63,0.2592221796512604,-104,0.0012654446763917804,0,-1340,-367,0.000328031339449808,0.00032803132724236114,True,-139360,-139727,True,0.043493542820215225,2073148307,38,2.0759609045049597e-10,1658518645,41,1.5417264362506198e-10,-106
7,21,LEAKY_RELU,1,64,0.2592221796512604,-104,0.0003739911480806768,0,-825,-456,9.694680193206295e-05,9.694680057575032e-05,True,-85800,-86256,True,0.043493542820215225,1225401837,39,2.846432228818549e-10,1960642939,43,1.8263586801971233e-10,-106
7,21,LEAKY_RELU,1,65,0.2592221796512604,-104,0.0003701266832649708,0,-1333,-442,9.594504808774218e-05,9.59450455830374e-05,True,-138632,-139074,True,0.043493542820215225,1212739713,39,2.676401250719139e-10,1940383540,43,1.4464957252850368e-10,-106
7,21,LEAKY_RELU,1,66,0.2592221796512604,-104,0.0005529809277504683,0,-3490,843,0.00014334492152556777,0.00014334492139705252,True,-362960,-362117,True,0.043493542820215225,1811871345,39,1.103409002351755e-11,1449497076,42,1.1034221610442723e-11,-106
7,21,LEAKY_RELU,1,67,0.2592221796512604,-104,0.00242122495546937,0,-1162,-735,0.0006276352214626968,0.0006276352103827959,True,-120848,-121583,True,0.043493542820215225,1983318003,37,1.4368204376538255e-10,1586654402,40,1.0842083541459096e-10,-106
7,21,LEAKY_RELU,1,68,0.2592221796512604,-104,0.0003787769819609821,0,-2054,3744,9.818739636102691e-05,9.818739486565191e-05,True,-213616,-209872,True,0.043493542820215225,1241082875,39,1.9749460637048142e-10,1985732600,43,1.9749467840996318e-10,-106
7,21,LEAKY_RELU,1,69,0.2592221796512604,-104,0.0003091395483352244,0,3104,-4781,8.013582555577159e-05,8.013582753586303e-05,True,322816,318035,True,0.043493542820215225,2025824260,40,2.4295983967593475e-10,1620659408,43,2.4295972198626936e-10,-106
7,21,LEAKY_RELU,1,70,0.2592221796512604,-104,0.0010666144080460072,0,-2011,-1556,0.00027649011462926865,0.0002764901117011248,True,-209144,-210700,True,0.043493542820215225,1747409346,38,2.5759301918149977e-10,1397927476,41,3.1468280259774495e-10,-106
7,21,LEAKY_RELU,1,71,0.2592221796512604,-104,0.0005317059112712741,0,-5480,320,0.00013782996393274516,0.00013782996525319932,True,-569920,-569600,True,0.043493542820215225,1742162625,39,5.659955699460804e-11,1393730100,42,5.659945435554796e-11,-106
7,21,LEAKY_RELU,1,72,0.2592221796512604,-104,0.00047347816871479154,0,-4670,4614,0.00012273604806978256,0.00012273604291153546,True,-485680,-481066,True,0.043493542820215225,1551376337,39,3.059735886462432e-10,1241101070,42,1.6320833614477698e-11,-106
7,21,LEAKY_RELU,1,73,0.2592221796512604,-104,0.0004098955250810832,0,-1976,602,0.00010625401046127081,0.00010625401144081625,True,-205504,-204902,True,0.043493542820215225,1343044433,39,3.0175053613902504e-10,1074435546,42,7.053796591299551e-11,-106
7,21,LEAKY_RELU,1,74,0.2592221796512604,-104,0.0008484714780934155,0,-658,-1414,0.0002199426235165447,0.00021994262592330178,True,-68432,-69846,True,0.043493542820215225,1390030904,38,2.814854671929067e-10,1112024724,41,4.3792295548045695e-10,-106
7,21,LEAKY_RELU,1,75,0.2592221796512604,-104,0.0004680303100030869,0,-2162,-145,0.00012132383562857285,0.00012132383710185528,True,-224848,-224993,True,0.043493542820215225,1533526139,39,2.613215870279648e-10,1226820912,42,3.907702910968681e-10,-106
7,21,LEAKY_RELU,1,76,0.2592221796512604,-104,0.0010367773938924074,0,-2605,-1111,0.0002687556843739003,0.0002687556958579432,True,-270920,-272031,True,0.043493542820215225,1698528066,38,1.7866233022960938e-10,1358822453,41,3.258484887836307e-10,-106
7,21,LEAKY_RELU,1,77,0.2592221796512604,-104,0.0006107441149652004,0,-562,580,0.00015831842029001564,0.0001583184206904592,True,-58448,-57868,True,0.043493542820215225,2001135492,39,1.1250128762895854e-10,1600908394,42,1.3735676702485148e-10,-106
7,21,LEAKY_RELU,1,78,0.2592221796512604,-104,0.0015883403830230236,0,-1329,-1085,0.00041173305362463,0.00041173305611534594,True,-138216,-139301,True,0.043493542820215225,1301070381,37,2.5065599565048215e-10,2081712610,41,5.850651351010284e-11,-106
7,21,LEAKY_RELU,1,79,0.2592221796512604,-104,0.0005961082060821354,0,-2212,-666,0.0001545244740555063,0.00015452446848861386,True,-230048,-230714,True,0.043493542820215225,1953180160,39,1.7673414439938426e-10,1562544128,42,1.7673420543281679e-10,-106
7,21,LEAKY_RELU,1,80,0.2592221796512604,-104,0.0004187978629488498,0,-814,3408,0.00010856169683393091,0.00010856169486689066,True,-84656,-81248,True,0.043493542820215225,1372213415,39,8.659294818017972e-11,1097770732,42,8.659290474331769e-11,-106
7,21,LEAKY_RELU,1,81,0.2592221796512604,-104,0.0010541543597355485,0,-2231,-1464,0.0002732602006290108,0.0002732601908195277,True,-232024,-233488,True,0.043493542820215225,1726996341,38,5.3901212263839516e-11,1381597073,41,1.9866111433449535e-10,-106
7,21,LEAKY_RELU,1,82,0.2592221796512604,-104,0.00040490232640877366,0,-3283,616,0.00010495966125745326,0.0001049596635975484,True,-341432,-340816,True,0.043493542820215225,1326683952,39,1.95426706937525e-10,2122694324,43,1.8145278221752606e-10,-106
7,21,LEAKY_RELU,1,83,0.2592221796512604,-104,0.0006166547536849976,0,-237,-325,0.00015985059144441038,0.00015985058934253615,True,-24648,-24973,True,0.043493542820215225,2020502014,39,2.248287910372896e-10,1616401611,42,1.0109710577627368e-10,-106
7,21,LEAKY_RELU,1,84,0.2592221796512604,-104,0.00046190398279577494,0,-2681,885,0.00011973575601587072,0.00011973575720991905,True,-278824,-277939,True,0.043493542820215225,1513452903,39,2.039557585481787e-10,1210762323,42,2.915998401526538e-10,-106
7,21,LEAKY_RELU,1,85,0.2592221796512604,-104,0.0002898970269598067,0,-5213,2911,7.514774188166484e-05,7.514773920294128e-05,True,-542152,-539241,True,0.043493542820215225,1899725975,40,1.7397315311246766e-10,1519780780,43,1.7397324723863986e-10,-106
7,21,LEAKY_RELU,1,86,0.2592221796512604,-104,0.0002543407026678324,0,-5660,10492,6.593074795091525e-05,6.593075131958864e-05,True,-588640,-578148,True,0.043493542820215225,1666721610,40,1.3818828889483407e-10,1333377288,43,1.3818821737161814e-10,-106
7,21,LEAKY_RELU,1,87,0.2592221796512604,-104,0.0003995474544353783,0,-250,-2600,0.00010357156133977696,0.0001035715620128514,True,-26000,-28600,True,0.043493542820215225,1309138430,39,1.2701740719903103e-10,2094621488,43,1.2701742996386758e-10,-106
7,21,LEAKY_RELU,1,88,0.2592221796512604,-104,0.0005991033394820988,0,-573,-119,0.00015530087694060057,0.00015530087349689865,True,-59592,-59711,True,0.043493542820215225,1962993874,39,9.176095381033035e-11,1570395099,42,3.559559199630715e-11,-106
7,21,LEAKY_RELU,1,89,0.2592221796512604,-104,0.0006597665487788618,0,-1027,984,0.00017102612764574587,0.00017102612283544615,True,-106808,-105824,True,0.043493542820215225,1080880049,38,3.604016234751894e-10,1729408078,42,1.2910855823077278e-10,-106
7,21,LEAKY_RELU,1,90,0.2592221796512604,-104,0.0005188189679756761,0,-2204,-1618,0.00013448938261717558,0.0001344893837230722,True,-229216,-230834,True,0.043493542820215225,1699937872,39,2.646122194928939e-10,1359950297,42,1.765804801732463e-10,-106
7,21,LEAKY_RELU,1,91,0.2592221796512604,-104,0.0003184422675985843,0,-1586,2741,8.25472961878404e-05,8.254729869999495e-05,True,-164944,-162203,True,0.043493542820215225,2086785966,40,7.384239114862146e-11,1669428773,43,1.9364384855331467e-10,-106
7,21,LEAKY_RELU,1,92,0.2592221796512604,-104,0.00043585439561866224,0,346,-2911,0.00011298312892904505,0.00011298312644285238,True,35984,33073,True,0.043493542820215225,1428100049,39,7.53720553273163e-12,1142480039,42,1.8259509379980918e-10,-106
7,21,LEAKY_RELU,1,93,0.2592221796512604,-104,0.0004031261778436601,0,-1216,2664,0.00010449924593558535,0.0001044992464951152,True,-126464,-123800,True,0.043493542820215225,1320864307,39,1.9854762908297076e-10,2113382892,43,1.799923673789094e-10,-106
7,21,LEAKY_RELU,1,94,0.2592221796512604,-104,0.0008038737578317523,0,-2581,-977,0.00020838191267102957,0.00020838190766959627,True,-268424,-269401,True,0.043493542820215225,1316967506,38,1.7761011171759339e-10,2107148010,42,1.2219932544407929e-11,-106
7,21,LEAKY_RELU,1,95,0.2592221796512604,-104,0.0004600831598509103,0,-2569,-825,0.00011926375736948103,0.00011926375951739222,True,-267176,-268001,True,0.043493542820215225,1507486880,39,2.2319526133956078e-10,1205989504,42,2.231953404177213e-10,-106
7,21,LEAKY_RELU,1,96,0.2592221796512604,-104,0.000281161890598014,0,-3565,5794,7.288339838851243e-05,7.28833981156864e-05,True,-370760,-364966,True,0.043493542820215225,1842483700,40,1.8393395876368807e-11,1473986960,43,1.8393331176046327e-11,-106
7,21,LEAKY_RELU,1,97,0.2592221796512604,-104,0.0006504300981760025,0,-3196,188,0.0001686059113126248,0.00016860590775996664,True,-332384,-332196,True,0.043493542820215225,2131168722,39,2.2121456442790873e-10,1704934977,42,1.3070507085622834e-10,-106
7,21,LEAKY_RELU,1,98,0.2592221796512604,-104,0.0005558431148529053,0,-4,-1486,0.00014408686547540128,0.00014408686377631597,True,-416,-1902,True,0.043493542820215225,1821249453,39,5.593913547149101e-11,1456999562,42,2.1859766628532443e-10,-106
7,21,LEAKY_RELU,1,99,0.2592221796512604,-104,0.0006901544984430075,0,-1850,545,0.0001789033558452502,0.00017890335338251878,True,-192400,-191855,True,0.043493542820215225,1130663913,38,1.568214675010892e-10,1809062261,42,4.6267032061678326e-11,-106
7,21,LEAKY_RELU,1,100,0.2592221796512604,-104,0.0005202906322665513,0,-1188,383,0.00013487087562680244,0.0001348708717482678,True,-123552,-123169,True,0.043493542820215225,1704759858,39,1.9359085084408807e-10,1363807886,42,9.970569562511543e-11,-106
7,21,LEAKY_RELU,1,101,0.2592221796512604,-104,0.00044669880298897624,0,-3554,195,0.0001157942388090305,0.00011579423735841136,True,-369616,-369421,True,0.043493542820215225,1463632325,39,3.2596130158277997e-11,1170905860,42,3.2596130158277997e-11,-106
7,21,LEAKY_RELU,1,102,0.2592221796512604,-104,0.0004282050649635494,0,-3416,-1547,0.00011100024858023971,0.00011100025027756082,True,-355264,-356811,True,0.043493542820215225,1403036611,39,2.335837852756999e-10,1122429289,42,5.539879880691214e-11,-106
7,21,LEAKY_RELU,1,103,0.2592221796512604,-104,0.0011111573548987508,0,-2400,-286,0.0002880366228055209,0.00028803663147238326,True,-249600,-249886,True,0.043493542820215225,1820383010,38,1.5533068253413677e-10,1456306408,41,1.5533058430539402e-10,-106
7,21,LEAKY_RELU,1,104,0.2592221796512604,-104,0.00044402581988833845,0,-3557,603,0.0001151013420894742,0.00011510134085289305,True,-369928,-369325,True,0.043493542820215225,1454874154,39,8.152834469278508e-11,1163899323,42,2.5336459492897387e-10,-106
7,21,LEAKY_RELU,1,105,0.2592221796512604,-104,0.0010060433996841311,0,-1769,-3024,0.00026078877272084355,0.0002607887628898846,True,-183976,-187000,True,0.043493542820215225,1648177284,38,2.8913345219803926e-10,1318541828,41,3.1759728642129737e-10,-106
7,21,LEAKY_RELU,1,106,0.2592221796512604,-104,0.000535867060534656,0,-1530,-1884,0.00013890862464904785,0.00013890862743510743,True,-159120,-161004,True,0.043493542820215225,1755796851,39,1.189654898075488e-10,1404637481,42,2.3419935145562177e-11,-106
7,21,LEAKY_RELU,1,107,0.2592221796512604,-104,0.0002008026058319956,0,-2893,4970,5.205248817219399e-05,5.205248916342279e-05,True,-300872,-295902,True,0.043493542820215225,1315880781,40,8.481512878776254e-11,2105409249,44,2.001651860368942e-10,-106
7,21,LEAKY_RELU,1,108,0.2592221796512604,-104,0.001182981301099062,0,-1492,-1153,0.0003066549834329635,0.0003066549913575828,True,-155168,-156321,True,0.043493542820215225,1938050495,38,1.6275494584858395e-10,1550440396,41,1.6275488433868528e-10,-106
7,21,LEAKY_RELU,1,109,0.2592221796512604,-104,0.0007247042958624661,0,-910,-450,0.00018785943393595517,0.00018785942717610034,True,-94640,-95090,True,0.043493542820215225,1187266035,38,1.8601659306841038e-10,1899625656,42,1.860166934749629e-10,-106
7,21,LEAKY_RELU,1,110,0.2592221796512604,-104,0.0003036356356460601,0,-4974,4090,7.870909030316398e-05,7.870909129196763e-05,True,-517296,-513206,True,0.043493542820215225,1989756536,40,1.5158027718596368e-10,1591805229,43,2.7722366978005936e-10,-106
7,21,LEAKY_RELU,1,111,0.2592221796512604,-104,0.0009941301541402936,0,-267,-1666,0.00025770059437491,0.00025770058541329036,True,-27768,-29434,True,0.043493542820215225,1628660094,38,1.8578132765228988e-11,1302928075,41,1.3492235523403923e-10,-106
7,21,LEAKY_RELU,1,112,0.2592221796512604,-104,0.0007251909701153636,0,-2364,-1309,0.00018798558448906988,0.00018798558393671658,True,-245856,-247165,True,0.043493542820215225,1188063342,38,1.8898180277007258e-10,1900901348,42,2.3187115382522207e-10,-106
7,21,LEAKY_RELU,1,113,0.2592221796512604,-104,0.0003072767867706716,0,-1169,1360,7.96529566287063e-05,7.965295842292906e-05,True,-121576,-120216,True,0.043493542820215225,2013617385,40,1.6832140050251644e-10,1610893908,43,1.6832143010329623e-10,-106
7,21,LEAKY_RELU,1,114,0.2592221796512604,-104,0.0010996354976668954,0,-2185,-1109,0.0002850499004125595,0.00028504991052711107,True,-227240,-228349,True,0.043493542820215225,1801507021,38,2.742031928322518e-10,1441205617,41,1.3543055536376886e-10,-106
7,21,LEAKY_RELU,1,115,0.2592221796512604,-104,0.0009725209674797952,0,-2664,-563,0.0002520990092307329,0.000252099004946665,True,-277056,-277619,True,0.043493542820215225,1593258271,38,1.586833697174127e-10,1274606617,41,3.15594527556725e-10,-106
7,21,LEAKY_RELU,1,116,0.2592221796512604,-104,0.0009406778845004737,0,-1015,-1213,0.00024384456628467888,0.00024384457156994936,True,-105560,-106773,True,0.043493542820215225,1541090495,38,2.7891417339450226e-10,1232872396,41,2.7891421207142937e-10,-106
7,21,LEAKY_RELU,1,117,0.2592221796512604,-104,0.0008745776140131056,0,-2320,-928,0.00022670991893392056,0.00022670991537867592,True,-241280,-242208,True,0.043493542820215225,1432799974,38,1.2348578361230812e-11,1146239979,41,1.8683215188030572e-10,-106
7,21,LEAKY_RELU,1,118,0.2592221796512604,-104,0.00042338628554716706,0,-2947,2268,0.0001097511121770367,0.00010975111577398756,True,-306488,-304220,True,0.043493542820215225,1387247625,39,4.5324613865712125e-11,1109798100,42,4.532452793347666e-11,-106
7,21,LEAKY_RELU,1,119,0.2592221796512604,-104,0.0004732721426989883,0,-2775,1362,0.00012268264254089445,0.0001226826363986541,True,-288600,-287238,True,0.043493542820215225,1550701282,39,1.9627704503951474e-10,1240561026,42,1.2615767923719912e-10,-106
7,21,LEAKY_RELU,1,120,0.2592221796512604,-104,0.00040117630851455033,0,-857,4346,0.00010399379971204326,0.00010399379711758822,True,-89128,-84782,True,0.043493542820215225,1314475457,39,2.568094457781865e-11,2103160731,43,6.941406761292999e-11,-106
7,21,LEAKY_RELU,1,121,0.2592221796512604,-104,0.0005570419016294181,0,-3192,638,0.00014439762162510306,0.00014439761589746074,True,-331968,-331330,True,0.043493542820215225,1825177341,39,2.0061202637660048e-10,1460141873,42,6.363916575896038e-11,-106
7,21,LEAKY_RELU,1,122,0.2592221796512604,-104,0.0011112146312370896,0,-1756,-1571,0.0002880514657590538,0.0002880514787696499,True,-182624,-184195,True,0.043493542820215225,1820476844,38,1.086291033600574e-10,1456381475,41,2.45955859045381e-10,-106
7,21,LEAKY_RELU,1,123,0.2592221796512604,-104,0.0004796747525688261,0,2990,-3077,0.00012434233212843537,0.0001243423348845701,True,310960,307883,True,0.043493542820215225,1571679773,39,1.2521512939375326e-10,1257343819,42,3.51981201548755e-10,-106
7,21,LEAKY_RELU,1,124,0.2592221796512604,-104,0.0006513439584523439,0,-2499,-362,0.0001688428019406274,0.00016884280061269658,True,-259896,-260258,True,0.043493542820215225,2134163033,39,9.541254077905487e-11,1707330427,42,2.560132541235578e-10,-106
7,21,LEAKY_RELU,1,125,0.2592221796512604,-104,0.00048576894914731383,0,2,-1393,0.00012592208804562688,0.00012592208580486895,True,208,-1185,True,0.043493542820215225,1591647732,39,2.6449662945438815e-10,1273318185,42,2.0671323961962e-10,-106
7,21,LEAKY_RELU,1,126,0.2592221796512604,-104,0.00036333088064566255,0,-628,-4380,9.418342233402655e-05,9.418342281558058e-05,True,-65312,-69692,True,0.043493542820215225,1190472905,39,1.0016592013995619e-10,1904756648,43,1.0016587007191638e-10,-106
7,21,LEAKY_RELU,1,127,0.2592221796512604,-104,0.000369425630196929,0,-1385,-1168,9.576331649441272e-05,9.57633170786884e-05,True,-144040,-145208,True,0.043493542820215225,1210442675,39,8.890607669234884e-11,1936708280,43,8.890610131335981e-11,-106
7,21,LEAKY_RELU,1,128,0.2592221796512604,-104,0.00055085145868361,0,-2984,784,0.0001427929091732949,0.00014279291578404157,True,-310336,-309552,True,0.043493542820215225,1804894027,39,1.9080946806542788e-10,1443915221,42,2.2472749296250145e-10,-106
7,21,LEAKY_RELU,1,129,0.2592221796512604,-104,0.0008005010895431042,0,-2815,-630,0.0002075076336041093,0.00020750763724457222,True,-292760,-293390,True,0.043493542820215225,1311442143,38,3.721093749347501e-11,2098307429,42,1.3252585525165122e-10,-106
7,21,LEAKY_RELU,1,130,0.2592221796512604,-104,0.0013022186467424035,0,-1314,-1554,0.00033756394986994565,0.0003375639559910805,True,-136656,-138210,True,0.043493542820215225,2133394239,38,4.0761819533359907e-11,1706715391,41,7.642233491873733e-11,-106
7,21,LEAKY_RELU,1,131,0.2592221796512604,-104,0.0004871938726864755,0,-1607,-2211,0.00012629145930986851,0.00012629145759052683,True,-167128,-169339,True,0.043493542820215225,1596316569,39,9.162344483794216e-11,1277053255,42,2.482339848974898e-10,-106
7,21,LEAKY_RELU,1,132,0.2592221796512604,-104,0.0003747765440493822,0,-2762,-1106,9.715039050206542e-05,9.715039263064745e-05,True,-287248,-288354,True,0.043493542820215225,1227975228,39,1.6886278257221366e-10,1964760365,43,6.706919819960434e-11,-106
7,21,LEAKY_RELU,1,133,0.2592221796512604,-104,0.000654467788990587,0,-2570,325,0.00016965257236734033,0.0001696525667736811,True,-267280,-266955,True,0.043493542820215225,2144398430,39,1.4961243758780164e-10,1715518744,42,1.4961238199678465e-10,-106
7,21,LEAKY_RELU,1,134,0.2592221796512604,-104,0.0008083892171271145,0,1673,-3973,0.00020955241052433848,0.00020955241487026662,True,173992,170019,True,0.043493542820215225,1324365077,38,1.4760936745925693e-10,2118984124,42,2.2992994507647054e-10,-106
7,21,LEAKY_RELU,1,135,0.2592221796512604,-104,0.00037276980583555996,0,-3083,815,9.663020318839699e-05,9.663020157687097e-05,True,-320632,-319817,True,0.043493542820215225,1221400044,39,5.130664571302096e-12,1954240070,43,1.9955257613977503e-10,-106
7,21,LEAKY_RELU,1,136,0.2592221796512604,-104,0.0004052966251038015,0,-1492,980,0.00010506187391001731,0.00010506187456470716,True,-155168,-154188,True,0.043493542820215225,1327975893,39,1.123560768702807e-10,2124761429,43,2.0648424671756249e-10,-106
7,21,LEAKY_RELU,1,137,0.2592221796512604,-104,0.0002426749124424532,0,-2956,2523,6.290672172326595e-05,6.290671975001149e-05,True,-307424,-304901,True,0.043493542820215225,1590274449,40,1.8928037729361853e-10,1272219559,43,3.2074695583483454e-11,-106
7,21,LEAKY_RELU,1,138,0.2592221796512604,-104,0.00036225293297320604,0,-609,-1863,9.390399645781144e-05,9.39039948703764e-05,True,-63336,-65199,True,0.043493542820215225,1186940952,39,1.2434719916538055e-10,1899105523,43,2.2966003632305082e-10,-106
7,21,LEAKY_RELU,1,139,0.2592221796512604,-104,0.0016410666285082698,0,-1534,-898,0.0004254008817952126,0.0004254008683948589,True,-159536,-160434,True,0.043493542820215225,1344260466,37,3.211392113340793e-10,1075408373,40,1.3516348160836339e-10,-106
7,21,LEAKY_RELU,1,140,0.2592221796512604,-104,0.0005050768377259374,0,-4066,-313,0.00013092711742501706,0.00013092711876668342,True,-422864,-423177,True,0.043493542820215225,1654911053,39,1.349592280125554e-10,1323928842,42,1.6717192155890978e-10,-106
7,21,LEAKY_RELU,1,141,0.2592221796512604,-104,0.000486790610011667,0,-1732,1337,0.00012618691835086793,0.00012618692296099097,True,-180128,-178791,True,0.043493542820215225,1594995258,39,2.5112845609383845e-10,1275996206,42,6.235206243001002e-11,-106
7,21,LEAKY_RELU,1,142,0.2592221796512604,-104,0.0003073949774261564,0,-229,4088,7.968359568621963e-05,7.968359606225824e-05,True,-23816,-19728,True,0.043493542820215225,2014391901,40,1.212213744955397e-10,1611513521,43,2.8855581453171644e-12,-106
7,21,LEAKY_RELU,1,143,0.2592221796512604,-104,0.0006805052980780602,0,-2488,-1833,0.0001764020707923919,0.0001764020666320254,True,-258752,-260585,True,0.043493542820215225,1114855855,38,2.3516650244628197e-10,1783769368,42,2.3516644898228974e-10,-106
7,21,LEAKY_RELU,1,144,0.2592221796512604,-104,0.0002820366353262216,0,-4025,6314,7.311015360755846e-05,7.311015135077082e-05,True,-418600,-412286,True,0.043493542820215225,1848215995,40,1.1238806461740896e-11,1478572796,43,1.1238741962088324e-11,-106
7,21,LEAKY_RELU,1,145,0.2592221796512604,-104,0.00023318266903515905,0,6312,-8050,6.044612018740736e-05,6.044611972419239e-05,True,656448,648398,True,0.043493542820215225,1528070771,40,3.027034597838473e-10,1222456616,43,3.517164530083061e-10,-106
7,21,LEAKY_RELU,1,146,0.2592221796512604,-104,0.00047180906403809786,0,-444,-1999,0.00012230337597429752,0.00012230337395917681,True,-46176,-48175,True,0.043493542820215225,1545907427,39,2.954093636973479e-10,1236725942,42,2.8025306920183285e-11,-106
7,21,LEAKY_RELU,1,147,0.2592221796512604,-104,0.000483435025671497,0,4269,-8674,0.0001253170776180923,0.00012531708107432846,True,443976,435302,True,0.043493542820215225,1584000507,39,3.140892843149384e-10,1267200406,42,1.5670673209522518e-12,-106
7,21,LEAKY_RELU,1,148,0.2592221796512604,-104,0.0005267151282168925,0,-2941,-289,0.00013653624046128243,0.00013653624359167595,True,-305864,-306153,True,0.043493542820215225,1725810059,39,2.7014306003544127e-10,1380648048,42,3.0929494643014283e-10,-106
7,21,LEAKY_RELU,1,149,0.2592221796512604,-104,0.0013788430951535702,0,-2002,-1848,0.0003574267029762268,0.0003574267125227987,True,-208208,-210056,True,0.043493542820215225,1129463137,37,1.8183730454356788e-11,1807141019,41,9.24883716373804e-11,-106
7,21,LEAKY_RELU,1,150,0.2592221796512604,-104,0.001299703260883689,0,-1517,-961,0.000336911907652393,0.00033691191218612054,True,-157768,-158729,True,0.043493542820215225,2129273341,38,1.45722458273956e-10,1703418673,41,2.831151100395522e-11,-106
7,21,LEAKY_RELU,1,151,0.2592221796512604,-104,0.0008984790765680373,0,-1948,-1795,0.00023290570243261755,0.00023290570459901828,True,-202592,-204387,True,0.043493542820215225,1471957179,38,1.7744235846491778e-11,1177565743,41,1.8758617361947145e-10,-106
7,21,LEAKY_RELU,1,152,0.2592221796512604,-104,0.0011662524193525314,0,-2007,-1307,0.0003023184835910797,0.00030231849416811896,True,-208728,-210035,True,0.043493542820215225,1910643960,38,2.2802254528231092e-10,1528515168,41,2.2802260767451584e-10,-106
7,21,LEAKY_RELU,1,153,0.2592221796512604,-104,0.0004231890488881618,0,-4123,-1098,0.00010969998402288184,0.00010969998765733308,True,-428792,-429890,True,0.043493542820215225,1386601369,39,3.1686977428790435e-10,1109281095,42,1.3657277958339224e-10,-106
7,21,LEAKY_RELU,1,154,0.2592221796512604,-104,0.0006570867844857275,0,-2390,-1420,0.00017033146286848933,0.00017033146849442828,True,-248560,-249980,True,0.043493542820215225,1076489854,38,2.9965411599241736e-10,1722383766,42,6.741783513387662e-11,-106
7,21,LEAKY_RELU,1,155,0.2592221796512604,-104,0.0004932821611873806,0,-3500,-643,0.0001278696727240458,0.00012786967700607714,True,-364000,-364643,True,0.043493542820215225,1616265169,39,2.4677717658553895e-10,1293012136,42,3.719331804358483e-10,-106
7,21,LEAKY_RELU,1,156,0.2592221796512604,-104,0.0003945879579987377,0,-2478,-762,0.00010228595056105405,0.00010228595053657277,True,-257712,-258474,True,0.043493542820215225,1292888377,39,4.744441447750832e-12,2068621403,43,9.193830566661437e-11,-106
7,21,LEAKY_RELU,1,157,0.2592221796512604,-104,0.0005470213363878429,0,-3153,302,0.0001418000611010939,0.00014180006313420195,True,-327912,-327610,True,0.043493542820215225,1792344428,39,1.2929434447614563e-10,1433875542,42,1.4967002792472993e-10,-106
7,21,LEAKY_RELU,1,158,0.2592221796512604,-104,0.00043441992602311075,0,-587,-2432,0.00011261127656325698,0.00011261128010765006,True,-61048,-63480,True,0.043493542820215225,1423399933,39,1.9906277294483912e-10,1138719947,42,3.278446146825693e-10,-106
7,21,LEAKY_RELU,1,159,0.2592221796512604,-104,0.00042391629540361464,0,-3017,670,0.00010988850408466533,0.00010988850608421256,True,-313768,-313098,True,0.043493542820215225,1388984230,39,2.508454552134266e-10,1111187384,42,2.5084549812582507e-10,-106
7,21,LEAKY_RELU,1,160,0.2592221796512604,-104,0.0006345574511215091,0,-2718,-487,0.0001644913718337193,0.0001644913655936657,True,-282672,-283159,True,0.043493542820215225,2079161151,39,2.028945387892934e-10,1663328921,42,8.265382487680932e-11,-106
7,21,LEAKY_RELU,1,161,0.2592221796512604,-104,0.00046310480684041977,0,-3537,1500,0.00012004703603452072,0.00012004703743614953,True,-367848,-366348,True,0.043493542820215225,1517387467,39,4.073292668532422e-12,1213909974,42,3.335870592447272e-10,-106
7,21,LEAKY_RELU,1,162,0.2592221796512604,-104,0.00035732873948290944,0,1490,-5181,9.262753155780956e-05,9.262753470079717e-05,True,154960,149779,True,0.043493542820215225,1170806571,39,4.1281330301009284e-11,1873290514,43,2.5480931724634215e-10,-106
7,21,LEAKY_RELU,1,163,0.2592221796512604,-104,0.0004987711436115205,0,-2844,-829,0.0001292925444431603,0.00012929254299413016,True,-295776,-296605,True,0.043493542820215225,1634250111,39,3.0483233849433e-10,1307400089,42,1.5185697796593663e-10,-106
7,21,LEAKY_RELU,1,164,0.2592221796512604,-104,0.00042918696999549866,0,-3233,2349,0.00011125478340545669,0.00011125478184015325,True,-336232,-333883,True,0.043493542820215225,1406253875,39,1.808159825673445e-10,1125003100,42,1.8081594018193614e-10,-106
7,21,LEAKY_RELU,1,165,0.2592221796512604,-104,0.0003825202875304967,0,-3050,461,9.915773989632726e-05,9.91577426944822e-05,True,-317200,-316739,True,0.043493542820215225,1253348015,39,3.80321750130816e-10,2005356823,43,1.1834264520077392e-10,-106
7,21,LEAKY_RELU,1,166,0.2592221796512604,-104,0.0009651785367168486,0,-1376,-1471,0.00025019567692652345,0.00025019568404035554,True,-143104,-144575,True,0.043493542820215225,1581229339,38,1.3001909631026754e-10,1264983471,41,2.8085698650066795e-11,-106
7,21,LEAKY_RELU,1,167,0.2592221796512604,-104,0.0008168425993062556,0,-1483,-1910,0.00021174372523091733,0.00021174371902416868,True,-154232,-156142,True,0.043493542820215225,1338214055,38,1.6930944220287986e-10,2141142488,42,1.693093531219969e-10,-106
7,21,LEAKY_RELU,1,168,0.2592221796512604,-104,0.0002318929909961298,0,6389,4033,6.0111808124929667e-05,6.011180657186687e-05,True,664456,668489,True,0.043493542820215225,1519619374,40,3.1936903704336245e-10,1215695499,43,1.5485419552937327e-10,-106
7,21,LEAKY_RELU,1,169,0.2592221796512604,-104,0.000427108199801296,0,-3998,931,0.00011071591870859265,0.00011071591849941796,True,-415792,-414861,True,0.043493542820215225,1399442674,39,3.113277908079692e-10,1119554140,42,4.032422587221467e-10,-106
7,21,LEAKY_RELU,1,170,0.2592221796512604,-104,0.00036360204103402793,0,-3976,670,9.425371536053717e-05,9.425371360248774e-05,True,-413504,-412834,True,0.043493542820215225,1191361376,39,2.3343084315766093e-10,1906178202,43,2.3586973976902168e-11,-106
7,21,LEAKY_RELU,1,171,0.2592221796512604,-104,0.0005617145798169076,0,-2827,-50,0.00014560887939296663,0.00014560887772203067,True,-294008,-294058,True,0.043493542820215225,1840487619,39,1.7914922337967264e-10,1472390095,42,3.1498279127460163e-10,-106
7,21,LEAKY_RELU,1,172,0.2592221796512604,-104,0.0004913675365969539,0,-2788,-1979,0.00012737336510326713,0.00012737336384653283,True,-289952,-291931,True,0.043493542820215225,1609991800,39,2.228888910819903e-10,1287993440,42,2.2288900214711143e-10,-106
7,21,LEAKY_RELU,1,173,0.2592221796512604,-104,0.0003516065189614892,0,-2146,142,9.114421118283644e-05,9.114420822478944e-05,True,-223184,-223042,True,0.043493542820215225,1152057412,39,1.2716513919388351e-10,1843291859,43,1.8663550368082504e-11,-106
7,21,LEAKY_RELU,1,174,0.2592221796512604,-104,0.00036760547664016485,0,-6422,3906,9.529149247100577e-05,9.529149290640401e-05,True,-667888,-663982,True,0.043493542820215225,1204478845,39,3.4954895564197063e-10,1927166153,43,1.6934758867597026e-10,-106
7,21,LEAKY_RELU,1,175,0.2592221796512604,-104,0.0005730845150537789,0,-2373,-3243,0.00014855622430332005,0.0001485562171166261,True,-246792,-250035,True,0.043493542820215225,1877741815,39,1.5993775872219072e-10,1502193452,42,1.5993779046491717e-10,-106
7,21,LEAKY_RELU,1,176,0.2592221796512604,-104,0.000612126023042947,0,-971,-2151,0.00015867664478719234,0.00015867664191445037,True,-100984,-103135,True,0.043493542820215225,2005663387,39,1.7505903877690027e-10,1604530710,42,7.423494761152262e-11,-106
7,21,LEAKY_RELU,1,177,0.2592221796512604,-104,0.00042764737736433744,0,-1385,1331,0.0001108556825784035,0.00011085568528252862,True,-144040,-142709,True,0.043493542820215225,1401209318,39,2.3121275755250258e-10,1120967455,42,3.040390931044746e-10,-106
7,21,LEAKY_RELU,1,178,0.2592221796512604,-104,0.0004725803737528622,0,-869,-2322,0.00012250331928953528,0.00012250331454462422,True,-90376,-92698,True,0.043493542820215225,1548434665,39,2.2310684669929427e-10,1238747732,42,2.2310688519277814e-10,-106
7,21,LEAKY_RELU,1,179,0.2592221796512604,-104,0.0012505248887464404,0,-1541,-1564,0.0003241637896280736,0.00032416378736900217,True,-160264,-161828,True,0.043493542820215225,2048705569,38,1.378558847904621e-10,1638964455,41,1.5827612979548716e-11,-106
7,21,LEAKY_RELU,1,180,0.2592221796512604,-104,0.000282531778793782,0,-191,-5050,7.323850149987265e-05,7.323850351967191e-05,True,-19864,-24914,True,0.043493542820215225,1851460723,40,1.8570722435426548e-10,1481168578,43,8.434984652289965e-11,-106
7,21,LEAKY_RELU,1,181,0.2592221796512604,-104,0.0002507209428586066,0,2530,-2931,6.499242590507492e-05,6.49924292920271e-05,True,263120,260189,True,0.043493542820215225,1643000940,40,1.8962465006261348e-10,1314400752,43,1.8962465006261348e-10,-106
7,21,LEAKY_RELU,1,182,0.2592221796512604,-104,0.0004979494260624051,0,-3571,596,0.00012907953350804746,0.00012907953557999077,True,-371384,-370788,True,0.043493542820215225,1631557710,39,2.1878657246952717e-10,1305246168,42,2.1878660900188173e-10,-106
7,21,LEAKY_RELU,1,183,0.2592221796512604,-104,0.00042930315248668194,0,-2827,988,0.0001112848985940218,0.00011128489891875509,True,-294008,-293020,True,0.043493542820215225,1406634553,39,2.488450163944435e-10,1125307643,42,2.843424690182808e-10,-106
7,21,LEAKY_RELU,1,184,0.2592221796512604,-104,0.00041968683945015073,0,-3136,1133,0.00010879213368752971,0.00010879213729321664,True,-326144,-325011,True,0.043493542820215225,1375126194,39,3.292346846881975e-10,1100100955,42,1.474331880887453e-10,-106
7,21,LEAKY_RELU,1,185,0.2592221796512604,-104,0.000447357859229669,0,-2493,-1387,0.00011596507829381153,0.0001159650793536365,True,-259272,-260659,True,0.043493542820215225,1465791758,39,1.4817640236384806e-10,1172633406,42,1.9293625334217327e-10,-106
7,21,LEAKY_RELU,1,186,0.2592221796512604,-104,0.0006024317699484527,0,-3196,-516,0.00015616367454640567,0.00015616367649720457,True,-332384,-332900,True,0.043493542820215225,1973899653,39,9.435369519192227e-11,1579119722,42,1.5895198794514085e-10,-106
7,21,LEAKY_RELU,1,187,0.2592221796512604,-104,0.000736270216293633,0,-1495,-1489,0.0001908575650304556,0.00019085757027994046,True,-155480,-156969,True,0.043493542820215225,1206214211,38,1.236461106599065e-10,1929942738,42,8.361389994758426e-11,-106
7,21,LEAKY_RELU,1,188,0.2592221796512604,-104,0.00038081995444372296,0,-4126,1926,9.871697693597525e-05,9.871697864559555e-05,True,-429104,-427178,True,0.043493542820215225,1247776783,39,2.961485940280123e-11,1996442853,43,1.2979298589312002e-10,-106
7,21,LEAKY_RELU,1,189,0.2592221796512604,-104,0.0005484268767759204,0,-500,-32,0.00014216441195458174,0.00014216441037718727,True,-52000,-52032,True,0.043493542820215225,1796949755,39,2.2967568915240176e-10,1437559804,42,2.2967568915240176e-10,-106
7,21,LEAKY_RELU,1,190,0.2592221796512604,-104,0.00038596472586505115,0,-1665,769,0.00010005061631090939,0.00010005061750723975,True,-173160,-172391,True,0.043493542820215225,1264633899,39,3.570202721599266e-10,2023414239,43,6.049183752308924e-11,-106
7,21,LEAKY_RELU,1,191,0.2592221796512604,-104,0.0004720218712463975,0,-2845,-1842,0.00012235854228492826,0.00012235853830755775,True,-295880,-297722,True,0.043493542820215225,1546604702,39,2.8194630114865237e-10,1237283761,42,2.0298699722479931e-10,-106
7,21,LEAKY_RELU,1,192,0.2592221796512604,-104,0.0006969811511225998,0,-1583,-1236,0.0001806729706004262,0.00018067297316984483,True,-164632,-165868,True,0.043493542820215225,1141847858,38,3.672385896110234e-12,1826956573,42,1.057992911962165e-10,-106
7,21,LEAKY_RELU,1,193,0.2592221796512604,-104,0.0005327889230102301,0,-2898,-458,0.0001381106994813308,0.0001381107059167594,True,-301392,-301850,True,0.043493542820215225,1745711170,39,1.8163795779739328e-10,1396568936,42,1.8163799194086774e-10,-106
7,21,LEAKY_RELU,1,194,0.2592221796512604,-104,0.0003934939450118691,0,-2933,-5028,0.00010200235556112602,0.0001020023581055499,True,-305032,-310060,True,0.043493542820215225,1289303785,39,3.1472694880935816e-10,2062886057,43,1.7003073023238024e-10,-106
7,21,LEAKY_RELU,1,195,0.2592221796512604,-104,0.0006510001257993281,0,-832,-2753,0.00016875367145985365,0.00016875367156294653,True,-86528,-89281,True,0.043493542820215225,2133036447,39,1.2936552128310976e-10,1706429158,42,1.0504210013308315e-10,-106
7,21,LEAKY_RELU,1,196,0.2592221796512604,-104,0.0004970143199898303,0,-2888,1175,0.00012883714225608855,0.0001288371353456528,True,-300352,-299177,True,0.043493542820215225,1628493786,39,1.8209568463186938e-10,1302795029,42,3.3561166570641397e-10,-106
7,21,LEAKY_RELU,1,197,0.2592221796512604,-104,0.0006088829250074923,0,-1242,-2560,0.00015783596609253436,0.00015783595897287707,True,-129168,-131728,True,0.043493542820215225,1995037205,39,2.0355810620628943e-10,1596029764,42,2.0355801657691612e-10,-106
7,21,LEAKY_RELU,1,198,0.2592221796512604,-104,0.0003789205802604556,0,-4126,-622,9.822462016018108e-05,9.822461872983565e-05,True,-429104,-429726,True,0.043493542820215225,1241553383,39,2.4878518718541943e-10,1986485412,43,1.5393611901909402e-10,-106
7,21,LEAKY_RELU,1,199,0.2592221796512604,-104,0.0006970311515033245,0,-389,-2310,0.00018068593635689467,0.00018068593437751967,True,-40456,-42766,True,0.043493542820215225,1141929772,38,3.97710822714275e-10,1827087636,42,4.014439627915487e-11,-106
7,21,LEAKY_RELU,1,200,0.2592221796512604,-104,0.0004368188383523375,0,1164,-4391,0.0001132331308326684,0.00011323313139042449,True,121056,116665,True,0.043493542820215225,1431260097,39,1.462676211879567e-10,1145008077,42,3.7774627432668575e-10,-106
7,21,LEAKY_RELU,1,201,0.2592221796512604,-104,0.0002876326034311205,0,-1026,4101,7.45607540011406e-05,7.456075040018165e-05,True,-106704,-102603,True,0.043493542820215225,1884886968,40,1.6186632458729589e-10,1507909574,43,1.0340160297236771e-10,-106
7,21,LEAKY_RELU,1,202,0.2592221796512604,-104,0.0002776024048216641,0,1226,5644,7.196069782366976e-05,7.196070045430332e-05,True,127504,133148,True,0.043493542820215225,1819158012,40,9.511668730253937e-12,1455326410,43,2.653406628885949e-10,-106
7,21,LEAKY_RELU,1,203,0.2592221796512604,-104,0.00035820831544697285,0,-2480,690,9.285553824156523e-05,9.285554029937054e-05,True,-257920,-257230,True,0.043493542820215225,1173688548,39,2.2050287452206262e-10,1877901677,43,1.1400102598188487e-10,-106
7,21,LEAKY_RELU,1,204,0.2592221796512604,-104,0.00035712929093278944,0,-2274,-3827,9.257583587896079e-05,9.257583321290678e-05,True,-236496,-240323,True,0.043493542820215225,1170153067,39,1.680083024053774e-10,1872244908,43,2.5928614702157837e-10,-106
7,21,LEAKY_RELU,1,205,0.2592221796512604,-104,0.0003452595556154847,0,-940,1037,8.949893526732922e-05,8.94989345520715e-05,True,-97760,-96723,True,0.043493542820215225,1131261250,39,2.2239274218407145e-10,1810018000,43,2.2239266315107426e-10,-106
7,21,LEAKY_RELU,1,206,0.2592221796512604,-104,0.0006403516745194793,0,-110,349,0.00016599336231593043,0.00016599335681227387,True,-11440,-11091,True,0.043493542820215225,2098146232,39,1.1212891991360209e-10,1678516985,42,2.4532959611545406e-10,-106
7,21,LEAKY_RELU,1,207,0.2592221796512604,-104,0.0002679462777450681,0,-4245,-832,6.945761560928077e-05,6.945761814651855e-05,True,-441480,-442312,True,0.043493542820215225,1755880387,40,1.2358527547613018e-10,1404704309,43,3.035508812037092e-10,-106
7,21,LEAKY_RELU,1,208,0.2592221796512604,-104,0.00043870104127563536,0,-748,185,0.0001137210419983603,0.00011372104013474774,True,-77792,-77607,True,0.043493542820215225,1437427235,39,3.3506580224532373e-10,1149941788,42,3.35065760779124e-10,-106
7,21,LEAKY_RELU,1,209,0.2592221796512604,-104,0.00044626343878917396,0,-4755,1451,0.0001156813814304769,0.00011568138130159649,True,-494520,-493069,True,0.043493542820215225,1462205831,39,1.0347034832394789e-10,1169764665,42,6.75041718627984e-11,-106
7,21,LEAKY_RELU,1,210,0.2592221796512604,-104,0.000509357952978462,0,-2790,382,0.00013203687558416277,0.0001320368787937811,True,-290160,-289778,True,0.043493542820215225,1668938354,39,6.995965206082163e-12,1335150683,42,1.5679189877846462e-10,-106
7,21,LEAKY_RELU,1,211,0.2592221796512604,-104,0.0003305525751784444,0,-1956,707,8.568655903218314e-05,8.568655902709346e-05,True,-203424,-202717,True,0.043493542820215225,1083073048,39,1.3995679553650014e-10,1732916877,43,2.4544533356804328e-11,-106
7,21,LEAKY_RELU,1,212,0.2592221796512604,-104,0.0004966541891917586,0,-2272,-813,0.00012874377716798335,0.00012874378145521712,True,-236288,-237101,True,0.043493542820215225,1627313798,39,2.3900406470029464e-11,1301851038,42,3.3115533137541276e-10,-106
7,21,LEAKY_RELU,1,213,0.2592221796512604,-104,0.0003476476122159511,0,-3126,121,9.011797374114394e-05,9.011797178917497e-05,True,-325104,-324983,True,0.043493542820215225,1139085844,39,1.0135228379933447e-10,1822537350,43,1.1812198246822214e-10,-106
7,21,LEAKY_RELU,1,214,0.2592221796512604,-104,0.0005458699888549745,0,-1841,-1037,0.00014150160131976008,0.0001415016083171957,True,-191464,-192501,True,0.043493542820215225,1788571976,39,2.787965462790605e-10,1430857581,42,1.3902036457301218e-10,-106
7,21,LEAKY_RELU,1,215,0.2592221796512604,-104,0.00043568044202402234,0,-3728,-975,0.00011293803254375234,0.00011293803381289165,True,-387712,-388687,True,0.043493542820215225,1427530081,39,1.1921880264162727e-10,1142024065,42,2.943463772881717e-10,-106
7,21,LEAKY_RELU,1,216,0.2592221796512604,-104,0.0009798924438655376,0,-2406,-1536,0.0002540098503232002,0.00025400985512262497,True,-250224,-251760,True,0.043493542820215225,1605334787,38,2.877363104776315e-10,1284267830,41,2.372512715882977e-11,-106
7,21,LEAKY_RELU,1,217,0.2592221796512604,-104,0.0005059040267951787,0,-1299,498,0.00013114153989590704,0.00013114154452019584,True,-135096,-134598,True,0.043493542820215225,1657621382,39,2.148762877002282e-10,1326097105,42,2.37579301923556e-10,-106
7,21,LEAKY_RELU,1,218,0.2592221796512604,-104,0.0003428442287258804,0,-3550,456,8.887283183867112e-05,8.887282825117797e-05,True,-369200,-368744,True,0.043493542820215225,1123347303,39,5.6305632223545247e-11,1797355685,43,5.496894836176266e-11,-106
7,21,LEAKY_RELU,1,219,0.2592221796512604,-104,0.000663922110106796,0,-2617,-784,0.00017210333317052573,0.00017210333650054775,True,-272168,-272952,True,0.043493542820215225,1087688007,38,1.6615636888153783e-10,1740300811,42,2.8107911196754994e-10,-106
7,21,LEAKY_RELU,1,220,0.2592221796512604,-104,0.0003899464791174978,0,-1419,1279,0.00010108277638209984,0.00010108277626417247,True,-147576,-146297,True,0.043493542820215225,1277680325,39,1.661795808269567e-10,2044288520,43,1.6617960415229232e-10,-106
7,21,LEAKY_RELU,1,221,0.2592221796512604,-104,0.0005099095869809389,0,-1310,-945,0.00013217987725511193,0.00013217987456227293,True,-136240,-137185,True,0.043493542820215225,1670745812,39,5.0626348242840404e-11,1336596650,42,2.48641091226134e-10,-106
7,21,LEAKY_RELU,1,222,0.2592221796512604,-104,0.0004302744928281754,0,-1649,124,0.00011153669038321823,0.00011153669187926023,True,-171496,-171372,True,0.043493542820215225,1409817202,39,3.490858295201405e-10,1127853761,42,1.8289815961815402e-10,-106
7,21,LEAKY_RELU,1,223,0.2592221796512604,-104,0.000762724201194942,0,-3007,-1516,0.0001977150241145864,0.00019771502990651932,True,-312728,-314244,True,0.043493542820215225,1249553154,38,3.2309847913556235e-10,1999285046,42,1.2302695814384738e-10,-106
7,21,LEAKY_RELU,1,224,0.2592221796512604,-104,0.0005546098109334707,0,-2877,-258,0.00014376715989783406,0.0001437671640461477,True,-299208,-299466,True,0.043493542820215225,1817208467,39,9.916104206107812e-11,1453766774,42,1.7598622333286785e-10,-106
7,21,LEAKY_RELU,1,225,0.2592221796512604,-104,0.0005989799392409623,0,-815,2633,0.00015526889183092862,0.00015526888541742175,True,-84760,-82127,True,0.043493542820215225,1962589546,39,1.9540247459284736e-10,1570071637,42,6.801984298414159e-11,-106
7,21,LEAKY_RELU,1,226,0.2592221796512604,-104,0.000616943696513772,0,-719,791,0.0001599254901520908,0.00015992548973240567,True,-74776,-73985,True,0.043493542820215225,2021448750,39,2.5934088532201666e-11,1617159000,42,2.5934206476611132e-11,-106
7,21,LEAKY_RELU,1,227,0.2592221796512604,-104,0.0011893657501786947,0,-1349,-152,0.00030830997275188565,0.00030830998216387767,True,-140296,-140448,True,0.043493542820215225,1948509988,38,1.3624441541145428e-10,1558807990,41,1.2036191616877789e-10,-106
7,21,LEAKY_RELU,1,228,0.2592221796512604,-104,0.0004937078920193017,0,-2815,575,0.00012798003444913775,0.00012798003588027247,True,-292760,-292185,True,0.043493542820215225,1617660099,39,3.360728135214246e-11,1294128079,42,1.8815149008062776e-10,-106
7,21,LEAKY_RELU,1,229,0.2592221796512604,-104,0.0004946184926666319,0,-2438,1372,0.00012821608106605709,0.00012821608376486528,True,-253552,-252180,True,0.043493542820215225,1620643730,39,2.3574630195251077e-10,1296514984,42,2.3574644906601547e-10,-106
7,21,LEAKY_RELU,1,230,0.2592221796512604,-104,0.0005888794548809528,0,-2471,-2926,0.00015265060937963426,0.00015265061584608663,True,-256984,-259910,True,0.043493542820215225,1929494774,39,2.30941177190628e-10,1543595819,42,1.0137358082991596e-10,-106
7,21,LEAKY_RELU,1,231,0.2592221796512604,-104,0.0006466687191277742,0,653,3214,0.00016763087478466332,0.00016763087488459033,True,67912,71126,True,0.043493542820215225,2118844364,39,2.1778543329842872e-10,1695075491,42,9.979658791551868e-11,-106
7,21,LEAKY_RELU,1,232,0.2592221796512604,-104,0.000339660415193066,0,-337,1545,8.804751269053668e-05,8.804751316759864e-05,True,-35048,-33503,True,0.043493542820215225,1112915369,39,1.113625828277723e-10,1780664591,43,2.2559020873134423e-10,-106
7,21,LEAKY_RELU,1,233,0.2592221796512604,-104,0.0005758145125582814,0,-220,-2541,0.00014926389849279076,0.00014926389302018575,True,-22880,-25421,True,0.043493542820215225,1886686797,39,2.742711110922264e-11,1509349438,42,2.9244185653216376e-10,-106
7,21,LEAKY_RELU,1,234,0.2592221796512604,-104,0.00037345392047427595,0,-2311,2445,9.680754010332748e-05,9.680753926465026e-05,True,-240344,-237899,True,0.043493542820215225,1223641582,39,8.230987281252202e-11,1957826531,43,1.9844320914100042e-11,-106
7,21,LEAKY_RELU,1,235,0.2592221796512604,-104,0.0004125450213905424,0,-2229,-616,0.00010694081720430404,0.00010694081964913223,True,-231816,-232432,True,0.043493542820215225,1351725648,39,1.4309358670012958e-10,1081380518,42,2.2680400340329617e-10,-106
7,21,LEAKY_RELU,1,236,0.2592221796512604,-104,0.0002978084667120129,0,-5017,3895,7.719855784671381e-05,7.71985598596878e-05,True,-521768,-517873,True,0.043493542820215225,1951570479,40,2.1481758288240772e-10,1561256384,43,2.9759021941891906e-10,-106
7,21,LEAKY_RELU,1,237,0.2592221796512604,-104,0.00060347153339535,0,-2030,-363,0.00015643320512026548,0.000156433206244231,True,-211120,-211483,True,0.043493542820215225,1977306493,39,4.742467945085538e-11,1581845194,42,2.0544468612922892e-10,-106
7,21,LEAKY_RELU,1,238,0.2592221796512604,-104,0.0003282690013293177,0,44,3730,8.509460894856602e-05,8.509460603652822e-05,True,4576,8306,True,0.043493542820215225,1075590797,39,2.723605344691219e-10,1720945276,43,1.92500239215517e-10,-106
7,21,LEAKY_RELU,1,239,0.2592221796512604,-104,0.0010385308414697647,0,-1366,-2103,0.00026921022799797356,0.00026921022836084996,True,-142064,-144167,True,0.043493542820215225,1701400698,38,1.76491613983501e-10,1361120558,41,1.173840374691969e-10,-106
7,21,LEAKY_RELU,1,240,0.2592221796512604,-104,0.0006227440317161381,0,-2016,-961,0.0001614290667930618,0.00016142906526627095,True,-209664,-210625,True,0.043493542820215225,2040453856,39,2.285820443117888e-11,1632363085,42,9.966352751316785e-11,-106
7,21,LEAKY_RELU,1,241,0.2592221796512604,-104,0.0003191358409821987,0,-3736,2057,8.272708510048687e-05,8.272708830424358e-05,True,-388544,-386487,True,0.043493542820215225,2091331026,40,8.803811452599668e-11,1673064821,43,2.0757915212580892e-10,-106
7,21,LEAKY_RELU,1,242,0.2592221796512604,-104,0.00041236437391489744,0,-2603,1772,0.00010689398914109915,0.00010689399181674705,True,-270712,-268940,True,0.043493542820215225,1351133747,39,1.706671591350329e-10,1080906997,42,3.8442226957468103e-10,-106
7,21,LEAKY_RELU,1,243,0.2592221796512604,-104,0.0005394871113821864,0,-1878,-1243,0.00013984701945446432,0.00013984702490625264,True,-195312,-196555,True,0.043493542820215225,1767658140,39,8.376072186687804e-11,1414126512,42,8.376072186687804e-11,-106
7,21,LEAKY_RELU,1,244,0.2592221796512604,-104,0.0005506940651685,0,-968,-1730,0.0001427521201549098,0.00014275211589399178,True,-100672,-102402,True,0.043493542820215225,1804378318,39,2.514644605580186e-10,1443502655,42,1.6419106662032744e-10,-106
7,21,LEAKY_RELU,1,245,0.2592221796512604,-104,0.0008848859579302371,0,-1243,148,0.00022938207257539034,0.00022938206675746954,True,-129272,-129124,True,0.043493542820215225,1449687892,38,9.305704359835651e-11,1159750313,41,4.2429573544688474e-10,-106
7,21,LEAKY_RELU,1,246,0.2592221796512604,-104,0.0008848599973134696,0,-1061,-1550,0.0002293753350386396,0.000229375337189806,True,-110344,-111894,True,0.043493542820215225,1449645361,38,1.3526130481917375e-10,1159716289,41,3.7194585071329704e-11,-106
7,21,LEAKY_RELU,1,247,0.2592221796512604,-104,0.0007163892732933164,0,-1877,-1413,0.00018570398970041424,0.00018570398890187592,True,-195208,-196621,True,0.043493542820215225,1173643729,38,4.7782698547212e-11,1877829966,42,1.652291327561065e-10,-106
7,21,LEAKY_RELU,1,248,0.2592221796512604,-104,0.00031423658947460353,0,-2598,3564,8.145709580276161e-05,8.145709364978503e-05,True,-270192,-266628,True,0.043493542820215225,2059225711,40,5.68251639461471e-11,1647380569,43,1.7822990372779172e-10,-106
7,21,LEAKY_RELU,1,249,0.2592221796512604,-104,0.0012436824617907405,0,-1985,-2240,0.0003223900857847184,0.0003223900785394411,True,-206440,-208680,True,0.043493542820215225,2037495781,38,1.2979288588458406e-10,1629996625,41,7.093333088004559e-12,-106
7,21,LEAKY_RELU,1,250,0.2592221796512604,-104,0.0003350241167936474,0,-3668,-1135,8.684568456374109e-05,8.684568179098771e-05,True,-381472,-382607,True,0.043493542820215225,1097724291,39,4.244269372781361e-10,1756358866,43,1.9668310183699388e-10,-106
7,21,LEAKY_RELU,1,251,0.2592221796512604,-104,0.0007792231626808643,0,-2017,-2625,0.00020199193386361003,0.0002019919266648823,True,-209768,-212393,True,0.043493542820215225,1276583015,38,9.425204404690759e-11,2042532824,42,9.425197401075159e-11,-106
7,21,LEAKY_RELU,1,252,0.2592221796512604,-104,0.000874629826284945,0,-2202,640,0.00022672345221508294,0.00022672344995758667,True,-229008,-228368,True,0.043493542820215225,1432885512,38,1.0953139137832734e-10,1146308410,41,2.3941475717896557e-10,-106
7,21,LEAKY_RELU,1,253,0.2592221796512604,-104,0.00035118358209729195,0,-4791,2107,9.103457705350593e-05,9.103457360899736e-05,True,-498264,-496157,True,0.043493542820215225,1150671637,39,1.8992754994598247e-10,1841074619,43,8.129523885597642e-11,-106
7,21,LEAKY_RELU,1,254,0.2592221796512604,-104,0.0003391109639778733,0,-5255,2300,8.790508582023904e-05,8.790508322598437e-05,True,-546520,-544220,True,0.043493542820215225,1111115063,39,6.242508142798346e-11,1777784101,43,5.0074518437666876e-11,-106
7,21,LEAKY_RELU,1,255,0.2592221796512604,-104,0.0004151178291067481,0,-3950,2804,0.00010760774603113532,0.00010760774847315066,True,-410800,-407996,True,0.043493542820215225,1360155589,39,1.6590211926084635e-10,1088124471,42,1.7900382499469207e-11,-106
8,23,LEAKY_RELU,1,0,0.043493542820215225,-106,0.00451812194660306,0,-2630,7509,0.0001965091360034421,0.00019650913035153435,True,-278780,-271271,True,0.07817953079938889,1381845552,39,2.2985291707793657e-12,1105476442,42,3.59536409093617e-10,-107
8,23,LEAKY_RELU,1,1,0.043493542820215225,-106,0.005994843319058418,0,-306,717,0.00026073696790263057,0.0002607369745979485,True,-32436,-31719,True,0.07817953079938889,1833493578,39,2.0271293726521838e-10,1466794863,42,2.06342185284723e-10,-107
8,23,LEAKY_RELU,1,2,0.043493542820215225,-106,0.0038854125887155533,0,-314,2373,0.00016899035836104304,0.0001689903588015032,True,-33284,-30911,True,0.07817953079938889,1188334482,39,7.158729941321387e-11,1901335171,43,1.7677658869927226e-10,-107
8,23,LEAKY_RELU,1,3,0.043493542820215225,-106,0.004200868774205446,0,-1673,2889,0.00018271066073793918,0.00018271066591300962,True,-177338,-174449,True,0.07817953079938889,1284815217,39,1.597873600226751e-10,2055704348,43,2.2937356685231905e-10,-107
8,23,LEAKY_RELU,1,4,0.043493542820215225,-106,0.005254282616078854,0,1902,-5690,0.0002285273658344522,0.0002285273659519381,True,201612,195922,True,0.07817953079938889,1606996701,39,1.2542193109088673e-10,1285597361,42,2.8099159733297736e-10,-107
8,23,LEAKY_RELU,1,5,0.043493542820215225,-106,0.004992282018065453,0,-1952,4379,0.00021713203750550747,0.00021713203172332024,True,-206912,-202533,True,0.07817953079938889,1526865096,39,1.8400904195833786e-10,1221492077,42,2.0274982024032138e-11,-107
8,23,LEAKY_RELU,1,6,0.043493542820215225,-106,0.0032396737951785326,0,636,-776,0.00014090488548390567,0.00014090489093412668,True,67416,66640,True,0.07817953079938889,1981676846,40,1.530496244824606e-10,1585341477,43,2.7920532021506747e-10,-107
8,23,LEAKY_RELU,1,7,0.043493542820215225,-106,0.003867770079523325,0,-1094,3223,0.00016822302131913602,0.00016822302357249498,True,-115964,-112741,True,0.07817953079938889,1182938607,39,2.2648280083695653e-10,1892701771,43,1.2081374980706625e-10,-107
8,23,LEAKY_RELU,1,8,0.043493542820215225,-106,0.00300708319991827,0,-662,2123,0.00013078869960736483,0.0001307887019195951,True,-70172,-68049,True,0.07817953079938889,1839403448,40,1.871019798022134e-10,1471522759,43,2.2063884588008354e-10,-107
8,23,LEAKY_RELU,1,9,0.043493542820215225,-106,0.0038138888776302338,0,-2478,7561,0.00016587953723501414,0.00016587953921075316,True,-262668,-255107,True,0.07817953079938889,1166459304,39,3.1496673443016494e-11,1866334886,43,2.45820507062546e-10,-107
8,23,LEAKY_RELU,1,10,0.043493542820215225,-106,0.005519706755876541,0,-1826,2972,0.00024007160391192883,0.0002400716021417476,True,-193556,-190584,True,0.07817953079938889,1688175379,39,7.931395973407175e-11,1350540303,42,6.877495492156206e-11,-107
8,23,LEAKY_RELU,1,11,0.043493542820215225,-106,0.003432774217799306,0,-1404,5869,0.00014930350880604237,0.00014930351243398494,True,-148824,-142955,True,0.07817953079938889,2099794490,40,8.757892002300666e-11,1679835592,43,8.757886325112249e-11,-107
8,23,LEAKY_RELU,1,12,0.043493542820215225,-106,0.00408942112699151,0,698,3078,0.00017786341777537018,0.00017786341289669806,True,73988,77066,True,0.07817953079938889,1250729498,39,7.492670898309432e-11,2001167197,43,2.501494138030966e-11,-107
8,23,LEAKY_RELU,1,13,0.043493542820215225,-106,0.00442900275811553,0,1274,-2157,0.00019263301510363817,0.00019263302111094914,True,135044,132887,True,0.07817953079938889,1354588883,39,3.3482543763581834e-11,1083671106,42,4.025982262102823e-10,-107
8,23,LEAKY_RELU,1,14,0.043493542820215225,-106,0.003983319737017155,0,-1256,3576,0.00017324868531432003,0.00017324868754856407,True,-133136,-129560,True,0.07817953079938889,1218278906,39,2.6861548023152483e-10,1949246249,43,3.919588189649842e-11,-107
8,23,LEAKY_RELU,1,15,0.043493542820215225,-106,0.005165136884897947,0,-491,-229,0.00022465009533334523,0.00022465010227558195,True,-52046,-52275,True,0.07817953079938889,1579731914,39,7.129849821739764e-11,1263785531,42,8.695623944214007e-11,-107
8,23,LEAKY_RELU,1,16,0.043493542820215225,-106,0.004224675241857767,0,-1657,3201,0.0001837460877140984,0.0001837460935332439,True,-175642,-172441,True,0.07817953079938889,1292096309,39,1.3727476498347925e-10,2067354095,43,1.529512096048862e-10,-107
8,23,LEAKY_RELU,1,17,0.043493542820215225,-106,0.0037870395462960005,0,-722,3837,0.00016471176058985293,0.00016471176666867354,True,-76532,-72695,True,0.07817953079938889,1158247567,39,4.719123073841733e-11,1853196107,43,1.5511289062833712e-10,-107
8,23,LEAKY_RELU,1,18,0.043493542820215225,-106,0.004713774658739567,0,-1019,5720,0.0002050187613349408,0.00020501875996473476,True,-108014,-102294,True,0.07817953079938889,1441684979,39,2.481978647152271e-10,1153347983,42,4.216060666314035e-10,-107
8,23,LEAKY_RELU,1,19,0.043493542820215225,-106,0.004593351855874062,0,-998,2328,0.00019978114869445562,0.00019978114563177357,True,-105788,-103460,True,0.07817953079938889,1404854253,39,2.2574014033779956e-10,1123883402,42,1.301686234649216e-10,-107
8,23,LEAKY_RELU,1,20,0.043493542820215225,-106,0.004324100911617279,0,-625,4228,0.00018807046581059694,0.00018807046815835782,True,-66250,-62022,True,0.07817953079938889,1322505165,39,1.0858396007654576e-10,2116008264,43,1.0858402768079374e-10,-107
8,23,LEAKY_RELU,1,21,0.043493542820215225,-106,0.004476823378354311,0,-1363,3225,0.00019471290579531342,0.0001947129093049938,True,-144478,-141253,True,0.07817953079938889,1369214586,39,3.0181551672155184e-10,1095371669,42,1.1922913261776653e-10,-107
8,23,LEAKY_RELU,1,22,0.043493542820215225,-106,0.0043638781644403934,0,-2029,4282,0.00018980052846018225,0.00018980052180729047,True,-215074,-210792,True,0.07817953079938889,1334670844,39,1.2468669121274537e-10,2135473350,43,6.262543219008972e-11,-107
8,23,LEAKY_RELU,1,23,0.043493542820215225,-106,0.0028015284333378077,0,-499,9615,0.0001218483957927674,0.00012184839687742841,True,-52894,-43279,True,0.07817953079938889,1713667604,40,2.5553940694720613e-10,1370934083,43,1.096534723118421e-10,-107
8,23,LEAKY_RELU,1,24,0.043493542820215225,-106,0.0037558190524578094,0,-1768,3695,0.00016335387772414833,0.0001633538767830539,True,-187408,-183713,True,0.07817953079938889,1148698931,39,3.038624475125233e-10,1837918290,43,8.622496777555498e-11,-107
8,23,LEAKY_RELU,1,25,0.043493542820215225,-106,0.0044938744977116585,0,-1043,2910,0.0001954545296030119,0.0001954545228948952,True,-110558,-107648,True,0.07817953079938889,1374429588,39,5.1524816364990216e-11,1099543670,42,4.153121387162625e-10,-107
8,23,LEAKY_RELU,1,26,0.043493542820215225,-106,0.00359234563075006,0,878,-109,0.00015624384104739875,0.0001562438385160408,True,93068,92959,True,0.07817953079938889,1098701383,39,3.7352269376623556e-11,1757922213,43,1.5112283773075428e-10,-107
8,23,LEAKY_RELU,1,27,0.043493542820215225,-106,0.003324303310364485,0,-1213,5367,0.00014458573423326015,0.00014458572837672094,True,-128578,-123211,True,0.07817953079938889,2033443894,40,1.3124662979746482e-10,1626755115,43,2.541908524134848e-10,-107
8,23,LEAKY_RELU,1,28,0.043493542820215225,-106,0.006064591463655233,0,210,-1950,0.00026377057656645775,0.0002637705685116006,True,22260,20310,True,0.07817953079938889,1854825708,39,3.938479456906461e-11,1483860566,42,3.0895203004695816e-10,-107
8,23,LEAKY_RELU,1,29,0.043493542820215225,-106,0.003286350518465042,0,-339,-608,0.00014293502317741513,0.00014293502699709582,True,-35934,-36542,True,0.07817953079938889,2010228542,40,8.4731445816222e-11,1608182833,43,2.8836057969842104e-10,-107
8,23,LEAKY_RELU,1,30,0.043493542820215225,-106,0.0035380488261580467,0,-2097,6902,0.00015388228348456323,0.00015388227812051722,True,-222282,-215380,True,0.07817953079938889,1082094970,39,1.9038013634861513e-10,1731351952,43,1.9038019143125243e-10,-107
8,23,LEAKY_RELU,1,31,0.043493542820215225,-106,0.0039267707616090775,0,-1251,6759,0.00017078917881008238,0.00017078917226521356,True,-132606,-125847,True,0.07817953079938889,1200983677,39,3.86991170138273e-10,1921573884,43,2.9334221606834306e-11,-107
8,23,LEAKY_RELU,1,32,0.043493542820215225,-106,0.003079019719734788,0,-1752,4678,0.00013391747779678553,0.00013391747602457208,True,-185712,-181034,True,0.07817953079938889,1883406316,40,2.584478352988313e-10,1506725052,43,2.725050407551576e-10,-107
8,23,LEAKY_RELU,1,33,0.043493542820215225,-106,0.005604287143796682,0,-999,1845,0.00024375029897782952,0.00024375030286550269,True,-105894,-104049,True,0.07817953079938889,1714043878,39,1.0696791628223389e-10,1371235102,42,1.8473993675216127e-10,-107
8,23,LEAKY_RELU,1,34,0.043493542820215225,-106,0.0035465997643768787,0,347,1147,0.0001542541867820546,0.000154254188718091,True,36782,37929,True,0.07817953079938889,1084710233,39,5.7646329872333006e-11,1735536373,43,1.7288439695917556e-10,-107
8,23,LEAKY_RELU,1,35,0.043493542820215225,-106,0.004780762363225222,0,711,-723,0.0002079322875943035,0.0002079322925582095,True,75366,74643,True,0.07817953079938889,1462172842,39,5.4524383933524794e-11,1169738274,42,3.964811800525826e-10,-107
8,23,LEAKY_RELU,1,36,0.043493542820215225,-106,0.0044683110900223255,0,-954,4144,0.0001943426759680733,0.00019434267972792858,True,-101124,-96980,True,0.07817953079938889,1366611145,39,3.211623502113972e-10,1093288916,42,3.2116221936661733e-10,-107
8,23,LEAKY_RELU,1,37,0.043493542820215225,-106,0.0028864163905382156,0,-1285,7634,0.00012554047862067819,0.00012554047487884495,True,-136210,-128576,True,0.07817953079938889,1765592739,40,2.3195160537806432e-10,1412474191,43,9.035596276222375e-11,-107
8,23,LEAKY_RELU,1,38,0.043493542820215225,-106,0.004876865539699793,0,1618,-8579,0.00021211216517258435,0.00021211216017936498,True,171508,162929,True,0.07817953079938889,1491565530,39,3.172389471703387e-10,1193252424,42,3.1723882728694715e-10,-107
8,23,LEAKY_RELU,1,39,0.043493542820215225,-106,0.004889985080808401,0,2587,-7823,0.00021268277487251908,0.0002126827755023538,True,274222,266399,True,0.07817953079938889,1495578077,39,1.0727526703404945e-10,1196462462,42,2.2704358133037303e-10,-107
8,23,LEAKY_RELU,1,40,0.043493542820215225,-106,0.0026998594403266907,0,-897,5868,0.00011742645438062027,0.00011742645217641123,True,-95082,-89214,True,0.07817953079938889,1651477673,40,1.8867415135515067e-10,1321182138,43,1.1408515728547918e-10,-107
8,23,LEAKY_RELU,1,41,0.043493542820215225,-106,0.002891720738261938,0,-120,1471,0.00012577118468470871,0.0001257711797537,True,-12720,-11249,True,0.07817953079938889,1768837356,40,1.8647449020717004e-10,1415069885,43,4.513874811606021e-11,-107
8,23,LEAKY_RELU,1,42,0.043493542820215225,-106,0.004081490449607372,0,-329,3473,0.00017751847917679697,0.00017751847964029774,True,-34874,-31401,True,0.07817953079938889,1248303939,39,8.979526235300696e-11,1997286303,43,2.1061232144778755e-10,-107
8,23,LEAKY_RELU,1,43,0.043493542820215225,-106,0.0036260036285966635,0,-2894,8698,0.00015770774916745722,0.00015770774408662477,True,-306764,-298066,True,0.07817953079938889,1108995517,39,3.3560399214994116e-10,1774392828,43,1.1525443095933425e-10,-107
8,23,LEAKY_RELU,1,44,0.043493542820215225,-106,0.0041268193162977695,0,-1482,5015,0.00017948998720385134,0.00017948999264468836,True,-157092,-152077,True,0.07817953079938889,1262167552,39,1.4635314057092982e-10,2019468083,43,4.731706645421562e-11,-107
8,23,LEAKY_RELU,1,45,0.043493542820215225,-106,0.004934839438647032,0,-1330,2825,0.00021463364828377962,0.00021463365043568154,True,-140980,-138155,True,0.07817953079938889,1509296564,39,2.3415370542633765e-10,1207437251,42,6.851350930085781e-11,-107
8,23,LEAKY_RELU,1,46,0.043493542820215225,-106,0.003270153421908617,0,-154,3362,0.0001422305649612099,0.00014223055788445578,True,-16324,-12962,True,0.07817953079938889,2000320936,40,3.6115215445246926e-11,1600256749,43,1.610950409778282e-10,-107
8,23,LEAKY_RELU,1,47,0.043493542820215225,-106,0.003514978103339672,0,-1150,2282,0.0001528788561699912,0.00015287885064972292,True,-121900,-119618,True,0.07817953079938889,1075038902,39,1.8739975827685226e-10,1720062244,43,2.776996342860183e-10,-107
8,23,LEAKY_RELU,1,48,0.043493542820215225,-106,0.006188258528709412,0,-1792,4237,0.00026914928457699716,0.00026914928730098486,True,-189952,-185715,True,0.07817953079938889,1892648677,39,2.5962682169034695e-10,1514118941,42,1.3664326737244475e-10,-107
8,23,LEAKY_RELU,1,49,0.043493542820215225,-106,0.005238135810941458,0,-1854,2771,0.00022782509040553123,0.0002278250841912851,True,-196524,-193753,True,0.07817953079938889,1602058279,39,1.4519654380516073e-10,1281646623,42,3.012458726279796e-10,-107
8,23,LEAKY_RELU,1,50,0.043493542820215225,-106,0.004053826909512281,0,-689,2902,0.00017631529772188514,0.00017631529427461316,True,-73034,-70132,True,0.07817953079938889,1239843180,39,2.8494604615516625e-10,1983749089,43,2.1914989153829397e-10,-107
8,23,LEAKY_RELU,1,51,0.043493542820215225,-106,0.004135725554078817,0,-1470,5956,0.00017987735918723047,0.00017987735647898538,True,-155820,-149864,True,0.07817953079938889,1264891481,39,1.4564252008675047e-10,2023826370,43,5.2002799301956694e-11,-107
8,23,LEAKY_RELU,1,52,0.043493542820215225,-106,0.004661418963223696,0,-534,2484,0.00020274161943234503,0.00020274162527993307,True,-56604,-54120,True,0.07817953079938889,1425672245,39,2.416518091295096e-10,1140537796,42,2.416518509376075e-10,-107
8,23,LEAKY_RELU,1,53,0.043493542820215225,-106,0.004259871318936348,0,-768,4368,0.00018527689098846167,0.00018527689561876476,True,-81408,-77040,True,0.07817953079938889,1302860858,39,2.925000195500008e-10,2084577372,43,9.127083892533489e-11,-107
8,23,LEAKY_RELU,1,54,0.043493542820215225,-106,0.004871872253715992,0,-1081,3804,0.00021189497783780098,0.00021189498448161495,True,-114586,-110782,True,0.07817953079938889,1490038357,39,2.500036064889666e-10,1192030686,42,8.55582648754247e-11,-107
8,23,LEAKY_RELU,1,55,0.043493542820215225,-106,0.003768709022551775,0,266,2161,0.0001639145048102364,0.0001639145072492871,True,28196,30357,True,0.07817953079938889,1152641266,39,1.6658317448267397e-10,1844226025,43,1.5875658293044567e-10,-107
8,23,LEAKY_RELU,1,56,0.043493542820215225,-106,0.006364280357956886,0,-1601,1974,0.0002768051053863019,0.0002768051002686525,True,-169706,-167732,True,0.07817953079938889,1946484094,39,6.01210461797064e-11,1557187275,42,1.8855784130663542e-10,-107
8,23,LEAKY_RELU,1,57,0.043493542820215225,-106,0.003764245193451643,0,-2622,6575,0.00016372035315725952,0.00016372035950717838,True,-277932,-271357,True,0.07817953079938889,1151276025,39,3.9796478376858796e-10,1842041641,43,1.4491108298886458e-10,-107
8,23,LEAKY_RELU,1,58,0.043493542820215225,-106,0.005175613798201084,0,-1091,4041,0.00022510577400680631,0.00022510578035295561,True,-115646,-111605,True,0.07817953079938889,1582936227,39,1.8894432012695098e-10,1266348981,42,2.8485879749605466e-10,-107
8,23,LEAKY_RELU,1,59,0.043493542820215225,-106,0.002535331528633833,0,1679,-2139,0.00011027055006707087,0.00011027055040407734,True,177974,175835,True,0.07817953079938889,1550837555,40,2.0973393429543476e-10,1240670044,43,2.0973385742775172e-10,-107
8,23,LEAKY_RELU,1,60,0.043493542820215225,-106,0.0037540262565016747,0,-1566,2468,0.00016327590856235474,0.00016327590173536785,True,-165996,-163528,True,0.07817953079938889,1148150613,39,3.949732913416935e-10,1837040982,43,2.582510086783253e-10,-107
8,23,LEAKY_RELU,1,61,0.043493542820215225,-106,0.0030627173837274313,0,-1853,7847,0.00013320843572728336,0.00013320842967536658,True,-196418,-188571,True,0.07817953079938889,1873434336,40,1.7818376032234556e-10,1498747469,43,3.1162852283178315e-10,-107
8,23,LEAKY_RELU,1,62,0.043493542820215225,-106,0.005873536691069603,0,-469,2065,0.00025546090910211205,0.000255460919579141,True,-49714,-47649,True,0.07817953079938889,1796392538,39,5.300601628113355e-11,1437114030,42,3.3134168546591974e-10,-107
8,23,LEAKY_RELU,1,63,0.043493542820215225,-106,0.004521535709500313,0,-2215,7408,0.00019665760919451714,0.00019665760699428408,True,-234790,-227382,True,0.07817953079938889,1382889635,39,1.96358799946187e-10,1106311708,42,1.96358670641628e-10,-107
8,23,LEAKY_RELU,1,64,0.043493542820215225,-106,0.0030696592293679714,0,3064,-6122,0.00013351035886444151,0.00013351035513598473,True,324784,318662,True,0.07817953079938889,1877680595,40,5.244640769702883e-11,1502144476,43,5.244640769702883e-11,-107
8,23,LEAKY_RELU,1,65,0.043493542820215225,-106,0.004374905023723841,0,-1239,3441,0.00019028011593036354,0.00019028011898370757,True,-131334,-127893,True,0.07817953079938889,1338043355,39,4.346240558088827e-11,2140869368,43,4.3462316488640904e-11,-107
8,23,LEAKY_RELU,1,66,0.043493542820215225,-106,0.004929606802761555,0,-1522,4101,0.0002144060708815232,0.00021440606456273395,True,-161332,-157231,True,0.07817953079938889,1507696187,39,3.2680806899331816e-10,1206156950,42,4.8236911339303686e-12,-107
8,23,LEAKY_RELU,1,67,0.043493542820215225,-106,0.004838569555431604,0,2160,-10752,0.00021044653840363026,0.00021044653214775423,True,228960,218208,True,0.07817953079938889,1479852890,39,2.7247572662706474e-10,1183882312,42,2.724756863496526e-10,-107
8,23,LEAKY_RELU,1,68,0.043493542820215225,-106,0.004752551671117544,0,-1300,2228,0.00020670531375799328,0.00020670530961303633,True,-137800,-135572,True,0.07817953079938889,1453544739,39,2.6703912447431175e-10,1162835792,42,4.2093423644581995e-10,-107
8,23,LEAKY_RELU,1,69,0.043493542820215225,-106,0.0028335461392998695,0,-2078,7447,0.0001232409558724612,0.0001232409603426944,True,-220268,-212821,True,0.07817953079938889,1733252522,40,8.666896493611179e-11,1386602017,43,3.460436198484243e-10,-107
8,23,LEAKY_RELU,1,70,0.043493542820215225,-106,0.0035704823676496744,0,-2262,8454,0.00015529293159488589,0.00015529292774619455,True,-239772,-231318,True,0.07817953079938889,1092014611,39,3.501990206782259e-10,1747223377,43,6.796994591555679e-12,-107
8,23,LEAKY_RELU,1,71,0.043493542820215225,-106,0.0036363094113767147,0,2139,-4794,0.00015815597726032138,0.00015815597909126476,True,226734,221940,True,0.07817953079938889,1112147491,39,2.2457080688687888e-10,1779435985,43,1.1261479333986624e-10,-107
8,23,LEAKY_RELU,1,72,0.043493542820215225,-106,0.0032654700335115194,0,-1816,10081,0.00014202686725184321,0.00014202686073066292,True,-192496,-182415,True,0.07817953079938889,1997456153,40,2.5652492472472677e-11,1597964922,43,2.2466595305193117e-10,-107
8,23,LEAKY_RELU,1,73,0.043493542820215225,-106,0.0049516973085701466,0,-1914,3655,0.0002153668610844761,0.00021536685892304015,True,-202884,-199229,True,0.07817953079938889,1514452461,39,6.099519607450945e-11,1211561969,42,2.260712401493683e-10,-107
8,23,LEAKY_RELU,1,74,0.043493542820215225,-106,0.003924067597836256,0,-908,3252,0.00017067159933503717,0.0001706716020959103,True,-96248,-92996,True,0.07817953079938889,1200156928,39,1.2044523606460927e-11,1920251085,43,9.210842328983435e-11,-107
8,23,LEAKY_RELU,1,75,0.043493542820215225,-106,0.004472251515835524,0,-1842,5804,0.000194514068425633,0.0001945140628067648,True,-195252,-189448,True,0.07817953079938889,1367816305,39,3.1476315646475054e-10,1094253044,42,3.14763069311754e-10,-107
8,23,LEAKY_RELU,1,76,0.043493542820215225,-106,0.003105966839939356,0,-1562,2882,0.00013508950360119343,0.00013508950175107094,True,-165572,-162690,True,0.07817953079938889,1899889606,40,1.3108262196029543e-11,1519911685,43,1.446947609061776e-10,-107
8,23,LEAKY_RELU,1,77,0.043493542820215225,-106,0.0036093753296881914,0,928,-2437,0.0001569845189806074,0.0001569845204560218,True,98368,95931,True,0.07817953079938889,1103909833,39,2.5892342375928505e-10,1766255733,43,1.45689645943715e-10,-107
8,23,LEAKY_RELU,1,78,0.043493542820215225,-106,0.0032176512759178877,0,-545,4605,0.0001399470493197441,0.0001399470535496548,True,-57770,-53165,True,0.07817953079938889,1968205886,40,2.1601843373520548e-10,1574564708,43,2.920585548249781e-10,-107
8,23,LEAKY_RELU,1,79,0.043493542820215225,-106,0.004886312410235405,0,1516,-107,0.0002125230384990573,0.00021252303804752265,True,160696,160589,True,0.07817953079938889,1494454809,39,1.433134421085546e-10,1195563847,42,2.3971603197344347e-11,-107
8,23,LEAKY_RELU,1,80,0.043493542820215225,-106,0.0048485747538506985,0,-1698,3148,0.00021088169887661934,0.00021088169367361985,True,-179988,-176840,True,0.07817953079938889,1482912931,39,1.9240142426906815e-10,1186330345,42,3.6098841006436966e-10,-107
8,23,LEAKY_RELU,1,81,0.043493542820215225,-106,0.003650945844128728,0,-1218,5734,0.00015879256534390152,0.00015879256940589965,True,-129108,-123374,True,0.07817953079938889,1116623972,39,2.6114408946492624e-10,1786598356,43,1.8663417143809438e-10,-107
8,23,LEAKY_RELU,1,82,0.043493542820215225,-106,0.002528680022805929,0,-873,-2424,0.00010998125071637332,0.0001099812528505325,True,-92538,-94962,True,0.07817953079938889,1546768893,40,3.035142805187707e-10,1237415115,43,1.8136738729679402e-10,-107
8,23,LEAKY_RELU,1,83,0.043493542820215225,-106,0.005172049161046743,0,-958,3462,0.0002249507379019633,0.00022495074165424477,True,-101548,-98086,True,0.07817953079938889,1581846000,39,1.1362324049275657e-10,1265476800,42,1.136232781731912e-10,-107
8,23,LEAKY_RELU,1,84,0.043493542820215225,-106,0.004986817482858896,0,-1911,5102,0.00021689436107408255,0.0002168943597273213,True,-202566,-197464,True,0.07817953079938889,1525193795,39,9.752800829968821e-11,1220155036,42,9.752796921964147e-11,-107
8,23,LEAKY_RELU,1,85,0.043493542820215225,-106,0.005033590830862522,0,-1078,5093,0.000218928704271093,0.00021892869834156184,True,-114268,-109175,True,0.07817953079938889,1539499195,39,7.534960244295017e-11,1231599356,42,7.534967987676106e-11,-107
8,23,LEAKY_RELU,1,86,0.043493542820215225,-106,0.004225960001349449,0,-1265,2298,0.00018380196706857532,0.00018380197227520906,True,-134090,-131792,True,0.07817953079938889,1292489247,39,3.1013820584986795e-10,2067982795,43,2.134256023764502e-10,-107
8,23,LEAKY_RELU,1,87,0.043493542820215225,-106,0.004342574626207352,0,-1374,2397,0.00018887394980993122,0.00018887395545492958,True,-145644,-143247,True,0.07817953079938889,1328155261,39,2.922844207075773e-10,2125048417,43,9.937845327356122e-12,-107
8,23,LEAKY_RELU,1,88,0.043493542820215225,-106,0.004462354350835085,0,-773,893,0.00019408359366934747,0.00019408360003701948,True,-81938,-81045,True,0.07817953079938889,1364789305,39,3.9919353229274546e-11,1091831444,42,3.991922220983171e-11,-107
8,23,LEAKY_RELU,1,89,0.043493542820215225,-106,0.00363876367919147,0,-879,1356,0.00015826273011043668,0.0001582627238935581,True,-93174,-91818,True,0.07817953079938889,1112898117,39,3.7179714694680607e-10,1780636987,43,2.59477737162847e-10,-107
8,23,LEAKY_RELU,1,90,0.043493542820215225,-106,0.0037017909344285727,0,-889,1341,0.0001610040053492412,0.00016100400251805366,True,-94234,-92893,True,0.07817953079938889,1132174695,39,6.210372117268903e-11,1811479512,43,6.210377381884428e-11,-107
8,23,LEAKY_RELU,1,91,0.043493542820215225,-106,0.005144739057868719,0,-680,2479,0.00022376292326953262,0.00022376292851224687,True,-72080,-69601,True,0.07817953079938889,1573493338,39,1.1449140469946436e-11,1258794670,42,3.2921354832167493e-10,-107
8,23,LEAKY_RELU,1,92,0.043493542820215225,-106,0.0037931553088128567,0,906,1108,0.00016497776960022748,0.0001649777628475787,True,96036,97144,True,0.07817953079938889,1160118043,39,1.5487533598732685e-10,1856188869,43,4.712770553493313e-11,-107
8,23,LEAKY_RELU,1,93,0.043493542820215225,-106,0.0064249224960803986,0,47,2318,0.00027944264002144337,0.0002794426416998369,True,4982,7300,True,0.07817953079938889,1965031196,39,8.634401061912925e-11,1572024957,42,4.0880402348291756e-11,-107
8,23,LEAKY_RELU,1,94,0.043493542820215225,-106,0.0041159759275615215,0,-1347,2233,0.0001790183741832152,0.00017901837525237212,True,-142782,-140549,True,0.07817953079938889,1258851154,39,2.2136553389265054e-10,2014161847,43,7.652503046528497e-11,-107
8,23,LEAKY_RELU,1,95,0.043493542820215225,-106,0.0035330418031662703,0,-2147,9050,0.0001536644995212555,0.0001536645049516226,True,-227582,-218532,True,0.07817953079938889,1080563597,39,3.194212740047501e-10,1728901755,43,2.0374087334227055e-10,-107
8,23,LEAKY_RELU,1,96,0.043493542820215225,-106,0.005961323622614145,0,-267,131,0.0002592790697235614,0.0002592790842453289,True,-28302,-28171,True,0.07817953079938889,1823241743,39,1.27500020639009e-10,1458593394,42,1.4673678969259275e-10,-107
8,23,LEAKY_RELU,1,97,0.043493542820215225,-106,0.005047512240707874,0,-1555,4503,0.00021953419491183013,0.00021953418977678843,True,-164830,-160327,True,0.07817953079938889,1543756990,39,2.5274710550964346e-10,1235005592,42,2.527470668995221e-10,-107
8,23,LEAKY_RELU,1,98,0.043493542820215225,-106,0.004779338371008635,0,-1208,2463,0.00020787035464309156,0.00020787035809176173,True,-128048,-125585,True,0.07817953079938889,1461737321,39,1.0333779622349431e-10,1169389857,42,2.743670349384714e-10,-107
8,23,LEAKY_RELU,1,99,0.043493542820215225,-106,0.004616820253431797,0,-1368,1140,0.00020080186368431896,0.00020080186938587277,True,-145008,-143868,True,0.07817953079938889,1412031948,39,3.0731155597561005e-10,1129625558,42,4.678816540190186e-11,-107
8,23,LEAKY_RELU,1,100,0.043493542820215225,-106,0.0034283881541341543,0,-1449,6590,0.0001491127477493137,0.00014911274698615248,True,-153594,-147004,True,0.07817953079938889,2097111577,40,2.2609689647811504e-10,1677689262,43,1.2326164532134928e-11,-107
8,23,LEAKY_RELU,1,101,0.043493542820215225,-106,0.0030675879679620266,0,-667,5482,0.0001334202679572627,0.00013342026863933341,True,-70702,-65220,True,0.07817953079938889,1876413625,40,2.599625444583056e-10,1501130900,43,2.599625444583056e-10,-107
8,23,LEAKY_RELU,1,102,0.043493542820215225,-106,0.004881391767412424,0,-364,4085,0.0002123090234817937,0.00021230902185819835,True,-38584,-34499,True,0.07817953079938889,1492949854,39,1.2579773205873993e-10,1194359883,42,2.9325152731383497e-10,-107
8,23,LEAKY_RELU,1,103,0.043493542820215225,-106,0.004668023902922869,0,-464,5056,0.00020302890334278345,0.000203028897507564,True,-49184,-44128,True,0.07817953079938889,1427692334,39,5.33097253245397e-11,1142153867,42,1.2179815532564928e-10,-107
8,23,LEAKY_RELU,1,104,0.043493542820215225,-106,0.004048120230436325,0,-1746,7894,0.0001760670857038349,0.00017606709058386183,True,-185076,-177182,True,0.07817953079938889,1238097820,39,3.251955420610569e-10,1980956513,43,1.7961100108224922e-10,-107
8,23,LEAKY_RELU,1,105,0.043493542820215225,-106,0.0043235039338469505,0,411,912,0.00018804450519382954,0.00018804450348014132,True,43566,44478,True,0.07817953079938889,1322322582,39,3.065771123298882e-10,2115716132,43,7.154542512851621e-11,-107
8,23,LEAKY_RELU,1,106,0.043493542820215225,-106,0.003938740584999323,0,-1766,8319,0.00017130978812929243,0.00017130978229138762,True,-187196,-178877,True,0.07817953079938889,1204644590,39,3.7847578152722407e-10,1927431343,43,1.4034949277313382e-10,-107
8,23,LEAKY_RELU,1,107,0.043493542820215225,-106,0.0032092146575450897,0,-1478,6983,0.0001395801082253456,0.0001395801151271997,True,-156668,-149685,True,0.07817953079938889,1963045288,40,2.2726013184809624e-10,1570436231,43,1.5479922541703302e-10,-107
8,23,LEAKY_RELU,1,108,0.043493542820215225,-106,0.0032498340588063,0,-781,5726,0.00014134679804556072,0.00014134679679528566,True,-82786,-77060,True,0.07817953079938889,1987891780,40,9.686449974940723e-11,1590313424,43,9.686446976555932e-11,-107
8,23,LEAKY_RELU,1,109,0.043493542820215225,-106,0.0025797979906201363,0,-925,2834,0.00011220455780858174,0.00011220455437254209,True,-98050,-95216,True,0.07817953079938889,1578037256,40,2.918100480122327e-10,1262429804,43,3.4188859002325284e-10,-107
8,23,LEAKY_RELU,1,110,0.043493542820215225,-106,0.002517108106985688,0,4376,-13518,0.00010947795090032741,0.00010947794923429292,True,463856,450338,True,0.07817953079938889,1539690465,40,3.1720598375151535e-10,1231752372,43,3.1720594503941956e-10,-107
8,23,LEAKY_RELU,1,111,0.043493542820215225,-106,0.0032920236699283123,0,-597,9441,0.00014318176545202732,0.00014318177245318912,True,-63282,-53841,True,0.07817953079938889,2013698753,40,1.0801195924709601e-10,1610959003,43,2.64436908781307e-10,-107
8,23,LEAKY_RELU,1,112,0.043493542820215225,-106,0.0033084009774029255,0,-678,3724,0.00014389408170245588,0.00014389407957711604,True,-71868,-68144,True,0.07817953079938889,2023716592,40,1.875053619673597e-10,1618973274,43,5.956468897961019e-11,-107
8,23,LEAKY_RELU,1,113,0.043493542820215225,-106,0.004804129712283611,0,288,-811,0.00020894862245768309,0.0002089486213550755,True,30528,29717,True,0.07817953079938889,1469319632,39,2.6338889087344816e-10,1175455705,42,2.4705152186775396e-10,-107
8,23,LEAKY_RELU,1,114,0.043493542820215225,-106,0.007890069857239723,0,-983,3312,0.00034316707751713693,0.00034316709119034533,True,-104198,-100886,True,0.07817953079938889,1206569684,38,1.423103812736997e-10,1930511494,42,6.488861697156037e-11,-107
8,23,LEAKY_RELU,1,115,0.043493542820215225,-106,0.005012855399399996,0,-616,-2910,0.00021802683477289975,0.0002180268409653508,True,-65296,-68206,True,0.07817953079938889,1533157365,39,2.752462910653384e-10,1226525892,42,2.7524625218828237e-10,-107
8,23,LEAKY_RELU,1,116,0.043493542820215225,-106,0.0029086037538945675,0,-658,2341,0.00012650548887904733,0.00012650548191705212,True,-69748,-67407,True,0.07817953079938889,1779164532,40,1.3322613906412549e-10,1423331626,43,1.4780450904167197e-10,-107
8,23,LEAKY_RELU,1,117,0.043493542820215225,-106,0.005259925965219736,0,-1546,3348,0.00022877281298860908,0.0002287728151994465,True,-163876,-160528,True,0.07817953079938889,1608722692,39,2.502129678983729e-10,1286978153,42,2.1599552330477977e-10,-107
8,23,LEAKY_RELU,1,118,0.043493542820215225,-106,0.0033252995926886797,0,172,-1014,0.000144629055284895,0.00014462906022464934,True,18232,17218,True,0.07817953079938889,2034053310,40,2.1741376000983192e-10,1627242648,43,2.1741381861659948e-10,-107
8,23,LEAKY_RELU,1,119,0.043493542820215225,-106,0.003020335454493761,0,-1207,7125,0.00013136508641764522,0.0001313650894214386,True,-127942,-120817,True,0.07817953079938889,1847509723,40,7.79356874717186e-11,1478007779,43,3.2801610341488267e-10,-107
8,23,LEAKY_RELU,1,120,0.043493542820215225,-106,0.003682265058159828,0,-1466,4834,0.0001601547555765137,0.0001601547529824568,True,-155396,-150562,True,0.07817953079938889,1126202801,39,7.683020660835048e-11,1801924482,43,1.4515457317511135e-10,-107
8,23,LEAKY_RELU,1,121,0.043493542820215225,-106,0.0037161214277148247,0,-2455,9544,0.0001616272929823026,0.00016162728644143406,True,-260230,-250686,True,0.07817953079938889,1136557607,39,4.233472128377897e-10,1818492170,43,2.3654017474434525e-10,-107
8,23,LEAKY_RELU,1,122,0.043493542820215225,-106,0.002849762560799718,0,-2342,7622,0.0001239462726516649,0.00012394626996558872,True,-248252,-240630,True,0.07817953079938889,1743171949,40,2.1168318865313516e-10,1394537559,43,6.826640214184053e-11,-107
8,23,LEAKY_RELU,1,123,0.043493542820215225,-106,0.003954928368330002,0,518,2797,0.0001720138534437865,0.00017201384633884487,True,54908,57705,True,0.07817953079938889,1209595544,39,7.471501282868972e-11,1935352871,43,2.3530592121613434e-10,-107
8,23,LEAKY_RELU,1,124,0.043493542820215225,-106,0.004325226880609989,0,-1148,2808,0.00018811944755725563,0.0001881194405389565,True,-121688,-118880,True,0.07817953079938889,1322849537,39,2.011261519730876e-10,2116559260,43,1.768457610163747e-10,-107
8,23,LEAKY_RELU,1,125,0.043493542820215225,-106,0.006363177206367254,0,-455,-327,0.0002767571131698787,0.00027675712029775167,True,-48230,-48557,True,0.07817953079938889,1946146701,39,2.127454675671912e-10,1556917360,42,3.0109041114581106e-10,-107
8,23,LEAKY_RELU,1,126,0.043493542820215225,-106,0.005342349410057068,0,-835,3551,0.0002323577064089477,0.00023235770282686863,True,-88510,-84959,True,0.07817953079938889,1633931500,39,1.8706137059302218e-11,1307145200,42,1.870621001786232e-11,-107
8,23,LEAKY_RELU,1,127,0.043493542820215225,-106,0.0037826811894774437,0,-895,3530,0.00016452220734208822,0.00016452220628975986,True,-94870,-91340,True,0.07817953079938889,1156914585,39,9.72209619847503e-11,1851063336,43,9.72209619847503e-11,-107
9,26,LEAKY_RELU,1,0,0.043493542820215225,-106,0.001032295054756105,0,-2419,11400,4.489817001740448e-05,4.489816916713107e-05,True,-256414,-245014,True,0.06582264602184296,1499971880,41,3.065942383300261e-10,1199977504,44,3.0659435754155036e-10,-95
9,26,LEAKY_RELU,1,1,0.043493542820215225,-106,0.002068984555080533,0,-6765,12140,8.998746488941833e-05,8.998746834075911e-05,True,-717090,-704950,True,0.06582264602184296,1503164546,40,2.9464612682437777e-10,1202531636,43,3.7061703611789545e-10,-95
9,26,LEAKY_RELU,1,2,0.043493542820215225,-106,0.0011346148094162345,0,-8333,40986,4.93484185426496e-05,4.934841779779533e-05,True,-883298,-842312,True,0.06582264602184296,1648647159,41,2.525839977247292e-12,1318917727,44,1.5416539356147062e-10,-95
9,26,LEAKY_RELU,1,3,0.043493542820215225,-106,0.003146454459056258,0,-990,1679,0.00013685044541489333,0.0001368504517468205,True,-104940,-103261,True,0.06582264602184296,1142985523,39,9.977182551144789e-11,1828776837,43,2.091345144474031e-10,-95
9,26,LEAKY_RELU,1,4,0.043493542820215225,-106,0.0017947781598195434,0,-4957,15097,7.806126086506993e-05,7.80612607468984e-05,True,-525442,-510345,True,0.06582264602184296,1303947335,40,8.433666502437473e-11,2086315736,44,8.433666502437473e-11,-95
9,26,LEAKY_RELU,1,5,0.043493542820215225,-106,0.0007561573293060064,0,8127,-8990,3.288796142442152e-05,3.2887961180990376e-05,True,861462,852472,True,0.06582264602184296,1098731149,41,4.025162720555847e-10,1757969838,45,1.749810826435395e-10,-95
9,26,LEAKY_RELU,1,6,0.043493542820215225,-106,0.002169344574213028,0,-1604,707,9.43524792091921e-05,9.43524811303359e-05,True,-170024,-169317,True,0.06582264602184296,1576078392,40,1.2558603456521838e-10,1260862714,43,1.916570307991104e-10,-95
9,26,LEAKY_RELU,1,7,0.043493542820215225,-106,0.0011489760363474488,0,-15183,34339,4.99730376759544e-05,4.997303843627893e-05,True,-1609398,-1575059,True,0.06582264602184296,1669514678,41,5.7272651744592094e-11,1335611742,44,2.422156878497308e-10,-95
9,26,LEAKY_RELU,1,8,0.043493542820215225,-106,0.0012230484280735254,0,1945,-3509,5.319470801623538e-05,5.31947091776128e-05,True,206170,202661,True,0.06582264602184296,1777145247,41,2.6684250618631273e-10,1421716198,44,1.4507530622068215e-11,-95
9,26,LEAKY_RELU,1,9,0.043493542820215225,-106,0.0014657643623650074,0,3240,-5552,6.37512857792899e-05,6.375128505886792e-05,True,343440,337888,True,0.06582264602184296,2129822590,41,1.0784940004122577e-10,1703858072,44,1.0784931608402896e-10,-95
9,26,LEAKY_RELU,1,10,0.043493542820215225,-106,0.0013098223134875298,0,-8426,38570,5.696881271433085e-05,5.6968812878543246e-05,True,-893156,-854586,True,0.06582264602184296,1903231668,41,1.5341251213359956e-10,1522585334,44,1.0929857453446393e-10,-95
9,26,LEAKY_RELU,1,11,0.043493542820215225,-106,0.0013911399291828275,0,-597,692,6.0505604778882116e-05,6.050560407882448e-05,True,-63282,-62590,True,0.06582264602184296,2021389879,41,1.2773822328584535e-10,1617111903,44,4.060944286302805e-12,-95
9,26,LEAKY_RELU,1,12,0.043493542820215225,-106,0.002152075059711933,0,977,5214,9.360136755276471e-05,9.36013687618982e-05,True,103562,108776,True,0.06582264602184296,1563531695,40,2.4815630601360223e-10,1250825356,43,2.4815634413540363e-10,-95
9,26,LEAKY_RELU,1,13,0.043493542820215225,-106,0.0034549564588814974,0,-968,5304,0.0001502683007856831,0.00015026829668634157,True,-102608,-97304,True,0.06582264602184296,1255052398,39,1.6879140694917361e-10,2008083837,43,6.91940666558072e-11,-95
9,26,LEAKY_RELU,1,14,0.043493542820215225,-106,0.001155211473815143,0,1248,-3612,5.024423808208667e-05,5.0244239702782866e-05,True,132288,128676,True,0.06582264602184296,1678575053,41,2.6458336122510857e-10,1342860043,44,1.8222404249661433e-10,-95
9,26,LEAKY_RELU,1,15,0.043493542820215225,-106,0.0025936667807400227,0,-2017,4249,0.00011280775652267039,0.00011280775718948595,True,-213802,-209553,True,0.06582264602184296,1884358169,40,2.6473982438501333e-11,1507486535,43,1.061972492459609e-10,-95
9,26,LEAKY_RELU,1,16,0.043493542820215225,-106,0.0016885161167010665,0,-1049,4271,7.343955076066777e-05,7.343954802436136e-05,True,-111194,-106923,True,0.06582264602184296,1226745533,40,1.716857127595809e-10,1962792853,44,6.979016294177515e-11,-95
9,26,LEAKY_RELU,1,17,0.043493542820215225,-106,0.0012389721814543009,0,-7525,6635,5.3887288231635466e-05,5.38872896271381e-05,True,-797650,-791015,True,0.06582264602184296,1800283189,41,1.6775485465586206e-10,1440226551,44,2.8887813309547116e-11,-95
9,26,LEAKY_RELU,1,18,0.043493542820215225,-106,0.0020369449630379677,0,-3415,4787,8.859395165927708e-05,8.859395297231357e-05,True,-361990,-357203,True,0.06582264602184296,1479887050,40,7.807515567157731e-12,1183909640,43,7.807394737710424e-12,-95
9,26,LEAKY_RELU,1,19,0.043493542820215225,-106,0.0018795081414282322,0,-12900,21137,8.17464679130353e-05,8.174646783015195e-05,True,-1367400,-1346263,True,0.06582264602184296,1365505602,40,3.0684074606138244e-10,1092404482,43,5.932394744819048e-11,-95
9,26,LEAKY_RELU,1,20,0.043493542820215225,-106,0.001071588834747672,0,-6459,19902,4.660719423554838e-05,4.660719486976241e-05,True,-684654,-664752,True,0.06582264602184296,1557067538,41,8.561688456192501e-11,1245654031,44,3.9605779019183467e-10,-95
9,26,LEAKY_RELU,1,21,0.043493542820215225,-106,0.0016217328375205398,0,-4946,12850,7.053490844555199e-05,7.053490661164874e-05,True,-524276,-511426,True,0.06582264602184296,1178225955,40,1.790904576838496e-10,1885161528,44,1.790905082723165e-10,-95
9,26,LEAKY_RELU,1,22,0.043493542820215225,-106,0.0015783521812409163,0,-1947,-1828,6.864812894491479e-05,6.864812818018189e-05,True,-206382,-208210,True,0.06582264602184296,1146708917,40,3.3632206353479444e-10,1834734268,44,9.970835588289687e-11,-95
9,26,LEAKY_RELU,1,23,0.043493542820215225,-106,0.0018375322688370943,0,-12697,21915,7.992079190444201e-05,7.99207884181934e-05,True,-1345882,-1323967,True,0.06582264602184296,1335009172,40,2.6850390890962473e-11,2136014675,44,1.2048270639736387e-10,-95
9,26,LEAKY_RELU,1,24,0.043493542820215225,-106,0.0012409279588609934,0,-6529,24909,5.397235509008169e-05,5.397235331552289e-05,True,-692074,-667165,True,0.06582264602184296,1803125023,41,2.051835059160404e-10,1442500018,44,7.211298331424126e-11,-95
9,26,LEAKY_RELU,1,25,0.043493542820215225,-106,0.001417439547367394,0,-7007,16703,6.16494653513655e-05,6.164946764849024e-05,True,-742742,-726039,True,0.06582264602184296,2059604426,41,1.931740828592901e-10,1647683540,44,2.9235616070979864e-10,-95
9,26,LEAKY_RELU,1,26,0.043493542820215225,-106,0.0013706376776099205,0,-4129,20100,5.9613888879539445e-05,5.961388852212743e-05,True,-437674,-417574,True,0.06582264602184296,1991599170,41,2.2683581154366739e-10,1593279336,44,2.268359312557975e-10,-95
9,26,LEAKY_RELU,1,27,0.043493542820215225,-106,0.0024711107835173607,0,-6905,13956,0.00010747736087068915,0.00010747736267640792,True,-731930,-717974,True,0.06582264602184296,1795318437,40,8.690190273888523e-11,1436254750,43,1.9160008957256003e-10,-95
9,26,LEAKY_RELU,1,28,0.043493542820215225,-106,0.0017727107042446733,0,-6552,-1377,7.710146746831015e-05,7.710146892291958e-05,True,-694512,-695889,True,0.06582264602184296,1287914825,40,3.8807707567540426e-10,2060663719,44,9.720353257407013e-11,-95
9,26,LEAKY_RELU,1,29,0.043493542820215225,-106,0.0008351434371434152,0,-2161,-615,3.632334846770391e-05,3.632334684441885e-05,True,-229066,-229681,True,0.06582264602184296,1213501572,41,1.2084299282305408e-10,1941602515,45,2.2385076164353134e-10,-95
9,26,LEAKY_RELU,1,30,0.043493542820215225,-106,0.0012955173151567578,0,2165,-285,5.634663830278441e-05,5.634663782110071e-05,True,229490,229205,True,0.06582264602184296,1882445852,41,2.478964681535012e-10,1505956681,44,1.5052149314279083e-10,-95
9,26,LEAKY_RELU,1,31,0.043493542820215225,-106,0.001731382799334824,0,-6391,4948,7.530397124355659e-05,7.530397192105328e-05,True,-677446,-672498,True,0.06582264602184296,1257889157,40,3.501314765719572e-10,2012622652,44,4.735977886803983e-11,-95
9,26,LEAKY_RELU,1,32,0.043493542820215225,-106,0.0013608348090201616,0,974,4398,5.918752867728472e-05,5.918752703735781e-05,True,103244,107642,True,0.06582264602184296,1977355154,41,2.501163352693123e-10,1581884124,44,2.5560961836782037e-10,-95
9,26,LEAKY_RELU,1,33,0.043493542820215225,-106,0.0029600337147712708,0,-1638,6902,0.00012874235108029097,0.000128742353122685,True,-173628,-166726,True,0.06582264602184296,1075266058,39,1.0994452315906085e-10,1720425693,43,6.305719700936659e-12,-95
9,26,LEAKY_RELU,1,34,0.043493542820215225,-106,0.001562825171276927,0,-2171,9818,6.797280366299674e-05,6.797280350744322e-05,True,-230126,-220308,True,0.06582264602184296,1135428190,40,6.188041110084005e-11,1816685104,44,6.188041110084005e-11,-95
9,26,LEAKY_RELU,1,35,0.043493542820215225,-106,0.00142187112942338,0,-6717,16768,6.184221274452284e-05,6.184221285240356e-05,True,-712002,-695234,True,0.06582264602184296,2066043717,41,9.200119793518912e-11,1652834973,44,2.7101147866135635e-10,-95
9,26,LEAKY_RELU,1,36,0.043493542820215225,-106,0.0019478860776871443,0,-324,2684,8.472046465612948e-05,8.472046652878689e-05,True,-34344,-31660,True,0.06582264602184296,1415183735,40,1.528052882551722e-10,1132146988,43,1.5280541460903697e-10,-95
9,26,LEAKY_RELU,1,37,0.043493542820215225,-106,0.0017800255445763469,0,-4493,9231,7.741961599094793e-05,7.741961724410827e-05,True,-476258,-467027,True,0.06582264602184296,1293229223,40,8.49628142547125e-11,2069166757,44,1.1694358779251718e-11,-95
9,26,LEAKY_RELU,1,38,0.043493542820215225,-106,0.0017729435348883271,0,-15062,32265,7.711159560130909e-05,7.71115955524892e-05,True,-1596572,-1564307,True,0.06582264602184296,1288083981,40,2.1881992813339004e-10,2060934370,44,2.4733273671433903e-11,-95
9,26,LEAKY_RELU,1,39,0.043493542820215225,-106,0.0018500311998650432,0,-8805,15276,8.046440780162811e-05,8.04644112100644e-05,True,-933330,-918054,True,0.06582264602184296,1344089931,40,2.397365463450293e-11,1075271945,43,2.0997302493757817e-10,-95
9,26,LEAKY_RELU,1,40,0.043493542820215225,-106,0.0019334637327119708,0,-2885,10046,8.40931897982955e-05,8.409318765004127e-05,True,-305810,-295764,True,0.06582264602184296,1404705572,40,7.898485787592484e-11,1123764458,43,2.769614921016584e-10,-95
9,26,LEAKY_RELU,1,41,0.043493542820215225,-106,0.0009157090098597109,0,-2105,-911,3.9827427826821804e-05,3.982742903119022e-05,True,-223130,-224041,True,0.06582264602184296,1330567030,41,2.787036393389565e-10,2128907249,45,1.9102091097235717e-10,-95
9,26,LEAKY_RELU,1,42,0.043493542820215225,-106,0.0016970181604847312,0,-2679,12128,7.38093294785358e-05,7.380933202972553e-05,True,-283974,-271846,True,0.06582264602184296,1232922462,40,2.0279481217598342e-10,1972675940,44,2.0274564612897512e-10,-95
9,26,LEAKY_RELU,1,43,0.043493542820215225,-106,0.0020384634844958782,0,-2116,-4109,8.865999552654102e-05,8.865999885036661e-05,True,-224296,-228405,True,0.06582264602184296,1480990291,40,3.2512747873728376e-10,1184792232,43,3.5009647486418994e-10,-95
9,26,LEAKY_RELU,1,44,0.043493542820215225,-106,0.001960930647328496,0,-3054,4803,8.528782200301066e-05,8.52878210770543e-05,True,-323724,-318921,True,0.06582264602184296,1424660913,40,4.6340859987359004e-11,1139728730,43,3.97301566085449e-10,-95
9,26,LEAKY_RELU,1,45,0.043493542820215225,-106,0.0008598328568041325,0,-1085,14202,3.7397177948150784e-05,3.739717717563852e-05,True,-115010,-100808,True,0.06582264602184296,1249376427,41,1.4936650492539058e-11,1999002283,45,8.511330795486156e-11,-95
9,26,LEAKY_RELU,1,46,0.043493542820215225,-106,0.001012150663882494,0,-1261,5303,4.402201739139855e-05,4.402201824008252e-05,True,-133666,-128363,True,0.06582264602184296,1470701160,41,7.935472530248707e-11,1176560928,44,7.935472530248707e-11,-95
9,26,LEAKY_RELU,1,47,0.043493542820215225,-106,0.001241600839421153,0,-5906,7389,5.400161899160594e-05,5.400161927497909e-05,True,-626036,-618647,True,0.06582264602184296,1804102749,41,9.529737710681298e-11,1443282199,44,4.327566157537815e-11,-95
9,26,LEAKY_RELU,1,48,0.043493542820215225,-106,0.0012705458793789148,0,-13082,15999,5.5260541557800025e-05,5.526054160981484e-05,True,-1386692,-1370693,True,0.06582264602184296,1846161214,41,2.1399027136157045e-10,1476928972,44,3.276742334512848e-10,-95
9,26,LEAKY_RELU,1,49,0.043493542820215225,-106,0.0016146301059052348,0,-7620,20069,7.022598583716899e-05,7.022598364999797e-05,True,-807720,-787651,True,0.06582264602184296,1173065658,40,3.660689001433532e-10,1876905053,44,2.5951060147312487e-10,-95
9,26,LEAKY_RELU,1,50,0.043493542820215225,-106,0.0017965718870982528,0,-2122,17071,7.81392736826092e-05,7.813927630110273e-05,True,-224932,-207861,True,0.06582264602184296,1305250519,40,3.3751033916577177e-11,2088400830,44,1.577831701144325e-10,-95
9,26,LEAKY_RELU,1,51,0.043493542820215225,-106,0.0008583464659750462,0,-4718,4053,3.733252742676996e-05,3.733252877246608e-05,True,-500108,-496055,True,0.06582264602184296,1247216633,41,1.5473832312042322e-10,1995546613,45,5.451515685299764e-11,-95
9,26,LEAKY_RELU,1,52,0.043493542820215225,-106,0.0016021552728489041,0,-1389,6602,6.968341040192172e-05,6.968340896428742e-05,True,-147234,-140632,True,0.06582264602184296,1164002407,40,1.927778183376506e-10,1862403852,44,2.367744811161803e-10,-95
9,26,LEAKY_RELU,1,53,0.043493542820215225,-106,0.00201295199804008,0,-1836,10994,8.755041199037805e-05,8.755041392179402e-05,True,-194616,-183622,True,0.06582264602184296,1462455613,40,1.4067791514773742e-10,1169964490,43,2.0121284394977218e-10,-95
9,26,LEAKY_RELU,1,54,0.043493542820215225,-106,0.0018105459166690707,0,-1209,9289,7.874705624999478e-05,7.874705635461205e-05,True,-128154,-118865,True,0.06582264602184296,1315402971,40,2.446851689819882e-10,2104644753,44,4.03986627931238e-11,-95
9,26,LEAKY_RELU,1,55,0.043493542820215225,-106,0.0005748625262640417,0,-3344,24730,2.5002807888085954e-05,2.5002807901802196e-05,True,-354464,-329734,True,0.06582264602184296,1670603033,42,2.1690428378580922e-10,1336482426,45,8.238883985384608e-11,-95
9,26,LEAKY_RELU,1,56,0.043493542820215225,-106,0.0010170493042096496,0,-8912,48916,4.423507925821468e-05,4.4235077462912494e-05,True,-944672,-895756,True,0.06582264602184296,1477819108,41,2.2502450875083094e-10,1182255287,44,2.82480134663129e-10,-95
9,26,LEAKY_RELU,1,57,0.043493542820215225,-106,0.0013788469368591905,0,-7945,13768,5.997093830956146e-05,5.99709382908078e-05,True,-842170,-828402,True,0.06582264602184296,2003527599,41,1.1215217307064309e-10,1602822079,44,2.369321160578955e-10,-95
9,26,LEAKY_RELU,1,58,0.043493542820215225,-106,0.0010398214217275381,0,75,16059,4.52255189884454e-05,4.522551753128375e-05,True,7950,24009,True,0.06582264602184296,1510908036,41,2.968097486518984e-10,1208726428,44,3.650438631268697e-10,-95
9,26,LEAKY_RELU,1,59,0.043493542820215225,-106,0.0011403318494558334,0,-12403,16233,4.959707075613551e-05,4.959707212356251e-05,True,-1314718,-1298485,True,0.06582264602184296,1656954279,41,2.384700513958727e-10,1325563424,44,3.650467949175407e-10,-95
9,26,LEAKY_RELU,1,60,0.043493542820215225,-106,0.0017778080655261874,0,-7343,13742,7.732317317277193e-05,7.732317122408723e-05,True,-778358,-764616,True,0.06582264602184296,1291618174,40,6.095961271306427e-11,2066589078,44,1.3259608714648623e-10,-95
9,26,LEAKY_RELU,1,61,0.043493542820215225,-106,0.0009728293516673148,0,-2742,-3062,4.231179627822712e-05,4.231179506350457e-05,True,-290652,-293714,True,0.06582264602184296,1413565497,41,9.591791965071763e-11,1130852397,44,4.34655428720895e-10,-95
9,26,LEAKY_RELU,1,62,0.043493542820215225,-106,0.0013765419134870172,0,-928,701,5.987068288959563e-05,5.987068465806858e-05,True,-98368,-97667,True,0.06582264602184296,2000178295,41,2.6168159346940663e-11,1600142636,44,2.616812954727484e-11,-95
9,26,LEAKY_RELU,1,63,0.043493542820215225,-106,0.0017779329791665077,0,2353,6077,7.732860103715211e-05,7.732860416085133e-05,True,249418,255495,True,0.06582264602184296,1291708927,40,3.6027572524720484e-10,2066734282,44,2.2035050872878283e-10,-95
9,26,LEAKY_RELU,1,64,0.043493542820215225,-106,0.0013664301950484514,0,-1581,16538,5.943089126958512e-05,5.9430890199174864e-05,True,-167586,-151048,True,0.06582264602184296,1985485506,41,2.4525291394652404e-11,1588388405,44,1.0138837597779002e-10,-95
9,26,LEAKY_RELU,1,65,0.043493542820215225,-106,0.0020232773385941982,0,-1877,2330,8.799949864624068e-05,8.799949956331786e-05,True,-198962,-196632,True,0.06582264602184296,1469957209,40,2.782884823653838e-10,1175965767,43,1.0821538271809568e-10,-95
9,26,LEAKY_RELU,1,66,0.043493542820215225,-106,0.0025345676112920046,0,-1341,3008,0.00011023732804460451,0.00011023732493245942,True,-142146,-139138,True,0.06582264602184296,1841421272,40,1.1725775540789043e-10,1473137018,43,1.5427160505923812e-10,-95
9,26,LEAKY_RELU,1,67,0.043493542820215225,-106,0.0020508761517703533,0,-6139,13105,8.919987158151343e-05,8.919986972598208e-05,True,-650734,-637629,True,0.06582264602184296,1490008377,40,9.207145720669033e-11,1192006701,43,4.112815376221353e-10,-95
9,26,LEAKY_RELU,1,68,0.043493542820215225,-106,0.0018586632795631886,0,-1,-14289,8.083985449047759e-05,8.08398509380432e-05,True,-106,-14395,True,0.06582264602184296,1350361334,40,5.1656248416617566e-11,1080289067,43,2.367920135680657e-10,-95
9,26,LEAKY_RELU,1,69,0.043493542820215225,-106,0.0014873206382617354,0,-9460,21094,6.468884384958073e-05,6.468884386762663e-05,True,-1002760,-981666,True,0.06582264602184296,1080572422,40,2.0287675128674787e-10,1728915875,44,8.719732297596353e-11,-95
9,26,LEAKY_RELU,1,70,0.043493542820215225,-106,0.0009826670866459608,0,-2318,18361,4.2739673517644405e-05,4.273967301105224e-05,True,-245708,-227347,True,0.06582264602184296,1427860175,41,1.9450132063494419e-10,1142288140,44,1.9450132063494419e-10,-95
9,26,LEAKY_RELU,1,71,0.043493542820215225,-106,0.002229514066129923,0,-2279,5552,9.696946654003114e-05,9.696946550349396e-05,True,-241574,-236022,True,0.06582264602184296,1619792903,40,2.1147326066932856e-10,1295834322,43,9.720828620843978e-11,-95
9,26,LEAKY_RELU,1,72,0.043493542820215225,-106,0.002298936014994979,0,-2641,7418,9.998887253459543e-05,9.998887200911907e-05,True,-279946,-272528,True,0.06582264602184296,1670229534,40,2.776351103979775e-10,1336183628,43,3.210849932559703e-10,-95
9,26,LEAKY_RELU,1,73,0.043493542820215225,-106,0.0017650729278102517,0,-3186,8323,7.676927634747699e-05,7.676927496651784e-05,True,-337716,-329393,True,0.06582264602184296,1282365805,40,3.3869336864629346e-10,2051785289,44,1.4868697021031473e-10,-95
9,26,LEAKY_RELU,1,74,0.043493542820215225,-106,0.0020935474894940853,0,-1085,8089,9.105579374590889e-05,9.105579738046508e-05,True,-115010,-106921,True,0.06582264602184296,1521010079,40,2.9401220691662825e-10,1216808063,43,1.296476686834844e-10,-95
9,26,LEAKY_RELU,1,75,0.043493542820215225,-106,0.0017076010117307305,0,-4337,6181,7.426962110912427e-05,7.426961772355337e-05,True,-459722,-453541,True,0.06582264602184296,1240611145,40,3.6048292409614e-10,1984977833,44,1.4330101536893373e-10,-95
9,26,LEAKY_RELU,1,76,0.043493542820215225,-106,0.0017426564591005445,0,-12075,21716,7.579430530313402e-05,7.579430332481417e-05,True,-1279950,-1258234,True,0.06582264602184296,1266079729,40,1.509962687958684e-10,2025727566,44,4.646374380894491e-11,-95
9,26,LEAKY_RELU,1,77,0.043493542820215225,-106,0.0013772627571597695,0,-7444,11498,5.9902034990955144e-05,5.990203670321612e-05,True,-789064,-777566,True,0.06582264602184296,2001225714,41,1.3004439350210418e-10,1600980571,44,5.120923906332286e-12,-95
9,26,LEAKY_RELU,1,78,0.043493542820215225,-106,0.0020843229722231627,0,-6228,14939,9.06545901671052e-05,9.06545904435464e-05,True,-660168,-645229,True,0.06582264602184296,1514308256,40,1.312216082572753e-11,1211446605,43,1.5196976059173335e-10,-95
9,26,LEAKY_RELU,1,79,0.043493542820215225,-106,0.002103144070133567,0,-6583,11129,9.147318633040413e-05,9.147318667143602e-05,True,-697798,-686669,True,0.06582264602184296,1527982214,40,2.4683226060651793e-10,1222385771,43,8.321771262265136e-11,-95
9,26,LEAKY_RELU,1,80,0.043493542820215225,-106,0.001842834404669702,0,-4287,15427,8.015139610506594e-05,8.015139709006752e-05,True,-454422,-438995,True,0.06582264602184296,1338861295,40,1.1472683237961254e-10,2142178072,44,1.1472678786070306e-10,-95
9,26,LEAKY_RELU,1,81,0.043493542820215225,-106,0.0023458474315702915,0,-9588,20049,0.00010202921839663759,0.00010202921571469438,True,-1016328,-996279,True,0.06582264602184296,1704311750,40,1.7876751657469876e-10,1363449400,43,1.7876758652040529e-10,-95
9,26,LEAKY_RELU,1,82,0.043493542820215225,-106,0.0015764364507049322,0,670,3943,6.856480467831716e-05,6.856480627208308e-05,True,71020,74963,True,0.06582264602184296,1145317095,40,3.3710589076493546e-10,1832507353,44,2.0859440770133275e-10,-95
9,26,LEAKY_RELU,1,83,0.043493542820215225,-106,0.0017047820147126913,0,-3280,17513,7.414700667141005e-05,7.414700955603922e-05,True,-347680,-330167,True,0.06582264602184296,1238563080,40,2.3158706918702963e-10,1981700928,44,2.3158702106300126e-10,-95
9,26,LEAKY_RELU,1,84,0.043493542820215225,-106,0.0013276113895699382,0,-77,9896,5.774252349510789e-05,5.774252282086554e-05,True,-8162,1734,True,0.06582264602184296,1929080008,41,2.3054701278103247e-11,1543264006,44,2.8224564075162945e-10,-95
9,26,LEAKY_RELU,1,85,0.043493542820215225,-106,0.0008251078543253243,0,-8180,34493,3.5886863770429045e-05,3.58868637933944e-05,True,-867080,-832587,True,0.06582264602184296,1198919412,41,1.8108800012796551e-10,1918271059,45,7.682742300006897e-11,-95
9,26,LEAKY_RELU,1,86,0.043493542820215225,-106,0.00202136836014688,0,-4552,8634,8.791647269390523e-05,8.791647132747656e-05,True,-482512,-473878,True,0.06582264602184296,1468570292,40,9.398664797193192e-11,1174856234,43,2.464805009770146e-10,-95
9,26,LEAKY_RELU,1,87,0.043493542820215225,-106,0.0024069391656666994,0,350,2252,0.000104686310805846,0.0001046863116675777,True,37100,39352,True,0.06582264602184296,1748696291,40,1.2787290690222916e-10,1398957033,43,2.7083648617517144e-10,-95
9,26,LEAKY_RELU,1,88,0.043493542820215225,-106,0.0010482523357495666,0,-682,6666,4.559220906230621e-05,4.55922078513144e-05,True,-72292,-65626,True,0.06582264602184296,1523158539,41,1.0715948356920326e-10,1218526831,44,5.697325274126442e-11,-95
9,26,LEAKY_RELU,1,89,0.043493542820215225,-106,0.00042295962339267135,0,18216,-77616,1.8396012819721363e-05,1.8396012491251256e-05,True,1930896,1853280,True,0.06582264602184296,1229159316,42,7.595702514432138e-11,1966654905,46,2.2912954512130552e-10,-95
9,26,LEAKY_RELU,1,90,0.043493542820215225,-106,0.001363197574391961,0,-493,10958,5.929029066464864e-05,5.929029207423029e-05,True,-52258,-41300,True,0.06582264602184296,1980788361,41,2.345948849040711e-10,1584630688,44,2.7025469859392543e-10,-95
9,26,LEAKY_RELU,1,91,0.043493542820215225,-106,0.0014884170377627015,0,1580,434,6.473653047578409e-05,6.473653016626996e-05,True,167480,167914,True,0.06582264602184296,1081368981,40,6.07146997989068e-11,1730190370,44,1.7047367787120924e-10,-95
9,26,LEAKY_RELU,1,92,0.043493542820215225,-106,0.0015310506569221616,0,142,15296,6.659081554971635e-05,6.659081730676268e-05,True,15052,30348,True,0.06582264602184296,1112343279,40,3.2095897915785373e-10,1779749247,44,1.6167057156652445e-11,-95
9,26,LEAKY_RELU,1,93,0.043493542820215225,-106,0.0004404117353260517,0,31649,-108352,1.9155066183884628e-05,1.9155066668928925e-05,True,3354794,3246442,True,0.06582264602184296,1279876748,42,2.3077042741104135e-11,2047802797,46,1.207426970302503e-10,-95
9,26,LEAKY_RELU,1,94,0.043493542820215225,-106,0.002441585762426257,0,-1847,-3400,0.00010619321255944669,0.00010619321490731425,True,-195782,-199182,True,0.06582264602184296,1773867835,40,9.618177993117659e-11,1419094268,43,9.618164552512082e-11,-95
9,26,LEAKY_RELU,1,95,0.043493542820215225,-106,0.0019258487736806273,0,-5458,22415,8.376198820769787e-05,8.376198610333735e-05,True,-578548,-556133,True,0.06582264602184296,1399173130,40,2.928107993189114e-10,1119338504,43,2.928108845187247e-10,-95
9,26,LEAKY_RELU,1,96,0.043493542820215225,-106,0.0013193755876272917,0,5678,-48,5.738431718782522e-05,5.7384318616414236e-05,True,601868,601820,True,0.06582264602184296,1917113012,41,2.476014424010104e-10,1533690409,44,1.436118325054696e-10,-95
9,26,LEAKY_RELU,1,97,0.043493542820215225,-106,0.0015693289460614324,0,0,7275,6.825567834312096e-05,6.825567571452614e-05,True,0,7275,True,0.06582264602184296,1140153331,40,9.605491903987018e-11,1824245329,44,2.3284821165318975e-10,-95
9,26,LEAKY_RELU,1,98,0.043493542820215225,-106,0.0018667926779016852,0,-7122,22680,8.119342965073884e-05,8.11934272727812e-05,True,-754932,-732252,True,0.06582264602184296,1356267528,40,2.3586109009093605e-10,1085014022,43,1.327978718095843e-10,-95
9,26,LEAKY_RELU,1,99,0.043493542820215225,-106,0.0019546779803931713,0,-2584,10482,8.501586853526533e-05,8.501587043996221e-05,True,-273904,-263422,True,0.06582264602184296,1420118208,40,2.1525945035146764e-10,1136094566,43,1.3682387460438347e-10,-95
9,26,LEAKY_RELU,1,100,0.043493542820215225,-106,0.000794856867287308,0,-23165,45105,3.4571141441119835e-05,3.457114119330266e-05,True,-2455490,-2410385,True,0.06582264602184296,1154963345,41,3.802228191915257e-10,1847941353,45,1.609198437885847e-10,-95
9,26,LEAKY_RELU,1,101,0.043493542820215225,-106,0.005141636822372675,0,-989,3728,0.0002236279979115352,0.00022362800129986128,True,-104834,-101106,True,0.06582264602184296,1867758306,39,2.648178790094302e-10,1494206645,42,1.3096767991420461e-10,-95
9,26,LEAKY_RELU,1,102,0.043493542820215225,-106,0.000811513455118984,0,-4486,39370,3.529559398884885e-05,3.5295595209398336e-05,True,-475516,-436146,True,0.06582264602184296,1179166129,41,3.362342427688917e-10,1886665806,45,1.242200117494909e-10,-95
9,26,LEAKY_RELU,1,103,0.043493542820215225,-106,0.0006774953217245638,0,-11306,13953,2.946667154901661e-05,2.9466671785922808e-05,True,-1198436,-1184483,True,0.06582264602184296,1968863315,42,5.1798064406211356e-11,1575090652,45,5.179803413257868e-11,-95
9,26,LEAKY_RELU,1,104,0.043493542820215225,-106,0.0013702086871489882,0,-3855,20189,5.959522968623787e-05,5.959523020714541e-05,True,-408630,-388441,True,0.06582264602184296,1990975828,41,1.449959414078263e-10,1592780662,44,1.0613722286539799e-10,-95
9,26,LEAKY_RELU,1,105,0.043493542820215225,-106,0.0017880341038107872,0,-13740,20041,7.776793790981174e-05,7.776793785809963e-05,True,-1456440,-1436399,True,0.06582264602184296,1299047624,40,2.698476352471284e-10,2078476199,44,1.8825361160649754e-11,-95
9,26,LEAKY_RELU,1,106,0.043493542820215225,-106,0.0020987982861697674,0,-5086,20949,9.128417150350288e-05,9.12841731305191e-05,True,-539116,-518167,True,0.06582264602184296,1524824902,40,1.9215179174083972e-10,1219859922,43,1.3575471034219362e-10,-95
9,26,LEAKY_RELU,1,107,0.043493542820215225,-106,0.001573834684677422,0,-8453,24090,6.845164898550138e-05,6.845164624995738e-05,True,-896018,-871928,True,0.06582264602184296,1143426853,40,6.180013072507643e-11,1829482965,44,1.7112058272873445e-10,-95
9,26,LEAKY_RELU,1,108,0.043493542820215225,-106,0.0019121994264423847,0,-16426,34996,8.316832827404141e-05,8.316832763476285e-05,True,-1741156,-1706160,True,0.06582264602184296,1389256568,40,1.2989954128976762e-10,1111405254,43,2.300052673619913e-10,-95
9,26,LEAKY_RELU,1,109,0.043493542820215225,-106,0.0008069233153946698,0,-11413,34631,3.509595262585208e-05,3.5095953770748105e-05,True,-1209778,-1175147,True,0.06582264602184296,1172496446,41,1.2016454816843193e-10,1875994313,45,1.996658710423945e-10,-95
9,26,LEAKY_RELU,1,110,0.043493542820215225,-106,0.0017184809548780322,0,-5764,6589,7.474282756447792e-05,7.474282499671204e-05,True,-610984,-604395,True,0.06582264602184296,1248515673,40,2.420337360872494e-10,1997625076,44,1.584418133462553e-10,-95
9,26,LEAKY_RELU,1,111,0.043493542820215225,-106,0.0015855184756219387,0,2470,970,6.895981641719118e-05,6.895981571170516e-05,True,261820,262790,True,0.06582264602184296,1151915394,40,2.7219590883494216e-11,1843064630,44,1.8981023726967038e-10,-95
9,26,LEAKY_RELU,1,112,0.043493542820215225,-106,0.0013493223814293742,0,-7120,25594,5.868681182619184e-05,5.868681077497327e-05,True,-754720,-729126,True,0.06582264602184296,1960627071,41,1.0127688292481444e-10,1568501657,44,2.6233312189713794e-11,-95
9,26,LEAKY_RELU,1,113,0.043493542820215225,-106,0.001297034788876772,0,-1924,14104,5.641263851430267e-05,5.6412638129320694e-05,True,-203944,-189840,True,0.06582264602184296,1884650810,41,9.678210097389e-11,1507720648,44,9.678219585296964e-11,-95
9,26,LEAKY_RELU,1,114,0.043493542820215225,-106,0.0015318691730499268,0,-3238,3276,6.662641681032255e-05,6.662641747301468e-05,True,-343228,-339952,True,0.06582264602184296,1112937950,40,2.0641816201375783e-11,1780700720,44,2.0641869757501505e-11,-95
9,26,LEAKY_RELU,1,115,0.043493542820215225,-106,0.0010589463636279106,0,2606,-724,4.605732829077169e-05,4.605732901076173e-05,True,276236,275512,True,0.06582264602184296,1538697450,41,2.752300457197666e-11,1230957960,44,2.7522888360739464e-11,-95
9,26,LEAKY_RELU,1,116,0.043493542820215225,-106,0.0013161925598978996,0,-5181,23161,5.724587754230015e-05,5.724587746356799e-05,True,-549186,-526025,True,0.06582264602184296,1912487927,41,1.0408766389492322e-10,1529990341,44,2.8807176796537526e-10,-95
9,26,LEAKY_RELU,1,117,0.043493542820215225,-106,0.0011126580648124218,0,-6305,26754,4.839344182983041e-05,4.8393441186176875e-05,True,-668330,-641576,True,0.06582264602184296,1616743006,41,7.176787887423109e-11,1293394405,44,2.2639964179277598e-10,-95
9,26,LEAKY_RELU,1,118,0.043493542820215225,-106,0.0019390300149098039,0,-2019,-762,8.433528273599222e-05,8.433528498316212e-05,True,-214014,-214776,True,0.06582264602184296,1408749603,40,2.0607274602786476e-10,1126999683,43,3.26314313995385e-10,-95
9,26,LEAKY_RELU,1,119,0.043493542820215225,-106,0.0016805322375148535,0,-5448,25673,7.309229840757325e-05,7.309230083310438e-05,True,-577488,-551815,True,0.06582264602184296,1220945063,40,3.3678578971105076e-10,1953512100,44,7.273314322859002e-11,-95
9,26,LEAKY_RELU,1,120,0.043493542820215225,-106,0.0007339557050727308,0,-70,4573,3.1922332709655166e-05,3.192233388672207e-05,True,-7420,-2847,True,0.06582264602184296,2132942348,42,1.381267810804779e-10,1706353879,45,2.1350007924498956e-10,-95
9,26,LEAKY_RELU,1,121,0.043493542820215225,-106,0.0018631622660905123,0,-2588,12935,8.103552681859583e-05,8.103552780121693e-05,True,-274328,-261393,True,0.06582264602184296,1353629951,40,3.23619111632107e-10,1082903960,43,4.1513522782740684e-10,-95
9,26,LEAKY_RELU,1,122,0.043493542820215225,-106,0.0017420938238501549,0,-5882,15783,7.576982898171991e-05,7.576983232445919e-05,True,-623492,-607709,True,0.06582264602184296,1265670961,40,3.523222521799539e-10,2025073538,44,1.5479856109803495e-10,-95
9,26,LEAKY_RELU,1,123,0.043493542820215225,-106,0.002164574107155204,0,-6569,17610,9.414499800186604e-05,9.4144996617084e-05,True,-696314,-678704,True,0.06582264602184296,1572612539,40,6.465494635301378e-11,1258090031,43,9.431622640628502e-11,-95
9,26,LEAKY_RELU,1,124,0.043493542820215225,-106,0.001023516640998423,0,-5939,23650,4.4516364141600206e-05,4.451636485246777e-05,True,-629534,-605884,True,0.06582264602184296,1487216444,41,1.2195283278429123e-10,1189773155,44,2.900522239603654e-10,-95
9,26,LEAKY_RELU,1,125,0.043493542820215225,-106,0.001021242467686534,0,-1568,14378,4.4417454773793e-05,4.441745299814653e-05,True,-166208,-151830,True,0.06582264602184296,1483911966,41,3.042441717304496e-10,1187129573,44,1.3577068621506645e-10,-95
9,26,LEAKY_RELU,1,126,0.043493542820215225,-106,0.0017468816367909312,0,-3732,5988,7.597807416459545e-05,7.597807127161403e-05,True,-395592,-389604,True,0.06582264602184296,1269149417,40,5.848870775778471e-11,2030639067,44,4.0002500556701606e-11,-95
9,26,LEAKY_RELU,1,127,0.043493542820215225,-106,0.00125889724586159,0,-6513,27035,5.4753902077209204e-05,5.4753901269132075e-05,True,-690378,-663343,True,0.06582264602184296,1829235218,41,1.8340698617664672e-10,1463388174,44,8.993132197326137e-11,-95
9,26,LEAKY_RELU,1,128,0.043493542820215225,-106,0.0017932022456079721,0,47,3146,7.799272134434432e-05,7.799271865465644e-05,True,4982,8128,True,0.06582264602184296,1302802397,40,3.3254901873690387e-10,2084483836,44,5.123894617304705e-11,-95
9,26,LEAKY_RELU,1,129,0.043493542820215225,-106,0.0013791080564260483,0,-9277,29006,5.99822960793972e-05,5.9982295305870126e-05,True,-983362,-954356,True,0.06582264602184296,2003907018,41,5.689747435186327e-11,1603125614,44,1.9261521957844354e-10,-95
9,26,LEAKY_RELU,1,130,0.043493542820215225,-106,0.0017773894360288978,0,1235,-8384,7.730496145086363e-05,7.730496354412105e-05,True,130910,122526,True,0.06582264602184296,1291314030,40,2.154624723112058e-11,2066102448,44,2.1546270310187093e-11,-95
9,26,LEAKY_RELU,1,131,0.043493542820215225,-106,0.0012559283059090376,0,-6237,13628,5.4624772019451484e-05,5.462477155217509e-05,True,-661122,-647494,True,0.06582264602184296,1824921212,41,1.433529752424268e-10,1459936970,44,1.3063142311727551e-10,-95
9,26,LEAKY_RELU,1,132,0.043493542820215225,-106,0.0016954252496361732,0,-5112,16146,7.374004781013355e-05,7.374005069352499e-05,True,-541872,-525726,True,0.06582264602184296,1231765176,40,1.0411355089060074e-10,1970824282,44,9.884716373292003e-11,-95
9,26,LEAKY_RELU,1,133,0.043493542820215225,-106,0.001963929506018758,0,-2600,6792,8.541825081920251e-05,8.541825206591098e-05,True,-275600,-268808,True,0.06582264602184296,1426839652,40,2.900909357748981e-10,1141471722,43,6.0333822570905e-11,-95
9,26,LEAKY_RELU,1,134,0.043493542820215225,-106,0.0035514698829501867,0,-4348,8305,0.0001544660044601187,0.0001544660074287987,True,-460888,-452583,True,0.06582264602184296,1290112002,39,4.861209992944343e-11,2064179203,43,4.827880490795383e-11,-95
9,26,LEAKY_RELU,1,135,0.043493542820215225,-106,0.00208878587000072,0,-7869,24493,9.084869816433638e-05,9.084869767913683e-05,True,-834114,-809621,True,0.06582264602184296,1517550653,40,1.389721040374545e-10,1214040523,43,3.552453759641278e-10,-95
9,26,LEAKY_RELU,1,136,0.043493542820215225,-106,0.002047886373475194,0,-5443,21007,8.906983566703275e-05,8.906983367567862e-05,True,-576958,-555951,True,0.06582264602184296,1487836235,40,2.4908349893897223e-10,1190268988,43,2.4908349893897223e-10,-95
9,26,LEAKY_RELU,1,137,0.043493542820215225,-106,0.0017844518879428506,0,-10285,27863,7.761213782941923e-05,7.761213459885627e-05,True,-1090210,-1062347,True,0.06582264602184296,1296445063,40,2.4206147830632114e-10,2074312100,44,1.4360856988403023e-10,-95
9,26,LEAKY_RELU,1,138,0.043493542820215225,-106,0.001867863116785884,0,-16887,26135,8.123998122755438e-05,8.123998445222751e-05,True,-1790022,-1763887,True,0.06582264602184296,1357045226,40,1.191473391552487e-11,1085636181,43,1.9613842521473373e-10,-95
9,26,LEAKY_RELU,1,139,0.043493542820215225,-106,0.002672877162694931,0,-5957,14879,0.0001162529006251134,0.00011625289732884736,True,-631442,-616563,True,0.06582264602184296,1941906321,40,7.469908837888225e-12,1553525057,43,1.21269535330947e-10,-95
9,26,LEAKY_RELU,1,140,0.043493542820215225,-106,0.0020084634888917208,0,-121,-843,8.73551907716319e-05,8.735519275695092e-05,True,-12826,-13669,True,0.06582264602184296,1459194608,40,2.448302508442123e-10,1167355687,43,2.691517888992096e-10,-95
9,26,LEAKY_RELU,1,141,0.043493542820215225,-106,0.0015373964561149478,0,-5148,27086,6.686682172585279e-05,6.686681859568262e-05,True,-545688,-518602,True,0.06582264602184296,1116953647,40,3.95180145891318e-10,1787125836,44,5.24660041036691e-11,-95
9,26,LEAKY_RELU,1,142,0.043493542820215225,-106,0.0009392836946062744,0,-17879,24995,4.085277396370657e-05,4.0852775591687955e-05,True,-1895174,-1870179,True,0.06582264602184296,1364822124,41,3.2433554805307633e-10,1091857700,44,4.0836053246688607e-10,-95
9,26,LEAKY_RELU,1,143,0.043493542820215225,-106,0.00028526890673674643,0,-9783,28791,1.2407355825416744e-05,1.2407355410430664e-05,True,-1036998,-1008207,True,0.06582264602184296,1658035022,43,4.415798438780359e-11,1326428018,46,2.5740376415123073e-10,-95
9,26,LEAKY_RELU,1,144,0.043493542820215225,-106,0.0016269446350634098,0,-6977,18826,7.076158362906426e-05,7.076158615124985e-05,True,-739562,-720736,True,0.06582264602184296,1182012445,40,1.609736080607191e-10,1891219912,44,1.6097370891354006e-10,-95
9,26,LEAKY_RELU,1,145,0.043493542820215225,-106,0.00102923100348562,0,-5805,22152,4.47649035777431e-05,4.47649027219949e-05,True,-615330,-593178,True,0.06582264602184296,1495519674,41,2.2492675617998566e-11,1196415739,44,1.4467337613058759e-10,-95
9,26,LEAKY_RELU,1,146,0.043493542820215225,-106,0.0017464685952290893,0,-4951,18148,7.596010982524604e-05,7.596010663075753e-05,True,-524806,-506658,True,0.06582264602184296,1268849333,40,1.6149374610399137e-10,2030158932,44,2.3256416627861018e-10,-95
9,26,LEAKY_RELU,1,147,0.043493542820215225,-106,0.0010126380948349833,0,-8198,12835,4.404321953188628e-05,4.4043218339086514e-05,True,-868988,-856153,True,0.06582264602184296,1471409420,41,2.9797691865566676e-10,1177127536,44,2.97976959164205e-10,-95
9,26,LEAKY_RELU,1,148,0.043493542820215225,-106,0.001281613134779036,0,14595,-18646,5.574189708568156e-05,5.574189575646227e-05,True,1547070,1528424,True,0.06582264602184296,1862242442,41,8.482345897717992e-11,1489793954,44,1.8366994975786486e-10,-95
9,26,LEAKY_RELU,1,149,0.043493542820215225,-106,0.0011437957873567939,0,-2082,14048,4.97477303724736e-05,4.97477310549845e-05,True,-220692,-206644,True,0.06582264602184296,1661987539,41,2.6094492274640293e-10,1329590032,44,3.407442337989311e-10,-95
9,26,LEAKY_RELU,1,150,0.043493542820215225,-106,0.0013321215519681573,0,-5573,16584,5.793868695036508e-05,5.793868576225861e-05,True,-590738,-574154,True,0.06582264602184296,1935633480,41,4.127036007451864e-11,1548506784,44,4.1270483247930106e-11,-95
9,26,LEAKY_RELU,1,151,0.043493542820215225,-106,0.0028613226022571325,0,-4088,11976,0.00012444905587472022,0.00012444905712372025,True,-433328,-421352,True,0.06582264602184296,2078816238,40,3.685641681318432e-11,1663052990,43,2.0366519798719386e-10,-95
9,26,LEAKY_RELU,1,152,0.043493542820215225,-106,0.002259255852550268,0,-9942,23054,9.826304449234158e-05,9.826304116471694e-05,True,-1053852,-1030798,True,0.06582264602184296,1641400990,40,3.1789366796306856e-11,1313120792,43,3.1789366796306856e-11,-95
9,26,LEAKY_RELU,1,153,0.043493542820215225,-106,0.0019127217819914222,0,-3519,8688,8.31910438137129e-05,8.319104672820229e-05,True,-373014,-364326,True,0.06582264602184296,1389636071,40,4.260815104149352e-11,1111708857,43,1.3729493753874932e-10,-95
9,26,LEAKY_RELU,1,154,0.043493542820215225,-106,0.0018138076411560178,0,-3637,11871,7.888892287155613e-05,7.888892030825283e-05,True,-385522,-373651,True,0.06582264602184296,1317772688,40,2.4691435056456517e-11,2108436301,44,7.016559236200336e-11,-95
9,26,LEAKY_RELU,1,155,0.043493542820215225,-106,0.0024645414669066668,0,-2135,3748,0.00010719164129113778,0.00010719163982310115,True,-226310,-222562,True,0.06582264602184296,1790545679,40,2.450463694751039e-10,1432436543,43,1.0542412861672835e-10,-95
9,26,LEAKY_RELU,1,156,0.043493542820215225,-106,0.0014293128624558449,0,-5331,14960,6.216588371898979e-05,6.216588018670768e-05,True,-565086,-550126,True,0.06582264602184296,2076856895,41,3.788740301018406e-11,1661485516,44,3.78872882123953e-11,-95
9,26,LEAKY_RELU,1,157,0.043493542820215225,-106,0.0026759000029414892,0,-1532,4871,0.00011638436990324408,0.00011638437136054971,True,-162392,-157521,True,0.06582264602184296,1944102484,40,2.515756128474037e-10,1555281987,43,1.2298144636750884e-10,-95
9,26,LEAKY_RELU,1,158,0.043493542820215225,-106,0.0023017856292426586,0,-3194,9813,0.00010011281119659543,0.00010011281182842162,True,-338564,-328751,True,0.06582264602184296,1672299844,40,1.880990602518029e-10,1337839875,43,3.3759388898355124e-10,-95
9,26,LEAKY_RELU,1,159,0.043493542820215225,-106,0.0006737981457263231,0,-3439,9007,2.930586924776435e-05,2.9305868503329453e-05,True,-364534,-355527,True,0.06582264602184296,1958118984,42,2.0593036180104556e-10,1566495187,45,7.825678236133598e-11,-95
9,26,LEAKY_RELU,1,160,0.043493542820215225,-106,0.0018621974159032106,0,-6755,18963,8.099356637103483e-05,8.099356304828043e-05,True,-716030,-697067,True,0.06582264602184296,1352928965,40,1.0443687372586422e-10,1082343172,43,1.0443674155785023e-10,-95
9,26,LEAKY_RELU,1,161,0.043493542820215225,-106,0.0017635925905779004,0,-1028,4901,7.670489139854908e-05,7.670488985571421e-05,True,-108968,-104067,True,0.06582264602184296,1281290307,40,2.9932410948293153e-10,2050064491,44,2.0176613315120024e-10,-95
9,26,LEAKY_RELU,1,162,0.043493542820215225,-106,0.0017293241107836366,0,-3170,10373,7.521443330915645e-05,7.521443226239872e-05,True,-336020,-325647,True,0.06582264602184296,1256393473,40,1.408090667935281e-10,2010229557,44,4.131796558492092e-11,-95
9,26,LEAKY_RELU,1,163,0.043493542820215225,-106,0.0018058751011267304,0,-4064,20390,7.854390423744917e-05,7.854390603881595e-05,True,-430784,-410394,True,0.06582264602184296,1312009516,40,3.6667711925168657e-10,2099215226,44,1.761297663133669e-10,-95
9,26,LEAKY_RELU,1,164,0.043493542820215225,-106,0.0020378970075398684,0,-8909,15838,8.86353591340594e-05,8.863536076062373e-05,True,-944354,-928516,True,0.06582264602184296,1480578732,40,4.639357896050733e-11,1184462986,43,2.9131212351983444e-10,-95
9,26,LEAKY_RELU,1,165,0.043493542820215225,-106,0.0008898810483515263,0,-4574,27582,3.8704078178852797e-05,3.870407948137512e-05,True,-484844,-457262,True,0.06582264602184296,1293037822,41,1.6350500211501224e-10,2068860516,45,2.2318128919924717e-10,-95
9,26,LEAKY_RELU,1,166,0.043493542820215225,-106,0.0019154084147885442,0,-504,-9594,8.330789569299668e-05,8.330789790680611e-05,True,-53424,-63018,True,0.06582264602184296,1391587971,40,1.170500398468232e-10,1113270377,43,6.260083755411223e-11,-95
9,26,LEAKY_RELU,1,167,0.043493542820215225,-106,0.0031088702380657196,0,-284,8467,0.0001352157851215452,0.00013521578082180408,True,-30104,-21637,True,0.06582264602184296,1129332625,39,2.6768589419754836e-10,1806932200,43,2.6768589419754836e-10,-95
9,26,LEAKY_RELU,1,168,0.043493542820215225,-106,0.0009410848724655807,0,-3839,21419,4.093111419933848e-05,4.093111519803852e-05,True,-406934,-385515,True,0.06582264602184296,1367439318,41,1.2332462756132126e-10,1093951455,44,4.251457798893343e-10,-95
9,26,LEAKY_RELU,1,169,0.043493542820215225,-106,0.002182353287935257,0,-884,3723,9.491827950114384e-05,9.491827617764959e-05,True,-93704,-89981,True,0.06582264602184296,1585529520,40,6.097086381403133e-11,1268423616,43,6.097078862824131e-11,-95
9,26,LEAKY_RELU,1,170,0.043493542820215225,-106,0.002029850147664547,0,-1018,6438,8.828537102090195e-05,8.828537431606817e-05,True,-107908,-101470,True,0.06582264602184296,1474732505,40,3.1365942752657996e-10,1179786004,43,3.1365934669206304e-10,-95
9,26,LEAKY_RELU,1,171,0.043493542820215225,-106,0.0006869359058327973,0,-6222,15822,2.9877275665057823e-05,2.9877276235082103e-05,True,-659532,-643710,True,0.06582264602184296,1996298515,42,1.6555431558292713e-12,1597038812,45,1.655602870991435e-12,-95
9,26,LEAKY_RELU,1,172,0.043493542820215225,-106,0.0021211570128798485,0,772,282,9.225663234246895e-05,9.225663336808951e-05,True,81832,82114,True,0.06582264602184296,1541069028,40,2.3779679582227143e-11,1232855222,43,3.482298567727324e-10,-95
9,26,LEAKY_RELU,1,173,0.043493542820215225,-106,0.001989654265344143,0,368,-1507,8.653711120132357e-05,8.653711298716935e-05,True,39008,37501,True,0.06582264602184296,1445529278,40,1.7284576302827246e-10,1156423422,43,1.7304830338469637e-10,-95
9,26,LEAKY_RELU,1,174,0.043493542820215225,-106,0.0013827963266521692,0,-1803,-754,6.014271275489591e-05,6.014271124488244e-05,True,-191118,-191872,True,0.06582264602184296,2009266243,41,2.130709770524915e-11,1607412994,44,2.7015421835965015e-10,-95
9,26,LEAKY_RELU,1,175,0.043493542820215225,-106,0.0008537337416782975,0,-5618,32226,3.713190380949527e-05,3.71319050507476e-05,True,-595508,-563282,True,0.06582264602184296,1240514134,41,2.6547092187090932e-11,1984822614,45,2.2807646048986724e-10,-95
9,26,LEAKY_RELU,1,176,0.043493542820215225,-106,0.0014376372564584017,0,7552,-13646,6.252793536987156e-05,6.252793757371023e-05,True,800512,786866,True,0.06582264602184296,2088952620,41,1.190463862904226e-10,1671162096,44,1.1904635775715468e-10,-95
9,26,LEAKY_RELU,1,177,0.043493542820215225,-106,0.0019868575036525726,0,-1003,2437,8.641547174192965e-05,8.64154719127791e-05,True,-106318,-103881,True,0.06582264602184296,1443497366,40,3.385815919187248e-10,1154797893,43,1.6539111315247914e-10,-95
9,26,LEAKY_RELU,1,178,0.043493542820215225,-106,0.0021489153150469065,0,-2890,6894,9.346393926534802e-05,9.346394027200892e-05,True,-306340,-299446,True,0.06582264602184296,1561236069,40,1.896100131004268e-10,1248988855,43,2.948036722216668e-11,-95
9,26,LEAKY_RELU,1,179,0.043493542820215225,-106,0.0017904911655932665,0,-4081,3320,7.787480717524886e-05,7.78748041799478e-05,True,-432586,-429266,True,0.06582264602184296,1300832736,40,1.0186162784763755e-10,2081332377,44,1.8641527314243755e-10,-95
9,26,LEAKY_RELU,1,180,0.043493542820215225,-106,0.002330191433429718,0,754,-2620,0.000101348283351399,0.00010134828088917414,True,79924,77304,True,0.06582264602184296,1692937310,40,4.898817118094278e-12,1354349848,43,4.898817118094278e-12,-95
9,26,LEAKY_RELU,1,181,0.043493542820215225,-106,0.002552882768213749,0,-3511,9802,0.00011103391443612054,0.00011103391599429427,True,-372166,-362364,True,0.06582264602184296,1854727652,40,7.13465991259091e-11,1483782122,43,1.9823463076872536e-10,-95
9,26,LEAKY_RELU,1,182,0.043493542820215225,-106,0.0025156266056001186,0,-2182,11336,0.0001094135150196962,0.00010941351349034144,True,-231292,-219956,True,0.06582264602184296,1827660199,40,7.091688546604515e-11,1462128159,43,6.587015983542574e-11,-95
9,26,LEAKY_RELU,1,183,0.043493542820215225,-106,0.0034144031815230846,0,-3270,9026,0.0001485044922446832,0.00014850449098105338,True,-346620,-337594,True,0.06582264602184296,1240320957,39,9.460269379770226e-12,1984513531,43,9.13201206459261e-11,-95
9,26,LEAKY_RELU,1,184,0.043493542820215225,-106,0.001745165791362524,0,-1476,5522,7.590344466734678e-05,7.590344307500073e-05,True,-156456,-150934,True,0.06582264602184296,1267902816,40,1.8346286778510622e-11,2028644506,44,1.7882963824794364e-10,-95
9,26,LEAKY_RELU,1,185,0.043493542820215225,-106,0.0020253562834113836,0,-1946,14331,8.808991697151214e-05,8.808992023874498e-05,True,-206276,-191945,True,0.06582264602184296,1471467609,40,3.3602367008155846e-10,1177174088,43,3.435699097859081e-10,-95
9,26,LEAKY_RELU,1,186,0.043493542820215225,-106,0.001565895858220756,0,-2380,12415,6.810636114096269e-05,6.810635856152212e-05,True,-252280,-239865,True,0.06582264602184296,1137659114,40,1.2725894441804526e-10,1820254583,44,2.0236522483695807e-10,-95
9,26,LEAKY_RELU,1,187,0.043493542820215225,-106,0.0017741371411830187,0,-5302,23851,7.716350955888629e-05,7.716350971897785e-05,True,-562012,-538161,True,0.06582264602184296,1288951164,40,3.700037701234474e-10,2062321862,44,1.7604753168384226e-10,-95
9,26,LEAKY_RELU,1,188,0.043493542820215225,-106,0.001417957479134202,0,7526,-17916,6.167199171613902e-05,6.167199433596785e-05,True,797756,779840,True,0.06582264602184296,2060357004,41,6.007789874843144e-11,1648285603,44,1.814160937795002e-10,-95
9,26,LEAKY_RELU,1,189,0.043493542820215225,-106,0.0005900249816477299,0,-3750,11761,2.5662277039373294e-05,2.566227680429224e-05,True,-397500,-385739,True,0.06582264602184296,1714666514,42,2.6958872702062626e-10,1371733211,45,1.237876418272308e-10,-95
9,26,LEAKY_RELU,1,190,0.043493542820215225,-106,0.0013645660365000367,0,4487,-12552,5.9349811635911465e-05,5.934981133952572e-05,True,475622,463070,True,0.06582264602184296,1982776799,41,2.502383054207631e-10,1586221439,44,1.2415244472381777e-10,-95
9,26,LEAKY_RELU,1,191,0.043493542820215225,-106,0.002027032431215048,0,-1319,3710,8.816282206680626e-05,8.816282184501666e-05,True,-139814,-136104,True,0.06582264602184296,1472685369,40,1.1250289139897062e-10,1178148295,43,2.8226076747333363e-10,-95
9,26,LEAKY_RELU,1,192,0.043493542820215225,-106,0.0011755907908082008,0,-5498,25196,5.113060979056172e-05,5.113060839906716e-05,True,-582788,-557592,True,0.06582264602184296,1708187132,41,1.011049222382777e-10,1366549706,44,1.9160305488132019e-10,-95
9,26,LEAKY_RELU,1,193,0.043493542820215225,-106,0.00042007153388112783,0,-4291,-42,1.8270398868480697e-05,1.8270399246412324e-05,True,-454846,-454888,True,0.06582264602184296,1220766264,42,1.0601600087092663e-10,1953226022,46,9.877345555785029e-11,-95
9,26,LEAKY_RELU,1,194,0.043493542820215225,-106,0.0013877613237127662,0,-1905,17287,6.035865590092726e-05,6.035865655713976e-05,True,-201930,-184643,True,0.06582264602184296,2016480611,41,1.8636365768161877e-10,1613184488,44,3.09549863495483e-10,-95
9,26,LEAKY_RELU,1,195,0.043493542820215225,-106,0.0012230623979121447,0,-1527,75,5.3195315558696166e-05,5.3195316775386976e-05,True,-161862,-161787,True,0.06582264602184296,1777165546,41,1.620660648216602e-10,1421732437,44,2.1392619670657115e-11,-95
9,26,LEAKY_RELU,1,196,0.043493542820215225,-106,0.0013984376564621925,0,-5144,21416,6.082300751586445e-05,6.08230080927398e-05,True,-545264,-523848,True,0.06582264602184296,2031993810,41,4.2195523762170415e-11,1625595048,44,4.219549442908658e-11,-95
9,26,LEAKY_RELU,1,197,0.043493542820215225,-106,0.0016596376663073897,0,-7091,24844,7.218352402560413e-05,7.218352190558252e-05,True,-751646,-726802,True,0.06582264602184296,1205764679,40,2.2116966625962064e-10,1929223487,44,8.983619353947193e-11,-95
9,26,LEAKY_RELU,1,198,0.043493542820215225,-106,0.0006202426739037037,0,-10611,21520,2.697655145311728e-05,2.6976551296355525e-05,True,-1124766,-1103246,True,0.06582264602184296,1802481889,42,2.5180614651849006e-10,1441985511,45,1.1310843155230037e-10,-95
9,26,LEAKY_RELU,1,199,0.043493542820215225,-106,0.002063178922981024,0,432,-3722,8.973496005637571e-05,8.973496083244069e-05,True,45792,42070,True,0.06582264602184296,1498946621,40,1.37555558954433e-10,1199157297,43,2.922819228694384e-11,-95
9,26,LEAKY_RELU,1,200,0.043493542820215225,-106,0.0018055266700685024,0,-7674,7122,7.852874841773883e-05,7.852875153766502e-05,True,-813444,-806322,True,0.06582264602184296,1311756373,40,2.723956518633851e-10,2098810197,44,1.7710365761083566e-10,-95
9,26,LEAKY_RELU,1,201,0.043493542820215225,-106,0.0017190373037010431,0,-7670,7983,7.476702012354508e-05,7.476702257806864e-05,True,-813020,-805037,True,0.06582264602184296,1248919873,40,1.3802763326006456e-10,1998271797,44,2.381141181656126e-10,-95
9,26,LEAKY_RELU,1,202,0.043493542820215225,-106,0.002009435323998332,0,-8964,17590,8.73974640853703e-05,8.739746130877451e-05,True,-950184,-932594,True,0.06582264602184296,1459900669,40,1.616958668142652e-10,1167920535,43,9.548619707563494e-12,-95
9,26,LEAKY_RELU,1,203,0.043493542820215225,-106,0.002422844059765339,0,-4816,7541,0.0001053780724760145,0.00010537807186010786,True,-510496,-502955,True,0.06582264602184296,1760251560,40,1.7670102547529577e-10,1408201248,43,1.7670099161386017e-10,-95
9,26,LEAKY_RELU,1,204,0.043493542820215225,-106,0.0008333204314112663,0,-20631,26048,3.6244058719603345e-05,3.6244057866546137e-05,True,-2186886,-2160838,True,0.06582264602184296,1210852662,41,3.9302759070470903e-10,1937364258,45,2.2637064314479518e-10,-95
9,26,LEAKY_RELU,1,205,0.043493542820215225,-106,0.0004806028155144304,0,-603,984,2.0903118638671003e-05,2.0903119136092877e-05,True,-63918,-62934,True,0.06582264602184296,1396675700,42,2.254382736818243e-10,1117340560,45,2.2543831635790493e-10,-95
9,26,LEAKY_RELU,1,206,0.043493542820215225,-106,0.002346515655517578,0,-4332,15413,0.00010205827857134864,0.00010205827914155918,True,-459192,-443779,True,0.06582264602184296,1704797230,40,1.572414200120418e-10,1363837784,43,1.572414200120418e-10,-95
9,26,LEAKY_RELU,1,207,0.043493542820215225,-106,0.0011048930464312434,0,-1008,10273,4.8055713705252856e-05,4.8055713026715335e-05,True,-106848,-96575,True,0.06582264602184296,1605460079,41,2.4284861495013887e-10,1284368064,44,3.8002572096653877e-10,-95
9,26,LEAKY_RELU,1,208,0.043493542820215225,-106,0.0017648619832471013,0,-2767,5104,7.67601013649255e-05,7.676010024012777e-05,True,-293302,-288198,True,0.06582264602184296,1282212549,40,3.042685530992044e-10,2051540079,44,1.1805411343654332e-11,-95
9,26,LEAKY_RELU,1,209,0.043493542820215225,-106,0.000761458941269666,0,-4678,26136,3.311854743515141e-05,3.311854706794797e-05,True,-495868,-469732,True,0.06582264602184296,1106434633,41,2.4106587489559338e-11,1770295413,45,1.370820821774713e-10,-95
9,26,LEAKY_RELU,1,210,0.043493542820215225,-106,0.002101751510053873,0,-14711,33160,9.141262125922367e-05,9.141261929998014e-05,True,-1559366,-1526206,True,0.06582264602184296,1526970487,40,5.783737439728601e-11,1221576390,43,3.852831658453584e-10,-95
9,26,LEAKY_RELU,1,211,0.043493542820215225,-106,0.0015626921085640788,0,-989,7919,6.796701927669346e-05,6.796701613864418e-05,True,-104834,-96915,True,0.06582264602184296,1135331517,40,1.5060315341603122e-10,1816530427,44,4.0503048419020945e-11,-95
9,26,LEAKY_RELU,1,212,0.043493542820215225,-106,0.0013548731803894043,0,-2289,6904,5.892823537578806e-05,5.892823468722774e-05,True,-242634,-235730,True,0.06582264602184296,1968692636,41,1.4968666380671913e-10,1574954109,44,2.7667443033592355e-10,-95
9,26,LEAKY_RELU,1,213,0.043493542820215225,-106,0.0020815127063542604,0,-11225,14262,9.053236135514453e-05,9.05323620246411e-05,True,-1189850,-1175588,True,0.06582264602184296,1512266534,40,2.2143621471734094e-10,1209813227,43,5.612136204822234e-11,-95
9,26,LEAKY_RELU,1,214,0.043493542820215225,-106,0.0019300492713227868,0,-5405,9334,8.39446802274324e-05,8.394468062740282e-05,True,-572930,-563596,True,0.06582264602184296,1402224888,40,6.576798007556482e-11,1121779910,43,2.9080828919556906e-10,-95
9,26,LEAKY_RELU,1,215,0.043493542820215225,-106,0.0011515559162944555,0,23,6306,5.008524749428034e-05,5.008524655522508e-05,True,2438,8744,True,0.06582264602184296,1673263361,41,2.0495470076693594e-10,1338610689,44,5.5546133911050654e-11,-95
9,26,LEAKY_RELU,1,216,0.043493542820215225,-106,0.0031006340868771076,0,-5093,10981,0.0001348575606243685,0.00013485756142740842,True,-539858,-528877,True,0.06582264602184296,1126340749,39,2.7072770013264125e-10,1802145199,43,6.220874119039888e-11,-95
9,26,LEAKY_RELU,1,217,0.043493542820215225,-106,0.0017343981890007854,0,556,1574,7.543512037955225e-05,7.54351219006094e-05,True,58936,60510,True,0.06582264602184296,1260079907,40,6.363215397928903e-11,2016127851,44,3.5567998743441094e-11,-95
9,26,LEAKY_RELU,1,218,0.043493542820215225,-106,0.001558960764668882,0,-1495,9202,6.78047290421091e-05,6.780472677316149e-05,True,-158470,-149268,True,0.06582264602184296,1132620610,40,2.171887213410809e-10,1812192976,44,2.1718882659193756e-10,-95
9,26,LEAKY_RELU,1,219,0.043493542820215225,-106,0.0017933479975908995,0,-5289,17440,7.799905870342627e-05,7.799905792476702e-05,True,-560634,-543194,True,0.06582264602184296,1302908290,40,3.2345303001376326e-10,2084653263,44,1.562430964164423e-10,-95
9,26,LEAKY_RELU,1,220,0.043493542820215225,-106,0.0024049105122685432,0,-1361,-1338,0.0001045980752678588,0.00010459807834413762,True,-144266,-145604,True,0.06582264602184296,1747222428,40,1.5011867522263707e-10,1397777942,43,1.3604981257968373e-10,-95
9,26,LEAKY_RELU,1,221,0.043493542820215225,-106,0.0015486408956348896,0,-6090,32398,6.735588249284774e-05,6.735587910743253e-05,True,-645540,-613142,True,0.06582264602184296,1125122990,40,3.2556577363983455e-10,1800196783,44,2.29929052933284e-10,-95
9,26,LEAKY_RELU,1,222,0.043493542820215225,-106,0.001649222569540143,0,-1843,4851,7.173053018050268e-05,7.173053244835959e-05,True,-195358,-190507,True,0.06582264602184296,1198197874,40,3.9168648469763966e-10,1917116598,44,1.8303973700286884e-10,-95
9,26,LEAKY_RELU,1,223,0.043493542820215225,-106,0.0008386070840060711,0,-6342,26305,3.647399353212677e-05,3.647399311755388e-05,True,-672252,-645947,True,0.06582264602184296,1218534409,41,2.406513722183132e-10,1949655055,45,6.709527648585662e-11,-95
9,26,LEAKY_RELU,1,224,0.043493542820215225,-106,0.0012634227750822902,0,-8517,29222,5.4950731282588094e-05,5.495073256807674e-05,True,-902802,-873580,True,0.06582264602184296,1835811018,41,2.1521595700014563e-10,1468648815,44,1.9332269652481592e-10,-95
9,26,LEAKY_RELU,1,225,0.043493542820215225,-106,0.0009934997651726007,0,-2353,11874,4.3210824514972046e-05,4.321082457840828e-05,True,-249418,-237544,True,0.06582264602184296,1443600552,41,8.697666970290173e-11,1154880442,44,2.593794053553027e-10,-95
9,26,LEAKY_RELU,1,226,0.043493542820215225,-106,0.001548613654449582,0,-6499,-2757,6.735469651175663e-05,6.735469429177288e-05,True,-688894,-691651,True,0.06582264602184296,1125103198,40,2.579702459692385e-10,1800165117,44,1.4686932634697134e-10,-95
9,26,LEAKY_RELU,1,227,0.043493542820215225,-106,0.00199400563724339,0,-5789,10926,8.67263661348261e-05,8.672636956719593e-05,True,-613634,-602708,True,0.06582264602184296,1448690649,40,1.0854393916759015e-10,1158952519,43,6.402572558751159e-11,-95
9,26,LEAKY_RELU,1,228,0.043493542820215225,-106,0.0027132490649819374,0,-3423,4093,0.0001180088147521019,0.00011800881438970082,True,-362838,-358745,True,0.06582264602184296,1971237430,40,1.6676695250064844e-10,1576989944,43,1.667670734493355e-10,-95
9,26,LEAKY_RELU,1,229,0.043493542820215225,-106,0.0017867322312667966,0,-10427,22371,7.771131640765816e-05,7.771131480886111e-05,True,-1105262,-1082891,True,0.06582264602184296,1298101784,40,1.5857320774008886e-10,2076962855,44,1.3031007949955636e-10,-95
9,26,LEAKY_RELU,1,230,0.043493542820215225,-106,0.0010842630872502923,0,-6595,20994,4.7158442612271756e-05,4.7158443013699345e-05,True,-699070,-678076,True,0.06582264602184296,1575483806,41,7.005325890074384e-11,1260387045,44,8.862815631304521e-11,-95
9,26,LEAKY_RELU,1,231,0.043493542820215225,-106,0.0012331639882177114,0,-4597,20788,5.3634670621249825e-05,5.3634670725894416e-05,True,-487282,-466494,True,0.06582264602184296,1791843619,41,2.5282478633841186e-10,1433474895,44,1.1330361572865911e-10,-95
9,26,LEAKY_RELU,1,232,0.043493542820215225,-106,0.0017150079365819693,0,100,-602,7.459177140844986e-05,7.459177112673684e-05,True,10600,9998,True,0.06582264602184296,1245992446,40,3.498773678299399e-10,1993587913,44,4.891246123274212e-11,-95
9,26,LEAKY_RELU,1,233,0.043493542820215225,-106,0.0011392271844670177,0,-4864,25287,4.9549027608009055e-05,4.954902632956946e-05,True,-515584,-490297,True,0.06582264602184296,1655349151,41,1.849281367321581e-10,1324279321,44,3.3595364110418845e-10,-95
9,26,LEAKY_RELU,1,234,0.043493542820215225,-106,0.0011788709089159966,0,-4754,18284,5.127327312948182e-05,5.127327235644394e-05,True,-503924,-485640,True,0.06582264602184296,1712953294,41,2.0257154319562025e-10,1370362635,44,5.6624738614918315e-11,-95
9,26,LEAKY_RELU,1,235,0.043493542820215225,-106,0.002135674236342311,0,-5668,17629,9.288803994422778e-05,9.288803884838475e-05,True,-600808,-583179,True,0.06582264602184296,1551616123,40,3.026049812920087e-10,1241292898,43,1.9639633941766968e-11,-95
9,26,LEAKY_RELU,1,236,0.043493542820215225,-106,0.0004507694684434682,0,22563,-84530,1.9605560737545602e-05,1.960556117779164e-05,True,2391678,2307148,True,0.06582264602184296,1309977267,42,7.166859458696448e-11,2095963627,46,2.3752976889760798e-11,-95
9,26,LEAKY_RELU,1,237,0.043493542820215225,-106,0.0009646149119362235,0,13264,-30697,4.1954521293519065e-05,4.1954519977316276e-05,True,1405984,1375287,True,0.06582264602184296,1401629541,41,2.748974959672948e-10,1121303632,44,4.385577866328723e-10,-95
9,26,LEAKY_RELU,1,238,0.043493542820215225,-106,0.001617369707673788,0,-409,2644,7.034513691905886e-05,7.034513863682888e-05,True,-43354,-40710,True,0.06582264602184296,1175056042,40,2.5451724564005085e-10,1880089667,44,1.4813926453029381e-10,-95
9,26,LEAKY_RELU,1,239,0.043493542820215225,-106,0.0004752524837385863,0,-4165,757,2.067041350528598e-05,2.0670414251897844e-05,True,-441490,-440733,True,0.06582264602184296,1381127147,42,2.6955563951958354e-10,1104901717,45,2.7347921476244664e-10,-95
9,26,LEAKY_RELU,1,240,0.043493542820215225,-106,0.0021730568259954453,0,-2979,13793,9.451393998460844e-05,9.451394011219388e-05,True,-315774,-301981,True,0.06582264602184296,1578775428,40,4.7594000058001765e-11,1263020342,43,2.691071917396462e-10,-95
9,26,LEAKY_RELU,1,241,0.043493542820215225,-106,0.0018818393582478166,0,-3441,4044,8.184785838238895e-05,8.184786070871775e-05,True,-364746,-360702,True,0.06582264602184296,1367199285,40,2.2275390443418895e-10,1093759428,43,2.2275394803035335e-10,-95
9,26,LEAKY_RELU,1,242,0.043493542820215225,-106,0.0009616712341085076,0,-9625,12981,4.1826489905361086e-05,4.18264889996676e-05,True,-1020250,-1007269,True,0.06582264602184296,1397352242,41,1.6704442023797722e-10,1117881794,44,1.9077507986999072e-10,-95
9,26,LEAKY_RELU,1,243,0.043493542820215225,-106,0.0028825027402490377,0,-5561,9375,0.00012537025031633675,0.00012537025636240925,True,-589466,-580091,True,0.06582264602184296,2094204092,40,1.825204389842437e-11,1675363274,43,2.2050203144806523e-10,-95
9,26,LEAKY_RELU,1,244,0.043493542820215225,-106,0.0024734847247600555,0,-2582,9690,0.00010758061398519203,0.00010758061379149975,True,-273692,-264002,True,0.06582264602184296,1797043160,40,1.6587750037914025e-10,1437634528,43,1.6587736770643407e-10,-95
9,26,LEAKY_RELU,1,245,0.043493542820215225,-106,0.001860413234680891,0,-8556,26857,8.091596100712195e-05,8.091596268588845e-05,True,-906936,-880079,True,0.06582264602184296,1351632716,40,3.2610695168126686e-10,1081306173,43,1.4114550664191157e-10,-95
9,26,LEAKY_RELU,1,246,0.043493542820215225,-106,0.0017548088217154145,0,-6871,14997,7.632285269210115e-05,7.63228526285708e-05,True,-728326,-713329,True,0.06582264602184296,1274908698,40,1.0099199234658535e-10,2039853917,44,1.9903813557192116e-10,-95
9,26,LEAKY_RELU,1,247,0.043493542820215225,-106,0.001622276846319437,0,-16051,31268,7.055856985971332e-05,7.055856748163815e-05,True,-1701406,-1670138,True,0.06582264602184296,1178621190,40,2.6622659631753417e-11,1885793904,44,2.6622735489007568e-11,-95
9,26,LEAKY_RELU,1,248,0.043493542820215225,-106,0.0010860273614525795,0,-5381,19822,4.723517849924974e-05,4.7235177549263124e-05,True,-570386,-550564,True,0.06582264602184296,1578047377,41,8.653579164924542e-11,1262437902,44,2.3031140066888646e-10,-95
9,26,LEAKY_RELU,1,249,0.043493542820215225,-106,0.0022209614980965853,0,-2111,10084,9.659748320700601e-05,9.659748401951319e-05,True,-223766,-213682,True,0.06582264602184296,1613579267,40,2.501150303084189e-10,1290863413,43,2.1469029654768368e-10,-95
9,26,LEAKY_RELU,1,250,0.043493542820215225,-106,0.0017000478692352772,0,-1345,4781,7.394110434688628e-05,7.394110479700018e-05,True,-142570,-137789,True,0.06582264602184296,1235123615,40,1.0404259688768101e-10,1976197784,44,1.0404252450062105e-10,-95
9,26,LEAKY_RELU,1,251,0.043493542820215225,-106,0.0038604980800300837,0,10,1649,0.00016790673544164747,0.0001679067385511471,True,1060,2709,True,0.06582264602184296,1402370024,39,3.0409270272726366e-10,1121896020,42,4.0898590148322685e-10,-95
9,26,LEAKY_RELU,1,252,0.043493542820215225,-106,0.0018506937194615602,0,-8085,28225,8.04932278697379e-05,8.049322653450475e-05,True,-857010,-828785,True,0.06582264602184296,1344571267,40,3.049182742423422e-10,1075657013,43,2.5288030366230075e-10,-95
9,26,LEAKY_RELU,1,253,0.043493542820215225,-106,0.0012721327366307378,0,-6302,34519,5.532956129172817e-05,5.532955965364657e-05,True,-668012,-633493,True,0.06582264602184296,1848466990,41,2.629135118531563e-10,1478773592,44,2.629135763440507e-10,-95
9,26,LEAKY_RELU,1,254,0.043493542820215225,-106,0.0024900990538299084,0,-2440,11212,0.00010830323299160227,0.00010830322982432854,True,-258640,-247428,True,0.06582264602184296,1809113849,40,1.814303922147469e-10,1447291079,43,3.1961959467584775e-10,-95
9,26,LEAKY_RELU,1,255,0.043493542820215225,-106,0.002559739165008068,0,-1909,9692,0.00011133212683489546,0.00011133212498186038,True,-202354,-192662,True,0.06582264602184296,1859708981,40,2.092219656427181e-11,1487767185,43,1.1350740663939453e-10,-95
9,26,LEAKY_RELU,1,256,0.043493542820215225,-106,0.0007859827019274235,0,-8523,48733,3.4185173717560247e-05,3.418517230222885e-05,True,-903438,-854705,True,0.06582264602184296,1142068778,41,2.5593152402208395e-10,1827310044,45,1.8187050643521672e-10,-95
9,26,LEAKY_RELU,1,257,0.043493542820215225,-106,0.0020433368626981974,0,-5679,14592,8.887195872375742e-05,8.887195933388829e-05,True,-601974,-587382,True,0.06582264602184296,1484530911,40,7.786802257226312e-11,1187624729,43,9.053534183604659e-11,-95
9,26,LEAKY_RELU,1,258,0.043493542820215225,-106,0.001478996011428535,0,-2534,11055,6.432677764678374e-05,6.432677635399451e-05,True,-268604,-257549,True,0.06582264602184296,1074524390,40,1.944983272522813e-10,1719239024,44,1.9449838272300426e-10,-95
9,26,LEAKY_RELU,1,259,0.043493542820215225,-106,0.001964063849300146,0,-4986,17886,8.54240934131667e-05,8.542409513117265e-05,True,-528516,-510630,True,0.06582264602184296,1426937256,40,8.62433174354862e-11,1141549805,43,2.614436493078718e-10,-95
9,26,LEAKY_RELU,1,260,0.043493542820215225,-106,0.000284297188045457,0,18780,-69690,1.2365091606625356e-05,1.2365091921921864e-05,True,1990680,1920990,True,0.06582264602184296,1652387215,43,2.7043302612100064e-10,1321909772,46,2.704330982646776e-10,-95
9,26,LEAKY_RELU,1,261,0.043493542820215225,-106,0.0010635876096785069,0,-3536,24172,4.62591924588196e-05,4.6259193244602495e-05,True,-374816,-350644,True,0.06582264602184296,1545441393,41,3.046253408987213e-10,1236353114,44,1.8906824356485293e-11,-95
9,26,LEAKY_RELU,1,262,0.043493542820215225,-106,0.0008802892407402396,0,-8295,35990,3.828689659712836e-05,3.828689778631036e-05,True,-879270,-843280,True,0.06582264602184296,1279100487,41,3.904199204502548e-10,2046560780,45,4.797354265436013e-13,-95
9,26,LEAKY_RELU,1,263,0.043493542820215225,-106,0.002034480683505535,0,-4343,7343,8.848676952766255e-05,8.848677272494873e-05,True,-460358,-453015,True,0.06582264602184296,1478096695,40,2.6299768547957884e-10,1182477356,43,2.62997564503776e-10,-95
9,26,LEAKY_RELU,1,264,0.043493542820215225,-106,0.0014875505585223436,0,-6668,6049,6.469884101534262e-05,6.469884391432663e-05,True,-706808,-700759,True,0.06582264602184296,1080739464,40,9.500435997804308e-11,1729183143,44,2.519802305279705e-10,-95
9,26,LEAKY_RELU,1,265,0.043493542820215225,-106,0.002294402802363038,0,-2450,5830,9.979170863516629e-05,9.97917065313986e-05,True,-259700,-253870,True,0.06582264602184296,1666936052,40,4.521816855382778e-11,1333548842,43,3.451695440154882e-10,-95
9,26,LEAKY_RELU,1,266,0.043493542820215225,-106,0.0017737727612257004,0,-23,818,7.71476625232026e-05,7.71476615437014e-05,True,-2438,-1620,True,0.06582264602184296,1288686433,40,1.239802613892348e-10,2061898293,44,2.6982289670710423e-11,-95
9,26,LEAKY_RELU,1,267,0.043493542820215225,-106,0.0021458754781633615,0,-6891,11195,9.333172783954069e-05,9.333172699634799e-05,True,-730446,-719251,True,0.06582264602184296,1559027558,40,1.5233408607499966e-10,1247222046,43,1.6837861583063417e-10,-95
9,26,LEAKY_RELU,1,268,0.043493542820215225,-106,0.0011461206013336778,0,-5539,15312,4.9848844355437905e-05,4.984884545123714e-05,True,-587134,-571822,True,0.06582264602184296,1665365600,41,2.1833746179892554e-10,1332292480,44,2.183375691711051e-10,-95
9,26,LEAKY_RELU,1,269,0.043493542820215225,-106,0.0025040956679731607,0,-3595,10236,0.00010891199053730816,0.00010891199216090611,True,-381070,-370834,True,0.06582264602184296,1819282709,40,1.4194827242296213e-10,1455426167,43,2.793650679148127e-10,-95
9,26,LEAKY_RELU,1,270,0.043493542820215225,-106,0.00225347769446671,0,1790,-2159,9.801172564039007e-05,9.801172859868774e-05,True,189740,187581,True,0.06582264602184296,1637203026,40,5.93377486119983e-11,1309762421,43,9.336162758367947e-11,-95
9,26,LEAKY_RELU,1,271,0.043493542820215225,-106,0.0014222237514331937,0,-4836,16126,6.185755046317354e-05,6.185754963288674e-05,True,-512616,-496490,True,0.06582264602184296,2066556093,41,1.4439674751711028e-10,1653244874,44,9.755168144924459e-11,-95
9,26,LEAKY_RELU,1,272,0.043493542820215225,-106,0.0016123381210491061,0,-63,-3926,7.012629794189706e-05,7.012629710851466e-05,True,-6678,-10604,True,0.06582264602184296,1171400479,40,6.033448950833714e-11,1874240767,44,2.597950370633222e-10,-95
9,26,LEAKY_RELU,1,273,0.043493542820215225,-106,0.0014935457147657871,0,-1552,8788,6.495959678431973e-05,6.495959449911472e-05,True,-164512,-155724,True,0.06582264602184296,1085095082,40,6.80705596221222e-11,1736152131,44,1.8326794764307416e-10,-95
9,26,LEAKY_RELU,1,274,0.043493542820215225,-106,0.0020690818782895803,0,-9140,22426,8.999169949674979e-05,8.999170127191921e-05,True,-968840,-946414,True,0.06582264602184296,1503235253,40,6.109221790673519e-11,1202588202,43,3.9370815341756495e-10,-95
9,26,LEAKY_RELU,1,275,0.043493542820215225,-106,0.0014934437349438667,0,341,10733,6.495515845017508e-05,6.495515903536322e-05,True,36146,46879,True,0.06582264602184296,1085020991,40,3.718750286790383e-10,1736033586,44,1.4146476733073146e-10,-95
9,26,LEAKY_RELU,1,276,0.043493542820215225,-106,0.0023656825069338083,0,-9140,14733,0.00010289191413903609,0.0001028919134143597,True,-968840,-954107,True,0.06582264602184296,1718722386,40,1.793097434521957e-10,1374977909,43,3.2476652185183014e-10,-95
9,26,LEAKY_RELU,1,277,0.043493542820215225,-106,0.0014426459092646837,0,-3067,17928,6.274578481679782e-05,6.274578162901185e-05,True,-325102,-307174,True,0.06582264602184296,2096230421,41,6.002835931861825e-11,1676984337,44,5.923328208836111e-11,-95
9,26,LEAKY_RELU,1,278,0.043493542820215225,-106,0.001773538300767541,0,-5575,8035,7.713746163062751e-05,7.713746402772479e-05,True,-590950,-582915,True,0.06582264602184296,1288516092,40,2.1779417848831305e-10,2061625748,44,1.702490468860567e-10,-95
9,26,LEAKY_RELU,1,279,0.043493542820215225,-106,0.0016316577093675733,0,71,4885,7.096657645888627e-05,7.096657445031284e-05,True,7526,12411,True,0.06582264602184296,1185436601,40,2.8951536819121915e-10,1896698562,44,7.8622630515998e-11,-95
9,26,LEAKY_RELU,1,280,0.043493542820215225,-106,0.0012232832377776504,0,327,2171,5.3204923460725695e-05,5.320492188353376e-05,True,34662,36833,True,0.06582264602184296,1777486437,41,1.6717770069512976e-10,1421989149,44,2.5476644723953223e-10,-95
9,26,LEAKY_RELU,1,281,0.043493542820215225,-106,0.0025369366630911827,0,-5030,11995,0.00011034036288037896,0.00011034036338833028,True,-533180,-521185,True,0.06582264602184296,1843142442,40,2.5467397151079495e-10,1474513954,43,1.6601828380973962e-11,-95
9,26,LEAKY_RELU,1,282,0.043493542820215225,-106,0.0016590835293754935,0,-3797,-1496,7.215941877802834e-05,7.215942052720683e-05,True,-402482,-403978,True,0.06582264602184296,1205362086,40,1.0478760872307656e-10,1928579338,44,1.0261887391855179e-10,-95
9,26,LEAKY_RELU,1,283,0.043493542820215225,-106,0.002547099720686674,0,-4666,11151,0.00011078239185735583,0.0001107823907690441,True,-494596,-483445,True,0.06582264602184296,1850526136,40,5.814342119800773e-12,1480420909,43,1.4091105604238305e-10,-95
9,26,LEAKY_RELU,1,284,0.043493542820215225,-106,0.0014194450341165066,0,-2248,14739,6.173669680720195e-05,6.173669337228814e-05,True,-238288,-223549,True,0.06582264602184296,2062518489,41,2.3269849304610592e-10,1650014792,44,2.5214561647142905e-10,-95
9,26,LEAKY_RELU,1,285,0.043493542820215225,-106,0.0016895653679966927,0,-6111,17333,7.348518556682393e-05,7.348518368051685e-05,True,-647766,-630433,True,0.06582264602184296,1227507838,40,2.01387537314307e-10,1964012541,44,9.955526651469731e-11,-95
9,26,LEAKY_RELU,1,286,0.043493542820215225,-106,0.001410182798281312,0,1210,1840,6.133384886197746e-05,6.133384592137917e-05,True,128260,130100,True,0.06582264602184296,2049060038,41,1.8700404995474433e-10,1639248030,44,5.701036135331339e-11,-95
9,26,LEAKY_RELU,1,287,0.043493542820215225,-106,0.0019911814015358686,0,-7552,23266,8.660353341838345e-05,8.660353355051647e-05,True,-800512,-777246,True,0.06582264602184296,1446638777,40,5.606905526482885e-11,1157311022,43,2.89559727760642e-10,-95
9,26,LEAKY_RELU,1,288,0.043493542820215225,-106,0.0016978285275399685,0,1303,-2764,7.38445742172189e-05,7.384457776394258e-05,True,138118,135354,True,0.06582264602184296,1233511212,40,3.474862667921249e-10,1973617940,44,5.786067692601364e-11,-95
9,26,LEAKY_RELU,1,289,0.043493542820215225,-106,0.0018368763849139214,0,-4834,19124,7.98922628746368e-05,7.989226170269578e-05,True,-512404,-493280,True,0.06582264602184296,1334532657,40,2.8615621445930426e-10,2135252252,44,8.850671179230471e-11,-95
9,26,LEAKY_RELU,1,290,0.043493542820215225,-106,0.00294086174108088,0,-3991,13232,0.0001279084972338751,0.00012790849606403396,True,-423046,-409814,True,0.06582264602184296,2136603239,40,1.701256703410671e-10,1709282591,43,2.8713390762540777e-10,-95
9,26,LEAKY_RELU,1,291,0.043493542820215225,-106,0.0014653705293312669,0,-452,4508,6.373415817506611e-05,6.37341558649509e-05,True,-47912,-43404,True,0.06582264602184296,2129250332,41,1.7748719414662117e-10,1703400266,44,5.733718192019767e-11,-95
9,26,LEAKY_RELU,1,292,0.043493542820215225,-106,0.001933707157149911,0,1509,2225,8.410377631662413e-05,8.41037750412563e-05,True,159954,162179,True,0.06582264602184296,1404882426,40,3.372629034763473e-10,1123905940,43,3.745404769596378e-10,-95
9,26,LEAKY_RELU,1,293,0.043493542820215225,-106,0.0011769302655011415,0,-3635,22775,5.118886838317849e-05,5.1188866898981174e-05,True,-385310,-362535,True,0.06582264602184296,1710133450,41,5.998742834431272e-11,1368106760,44,5.998756775950227e-11,-95
9,26,LEAKY_RELU,1,294,0.043493542820215225,-106,0.0030707961414009333,0,-3608,9140,0.0001335598062723875,0.00013355980346817318,True,-382448,-373308,True,0.06582264602184296,1115501775,39,1.9333439754331292e-10,1784802840,43,1.9333434411027847e-10,-95
9,26,LEAKY_RELU,1,295,0.043493542820215225,-106,0.0024020089767873287,0,-2938,8341,0.0001044718810589984,0.00010447188028644104,True,-311428,-303087,True,0.06582264602184296,1745114396,40,4.323290635845268e-11,1396091517,43,1.864898539632956e-10,-95
9,26,LEAKY_RELU,1,296,0.043493542820215225,-106,0.0020426048431545496,0,-2079,7829,8.884011913323775e-05,8.884012121052141e-05,True,-220374,-212545,True,0.06582264602184296,1483999082,40,1.3074873324750467e-10,1187199266,43,2.0617857835624423e-10,-95
9,26,LEAKY_RELU,1,297,0.043493542820215225,-106,0.0012298979563638568,0,-202,3070,5.3492618462769315e-05,5.34926194296066e-05,True,-21412,-18342,True,0.06582264602184296,1787097925,41,2.0850143191851557e-11,1429678340,44,2.0850143191851557e-11,-95
9,26,LEAKY_RELU,1,298,0.043493542820215225,-106,0.0012245523976162076,0,-3796,15975,5.32601225131657e-05,5.3260122141317746e-05,True,-402376,-386401,True,0.06582264602184296,1779330584,41,3.563340448772627e-11,1423464467,44,1.0486894030769028e-10,-95
9,26,LEAKY_RELU,1,299,0.043493542820215225,-106,0.0016978144412860274,0,-6071,20573,7.384396303677931e-05,7.384396510285362e-05,True,-643526,-622953,True,0.06582264602184296,1233500978,40,3.5941374171557576e-10,1973601566,44,2.4861169426273065e-10,-95
9,26,LEAKY_RELU,1,300,0.043493542820215225,-106,0.0007235988159663975,0,-1473,-6210,3.147187453578226e-05,3.147187608689155e-05,True,-156138,-162348,True,0.06582264602184296,2102844282,42,6.291428590540388e-11,1682275426,45,1.748589074063693e-10,-95
9,26,LEAKY_RELU,1,301,0.043493542820215225,-106,0.0017037906218320131,0,-7066,16694,7.41038893465884e-05,7.410389036733179e-05,True,-748996,-732302,True,0.06582264602184296,1237842810,40,1.1053048215811679e-10,1980548496,44,1.1053057846217783e-10,-95
9,26,LEAKY_RELU,1,302,0.043493542820215225,-106,0.0013207091251388192,0,147,-6106,5.744231748394668e-05,5.744231888727422e-05,True,15582,9476,True,0.06582264602184296,1919050702,41,2.393554930882139e-10,1535240562,44,2.118999398997077e-11,-95
9,26,LEAKY_RELU,1,303,0.043493542820215225,-106,0.0022295957896858454,0,-855,4339,9.697301720734686e-05,9.69730199504729e-05,True,-90630,-86291,True,0.06582264602184296,1619852277,40,1.927195372915225e-10,1295881821,43,2.7028571942413616e-10,-95
9,26,LEAKY_RELU,1,304,0.043493542820215225,-106,0.0014107892056927085,0,-172,12256,6.136022420832887e-05,6.136022072809324e-05,True,-18232,-5976,True,0.06582264602184296,2049941175,41,1.4270156867019834e-10,1639952940,44,1.4270168497528159e-10,-95
9,26,LEAKY_RELU,1,305,0.043493542820215225,-106,0.0006613017176277936,0,-5515,12787,2.8762355213984847e-05,2.8762354572726316e-05,True,-584590,-571803,True,0.06582264602184296,1921803222,42,2.0259677221560078e-10,1537442577,45,1.8766173665299992e-10,-95
9,26,LEAKY_RELU,1,306,0.043493542820215225,-106,0.0018441466381773353,0,-5098,15019,8.02084687165916e-05,8.020847077432188e-05,True,-540388,-525369,True,0.06582264602184296,1339814662,40,3.492137327957689e-10,2143703460,44,2.3972167016953405e-11,-95
9,26,LEAKY_RELU,1,307,0.043493542820215225,-106,0.0008648302173241973,0,937,2142,3.761452899198048e-05,3.7614530089406014e-05,True,99322,101464,True,0.06582264602184296,1256637820,41,1.178002014916988e-10,2010620512,45,1.1780029635538e-10,-95
9,26,LEAKY_RELU,1,308,0.043493542820215225,-106,0.0011923940619453788,0,-4014,23594,5.1861443353118375e-05,5.18614421917917e-05,True,-425484,-401890,True,0.06582264602184296,1732603053,41,6.811182697464381e-11,1386082442,44,2.2047143367867502e-10,-95
9,26,LEAKY_RELU,1,309,0.043493542820215225,-106,0.0013420814648270607,0,-573,9379,5.837187927681953e-05,5.837187765867294e-05,True,-60738,-51359,True,0.06582264602184296,1950105689,41,2.38165173627966e-10,1560084551,44,1.0996690197343123e-10,-95
9,26,LEAKY_RELU,1,310,0.043493542820215225,-106,0.002058611251413822,0,-7770,14841,8.953629730967805e-05,8.953629661354393e-05,True,-823620,-808779,True,0.06582264602184296,1495628103,40,3.098439579355595e-10,1196502483,43,1.916176007655858e-10,-95
9,26,LEAKY_RELU,1,311,0.043493542820215225,-106,0.0018365568248555064,0,-4111,5510,7.987836579559371e-05,7.987836290361148e-05,True,-435766,-430256,True,0.06582264602184296,1334300490,40,2.2555304169093477e-10,2134880784,44,2.255529970198541e-10,-95
9,26,LEAKY_RELU,1,312,0.043493542820215225,-106,0.0021450063213706017,0,-5850,16731,9.329392196377739e-05,9.32939242881646e-05,True,-620100,-603369,True,0.06582264602184296,1558396095,40,3.1862097629042107e-10,1246716876,43,3.1862097629042107e-10,-95
9,26,LEAKY_RELU,1,313,0.043493542820215225,-106,0.0025873531121760607,0,-4089,8874,0.00011253315460635349,0.00011253315337544662,True,-433434,-424560,True,0.06582264602184296,1879771145,40,2.651373759979714e-10,1503816916,43,2.651372491641385e-10,-95
9,26,LEAKY_RELU,1,314,0.043493542820215225,-106,0.0008324788068421185,0,-1096,7075,3.620745337684639e-05,3.620745263230936e-05,True,-116176,-109101,True,0.06582264602184296,1209629743,41,3.5463122936238964e-10,1935407588,45,5.871844451542967e-11,-95
9,26,LEAKY_RELU,1,315,0.043493542820215225,-106,0.0011714192805811763,0,-4646,30272,5.0949172873515636e-05,5.0949174640383104e-05,True,-492476,-462204,True,0.06582264602184296,1702125737,41,1.2641274304764764e-10,1361700590,44,1.6733748365658515e-10,-95
9,26,LEAKY_RELU,1,316,0.043493542820215225,-106,0.001774632721208036,0,-4690,-1531,7.71850609453395e-05,7.718506425001678e-05,True,-497140,-498671,True,0.06582264602184296,1289311214,40,2.071919502569365e-10,2062897942,44,1.328992183911589e-11,-95
9,26,LEAKY_RELU,1,317,0.043493542820215225,-106,0.0014357233885675669,0,-11386,32958,6.24446984147653e-05,6.244469667864797e-05,True,-1206916,-1173958,True,0.06582264602184296,2086171682,41,1.249579683037542e-10,1668937346,44,1.1471549877071691e-10,-95
9,26,LEAKY_RELU,1,318,0.043493542820215225,-106,0.0014622120652347803,0,-1833,6577,6.359678081935272e-05,6.359678307152426e-05,True,-194298,-187721,True,0.06582264602184296,2124660940,41,1.2497977497617513e-10,1699728752,44,1.2497974692245433e-10,-95
9,26,LEAKY_RELU,1,319,0.043493542820215225,-106,0.0013398994924500585,0,-4460,14911,5.8276975323678926e-05,5.8276975949661265e-05,True,-472760,-457849,True,0.06582264602184296,1946935183,41,1.1949246341114714e-11,1557548146,44,2.448647671866041e-10,-95
9,26,LEAKY_RELU,1,320,0.043493542820215225,-106,0.0013259851839393377,0,-2155,26033,5.767179391114041e-05,5.767179337663655e-05,True,-228430,-202397,True,0.06582264602184296,1926717057,41,2.00631411773542e-11,1541373646,44,2.7957183207700464e-10,-95
9,26,LEAKY_RELU,1,321,0.043493542820215225,-106,0.0020509965252131224,0,-3184,5731,8.920510299503803e-05,8.920510519346957e-05,True,-337504,-331773,True,0.06582264602184296,1490095831,40,5.440218070521751e-11,1192076665,43,2.22176625014498e-10,-95
9,26,LEAKY_RELU,1,322,0.043493542820215225,-106,0.00040278834057971835,0,-19669,33895,1.7518692402518354e-05,1.7518691938487414e-05,True,-2084914,-2051019,True,0.06582264602184296,1170539725,42,1.818354041143308e-10,1872863560,46,1.8183535319367983e-10,-95
9,26,LEAKY_RELU,1,323,0.043493542820215225,-106,0.0012512416578829288,0,-2376,13909,5.442093242891133e-05,5.4420932625568255e-05,True,-251856,-237947,True,0.06582264602184296,1818111299,41,2.501561988042612e-10,1454489039,44,1.1265079998223415e-10,-95
9,26,LEAKY_RELU,1,324,0.043493542820215225,-106,0.0014907444128766656,0,-4822,3704,6.483775359811261e-05,6.483775595544786e-05,True,-511132,-507428,True,0.06582264602184296,1083059872,40,2.356431545238581e-10,1732895796,44,2.260118405586099e-10,-95
9,26,LEAKY_RELU,1,325,0.043493542820215225,-106,0.001589728519320488,0,-1964,9016,6.914292316650972e-05,6.914292542758299e-05,True,-208184,-199168,True,0.06582264602184296,1154974087,40,9.110209263832695e-11,1847958539,44,1.7125495342209748e-11,-95
9,26,LEAKY_RELU,1,326,0.043493542820215225,-106,0.0020380362402647734,0,649,-787,8.864142000675201e-05,8.864141648510637e-05,True,68794,68007,True,0.06582264602184296,1480679888,40,1.1877840995923954e-10,1184543910,43,2.1890442272155629e-10,-95
9,26,LEAKY_RELU,1,327,0.043493542820215225,-106,0.0013989295111969113,0,-6221,27558,6.0844398831250146e-05,6.084440059770562e-05,True,-659426,-631868,True,0.06582264602184296,2032708497,41,1.558558033458568e-10,1626166798,44,9.012133594689923e-11,-95
9,26,LEAKY_RELU,1,328,0.043493542820215225,-106,0.0016193987103179097,0,-4880,8737,7.043338700896129e-05,7.043338715021332e-05,True,-517280,-508543,True,0.06582264602184296,1176530158,40,4.0354263703543986e-10,1882448254,44,2.339250089833508e-10,-95
9,26,LEAKY_RELU,1,329,0.043493542820215225,-106,0.0009378822869621217,0,-4088,21737,4.079182326677255e-05,4.0791823408308425e-05,True,-433328,-411591,True,0.06582264602184296,1362785815,41,7.699821102875422e-11,1090228652,44,7.699829850346096e-11,-95
9,26,LEAKY_RELU,1,330,0.043493542820215225,-106,0.0017259935848414898,0,-2875,6921,7.506957626901567e-05,7.506957588972012e-05,True,-304750,-297829,True,0.06582264602184296,1253973770,40,5.15861897830364e-12,2006358032,44,5.158595211999192e-12,-95
9,26,LEAKY_RELU,1,331,0.043493542820215225,-106,0.00039559960714541376,0,1472,-10243,1.720602813293226e-05,1.7206028453039374e-05,True,156032,145789,True,0.06582264602184296,1149648609,42,4.210906695101348e-10,1839437774,46,2.0363281555594253e-10,-95
9,26,LEAKY_RELU,1,332,0.043493542820215225,-106,0.0017032353207468987,0,-1307,12202,7.407974044326693e-05,7.407973835580825e-05,True,-138542,-126340,True,0.06582264602184296,1237439371,40,1.7175745283158456e-10,1979902994,44,3.027257498954696e-11,-95
9,26,LEAKY_RELU,1,333,0.043493542820215225,-106,0.000800654583144933,0,-5874,23618,3.482330430415459e-05,3.4823304396215714e-05,True,-622644,-599026,True,0.06582264602184296,1163387691,41,4.124246496342533e-10,1861420306,45,1.9753507961248796e-10,-95
9,26,LEAKY_RELU,1,334,0.043493542820215225,-106,0.0008976500248536468,0,-15417,28269,3.904198092641309e-05,3.9041979793539346e-05,True,-1634202,-1605933,True,0.06582264602184296,1304326500,41,2.7662610295303258e-11,2086922400,45,2.7662610295303258e-11,-95
9,26,LEAKY_RELU,1,335,0.043493542820215225,-106,0.0034036606084555387,0,-3232,2861,0.0001480372593505308,0.00014803725841934078,True,-342592,-339731,True,0.06582264602184296,1236418595,39,3.125482884208562e-10,1978269751,43,1.929439957678877e-10,-95
9,26,LEAKY_RELU,1,336,0.043493542820215225,-106,0.002372525166720152,0,-4631,13772,0.00010318952263332903,0.00010318952493078119,True,-490886,-477114,True,0.06582264602184296,1723693734,40,2.020537372561239e-10,1378954987,43,3.4709120756314355e-10,-95
9,26,LEAKY_RELU,1,337,0.043493542820215225,-106,0.0016711534699425101,0,332,7044,7.268438639584929e-05,7.268438500409582e-05,True,35192,42236,True,0.06582264602184296,1214131174,40,2.569623252451186e-10,1942609878,44,5.105366839884428e-11,-95
9,26,LEAKY_RELU,1,338,0.043493542820215225,-106,0.0008603418827988207,0,-5606,15880,3.741931504919194e-05,3.74193165195351e-05,True,-594236,-578356,True,0.06582264602184296,1250116065,41,7.347378389077984e-12,2000185704,45,7.347378389077984e-12,-95
9,26,LEAKY_RELU,1,339,0.043493542820215225,-106,0.0015105935744941235,0,-1046,178,6.570106779690832e-05,6.570106631620214e-05,True,-110876,-110698,True,0.06582264602184296,1097480742,40,3.3927917598522064e-10,1755969187,44,2.2538187950821595e-10,-95
9,26,LEAKY_RELU,1,340,0.043493542820215225,-106,0.0019659404642879963,0,1232,-2326,8.550571510568261e-05,8.550571576550377e-05,True,130592,128266,True,0.06582264602184296,1428300660,40,3.240311142665826e-10,1142640528,43,3.240309890730996e-10,-95
9,26,LEAKY_RELU,1,341,0.043493542820215225,-106,0.0015360158868134022,0,-3680,22488,6.680677324766293e-05,6.680677274564957e-05,True,-390080,-367592,True,0.06582264602184296,1115950632,40,2.728552156565028e-10,1785521012,44,1.7519319806275679e-10,-95
9,26,LEAKY_RELU,1,342,0.043493542820215225,-106,0.002088233595713973,0,-1284,2006,9.082468022825196e-05,9.08246773137977e-05,True,-136104,-134098,True,0.06582264602184296,1517149413,40,2.1407188429064937e-10,1213719531,43,2.8027630120615434e-10,-95
9,26,LEAKY_RELU,1,343,0.043493542820215225,-106,0.0012457979610189795,0,956,861,5.4184165492188185e-05,5.4184166962915805e-05,True,101336,102197,True,0.06582264602184296,1810201358,41,1.5334009405302827e-10,1448161087,44,2.6097838900475834e-10,-95
9,26,LEAKY_RELU,1,344,0.043493542820215225,-106,0.0013417369918897748,0,-396,-4766,5.8356894442113116e-05,5.835689531022469e-05,True,-41976,-46742,True,0.06582264602184296,1949605154,41,1.95631979336765e-10,1559684123,44,6.740082507187552e-11,-95
9,26,LEAKY_RELU,1,345,0.043493542820215225,-106,0.00133470818400383,0,-4128,17203,5.8051187806995586e-05,5.805118755346228e-05,True,-437568,-420365,True,0.06582264602184296,1939391975,41,2.0017519383706915e-10,1551513580,44,2.0017519383706915e-10,-95
9,26,LEAKY_RELU,1,346,0.043493542820215225,-106,0.001382002024911344,0,-5584,23968,6.010816287016496e-05,6.010816424810569e-05,True,-591904,-567936,True,0.06582264602184296,2008112086,41,1.6009353263575299e-10,1606489669,44,3.559857894817166e-11,-95
9,26,LEAKY_RELU,1,347,0.043493542820215225,-106,0.0016951035941019654,0,-33,6230,7.372606341959909e-05,7.372606075477456e-05,True,-3498,2732,True,0.06582264602184296,1231531486,40,2.790694106144049e-11,1970450378,44,1.7509233490918074e-10,-95
9,26,LEAKY_RELU,1,348,0.043493542820215225,-106,0.0008989947964437306,0,-6010,35790,3.91004687116947e-05,3.9100468674276067e-05,True,-637060,-601270,True,0.06582264602184296,1306280515,41,3.065747643904692e-10,2090048823,45,1.7188300376835084e-10,-95
9,26,LEAKY_RELU,1,349,0.043493542820215225,-106,0.0014043068513274193,0,-2682,5632,6.107828085077927e-05,6.107828017093073e-05,True,-284292,-278660,True,0.06582264602184296,2040522018,41,1.0726173135653551e-10,1632417615,44,2.6029115701468644e-10,-95
9,26,LEAKY_RELU,1,350,0.043493542820215225,-106,0.0008773842127993703,0,-2880,26694,3.8160549593158066e-05,3.816054782917024e-05,True,-305280,-278586,True,0.06582264602184296,1274879349,41,1.3305165352385874e-10,2039806959,45,1.610937578339171e-10,-95
9,26,LEAKY_RELU,1,351,0.043493542820215225,-106,0.001975166378542781,0,-6987,17360,8.590698416810483e-05,8.590698346219987e-05,True,-740622,-723262,True,0.06582264602184296,1435003497,40,7.532845725047257e-12,1148002798,43,3.4089827784520006e-10,-95
9,26,LEAKY_RELU,1,352,0.043493542820215225,-106,0.001905283541418612,0,-6288,16247,8.286753291031346e-05,8.286753129334171e-05,True,-666528,-650281,True,0.06582264602184296,1384232019,40,2.566324933411183e-10,1107385615,43,4.372380971047794e-10,-95
9,26,LEAKY_RELU,1,353,0.043493542820215225,-106,0.001751523814164102,0,-6770,22823,7.617997471243143e-05,7.617997601197307e-05,True,-717620,-694797,True,0.06582264602184296,1272522065,40,1.2677165852245274e-10,2036035304,44,1.2677161168267963e-10,-95
9,26,LEAKY_RELU,1,354,0.043493542820215225,-106,0.0009597018943168223,0,5505,-19841,4.174083369434811e-05,4.174083543511038e-05,True,583530,563689,True,0.06582264602184296,1394490702,41,3.325078286504529e-10,1115592561,44,2.0532302126701786e-10,-95
9,26,LEAKY_RELU,1,355,0.043493542820215225,-106,0.0012993597192689776,0,-7792,28643,5.6513756135245785e-05,5.651375758888811e-05,True,-825952,-797309,True,0.06582264602184296,1888029040,41,1.4253309709275633e-10,1510423232,44,1.4253309709275633e-10,-95
9,26,LEAKY_RELU,1,356,0.043493542820215225,-106,0.0014448281144723296,0,-2233,10846,6.284069240791723e-05,6.28406934646531e-05,True,-236698,-225852,True,0.06582264602184296,2099401265,41,8.509428106920418e-13,1679521012,44,8.508860281743123e-13,-95
9,26,LEAKY_RELU,1,357,0.043493542820215225,-106,0.002114315051585436,0,-2881,7633,9.195905295200646e-05,9.195905223155672e-05,True,-305386,-297753,True,0.06582264602184296,1536098187,40,9.730581302582372e-11,1228878549,43,3.9094422621009875e-10,-95
9,26,LEAKY_RELU,1,358,0.043493542820215225,-106,0.0012541764881461859,0,-12528,45026,5.4548578191315755e-05,5.454857879129329e-05,True,-1327968,-1282942,True,0.06582264602184296,1822375741,41,6.067299830428865e-12,1457900593,44,1.3111626466396e-10,-95
9,26,LEAKY_RELU,1,359,0.043493542820215225,-106,0.0017509636236354709,0,-4119,12167,7.615561480633914e-05,7.615561134122857e-05,True,-436614,-424447,True,0.06582264602184296,1272115074,40,2.9715456625826297e-10,2035384118,44,1.0063137083893232e-10,-95
9,26,LEAKY_RELU,1,360,0.043493542820215225,-106,0.003912965767085552,0,-835,1738,0.0001701887376839295,0.00017018874414477178,True,-88510,-86772,True,0.06582264602184296,1421429511,39,4.62929021863473e-11,1137143609,42,1.2958625273468235e-10,-95
9,26,LEAKY_RELU,1,361,0.043493542820215225,-106,0.0016362923197448254,0,-5523,5763,7.11681495886296e-05,7.116815007521086e-05,True,-585438,-579675,True,0.06582264602184296,1188803752,40,2.8540527134195896e-10,1902086003,44,1.8025747951143412e-10,-95
9,26,LEAKY_RELU,1,362,0.043493542820215225,-106,0.0027628522366285324,0,-1673,7839,0.00012016623077215627,0.00012016623205973048,True,-177338,-169499,True,0.06582264602184296,2007275268,40,1.3821190682265783e-10,1605820214,43,1.1088209959424637e-10,-95
9,26,LEAKY_RELU,1,363,0.043493542820215225,-106,0.001841857680119574,0,2257,3450,8.010891906451434e-05,8.010891587902297e-05,True,239242,242692,True,0.06582264602184296,1338151682,40,1.1007453836926562e-10,2141042691,44,2.034870349304797e-10,-95
9,26,LEAKY_RELU,1,364,0.043493542820215225,-106,0.0013325504260137677,0,-12743,28345,5.795733886770904e-05,5.795733901392585e-05,True,-1350758,-1322413,True,0.06582264602184296,1936256654,41,1.7376206482816731e-10,1549005323,44,4.464691930671761e-11,-95
9,26,LEAKY_RELU,1,365,0.043493542820215225,-106,0.0020331428386271,0,-5706,11870,8.842858369462192e-05,8.842858511144171e-05,True,-604836,-592966,True,0.06582264602184296,1477124720,40,1.7344818733178961e-10,1181699776,43,1.7344818733178961e-10,-95
9,26,LEAKY_RELU,1,366,0.043493542820215225,-106,0.001971578225493431,0,4704,-275,8.575092215323821e-05,8.57509219739025e-05,True,498624,498349,True,0.06582264602184296,1432396622,40,1.0575796406750265e-10,1145917297,43,4.178399898479972e-10,-95
9,26,LEAKY_RELU,1,367,0.043493542820215225,-106,0.0013121156953275204,0,-5061,15479,5.706855881726369e-05,5.706856017980398e-05,True,-536466,-520987,True,0.06582264602184296,1906564056,41,1.6096733795622505e-10,1525251245,44,2.984149387085649e-11,-95
9,26,LEAKY_RELU,1,368,0.043493542820215225,-106,0.0014088343596085906,0,-9313,20119,6.127519736764953e-05,6.127519754622673e-05,True,-987178,-967059,True,0.06582264602184296,2047100695,41,1.8819373325292673e-10,1637680556,44,1.881936459030788e-10,-95
9,26,LEAKY_RELU,1,369,0.043493542820215225,-106,0.0007550970767624676,0,-4943,24704,3.2841846405062824e-05,3.284184704158773e-05,True,-523958,-499254,True,0.06582264602184296,1097190553,41,1.5375175488410008e-10,1755504885,45,3.982441597382691e-11,-95
9,26,LEAKY_RELU,1,370,0.043493542820215225,-106,0.0016189637826755643,0,-3564,15446,7.041446951916441e-05,7.041447060617727e-05,True,-377784,-362338,True,0.06582264602184296,1176214174,40,3.3444339856265983e-10,1881942678,44,1.2189704823621555e-10,-95
9,26,LEAKY_RELU,1,371,0.043493542820215225,-106,0.0017723572673276067,0,-4451,11017,7.708609336987138e-05,7.70860966992329e-05,True,-471806,-460789,True,0.06582264602184296,1287658045,40,3.8393992661564033e-10,2060252871,44,1.0143743134946076e-10,-95
9,26,LEAKY_RELU,1,372,0.043493542820215225,-106,0.0017267095390707254,0,-4211,17920,7.510071736760437e-05,7.510071527564669e-05,True,-446366,-428446,True,0.06582264602184296,1254493927,40,7.745172889444712e-11,2007190283,44,1.77093526357402e-10,-95
9,26,LEAKY_RELU,1,373,0.043493542820215225,-106,0.001817980664782226,0,-7152,21452,7.907042163424194e-05,7.907041989002909e-05,True,-758112,-736660,True,0.06582264602184296,1320804485,40,2.300583457453658e-11,2113287176,44,2.3005902265832432e-11,-95
9,26,LEAKY_RELU,1,374,0.043493542820215225,-106,0.0010870883706957102,0,-2839,7295,4.72813262604177e-05,4.728132460021187e-05,True,-300934,-293639,True,0.06582264602184296,1579589072,41,2.8289837043506394e-11,1263671258,44,2.882481469450346e-10,-95
9,26,LEAKY_RELU,1,375,0.043493542820215225,-106,0.0012950008967891335,0,9823,-14422,5.632417742162943e-05,5.63241769567153e-05,True,1041238,1026816,True,0.06582264602184296,1881695472,41,2.650054794493741e-11,1505356378,44,2.3921723042154256e-10,-95
9,26,LEAKY_RELU,1,376,0.043493542820215225,-106,0.0008619556901976466,0,9547,-14091,3.7489506212295964e-05,3.748950672073951e-05,True,1011982,997891,True,0.06582264602184296,1252461001,41,8.378070830425295e-11,2003937601,45,2.156299072289227e-10,-95
9,26,LEAKY_RELU,1,377,0.043493542820215225,-106,0.0011779738124459982,0,-13639,44308,5.1234255806775764e-05,5.12342544527122e-05,True,-1445734,-1401426,True,0.06582264602184296,1711649771,41,2.8829798793174977e-10,1369319817,44,1.4224014072824262e-10,-95
9,26,LEAKY_RELU,1,378,0.043493542820215225,-106,0.001793894567526877,0,-1770,10083,7.802282925695181e-05,7.80228301876817e-05,True,-187620,-177537,True,0.06582264602184296,1303305385,40,9.478805218215239e-11,2085288616,44,9.478805218215239e-11,-95
9,26,LEAKY_RELU,1,379,0.043493542820215225,-106,0.002350738039240241,0,-3916,13932,0.00010224192374153063,0.0001022419255688042,True,-415096,-401164,True,0.06582264602184296,1707864889,40,2.9063932579142933e-10,1366291911,43,1.4425761814184122e-10,-95
9,26,LEAKY_RELU,1,380,0.043493542820215225,-106,0.001372989732772112,0,-4810,15532,5.9716188843594864e-05,5.971618773403971e-05,True,-509860,-494328,True,0.06582264602184296,1995016814,41,3.438612273183125e-11,1596013451,44,1.596984693023512e-10,-95
9,26,LEAKY_RELU,1,381,0.043493542820215225,-106,0.0014209537766873837,0,837,-2149,6.180231139296666e-05,6.180231393189926e-05,True,88722,86573,True,0.06582264602184296,2064710761,41,1.7938193836731906e-10,1651768609,44,5.829963227742033e-11,-95
9,26,LEAKY_RELU,1,382,0.043493542820215225,-106,0.0012747737346217036,0,1606,-4551,5.544442683458328e-05,5.5444426012854747e-05,True,170236,165685,True,0.06582264602184296,1852304481,41,1.2682787411520433e-10,1481843585,44,8.139105087200488e-12,-95
9,26,LEAKY_RELU,1,383,0.043493542820215225,-106,0.0012399153783917427,0,-1135,7093,5.392831371864304e-05,5.3928312603524625e-05,True,-120310,-113217,True,0.06582264602184296,1801653697,41,3.1596666193038294e-11,1441322958,44,3.091194119010936e-10,-95
9,26,LEAKY_RELU,1,384,0.043493542820215225,-106,0.0018028708873316646,0,-2028,433,7.841324259061366e-05,7.841324213747917e-05,True,-214968,-214535,True,0.06582264602184296,1309826887,40,3.6095427838605644e-10,2095723018,44,2.1164049540945056e-10,-95
9,26,LEAKY_RELU,1,385,0.043493542820215225,-106,0.00149083964060992,0,-2340,11795,6.48419008939527e-05,6.484189774694183e-05,True,-248040,-236245,True,0.06582264602184296,1083129057,40,3.498365853519851e-10,1733006492,44,1.1178886637886709e-10,-95
9,26,LEAKY_RELU,1,386,0.043493542820215225,-106,0.0028514466248452663,0,-3416,4520,0.00012401951244100928,0.00012401951587726577,True,-362096,-357576,True,0.06582264602184296,2071641115,40,1.3740813374163188e-10,1657312892,43,1.3740804742652013e-10,-95
9,26,LEAKY_RELU,1,387,0.043493542820215225,-106,0.0017496045911684632,0,-5612,12046,7.609650492668152e-05,7.609650220443071e-05,True,-594872,-582826,True,0.06582264602184296,1271127705,40,3.8342708922051354e-10,2033804329,44,1.0826229596235296e-10,-95
9,26,LEAKY_RELU,1,388,0.043493542820215225,-106,0.0016950375866144896,0,623,909,7.372318941634148e-05,7.372318985529158e-05,True,66038,66947,True,0.06582264602184296,1231483530,40,7.045571359119064e-11,1970373648,44,7.045578619221613e-11,-95
9,26,LEAKY_RELU,1,389,0.043493542820215225,-106,0.0018311842577531934,0,-6733,15541,7.96446911408566e-05,7.964469092629255e-05,True,-713698,-698157,True,0.06582264602184296,1330397197,40,2.8533946920809826e-11,2128635515,44,6.542300059086741e-11,-95
9,26,LEAKY_RELU,1,390,0.043493542820215225,-106,0.0018062808085232973,0,-11745,20249,7.856154843466356e-05,7.856155169084101e-05,True,-1244970,-1224721,True,0.06582264602184296,1312304272,40,1.319371746188469e-10,2099686835,44,2.2718956528758456e-10,-95
9,26,LEAKY_RELU,1,391,0.043493542820215225,-106,0.0018837656825780869,0,-7250,17602,8.193164103431627e-05,8.193164337846198e-05,True,-768500,-750898,True,0.06582264602184296,1368598803,40,2.4009029733601726e-10,1094879043,43,3.0791535557455505e-10,-95
9,26,LEAKY_RELU,1,392,0.043493542820215225,-106,0.0008516018278896809,0,-1958,9292,3.703917900566012e-05,3.703918056709339e-05,True,-207548,-198256,True,0.06582264602184296,1237416366,41,8.870695426937508e-11,1979866185,45,2.1434387804676213e-10,-95
9,26,LEAKY_RELU,1,393,0.043493542820215225,-106,0.00048547887126915157,0,-9874,16405,2.1115196432219818e-05,2.11151960758546e-05,True,-1046644,-1030239,True,0.06582264602184296,1410845963,42,2.0237897531641728e-10,1128676771,45,3.2921684783035205e-10,-95
9,26,LEAKY_RELU,1,394,0.043493542820215225,-106,0.0009268683497793972,0,-11705,21128,4.0312788769369945e-05,4.031278825983244e-05,True,-1240730,-1219602,True,0.06582264602184296,1346782061,41,1.0991759818384224e-10,1077425649,44,7.570992715827493e-11,-95
9,26,LEAKY_RELU,1,395,0.043493542820215225,-106,0.0014751969138160348,0,-5793,16285,6.416154064936563e-05,6.416154013930706e-05,True,-614058,-597773,True,0.06582264602184296,2143528518,41,2.3367713031439228e-12,1714822814,44,2.355970500467162e-10,-95
9,26,LEAKY_RELU,1,396,0.043493542820215225,-106,0.002206690376624465,0,-867,5725,9.597678581485525e-05,9.597678238667303e-05,True,-91902,-86177,True,0.06582264602184296,1603210971,40,1.1176552855711774e-10,1282568777,43,2.677024736854748e-10,-95
9,26,LEAKY_RELU,1,397,0.043493542820215225,-106,0.0025589498691260815,0,-6102,10436,0.00011129779886687174,0.00011129779570761937,True,-646812,-636376,True,0.06582264602184296,1859135540,40,2.425577651240132e-10,1487308432,43,2.425576689427878e-10,-95
9,26,LEAKY_RELU,1,398,0.043493542820215225,-106,0.0021036951802670956,0,305,-400,9.149715333478525e-05,9.149715640362731e-05,True,32330,31930,True,0.06582264602184296,1528382608,40,1.7989310799739104e-10,1222706086,43,1.4725018497263475e-10,-95
9,26,LEAKY_RELU,1,399,0.043493542820215225,-106,0.0013794278493151069,0,6544,-11350,5.999620407237671e-05,5.9996204231583996e-05,True,693664,682314,True,0.06582264602184296,2004371692,41,2.169124661560642e-10,1603497353,44,1.572696889628846e-10,-95
9,26,LEAKY_RELU,1,400,0.043493542820215225,-106,0.0025512720458209515,0,-2508,4227,0.00011096386151621118,0.00011096385997093165,True,-265848,-261621,True,0.06582264602184296,1853557426,40,2.6071804225594617e-10,1482845940,43,2.787851344155316e-10,-95
9,26,LEAKY_RELU,1,401,0.043493542820215225,-106,0.0016821053577587008,0,-13261,31382,7.316072151297703e-05,7.31607214057915e-05,True,-1405666,-1374284,True,0.06582264602184296,1222087970,40,3.143373404950511e-10,1955340753,44,1.9708244706837343e-10,-95
9,26,LEAKY_RELU,1,402,0.043493542820215225,-106,0.002752880332991481,0,-1999,9593,0.00011973251821473241,0.00011973251864189332,True,-211894,-202301,True,0.06582264602184296,2000030452,40,3.9759149763349036e-11,1600024362,43,2.89755224123771e-10,-95
9,26,LEAKY_RELU,1,403,0.043493542820215225,-106,0.0011445769341662526,0,-411,6303,4.978170545655303e-05,4.978170589719057e-05,True,-43566,-37263,True,0.06582264602184296,1663122581,41,2.6377157546709064e-10,1330498065,44,1.1345192808202691e-10,-95
9,26,LEAKY_RELU,1,404,0.043493542820215225,-106,0.0017794695449993014,0,-4353,9634,7.7395437983796e-05,7.739543485269602e-05,True,-461418,-451784,True,0.06582264602184296,1292825277,40,2.2025292926915216e-10,2068520443,44,1.2356541715441462e-10,-95
9,26,LEAKY_RELU,1,405,0.043493542820215225,-106,0.0008183226455003023,0,-5250,24298,3.5591750929597765e-05,3.55917510228192e-05,True,-556500,-532202,True,0.06582264602184296,1189060193,41,2.8738571355607447e-10,1902496309,45,1.8226067388192505e-10,-95
9,26,LEAKY_RELU,1,406,0.043493542820215225,-106,0.0008352760341949761,0,-2055,12831,3.632911466411315e-05,3.632911395995875e-05,True,-217830,-204999,True,0.06582264602184296,1213694242,41,2.2990657276035282e-10,1941910787,45,1.269152297160325e-10,-95
9,26,LEAKY_RELU,1,407,0.043493542820215225,-106,0.0018319159280508757,0,-6200,12341,7.967651617946103e-05,7.967651385971507e-05,True,-657200,-644859,True,0.06582264602184296,1330928772,40,1.1152549731886393e-10,2129486035,44,2.0544494066006358e-10,-95
9,26,LEAKY_RELU,1,408,0.043493542820215225,-106,0.002219976158812642,0,-7523,13832,9.655462781665847e-05,9.655462812317456e-05,True,-797438,-783606,True,0.06582264602184296,1612863395,40,5.976786390925704e-11,1290290716,43,5.976786390925704e-11,-95
9,26,LEAKY_RELU,1,409,0.043493542820215225,-106,0.0019263802096247673,0,-5281,18260,8.378509664908051e-05,8.378510013533e-05,True,-559786,-541526,True,0.06582264602184296,1399559231,40,1.6873035008592908e-10,1119647385,43,3.4735793175266953e-10,-95
9,26,LEAKY_RELU,1,410,0.043493542820215225,-106,0.002755277557298541,0,-745,1908,0.00011983678268734366,0.0001198367824199421,True,-78970,-77062,True,0.06582264602184296,2001772090,40,7.220689164821133e-11,1601417672,43,7.220695120009046e-11,-95
9,26,LEAKY_RELU,1,411,0.043493542820215225,-106,0.0020468251314014196,0,-3085,12130,8.902367699192837e-05,8.90236764981003e-05,True,-327010,-314880,True,0.06582264602184296,1487065218,40,1.247995176835211e-11,1189652174,43,3.487127633161302e-10,-95
9,26,LEAKY_RELU,1,412,0.043493542820215225,-106,0.0011230845702812076,0,-2522,25013,4.884692680207081e-05,4.884692684824872e-05,True,-267332,-242319,True,0.06582264602184296,1631893195,41,1.712327067419834e-10,1305514556,44,1.7123267021713914e-10,-95
9,26,LEAKY_RELU,1,413,0.043493542820215225,-106,0.001718362676911056,0,-6926,16888,7.473768346244469e-05,7.473768066889068e-05,True,-734156,-717268,True,0.06582264602184296,1248429741,40,4.2236552427351827e-11,1997487586,44,1.580149095250844e-10,-95
9,26,LEAKY_RELU,1,414,0.043493542820215225,-106,0.0008731738198548555,0,-683,11786,3.797742465394549e-05,3.7977422923348055e-05,True,-72398,-60612,True,0.06582264602184296,1268761456,41,1.205807401495959e-10,2030018329,45,1.7498309359695652e-10,-95
9,26,LEAKY_RELU,1,415,0.043493542820215225,-106,0.0019817366264760494,0,-1051,1779,8.619274740340188e-05,8.619274682202492e-05,True,-111406,-109627,True,0.06582264602184296,1439776932,40,1.6163574799453931e-10,1151821546,43,1.8564031151925965e-10,-95
9,26,LEAKY_RELU,1,416,0.043493542820215225,-106,0.0010899051558226347,0,-1651,24390,4.740383519674651e-05,4.740383656474511e-05,True,-175006,-150616,True,0.06582264602184296,1583681990,41,2.9428702557020455e-10,1266945592,44,2.9428702557020455e-10,-95
9,26,LEAKY_RELU,1,417,0.043493542820215225,-106,0.0019260830013081431,0,-10597,13390,8.377217454835773e-05,8.377217349268438e-05,True,-1123282,-1109892,True,0.06582264602184296,1399343302,40,9.436691204573729e-11,1119474642,43,2.6294342089705205e-10,-95
9,26,LEAKY_RELU,1,418,0.043493542820215225,-106,0.0005049403407610953,0,12349,-48376,2.1961644961265847e-05,2.1961644332546765e-05,True,1308994,1260618,True,0.06582264602184296,1467402772,42,2.1090596997171137e-11,1173922218,45,3.1964748087082863e-10,-95
9,26,LEAKY_RELU,1,419,0.043493542820215225,-106,0.002807114040479064,0,-3187,5107,0.000122091340017505,0.00012209133472080354,True,-337822,-332715,True,0.06582264602184296,2039432479,40,1.9031845182564026e-10,1631545984,43,3.000140353278516e-10,-95
9,26,LEAKY_RELU,1,420,0.043493542820215225,-106,0.0022516539320349693,0,-782,1497,9.793240315048024e-05,9.793240670926892e-05,True,-82892,-81395,True,0.06582264602184296,1635878021,40,1.6099409358988504e-11,1308702417,43,1.3672361165648904e-10,-95
9,26,LEAKY_RELU,1,421,0.043493542820215225,-106,0.0016293161315843463,0,-3520,11295,7.086472760420293e-05,7.086473093673119e-05,True,-373120,-361825,True,0.06582264602184296,1183735392,40,3.4639530209517696e-10,1893976627,44,2.4079730249573047e-10,-95
9,26,LEAKY_RELU,1,422,0.043493542820215225,-106,0.0006690329755656421,0,-9878,51763,2.9098613595124334e-05,2.9098614370900262e-05,True,-1047068,-995305,True,0.06582264602184296,1944270964,42,1.7206799395769067e-10,1555416771,45,4.348509338878775e-11,-95
9,26,LEAKY_RELU,1,423,0.043493542820215225,-106,0.0007345055928453803,0,-5966,12946,3.1946248782332987e-05,3.194625045410812e-05,True,-632396,-619450,True,0.06582264602184296,2134540372,42,1.9256652470000374e-10,1707632298,45,4.167582931865227e-11,-95
9,26,LEAKY_RELU,1,424,0.043493542820215225,-106,0.0023992161732167006,0,-1340,8210,0.00010435040894662961,0.00010435041136475347,True,-142040,-133830,True,0.06582264602184296,1743085360,40,1.8842283768487327e-10,1394468288,43,1.8842283768487327e-10,-95
9,26,LEAKY_RELU,1,425,0.043493542820215225,-106,0.0021879577543586493,0,-1770,9655,9.51620313571766e-05,9.516203427801986e-05,True,-187620,-177965,True,0.06582264602184296,1589601293,40,1.290406512885992e-10,1271681034,43,1.855037448944345e-10,-95
9,26,LEAKY_RELU,1,426,0.043493542820215225,-106,0.0018997295992448926,0,-3053,12403,8.262597111752257e-05,8.262597067158805e-05,True,-323618,-311215,True,0.06582264602184296,1380196953,40,3.51625858515815e-10,1104157563,43,1.9177476187882447e-10,-95
9,26,LEAKY_RELU,1,427,0.043493542820215225,-106,0.0024384865537285805,0,-3497,7955,0.00010605841816868633,0.00010605841934111307,True,-370682,-362727,True,0.06582264602184296,1771616189,40,5.159475710433837e-11,1417292951,43,8.951936296850742e-11,-95
9,26,LEAKY_RELU,1,428,0.043493542820215225,-106,0.0016476060263812542,0,-3494,19704,7.166022260207683e-05,7.166022325925774e-05,True,-370364,-350660,True,0.06582264602184296,1197023418,40,3.712445244651447e-12,1915237469,44,1.0813811337986053e-10,-95
9,26,LEAKY_RELU,1,429,0.043493542820215225,-106,0.0020182894077152014,0,-6084,17428,8.778255869401619e-05,8.778255677804794e-05,True,-644904,-627476,True,0.06582264602184296,1466333363,40,9.73593277524363e-11,1173066690,43,2.436273751891471e-10,-95
9,26,LEAKY_RELU,1,430,0.043493542820215225,-106,0.0017792893340811133,0,-8139,22775,7.738759450148791e-05,7.738759684140914e-05,True,-862734,-839959,True,0.06582264602184296,1292694349,40,2.8331506695888715e-10,2068310959,44,6.7766171074654345e-12,-95
9,26,LEAKY_RELU,1,431,0.043493542820215225,-106,0.0020271434914320707,0,649,2049,8.816765330266207e-05,8.816765224732136e-05,True,68794,70843,True,0.06582264602184296,1472766057,40,3.3584964172778706e-11,1178212846,43,3.7308215589285353e-10,-95
9,26,LEAKY_RELU,1,432,0.043493542820215225,-106,0.0019272121135145426,0,-2515,8163,8.382127998629585e-05,8.382128258278224e-05,True,-266590,-258427,True,0.06582264602184296,1400163628,40,3.945655835580423e-11,1120130902,43,3.176445618425047e-10,-95
9,26,LEAKY_RELU,1,433,0.043493542820215225,-106,0.0023341048508882523,0,-1464,6010,0.0001015184898278676,0.00010151848927898027,True,-155184,-149174,True,0.06582264602184296,1695780497,40,1.0496330650375205e-10,1356624398,43,1.8988610450361418e-10,-95
9,26,LEAKY_RELU,1,434,0.043493542820215225,-106,0.001687311101704836,0,-4140,16963,7.33871347620152e-05,7.33871376530238e-05,True,-438840,-421877,True,0.06582264602184296,1225870062,40,2.3419134260514017e-10,1961392100,44,1.7368220417585787e-10,-95
9,26,LEAKY_RELU,1,435,0.043493542820215225,-106,0.002711568959057331,0,-3731,7979,0.00011793574230978265,0.00011793574063072645,True,-395486,-387507,True,0.06582264602184296,1970016795,40,3.951300419810721e-12,1576013436,43,3.951270163903803e-12,-95
9,26,LEAKY_RELU,1,436,0.043493542820215225,-106,0.0009796860394999385,0,-360,23681,4.261001595295966e-05,4.261001670935764e-05,True,-38160,-14479,True,0.06582264602184296,1423528578,41,3.023967859842589e-10,1138822862,44,4.884321487867618e-11,-95
9,26,LEAKY_RELU,1,437,0.043493542820215225,-106,0.0006982453051023185,0,-22052,21204,3.0369161322596483e-05,3.0369162076481935e-05,True,-2337512,-2316308,True,0.06582264602184296,2029164663,42,1.2771290069475e-10,1623331730,45,1.186939428628747e-10,-95
9,26,LEAKY_RELU,1,438,0.043493542820215225,-106,0.001334571628831327,0,3891,11,5.8045246987603605e-05,5.80452482852197e-05,True,412446,412457,True,0.06582264602184296,1939193554,41,1.5115323422246318e-10,1551354843,44,2.223363301671727e-11,-95
9,26,LEAKY_RELU,1,439,0.043493542820215225,-106,0.0018026839243248105,0,-18690,37323,7.8405108070001e-05,7.840511045393477e-05,True,-1981140,-1943817,True,0.06582264602184296,1309691054,40,2.8133930389881145e-10,2095505686,44,9.045454606875636e-11,-95
9,26,LEAKY_RELU,1,440,0.043493542820215225,-106,0.0015787181910127401,0,-5096,1934,6.866404874017462e-05,6.866404724186533e-05,True,-540176,-538242,True,0.06582264602184296,1146974832,40,1.338767366016096e-10,1835159731,44,2.4894319606690085e-11,-95
9,26,LEAKY_RELU,1,441,0.043493542820215225,-106,0.0024238054174929857,0,-7700,14581,0.00010541988740442321,0.00010541988471360082,True,-816200,-801619,True,0.06582264602184296,1760950008,40,2.2983066217015665e-11,1408760006,43,3.069208476052352e-10,-95
9,26,LEAKY_RELU,1,442,0.043493542820215225,-106,0.001512402668595314,0,-10569,7951,6.57797500025481e-05,6.577975022795807e-05,True,-1120314,-1112363,True,0.06582264602184296,1098795090,40,1.6271120923928285e-10,1758072144,44,1.6271115499382313e-10,-95
9,26,LEAKY_RELU,1,443,0.043493542820215225,-106,0.0016588628059253097,0,-9542,34103,7.214982178993523e-05,7.214982048237483e-05,True,-1011452,-977349,True,0.06582264602184296,1205201725,40,4.1261567845381477e-10,1928322761,44,1.0596970586607179e-10,-95
9,26,LEAKY_RELU,1,444,0.043493542820215225,-106,0.0019776299595832825,0,-144,5537,8.601412991993129e-05,8.6014133329676e-05,True,-15264,-9727,True,0.06582264602184296,1436793345,40,5.7317631801576605e-11,1149434676,43,5.7317673286070524e-11,-95
9,26,LEAKY_RELU,1,445,0.043493542820215225,-106,0.0020389193668961525,0,-14205,30415,8.867982978699729e-05,8.867982679106393e-05,True,-1505730,-1475315,True,0.06582264602184296,1481321499,40,3.355089636704927e-10,1185057200,43,3.39563895755985e-10,-95
9,26,LEAKY_RELU,1,446,0.043493542820215225,-106,0.000965533428825438,0,-18161,33081,4.199446993879974e-05,4.199446953096842e-05,True,-1925066,-1891985,True,0.06582264602184296,1402964188,41,2.693855437674641e-10,1122371350,44,8.700269821811675e-11,-95
9,26,LEAKY_RELU,1,447,0.043493542820215225,-106,0.0006451620138250291,0,-7806,10831,2.806038173730485e-05,2.8060381674275192e-05,True,-827436,-816605,True,0.06582264602184296,1874899768,42,2.650241111260165e-10,1499919814,45,1.6569387545610286e-12,-95
9,26,LEAKY_RELU,1,448,0.043493542820215225,-106,0.0017981473356485367,0,-7403,17659,7.820779865141958e-05,7.820779814008555e-05,True,-784718,-767059,True,0.06582264602184296,1306395118,40,2.442660760620139e-10,2090232189,44,1.4858294892471212e-10,-95
9,26,LEAKY_RELU,1,449,0.043493542820215225,-106,0.0023038191720843315,0,-4313,10783,0.00010020125773735344,0.00010020125781108266,True,-457178,-446395,True,0.06582264602184296,1673777260,40,2.1170512800426227e-10,1339021808,43,2.1170512800426227e-10,-95
9,26,LEAKY_RELU,1,450,0.043493542820215225,-106,0.002320575062185526,0,-3649,8943,0.00010093003220390528,0.00010093003083468978,True,-386794,-377851,True,0.06582264602184296,1685950797,40,2.4008730379658775e-10,1348760637,43,2.0476560693124235e-10,-95
9,26,LEAKY_RELU,1,451,0.043493542820215225,-106,0.0020097813103348017,0,-5525,4696,8.741251076571643e-05,8.741250948031496e-05,True,-585650,-580954,True,0.06582264602184296,1460152036,40,1.7703642692992338e-10,1168121629,43,3.4825143350175567e-10,-95
9,26,LEAKY_RELU,1,452,0.043493542820215225,-106,0.0023214169777929783,0,-2142,7915,0.00010096665209857747,0.00010096664872721352,True,-227052,-219137,True,0.06582264602184296,1686562468,40,2.8594326635732115e-10,1349249974,43,1.0517806884266757e-11,-95
9,26,LEAKY_RELU,1,453,0.043493542820215225,-106,0.0018083712784573436,0,131,-3630,7.865247607696801e-05,7.865247363443182e-05,True,13886,10256,True,0.06582264602184296,1313823046,40,2.567731039245121e-10,2102116874,44,6.648877218569896e-11,-95
9,26,LEAKY_RELU,1,454,0.043493542820215225,-106,0.00194944953545928,0,-2413,11755,8.478846575599164e-05,8.478846684634687e-05,True,-255778,-244023,True,0.06582264602184296,1416319623,40,3.638429550080747e-12,1133055698,43,3.5666612999508515e-10,-95
9,26,LEAKY_RELU,1,455,0.043493542820215225,-106,0.002489441307261586,0,-4873,10233,0.0001082746239262633,0.00010827462209579437,True,-516538,-506305,True,0.06582264602184296,1808635981,40,2.3222701931449283e-10,1446908785,43,9.40013382136044e-11,-95
9,26,LEAKY_RELU,1,456,0.043493542820215225,-106,0.0017373330192640424,0,-3196,7167,7.556276977993548e-05,7.556276806633443e-05,True,-338776,-331609,True,0.06582264602184296,1262212128,40,1.210197830112064e-10,2019539405,44,2.1987324512637662e-11,-95
9,26,LEAKY_RELU,1,457,0.043493542820215225,-106,0.0015957029536366463,0,-2511,5325,6.940277671674266e-05,6.940277474233938e-05,True,-266166,-260841,True,0.06582264602184296,1159314650,40,7.556270114676026e-11,1854903440,44,7.556270114676026e-11,-95
9,26,LEAKY_RELU,1,458,0.043493542820215225,-106,0.002424517646431923,0,-249,1025,0.00010545086115598679,0.00010545086207345428,True,-26394,-25369,True,0.06582264602184296,1761467459,40,2.0687494649154174e-10,1409173967,43,6.494776073306313e-11,-95
9,26,LEAKY_RELU,1,459,0.043493542820215225,-106,0.0017570224590599537,0,-3046,6673,7.641912816325203e-05,7.641913155920395e-05,True,-322876,-316203,True,0.06582264602184296,1276516956,40,2.1182831158081773e-11,2042427130,44,2.1702818160427555e-10,-95
9,26,LEAKY_RELU,1,460,0.043493542820215225,-106,0.001883753458969295,0,-8439,23891,8.193110988941044e-05,8.193111173040958e-05,True,-894534,-870643,True,0.06582264602184296,1368589923,40,2.9406202432136695e-10,1094871938,43,7.127763700314898e-11,-95
9,26,LEAKY_RELU,1,461,0.043493542820215225,-106,0.0008151755318976939,0,-11452,40850,3.545487197698094e-05,3.545487190258407e-05,True,-1213912,-1173062,True,0.06582264602184296,1184487293,41,4.0901855531537085e-10,1895179670,45,2.2416669277993866e-10,-95
9,26,LEAKY_RELU,1,462,0.043493542820215225,-106,0.001803409424610436,0,-6176,15476,7.843666389817372e-05,7.84366650316737e-05,True,-654656,-639180,True,0.06582264602184296,1310218146,40,1.2456861584942027e-10,2096349034,44,6.623930474921404e-11,-95
9,26,LEAKY_RELU,1,463,0.043493542820215225,-106,0.0020761818159371614,0,-2279,7298,9.030050568981096e-05,9.030050271401514e-05,True,-241574,-234276,True,0.06582264602184296,1508393520,40,5.275768708747792e-12,1206714816,43,5.275689678118204e-12,-95
9,26,LEAKY_RELU,1,464,0.043493542820215225,-106,0.0018164431676268578,0,-3880,-526,7.900354830780998e-05,7.900354869166612e-05,True,-411280,-411806,True,0.06582264602184296,1319687458,40,1.6870429184417767e-10,2111499933,44,7.398496279835687e-11,-95
9,26,LEAKY_RELU,1,465,0.043493542820215225,-106,0.0010590576566755772,0,424,14596,4.606217044056393e-05,4.606216953969601e-05,True,44944,59540,True,0.06582264602184296,1538859164,41,1.0337158216025081e-10,1231087331,44,5.908642951120771e-11,-95
9,26,LEAKY_RELU,1,466,0.043493542820215225,-106,0.0023549722973257303,0,-5025,14385,0.00010242608550470322,0.00010242608845415727,True,-532650,-518265,True,0.06582264602184296,1710941174,40,1.548535231358043e-10,1368752939,43,8.735115420920821e-12,-95
9,26,LEAKY_RELU,1,467,0.043493542820215225,-106,0.0011496206279844046,0,679,-150,5.000107557862066e-05,5.000107401024242e-05,True,71974,71824,True,0.06582264602184296,1670451299,41,2.683268461511339e-12,1336361039,44,1.5234345894634268e-10,-95
9,26,LEAKY_RELU,1,468,0.043493542820215225,-106,0.0015644303057342768,0,-2627,-14572,6.804261647630483e-05,6.804261649169616e-05,True,-278462,-293034,True,0.06582264602184296,1136594357,40,1.913053243227797e-10,1818550971,44,8.132762730502515e-11,-95
9,26,LEAKY_RELU,1,469,0.043493542820215225,-106,0.0017113646026700735,0,-4013,3287,7.443330832757056e-05,7.443330962723146e-05,True,-425378,-422091,True,0.06582264602184296,1243345480,40,1.9664949408167071e-10,1989352768,44,1.9664954202059493e-10,-95
9,26,LEAKY_RELU,1,470,0.043493542820215225,-106,0.0019688622560352087,0,-1391,10371,8.563279698137194e-05,8.56327948399729e-05,True,-147446,-137075,True,0.06582264602184296,1430423408,40,6.748415452894494e-12,1144338726,43,3.4279839537413403e-10,-95
9,26,LEAKY_RELU,1,471,0.043493542820215225,-106,0.0009020749130286276,0,15422,-35074,3.923443364328705e-05,3.923443385685254e-05,True,1634732,1599658,True,0.06582264602184296,1310756065,41,2.06813040882158e-10,2097209704,45,2.068129499351902e-10,-95
9,26,LEAKY_RELU,1,472,0.043493542820215225,-106,0.0015687810955569148,0,-5385,9525,6.823184958193451e-05,6.823184775514883e-05,True,-570810,-561285,True,0.06582264602184296,1139755305,40,1.4725926380539947e-11,1823608488,44,1.472590023253936e-11,-95
9,26,LEAKY_RELU,1,473,0.043493542820215225,-106,0.0012710463488474488,0,-5062,16040,5.5282307585002854e-05,5.5282308800074734e-05,True,-536572,-520532,True,0.06582264602184296,1846888419,41,2.162850505986481e-10,1477510736,44,3.251660468675361e-10,-95
9,26,LEAKY_RELU,1,474,0.043493542820215225,-106,0.0017803978407755494,0,-2515,17605,7.74358122725971e-05,7.743580972479009e-05,True,-266590,-248985,True,0.06582264602184296,1293499705,40,1.5170890073722345e-10,2069599528,44,1.5170883161701658e-10,-95
9,26,LEAKY_RELU,1,475,0.043493542820215225,-106,0.001975951250642538,0,-6686,-919,8.594112296123058e-05,8.594112033047906e-05,True,-708716,-709635,True,0.06582264602184296,1435573725,40,3.3309691357624094e-10,1148458980,43,3.33096872056503e-10,-95
9,26,LEAKY_RELU,1,476,0.043493542820215225,-106,0.0017743431963026524,0,-2634,8735,7.717247353866696e-05,7.717247178614696e-05,True,-279204,-270469,True,0.06582264602184296,1289100867,40,2.1321849254709542e-10,2062561388,44,1.746487509658133e-10,-95
9,26,LEAKY_RELU,1,477,0.043493542820215225,-106,0.00215240940451622,0,-595,4819,9.361591219203547e-05,9.361591060196017e-05,True,-63070,-58251,True,0.06582264602184296,1563774605,40,3.0280794751464773e-10,1251019684,43,3.028079856305275e-10,-95
9,26,LEAKY_RELU,1,478,0.043493542820215225,-106,0.0012185705127194524,0,-6628,18705,5.2999948820797727e-05,5.2999948774415124e-05,True,-702568,-683863,True,0.06582264602184296,1770638632,41,7.492759103036378e-11,1416510905,44,3.4864842617970265e-10,-95
9,26,LEAKY_RELU,1,479,0.043493542820215225,-106,0.001730007934384048,0,-3624,12644,7.524417742388323e-05,7.524417417344468e-05,True,-384144,-371500,True,0.06582264602184296,1256890287,40,2.827033776452963e-10,2011024459,44,1.832515550554219e-10,-95
9,26,LEAKY_RELU,1,480,0.043493542820215225,-106,0.002548319986090064,0,825,-346,0.00011083546269219369,0.00011083546443461847,True,87450,87104,True,0.06582264602184296,1851412687,40,1.7177893265434816e-10,1481130149,43,2.33317232133232e-10,-95
9,26,LEAKY_RELU,1,481,0.043493542820215225,-106,0.0020847527775913477,0,-2096,-5147,9.067328210221604e-05,9.067328420173191e-05,True,-222176,-227323,True,0.06582264602184296,1514620519,40,2.897303728110522e-10,1211696416,43,3.7050104936401897e-10,-95
9,26,LEAKY_RELU,1,482,0.043493542820215225,-106,0.001745056826621294,0,194,-2062,7.589870074298233e-05,7.589870381236215e-05,True,20564,18502,True,0.06582264602184296,1267823651,40,2.765051048517081e-10,2028517841,44,1.9277356540226775e-11,-95
9,26,LEAKY_RELU,1,483,0.043493542820215225,-106,0.0020931256003677845,0,-2267,5746,9.103745105676353e-05,9.103744792768494e-05,True,-240302,-234556,True,0.06582264602184296,1520703566,40,3.0539863631702717e-10,1216562853,43,1.410010864535809e-10,-95
9,26,LEAKY_RELU,1,484,0.043493542820215225,-106,0.0011190712684765458,0,-1116,7371,4.8672372940927744e-05,4.8672374134357214e-05,True,-118296,-110925,True,0.06582264602184296,1626061684,41,1.0496617581632491e-10,1300849347,44,4.877956586790404e-11,-95
9,26,LEAKY_RELU,1,485,0.043493542820215225,-106,0.0015262654051184654,0,-13864,38983,6.638268678216264e-05,6.638268975253311e-05,True,-1469584,-1430601,True,0.06582264602184296,1108866685,40,3.5913251012604733e-10,1774186695,44,2.0450613813377248e-10,-95
9,26,LEAKY_RELU,1,486,0.043493542820215225,-106,0.0007004343788139522,0,2003,-23643,3.0464372684946284e-05,3.0464372647695482e-05,True,212318,188675,True,0.06582264602184296,2035526311,42,6.952877591247335e-12,1628421049,45,1.297711481470259e-10,-95
9,26,LEAKY_RELU,1,487,0.043493542820215225,-106,0.002015841193497181,0,-9273,15768,8.767607505433261e-05,8.76760752681234e-05,True,-982938,-967170,True,0.06582264602184296,1464554679,40,2.0346935164341418e-10,1171643743,43,3.7416970413543107e-10,-95
9,26,LEAKY_RELU,1,488,0.043493542820215225,-106,0.001921184011735022,0,-5681,12688,8.355909812962636e-05,8.355909907991005e-05,True,-602186,-589498,True,0.06582264602184296,1395784074,40,2.070234109514312e-10,1116627259,43,3.861342948011731e-10,-95
9,26,LEAKY_RELU,1,489,0.043493542820215225,-106,0.001882374519482255,0,1113,-2820,8.187113417079672e-05,8.187113676678352e-05,True,117978,115158,True,0.06582264602184296,1367588092,40,3.2311141659133413e-10,1094070473,43,2.2529932537813717e-10,-95
9,26,LEAKY_RELU,1,490,0.043493542820215225,-106,0.0006633342709392309,0,-14974,25887,2.8850758098997176e-05,2.8850757517211688e-05,True,-1587244,-1561357,True,0.06582264602184296,1927710007,42,1.399273689519275e-10,1542168006,45,1.194476817066889e-10,-95
9,26,LEAKY_RELU,1,491,0.043493542820215225,-106,0.0007920331554487348,0,-2173,12092,3.4448326914571226e-05,3.444832796153973e-05,True,-230338,-218246,True,0.06582264602184296,1150860363,41,1.0546672037598846e-10,1841376581,45,3.147621034057904e-12,-95
9,26,LEAKY_RELU,1,492,0.043493542820215225,-106,0.0016207696171477437,0,-9382,29820,7.049301348160952e-05,7.049301274511923e-05,True,-994492,-964672,True,0.06582264602184296,1177526154,40,3.3524046033407825e-10,1884041846,44,1.2293090029652268e-10,-95
9,26,LEAKY_RELU,1,493,0.043493542820215225,-106,0.0011611726367846131,0,-2732,9823,5.050351319368929e-05,5.050351179965379e-05,True,-289592,-279769,True,0.06582264602184296,1687236896,41,2.3336841884766403e-10,1349789516,44,3.5931661679182047e-10,-95
9,26,LEAKY_RELU,1,494,0.043493542820215225,-106,0.0020017235074192286,0,-8262,11183,8.706204971531406e-05,8.706204708416963e-05,True,-875772,-864589,True,0.06582264602184296,1454297858,40,1.0898153402766378e-10,1163438286,43,2.3482698999925583e-10,-95
9,26,LEAKY_RELU,1,495,0.043493542820215225,-106,0.0007592398324050009,0,-7294,51794,3.302203185739927e-05,3.302203016151994e-05,True,-773164,-721370,True,0.06582264602184296,1103210166,41,3.636282052524474e-10,1765136266,45,1.3701688656910792e-10,-95
9,26,LEAKY_RELU,1,496,0.043493542820215225,-106,0.002048912225291133,0,-963,-366,8.911445183912292e-05,8.911445160556235e-05,True,-102078,-102444,True,0.06582264602184296,1488581539,40,2.7505173905978034e-10,1190865232,43,3.9672876683133364e-10,-95
9,26,LEAKY_RELU,1,497,0.043493542820215225,-106,0.00025397728313691914,0,4451,-15868,1.1046371582779102e-05,1.1046371839477519e-05,True,471806,455938,True,0.06582264602184296,1476162387,43,1.26759803059525e-10,1180929909,46,3.813145019857533e-10,-95
9,26,LEAKY_RELU,1,498,0.043493542820215225,-106,0.0017624010797590017,0,-2738,4017,7.665306475246325e-05,7.665306682889169e-05,True,-290228,-286211,True,0.06582264602184296,1280424647,40,1.6690617870289952e-10,2048679435,44,6.928231593695318e-11,-95
9,26,LEAKY_RELU,1,499,0.043493542820215225,-106,0.003222728380933404,0,-5374,14472,0.00014016787463333458,0.0001401678748340499,True,-569644,-555172,True,0.06582264602184296,1170692896,39,2.1607326525699364e-10,1873108634,43,2.524570124793121e-12,-95
9,26,LEAKY_RELU,1,500,0.043493542820215225,-106,0.0023155519738793373,0,-3901,11506,0.0001007115570246242,0.00010071155892835484,True,-413506,-402000,True,0.06582264602184296,1682301408,40,1.1145658879326576e-10,1345841127,43,3.3436112135741636e-10,-95
9,26,LEAKY_RELU,1,501,0.043493542820215225,-106,0.0009659269126132131,0,-3986,19610,4.20115829911083e-05,4.201158353494107e-05,True,-422516,-402906,True,0.06582264602184296,1403535938,41,3.2482090118239373e-10,1122828750,44,3.1422330956593233e-11,-95
9,26,LEAKY_RELU,1,502,0.043493542820215225,-106,0.0024538403376936913,0,-5798,10553,0.0001067262128344737,0.00010672620980145195,True,-614588,-604035,True,0.06582264602184296,1782771064,40,1.576440726526307e-10,1426216851,43,1.7412943099469522e-11,-95
9,26,LEAKY_RELU,1,503,0.043493542820215225,-106,0.002256841165944934,0,1109,-2642,9.815801604418084e-05,9.815801788945044e-05,True,117554,114912,True,0.06582264602184296,1639646665,40,2.126410433239077e-11,1311717332,43,2.1263995276007984e-11,-95
9,26,LEAKY_RELU,1,504,0.043493542820215225,-106,0.0010878947796300054,0,-6689,25015,4.7316396376118064e-05,4.7316398181726244e-05,True,-709034,-684019,True,0.06582264602184296,1580760821,41,4.51083506318389e-11,1264608657,44,1.130433046109362e-10,-95
9,26,LEAKY_RELU,1,505,0.043493542820215225,-106,0.0027508260682225227,0,-5426,11565,0.00011964316945523024,0.00011964317138920058,True,-575156,-563591,True,0.06582264602184296,1998537982,40,1.8222456315265869e-10,1598830385,43,1.9304976582762908e-10,-95
9,26,LEAKY_RELU,1,506,0.043493542820215225,-106,0.0019487448735162616,0,113,-2331,8.47578194225207e-05,8.475781860195443e-05,True,11978,9647,True,0.06582264602184296,1415807670,40,3.83727555450131e-12,1132646136,43,3.837359753289094e-12,-95
9,26,LEAKY_RELU,1,507,0.043493542820215225,-106,0.0015903686871752143,0,-11501,30564,6.91707682562992e-05,6.917076859558466e-05,True,-1219106,-1188542,True,0.06582264602184296,1155439183,40,4.0329051968309666e-10,1848702694,44,2.4581323352635715e-10,-95
9,26,LEAKY_RELU,1,508,0.043493542820215225,-106,0.00104783836286515,0,-14765,32764,4.5574201067211106e-05,4.557420270393962e-05,True,-1565090,-1532326,True,0.06582264602184296,1522557017,41,2.1093796894643407e-10,1218045614,44,1.174568793925963e-10,-95
9,26,LEAKY_RELU,1,509,0.043493542820215225,-106,0.002106215339154005,0,-5102,23247,9.160676563624293e-05,9.160676704208885e-05,True,-540812,-517565,True,0.06582264602184296,1530213561,40,1.7655251931355554e-10,1224170849,43,3.3992829090639646e-10,-95
9,26,LEAKY_RELU,1,510,0.043493542820215225,-106,0.001371786929666996,0,-6254,18850,5.9663874708348885e-05,5.966387356568306e-05,True,-662924,-644074,True,0.06582264602184296,1993269086,41,1.005381755076004e-10,1594615269,44,2.4883897270294826e-11,-95
9,26,LEAKY_RELU,1,511,0.043493542820215225,-106,0.0014699266757816076,0,-3899,16317,6.39323188806884e-05,6.393231881568397e-05,True,-413294,-396977,True,0.06582264602184296,2135870621,41,1.601612425080829e-10,1708696497,44,4.311301014201294e-11,-95
10,28,LINEAR,0,0,0.06582264602184296,-95,0.0037022035103291273,0,-135,416,0.0002436888316879049,0.00024368883116121856,True,-12825,-12409,True,0.1699894219636917,1576208098,40,1.9634218198390332e-10,1576208098,40,1.9634218198390332e-10,59
10,28,LINEAR,0,1,0.06582264602184296,-95,0.0031564526725560427,0,-133,615,0.00020776606106664985,0.00020776606695035657,True,-12635,-12020,True,0.1699894219636917,1343855422,40,3.530491480058401e-10,1343855422,40,3.530491480058401e-10,59
10,28,LINEAR,0,2,0.06582264602184296,-95,0.0031125193927437067,0,25,464,0.0002048742608167231,0.0002048742622246906,True,2375,2839,True,0.1699894219636917,1325150888,40,3.6528134320868243e-10,1325150888,40,3.6528134320868243e-10,59
10,28,LINEAR,0,3,0.06582264602184296,-95,0.0010153475450351834,0,-541,-1121,6.68328648316674e-05,6.683286204599813e-05,True,-51395,-52516,True,0.1699894219636917,1729131333,42,1.6153527773293108e-10,1729131333,42,1.6153527773293108e-10,59
10,28,LINEAR,0,4,0.06582264602184296,-95,0.006460731849074364,0,-2479,-9010,0.0004252624639775604,0.00042526246554366876,True,-235505,-244515,True,0.1699894219636917,1375323889,39,1.838797138629619e-10,1375323889,39,1.838797138629619e-10,59
10,28,LINEAR,0,5,0.06582264602184296,-95,0.0026734585408121347,0,-2786,461,0.00017597411351744086,0.00017597411518594994,True,-264670,-264209,True,0.1699894219636917,1138221329,40,2.6405148328106464e-10,1138221329,40,2.6405148328106464e-10,59
10,28,LINEAR,0,6,0.06582264602184296,-95,0.0024964138865470886,0,-5308,-1484,0.00016432056145276874,0.00016432056757820224,True,-504260,-505744,True,0.1699894219636917,2125689618,41,8.836447867724304e-11,2125689618,41,8.836447867724304e-11,59
10,28,LINEAR,0,7,0.06582264602184296,-95,0.0031911740079522133,0,-3330,-632,0.000210051512112841,0.0002100515171195444,True,-316350,-316982,True,0.1699894219636917,1358637984,40,2.3011856231968048e-10,1358637984,40,2.3011856231968048e-10,59
10,28,LINEAR,0,8,0.06582264602184296,-95,0.002484769793227315,0,-6175,-1264,0.0001635541266296059,0.00016355412254536947,True,-586625,-587889,True,0.1699894219636917,2115774704,41,2.232895906199009e-10,2115774704,41,2.232895906199009e-10,59
10,28,LINEAR,0,9,0.06582264602184296,-95,0.0023815662134438753,0,-5961,-1795,0.00015676098701078445,0.0001567609898450971,True,-566295,-568090,True,0.1699894219636917,2027897138,41,1.6745522250301202e-10,2027897138,41,1.6745522250301202e-10,59
10,28,LINEAR,0,10,0.06582264602184296,-95,0.002085309475660324,0,-7219,-2339,0.00013726059114560485,0.00013726058746238445,True,-685805,-688144,True,0.1699894219636917,1775635333,41,8.459944940588937e-11,1775635333,41,8.459944940588937e-11,59
10,28,LINEAR,0,11,0.06582264602184296,-95,0.0018265735125169158,0,-7911,-2436,0.00012022990267723799,0.00012022990174727528,True,-751545,-753981,True,0.1699894219636917,1555322366,41,3.234247988172324e-11,1555322366,41,3.234247988172324e-11,59
10,28,LINEAR,0,12,0.06582264602184296,-95,0.002643733751028776,0,-4999,-1695,0.00017401755030732602,0.00017401755086996623,True,-474905,-476600,True,0.1699894219636917,1125566041,40,3.811207164525773e-10,1125566041,40,3.811207164525773e-10,59
10,28,LINEAR,0,13,0.06582264602184296,-95,0.0023111547343432903,0,-5922,-1068,0.00015212631842587143,0.0001521263199803849,True,-562590,-563658,True,0.1699894219636917,1967941955,41,8.927124953943874e-11,1967941955,41,8.927124953943874e-11,59
10,28,LINEAR,0,14,0.06582264602184296,-95,0.0018760600360110402,0,-8004,-2382,0.00012348723248578608,0.00012348723566608065,True,-760380,-762762,True,0.1699894219636917,1597460006,41,1.3446368424918576e-10,1597460006,41,1.3446368424918576e-10,59
10,28,LINEAR,0,15,0.06582264602184296,-95,0.0018899657297879457,0,-8012,-2375,0.00012440254795365036,0.00012440254522524605,True,-761140,-763515,True,0.1699894219636917,1609300666,41,7.695229422554895e-11,1609300666,41,7.695229422554895e-11,59
10,28,LINEAR,0,16,0.06582264602184296,-95,0.002192774787545204,0,-7200,-2243,0.0001443342334823683,0.00014433423864620987,True,-684000,-686243,True,0.1699894219636917,1867141753,41,1.2181587679268092e-10,1867141753,41,1.2181587679268092e-10,59
10,28,LINEAR,0,17,0.06582264602184296,-95,0.001984861446544528,0,-8247,-2264,0.00013064882659818977,0.00013064883239830363,True,-783465,-785729,True,0.1699894219636917,1690104110,41,1.295706817218313e-10,1690104110,41,1.295706817218313e-10,59
10,28,LINEAR,0,18,0.06582264602184296,-95,0.002369089750573039,0,-4515,-1550,0.00015593974967487156,0.00015593975604594537,True,-428925,-430475,True,0.1699894219636917,2017273464,41,2.2721247913395166e-10,2017273464,41,2.2721247913395166e-10,59
10,28,LINEAR,0,19,0.06582264602184296,-95,0.0022205712739378214,0,-5180,-1129,0.0001461638748878613,0.00014616387693068209,True,-492100,-493229,True,0.1699894219636917,1890810386,41,2.0806067847784833e-10,1890810386,41,2.0806067847784833e-10,59
10,28,LINEAR,0,20,0.06582264602184296,-95,0.0020856887567788363,0,-6527,-1694,0.0001372855476802215,0.00013728555274919105,True,-620065,-621759,True,0.1699894219636917,1775958290,41,6.44080901789047e-12,1775958290,41,6.44080901789047e-12,59
10,28,LINEAR,0,21,0.06582264602184296,-95,0.0021250415593385696,0,-6084,-1949,0.00013987586135044694,0.00013987585834204785,True,-577980,-579929,True,0.1699894219636917,1809467094,41,4.252228875457161e-11,1809467094,41,4.252228875457161e-11,59
10,28,LINEAR,0,22,0.06582264602184296,-95,0.0019025910878553987,0,-7540,-2234,0.00012523357872851193,0.00012523357970021902,True,-716300,-718534,True,0.1699894219636917,1620051124,41,5.961497871374624e-11,1620051124,41,5.961497871374624e-11,59
10,28,LINEAR,0,23,0.06582264602184296,-95,0.0023578032851219177,0,-5918,-1124,0.00015519684529863298,0.00015519685102571845,True,-562210,-563334,True,0.1699894219636917,2007663069,41,9.280171842740414e-12,2007663069,41,9.280171842740414e-12,59
10,28,LINEAR,0,24,0.06582264602184296,-95,0.0022136990446597338,0,-6521,-1298,0.00014571152860298753,0.00014571152861552958,True,-619495,-620793,True,0.1699894219636917,1884958701,41,5.979302167923913e-11,1884958701,41,5.979302167923913e-11,59
10,28,LINEAR,0,25,0.06582264602184296,-95,0.0020135215017944574,0,-7520,-1947,0.0001325353077845648,0.0001325353130699862,True,-714400,-716347,True,0.1699894219636917,1714508069,41,7.33211901266171e-11,1714508069,41,7.33211901266171e-11,59
10,28,LINEAR,0,26,0.06582264602184296,-95,0.0017124423757195473,0,-9224,-2731,0.00011271749099250883,0.00011271748832979156,True,-876280,-879011,True,0.1699894219636917,1458140014,41,9.13124149397249e-11,1458140014,41,9.13124149397249e-11,59
10,28,LINEAR,0,27,0.06582264602184296,-95,0.0016562705859541893,0,-9435,-3033,0.00010902011126745492,0.00010902011249565302,True,-896325,-899358,True,0.1699894219636917,1410309888,41,2.0871715623380481e-10,1410309888,41,2.0871715623380481e-10,59
10,28,LINEAR,0,28,0.06582264602184296,-95,0.0019956298638135195,0,-7409,-2477,0.0001313576358370483,0.00013135763811641596,True,-703855,-706332,True,0.1699894219636917,1699273388,41,9.685883662085079e-11,1699273388,41,9.685883662085079e-11,59
10,28,LINEAR,0,29,0.06582264602184296,-95,0.0023937218356877565,0,-5385,-1940,0.00015756110951770097,0.00015756110506523133,True,-511575,-513515,True,0.1699894219636917,2038247617,41,6.865141319090801e-11,2038247617,41,6.865141319090801e-11,59
10,28,LINEAR,0,30,0.06582264602184296,-95,0.0020894622430205345,0,-5863,-1040,0.0001375339343212545,0.00013753393359834665,True,-556985,-558025,True,0.1699894219636917,1779171403,41,1.3228544265651028e-10,1779171403,41,1.3228544265651028e-10,59
10,28,LINEAR,0,31,0.06582264602184296,-95,0.0021511546801775694,0,-5236,-1639,0.00014159468992147595,0.00014159469305155895,True,-497420,-499059,True,0.1699894219636917,1831702345,41,1.5106362495447504e-10,1831702345,41,1.5106362495447504e-10,59
10,28,LINEAR,0,32,0.06582264602184296,-95,0.0020077405497431755,0,-6789,-1946,0.00013215478975325823,0.00013215479550944542,True,-644955,-646901,True,0.1699894219636917,1709585604,41,1.2587508035905975e-10,1709585604,41,1.2587508035905975e-10,59
10,28,LINEAR,0,33,0.06582264602184296,-95,0.0022301420103758574,0,-5322,-1105,0.00014679384185001254,0.00014679384812741128,True,-505590,-506695,True,0.1699894219636917,1898959842,41,2.1591349332697162e-10,1898959842,41,2.1591349332697162e-10,59
10,28,LINEAR,0,34,0.06582264602184296,-95,0.0021298725623637438,0,-7173,-1904,0.0001401938498020172,0.00014019384774410434,True,-681435,-683339,True,0.1699894219636917,1813580680,41,1.0111337640188689e-11,1813580680,41,1.0111337640188689e-11,59
10,28,LINEAR,0,35,0.06582264602184296,-95,0.0024656474124640226,0,-5563,-1512,0.00016229542961809784,0.00016229543684529238,True,-528485,-529997,True,0.1699894219636917,2099492049,41,1.8462798138827274e-10,2099492049,41,1.8462798138827274e-10,59
10,28,LINEAR,0,36,0.06582264602184296,-95,0.002389755332842469,0,-6281,-1473,0.0001573000190546736,0.00015730001935250135,True,-596695,-598168,True,0.1699894219636917,2034870151,41,2.449504757342245e-10,2034870151,41,2.449504757342245e-10,59
10,28,LINEAR,0,37,0.06582264602184296,-95,0.002062986372038722,0,-6681,-2077,0.00013579122605733573,0.00013579122171459082,True,-634695,-636772,True,0.1699894219636917,1756627271,41,1.5825327015123176e-10,1756627271,41,1.5825327015123176e-10,59
10,28,LINEAR,0,38,0.06582264602184296,-95,0.0021499672438949347,0,-6606,-1625,0.0001415165315847844,0.00014151653285345359,True,-627570,-629195,True,0.1699894219636917,1830691247,41,2.624915543476162e-10,1830691247,41,2.624915543476162e-10,59
10,28,LINEAR,0,39,0.06582264602184296,-95,0.001999125350266695,0,-6941,-2161,0.000131587716168724,0.00013158772028389748,True,-659395,-661556,True,0.1699894219636917,1702249785,41,2.0525569761616783e-10,1702249785,41,2.0525569761616783e-10,59
10,28,LINEAR,0,40,0.06582264602184296,-95,0.002011178992688656,0,-8080,-2345,0.00013238111569080502,0.00013238112292231208,True,-767600,-769945,True,0.1699894219636917,1712513429,41,5.092859357700161e-12,1712513429,41,5.092859357700161e-12,59
10,28,LINEAR,0,41,0.06582264602184296,-95,0.002139361808076501,0,-6735,-1295,0.0001408184616593644,0.00014081845500566945,True,-639825,-641120,True,0.1699894219636917,1821660747,41,9.076578994586895e-11,1821660747,41,9.076578994586895e-11,59
10,28,LINEAR,0,42,0.06582264602184296,-95,0.0023499790113419294,0,-5828,-1105,0.00015468183846678585,0.0001546818366223203,True,-553660,-554765,True,0.1699894219636917,2001000721,41,9.483205779364238e-11,2001000721,41,9.483205779364238e-11,59
10,28,LINEAR,0,43,0.06582264602184296,-95,0.0021198841277509928,0,-6454,-1844,0.00013953637972008437,0.0001395363825482769,True,-613130,-614974,True,0.1699894219636917,1805075555,41,7.828466667597041e-11,1805075555,41,7.828466667597041e-11,59
10,28,LINEAR,0,44,0.06582264602184296,-95,0.0019920342601835728,0,-6055,-1954,0.00013112096348777413,0.00013112096597144712,True,-575225,-577179,True,0.1699894219636917,1696211741,41,2.8105029477127106e-10,1696211741,41,2.8105029477127106e-10,59
10,28,LINEAR,0,45,0.06582264602184296,-95,0.00235951179638505,0,-5883,-1837,0.0001553093024995178,0.00015530930975781593,True,-558885,-560722,True,0.1699894219636917,2009117862,41,1.673117260533841e-10,2009117862,41,1.673117260533841e-10,59
10,28,LINEAR,0,46,0.06582264602184296,-95,0.002158739836886525,0,-5843,-1206,0.00014209396613296121,0.00014209396813663275,True,-555085,-556291,True,0.1699894219636917,1838161086,41,2.5337484500208604e-10,1838161086,41,2.5337484500208604e-10,59
10,28,LINEAR,0,47,0.06582264602184296,-95,0.002022907603532076,0,-6431,-1933,0.00013315312389750034,0.00013315313112218646,True,-610945,-612878,True,0.1699894219636917,1722500309,41,9.583940709754113e-11,1722500309,41,9.583940709754113e-11,59
10,28,LINEAR,0,48,0.06582264602184296,-95,0.002041362691670656,0,-6019,-1439,0.00013436788867693394,0.00013436789385603415,True,-571805,-573244,True,0.1699894219636917,1738214766,41,2.2968928982745594e-10,1738214766,41,2.2968928982745594e-10,59
10,28,LINEAR,0,49,0.06582264602184296,-95,0.0018271170556545258,0,-6859,-2400,0.00012026567856082693,0.00012026567919481979,True,-651605,-654005,True,0.1699894219636917,1555785191,41,2.8889548301174613e-10,1555785191,41,2.8889548301174613e-10,59
10,28,LINEAR,0,50,0.06582264602184296,-95,0.0023604556918144226,0,-5310,-1259,0.00015537143917754292,0.00015537143945254517,True,-504450,-505709,True,0.1699894219636917,2009921586,41,2.4145982920164437e-11,2009921586,41,2.4145982920164437e-11,59
10,28,LINEAR,0,51,0.06582264602184296,-95,0.002434758236631751,0,-5021,-959,0.00016026223602239043,0.0001602622295585783,True,-476995,-477954,True,0.1699894219636917,2073190000,41,1.844977930136221e-10,2073190000,41,1.844977930136221e-10,59
10,28,LINEAR,0,52,0.06582264602184296,-95,0.0025188131257891655,0,-5424,-1530,0.00016579494695179164,0.00016579494477399204,True,-515280,-516810,True,0.1699894219636917,2144762509,41,1.5541110074870407e-10,2144762509,41,1.5541110074870407e-10,59
10,28,LINEAR,0,53,0.06582264602184296,-95,0.0020671405363827944,0,-6933,-1994,0.00013606465654447675,0.00013606465980372726,True,-658635,-660629,True,0.1699894219636917,1760164531,41,6.187927960924407e-11,1760164531,41,6.187927960924407e-11,59
10,28,LINEAR,0,54,0.06582264602184296,-95,0.002533892635256052,0,-5340,-1288,0.00016678751853760332,0.00016678751798781394,True,-507300,-508588,True,0.1699894219636917,1078801335,40,2.464285460573604e-10,1078801335,40,2.464285460573604e-10,59
10,28,LINEAR,0,55,0.06582264602184296,-95,0.001959711080417037,0,-7007,-2404,0.0001289933716179803,0.00012899336875137404,True,-665665,-668069,True,0.1699894219636917,1668688642,41,1.8714278459574572e-11,1668688642,41,1.8714278459574572e-11,59
10,28,LINEAR,0,56,0.06582264602184296,-95,0.0022501025814563036,0,-6223,-1387,0.00014810770517215133,0.00014810770573203333,True,-591185,-592572,True,0.1699894219636917,1915956213,41,2.3205875336839651e-10,1915956213,41,2.3205875336839651e-10,59
10,28,LINEAR,0,57,0.06582264602184296,-95,0.0018642388749867678,0,-7966,-2079,0.0001227091415785253,0.00012270913556841276,True,-756770,-758849,True,0.1699894219636917,1587394319,41,2.5335241304496774e-10,1587394319,41,2.5335241304496774e-10,59
10,28,LINEAR,0,58,0.06582264602184296,-95,0.0023555189836770296,0,-6146,-1572,0.0001550464949104935,0.0001550464922603044,True,-583870,-585442,True,0.1699894219636917,2005717993,41,2.3485297219962893e-10,2005717993,41,2.3485297219962893e-10,59
10,28,LINEAR,0,59,0.06582264602184296,-95,0.0024271109141409397,0,-5581,-1016,0.00015975885617081076,0.00015975886255725075,True,-530195,-531211,True,0.1699894219636917,2066678326,41,6.347616593340445e-11,2066678326,41,6.347616593340445e-11,59
10,28,LINEAR,0,60,0.06582264602184296,-95,0.0023974638897925615,0,-5701,-1230,0.0001578074152348563,0.0001578074169679665,True,-541595,-542825,True,0.1699894219636917,2041433966,41,1.3323959556586446e-10,2041433966,41,1.3323959556586446e-10,59
10,28,LINEAR,0,61,0.06582264602184296,-95,0.002669623587280512,0,-3595,-2,0.00017572168144397438,0.0001757216883971277,True,-341525,-341527,True,0.1699894219636917,1136588603,40,5.477536137539939e-11,1136588603,40,5.477536137539939e-11,59
10,28,LINEAR,0,62,0.06582264602184296,-95,0.0019609166774898767,0,-6607,-1680,0.00012907272321172059,0.00012907272434074454,True,-627665,-629345,True,0.1699894219636917,1669715205,41,2.085271837512001e-10,1669715205,41,2.085271837512001e-10,59
10,28,LINEAR,0,63,0.06582264602184296,-95,0.0024143655318766832,0,-4706,-1755,0.00015891992370598018,0.00015891992777205752,True,-447070,-448825,True,0.1699894219636917,2055825668,41,5.7349285484111417e-11,2055825668,41,5.7349285484111417e-11,59
10,28,LINEAR,0,64,0.06582264602184296,-95,0.0018799782264977694,0,-7241,-2341,0.00012374513607937843,0.00012374514133153477,True,-687895,-690236,True,0.1699894219636917,1600796334,41,1.8873104832125124e-10,1600796334,41,1.8873104832125124e-10,59
10,28,LINEAR,0,65,0.06582264602184296,-95,0.0024631479755043983,0,-4353,-1614,0.00016213092021644115,0.00016213091729104512,True,-413535,-415149,True,0.1699894219636917,2097363786,41,1.7595706350630818e-10,2097363786,41,1.7595706350630818e-10,59
10,28,LINEAR,0,66,0.06582264602184296,-95,0.00195799907669425,0,-7097,-1715,0.00012888068158645183,0.00012888068013634096,True,-674215,-675930,True,0.1699894219636917,1667230876,41,2.825815602858524e-10,1667230876,41,2.825815602858524e-10,59
10,28,LINEAR,0,67,0.06582264602184296,-95,0.0021939249709248543,0,-6126,-1864,0.00014440994709730148,0.00014440994675966878,True,-581970,-583834,True,0.1699894219636917,1868121131,41,1.281324878812464e-10,1868121131,41,1.281324878812464e-10,59
10,28,LINEAR,0,68,0.06582264602184296,-95,0.0019139974610880017,0,-7130,-2082,0.0001259843702428043,0.00012598437736790168,True,-677350,-679432,True,0.1699894219636917,1629763620,41,1.1911115658109028e-10,1629763620,41,1.1911115658109028e-10,59
10,28,LINEAR,0,69,0.06582264602184296,-95,0.001900248695164919,0,-8495,-2368,0.00012507940118666738,0.00012507939721530942,True,-807025,-809393,True,0.1699894219636917,1618056583,41,6.607942109432713e-11,1618056583,41,6.607942109432713e-11,59
10,28,LINEAR,0,70,0.06582264602184296,-95,0.002572711557149887,0,-5367,-1355,0.00016934268933255225,0.0001693426821425814,True,-509865,-511220,True,0.1699894219636917,1095328438,40,3.143497713305335e-10,1095328438,40,3.143497713305335e-10,59
10,28,LINEAR,0,71,0.06582264602184296,-95,0.002074910793453455,0,-6920,-2061,0.00013657611270900816,0.00013657611868438807,True,-657400,-659461,True,0.1699894219636917,1766780884,41,2.2528532424364095e-10,1766780884,41,2.2528532424364095e-10,59
10,28,LINEAR,0,72,0.06582264602184296,-95,0.0018574182176962495,0,-7655,-1666,0.00012226018588989973,0.00012226018185794267,True,-727225,-728891,True,0.1699894219636917,1581586548,41,1.992245666446594e-10,1581586548,41,1.992245666446594e-10,59
10,28,LINEAR,0,73,0.06582264602184296,-95,0.0018052449449896812,0,-8646,-2813,0.00011882599937962368,0.00011882599899677715,True,-821370,-824183,True,0.1699894219636917,1537161149,41,9.736896687504179e-11,1537161149,41,9.736896687504179e-11,59
10,28,LINEAR,0,74,0.06582264602184296,-95,0.001909982762299478,0,-7718,-2270,0.00012572012201417238,0.00012572011927066036,True,-733210,-735480,True,0.1699894219636917,1626345115,41,1.6411122747235066e-10,1626345115,41,1.6411122747235066e-10,59
10,28,LINEAR,0,75,0.06582264602184296,-95,0.001551926601678133,0,-11759,-3594,0.00010215191286988556,0.00010215191535414142,True,-1117105,-1120699,True,0.1699894219636917,1321461270,41,1.2567291644029585e-10,1321461270,41,1.2567291644029585e-10,59
10,28,LINEAR,0,76,0.06582264602184296,-95,0.0023832099977880716,0,-5459,-1176,0.00015686919505242258,0.00015686918808012137,True,-518605,-519781,True,0.1699894219636917,2029296816,41,2.2278749092453998e-10,2029296816,41,2.2278749092453998e-10,59
10,28,LINEAR,0,77,0.06582264602184296,-95,0.0020718316081911325,0,-6950,-2463,0.00013637343363370746,0.00013637343856283055,True,-660250,-662713,True,0.1699894219636917,1764158966,41,1.4387940445608474e-10,1764158966,41,1.4387940445608474e-10,59
10,28,LINEAR,0,78,0.06582264602184296,-95,0.0023484849371016026,0,-4902,-1410,0.00015458349662367254,0.0001545834927024689,True,-465690,-467100,True,0.1699894219636917,1999728521,41,2.3780832100781873e-11,1999728521,41,2.3780832100781873e-11,59
10,28,LINEAR,0,79,0.06582264602184296,-95,0.0025030048564076424,0,-5839,-1848,0.00016475439770147204,0.0001647544026542741,True,-554705,-556553,True,0.1699894219636917,2131301811,41,2.5579999680580905e-11,2131301811,41,2.5579999680580905e-11,59
10,28,LINEAR,0,80,0.06582264602184296,-95,0.0021709392312914133,0,-6669,-1363,0.00014289696991909295,0.00014289696455622655,True,-633555,-634918,True,0.1699894219636917,1848548837,41,2.111565396211391e-10,1848548837,41,2.111565396211391e-10,59
10,28,LINEAR,0,81,0.06582264602184296,-95,0.0019719027914106846,0,-7174,-1843,0.00012979586608707905,0.00012979585942850952,True,-681530,-683373,True,0.1699894219636917,1679069851,41,1.7693387287496204e-10,1679069851,41,1.7693387287496204e-10,59
10,28,LINEAR,0,82,0.06582264602184296,-95,0.002299946965649724,0,-5836,-1543,0.00015138859453145415,0.00015138859498897358,True,-554420,-555963,True,0.1699894219636917,1958398571,41,1.583444318921233e-10,1958398571,41,1.583444318921233e-10,59
10,28,LINEAR,0,83,0.06582264602184296,-95,0.0012783871497958899,0,-12698,-3838,8.414682815782726e-05,8.414682483988759e-05,True,-1206310,-1210148,True,0.1699894219636917,1088543173,41,3.0814483209673953e-10,1088543173,41,3.0814483209673953e-10,59
10,28,LINEAR,0,84,0.06582264602184296,-95,0.0016870686085894704,0,-9207,-2501,0.00011104731675004587,0.00011104731983774783,True,-874665,-877166,True,0.1699894219636917,1436534321,41,2.779162297166894e-10,1436534321,41,2.779162297166894e-10,59
10,28,LINEAR,0,85,0.06582264602184296,-95,0.004106578417122364,0,-93,-177,0.00027030587079934776,0.0002703058575111855,True,-8835,-9012,True,0.1699894219636917,1748370163,40,8.666207786544165e-12,1748370163,40,8.666207786544165e-12,59
10,28,LINEAR,0,86,0.06582264602184296,-95,0.003894917434081435,0,-140,-14,0.00025637377984821796,0.00025637377154784716,True,-13300,-13314,True,0.1699894219636917,1658255788,40,1.2699078846138836e-11,1658255788,40,1.2699078846138836e-11,59
10,28,LINEAR,0,87,0.06582264602184296,-95,0.002714617410674691,0,26,426,0.00017868330178316683,0.0001786833009075721,True,2470,2896,True,0.1699894219636917,1155744662,40,3.1920078569675964e-11,1155744662,40,3.1920078569675964e-11,59
10,28,LINEAR,0,88,0.06582264602184296,-95,0.0012054000981152058,0,-349,203,7.934262248454615e-05,7.934262397293196e-05,True,-33155,-32952,True,0.1699894219636917,2052789794,42,1.4604906269147242e-10,2052789794,42,1.4604906269147242e-10,59
10,28,LINEAR,0,89,0.06582264602184296,-95,0.00502112228423357,0,-3493,-9876,0.00033050356432795525,0.0003305035547474938,True,-331835,-341711,True,0.1699894219636917,2137735968,40,1.242229454994363e-10,2137735968,40,1.242229454994363e-10,59
10,28,LINEAR,0,90,0.06582264602184296,-95,0.0037170390132814646,0,-1729,1599,0.00024466533795930445,0.00024466534322060626,True,-164255,-162656,True,0.1699894219636917,1582524293,40,9.556212327650574e-11,1582524293,40,9.556212327650574e-11,59
10,28,LINEAR,0,91,0.06582264602184296,-95,0.0020898294169455767,0,-6829,-1494,0.0001375581050524488,0.00013755810195764315,True,-648755,-650249,True,0.1699894219636917,1779484051,41,9.470655000451608e-11,1779484051,41,9.470655000451608e-11,59
10,28,LINEAR,0,92,0.06582264602184296,-95,0.0024207623209804296,0,-4468,-1023,0.00015934098337311298,0.0001593409813569098,True,-424460,-425483,True,0.1699894219636917,2061272516,41,1.7648068053634352e-10,2061272516,41,1.7648068053634352e-10,59
10,28,LINEAR,0,93,0.06582264602184296,-95,0.0024515034165233374,0,-6533,-1092,0.00016136444173753262,0.00016136444160715427,True,-620635,-621727,True,0.1699894219636917,2087448475,41,1.946071300974702e-10,2087448475,41,1.946071300974702e-10,59
10,28,LINEAR,0,94,0.06582264602184296,-95,0.0022220080718398094,0,-6347,-1855,0.00014625844778493047,0.00014625845077038957,True,-602965,-604820,True,0.1699894219636917,1892033815,41,5.436627723528697e-11,1892033815,41,5.436627723528697e-11,59
10,28,LINEAR,0,95,0.06582264602184296,-95,0.0024109261576086283,0,-5834,-1550,0.00015869353956077248,0.0001586935390570747,True,-554230,-555780,True,0.1699894219636917,2052897050,41,3.406862264297341e-11,2052897050,41,3.406862264297341e-11,59
10,28,LINEAR,0,96,0.06582264602184296,-95,0.0018895416287705302,0,-7329,-2002,0.00012437462282832712,0.0001243746297740992,True,-696255,-698257,True,0.1699894219636917,1608939545,41,1.6394419735292286e-10,1608939545,41,1.6394419735292286e-10,59
10,28,LINEAR,0,97,0.06582264602184296,-95,0.002148970030248165,0,-6310,-1352,0.00014145088789518923,0.00014145089361257412,True,-599450,-600802,True,0.1699894219636917,1829842122,41,9.944489110649103e-11,1829842122,41,9.944489110649103e-11,59
10,28,LINEAR,0,98,0.06582264602184296,-95,0.0018907106714323163,0,-7118,-1616,0.00012445157335605472,0.00012445157925541038,True,-676210,-677826,True,0.1699894219636917,1609934982,41,6.02405897504858e-11,1609934982,41,6.02405897504858e-11,59
10,28,LINEAR,0,99,0.06582264602184296,-95,0.002218393376097083,0,-7106,-2216,0.00014602052397094667,0.00014602052193203943,True,-675070,-677286,True,0.1699894219636917,1888955912,41,2.4721870046109244e-10,1888955912,41,2.4721870046109244e-10,59
10,28,LINEAR,0,100,0.06582264602184296,-95,0.0018739229999482632,0,-8229,-2454,0.00012334657367318869,0.00012334657029778456,True,-781755,-784209,True,0.1699894219636917,1595640325,41,2.532818109825615e-10,1595640325,41,2.532818109825615e-10,59
10,28,LINEAR,0,101,0.06582264602184296,-95,0.0016154999611899257,0,-10113,-3217,0.00010633648344082758,0.00010633648209370551,True,-960735,-963952,True,0.1699894219636917,1375593812,41,3.3756953832151656e-10,1375593812,41,3.3756953832151656e-10,59
10,28,LINEAR,0,102,0.06582264602184296,-95,0.0016709064366295934,0,-9664,-2584,0.00010998348443536088,0.0001099834829138887,True,-918080,-920664,True,0.1699894219636917,1422772275,41,1.6964898335536167e-10,1422772275,41,1.6964898335536167e-10,59
10,28,LINEAR,0,103,0.06582264602184296,-95,0.0028675091452896595,0,-3760,-1121,0.00018874704255722463,0.0001887470394347987,True,-357200,-358321,True,0.1699894219636917,1220838110,40,3.0496608171902834e-10,1220838110,40,3.0496608171902834e-10,59
10,28,LINEAR,0,104,0.06582264602184296,-95,0.0023831757716834545,0,-5503,-935,0.00015686693950556219,0.00015686693522735246,True,-522785,-523720,True,0.1699894219636917,2029267672,41,5.574933883494191e-11,2029267672,41,5.574933883494191e-11,59
10,28,LINEAR,0,105,0.06582264602184296,-95,0.0025805740151554346,0,-5602,-953,0.0001698602136457339,0.00016986020993274217,True,-532190,-533143,True,0.1699894219636917,1098675869,40,1.1113409939414742e-10,1098675869,40,1.1113409939414742e-10,59
10,28,LINEAR,0,106,0.06582264602184296,-95,0.0034271483309566975,0,-4125,-627,0.00022558396449312568,0.0002255839714529126,True,-391875,-392502,True,0.1699894219636917,1459103730,40,1.8546470293282548e-11,1459103730,40,1.8546470293282548e-11,59
10,28,LINEAR,0,107,0.06582264602184296,-95,0.002776282373815775,0,-5325,-1013,0.00018274225294589996,0.00018274225194835764,True,-505875,-506888,True,0.1699894219636917,1181998436,40,2.7686444558522598e-11,1181998436,40,2.7686444558522598e-11,59
10,28,LINEAR,0,108,0.06582264602184296,-95,0.002275659702718258,0,-6318,-1698,0.00014978995022829622,0.00014978994307819626,True,-600210,-601908,True,0.1699894219636917,1937718033,41,2.475101905637383e-10,1937718033,41,2.475101905637383e-10,59
10,28,LINEAR,0,109,0.06582264602184296,-95,0.0021406463347375393,0,-6986,-1583,0.00014090300828684121,0.0001409030059493846,True,-663670,-665253,True,0.1699894219636917,1822754518,41,1.1828004356942587e-10,1822754518,41,1.1828004356942587e-10,59
10,28,LINEAR,0,110,0.06582264602184296,-95,0.0022474247962236404,0,-6995,-1705,0.00014793145237490535,0.00014793144682254122,True,-664525,-666230,True,0.1699894219636917,1913676087,41,1.9872823733543314e-10,1913676087,41,1.9872823733543314e-10,59
10,28,LINEAR,0,111,0.06582264602184296,-95,0.0015695757465437055,0,-10233,-2760,0.00010331362864235416,0.00010331362876921622,True,-972135,-974895,True,0.1699894219636917,1336489469,41,7.438147428849315e-11,1336489469,41,7.438147428849315e-11,59
10,28,LINEAR,0,112,0.06582264602184296,-95,0.0020242040045559406,0,-7942,-2487,0.0001332384708803147,0.00013323846366788267,True,-754490,-756977,True,0.1699894219636917,1723604191,41,5.941319554025245e-11,1723604191,41,5.941319554025245e-11,59
10,28,LINEAR,0,113,0.06582264602184296,-95,0.001985944574698806,0,-7146,-2178,0.00013072013098280877,0.00013072012675939895,True,-678870,-681048,True,0.1699894219636917,1691026391,41,6.545030671884592e-11,1691026391,41,6.545030671884592e-11,59
10,28,LINEAR,0,114,0.06582264602184296,-95,0.002151017775759101,0,-6664,-1991,0.0001415856822859496,0.00014158568164048327,True,-633080,-635071,True,0.1699894219636917,1831585772,41,2.5244071370654547e-10,1831585772,41,2.5244071370654547e-10,59
10,28,LINEAR,0,115,0.06582264602184296,-95,0.0020433238241821527,0,-6202,-1383,0.0001344969787169248,0.0001344969807871403,True,-589190,-590573,True,0.1699894219636917,1739884665,41,2.2183606170336744e-10,1739884665,41,2.2183606170336744e-10,59
10,28,LINEAR,0,116,0.06582264602184296,-95,0.001996898790821433,0,-6972,-1850,0.00013144116383045912,0.0001314411622496854,True,-662340,-664190,True,0.1699894219636917,1700353876,41,3.071916869832986e-11,1700353876,41,3.071916869832986e-11,59
10,28,LINEAR,0,117,0.06582264602184296,-95,0.0017698521260172129,0,-8086,-2093,0.00011649634689092636,0.0001164963500018372,True,-768170,-770263,True,0.1699894219636917,1507024260,41,6.616444127615783e-12,1507024260,41,6.616444127615783e-12,59
10,28,LINEAR,0,118,0.06582264602184296,-95,0.0021859006956219673,0,-5873,-1202,0.00014388177078217268,0.00014388176772682504,True,-557935,-559137,True,0.1699894219636917,1861288483,41,1.6317087829238296e-10,1861288483,41,1.6317087829238296e-10,59
10,28,LINEAR,0,119,0.06582264602184296,-95,0.0020273253321647644,0,-8143,-2212,0.0001334439148195088,0.00013344391771019648,True,-773585,-775797,True,0.1699894219636917,1726261993,41,2.9746559534424e-11,1726261993,41,2.9746559534424e-11,59
10,28,LINEAR,0,120,0.06582264602184296,-95,0.0017358162440359592,0,-7886,-2574,0.00011425602133385837,0.00011425601819014392,True,-749170,-751744,True,0.1699894219636917,1478042799,41,1.8822488848524315e-10,1478042799,41,1.8822488848524315e-10,59
10,28,LINEAR,0,121,0.06582264602184296,-95,0.0019124988466501236,0,-7639,-1894,0.00012588573736138642,0.000125885734600234,True,-725705,-727599,True,0.1699894219636917,1628487554,41,1.8554846293846326e-10,1628487554,41,1.8554846293846326e-10,59
10,28,LINEAR,0,122,0.06582264602184296,-95,0.00154667510651052,0,-9036,-3095,0.00010180624667555094,0.00010180624804663821,True,-858420,-861515,True,0.1699894219636917,1316989636,41,2.646130332063392e-10,1316989636,41,2.646130332063392e-10,59
10,28,LINEAR,0,123,0.06582264602184296,-95,0.0021809020545333624,0,-6538,-1778,0.00014355273742694408,0.00014355274394385956,True,-621110,-622888,True,0.1699894219636917,1857032153,41,2.3564925422795847e-10,1857032153,41,2.3564925422795847e-10,59
10,28,LINEAR,0,124,0.06582264602184296,-95,0.0017653914401307702,0,-8085,-2885,0.0001162027328973636,0.00011620273585371925,True,-768075,-770960,True,0.1699894219636917,1503225998,41,7.936844509577013e-11,1503225998,41,7.936844509577013e-11,59
10,28,LINEAR,0,125,0.06582264602184296,-95,0.0013955930480733514,0,-12531,-3799,9.186162787955254e-05,9.186162719387707e-05,True,-1190445,-1194244,True,0.1699894219636917,1188343675,41,4.194162951577686e-10,1188343675,41,4.194162951577686e-10,59
10,28,LINEAR,0,126,0.06582264602184296,-95,0.0019313052762299776,0,-8091,-1941,0.0001271236251341179,0.00012712362355740345,True,-768645,-770586,True,0.1699894219636917,1644501177,41,1.2852035280927955e-10,1644501177,41,1.2852035280927955e-10,59
10,28,LINEAR,0,127,0.06582264602184296,-95,0.0019232603954151273,0,-6709,-1437,0.00012659409549087286,0.00012659408821523964,True,-637355,-638792,True,0.1699894219636917,1637650983,41,8.00041512990298e-11,1637650983,41,8.00041512990298e-11,59
10,28,LINEAR,0,128,0.06582264602184296,-95,0.002185885328799486,0,-6922,-1950,0.0001438807521481067,0.00014388075624190838,True,-657590,-659540,True,0.1699894219636917,1861275398,41,5.971969264681126e-11,1861275398,41,5.971969264681126e-11,59
10,28,LINEAR,0,129,0.06582264602184296,-95,0.002345616929233074,0,-5455,-1310,0.00015439471462741494,0.0001543947128357509,True,-518225,-519535,True,0.1699894219636917,1997286420,41,8.35241838784488e-11,1997286420,41,8.35241838784488e-11,59
10,28,LINEAR,0,130,0.06582264602184296,-95,0.00212267367169261,0,-7016,-1992,0.0001397199957864359,0.00013971999771170834,True,-666520,-668512,True,0.1699894219636917,1807450844,41,1.1187115018466257e-10,1807450844,41,1.1187115018466257e-10,59
10,28,LINEAR,0,131,0.06582264602184296,-95,0.0017337962053716183,0,-8236,-1557,0.00011412305320845917,0.00011412305390019056,True,-782420,-783977,True,0.1699894219636917,1476322742,41,9.283953650042366e-11,1476322742,41,9.283953650042366e-11,59
10,28,LINEAR,0,132,0.06582264602184296,-95,0.0017700822791084647,0,-8050,-2358,0.0001165115027106367,0.0001165114992872935,True,-764750,-767108,True,0.1699894219636917,1507220235,41,1.859435892887084e-10,1507220235,41,1.859435892887084e-10,59
10,28,LINEAR,0,133,0.06582264602184296,-95,0.0015020222635939717,0,-9076,-2511,9.886707994155586e-05,9.88670797734733e-05,True,-862220,-864731,True,0.1699894219636917,1278967862,41,2.7074946113782146e-10,1278967862,41,2.7074946113782146e-10,59
10,28,LINEAR,0,134,0.06582264602184296,-95,0.001700612367130816,0,-8129,-2556,0.00011193880345672369,0.00011193880586202014,True,-772255,-774811,True,0.1699894219636917,1448066794,41,5.048247613624784e-11,1448066794,41,5.048247613624784e-11,59
10,28,LINEAR,0,135,0.06582264602184296,-95,0.002157625276595354,0,-6769,-1497,0.00014202060992829502,0.000142020604829117,True,-643055,-644552,True,0.1699894219636917,1837212040,41,2.640164792321947e-10,1837212040,41,2.640164792321947e-10,59
10,28,LINEAR,0,136,0.06582264602184296,-95,0.001863956218585372,0,-7242,-1485,0.00012269052967894822,0.00012269053037615787,True,-687990,-689475,True,0.1699894219636917,1587153638,41,1.5563350527724236e-10,1587153638,41,1.5563350527724236e-10,59
10,28,LINEAR,0,137,0.06582264602184296,-95,0.0022657120134681463,0,-6779,-1887,0.0001491351576987654,0.00014913515984995088,True,-644005,-645892,True,0.1699894219636917,1929247602,41,1.2711788789135189e-10,1929247602,41,1.2711788789135189e-10,59
10,28,LINEAR,0,138,0.06582264602184296,-95,0.001804705592803657,0,-8808,-1883,0.00011879049998242408,0.00011879049740875537,True,-836760,-838643,True,0.1699894219636917,1536701892,41,4.267899866540557e-11,1536701892,41,4.267899866540557e-11,59
10,28,LINEAR,0,139,0.06582264602184296,-95,0.0022857317235320807,0,-6486,-1950,0.00015045290638227016,0.00015045291013894915,True,-616170,-618120,True,0.1699894219636917,1946294331,41,1.114573048090646e-10,1946294331,41,1.114573048090646e-10,59
10,28,LINEAR,0,140,0.06582264602184296,-95,0.0017881742678582668,0,-9098,-2906,0.0001177023586933501,0.00011770236185860289,True,-864310,-867216,True,0.1699894219636917,1522625514,41,1.2195064123858055e-10,1522625514,41,1.2195064123858055e-10,59
10,28,LINEAR,0,141,0.06582264602184296,-95,0.0016740482533350587,0,-9104,-2496,0.00011019028897862881,0.00011019028560275805,True,-864880,-867376,True,0.1699894219636917,1425447524,41,2.804407485636404e-10,1425447524,41,2.804407485636404e-10,59
10,28,LINEAR,0,142,0.06582264602184296,-95,0.002043157583102584,0,-8117,-2110,0.00013448603567667305,0.00013448603835940556,True,-771115,-773225,True,0.1699894219636917,1739743112,41,2.529366990962017e-10,1739743112,41,2.529366990962017e-10,59
10,28,LINEAR,0,143,0.06582264602184296,-95,0.002188019687309861,0,-7232,-1656,0.00014402125088963658,0.0001440212453666205,True,-687040,-688696,True,0.1699894219636917,1863092798,41,1.832051223521252e-10,1863092798,41,1.832051223521252e-10,59
10,28,LINEAR,0,144,0.06582264602184296,-95,0.002294510370120406,0,-6505,-1713,0.00015103074838407338,0.00015103074388588336,True,-617975,-619688,True,0.1699894219636917,1953769324,41,2.1444902992036318e-10,1953769324,41,2.1444902992036318e-10,59
10,28,LINEAR,0,145,0.06582264602184296,-95,0.0021404135040938854,0,-7191,-1059,0.00014088768512010574,0.00014088768042034433,True,-683145,-684204,True,0.1699894219636917,1822556263,41,6.920021352931316e-11,1822556263,41,6.920021352931316e-11,59
10,28,LINEAR,0,146,0.06582264602184296,-95,0.0026775312144309282,0,-3370,-453,0.00017624218889977783,0.00017624218933992228,True,-320150,-320603,True,0.1699894219636917,1139955265,40,4.018625466701519e-10,1139955265,40,4.018625466701519e-10,59
10,28,LINEAR,0,147,0.06582264602184296,-95,0.0025459665339440107,0,-4558,-1373,0.00016758225683588535,0.00016758225394725504,True,-433010,-434383,True,0.1699894219636917,1083941781,40,1.5973671021524675e-10,1083941781,40,1.5973671021524675e-10,59
10,28,LINEAR,0,148,0.06582264602184296,-95,0.002345813438296318,0,-5152,-1661,0.00015440765128005296,0.0001544076475822609,True,-489440,-491101,True,0.1699894219636917,1997453747,41,4.9269101872545413e-11,1997453747,41,4.9269101872545413e-11,59
10,28,LINEAR,0,149,0.06582264602184296,-95,0.0020312201231718063,0,-6050,-1937,0.00013370027591008693,0.00013370028315998206,True,-574750,-576687,True,0.1699894219636917,1729578397,41,1.4388967037217507e-11,1729578397,41,1.4388967037217507e-11,59
10,28,LINEAR,0,150,0.06582264602184296,-95,0.0029551363550126553,0,-3215,-1560,0.00019451489788480103,0.00019451489424227725,True,-305425,-306985,True,0.1699894219636917,1258145275,40,2.2722627571748354e-10,1258145275,40,2.2722627571748354e-10,59
10,28,LINEAR,0,151,0.06582264602184296,-95,0.001909959246404469,0,-7363,-1710,0.00012571856495924294,0.0001257185713922273,True,-699485,-701195,True,0.1699894219636917,1626325091,41,7.754824706948243e-12,1626325091,41,7.754824706948243e-12,59
10,28,LINEAR,0,152,0.06582264602184296,-95,0.002169688930734992,0,-6662,-1689,0.0001428146642865613,0.00014281466646528032,True,-632890,-634579,True,0.1699894219636917,1847484209,41,5.125120553499728e-11,1847484209,41,5.125120553499728e-11,59
10,28,LINEAR,0,153,0.06582264602184296,-95,0.0019240480614826083,0,-7343,-1590,0.0001266459294129163,0.00012664593447998286,True,-697585,-699175,True,0.1699894219636917,1638321679,41,2.1974238714957584e-10,1638321679,41,2.1974238714957584e-10,59
10,28,LINEAR,0,154,0.06582264602184296,-95,0.002168378559872508,0,-7733,-2269,0.00014272841508500278,0.0001427284143878417,True,-734635,-736904,True,0.1699894219636917,1846368432,41,6.614743712062353e-11,1846368432,41,6.614743712062353e-11,59
10,28,LINEAR,0,155,0.06582264602184296,-95,0.0020244843326509,0,-7504,-2152,0.00013325692270882428,0.00013325691560484715,True,-712880,-715032,True,0.1699894219636917,1723842890,41,1.6766157112414678e-10,1723842890,41,1.6766157112414678e-10,59
10,28,LINEAR,0,156,0.06582264602184296,-95,0.0017592458752915263,0,-8451,-2343,0.00011579821875784546,0.00011579821851470141,True,-802845,-805188,True,0.1699894219636917,1497993066,41,2.7631743023393755e-10,1497993066,41,2.7631743023393755e-10,59
10,28,LINEAR,0,157,0.06582264602184296,-95,0.0018881565192714334,0,-8293,-1904,0.0001242834550794214,0.00012428345820183866,True,-787835,-789739,True,0.1699894219636917,1607760128,41,1.8762070803844073e-10,1607760128,41,1.8762070803844073e-10,59
10,28,LINEAR,0,158,0.06582264602184296,-95,0.0017775503220036626,0,-9312,-2928,0.00011700306640705094,0.00011700306563126005,True,-884640,-887568,True,0.1699894219636917,1513579253,41,7.652181949389414e-11,1513579253,41,7.652181949389414e-11,59
10,28,LINEAR,0,159,0.06582264602184296,-95,0.0021994789130985737,0,-6462,-1947,0.00014477552031166852,0.0001447755219293953,True,-613890,-615837,True,0.1699894219636917,1872850298,41,7.57901970719972e-11,1872850298,41,7.57901970719972e-11,59
10,28,LINEAR,0,160,0.06582264602184296,-95,0.0011995007516816258,0,-14524,-4622,7.89543119026348e-05,7.89543133808742e-05,True,-1379780,-1384402,True,0.1699894219636917,2042743239,42,2.40511366075494e-10,2042743239,42,2.40511366075494e-10,59
10,28,LINEAR,0,161,0.06582264602184296,-95,0.0018945932388305664,0,-7143,-2299,0.0001247071340912953,0.00012470714011492134,True,-678585,-680884,True,0.1699894219636917,1613240977,41,2.8341665544572113e-10,1613240977,41,2.8341665544572113e-10,59
10,28,LINEAR,0,162,0.06582264602184296,-95,0.0022369734942913055,0,-5733,-1849,0.0001472435105824843,0.00014724351447498174,True,-544635,-546484,True,0.1699894219636917,1904776832,41,2.526917205597832e-10,1904776832,41,2.526917205597832e-10,59
10,28,LINEAR,0,163,0.06582264602184296,-95,0.0018675430910661817,0,-6474,-1293,0.00012292663450352848,0.0001229266278137877,True,-615030,-616323,True,0.1699894219636917,1590207850,41,2.42230851113863e-10,1590207850,41,2.42230851113863e-10,59
10,28,LINEAR,0,164,0.06582264602184296,-95,0.002828799420967698,0,-5841,-1702,0.0001861990604083985,0.0001861990629531511,True,-554895,-556597,True,0.1699894219636917,1204357497,40,2.2134968939767996e-10,1204357497,40,2.2134968939767996e-10,59
10,28,LINEAR,0,165,0.06582264602184296,-95,0.00214548222720623,0,-6861,-1208,0.0001412213168805465,0.00014122131718755093,True,-651795,-653003,True,0.1699894219636917,1826872267,41,2.0224842594197677e-11,1826872267,41,2.0224842594197677e-11,59
10,28,LINEAR,0,166,0.06582264602184296,-95,0.0017895573982968926,0,-8243,-2304,0.00011779340275097638,0.00011779340316386659,True,-783085,-785389,True,0.1699894219636917,1523803246,41,2.547266621909579e-10,1523803246,41,2.547266621909579e-10,59
10,28,LINEAR,0,167,0.06582264602184296,-95,0.002427663654088974,0,-6059,-1334,0.0001597952505107969,0.00015979524536319234,True,-575605,-576939,True,0.1699894219636917,2067148983,41,1.499895404410694e-10,2067148983,41,1.499895404410694e-10,59
10,28,LINEAR,0,168,0.06582264602184296,-95,0.0012095546117052436,0,-13627,-4200,7.961608207551762e-05,7.961608505036195e-05,True,-1294565,-1298765,True,0.1699894219636917,2059864908,42,1.4076820409118166e-10,2059864908,42,1.4076820409118166e-10,59
10,28,LINEAR,0,169,0.06582264602184296,-95,0.0014588497579097748,0,-10862,-2885,9.602535283192992e-05,9.60253512139464e-05,True,-1031890,-1034775,True,0.1699894219636917,1242206591,41,3.7146173730149797e-10,1242206591,41,3.7146173730149797e-10,59
10,28,LINEAR,0,170,0.06582264602184296,-95,0.003929056227207184,0,-213,-704,0.0002586208865977824,0.00025862087724337623,True,-20235,-20939,True,0.1699894219636917,1672790333,40,2.0537481980317835e-10,1672790333,40,2.0537481980317835e-10,59
10,28,LINEAR,0,171,0.06582264602184296,-95,0.0033516762778162956,0,-27,-651,0.00022061620256863534,0.0002206162012145102,True,-2565,-3216,True,0.1699894219636917,1426971606,40,2.0028361127181178e-10,1426971606,40,2.0028361127181178e-10,59
10,28,LINEAR,0,172,0.06582264602184296,-95,0.0012874082894995809,0,276,-1083,8.474061905872077e-05,8.474062012531723e-05,True,26220,25137,True,0.1699894219636917,1096224649,41,4.3140265048592637e-10,1096224649,41,4.3140265048592637e-10,59
10,28,LINEAR,0,173,0.06582264602184296,-95,0.0016101193614304066,0,-242,-1581,0.00010598231892799959,0.00010598231678034947,True,-22990,-24571,True,0.1699894219636917,1371012246,41,3.2002721742503804e-10,1371012246,41,3.2002721742503804e-10,59
10,28,LINEAR,0,174,0.06582264602184296,-95,0.008230316452682018,0,-2176,-7213,0.0005417412030510604,0.0005417412065126387,True,-206720,-213933,True,0.1699894219636917,1752023005,39,5.3664432527226994e-11,1752023005,39,5.3664432527226994e-11,59
10,28,LINEAR,0,175,0.06582264602184296,-95,0.003281342564150691,0,-1320,868,0.00021598665625788271,0.00021598665007649745,True,-125400,-124532,True,0.1699894219636917,1397027124,40,3.0682032242078037e-10,1397027124,40,3.0682032242078037e-10,59
10,28,LINEAR,0,176,0.06582264602184296,-95,0.00188757898285985,0,-7076,-2063,0.0001242454454768449,0.00012424544322705428,True,-672220,-674283,True,0.1699894219636917,1607268358,41,2.353200470360657e-10,1607268358,41,2.353200470360657e-10,59
10,28,LINEAR,0,177,0.06582264602184296,-95,0.0020809832494705915,0,-4187,-1237,0.00013697582471650094,0.00013697582380728726,True,-397765,-399002,True,0.1699894219636917,1771951563,41,1.9450657464282341e-10,1771951563,41,1.9450657464282341e-10,59
10,28,LINEAR,0,178,0.06582264602184296,-95,0.0022661201655864716,0,-6356,-1212,0.00014916202053427696,0.00014916202550235846,True,-603820,-605032,True,0.1699894219636917,1929595143,41,1.7557442398374783e-10,1929595143,41,1.7557442398374783e-10,59
10,28,LINEAR,0,179,0.06582264602184296,-95,0.0023022962268441916,0,-5449,-1481,0.00015154322318267077,0.00015154322957698987,True,-517655,-519136,True,0.1699894219636917,1960398960,41,9.792740638925366e-11,1960398960,41,9.792740638925366e-11,59
10,28,LINEAR,0,180,0.06582264602184296,-95,0.0022804448381066322,0,-5552,-1741,0.000150104911881499,0.00015010491335103182,True,-527440,-529181,True,0.1699894219636917,1941792562,41,1.325748911731289e-10,1941792562,41,1.325748911731289e-10,59
10,28,LINEAR,0,181,0.06582264602184296,-95,0.0026735090650618076,0,-4301,-1251,0.00017597744590602815,0.00017597744082575167,True,-408595,-409846,True,0.1699894219636917,1138242840,40,6.064363685718377e-11,1138242840,40,6.064363685718377e-11,59
10,28,LINEAR,0,182,0.06582264602184296,-95,0.002411965746432543,0,-4636,-801,0.00015876196266617626,0.0001587619675442395,True,-440420,-441221,True,0.1699894219636917,2053782257,41,5.80267171003893e-11,2053782257,41,5.80267171003893e-11,59
10,28,LINEAR,0,183,0.06582264602184296,-95,0.0021584155037999153,0,-5372,-1634,0.0001420726184733212,0.00014207261967467966,True,-510340,-511974,True,0.1699894219636917,1837884917,41,1.1139566802544745e-10,1837884917,41,1.1139566802544745e-10,59
10,28,LINEAR,0,184,0.06582264602184296,-95,0.00156365055590868,0,-9800,-3276,0.00010292361548636109,0.000102923617043435,True,-931000,-934276,True,0.1699894219636917,1331444185,41,1.7219503196535851e-10,1331444185,41,1.7219503196535851e-10,59
10,28,LINEAR,0,185,0.06582264602184296,-95,0.0017969919135794044,0,-8395,-2400,0.00011828276183223352,0.00011828276263165134,True,-797525,-799925,True,0.1699894219636917,1530133715,41,6.894166713153391e-11,1530133715,41,6.894166713153391e-11,59
10,28,LINEAR,0,186,0.06582264602184296,-95,0.0025358032435178757,0,-5982,-2143,0.00016691327618900687,0.00016691327927911837,True,-568290,-570433,True,0.1699894219636917,1079614774,40,1.192867177593659e-10,1079614774,40,1.192867177593659e-10,59
10,28,LINEAR,0,187,0.06582264602184296,-95,0.001997502753511071,0,-8122,-2393,0.00013148091966286302,0.00013148091667201586,True,-771590,-773983,True,0.1699894219636917,1700868149,41,2.1411409809556604e-10,1700868149,41,2.1411409809556604e-10,59
10,28,LINEAR,0,188,0.06582264602184296,-95,0.0026869045104831457,0,-3480,-1551,0.00017685916100163013,0.00017685916448802533,True,-330600,-332151,True,0.1699894219636917,1143945933,40,3.859633180107105e-10,1143945933,40,3.859633180107105e-10,59
10,28,LINEAR,0,189,0.06582264602184296,-95,0.0024510074872523546,0,-5242,-1362,0.0001613318017916754,0.0001613317982302985,True,-497990,-499352,True,0.1699894219636917,2087026193,41,7.623701096723165e-12,2087026193,41,7.623701096723165e-12,59
10,28,LINEAR,0,190,0.06582264602184296,-95,0.002325883135199547,0,-5995,-1008,0.00015309578157030046,0.00015309578229641407,True,-569525,-570533,True,0.1699894219636917,1980483148,41,1.764035614197786e-10,1980483148,41,1.764035614197786e-10,59
10,28,LINEAR,0,191,0.06582264602184296,-95,0.002644418040290475,0,-5330,-961,0.00017406258848495781,0.00017406259259981557,True,-506350,-507311,True,0.1699894219636917,1125857376,40,1.8530689215451663e-10,1125857376,40,1.8530689215451663e-10,59
10,28,LINEAR,0,192,0.06582264602184296,-95,0.001989328069612384,0,-6623,-1334,0.0001309428334934637,0.0001309428373474121,True,-629185,-630519,True,0.1699894219636917,1693907428,41,2.4588449663641595e-10,1693907428,41,2.4588449663641595e-10,59
10,28,LINEAR,0,193,0.06582264602184296,-95,0.0017540520057082176,0,-7730,-2508,0.00011545634333742782,0.00011545634427563567,True,-734350,-736858,True,0.1699894219636917,1493570501,41,2.5156673898991326e-10,1493570501,41,2.5156673898991326e-10,59
10,28,LINEAR,0,194,0.06582264602184296,-95,0.001969683449715376,0,-6959,-1524,0.00012964977941010147,0.0001296497764856977,True,-661105,-662629,True,0.1699894219636917,1677180087,41,1.7896674103070518e-10,1677180087,41,1.7896674103070518e-10,59
10,28,LINEAR,0,195,0.06582264602184296,-95,0.002382339909672737,0,-6019,-1586,0.00015681191871408373,0.0001568119165780979,True,-571805,-573391,True,0.1699894219636917,2028555938,41,5.427836845051256e-11,2028555938,41,5.427836845051256e-11,59
10,28,LINEAR,0,196,0.06582264602184296,-95,0.0018694725586101413,0,-8181,-2461,0.00012305362906772643,0.0001230536304729444,True,-777195,-779656,True,0.1699894219636917,1591850787,41,1.6434271329515436e-10,1591850787,41,1.6434271329515436e-10,59
10,28,LINEAR,0,197,0.06582264602184296,-95,0.0020407401025295258,0,-7700,-2504,0.00013432691048365086,0.00013432691339138048,True,-731500,-734004,True,0.1699894219636917,1737684633,41,2.549368459942972e-10,1737684633,41,2.549368459942972e-10,59
10,28,LINEAR,0,198,0.06582264602184296,-95,0.002015643287450075,0,-6909,-2075,0.00013267497706692666,0.00013267497461613015,True,-656355,-658430,True,0.1699894219636917,1716314764,41,1.0100412102380129e-10,1716314764,41,1.0100412102380129e-10,59
10,28,LINEAR,0,199,0.06582264602184296,-95,0.0015219973865896463,0,-9976,-3244,0.0001001818964141421,0.00010018189522366036,True,-947720,-950964,True,0.1699894219636917,1295976625,41,9.031646316973829e-11,1295976625,41,9.031646316973829e-11,59
10,28,LINEAR,0,200,0.06582264602184296,-95,0.001760020270012319,0,-6203,-2221,0.00011584919411689043,0.00011584919122428934,True,-589285,-591506,True,0.1699894219636917,1498652461,41,2.7182536972722384e-10,1498652461,41,2.7182536972722384e-10,59
10,28,LINEAR,0,201,0.06582264602184296,-95,0.0013745685573667288,0,-10662,-3090,9.047774074133486e-05,9.047773958430552e-05,True,-1012890,-1015980,True,0.1699894219636917,1170441379,41,1.4729526625090312e-11,1170441379,41,1.4729526625090312e-11,59
10,28,LINEAR,0,202,0.06582264602184296,-95,0.0014230340020731091,0,-10697,-3377,9.366786252940074e-05,9.36678633955048e-05,True,-1016215,-1019592,True,0.1699894219636917,1211709573,41,1.1852164784862607e-11,1211709573,41,1.1852164784862607e-11,59
10,28,LINEAR,0,203,0.06582264602184296,-95,0.0018213330768048763,0,-6234,-1960,0.00011988496407866478,0.00011988496240240148,True,-592230,-594190,True,0.1699894219636917,1550860149,41,1.4726419002073072e-10,1550860149,41,1.4726419002073072e-10,59
10,28,LINEAR,0,204,0.06582264602184296,-95,0.0013664517318829894,0,-11815,-3484,8.994346717372537e-05,8.994346865366827e-05,True,-1122425,-1125909,True,0.1699894219636917,1163529924,41,1.8307862930827647e-10,1163529924,41,1.8307862930827647e-10,59
10,28,LINEAR,0,205,0.06582264602184296,-95,0.0015158150345087051,0,-9495,-3348,9.977495938073844e-05,9.977495645105416e-05,True,-902025,-905373,True,0.1699894219636917,1290712369,41,1.3608921036552226e-10,1290712369,41,1.3608921036552226e-10,59
10,28,LINEAR,0,206,0.06582264602184296,-95,0.0014991110656410456,0,-9801,-3194,9.867546032182872e-05,9.867545702111832e-05,True,-931095,-934289,True,0.1699894219636917,1276488985,41,1.773888757998281e-10,1276488985,41,1.773888757998281e-10,59
10,28,LINEAR,0,207,0.06582264602184296,-95,0.0013837500009685755,0,-9621,-3858,9.108208905672655e-05,9.108208649647939e-05,True,-913995,-917853,True,0.1699894219636917,1178259353,41,1.5064818425792952e-10,1178259353,41,1.5064818425792952e-10,59
10,28,LINEAR,0,208,0.06582264602184296,-95,0.00193860346917063,0,-7125,-2403,0.00012760401295963675,0.00012760400992793512,True,-676875,-679278,True,0.1699894219636917,1650715569,41,2.407620744757292e-10,1650715569,41,2.407620744757292e-10,59
10,28,LINEAR,0,209,0.06582264602184296,-95,0.0016998446080833673,0,-9234,-3166,0.00011188827193109319,0.00011188826993000986,True,-877230,-880396,True,0.1699894219636917,1447413049,41,2.3311457136614754e-10,1447413049,41,2.3311457136614754e-10,59
10,28,LINEAR,0,210,0.06582264602184296,-95,0.001057712477631867,0,-15341,-4570,6.96214337949641e-05,6.962143400804886e-05,True,-1457395,-1461965,True,0.1699894219636917,1801278582,42,4.115492714113652e-11,1801278582,42,4.115492714113652e-11,59
10,28,LINEAR,0,211,0.06582264602184296,-95,0.0015201730420812964,0,-9835,-2887,0.00010006181400967762,0.00010006181204086535,True,-934325,-937212,True,0.1699894219636917,1294423201,41,1.9926308139978283e-10,1294423201,41,1.9926308139978283e-10,59
10,28,LINEAR,0,212,0.06582264602184296,-95,0.0017937497468665242,0,-7495,-2469,0.00011806935799540952,0.00011806935463976563,True,-712025,-714494,True,0.1699894219636917,1527373019,41,7.270380975817872e-12,1527373019,41,7.270380975817872e-12,59
10,28,LINEAR,0,213,0.06582264602184296,-95,0.002269839169457555,0,-6823,-2146,0.00014940682740416378,0.00014940682017771864,True,-648185,-650331,True,0.1699894219636917,1932761864,41,1.6451650636506513e-10,1932761864,41,1.6451650636506513e-10,59
10,28,LINEAR,0,214,0.06582264602184296,-95,0.0016393536934629083,0,-7770,-2668,0.00010790659871418029,0.00010790659786940986,True,-738150,-740818,True,0.1699894219636917,1395905200,41,3.296345333406259e-10,1395905200,41,3.296345333406259e-10,59
10,28,LINEAR,0,215,0.06582264602184296,-95,0.002743106335401535,0,-5431,-1632,0.0001805585197871551,0.00018055851731541006,True,-515945,-517577,True,0.1699894219636917,1167873783,40,8.277162679036677e-11,1167873783,40,8.277162679036677e-11,59
10,28,LINEAR,0,216,0.06582264602184296,-95,0.0014750562841072679,0,-8891,-2911,9.709211008157581e-05,9.709210765108771e-05,True,-844645,-847556,True,0.1699894219636917,1256006404,41,2.653068936934863e-10,1256006404,41,2.653068936934863e-10,59
10,28,LINEAR,0,217,0.06582264602184296,-95,0.0014805721584707499,0,-10700,-3518,9.745518036652356e-05,9.745517709681614e-05,True,-1016500,-1020018,True,0.1699894219636917,1260703156,41,2.500883031904202e-10,1260703156,41,2.500883031904202e-10,59
10,28,LINEAR,0,218,0.06582264602184296,-95,0.0015029404312372208,0,-9816,-3219,9.892751404549927e-05,9.892751599724359e-05,True,-932520,-935739,True,0.1699894219636917,1279749680,41,3.1942191858332725e-10,1279749680,41,3.1942191858332725e-10,59
10,28,LINEAR,0,219,0.06582264602184296,-95,0.0012868518242612481,0,-12100,-4222,8.470399188809097e-05,8.4703992110911e-05,True,-1149500,-1153722,True,0.1699894219636917,1095750820,41,9.693005337255172e-11,1095750820,41,9.693005337255172e-11,59
10,28,LINEAR,0,220,0.06582264602184296,-95,0.0025124468374997377,0,-5493,-1647,0.00016537589544896036,0.00016537589883344403,True,-521835,-523482,True,0.1699894219636917,2139341632,41,9.904002347735457e-11,2139341632,41,9.904002347735457e-11,59
10,28,LINEAR,0,221,0.06582264602184296,-95,0.0024591272231191397,0,-5310,-1382,0.00016186626453418285,0.00016186626073004876,True,-504450,-505832,True,0.1699894219636917,2093940126,41,3.0058109827890196e-11,2093940126,41,3.0058109827890196e-11,59
10,28,LINEAR,0,222,0.06582264602184296,-95,0.0017547226743772626,0,-8127,-2849,0.00011550048657227308,0.00011550048946203616,True,-772065,-774914,True,0.1699894219636917,1494141573,41,1.120726030015224e-10,1494141573,41,1.120726030015224e-10,59
10,28,LINEAR,0,223,0.06582264602184296,-95,0.002158957766368985,0,-7237,-1768,0.00014210831432137638,0.00014210831283181444,True,-687515,-689283,True,0.1699894219636917,1838346652,41,5.743779704720554e-11,1838346652,41,5.743779704720554e-11,59
10,28,LINEAR,0,224,0.06582264602184296,-95,0.0020113252103328705,0,-7092,-2693,0.0001323907490586862,0.00013239074735454937,True,-673740,-676433,True,0.1699894219636917,1712637933,41,3.8464921657069394e-11,1712637933,41,3.8464921657069394e-11,59
10,28,LINEAR,0,225,0.06582264602184296,-95,0.0018168692477047443,0,-8592,-3028,0.00011959113908233121,0.0001195911413596415,True,-816240,-819268,True,0.1699894219636917,1547059211,41,5.1853825091276096e-11,1547059211,41,5.1853825091276096e-11,59
10,28,LINEAR,0,226,0.06582264602184296,-95,0.00135024671908468,0,-11549,-3638,8.887681178748608e-05,8.887681183246572e-05,True,-1097155,-1100793,True,0.1699894219636917,1149731400,41,3.042931792370787e-12,1149731400,41,3.042931792370787e-12,59
10,28,LINEAR,0,227,0.06582264602184296,-95,0.002353617222979665,0,-7153,-2233,0.00015492131933569908,0.0001549213133391035,True,-679535,-681768,True,0.1699894219636917,2004098648,41,2.3955581204577756e-10,2004098648,41,2.3955581204577756e-10,59
10,28,LINEAR,0,228,0.06582264602184296,-95,0.002492531668394804,0,-6408,-1791,0.00016406502982135862,0.00016406502970698483,True,-608760,-610551,True,0.1699894219636917,2122383920,41,7.359757808711162e-12,2122383920,41,7.359757808711162e-12,59
10,28,LINEAR,0,229,0.06582264602184296,-95,0.0020114057697355747,0,-7300,-2377,0.00013239604595582932,0.0001323960499875973,True,-693500,-695877,True,0.1699894219636917,1712706529,41,2.679362473040686e-11,1712706529,41,2.679362473040686e-11,59
10,28,LINEAR,0,230,0.06582264602184296,-95,0.0020925123244524,0,-6577,-1343,0.00013773469254374504,0.00013773469802877414,True,-624815,-626158,True,0.1699894219636917,1781768539,41,1.4528790011571006e-10,1781768539,41,1.4528790011571006e-10,59
10,28,LINEAR,0,231,0.06582264602184296,-95,0.001901174196973443,0,-4207,-2541,0.00012514031550381333,0.00012514031619324448,True,-399665,-402206,True,0.1699894219636917,1618844645,41,2.307796680135484e-10,1618844645,41,2.307796680135484e-10,59
10,28,LINEAR,0,232,0.06582264602184296,-95,0.002514407504349947,0,-3268,-2318,0.00016550495638512075,0.00016550495511349211,True,-310460,-312778,True,0.1699894219636917,2141011135,41,1.4512589269474073e-10,2141011135,41,1.4512589269474073e-10,59
10,28,LINEAR,0,233,0.06582264602184296,-95,0.0019962622318416834,0,-6030,-1877,0.00013139926886651665,0.00013139926225328932,True,-572850,-574727,True,0.1699894219636917,1699811848,41,1.0796086917266617e-10,1699811848,41,1.0796086917266617e-10,59
10,28,LINEAR,0,234,0.06582264602184296,-95,0.0025507102254778147,0,-3661,-1518,0.0001678944972809404,0.00016789449627592143,True,-347795,-349313,True,0.1699894219636917,1085961401,40,3.4722882616543455e-10,1085961401,40,3.4722882616543455e-10,59
10,28,LINEAR,0,235,0.06582264602184296,-95,0.0028178927022963762,0,-2030,-1531,0.00018548115622252226,0.00018548115387078887,True,-192850,-194381,True,0.1699894219636917,1199713977,40,2.831730671533742e-10,1199713977,40,2.831730671533742e-10,59
10,28,LINEAR,0,236,0.06582264602184296,-95,0.0022154266480356455,0,-5648,-2001,0.00014582523726858199,0.00014582524404100836,True,-536560,-538561,True,0.1699894219636917,1886429751,41,1.7113315612022372e-10,1886429751,41,1.7113315612022372e-10,59
10,28,LINEAR,0,237,0.06582264602184296,-95,0.0029589340556412935,0,-3715,-1086,0.00019476487068459392,0.00019476486894645303,True,-352925,-354011,True,0.1699894219636917,1259762141,40,3.335982685782608e-10,1259762141,40,3.335982685782608e-10,59
10,28,LINEAR,0,238,0.06582264602184296,-95,0.0019422268960624933,0,-6124,-1951,0.00012784251885022968,0.00012784251347362427,True,-581780,-583731,True,0.1699894219636917,1653800907,41,1.6803483703402913e-10,1653800907,41,1.6803483703402913e-10,59
10,28,LINEAR,0,239,0.06582264602184296,-95,0.0012271511368453503,0,-13401,-4286,8.077433449216187e-05,8.077433489587366e-05,True,-1273095,-1277381,True,0.1699894219636917,2089831695,42,1.6582400708806154e-10,2089831695,42,1.6582400708806154e-10,59
10,28,LINEAR,0,240,0.06582264602184296,-95,0.0013937869807705283,0,-11310,-3819,9.17427460080944e-05,9.174274706511172e-05,True,-1074450,-1078269,True,0.1699894219636917,1186805814,41,9.61466223198127e-11,1186805814,41,9.61466223198127e-11,59
10,28,LINEAR,0,241,0.06582264602184296,-95,0.0018561261240392923,0,-7670,-2727,0.00012217512994538993,0.0001221751328345337,True,-728650,-731377,True,0.1699894219636917,1580486334,41,5.6278735893663514e-11,1580486334,41,5.6278735893663514e-11,59
10,28,LINEAR,0,242,0.06582264602184296,-95,0.0015517834108322859,0,-10191,-3222,0.0001021424905047752,0.00010214249015378166,True,-968145,-971367,True,0.1699894219636917,1321339344,41,3.3963450237832353e-10,1321339344,41,3.3963450237832353e-10,59
10,28,LINEAR,0,243,0.06582264602184296,-95,0.0017349115805700421,0,-8528,-2844,0.00011419646762078628,0.00011419647084705796,True,-810160,-813004,True,0.1699894219636917,1477272481,41,1.3305273075105061e-10,1477272481,41,1.3305273075105061e-10,59
10,28,LINEAR,0,244,0.06582264602184296,-95,0.002493863459676504,0,-5114,-1838,0.0001641526905586943,0.00016415269173309516,True,-485830,-487668,True,0.1699894219636917,2123517937,41,1.5964052102354313e-10,2123517937,41,1.5964052102354313e-10,59
10,28,LINEAR,0,245,0.06582264602184296,-95,0.0011083099525421858,0,-14603,-4849,7.295189425349236e-05,7.295189368866986e-05,True,-1387285,-1392134,True,0.1699894219636917,1887445806,42,1.0550176624074533e-10,1887445806,42,1.0550176624074533e-10,59
10,28,LINEAR,0,246,0.06582264602184296,-95,0.0017412061570212245,0,-7502,-2944,0.00011461079702712595,0.00011461079652466157,True,-712690,-715634,True,0.1699894219636917,1482632295,41,3.3058317090039583e-10,1482632295,41,3.3058317090039583e-10,59
10,28,LINEAR,0,247,0.06582264602184296,-95,0.0018489062786102295,0,-6328,-2314,0.00012169990077381954,0.00012169990350452409,True,-601160,-603474,True,0.1699894219636917,1574338655,41,2.478765426921903e-10,1574338655,41,2.478765426921903e-10,59
10,28,LINEAR,0,248,0.06582264602184296,-95,0.0020250631496310234,0,-4615,-2252,0.00013329501962289214,0.00013329501487004125,True,-438425,-440677,True,0.1699894219636917,1724335751,41,1.2093349516909174e-10,1724335751,41,1.2093349516909174e-10,59
10,28,LINEAR,0,249,0.06582264602184296,-95,0.002030319068580866,0,-7572,-2467,0.00013364097685553133,0.00013364097336259623,True,-719340,-721807,True,0.1699894219636917,1728811151,41,2.588812165575967e-10,1728811151,41,2.588812165575967e-10,59
10,28,LINEAR,0,250,0.06582264602184296,-95,0.0020442078821361065,0,-7011,-1573,0.00013455517182592303,0.0001345551718209062,True,-666045,-667618,True,0.1699894219636917,1740637438,41,1.8583469698831464e-10,1740637438,41,1.8583469698831464e-10,59
10,28,LINEAR,0,251,0.06582264602184296,-95,0.002396367257460952,0,-6228,-2069,0.0001577352377353236,0.00015773523372618684,True,-591660,-593729,True,0.1699894219636917,2040500186,41,1.4089000250376678e-10,2040500186,41,1.4089000250376678e-10,59
10,28,LINEAR,0,252,0.06582264602184296,-95,0.0020306771621108055,0,-6649,-1490,0.0001336645509582013,0.00013366454402626016,True,-631655,-633145,True,0.1699894219636917,1729116067,41,6.477090486139561e-11,1729116067,41,6.477090486139561e-11,59
10,28,LINEAR,0,253,0.06582264602184296,-95,0.0009959274902939796,0,-17123,-5218,6.555458094226196e-05,6.555458265704306e-05,True,-1626685,-1631903,True,0.1699894219636917,1696059085,42,2.29852103620766e-10,1696059085,42,2.29852103620766e-10,59
10,28,LINEAR,0,254,0.06582264602184296,-95,0.0015908497152850032,0,-9892,-3190,0.00010471393761690706,0.00010471393768315441,True,-939740,-942930,True,0.1699894219636917,1354604195,41,2.0861543461193288e-10,1354604195,41,2.0861543461193288e-10,59
11,85,LEAKY_RELU,1,0,0.08885835856199265,-96,0.0004747376369778067,0,-215,-1399,4.2184408812318e-05,4.2184407169447045e-05,True,-20640,-22039,True,0.052039697766304016,1782571698,41,2.5223858346171977e-10,1426057358,44,2.825514338306361e-11,-102
11,85,LEAKY_RELU,1,1,0.08885835856199265,-96,0.001019062357954681,0,-1676,3310,9.055221016751602e-05,9.055220840016674e-05,True,-160896,-157586,True,0.052039697766304016,1913216455,40,2.3041327502749442e-10,1530573164,43,2.30413181565025e-10,-102
11,85,LEAKY_RELU,1,2,0.08885835856199265,-96,0.0008162190206348896,0,-4275,20455,7.25278805475682e-05,7.25278824006935e-05,True,-410400,-389945,True,0.052039697766304016,1532392644,40,1.948040371542578e-10,1225914115,43,3.1660354729588456e-11,-102
11,85,LEAKY_RELU,1,3,0.08885835856199265,-96,0.0007157797808758914,0,-1892,12745,6.360301631502807e-05,6.360301642049449e-05,True,-181632,-168887,True,0.052039697766304016,1343825178,40,2.9912650167149215e-11,1075060142,43,4.0198494601330814e-10,-102
11,85,LEAKY_RELU,1,4,0.08885835856199265,-96,0.000789525976870209,0,-7434,19564,7.015598384896293e-05,7.015598234674054e-05,True,-713664,-694100,True,0.052039697766304016,1482278369,40,2.592643249751233e-10,1185822696,43,4.153727881707515e-10,-102
11,85,LEAKY_RELU,1,5,0.08885835856199265,-96,0.0006185551756061614,0,-3907,11242,5.496379890246317e-05,5.496379758438861e-05,True,-375072,-363830,True,0.052039697766304016,1161292958,40,2.805546513171906e-11,1858068733,44,1.3569403276052557e-10,-102
11,85,LEAKY_RELU,1,6,0.08885835856199265,-96,0.0006325311842374504,0,-4707,18191,5.620568117592484e-05,5.6205682770613195e-05,True,-451872,-433681,True,0.052039697766304016,1187531911,40,2.7665509090914615e-10,1900051058,44,6.613453276176451e-11,-102
11,85,LEAKY_RELU,1,7,0.08885835856199265,-96,0.0007433313876390457,0,892,4042,6.605120870517567e-05,6.605120697321387e-05,True,85632,89674,True,0.052039697766304016,1395551343,40,1.5685981521431559e-10,1116441074,43,2.0142147839896077e-10,-102
11,85,LEAKY_RELU,1,8,0.08885835856199265,-96,0.0013868293026462197,0,-4398,3545,0.00012323138071224093,0.000123231375438816,True,-422208,-418663,True,0.052039697766304016,1301836252,39,8.274879553921206e-11,2082938003,43,1.787670615863164e-10,-102
11,85,LEAKY_RELU,1,9,0.08885835856199265,-96,0.0006867443444207311,0,-3623,10920,6.102297629695386e-05,6.1022975196957895e-05,True,-347808,-336888,True,0.052039697766304016,1289313230,40,3.6896029166135704e-10,2062901167,44,1.1579399837248508e-10,-102
11,85,LEAKY_RELU,1,10,0.08885835856199265,-96,0.0005207344656810164,0,-1338,4039,4.62716088804882e-05,4.627160986707141e-05,True,-128448,-124409,True,0.052039697766304016,1955283188,41,1.8146049826387173e-10,1564226551,44,2.021155310541513e-10,-102
11,85,LEAKY_RELU,1,11,0.08885835856199265,-96,0.0008208476938307285,0,-3933,22563,7.293917587958276e-05,7.293917870319563e-05,True,-377568,-355005,True,0.052039697766304016,1541082645,40,3.2293789680667475e-10,1232866116,43,3.2293793548379884e-10,-102
11,85,LEAKY_RELU,1,12,0.08885835856199265,-96,0.00018407925381325185,0,14678,-22687,1.6356980268028565e-05,1.6356980339161985e-05,True,1409088,1386401,True,0.052039697766304016,1382382362,42,4.311129956943949e-11,1105905890,45,4.048055998961831e-10,-102
11,85,LEAKY_RELU,1,13,0.08885835856199265,-96,0.001239930046722293,0,-1583,11273,0.00011017814540537074,0.0001101781486834378,True,-151968,-140695,True,0.052039697766304016,1163939846,39,3.074099437589572e-11,1862303754,43,2.4552864982034905e-10,-102
11,85,LEAKY_RELU,1,14,0.08885835856199265,-96,0.0005935163935646415,0,-2995,2519,5.273889109957963e-05,5.2738892511787656e-05,True,-287520,-285001,True,0.052039697766304016,1114284441,40,3.0013815615015645e-10,1782855106,44,7.577900572206721e-11,-102
11,85,LEAKY_RELU,1,15,0.08885835856199265,-96,0.0005011752364225686,0,-6731,16169,4.453360816114582e-05,4.453360886042803e-05,True,-646176,-630007,True,0.052039697766304016,1881841089,41,2.2429620519626e-10,1505472872,44,3.070981655624947e-10,-102
11,85,LEAKY_RELU,1,16,0.08885835856199265,-96,0.0005765822133980691,0,6189,-3677,5.123415030539036e-05,5.123414905859299e-05,True,594144,590467,True,0.052039697766304016,1082491733,40,1.648981560419705e-10,1731986773,44,4.9423915674334735e-11,-102
11,85,LEAKY_RELU,1,17,0.08885835856199265,-96,0.0008095299126580358,0,-2521,2334,7.193350029410794e-05,7.193349924562633e-05,True,-242016,-239682,True,0.052039697766304016,1519834323,40,2.9594751616575266e-10,1215867459,43,1.975272064498551e-10,-102
11,85,LEAKY_RELU,1,18,0.08885835856199265,-96,0.0007990230806171894,0,-4246,8882,7.099987851688638e-05,7.099987939679017e-05,True,-407616,-398734,True,0.052039697766304016,1500108500,40,1.383558967278126e-10,1200086800,43,1.3835601592847995e-10,-102
11,85,LEAKY_RELU,1,19,0.08885835856199265,-96,0.0009665204561315477,0,-2863,3980,8.58834246173501e-05,8.588342124843775e-05,True,-274848,-270868,True,0.052039697766304016,1814572804,40,7.697543149421919e-12,1451658243,43,1.4547105052902462e-10,-102
11,85,LEAKY_RELU,1,20,0.08885835856199265,-96,0.0009327156003564596,0,1317,4329,8.287957462016493e-05,8.287957725283852e-05,True,126432,130761,True,0.052039697766304016,1751106613,40,2.678744000985247e-11,1400885290,43,2.5874635645390585e-10,-102
11,85,LEAKY_RELU,1,21,0.08885835856199265,-96,0.000746988458558917,0,-3371,5087,6.637616752414033e-05,6.637616829229843e-05,True,-323616,-318529,True,0.052039697766304016,1402417231,40,1.509716440314866e-11,1121933785,43,1.631663478071426e-10,-102
11,85,LEAKY_RELU,1,22,0.08885835856199265,-96,0.000666059844661504,0,708,-1803,5.918498573009856e-05,5.918498450067705e-05,True,67968,66165,True,0.052039697766304016,1250479565,40,3.4879101308422997e-10,2000767305,44,1.5101718664221727e-10,-102
11,85,LEAKY_RELU,1,23,0.08885835856199265,-96,0.0005291553097777069,0,-3908,26204,4.701987199950963e-05,4.701987225120977e-05,True,-375168,-348964,True,0.052039697766304016,1986902249,41,2.3544722993979316e-10,1589521800,44,2.678487629371609e-10,-102
11,85,LEAKY_RELU,1,24,0.08885835856199265,-96,0.0013531906297430396,0,-3317,4772,0.00012024230090901256,0.00012024229818043564,True,-318432,-313660,True,0.052039697766304016,1270259155,39,1.683976624193552e-10,2032414648,43,1.6839756857292305e-10,-102
11,85,LEAKY_RELU,1,25,0.08885835856199265,-96,0.0006295402417890728,0,-1956,12072,5.593991227215156e-05,5.593991253409697e-05,True,-187776,-175704,True,0.052039697766304016,1181916631,40,4.1952849195363e-10,1891066610,44,2.0800765085708238e-10,-102
11,85,LEAKY_RELU,1,26,0.08885835856199265,-96,0.0009059246513061225,0,-4153,-1078,8.04989758762531e-05,8.04989774959076e-05,True,-398688,-399766,True,0.052039697766304016,1700808528,40,2.8648355047787136e-10,1360646823,43,1.5448312403532685e-10,-102
11,85,LEAKY_RELU,1,27,0.08885835856199265,-96,0.001064515789039433,0,-1896,4194,9.45911233429797e-05,9.459112567736846e-05,True,-182016,-177822,True,0.052039697766304016,1998552010,40,3.799674105751443e-11,1598841608,43,3.7996711233599675e-11,-102
11,85,LEAKY_RELU,1,28,0.08885835856199265,-96,0.0004290202632546425,0,5074,-13472,3.8122037949506193e-05,3.81220363826415e-05,True,487104,473632,True,0.052039697766304016,1610909520,41,5.6854998745105735e-11,1288727616,44,5.685514674757025e-11,-102
11,85,LEAKY_RELU,1,29,0.08885835856199265,-96,0.0013058678014203906,0,-2309,8577,0.00011603727034525946,0.00011603726933317408,True,-221664,-213087,True,0.052039697766304016,1225836548,39,3.951778073131745e-10,1961338476,43,1.270693948743345e-11,-102
11,85,LEAKY_RELU,1,30,0.08885835856199265,-96,0.0015491561498492956,0,-3151,2922,0.0001376554719172418,0.00013765547263182472,True,-302496,-299574,True,0.052039697766304016,1454214756,39,4.3693179649957754e-11,1163371805,42,1.2822082393741002e-10,-102
11,85,LEAKY_RELU,1,31,0.08885835856199265,-96,0.000902645755559206,0,-7501,15499,8.020761742955074e-05,8.02076202019407e-05,True,-720096,-704597,True,0.052039697766304016,1694652637,40,8.517297565106192e-13,1355722110,43,2.958973046815191e-10,-102
11,85,LEAKY_RELU,1,32,0.08885835856199265,-96,0.0006810735212638974,0,-4281,4031,6.051907621440478e-05,6.051907515954632e-05,True,-410976,-406945,True,0.052039697766304016,1278666666,40,3.4816508764989765e-11,2045866666,44,2.3033260162115323e-10,-102
11,85,LEAKY_RELU,1,33,0.08885835856199265,-96,0.0009922744939103723,0,-2527,1721,8.817188063403592e-05,8.817188277180765e-05,True,-242592,-240871,True,0.052039697766304016,1862924162,40,1.5682002932811283e-11,1490339330,43,2.840771270008096e-10,-102
11,85,LEAKY_RELU,1,34,0.08885835856199265,-96,0.0008899240638129413,0,-3329,21712,7.907718827482313e-05,7.907719155523596e-05,True,-319584,-297872,True,0.052039697766304016,1670768574,40,2.4781614465312447e-10,1336614859,43,9.818433857197681e-11,-102
11,85,LEAKY_RELU,1,35,0.08885835856199265,-96,0.00037495221477001905,0,-1814,21840,3.3317639463348314e-05,3.331763834364763e-05,True,-174144,-152304,True,0.052039697766304016,1407891757,41,2.156710955357875e-10,1126313406,44,1.3946971595930396e-10,-102
11,85,LEAKY_RELU,1,36,0.08885835856199265,-96,0.001906813238747418,0,749,1192,0.0001694362872513011,0.00016943629447937255,True,71904,73096,True,0.052039697766304016,1789952516,39,2.6837600008056907e-10,1431962013,42,1.287074906099491e-10,-102
11,85,LEAKY_RELU,1,37,0.08885835856199265,-96,0.0011813821038231254,0,-1318,6763,0.00010497567564016208,0.0001049756745802365,True,-126528,-119765,True,0.052039697766304016,1108980065,39,1.0125576134000473e-10,1774368104,43,1.0125581508726913e-10,-102
11,85,LEAKY_RELU,1,38,0.08885835856199265,-96,0.0012148362584412098,0,-1661,7465,0.00010794835543492809,0.00010794835584667858,True,-159456,-151991,True,0.052039697766304016,1140383953,39,4.263326636731469e-10,1824614324,43,1.2116183927823054e-11,-102
11,85,LEAKY_RELU,1,39,0.08885835856199265,-96,0.000751240411773324,0,-3028,17891,6.675399345112965e-05,6.675398987561303e-05,True,-290688,-272797,True,0.052039697766304016,1410399968,40,5.930848236921111e-11,1128319974,43,4.138178494385854e-10,-102
11,85,LEAKY_RELU,1,40,0.08885835856199265,-96,0.00079986552009359,0,-5847,3945,7.10747335688211e-05,7.107473718585096e-05,True,-561312,-557367,True,0.052039697766304016,1501690120,40,8.289994121398493e-11,1201352096,43,8.289990152227757e-11,-102
11,85,LEAKY_RELU,1,41,0.08885835856199265,-96,0.0006101523176766932,0,5073,-3682,5.421713285613805e-05,5.421713342154645e-05,True,487008,483326,True,0.052039697766304016,1145517195,40,1.3032132306650368e-10,1832827512,44,1.3032134908298123e-10,-102
11,85,LEAKY_RELU,1,42,0.08885835856199265,-96,0.0011797819752246141,0,-2453,7923,0.00010483348887646571,0.00010483348977948469,True,-235488,-227565,True,0.052039697766304016,1107478002,39,1.8167253808697547e-10,1771964803,43,6.880342520020423e-11,-102
11,85,LEAKY_RELU,1,43,0.08885835856199265,-96,0.0007977794157341123,0,-2931,-160,7.088937127264217e-05,7.088936937667874e-05,True,-281376,-281536,True,0.052039697766304016,1497773609,40,2.481308119738699e-10,1198218887,43,8.121644056609604e-11,-102
11,85,LEAKY_RELU,1,44,0.08885835856199265,-96,0.0003632154257502407,0,12885,-45160,3.2274725526804104e-05,3.22747265365617e-05,True,1236960,1191800,True,0.052039697766304016,1363821799,41,9.266324393916264e-11,1091057439,44,9.064520575061284e-11,-102
11,85,LEAKY_RELU,1,45,0.08885835856199265,-96,0.0008928977185860276,0,1473,11562,7.934142922749743e-05,7.934142563730245e-05,True,141408,152970,True,0.052039697766304016,1676351397,40,2.9085805054705947e-11,1341081118,43,2.6918087248180456e-10,-102
11,85,LEAKY_RELU,1,46,0.08885835856199265,-96,0.0005097331595607102,0,-1060,3548,4.5294051233213395e-05,4.5294051863182996e-05,True,-101760,-98212,True,0.052039697766304016,1913974863,41,1.7575167938679269e-10,1531179890,44,8.548489595816522e-11,-102
11,85,LEAKY_RELU,1,47,0.08885835856199265,-96,0.0007943034870550036,0,-2106,7748,7.058050687192008e-05,7.05805040597746e-05,True,-202176,-194428,True,0.052039697766304016,1491247802,40,3.520206546358414e-11,1192998242,43,3.704916266841187e-10,-102
11,85,LEAKY_RELU,1,48,0.08885835856199265,-96,0.0012880987487733364,0,-1915,2892,0.00011445834388723597,0.00011445834048175521,True,-183840,-180948,True,0.052039697766304016,1209156487,39,1.2441571619005677e-10,1934650379,43,2.1037864473207847e-11,-102
11,85,LEAKY_RELU,1,49,0.08885835856199265,-96,0.0006978610181249678,0,-1478,1418,6.201078213052824e-05,6.201078457498564e-05,True,-141888,-140470,True,0.052039697766304016,1310183987,40,2.0565464243224347e-10,2096294379,44,1.1024810375120218e-10,-102
11,85,LEAKY_RELU,1,50,0.08885835856199265,-96,0.0008571540238335729,0,-4235,9263,7.616529910592362e-05,7.616529959265841e-05,True,-406560,-397297,True,0.052039697766304016,1609245175,40,4.433065457921583e-11,1287396140,43,4.433054346256492e-11,-102
11,85,LEAKY_RELU,1,51,0.08885835856199265,-96,0.001103477319702506,0,-82,38,9.805318404687569e-05,9.805318333915188e-05,True,-7872,-7834,True,0.052039697766304016,2071699488,40,3.452967521859171e-11,1657359590,43,2.7587747787442973e-10,-102
11,85,LEAKY_RELU,1,52,0.08885835856199265,-96,0.0007054187590256333,0,-2524,5494,6.268235301831737e-05,6.268235302585561e-05,True,-242304,-236810,True,0.052039697766304016,1324373103,40,2.3996442429021822e-11,2118996965,44,1.1838067608281777e-10,-102
11,85,LEAKY_RELU,1,53,0.08885835856199265,-96,0.0004578476364258677,0,-2675,12375,4.068358975928277e-05,4.0683589444290595e-05,True,-256800,-244425,True,0.052039697766304016,1719152169,41,2.0431509636663055e-10,1375321735,44,3.497356149553613e-10,-102
11,85,LEAKY_RELU,1,54,0.08885835856199265,-96,0.0009291315218433738,0,-4473,8420,8.256109867943451e-05,8.256110191920841e-05,True,-429408,-420988,True,0.052039697766304016,1744377763,40,1.609706755272362e-10,1395502210,43,1.256645874874183e-10,-102
11,85,LEAKY_RELU,1,55,0.08885835856199265,-96,0.0008519304683431983,0,-5171,13634,7.570114394184202e-05,7.570114302592624e-05,True,-496416,-482782,True,0.052039697766304016,1599438324,40,1.9386376615495756e-10,1279550659,43,3.501687110906296e-10,-102
11,85,LEAKY_RELU,1,56,0.08885835856199265,-96,0.000697338196914643,0,-4607,9967,6.196432514116168e-05,6.196432754041479e-05,True,-442272,-432305,True,0.052039697766304016,1309202427,40,3.2312978383027673e-10,2094723884,44,5.878208092201059e-11,-102
11,85,LEAKY_RELU,1,57,0.08885835856199265,-96,0.00037180722574703395,0,1298,10824,3.303818084532395e-05,3.303817978136969e-05,True,124608,135432,True,0.052039697766304016,1396082775,41,1.0189962629440357e-10,1116866220,44,1.0189954090599271e-10,-102
11,85,LEAKY_RELU,1,58,0.08885835856199265,-96,0.0011080296244472265,0,-7075,2287,9.845769091043621e-05,9.84576936664417e-05,True,-679200,-676913,True,0.052039697766304016,2080246114,40,2.0163733853525954e-10,1664196891,43,8.145916481732813e-11,-102
11,85,LEAKY_RELU,1,59,0.08885835856199265,-96,0.0006570240948349237,0,-6543,12014,5.838208380737342e-05,5.8382082602710314e-05,True,-628128,-616114,True,0.052039697766304016,1233515593,40,4.006063786021775e-10,1973624950,44,2.074118774747404e-10,-102
11,85,LEAKY_RELU,1,60,0.08885835856199265,-96,0.0005863110418431461,0,7242,-25635,5.209863593336195e-05,5.209863678495375e-05,True,695232,669597,True,0.052039697766304016,1100756910,40,4.4977298649439437e-10,1761211057,44,1.1801808021282905e-10,-102
11,85,LEAKY_RELU,1,61,0.08885835856199265,-96,0.0005658246809616685,0,-1922,6129,5.0278253183932975e-05,5.027825238411703e-05,True,-184512,-178383,True,0.052039697766304016,2124590476,41,6.350989498361126e-11,1699672381,44,1.811796027392026e-10,-102
11,85,LEAKY_RELU,1,62,0.08885835856199265,-96,0.00037247416912578046,0,16369,-40474,3.3097443520091474e-05,3.309744327525889e-05,True,1571424,1530950,True,0.052039697766304016,1398587052,41,3.3440467191566585e-10,1118869641,44,2.0185091431157824e-10,-102
11,85,LEAKY_RELU,1,63,0.08885835856199265,-96,0.0009476719424128532,0,-1014,6222,8.420857193414122e-05,8.420857325806136e-05,True,-97344,-91122,True,0.052039697766304016,1779186072,40,1.3306492704221823e-11,1423348858,43,2.9433373850882705e-10,-102
11,85,LEAKY_RELU,1,64,0.08885835856199265,-96,0.0011695657158270478,0,-2105,14501,0.00010392568947281688,0.00010392568973877341,True,-202080,-187579,True,0.052039697766304016,1097887855,39,1.6250754506463573e-10,1756620568,43,1.6250751791949311e-10,-102
11,85,LEAKY_RELU,1,65,0.08885835856199265,-96,0.0007641292177140713,0,-1414,-9163,6.789926555939019e-05,6.789926801533189e-05,True,-135744,-144907,True,0.052039697766304016,1434597776,40,2.8242258418562454e-10,1147678221,43,1.0815771070557926e-10,-102
11,85,LEAKY_RELU,1,66,0.08885835856199265,-96,0.001079915789887309,0,-4817,-11769,9.595954179530963e-05,9.595954447456402e-05,True,-462432,-474201,True,0.052039697766304016,2027464406,40,2.4350848984383157e-10,1621971525,43,1.2020182167742956e-10,-102
11,85,LEAKY_RELU,1,67,0.08885835856199265,-96,0.0011776105966418982,0,-3224,6922,0.00010464054503245279,0.00010464054464280788,True,-309504,-302582,True,0.052039697766304016,1105439698,39,5.2081179395739017e-11,1768703517,43,6.099591636323986e-11,-102
11,85,LEAKY_RELU,1,68,0.08885835856199265,-96,0.0014893212355673313,0,-5390,6231,0.00013233863865025342,0.00013233864036403184,True,-517440,-511209,True,0.052039697766304016,1398046877,39,6.260409563379639e-13,1118437502,42,3.5826775456178486e-10,-102
11,85,LEAKY_RELU,1,69,0.08885835856199265,-96,0.0008271693368442357,0,-3364,3687,7.350090891122818e-05,7.350090952479077e-05,True,-322944,-319257,True,0.052039697766304016,1552951077,40,2.266546271183481e-10,1242360861,43,2.562969162284875e-10,-102
11,85,LEAKY_RELU,1,70,0.08885835856199265,-96,0.0005168186617083848,0,-4009,22187,4.592365803546272e-05,4.592365795361283e-05,True,-384864,-362677,True,0.052039697766304016,1940579906,41,2.0208032835016664e-10,1552463925,44,7.325295032642158e-11,-102
11,85,LEAKY_RELU,1,71,0.08885835856199265,-96,0.0009188370895572007,0,-11162,16695,8.164635801222175e-05,8.164635556393149e-05,True,-1071552,-1054857,True,0.052039697766304016,1725050705,40,1.3003381722856553e-10,1380040564,43,1.3003381722856553e-10,-102
11,85,LEAKY_RELU,1,72,0.08885835856199265,-96,0.0008528300677426159,0,-3735,4964,7.578107761219144e-05,7.578107995192184e-05,True,-358560,-353596,True,0.052039697766304016,1601127258,40,2.298342182861639e-10,1280901806,43,8.244573198764022e-11,-102
11,85,LEAKY_RELU,1,73,0.08885835856199265,-96,0.0011524558067321777,0,-819,391,0.00010240533447358757,0.00010240533130145835,True,-78624,-78233,True,0.052039697766304016,1081826542,39,4.4659345593677635e-10,1730922466,43,2.466785528577628e-10,-102
11,85,LEAKY_RELU,1,74,0.08885835856199265,-96,0.0009940877789631486,0,90,111,8.833300671540201e-05,8.833300830520235e-05,True,8640,8751,True,0.052039697766304016,1866328475,40,2.434343917395912e-10,1493062780,43,2.434342959290537e-10,-102
11,85,LEAKY_RELU,1,75,0.08885835856199265,-96,0.0008721457561478019,0,-2997,10301,7.749743963358924e-05,7.749744031810158e-05,True,-287712,-277411,True,0.052039697766304016,1637391077,40,2.3112196447116295e-10,1309912861,43,2.2692388024017708e-10,-102
11,85,LEAKY_RELU,1,76,0.08885835856199265,-96,0.0007276619435288012,0,-4512,16461,6.465884507633746e-05,6.465884588999866e-05,True,-433152,-416691,True,0.052039697766304016,1366133086,40,1.316336764715893e-10,1092906469,43,3.14631909213508e-10,-102
11,85,LEAKY_RELU,1,77,0.08885835856199265,-96,0.0015211061108857393,0,-3395,-2300,0.00013516299077309668,0.00013516299221192317,True,-325920,-328220,True,0.052039697766304016,1427883788,39,2.432878920823634e-10,1142307031,42,2.819648121689435e-10,-102
11,85,LEAKY_RELU,1,78,0.08885835856199265,-96,0.0006639245548285544,0,-2439,7906,5.899524694541469e-05,5.899524615106703e-05,True,-234144,-226238,True,0.052039697766304016,1246470712,40,6.540645707872239e-12,1994353139,44,9.3742520675214e-11,-102
11,85,LEAKY_RELU,1,79,0.08885835856199265,-96,0.0007801236351951957,0,6479,-14410,6.932050746399909e-05,6.932050569885984e-05,True,621984,607574,True,0.052039697766304016,1464626148,40,3.061870856351309e-10,1171700918,43,3.5197082365553997e-11,-102
11,85,LEAKY_RELU,1,80,0.08885835856199265,-96,0.0008574285311624408,0,2699,-5697,7.618969539180398e-05,7.618969186331485e-05,True,259104,253407,True,0.052039697766304016,1609760543,40,1.6063079042975036e-10,1287808434,43,1.4997444949813634e-10,-102
11,85,LEAKY_RELU,1,81,0.08885835856199265,-96,0.00094177620485425,0,-4298,13379,8.368468843400478e-05,8.368468769609158e-05,True,-412608,-399229,True,0.052039697766304016,1768117248,40,1.3751807962038356e-10,1414493798,43,1.45268596791677e-10,-102
11,85,LEAKY_RELU,1,82,0.08885835856199265,-96,0.000923360581509769,0,-1255,9553,8.204830373870209e-05,8.204830563380509e-05,True,-120480,-110927,True,0.052039697766304016,1733543236,40,1.9317763498057145e-10,1386834589,43,4.89643296761368e-11,-102
11,85,LEAKY_RELU,1,83,0.08885835856199265,-96,0.0009952408727258444,0,-2823,-970,8.843546675052494e-05,8.843547032422357e-05,True,-271008,-271978,True,0.052039697766304016,1868493325,40,1.847748674580208e-10,1494794660,43,1.8477489935786435e-10,-102
11,85,LEAKY_RELU,1,84,0.08885835856199265,-96,0.0007431299891322851,0,1387,-3870,6.603330984944478e-05,6.603331103248629e-05,True,133152,129282,True,0.052039697766304016,1395173232,40,3.326197804030556e-10,1116138585,43,2.0494787287992024e-10,-102
11,85,LEAKY_RELU,1,85,0.08885835856199265,-96,0.000797718355897814,0,-4280,17896,7.088394340826198e-05,7.088394369985122e-05,True,-410880,-392984,True,0.052039697766304016,1497658973,40,1.1153127720842352e-10,1198127179,43,3.89250245042508e-10,-102
11,85,LEAKY_RELU,1,86,0.08885835856199265,-96,0.0008893588674254715,0,-2081,14939,7.902696961537004e-05,7.902696913198023e-05,True,-199776,-184837,True,0.052039697766304016,1669707458,40,4.5533647117293095e-11,1335765966,43,2.5392011434317773e-10,-102
11,85,LEAKY_RELU,1,87,0.08885835856199265,-96,0.0009987225057557225,0,-1664,4035,8.874484046828002e-05,8.874484252037376e-05,True,-159744,-155709,True,0.052039697766304016,1875029842,40,2.478052754190778e-10,1500023873,43,1.5218842206530787e-10,-102
11,85,LEAKY_RELU,1,88,0.08885835856199265,-96,0.0011092715431004763,0,-4028,14854,9.856804535957053e-05,9.8568048519437e-05,True,-386688,-371834,True,0.052039697766304016,2082577727,40,1.255479689160281e-10,1666062181,43,2.34582675897502e-10,-102
11,85,LEAKY_RELU,1,89,0.08885835856199265,-96,0.0008680566097609699,0,-3326,2769,7.713408558629453e-05,7.713408548224799e-05,True,-319296,-316527,True,0.052039697766304016,1629713998,40,1.8671626418790759e-10,1303771198,43,1.200860340723778e-10,-102
11,85,LEAKY_RELU,1,90,0.08885835856199265,-96,0.0008159499848261476,0,-3268,21360,7.250397902680561e-05,7.250397632033428e-05,True,-313728,-292368,True,0.052039697766304016,1531887548,40,1.7961551826648994e-10,1225510039,43,3.0997643776875424e-10,-102
11,85,LEAKY_RELU,1,91,0.08885835856199265,-96,0.0011853224132210016,0,-1564,13526,0.0001053258019965142,0.00010532580400555817,True,-150144,-136618,True,0.052039697766304016,1112678889,39,1.7229824321859113e-10,1780286223,43,1.647261080415671e-10,-102
11,85,LEAKY_RELU,1,92,0.08885835856199265,-96,0.00048201970639638603,0,11922,-25441,4.283148155082017e-05,4.283147990491649e-05,True,1144512,1119071,True,0.052039697766304016,1809914823,41,9.497976200795963e-11,1447931859,44,3.194043793880497e-10,-102
11,85,LEAKY_RELU,1,93,0.08885835856199265,-96,0.00019518999033607543,0,15126,-47113,1.7344262232654728e-05,1.734426214899487e-05,True,1452096,1404983,True,0.052039697766304016,1465820804,42,1.617612454926289e-10,1172656643,45,3.323141529676409e-10,-102
11,85,LEAKY_RELU,1,94,0.08885835856199265,-96,0.0007063372177071869,0,-4051,23281,6.276396743487567e-05,6.276396575670548e-05,True,-388896,-365615,True,0.052039697766304016,1326097443,40,1.803194779337619e-10,2121755909,44,8.605799569478822e-11,-102
11,85,LEAKY_RELU,1,95,0.08885835856199265,-96,0.0005265471991151571,0,-2030,10297,4.678811819758266e-05,4.678811981878757e-05,True,-194880,-184583,True,0.052039697766304016,1977109168,41,1.1039653944911959e-10,1581687335,44,2.689451541970847e-10,-102
11,85,LEAKY_RELU,1,96,0.08885835856199265,-96,0.0005674547865055501,0,-4879,14778,5.042309931013733e-05,5.042310088702916e-05,True,-468384,-453606,True,0.052039697766304016,2130711288,41,1.1588444453263094e-10,1704569031,44,2.3611057502654056e-10,-102
11,85,LEAKY_RELU,1,97,0.08885835856199265,-96,0.0006598666659556329,0,4535,-330,5.86346686759498e-05,5.8634668806592256e-05,True,435360,435030,True,0.052039697766304016,1238852317,40,1.5701301994478427e-10,1982163707,44,5.6113108218991535e-11,-102
11,85,LEAKY_RELU,1,98,0.08885835856199265,-96,0.0004350856470409781,0,-3843,22959,3.8660997233819216e-05,3.8660996429943804e-05,True,-368928,-345969,True,0.052039697766304016,1633684166,41,1.4088066661543958e-10,1306947333,44,2.939089848384708e-10,-102
11,85,LEAKY_RELU,1,99,0.08885835856199265,-96,0.0007480577332898974,0,-1525,10501,6.647118425462395e-05,6.647118228974517e-05,True,-146400,-135899,True,0.052039697766304016,1404424718,40,2.825965881218465e-10,1123539774,43,7.342119805559147e-11,-102
11,85,LEAKY_RELU,1,100,0.08885835856199265,-96,0.0010409012902528048,0,-152,3172,9.249278082279488e-05,9.24927800769245e-05,True,-14592,-11420,True,0.052039697766304016,1954217483,40,4.956407314890709e-11,1563373986,43,2.0629284348345055e-10,-102
11,85,LEAKY_RELU,1,101,0.08885835856199265,-96,0.0013181660324335098,0,-3493,6460,0.00011713006824720651,0.00011713006995421604,True,-335328,-328868,True,0.052039697766304016,1237381071,39,2.8181896375062315e-10,1979809713,43,2.1240561001854413e-11,-102
11,85,LEAKY_RELU,1,102,0.08885835856199265,-96,0.0006740440730936825,0,-7798,2812,5.989444980514236e-05,5.989444993354442e-05,True,-748608,-745796,True,0.052039697766304016,1265469381,40,3.2537924285286895e-10,2024751010,44,1.2782408768894076e-10,-102
11,85,LEAKY_RELU,1,103,0.08885835856199265,-96,0.0009338686359114945,0,-2535,10831,8.298203465528786e-05,8.298203409962254e-05,True,-243360,-232529,True,0.052039697766304016,1753271354,40,2.69190845158232e-10,1402617084,43,3.0117138601082295e-10,-102
11,85,LEAKY_RELU,1,104,0.08885835856199265,-96,0.0008614442776888609,0,-5039,2610,7.654652290511876e-05,7.654652450805356e-05,True,-483744,-481134,True,0.052039697766304016,1617299819,40,1.878805836391987e-10,1293839855,43,3.3301837061781006e-11,-102
11,85,LEAKY_RELU,1,105,0.08885835856199265,-96,0.0007888419204391539,0,-8246,22060,7.009520049905404e-05,7.009519821511321e-05,True,-791616,-769556,True,0.052039697766304016,1480994103,40,3.2461229319729527e-10,1184795282,43,1.2998774361632155e-11,-102
11,85,LEAKY_RELU,1,106,0.08885835856199265,-96,0.0007329793879762292,0,-2784,8273,6.513134576380253e-05,6.51313452753417e-05,True,-267264,-258991,True,0.052039697766304016,1376116206,40,1.5889187112683469e-10,1100892965,43,2.2778876208962488e-11,-102
11,85,LEAKY_RELU,1,107,0.08885835856199265,-96,0.0007132181199267507,0,-4776,9713,6.337538798106834e-05,6.337539143336148e-05,True,-458496,-448783,True,0.052039697766304016,1339015843,40,3.131894566564999e-10,2142425349,44,2.198373793025621e-10,-102
11,85,LEAKY_RELU,1,108,0.08885835856199265,-96,0.0009241995867341757,0,-2879,18728,8.212286047637463e-05,8.21228582608708e-05,True,-276384,-257656,True,0.052039697766304016,1735118408,40,2.542466499880927e-10,1388094727,43,1.7800047317462247e-10,-102
11,85,LEAKY_RELU,1,109,0.08885835856199265,-96,0.0002954413939733058,0,174,10908,2.6252437237417325e-05,2.625243731973494e-05,True,16704,27612,True,0.052039697766304016,1109340036,41,2.162225662403646e-10,1774944057,45,1.2181625676402163e-10,-102
11,85,LEAKY_RELU,1,110,0.08885835856199265,-96,0.0010690492345020175,0,-4140,10320,9.499395673628896e-05,9.499396019980403e-05,True,-397440,-387120,True,0.052039697766304016,2007063228,40,2.411995392632945e-10,1605650583,43,1.324807363510498e-10,-102
11,85,LEAKY_RELU,1,111,0.08885835856199265,-96,0.0004219903494231403,0,-1791,25206,3.74973715224769e-05,3.7497369778741966e-05,True,-171936,-146730,True,0.052039697766304016,1584513203,41,3.0745493565565625e-10,1267610562,44,8.099505936246236e-12,-102
11,85,LEAKY_RELU,1,112,0.08885835856199265,-96,0.0011778080370277166,0,-1502,7990,0.00010465808736626059,0.00010465808887140556,True,-144192,-136202,True,0.052039697766304016,1105625038,39,1.23118756987344e-10,1769000061,43,1.0060616766714337e-11,-102
11,85,LEAKY_RELU,1,113,0.08885835856199265,-96,0.0013274725060909986,0,-2434,1509,0.00011795702448580414,0.00011795702792742092,True,-233664,-232155,True,0.052039697766304016,1246117189,39,7.567757827522614e-11,1993787502,43,1.2494560726925912e-10,-102
11,85,LEAKY_RELU,1,114,0.08885835856199265,-96,0.0012061565648764372,0,-4621,-4093,0.00010717708937590942,0.0001071770925236918,True,-443616,-447709,True,0.052039697766304016,1132236202,39,3.672067790033946e-10,1811577923,43,2.568057078911426e-10,-102
11,85,LEAKY_RELU,1,115,0.08885835856199265,-96,0.00040388613706454635,0,-2945,14591,3.588866093195975e-05,3.588865918549957e-05,True,-282720,-268129,True,0.052039697766304016,1516534483,41,1.5199361548412202e-10,1213227587,44,3.4255502017037604e-10,-102
11,85,LEAKY_RELU,1,116,0.08885835856199265,-96,0.000609457609243691,0,3841,-14735,5.415540363173932e-05,5.4155402770510695e-05,True,368736,354001,True,0.052039697766304016,1144212930,40,7.436546094407594e-11,1830740688,44,7.43653567595431e-11,-102
11,85,LEAKY_RELU,1,117,0.08885835856199265,-96,0.0012540912721306086,0,-1908,10868,0.00011143649317091331,0.00011143649192844711,True,-183168,-172300,True,0.052039697766304016,1177233188,39,2.1161968720993505e-10,1883573101,43,1.0543856554000913e-10,-102
11,85,LEAKY_RELU,1,118,0.08885835856199265,-96,0.0012404646258801222,0,-5467,817,0.00011022565013263375,0.00011022565050992396,True,-524832,-524015,True,0.052039697766304016,1164441663,39,2.6320518509575648e-11,1863106661,43,1.3366800079731693e-10,-102
11,85,LEAKY_RELU,1,119,0.08885835856199265,-96,0.0010568940779194236,0,-985,11730,9.391386993229389e-05,9.391387293781073e-05,True,-94560,-82830,True,0.052039697766304016,1984242794,40,9.562395045563708e-11,1587394235,43,2.2161668659961337e-10,-102
11,85,LEAKY_RELU,1,120,0.08885835856199265,-96,0.0009260901133529842,0,-3316,13850,8.229084778577089e-05,8.229084735303588e-05,True,-318336,-304486,True,0.052039697766304016,1738667737,40,2.796309507910715e-10,1390934189,43,1.5173395158090042e-10,-102
11,85,LEAKY_RELU,1,121,0.08885835856199265,-96,0.000775730877649039,0,-7581,19557,6.8930174165871e-05,6.893017247374756e-05,True,-727776,-708219,True,0.052039697766304016,1456379060,40,3.155668492347913e-10,1165103248,43,3.155668083081903e-10,-102
11,85,LEAKY_RELU,1,122,0.08885835856199265,-96,0.0010041443165391684,0,-1577,4932,8.922661800170317e-05,8.922661572702446e-05,True,-151392,-146460,True,0.052039697766304016,1885208902,40,1.2780564112885045e-10,1508167122,43,1.3741695537260463e-10,-102
11,85,LEAKY_RELU,1,123,0.08885835856199265,-96,0.0015168121317401528,0,-1286,10286,0.0001347814395558089,0.00013478143627334693,True,-123456,-113170,True,0.052039697766304016,1423852969,39,3.37838849002423e-10,1139082376,42,3.644808996224126e-10,-102
11,85,LEAKY_RELU,1,124,0.08885835856199265,-96,0.002515945816412568,0,-992,7167,0.00022356281988322735,0.0002235628154773333,True,-95232,-88065,True,0.052039697766304016,1180876935,38,1.2501320293757458e-10,1889403096,42,1.2501320293757458e-10,-102
11,85,LEAKY_RELU,1,125,0.08885835856199265,-96,0.0006251062150113285,0,-1029,5587,5.554591189138591e-05,5.5545912192806694e-05,True,-98784,-93197,True,0.052039697766304016,1173592064,40,3.262098536202621e-10,1877747303,44,6.678142243265434e-12,-102
11,85,LEAKY_RELU,1,126,0.08885835856199265,-96,0.0010025398805737495,0,-1739,-5471,8.908404561225325e-05,8.908404818071952e-05,True,-166944,-172415,True,0.052039697766304016,1882196689,40,8.412116928432833e-11,1505757351,43,4.870238793832232e-11,-102
11,85,LEAKY_RELU,1,127,0.08885835856199265,-96,0.00117230205796659,0,-5414,24322,0.00010416883742436767,0.00010416883660975713,True,-519744,-495422,True,0.052039697766304016,1100456498,39,1.5230685569638086e-10,1760730397,43,2.6589597170135425e-10,-102
11,85,LEAKY_RELU,1,128,0.08885835856199265,-96,0.0006160021875984967,0,21,1864,5.473694182001054e-05,5.473694326059908e-05,True,2016,3880,True,0.052039697766304016,1156499906,40,1.4862518592783685e-10,1850399850,44,6.75442054024502e-11,-102
11,85,LEAKY_RELU,1,129,0.08885835856199265,-96,0.0011438793735578656,0,-2155,11757,0.00010164324339712039,0.00010164324352727235,True,-206880,-195123,True,0.052039697766304016,1073775723,39,3.96621093311749e-10,1718041156,43,6.902552105171701e-11,-102
11,85,LEAKY_RELU,1,130,0.08885835856199265,-96,0.0006734436610713601,0,-1389,5748,5.984109884593636e-05,5.9841098306779965e-05,True,-133344,-127596,True,0.052039697766304016,1264342151,40,6.151495870280426e-11,2022947441,44,2.350819945260298e-10,-102
11,85,LEAKY_RELU,1,131,0.08885835856199265,-96,0.0004790067032445222,0,-3751,17496,4.2563748138491064e-05,4.256374939049976e-05,True,-360096,-342600,True,0.052039697766304016,1798601429,41,1.4964180572573502e-10,1438881143,44,1.0644885334621918e-11,-102
11,85,LEAKY_RELU,1,132,0.08885835856199265,-96,0.0009920935845002532,0,-6359,9761,8.815580804366618e-05,8.815580745857605e-05,True,-610464,-600703,True,0.052039697766304016,1862584518,40,2.4998317730095634e-10,1490067614,43,1.8461080933923475e-11,-102
11,85,LEAKY_RELU,1,133,0.08885835856199265,-96,0.0006420460995286703,0,-11725,30317,5.705116200260818e-05,5.7051162525247404e-05,True,-1125600,-1095283,True,0.052039697766304016,1205395482,40,3.984714497652959e-11,1928632771,44,1.4354764914376574e-10,-102
11,85,LEAKY_RELU,1,134,0.08885835856199265,-96,0.0018506655469536781,0,-2720,1176,0.00016444710490759462,0.00016444710274953617,True,-261120,-259944,True,0.052039697766304016,1737245885,39,1.3759608298381822e-10,1389796708,42,1.37596220223216e-10,-102
11,85,LEAKY_RELU,1,135,0.08885835856199265,-96,0.0009256074554286897,0,1200,-9990,8.224795601563528e-05,8.224795916213614e-05,True,115200,105210,True,0.052039697766304016,1737761581,40,6.104394180683226e-11,1390209265,43,2.049070723620972e-10,-102
11,85,LEAKY_RELU,1,136,0.08885835856199265,-96,0.0011004206025972962,0,-4141,9765,9.77815652731806e-05,9.778156847459456e-05,True,-397536,-387771,True,0.052039697766304016,2065960721,40,1.949864832052324e-11,1652768577,43,1.0151042869334963e-10,-102
11,85,LEAKY_RELU,1,137,0.08885835856199265,-96,0.0006684791296720505,0,-5218,10999,5.939995753578842e-05,5.939995819560784e-05,True,-500928,-489929,True,0.052039697766304016,1255021599,40,3.5729895181873967e-10,2008034559,44,5.849940848377001e-11,-102
11,85,LEAKY_RELU,1,138,0.08885835856199265,-96,0.0007431033300235868,0,-2292,23196,6.603094516322017e-05,6.603094214784663e-05,True,-220032,-196836,True,0.052039697766304016,1395123181,40,1.9874492712859224e-11,1116098545,43,1.990700535066262e-10,-102
11,85,LEAKY_RELU,1,139,0.08885835856199265,-96,0.0007094165775924921,0,-5475,6177,6.303759437287226e-05,6.303759262153534e-05,True,-525600,-519423,True,0.052039697766304016,1331878720,40,3.493382949612345e-10,2131005953,44,1.199236508874563e-10,-102
11,85,LEAKY_RELU,1,140,0.08885835856199265,-96,0.0008831499144434929,0,1745,-5476,7.847524830140173e-05,7.847525176161302e-05,True,167520,162044,True,0.052039697766304016,1658050594,40,1.3376326475064822e-10,1326440475,43,2.8454274088438986e-10,-102
11,85,LEAKY_RELU,1,141,0.08885835856199265,-96,0.0008116647368296981,0,-1647,7015,7.212319906102493e-05,7.212319621733871e-05,True,-158112,-151097,True,0.052039697766304016,1523842303,40,2.307019824052609e-10,1219073842,43,9.741595941260123e-11,-102
11,85,LEAKY_RELU,1,142,0.08885835856199265,-96,0.0012082461034879088,0,-5609,10509,0.00010736276453826576,0.00010736276549485908,True,-538464,-527955,True,0.052039697766304016,1134197681,39,9.998802081537948e-12,1814716290,43,2.3041890555041226e-10,-102
11,85,LEAKY_RELU,1,143,0.08885835856199265,-96,0.0008350337739102542,0,-8521,14513,7.419972826028243e-05,7.419973049349127e-05,True,-818016,-803503,True,0.052039697766304016,1567715993,40,4.5132844239067544e-11,1254172794,43,2.7380255060566434e-10,-102
11,85,LEAKY_RELU,1,144,0.08885835856199265,-96,0.0009570972179062665,0,-423,5932,8.504608558723703e-05,8.504608776740063e-05,True,-40608,-34676,True,0.052039697766304016,1796881350,40,2.2678938616443347e-10,1437505080,43,2.267894193355968e-10,-102
11,85,LEAKY_RELU,1,145,0.08885835856199265,-96,0.0007296980475075543,0,-377,3843,6.483976903837174e-05,6.48397707474122e-05,True,-36192,-32349,True,0.052039697766304016,1369955725,40,4.359581102863988e-11,1095964580,43,4.3595680503301667e-11,-102
11,85,LEAKY_RELU,1,146,0.08885835856199265,-96,0.0005379192880354822,0,-2075,9600,4.77986250189133e-05,4.7798624973668675e-05,True,-199200,-189600,True,0.052039697766304016,2019809730,41,5.580712508000704e-11,1615847784,44,5.580715459003657e-11,-102
11,85,LEAKY_RELU,1,147,0.08885835856199265,-96,0.0006936275749467313,0,-1901,-4831,6.163460784591734e-05,6.163460776310208e-05,True,-182496,-187327,True,0.052039697766304016,1302236001,40,5.1598381308367256e-11,2083577601,44,2.36367855020058e-10,-102
11,85,LEAKY_RELU,1,148,0.08885835856199265,-96,0.0014923245180398226,0,-2057,433,0.00013260550622362643,0.00013260550711483542,True,-197472,-197039,True,0.052039697766304016,1400866101,39,2.352982307478941e-10,1120692881,42,4.1375917049871965e-10,-102
11,85,LEAKY_RELU,1,149,0.08885835856199265,-96,0.0008013267070055008,0,-975,11466,7.12045730324462e-05,7.120457585639561e-05,True,-93600,-82134,True,0.052039697766304016,1504433393,40,3.0284652216423246e-10,1203546715,43,1.956800745380184e-10,-102
11,85,LEAKY_RELU,1,150,0.08885835856199265,-96,0.0009767800802364945,0,-3176,-744,8.679507300257683e-05,8.679507460586638e-05,True,-304896,-305640,True,0.052039697766304016,1833834512,40,5.1742410548998146e-11,1467067610,43,2.209102295274988e-10,-102
11,85,LEAKY_RELU,1,151,0.08885835856199265,-96,0.000753273256123066,0,1179,-9168,6.693462637485936e-05,6.693462508774312e-05,True,113184,104016,True,0.052039697766304016,1414216487,40,3.4236522298799535e-10,1131373190,43,1.1187436329020093e-11,-102
11,85,LEAKY_RELU,1,152,0.08885835856199265,-96,0.000651688314974308,0,-5566,19690,5.790795330540277e-05,5.790795396264786e-05,True,-534336,-514646,True,0.052039697766304016,1223498050,40,2.6721494186909357e-10,1957596879,44,2.436155571057915e-10,-102
11,85,LEAKY_RELU,1,153,0.08885835856199265,-96,0.0003237078199163079,0,14909,-35891,2.8764145099557936e-05,2.8764145531444234e-05,True,1431264,1395373,True,0.052039697766304016,1215476409,41,2.640903327593072e-10,1944762254,45,5.840963997315461e-11,-102
11,85,LEAKY_RELU,1,154,0.08885835856199265,-96,0.0008439316297881305,0,-796,-209,7.499037747038528e-05,7.499037936152054e-05,True,-76416,-76625,True,0.052039697766304016,1584421079,40,7.757288578492664e-11,1267536863,43,8.02135275253969e-11,-102
11,85,LEAKY_RELU,1,155,0.08885835856199265,-96,0.0004898838233202696,0,-1090,-6134,4.353027179604396e-05,4.353027242631237e-05,True,-104640,-110774,True,0.052039697766304016,1839443454,41,1.9212993508229416e-10,1471554763,44,5.621916363763587e-11,-102
11,85,LEAKY_RELU,1,156,0.08885835856199265,-96,0.001181337982416153,0,-875,2777,0.00010497175389900804,0.00010497175402443548,True,-84000,-81223,True,0.052039697766304016,1108938648,39,2.48477078565542e-10,1774301836,43,2.0240457339326474e-10,-102
11,85,LEAKY_RELU,1,157,0.08885835856199265,-96,0.0008962652063928545,0,-3084,12317,7.964065298438072e-05,7.96406550762946e-05,True,-296064,-283747,True,0.052039697766304016,1682673614,40,1.3487984230617344e-10,1346138891,43,1.369330768737577e-11,-102
11,85,LEAKY_RELU,1,158,0.08885835856199265,-96,0.0005424193223007023,0,-2839,10470,4.819848982151598e-05,4.819849063194886e-05,True,-272544,-262074,True,0.052039697766304016,2036706713,41,9.073853207575797e-12,1629365370,44,2.3642058918172036e-10,-102
11,85,LEAKY_RELU,1,159,0.08885835856199265,-96,0.0002652115363162011,0,16032,-38514,2.3566261006635614e-05,2.356626178876193e-05,True,1539072,1500558,True,0.052039697766304016,1991662517,42,2.5776194563850728e-11,1593330014,45,2.252702638121983e-10,-102
11,85,LEAKY_RELU,1,160,0.08885835856199265,-96,0.0015522163594141603,0,-1153,6943,0.0001379274035571143,0.0001379273978306143,True,-110688,-103745,True,0.052039697766304016,1457087418,39,2.511671670483167e-13,1165669934,42,3.434015595405304e-10,-102
11,85,LEAKY_RELU,1,161,0.08885835856199265,-96,0.0006433429080061615,0,-5209,15011,5.716639498132281e-05,5.716639479792654e-05,True,-500064,-485053,True,0.052039697766304016,1207830147,40,7.249812590118584e-11,1932528235,44,3.099334558495502e-11,-102
11,85,LEAKY_RELU,1,162,0.08885835856199265,-96,0.001154311583377421,0,-5678,15667,0.00010257022950099781,0.00010257023256801234,True,-545088,-529421,True,0.052039697766304016,1083568585,39,2.4202343671346975e-10,1733709736,43,2.4202354672892347e-10,-102
11,85,LEAKY_RELU,1,163,0.08885835856199265,-96,0.0011815553298220038,0,-5413,17717,0.00010499106429051608,0.0001049910671581571,True,-519648,-501931,True,0.052039697766304016,1109142675,39,1.7684922111340576e-10,1774628280,43,1.7684919424371347e-10,-102
11,85,LEAKY_RELU,1,164,0.08885835856199265,-96,0.0010697342222556472,0,-4286,739,9.505482739768922e-05,9.505482708722663e-05,True,-411456,-410717,True,0.052039697766304016,2008349244,40,7.943810650720556e-11,1606679395,43,4.504235384366289e-11,-102
11,85,LEAKY_RELU,1,165,0.08885835856199265,-96,0.0016673635691404343,0,-3685,8030,0.0001481591898482293,0.00014815918987988452,True,-353760,-345730,True,0.052039697766304016,1565177730,39,2.8816430133361142e-11,1252142184,42,2.8816430133361142e-11,-102
11,85,LEAKY_RELU,1,166,0.08885835856199265,-96,0.0008358025806955993,0,-125,-7184,7.4268042226322e-05,7.426804540248836e-05,True,-12000,-19184,True,0.052039697766304016,1569159373,40,3.1657738343983437e-10,1255327498,43,2.064679039961359e-12,-102
11,85,LEAKY_RELU,1,167,0.08885835856199265,-96,0.0006669615395367146,0,288,157,5.926510857534595e-05,5.9265107627212016e-05,True,27648,27805,True,0.052039697766304016,1252172433,40,1.0898646018849972e-10,2003475893,44,2.0881291948013188e-10,-102
11,85,LEAKY_RELU,1,168,0.08885835856199265,-96,0.0010378106962889433,0,-3085,3601,9.221815707860515e-05,9.221815497031417e-05,True,-296160,-292559,True,0.052039697766304016,1948415115,40,2.5631376946606387e-10,1558732092,43,2.563137388747159e-10,-102
11,85,LEAKY_RELU,1,169,0.08885835856199265,-96,0.0011529072653502226,0,-3808,5008,0.00010244544682791457,0.00010244544717321648,True,-365568,-360560,True,0.052039697766304016,1082250332,39,9.001347772872966e-11,1731600531,43,2.055135577866846e-10,-102
11,85,LEAKY_RELU,1,170,0.08885835856199265,-96,0.0010778327705338597,0,61,-12543,9.577444870956242e-05,9.577445079396365e-05,True,5856,-6687,True,0.052039697766304016,2023553687,40,6.128131600005646e-11,1618842950,43,1.858086841181711e-10,-102
11,85,LEAKY_RELU,1,171,0.08885835856199265,-96,0.00121499493252486,0,-7827,9819,0.00010796245624078438,0.00010796245536529806,True,-751392,-741573,True,0.052039697766304016,1140532902,39,1.0261778946313067e-10,1824852643,43,2.1221567985978384e-10,-102
11,85,LEAKY_RELU,1,172,0.08885835856199265,-96,0.0008589084609411657,0,-3395,6857,7.632119377376512e-05,7.632119599423936e-05,True,-325920,-319063,True,0.052039697766304016,1612539005,40,1.8041070823370744e-10,1290031204,43,1.8041067127048075e-10,-102
11,85,LEAKY_RELU,1,173,0.08885835856199265,-96,0.0009628526167944074,0,695,16465,8.555750537198037e-05,8.555750306547035e-05,True,66720,83185,True,0.052039697766304016,1807686699,40,8.676774994863894e-11,1446149359,43,5.1530683390816107e-11,-102
11,85,LEAKY_RELU,1,174,0.08885835856199265,-96,0.0009801851119846106,0,-2634,11567,8.709764369996265e-05,8.709764013785544e-05,True,-252864,-241297,True,0.052039697766304016,1840227215,40,6.793364994817898e-11,1472181772,43,6.793361755835e-11,-102
11,85,LEAKY_RELU,1,175,0.08885835856199265,-96,0.0007897594477981329,0,-4060,3457,7.017672760412097e-05,7.01767281901678e-05,True,-389760,-386303,True,0.052039697766304016,1482716694,40,2.0155268414077848e-10,1186173355,43,3.7016210289303797e-10,-102
11,85,LEAKY_RELU,1,176,0.08885835856199265,-96,0.0005186487105675042,0,-5495,16805,4.6086272050160915e-05,4.608627309132243e-05,True,-527520,-510715,True,0.052039697766304016,1947451477,41,1.1757909772455318e-10,1557961182,44,1.3916661688370668e-10,-102
11,85,LEAKY_RELU,1,177,0.08885835856199265,-96,0.0006785523728467524,0,-2611,3385,6.029504947946407e-05,6.029505004950765e-05,True,-250656,-247271,True,0.052039697766304016,1273933391,40,2.3038296802591763e-10,2038293425,44,6.398102458543798e-11,-102
11,85,LEAKY_RELU,1,178,0.08885835856199265,-96,0.0007273676455952227,0,-5435,9628,6.463269528467208e-05,6.463269505869269e-05,True,-521760,-512132,True,0.052039697766304016,1365580563,40,3.16983549121409e-10,1092464450,43,4.9161219279506055e-11,-102
11,85,LEAKY_RELU,1,179,0.08885835856199265,-96,0.0009121803450398147,0,-1620,8349,8.10548517620191e-05,8.105484817275002e-05,True,-155520,-147171,True,0.052039697766304016,1712553145,40,2.353716292808983e-10,1370042516,43,2.3537152486724264e-10,-102
11,85,LEAKY_RELU,1,180,0.08885835856199265,-96,0.0009068992803804576,0,-5108,21133,8.058558159973472e-05,8.05855814356598e-05,True,-490368,-469235,True,0.052039697766304016,1702638325,40,2.1136999036293935e-10,1362110660,43,2.1136995535571325e-10,-102
11,85,LEAKY_RELU,1,181,0.08885835856199265,-96,0.0005984681774862111,0,-4247,20287,5.317890099831857e-05,5.3178899903012e-05,True,-407712,-387425,True,0.052039697766304016,1123581060,40,2.96800910107584e-10,1797729697,44,2.594561882541974e-10,-102
11,85,LEAKY_RELU,1,182,0.08885835856199265,-96,0.0007127940189093351,0,-3179,4615,6.333770579658449e-05,6.333770651308947e-05,True,-305184,-300569,True,0.052039697766304016,1338219624,40,1.4228135384733158e-10,2141151399,44,1.3794161853478238e-10,-102
11,85,LEAKY_RELU,1,183,0.08885835856199265,-96,0.0009010497014969587,0,-2251,5850,8.006579446373507e-05,8.00657974577932e-05,True,-216096,-210246,True,0.052039697766304016,1691656160,40,1.2441862738965209e-11,1353324928,43,1.2442003676931643e-11,-102
11,85,LEAKY_RELU,1,184,0.08885835856199265,-96,0.0008375264587812126,0,2687,-10527,7.44212229619734e-05,7.442122637953694e-05,True,257952,247425,True,0.052039697766304016,1572395830,40,5.555498173793399e-11,1257916664,43,5.5555019644829726e-11,-102
11,85,LEAKY_RELU,1,185,0.08885835856199265,-96,0.0007053014705888927,0,-3493,22988,6.267193384701386e-05,6.267193096788854e-05,True,-335328,-312340,True,0.052039697766304016,1324152902,40,2.5996561841516564e-10,2118644644,44,1.176342339207487e-10,-102
11,85,LEAKY_RELU,1,186,0.08885835856199265,-96,0.0006076286663301289,0,-6480,22438,5.399288420449011e-05,5.399288590530798e-05,True,-622080,-599642,True,0.052039697766304016,1140779221,40,1.4908768385257515e-10,1825246753,44,1.7963501985297408e-10,-102
11,85,LEAKY_RELU,1,187,0.08885835856199265,-96,0.001589196384884417,0,-2762,12044,0.00014121338608674705,0.000141213382193482,True,-265152,-253108,True,0.052039697766304016,1491801090,39,1.1093248146037058e-10,1193440872,42,1.1093256137001156e-10,-102
11,85,LEAKY_RELU,1,188,0.08885835856199265,-96,0.001482100342400372,0,-1769,8404,0.00013169700105208904,0.00013169700364986433,True,-169824,-161420,True,0.052039697766304016,1391268523,39,2.83836774128729e-10,1113014818,42,7.554747979212135e-11,-102
11,85,LEAKY_RELU,1,189,0.08885835856199265,-96,0.0011555678211152554,0,-3135,6298,0.00010268185724271461,0.00010268185979135994,True,-300960,-294662,True,0.052039697766304016,1084747833,39,3.394043336990809e-10,1735596533,43,2.241702336159054e-10,-102
11,85,LEAKY_RELU,1,190,0.08885835856199265,-96,0.0009222275693900883,0,180,-10,8.194762631319463e-05,8.194762803661942e-05,True,17280,17270,True,0.052039697766304016,1731416087,40,2.1896038229058918e-10,1385132870,43,6.982050893213991e-11,-102
11,85,LEAKY_RELU,1,191,0.08885835856199265,-96,0.0010603145929053426,0,1649,-7005,9.421781578566879e-05,9.42178142848962e-05,True,158304,151299,True,0.052039697766304016,1990664566,40,1.8193863935795232e-10,1592531653,43,3.075248102833657e-10,-102
11,85,LEAKY_RELU,1,192,0.08885835856199265,-96,0.0014126327587291598,0,-2845,2910,0.0001255242241313681,0.00012552422819157253,True,-273120,-270210,True,0.052039697766304016,1326058321,39,1.9145068868819615e-10,2121693313,43,9.134234819244854e-11,-102
11,85,LEAKY_RELU,1,193,0.08885835856199265,-96,0.0007475653546862304,0,-3675,10579,6.642743392148986e-05,6.642743033523227e-05,True,-352800,-342221,True,0.052039697766304016,1403500312,40,7.49570179081505e-11,1122800250,43,2.8129500204051846e-10,-102
11,85,LEAKY_RELU,1,194,0.08885835856199265,-96,0.0007193887140601873,0,-2032,11795,6.392369687091559e-05,6.392370029941093e-05,True,-195072,-183277,True,0.052039697766304016,1350600691,40,1.0057830719462032e-10,1080480553,43,8.452438290974976e-11,-102
11,85,LEAKY_RELU,1,195,0.08885835856199265,-96,0.001227344386279583,0,-3552,2940,0.00010905980889219791,0.00010905980755507999,True,-340992,-338052,True,0.052039697766304016,1152125509,39,2.0510828050211649e-10,1843400814,43,1.1881993474708963e-11,-102
11,85,LEAKY_RELU,1,196,0.08885835856199265,-96,0.0007556758355349302,0,-5279,7005,6.714811752317473e-05,6.714811435059621e-05,True,-506784,-499779,True,0.052039697766304016,1418727158,40,4.678877148594268e-11,1134981726,43,3.0563989417627053e-10,-102
11,85,LEAKY_RELU,1,197,0.08885835856199265,-96,0.0009968060767278075,0,-3279,6323,8.857455395627767e-05,8.857455178265267e-05,True,-314784,-308461,True,0.052039697766304016,1871431884,40,2.4141259819517333e-10,1497145507,43,1.0782495281428086e-10,-102
11,85,LEAKY_RELU,1,198,0.08885835856199265,-96,0.0004260949499439448,0,-2439,14955,3.7862097087781876e-05,3.7862097843573356e-05,True,-234144,-219189,True,0.052039697766304016,1599925388,41,2.623883057764077e-10,1279940311,44,2.0638344234043287e-10,-102
11,85,LEAKY_RELU,1,199,0.08885835856199265,-96,0.001311750034801662,0,-3103,-412,0.00011655995331238955,0.00011655995493611241,True,-297888,-298300,True,0.052039697766304016,1231358283,39,5.143657218521236e-11,1970173253,43,5.007729434304459e-11,-102
11,85,LEAKY_RELU,1,200,0.08885835856199265,-96,0.0008929184405133128,0,-2792,8825,7.934327004477382e-05,7.934326695374725e-05,True,-268032,-259207,True,0.052039697766304016,1676390301,40,1.172715015440076e-11,1341112241,43,1.6085702799043473e-10,-102
11,85,LEAKY_RELU,1,201,0.08885835856199265,-96,0.0006842848379164934,0,3739,3523,6.080442835809663e-05,6.080442748611879e-05,True,358944,362467,True,0.052039697766304016,1284695683,40,3.5517491166792557e-10,2055513092,44,3.402236391927063e-11,-102
11,85,LEAKY_RELU,1,202,0.08885835856199265,-96,0.0003494734119158238,0,-8173,29937,3.1053634302224964e-05,3.1053633743899226e-05,True,-784608,-754671,True,0.052039697766304016,1312222509,41,2.529842637738401e-11,2099556014,45,2.158148961673984e-10,-102
11,85,LEAKY_RELU,1,203,0.08885835856199265,-96,0.0007777574355714023,0,-5424,17028,6.911024684086442e-05,6.911024908425956e-05,True,-520704,-503676,True,0.052039697766304016,1460183778,40,3.1243173581559745e-10,1168147022,43,2.999103760748208e-11,-102
11,85,LEAKY_RELU,1,204,0.08885835856199265,-96,0.001689373399131,0,-7120,8668,0.00015011495270300657,0.00015011494724507472,True,-683520,-674852,True,0.052039697766304016,1585838668,39,1.2883249743410991e-10,1268670935,42,3.4410337872865725e-10,-102
11,85,LEAKY_RELU,1,205,0.08885835856199265,-96,0.0012699519284069538,0,-1578,-437,0.00011284584616078064,0.00011284584381087912,True,-151488,-151925,True,0.052039697766304016,1192121810,39,2.4354029281388436e-10,1907394896,43,2.4354034281267163e-10,-102
11,85,LEAKY_RELU,1,206,0.08885835856199265,-96,0.0006859927088953555,0,-876,2582,6.095618664403446e-05,6.095618609793614e-05,True,-84096,-81514,True,0.052039697766304016,1287902088,40,1.8730165793026074e-10,2060643340,44,2.0092665876946e-10,-102
11,85,LEAKY_RELU,1,207,0.08885835856199265,-96,0.000871495227329433,0,-3301,8505,7.743963215034455e-05,7.743963539510405e-05,True,-316896,-308391,True,0.052039697766304016,1636169755,40,2.7110101169222813e-10,1308935804,43,2.7110104812160507e-10,-102
11,85,LEAKY_RELU,1,208,0.08885835856199265,-96,0.000997633207589388,0,-3204,17198,8.864804840413854e-05,8.864804927332867e-05,True,-307584,-290386,True,0.052039697766304016,1872984762,40,2.0839124437807648e-10,1498387810,43,5.85622785927179e-11,-102
11,85,LEAKY_RELU,1,209,0.08885835856199265,-96,0.0006918633007444441,0,-4327,13839,6.147784006316215e-05,6.147783725343357e-05,True,-415392,-401553,True,0.052039697766304016,1298923703,40,2.209860730925155e-10,2078277924,44,1.6394809830260191e-10,-102
11,85,LEAKY_RELU,1,210,0.08885835856199265,-96,0.0013134091859683394,0,-4958,1853,0.00011670738604152575,0.00011670738438538959,True,-475968,-474115,True,0.052039697766304016,1232915752,39,2.4728461410850954e-10,1972665203,43,1.458988631071891e-10,-102
11,85,LEAKY_RELU,1,211,0.08885835856199265,-96,0.0009702758397907019,0,-3645,20108,8.62171218614094e-05,8.621711847616072e-05,True,-349920,-329812,True,0.052039697766304016,1821623267,40,2.018255029069388e-10,1457298614,43,7.265483039707589e-11,-102
11,85,LEAKY_RELU,1,212,0.08885835856199265,-96,0.0010512573644518852,0,-2140,6928,9.341300028609112e-05,9.3413003831401e-05,True,-205440,-198512,True,0.052039697766304016,1973660269,40,5.829250474438656e-11,1578928215,43,1.8496082873647575e-10,-102
11,85,LEAKY_RELU,1,213,0.08885835856199265,-96,0.0011978090042248368,0,-3952,2326,0.00010643534187693149,0.00010643534198619391,True,-379392,-377066,True,0.052039697766304016,1124400229,39,4.350345152215312e-10,1799040366,43,2.1269375642330563e-10,-102
11,85,LEAKY_RELU,1,214,0.08885835856199265,-96,0.0009846980683505535,0,-2637,2417,8.749865082791075e-05,8.749865403279503e-05,True,-253152,-250735,True,0.052039697766304016,1848699967,40,2.0215708617333783e-10,1478959973,43,2.035334063562257e-10,-102
11,85,LEAKY_RELU,1,215,0.08885835856199265,-96,0.0015770354075357318,0,-3876,-1067,0.00014013277541380376,0.00014013277770776825,True,-372096,-373163,True,0.052039697766304016,1480385409,39,1.1501184682086869e-11,1184308327,42,1.5737387805288339e-10,-102
11,85,LEAKY_RELU,1,216,0.08885835856199265,-96,0.00025578902568668127,0,-13595,66417,2.272899291710928e-05,2.272899296068987e-05,True,-1305120,-1238703,True,0.052039697766304016,1920902167,42,1.7655478461822814e-10,1536721733,45,2.138868483971978e-10,-102
11,85,LEAKY_RELU,1,217,0.08885835856199265,-96,0.0012096442515030503,0,-6655,12114,0.00010748700151452795,0.00010748700263251126,True,-638880,-626766,True,0.052039697766304016,1135510142,39,2.430949130899635e-10,1816816228,43,1.9723580821719374e-10,-102
11,85,LEAKY_RELU,1,218,0.08885835856199265,-96,0.0007992215687409043,0,-4409,5588,7.101751543814316e-05,7.101751672565753e-05,True,-423264,-417676,True,0.052039697766304016,1500481147,40,2.781576563523196e-10,1200384918,43,5.5068749894740316e-11,-102
11,85,LEAKY_RELU,1,219,0.08885835856199265,-96,0.000771394232288003,0,-2290,8919,6.854482489870861e-05,6.854482528530041e-05,True,-219840,-210921,True,0.052039697766304016,1448237320,40,2.1494324813066895e-11,1158589856,43,2.1494283656383557e-11,-102
11,85,LEAKY_RELU,1,220,0.08885835856199265,-96,0.0008174453978426754,0,-4769,20823,7.263685984071344e-05,7.263685626635518e-05,True,-457824,-437001,True,0.052039697766304016,1534695079,40,5.8129609415936214e-11,1227756063,43,1.0476927691314542e-10,-102
11,85,LEAKY_RELU,1,221,0.08885835856199265,-96,0.000756308319978416,0,-3773,15795,6.720431701978669e-05,6.720431588006035e-05,True,-362208,-346413,True,0.052039697766304016,1419914602,40,6.517345538275244e-11,1135931682,43,2.869603138269283e-10,-102
11,85,LEAKY_RELU,1,222,0.08885835856199265,-96,0.0009941745083779097,0,-3548,12982,8.834071195451543e-05,8.834071493863706e-05,True,-340608,-327626,True,0.052039697766304016,1866491303,40,1.0787976836371362e-10,1493193042,43,1.6000257261207214e-10,-102
11,85,LEAKY_RELU,1,223,0.08885835856199265,-96,0.0011603954480960965,0,-3418,14150,0.00010311083315173164,0.00010311083480062707,True,-328128,-313978,True,0.052039697766304016,1089279595,39,5.507390678135814e-12,1742847352,43,5.507363318473038e-12,-102
11,85,LEAKY_RELU,1,224,0.08885835856199265,-96,0.001390822697430849,0,-2086,3313,0.00012358622916508466,0.0001235862219444682,True,-200256,-196943,True,0.052039697766304016,1305584908,39,1.4506849858105682e-10,2088935853,43,4.932597029666396e-11,-102
11,85,LEAKY_RELU,1,225,0.08885835856199265,-96,0.0009929040679708123,0,-2803,-1076,8.822782547213137e-05,8.822782568941156e-05,True,-269088,-270164,True,0.052039697766304016,1864106142,40,5.062589084484563e-11,1491284914,43,2.1759908298862006e-10,-102
11,85,LEAKY_RELU,1,226,0.08885835856199265,-96,0.001035034190863371,0,-2496,1135,9.19714366318658e-05,9.197143925565934e-05,True,-239616,-238481,True,0.052039697766304016,1943202425,40,1.0736895913302525e-10,1554561940,43,1.0736889778620515e-10,-102
11,85,LEAKY_RELU,1,227,0.08885835856199265,-96,0.000736443733330816,0,-9617,16841,6.543918425450101e-05,6.543918131704215e-05,True,-923232,-906391,True,0.052039697766304016,1382620266,40,2.811559804454683e-11,1106096213,43,1.5270049885546137e-10,-102
11,85,LEAKY_RELU,1,228,0.08885835856199265,-96,0.0014976091915741563,0,-4039,5542,0.00013307509652804583,0.00013307509453063231,True,-387744,-382202,True,0.052039697766304016,1405826898,39,2.4945181637557724e-10,1124661519,42,2.840419880716516e-10,-102
11,85,LEAKY_RELU,1,229,0.08885835856199265,-96,0.00022987670672591776,0,4940,-1654,2.042646701738704e-05,2.0426466831301626e-05,True,474240,472586,True,0.052039697766304016,1726308089,42,2.393030165145019e-10,1381046471,45,9.448515922042943e-11,-102
11,85,LEAKY_RELU,1,230,0.08885835856199265,-96,0.0006002571899443865,0,8759,-26318,5.3337869758252054e-05,5.333786861349242e-05,True,840864,814546,True,0.052039697766304016,1126939803,40,1.2984288159725195e-10,1803103685,44,2.407627370176309e-10,-102
11,85,LEAKY_RELU,1,231,0.08885835856199265,-96,0.0005114488885737956,0,3478,-8211,4.544650801108219e-05,4.544650872702295e-05,True,333888,325677,True,0.052039697766304016,1920417179,41,6.011511038726354e-11,1536333743,44,7.006493733820454e-11,-102
11,85,LEAKY_RELU,1,232,0.08885835856199265,-96,0.000572830147575587,0,1843,5419,5.090074773761444e-05,5.0900746648390675e-05,True,176928,182347,True,0.052039697766304016,1075447499,40,1.626298045270785e-10,1720715998,44,6.983159417015335e-11,-102
11,85,LEAKY_RELU,1,233,0.08885835856199265,-96,0.0014636680716648698,0,-5421,2427,0.00013005913933739066,0.00013005914232773735,True,-520416,-517989,True,0.052039697766304016,1373965890,39,1.7972435197065166e-10,1099172712,42,1.7972439535211058e-10,-102
11,85,LEAKY_RELU,1,234,0.08885835856199265,-96,0.0005403140094131231,0,-6291,24111,4.801141767529771e-05,4.8011415984499164e-05,True,-603936,-579825,True,0.052039697766304016,2028801565,41,1.0883010025199083e-10,1623041252,44,1.0883010025199083e-10,-102
11,85,LEAKY_RELU,1,235,0.08885835856199265,-96,0.0006683373940177262,0,-3316,11739,5.9387362853158265e-05,5.938736379801487e-05,True,-318336,-306597,True,0.052039697766304016,1254755501,40,5.7683267325313016e-11,2007608801,44,2.411798330412984e-10,-102
11,85,LEAKY_RELU,1,236,0.08885835856199265,-96,0.0005520919803529978,0,-2175,5281,4.9057987780543044e-05,4.9057987149407276e-05,True,-208800,-203519,True,0.052039697766304016,2073026156,41,7.198057061155628e-11,1658420925,44,1.925772159044366e-10,-102
11,85,LEAKY_RELU,1,237,0.08885835856199265,-96,0.0008173809037543833,0,-5221,19902,7.263112638611346e-05,7.26311254275326e-05,True,-501216,-481314,True,0.052039697766304016,1534573996,40,7.313216887903082e-11,1227659197,43,2.360437919518085e-10,-102
11,85,LEAKY_RELU,1,238,0.08885835856199265,-96,0.000852338271215558,0,-1409,11070,7.573737821076065e-05,7.573737971978099e-05,True,-135264,-124194,True,0.052039697766304016,1600203945,40,3.6769739822169356e-11,1280163156,43,3.676970257401423e-11,-102
11,85,LEAKY_RELU,1,239,0.08885835856199265,-96,0.0007211541524156928,0,-2774,46,6.4080573793035e-05,6.408057425382353e-05,True,-266304,-266258,True,0.052039697766304016,1353915175,40,2.2286842150465847e-11,1083132140,43,2.2286886174379516e-11,-102
11,85,LEAKY_RELU,1,240,0.08885835856199265,-96,0.0008049872703850269,0,-4541,9708,7.152984471758828e-05,7.152984750971245e-05,True,-435936,-426228,True,0.052039697766304016,1511305839,40,3.0563462073738474e-10,1209044671,43,1.4021472144918154e-10,-102
11,85,LEAKY_RELU,1,241,0.08885835856199265,-96,0.0012877826811745763,0,-3396,12848,0.00011443025869084522,0.00011443025523373476,True,-326016,-313168,True,0.052039697766304016,1208859790,39,2.2261332350262136e-10,1934175664,43,2.2261329884937154e-10,-102
11,85,LEAKY_RELU,1,242,0.08885835856199265,-96,0.0005254799616523087,0,1789,-5124,4.66932870040182e-05,4.669328684964299e-05,True,171744,166620,True,0.052039697766304016,1973101845,41,1.500931217623415e-10,1578481476,44,1.500930915537413e-10,-102
11,85,LEAKY_RELU,1,243,0.08885835856199265,-96,0.0009494436671957374,0,-3441,13049,8.436600910499692e-05,8.436600581409204e-05,True,-330336,-317287,True,0.052039697766304016,1782512358,40,7.104155628081891e-11,1426009887,43,3.497128229925669e-10,-102
11,85,LEAKY_RELU,1,244,0.08885835856199265,-96,0.0007533787866123021,0,-3606,9925,6.694400508422405e-05,6.694400235379488e-05,True,-346176,-336251,True,0.052039697766304016,1414414613,40,2.8662896527698294e-10,1131531691,43,2.4362577933351627e-10,-102
11,85,LEAKY_RELU,1,245,0.08885835856199265,-96,0.00041663317824713886,0,-4054,-3,3.7021341995568946e-05,3.702134034150686e-05,True,-389184,-389187,True,0.052039697766304016,1564397794,41,2.868627311286629e-10,1251518235,44,1.2705686753955146e-10,-102
11,85,LEAKY_RELU,1,246,0.08885835856199265,-96,0.000971076253335923,0,-4658,5070,8.628824434708804e-05,8.628824190995985e-05,True,-447168,-442098,True,0.052039697766304016,1823125986,40,2.0041338853787187e-10,1458500789,43,6.328640803784315e-11,-102
11,85,LEAKY_RELU,1,247,0.08885835856199265,-96,0.00027477150433696806,0,-1728,25786,2.441574542899616e-05,2.4415744854992425e-05,True,-165888,-140102,True,0.052039697766304016,2063455133,42,1.339032222714051e-12,1650764106,45,2.4097308342172325e-10,-102
11,85,LEAKY_RELU,1,248,0.08885835856199265,-96,0.0007866286323405802,0,-3143,8747,6.989853136474267e-05,6.989852906764916e-05,True,-301728,-292981,True,0.052039697766304016,1476838813,40,4.8770073524846764e-11,1181471050,43,2.8979090931437187e-10,-102
11,85,LEAKY_RELU,1,249,0.08885835856199265,-96,0.0010225424775853753,0,-3690,20172,9.086144564207643e-05,9.08614461181496e-05,True,-354240,-334068,True,0.052039697766304016,1919750129,40,2.348757234115483e-10,1535800104,43,2.860252762760757e-10,-102
11,85,LEAKY_RELU,1,250,0.08885835856199265,-96,0.0006045802147127688,0,-4550,10719,5.372200394049287e-05,5.372200549843371e-05,True,-436800,-426081,True,0.052039697766304016,1135055972,40,3.004058291902979e-10,1816089555,44,1.9027910141554572e-10,-102
11,85,LEAKY_RELU,1,251,0.08885835856199265,-96,0.0011880802921950817,0,-4535,9416,0.00010557086352491751,0.00010557086460430756,True,-435360,-425944,True,0.052039697766304016,1115267749,39,1.1948594378671983e-10,1784428399,43,2.1675610291862752e-10,-102
11,85,LEAKY_RELU,1,252,0.08885835856199265,-96,0.0014085945440456271,0,-7102,10059,0.00012516540300566703,0.00012516539906327288,True,-681792,-671733,True,0.052039697766304016,1322267592,39,3.0827738723699993e-10,2115628147,43,2.1374274825637379e-10,-102
11,85,LEAKY_RELU,1,253,0.08885835856199265,-96,0.0007045664242468774,0,-4076,11723,6.260661757551134e-05,6.260661595647006e-05,True,-391296,-379573,True,0.052039697766304016,1322772906,40,3.1742331422461197e-10,2116436649,44,3.39278723199371e-11,-102
11,85,LEAKY_RELU,1,254,0.08885835856199265,-96,0.00046732486225664616,0,-2804,16162,4.152572000748478e-05,4.152572017533489e-05,True,-269184,-253022,True,0.052039697766304016,1754737792,41,1.5675952302999186e-10,1403790234,44,1.2818323217094354e-10,-102
11,85,LEAKY_RELU,1,255,0.08885835856199265,-96,0.0009015588439069688,0,-1444,15230,8.011103636818007e-05,8.0111039016621e-05,True,-138624,-123394,True,0.052039697766304016,1692612038,40,2.141582542713808e-10,1354089631,43,2.2894380561724903e-10,-102
12,87,LINEAR,0,0,0.052039697766304016,-102,0.003615007968619466,0,53,-642,0.00018812391499523073,0.00018812392210973763,True,5406,4764,True,0.13808049261569977,1497999000,40,1.7086554223696308e-10,1497999000,40,1.7086554223696308e-10,47
12,87,LINEAR,0,1,0.052039697766304016,-102,0.0029149064794182777,0,-79,550,0.00015169085236266255,0.00015169085220596845,True,-8058,-7508,True,0.13808049261569977,1207888621,40,9.074360951398936e-11,1207888621,40,9.074360951398936e-11,47
12,87,LINEAR,0,2,0.052039697766304016,-102,0.002283558715134859,0,50,515,0.000118835705507081,0.0001188357053672276,True,5100,5615,True,0.13808049261569977,1892537278,41,2.0145059757111637e-10,1892537278,41,2.0145059757111637e-10,47
12,87,LINEAR,0,3,0.052039697766304016,-102,0.002232204657047987,0,-141,-591,0.00011616325355134904,0.00011616325570531355,True,-14382,-14973,True,0.13808049261569977,1849976748,41,1.7689772578537356e-10,1849976748,41,1.7689772578537356e-10,47
12,87,LINEAR,0,4,0.052039697766304016,-102,0.004086225759238005,0,-2606,-19036,0.0002126459585269913,0.00021264595351563192,True,-265812,-284848,True,0.13808049261569977,1693263792,40,1.6139704543828814e-10,1693263792,40,1.6139704543828814e-10,47
12,87,LINEAR,0,5,0.052039697766304016,-102,0.003560457145795226,0,-1970,3140,0.0001852851128205657,0.000185285113777061,True,-200940,-197800,True,0.13808049261569977,1475394049,40,1.792343218283902e-10,1475394049,40,1.792343218283902e-10,47
12,87,LINEAR,0,6,0.052039697766304016,-102,0.002605199348181486,0,-3960,-2845,0.00013557379133999348,0.00013557378670033676,True,-403920,-406765,True,0.13808049261569977,1079551152,40,1.786961409995093e-10,1079551152,40,1.786961409995093e-10,47
12,87,LINEAR,0,7,0.052039697766304016,-102,0.003457345301285386,0,-2503,-101,0.00017991921049542725,0.0001799192045526428,True,-255306,-255407,True,0.13808049261569977,1432666220,40,2.74825536758687e-10,1432666220,40,2.74825536758687e-10,47
12,87,LINEAR,0,8,0.052039697766304016,-102,0.002980586839839816,0,-3915,-2866,0.00015510883531533182,0.00015510883831148722,True,-399330,-402196,True,0.13808049261569977,1235105467,40,1.254586559766087e-10,1235105467,40,1.254586559766087e-10,47
12,87,LINEAR,0,9,0.052039697766304016,-102,0.0030844900757074356,0,-3911,-2403,0.00016051593411248177,0.00016051593130297914,True,-398922,-401325,True,0.13808049261569977,1278161235,40,3.409388357097167e-10,1278161235,40,3.409388357097167e-10,47
12,87,LINEAR,0,10,0.052039697766304016,-102,0.00247816345654428,0,-4992,-2863,0.00012896287080366164,0.0001289628772940636,True,-509184,-512047,True,0.13808049261569977,2053819196,41,1.9293742772187233e-10,2053819196,41,1.9293742772187233e-10,47
12,87,LINEAR,0,11,0.052039697766304016,-102,0.0023398473858833313,0,-5158,-3081,0.00012176494783489034,0.00012176495078064509,True,-526116,-529197,True,0.13808049261569977,1939187451,41,1.1383146927245981e-10,1939187451,41,1.1383146927245981e-10,47
12,87,LINEAR,0,12,0.052039697766304016,-102,0.0028353638481348753,0,-3807,-2364,0.00014755147276446223,0.00014755147771444363,True,-388314,-390678,True,0.13808049261569977,1174927482,40,3.681188884984723e-10,1174927482,40,3.681188884984723e-10,47
12,87,LINEAR,0,13,0.052039697766304016,-102,0.00300389900803566,0,-3432,-1775,0.0001563219993840903,0.00015632199649867617,True,-350064,-351839,True,0.13808049261569977,1244765640,40,3.790879601987882e-10,1244765640,40,3.790879601987882e-10,47
12,87,LINEAR,0,14,0.052039697766304016,-102,0.0032593763899058104,0,-3092,-2653,0.0001696169638307765,0.00016961696223732545,True,-315384,-318037,True,0.13808049261569977,1350631206,40,9.991989579818084e-11,1350631206,40,9.991989579818084e-11,47
12,87,LINEAR,0,15,0.052039697766304016,-102,0.0034288910683244467,0,-3650,-2607,0.00017843845125753433,0.0001784384548691835,True,-372300,-374907,True,0.13808049261569977,1420875261,40,6.774232596557738e-11,1420875261,40,6.774232596557738e-11,47
12,87,LINEAR,0,16,0.052039697766304016,-102,0.0031211802270263433,0,-3566,-2480,0.00016242527635768056,0.00016242527568861506,True,-363732,-366212,True,0.13808049261569977,1293365021,40,1.8343758697639818e-10,1293365021,40,1.8343758697639818e-10,47
12,87,LINEAR,0,17,0.052039697766304016,-102,0.004695102106779814,0,-2642,-1917,0.00024433169164694846,0.00024433169461875875,True,-269484,-271401,True,0.13808049261569977,1945571993,40,2.039535115783593e-10,1945571993,40,2.039535115783593e-10,47
12,87,LINEAR,0,18,0.052039697766304016,-102,0.003032752312719822,0,-2754,-2037,0.00015782350965309888,0.00015782351375399906,True,-280908,-282945,True,0.13808049261569977,1256721969,40,2.968080140718604e-10,1256721969,40,2.968080140718604e-10,47
12,87,LINEAR,0,19,0.052039697766304016,-102,0.00274702999740839,0,-3268,-1112,0.00014295461005531251,0.00014295461082010352,True,-333336,-334448,True,0.13808049261569977,1138323407,40,2.949156024170149e-10,1138323407,40,2.949156024170149e-10,47
12,87,LINEAR,0,20,0.052039697766304016,-102,0.002458983799442649,0,-4259,-3043,0.0001279647694900632,0.00012796477373523338,True,-434418,-437461,True,0.13808049261569977,2037923736,41,1.5948729099995456e-10,2037923736,41,1.5948729099995456e-10,47
12,87,LINEAR,0,21,0.052039697766304016,-102,0.002615569392219186,0,-3994,-2605,0.00013611343456432223,0.00013611344065788192,True,-407388,-409993,True,0.13808049261569977,1083848325,40,4.2255356204805416e-10,1083848325,40,4.2255356204805416e-10,47
12,87,LINEAR,0,22,0.052039697766304016,-102,0.0025132722221314907,0,-4111,-2413,0.00013078992196824402,0.00013078992684417007,True,-419322,-421735,True,0.13808049261569977,2082916169,41,1.0273850588758387e-10,2082916169,41,1.0273850588758387e-10,47
12,87,LINEAR,0,23,0.052039697766304016,-102,0.00314200553111732,0,-3556,-1585,0.00016350901569239795,0.00016350901821940086,True,-362712,-364297,True,0.13808049261569977,1301994680,40,1.0541385443959913e-10,1301994680,40,1.0541385443959913e-10,47
12,87,LINEAR,0,24,0.052039697766304016,-102,0.0031918499153107405,0,-3517,-1212,0.00016610290913376957,0.000166102904908174,True,-358734,-359946,True,0.13808049261569977,1322649361,40,1.5981866713718853e-10,1322649361,40,1.5981866713718853e-10,47
12,87,LINEAR,0,25,0.052039697766304016,-102,0.002214360749348998,0,-5341,-3328,0.0001152346667367965,0.00011523466414168834,True,-544782,-548110,True,0.13808049261569977,1835188313,41,3.282589519233032e-11,1835188313,41,3.282589519233032e-11,47
12,87,LINEAR,0,26,0.052039697766304016,-102,0.002052980475127697,0,-6062,-4205,0.00010683647997211665,0.00010683648344576857,True,-618324,-622529,True,0.13808049261569977,1701441726,41,1.887541093751498e-10,1701441726,41,1.887541093751498e-10,47
12,87,LINEAR,0,27,0.052039697766304016,-102,0.0025882406625896692,0,-4628,-2904,0.0001346912613371387,0.00013469126182762484,True,-472056,-474960,True,0.13808049261569977,2145047512,41,2.1084749701516814e-10,2145047512,41,2.1084749701516814e-10,47
12,87,LINEAR,0,28,0.052039697766304016,-102,0.0024771762546151876,0,-4755,-3427,0.0001289115025429055,0.00012891150360403933,True,-485010,-488437,True,0.13808049261569977,2053001036,41,2.044735001125899e-10,2053001036,41,2.044735001125899e-10,47
12,87,LINEAR,0,29,0.052039697766304016,-102,0.0036366854328662157,0,-2789,-1646,0.0001892520085675642,0.00018925201079747836,True,-284478,-286124,True,0.13808049261569977,1506981779,40,2.143980077110993e-10,1506981779,40,2.143980077110993e-10,47
12,87,LINEAR,0,30,0.052039697766304016,-102,0.0031631372403353453,0,-3340,-1548,0.00016460870392620564,0.00016460870598039232,True,-340680,-342228,True,0.13808049261569977,1310751308,40,2.5808533061015863e-10,1310751308,40,2.5808533061015863e-10,47
12,87,LINEAR,0,31,0.052039697766304016,-102,0.0033429241739213467,0,-2801,-1765,0.00017396477051079273,0.0001739647636665384,True,-285702,-287467,True,0.13808049261569977,1385252014,40,8.023709382519241e-11,1385252014,40,8.023709382519241e-11,47
12,87,LINEAR,0,32,0.052039697766304016,-102,0.003355837194249034,0,-3043,-2631,0.00017463674885220826,0.0001746367533416414,True,-310386,-313017,True,0.13808049261569977,1390602954,40,7.820544835405251e-11,1390602954,40,7.820544835405251e-11,47
12,87,LINEAR,0,33,0.052039697766304016,-102,0.003461791668087244,0,-3023,-1507,0.00018015058594755828,0.0001801505921371696,True,-308346,-309853,True,0.13808049261569977,1434508721,40,2.60745238781272e-10,1434508721,40,2.60745238781272e-10,47
12,87,LINEAR,0,34,0.052039697766304016,-102,0.0028396514244377613,0,-3675,-2146,0.00014777459728065878,0.00014777460188939578,True,-374850,-376996,True,0.13808049261569977,1176704182,40,2.8406053425652573e-10,1176704182,40,2.8406053425652573e-10,47
12,87,LINEAR,0,35,0.052039697766304016,-102,0.0026367995887994766,0,-4235,-2754,0.00013721825962420553,0.00013721825367143947,True,-431970,-434724,True,0.13808049261569977,1092645765,40,2.04102936310851e-10,1092645765,40,2.04102936310851e-10,47
12,87,LINEAR,0,36,0.052039697766304016,-102,0.0025224369019269943,0,-4863,-2409,0.00013126686098985374,0.00013126685401085303,True,-496026,-498435,True,0.13808049261569977,2090511550,41,3.5353385192893674e-11,2090511550,41,3.5353385192893674e-11,47
12,87,LINEAR,0,37,0.052039697766304016,-102,0.0030937055125832558,0,-3116,-1973,0.00016099550703074783,0.00016099549985278128,True,-317832,-319805,True,0.13808049261569977,1281979958,40,9.237450951796096e-11,1281979958,40,9.237450951796096e-11,47
12,87,LINEAR,0,38,0.052039697766304016,-102,0.0029245568439364433,0,-3920,-1407,0.00015219305350910872,0.00015219305425882845,True,-399840,-401247,True,0.13808049261569977,1211887571,40,1.5418929030742537e-10,1211887571,40,1.5418929030742537e-10,47
12,87,LINEAR,0,39,0.052039697766304016,-102,0.003071107901632786,0,-3340,-2275,0.00015981952310539782,0.0001598195270086783,True,-340680,-342955,True,0.13808049261569977,1272615885,40,1.1189440388438191e-10,1272615885,40,1.1189440388438191e-10,47
12,87,LINEAR,0,40,0.052039697766304016,-102,0.0030133086256682873,0,-4445,-2589,0.00015681167133152485,0.0001568116701563746,True,-453390,-455979,True,0.13808049261569977,1248664829,40,4.4601969921895894e-11,1248664829,40,4.4601969921895894e-11,47
12,87,LINEAR,0,41,0.052039697766304016,-102,0.002874612109735608,0,-3741,-2397,0.00014959395048208535,0.0001495939453859986,True,-381582,-383979,True,0.13808049261569977,1191191306,40,3.9381384444381707e-10,1191191306,40,3.9381384444381707e-10,47
12,87,LINEAR,0,42,0.052039697766304016,-102,0.002893726108595729,0,-3602,-2378,0.00015058863209560513,0.00015058863210978476,True,-367404,-369782,True,0.13808049261569977,1199111829,40,2.0560044351255791e-10,1199111829,40,2.0560044351255791e-10,47
12,87,LINEAR,0,43,0.052039697766304016,-102,0.003370107151567936,0,-3373,-1550,0.00017537936219014227,0.0001753793576076551,True,-344046,-345596,True,0.13808049261569977,1396516186,40,2.7393780891592154e-10,1396516186,40,2.7393780891592154e-10,47
12,87,LINEAR,0,44,0.052039697766304016,-102,0.004054252523928881,0,-2162,-1217,0.0002109820779878646,0.0002109820760135342,True,-220524,-221741,True,0.13808049261569977,1680014616,40,2.1702586116197011e-10,1680014616,40,2.1702586116197011e-10,47
12,87,LINEAR,0,45,0.052039697766304016,-102,0.0044393171556293964,0,-2243,-1596,0.00023102072009351104,0.0002310207230677222,True,-228786,-230382,True,0.13808049261569977,1839578976,40,2.3075944681623165e-10,1839578976,40,2.3075944681623165e-10,47
12,87,LINEAR,0,46,0.052039697766304016,-102,0.0044318982400000095,0,-1989,-542,0.00023063464323058724,0.0002306346449406152,True,-202878,-203420,True,0.13808049261569977,1836504702,40,2.484892941825744e-10,1836504702,40,2.484892941825744e-10,47
12,87,LINEAR,0,47,0.052039697766304016,-102,0.0032561421394348145,0,-2771,-2395,0.00016944865637924522,0.0001694486528203143,True,-282642,-285037,True,0.13808049261569977,1349290986,40,3.119026363915907e-10,1349290986,40,3.119026363915907e-10,47
12,87,LINEAR,0,48,0.052039697766304016,-102,0.003132931189611554,0,-2627,-1963,0.00016303679149132222,0.00016303679223001258,True,-267954,-269917,True,0.13808049261569977,1298234424,40,8.713231569804552e-11,1298234424,40,8.713231569804552e-11,47
12,87,LINEAR,0,49,0.052039697766304016,-102,0.003624432720243931,0,-2489,-1893,0.00018861438729800284,0.00018861438333579728,True,-253878,-255771,True,0.13808049261569977,1501904460,40,2.652456361481659e-10,1501904460,40,2.652456361481659e-10,47
12,87,LINEAR,0,50,0.052039697766304016,-102,0.0031918727327138186,0,-2986,-651,0.00016610408783890307,0.000166104092318934,True,-304572,-305223,True,0.13808049261569977,1322658816,40,2.7414429811985995e-10,1322658816,40,2.7414429811985995e-10,47
12,87,LINEAR,0,51,0.052039697766304016,-102,0.003930816892534494,0,-2392,-1042,0.00020455852791201323,0.00020455852306217742,True,-243984,-245026,True,0.13808049261569977,1628864950,40,1.462691181398168e-10,1628864950,40,1.462691181398168e-10,47
12,87,LINEAR,0,52,0.052039697766304016,-102,0.0032618658151477575,0,-3088,-1304,0.00016974650498013943,0.00016974651117452819,True,-314976,-316280,True,0.13808049261569977,1351662782,40,1.1752823246359078e-10,1351662782,40,1.1752823246359078e-10,47
12,87,LINEAR,0,53,0.052039697766304016,-102,0.002593002514913678,0,-4385,-2842,0.00013493906590156257,0.00013493906718337403,True,-447270,-450112,True,0.13808049261569977,1074496988,40,5.2296246786360097e-11,1074496988,40,5.2296246786360097e-11,47
12,87,LINEAR,0,54,0.052039697766304016,-102,0.003505200380459428,0,-2857,-1469,0.00018240956705994904,0.00018240956840944247,True,-291414,-292883,True,0.13808049261569977,1452496567,40,5.0802564296650997e-11,1452496567,40,5.0802564296650997e-11,47
12,87,LINEAR,0,55,0.052039697766304016,-102,0.0038687079213559628,0,-2722,-1677,0.00020132638746872544,0.00020132639097347055,True,-277644,-279321,True,0.13808049261569977,1603128028,40,9.591885717066085e-11,1603128028,40,9.591885717066085e-11,47
12,87,LINEAR,0,56,0.052039697766304016,-102,0.003345917444676161,0,-3027,-1536,0.00017412053421139717,0.00017412053257195165,True,-308754,-310290,True,0.13808049261569977,1386492375,40,2.5855153955880077e-10,1386492375,40,2.5855153955880077e-10,47
12,87,LINEAR,0,57,0.052039697766304016,-102,0.0028068837709724903,0,-4166,-1998,0.00014606938930228353,0.0001460693831065521,True,-424932,-426930,True,0.13808049261569977,1163125813,40,2.824011648240214e-10,1163125813,40,2.824011648240214e-10,47
12,87,LINEAR,0,58,0.052039697766304016,-102,0.002988034626469016,0,-3735,-2180,0.00015549642557743937,0.0001554964188766987,True,-380970,-383150,True,0.13808049261569977,1238191705,40,3.1224474443934085e-10,1238191705,40,3.1224474443934085e-10,47
12,87,LINEAR,0,59,0.052039697766304016,-102,0.0036371906753629446,0,-2813,-1157,0.00018927830387838185,0.00018927830346430682,True,-286926,-288083,True,0.13808049261569977,1507191143,40,2.559183488422472e-10,1507191143,40,2.559183488422472e-10,47
12,87,LINEAR,0,60,0.052039697766304016,-102,0.0027813755441457033,0,-3934,-1577,0.00014474194904323667,0.00014474194269193177,True,-401268,-402845,True,0.13808049261569977,1152555629,40,1.6659534503270572e-11,1152555629,40,1.6659534503270572e-11,47
12,87,LINEAR,0,61,0.052039697766304016,-102,0.004381217993795872,0,-1783,102,0.00022799725411459804,0.00022799726024543,True,-181866,-181764,True,0.13808049261569977,1815503653,40,4.356622925762403e-11,1815503653,40,4.356622925762403e-11,47
12,87,LINEAR,0,62,0.052039697766304016,-102,0.002120839199051261,0,-5303,-3786,0.0001103678296203725,0.0001103678309295579,True,-540906,-544692,True,0.13808049261569977,1757680772,41,8.251160864448342e-11,1757680772,41,8.251160864448342e-11,47
12,87,LINEAR,0,63,0.052039697766304016,-102,0.0030215447768568993,0,-3047,-2280,0.00015724028344266117,0.00015724027697498755,True,-310794,-313074,True,0.13808049261569977,1252077753,40,2.237339439125447e-10,1252077753,40,2.237339439125447e-10,47
12,87,LINEAR,0,64,0.052039697766304016,-102,0.0021390526089817286,0,-5479,-4032,0.00011131565406685695,0.00011131565127763324,True,-558858,-562890,True,0.13808049261569977,1772775439,41,1.948692731631858e-10,1772775439,41,1.948692731631858e-10,47
12,87,LINEAR,0,65,0.052039697766304016,-102,0.0029410843271762133,0,-3070,-2461,0.00015305314445868134,0.00015305313949146374,True,-313140,-315601,True,0.13808049261569977,1218736285,40,3.74019430334178e-10,1218736285,40,3.74019430334178e-10,47
12,87,LINEAR,0,66,0.052039697766304016,-102,0.002473551081493497,0,-4694,-2902,0.00012872285151388496,0.00012872285069043601,True,-478788,-481690,True,0.13808049261569977,2049996613,41,1.9997536738758684e-11,2049996613,41,1.9997536738758684e-11,47
12,87,LINEAR,0,67,0.052039697766304016,-102,0.0026395944878458977,0,-4472,-3302,0.00013736370601691306,0.00013736369937310255,True,-456144,-459446,True,0.13808049261569977,1093803924,40,2.9230475027379816e-10,1093803924,40,2.9230475027379816e-10,47
12,87,LINEAR,0,68,0.052039697766304016,-102,0.0027657747268676758,0,-4097,-2803,0.00014393008314073086,0.0001439300808758759,True,-417894,-420697,True,0.13808049261569977,1146090911,40,4.0119668391357673e-10,1146090911,40,4.0119668391357673e-10,47
12,87,LINEAR,0,69,0.052039697766304016,-102,0.0031329032499343157,0,-3908,-2422,0.00016303533629979938,0.0001630353382576534,True,-398616,-401038,True,0.13808049261569977,1298222846,40,2.9034783845688167e-10,1298222846,40,2.9034783845688167e-10,47
12,87,LINEAR,0,70,0.052039697766304016,-102,0.0031945230439305305,0,-2899,-1868,0.00016624201089143753,0.00016624201371363834,True,-295698,-297566,True,0.13808049261569977,1323757061,40,9.109981597085285e-11,1323757061,40,9.109981597085285e-11,47
12,87,LINEAR,0,71,0.052039697766304016,-102,0.00312001327984035,0,-3572,-2547,0.00016236455121543258,0.00016236454810974674,True,-364344,-366891,True,0.13808049261569977,1292881458,40,1.6290368835606324e-10,1292881458,40,1.6290368835606324e-10,47
12,87,LINEAR,0,72,0.052039697766304016,-102,0.0033841363620013,0,-3018,-1239,0.00017610943177714944,0.00017610943347850724,True,-307836,-309075,True,0.13808049261569977,1402329657,40,1.1618490280076807e-10,1402329657,40,1.1618490280076807e-10,47
12,87,LINEAR,0,73,0.052039697766304016,-102,0.0025811297819018364,0,-4648,-3493,0.00013432122068479657,0.00013432121374577777,True,-474096,-477589,True,0.13808049261569977,2139154251,41,6.131853088047057e-11,2139154251,41,6.131853088047057e-11,47
12,87,LINEAR,0,74,0.052039697766304016,-102,0.002726492006331682,0,-4482,-2903,0.00014188581553753465,0.0001418858199717446,True,-457164,-460067,True,0.13808049261569977,1129812806,40,3.8113725895906215e-10,1129812806,40,3.8113725895906215e-10,47
12,87,LINEAR,0,75,0.052039697766304016,-102,0.002061140723526478,0,-6719,-4373,0.00010726114123826846,0.00010726114030613909,True,-685338,-689711,True,0.13808049261569977,1708204667,41,1.7988089705509682e-10,1708204667,41,1.7988089705509682e-10,47
12,87,LINEAR,0,76,0.052039697766304016,-102,0.002683063270524144,0,-3735,-2585,0.00013962580123916268,0.00013962580168594765,True,-380970,-383555,True,0.13808049261569977,1111816663,40,2.2236927717303054e-10,1111816663,40,2.2236927717303054e-10,47
12,87,LINEAR,0,77,0.052039697766304016,-102,0.002989349886775017,0,-3872,-2936,0.00015556486323475838,0.000155564864625507,True,-394944,-397880,True,0.13808049261569977,1238736727,40,2.5621663689147454e-10,1238736727,40,2.5621663689147454e-10,47
12,87,LINEAR,0,78,0.052039697766304016,-102,0.003182880114763975,0,-2656,-2079,0.00016563611279707402,0.0001656361191986963,True,-270912,-272991,True,0.13808049261569977,1318932425,40,3.724966880682801e-10,1318932425,40,3.724966880682801e-10,47
12,87,LINEAR,0,79,0.052039697766304016,-102,0.004317284096032381,0,-2276,-1303,0.00022467016242444515,0.00022467015952879615,True,-232152,-233455,True,0.13808049261569977,1789010512,40,9.948286598045676e-11,1789010512,40,9.948286598045676e-11,47
12,87,LINEAR,0,80,0.052039697766304016,-102,0.003144804621115327,0,-3255,-2119,0.0001636546803638339,0.00016365468201691782,True,-332010,-334129,True,0.13808049261569977,1303154576,40,5.058137181593705e-11,1303154576,40,5.058137181593705e-11,47
12,87,LINEAR,0,81,0.052039697766304016,-102,0.002259925240650773,0,-4909,-2576,0.00011760582856368273,0.0001176058264979081,True,-500718,-503294,True,0.13808049261569977,1872950643,41,1.0433118079530527e-10,1872950643,41,1.0433118079530527e-10,47
12,87,LINEAR,0,82,0.052039697766304016,-102,0.002615642733871937,0,-4654,-2234,0.0001361172617180273,0.00013611725733532476,True,-474708,-476942,True,0.13808049261569977,1083878717,40,1.426514150576763e-11,1083878717,40,1.426514150576763e-11,47
12,87,LINEAR,0,83,0.052039697766304016,-102,0.0019053767900913954,0,-6259,-4388,9.915522969095036e-05,9.91552322872867e-05,True,-638418,-642806,True,0.13808049261569977,1579112716,41,5.3161585319308755e-11,1579112716,41,5.3161585319308755e-11,47
12,87,LINEAR,0,84,0.052039697766304016,-102,0.002998270792886615,0,-3579,-2083,0.00015602911298628896,0.00015602910588335614,True,-365058,-367141,True,0.13808049261569977,1242433402,40,6.818081437482386e-13,1242433402,40,6.818081437482386e-13,47
12,87,LINEAR,0,85,0.052039697766304016,-102,0.0036320523358881474,0,26,-250,0.0001890109124360606,0.0001890109058310177,True,2652,2402,True,0.13808049261569977,1505061901,40,1.466510184379799e-10,1505061901,40,1.466510184379799e-10,47
12,87,LINEAR,0,86,0.052039697766304016,-102,0.003953884821385145,0,-48,-187,0.00020575897360686213,0.0002057589711076599,True,-4896,-5083,True,0.13808049261569977,1638423915,40,1.9645701021292113e-10,1638423915,40,1.9645701021292113e-10,47
12,87,LINEAR,0,87,0.052039697766304016,-102,0.0012338897213339806,0,-81,920,6.421124999178573e-05,6.421124817516943e-05,True,-8262,-7342,True,0.13808049261569977,2045213271,42,1.6497754508424042e-10,2045213271,42,1.6497754508424042e-10,47
12,87,LINEAR,0,88,0.052039697766304016,-102,0.0018346670549362898,0,-3,-228,9.54755159909837e-05,9.547551904067961e-05,True,-306,-534,True,0.13808049261569977,1520510846,41,3.008190662342709e-10,1520510846,41,3.008190662342709e-10,47
12,87,LINEAR,0,89,0.052039697766304016,-102,0.005108882673084736,0,-2392,-15250,0.00026586471358314157,0.000265864710230837,True,-243984,-259234,True,0.13808049261569977,2117035758,40,1.217468358742401e-10,2117035758,40,1.217468358742401e-10,47
12,87,LINEAR,0,90,0.052039697766304016,-102,0.003951412625610828,0,-1298,4418,0.00020563032012432814,0.00020563031878674531,True,-132396,-127978,True,0.13808049261569977,1637399478,40,7.154161342099118e-12,1637399478,40,7.154161342099118e-12,47
12,87,LINEAR,0,91,0.052039697766304016,-102,0.0023906100541353226,0,-4355,-2362,0.0001244066224899143,0.00012440662469428987,True,-444210,-446572,True,0.13808049261569977,1981257857,41,1.6745985273641365e-10,1981257857,41,1.6745985273641365e-10,47
12,87,LINEAR,0,92,0.052039697766304016,-102,0.0031793483067303896,0,-2933,-517,0.00016545232210773975,0.0001654523249760599,True,-299166,-299683,True,0.13808049261569977,1317468903,40,1.189873421166112e-10,1317468903,40,1.189873421166112e-10,47
12,87,LINEAR,0,93,0.052039697766304016,-102,0.002574228448793292,0,-4872,-2297,0.00013396206486504525,0.00013396207045662453,True,-496944,-499241,True,0.13808049261569977,2133434656,41,1.0905790917659984e-10,2133434656,41,1.0905790917659984e-10,47
12,87,LINEAR,0,94,0.052039697766304016,-102,0.002441014163196087,0,-4896,-3104,0.00012702963431365788,0.00012702963929599187,True,-499392,-502496,True,0.13808049261569977,2023031101,41,1.671546642112613e-10,2023031101,41,1.671546642112613e-10,47
12,87,LINEAR,0,95,0.052039697766304016,-102,0.002423672704026103,0,-4930,-2752,0.0001261271972907707,0.0001261271950019592,True,-502860,-505612,True,0.13808049261569977,2008659078,41,7.35047335535132e-11,2008659078,41,7.35047335535132e-11,47
12,87,LINEAR,0,96,0.052039697766304016,-102,0.0021908937487751245,0,-5380,-3042,0.00011401344818295911,0.00011401344852434228,True,-548760,-551802,True,0.13808049261569977,1815739646,41,1.2295391410713496e-10,1815739646,41,1.2295391410713496e-10,47
12,87,LINEAR,0,97,0.052039697766304016,-102,0.0028641060926020145,0,-3690,-1752,0.00014904722047504038,0.00014904721542963878,True,-376380,-378132,True,0.13808049261569977,1186837788,40,1.8644731635772482e-10,1186837788,40,1.8644731635772482e-10,47
12,87,LINEAR,0,98,0.052039697766304016,-102,0.0028512361459434032,0,-3852,-2082,0.0001483774685766548,0.0001483774672952562,True,-392904,-394986,True,0.13808049261569977,1181504697,40,9.588162293951612e-12,1181504697,40,9.588162293951612e-12,47
12,87,LINEAR,0,99,0.052039697766304016,-102,0.0026266095228493214,0,-4067,-2871,0.00013668795872945338,0.0001366879657191747,True,-414834,-417705,True,0.13808049261569977,1088423171,40,3.942898028117583e-10,1088423171,40,3.942898028117583e-10,47
12,87,LINEAR,0,100,0.052039697766304016,-102,0.003512600203976035,0,-3368,-2067,0.0001827946543926373,0.0001827946529887707,True,-343536,-345603,True,0.13808049261569977,1455562930,40,2.4320755830454105e-10,1455562930,40,2.4320755830454105e-10,47
12,87,LINEAR,0,101,0.052039697766304016,-102,0.0023561192210763693,0,-4524,-3125,0.00012261173105798662,0.0001226117321661939,True,-461448,-464573,True,0.13808049261569977,1952673005,41,4.007482593334336e-11,1952673005,41,4.007482593334336e-11,47
12,87,LINEAR,0,102,0.052039697766304016,-102,0.0044670081697404385,0,-2540,-1634,0.00023246175260283053,0.0002324617550729033,True,-259080,-260714,True,0.13808049261569977,1851053671,40,1.3265438919345136e-10,1851053671,40,1.3265438919345136e-10,47
12,87,LINEAR,0,103,0.052039697766304016,-102,0.002394492970779538,0,-3953,-2235,0.0001246086903847754,0.0001246086905029066,True,-403206,-405441,True,0.13808049261569977,1984475888,41,2.2171959798584045e-10,1984475888,41,2.2171959798584045e-10,47
12,87,LINEAR,0,104,0.052039697766304016,-102,0.0028635200578719378,0,-3295,-885,0.00014901671966072172,0.00014901671835940503,True,-336090,-336975,True,0.13808049261569977,1186594945,40,1.7265026561294635e-10,1186594945,40,1.7265026561294635e-10,47
12,87,LINEAR,0,105,0.052039697766304016,-102,0.0025996174663305283,0,-3803,-1990,0.00013528330600820482,0.0001352833072558457,True,-387906,-389896,True,0.13808049261569977,1077238113,40,4.3260994588013256e-10,1077238113,40,4.3260994588013256e-10,47
12,87,LINEAR,0,106,0.052039697766304016,-102,0.0025649310555309057,0,-4041,-1823,0.0001334782427875325,0.00013347823692123548,True,-412182,-414005,True,0.13808049261569977,2125729287,41,5.69083186811192e-11,2125729287,41,5.69083186811192e-11,47
12,87,LINEAR,0,107,0.052039697766304016,-102,0.0026175188831984997,0,-4060,-1684,0.0001362148905172944,0.00013621489157924355,True,-414120,-415804,True,0.13808049261569977,1084656162,40,7.451568630412082e-14,1084656162,40,7.451568630412082e-14,47
12,87,LINEAR,0,108,0.052039697766304016,-102,0.0032817753963172436,0,-3290,-1686,0.00017078260134439915,0.00017078259976124194,True,-335580,-337266,True,0.13808049261569977,1359912980,40,3.536950303958372e-10,1359912980,40,3.536950303958372e-10,47
12,87,LINEAR,0,109,0.052039697766304016,-102,0.0024735077749937773,0,-4593,-1862,0.00012872059596702456,0.0001287205970332793,True,-468486,-470348,True,0.13808049261569977,2049960722,41,2.8698470870476807e-11,2049960722,41,2.8698470870476807e-11,47
12,87,LINEAR,0,110,0.052039697766304016,-102,0.0025252520572394133,0,-4626,-2362,0.0001314133551204577,0.00013141335384247652,True,-471852,-474214,True,0.13808049261569977,2092844657,41,5.884671085303217e-11,2092844657,41,5.884671085303217e-11,47
12,87,LINEAR,0,111,0.052039697766304016,-102,0.00197052676230669,0,-5845,-4042,0.00010254561493638903,0.00010254561715085375,True,-596190,-600232,True,0.13808049261569977,1633106839,41,2.0608017975159055e-10,1633106839,41,2.0608017975159055e-10,47
12,87,LINEAR,0,112,0.052039697766304016,-102,0.0025166680570691824,0,-4899,-3149,0.0001309666404267773,0.0001309666450679918,True,-499698,-502847,True,0.13808049261569977,2085730524,41,3.9524528367139804e-11,2085730524,41,3.9524528367139804e-11,47
12,87,LINEAR,0,113,0.052039697766304016,-102,0.0025409229565411806,0,-4195,-2753,0.00013222885900177062,0.00013222886270586667,True,-427890,-430643,True,0.13808049261569977,2105832175,41,1.9053574182549633e-10,2105832175,41,1.9053574182549633e-10,47
12,87,LINEAR,0,114,0.052039697766304016,-102,0.002935754368081689,0,-3575,-1963,0.00015277577040251344,0.00015277577003107792,True,-364650,-366613,True,0.13808049261569977,1216527638,40,3.330697533654256e-10,1216527638,40,3.330697533654256e-10,47
12,87,LINEAR,0,115,0.052039697766304016,-102,0.0027290601283311844,0,-3514,-1843,0.00014201946032699198,0.0001420194642644257,True,-358428,-360271,True,0.13808049261569977,1130876993,40,3.077315118617924e-10,1130876993,40,3.077315118617924e-10,47
12,87,LINEAR,0,116,0.052039697766304016,-102,0.002815692452713847,0,-3404,-1505,0.0001465277891838923,0.00014652778424209187,True,-347208,-348713,True,0.13808049261569977,1166775983,40,3.825088807567065e-10,1166775983,40,3.825088807567065e-10,47
12,87,LINEAR,0,117,0.052039697766304016,-102,0.0030332303140312433,0,-3347,-2383,0.0001578483934281394,0.00015784838879777732,True,-341394,-343777,True,0.13808049261569977,1256920044,40,3.157251643666383e-10,1256920044,40,3.157251643666383e-10,47
12,87,LINEAR,0,118,0.052039697766304016,-102,0.002915652235969901,0,-3078,-1714,0.0001517296623205766,0.00015172966115152217,True,-313956,-315670,True,0.13808049261569977,1208197650,40,1.52733030611342e-10,1208197650,40,1.52733030611342e-10,47
12,87,LINEAR,0,119,0.052039697766304016,-102,0.002249425044283271,0,-5322,-3003,0.00011705939687089995,0.00011705939945245644,True,-542844,-545847,True,0.13808049261569977,1864248431,41,1.306156359102544e-10,1864248431,41,1.306156359102544e-10,47
12,87,LINEAR,0,120,0.052039697766304016,-102,0.0023500313982367516,0,-4726,-3328,0.00012229492131154984,0.00012229492370556538,True,-482052,-485380,True,0.13808049261569977,1947627620,41,2.3408722027024015e-10,1947627620,41,2.3408722027024015e-10,47
12,87,LINEAR,0,121,0.052039697766304016,-102,0.0026549892500042915,0,-4648,-2514,0.00013816483260598034,0.0001381648381430095,True,-474096,-476610,True,0.13808049261569977,1100183257,40,4.000344101727466e-11,1100183257,40,4.000344101727466e-11,47
12,87,LINEAR,0,122,0.052039697766304016,-102,0.0026005387771874666,0,-4058,-2627,0.0001353312545688823,0.00013533125199438958,True,-413916,-416543,True,0.13808049261569977,1077619889,40,2.9381804077696354e-10,1077619889,40,2.9381804077696354e-10,47
12,87,LINEAR,0,123,0.052039697766304016,-102,0.0026814518496394157,0,-4306,-2032,0.0001395419385517016,0.00013954194383013208,True,-439212,-441244,True,0.13808049261569977,1111148917,40,1.6337058188811337e-10,1111148917,40,1.6337058188811337e-10,47
12,87,LINEAR,0,124,0.052039697766304016,-102,0.0024178859312087297,0,-4100,-3283,0.00012582605995703489,0.00012582605309350084,True,-418200,-421483,True,0.13808049261569977,2003863194,41,1.9899399507447972e-10,2003863194,41,1.9899399507447972e-10,47
12,87,LINEAR,0,125,0.052039697766304016,-102,0.0026727253571152687,0,-5124,-2913,0.00013908781693316996,0.00013908781979661555,True,-522648,-525561,True,0.13808049261569977,1107532804,40,1.0446385430414963e-10,1107532804,40,1.0446385430414963e-10,47
12,87,LINEAR,0,126,0.052039697766304016,-102,0.0025031566619873047,0,-4443,-2638,0.00013026352098677307,0.00013026351615152976,True,-453186,-455824,True,0.13808049261569977,2074532730,41,2.1432877237851373e-10,2074532730,41,2.1432877237851373e-10,47
12,87,LINEAR,0,127,0.052039697766304016,-102,0.002894417615607381,0,-3822,-1839,0.00015062461898196489,0.00015062461792567441,True,-389844,-391683,True,0.13808049261569977,1199398378,40,2.3014381365831951e-10,1199398378,40,2.3014381365831951e-10,47
12,87,LINEAR,0,128,0.052039697766304016,-102,0.002839829074218869,0,-3744,-2163,0.00014778385229874402,0.0001477838467303129,True,-381888,-384051,True,0.13808049261569977,1176777797,40,1.940593259542481e-10,1176777797,40,1.940593259542481e-10,47
12,87,LINEAR,0,129,0.052039697766304016,-102,0.004151274915784597,0,-2098,-834,0.00021603109780699015,0.0002160310919622696,True,-213996,-214830,True,0.13808049261569977,1720219077,40,6.137124430824569e-11,1720219077,40,6.137124430824569e-11,47
12,87,LINEAR,0,130,0.052039697766304016,-102,0.0037629955913871527,0,-2603,-1806,0.00019582515233196318,0.00019582515327172187,True,-265506,-267312,True,0.13808049261569977,1559322602,40,1.0779060707362708e-11,1559322602,40,1.0779060707362708e-11,47
12,87,LINEAR,0,131,0.052039697766304016,-102,0.00365929096005857,0,-2428,-972,0.0001904283999465406,0.00019042839560041644,True,-247656,-248628,True,0.13808049261569977,1516349133,40,1.941142021253167e-10,1516349133,40,1.941142021253167e-10,47
12,87,LINEAR,0,132,0.052039697766304016,-102,0.002825705800205469,0,-3597,-2213,0.0001470488787163049,0.00014704887581918485,True,-366894,-369107,True,0.13808049261569977,1170925348,40,3.306915665214024e-10,1170925348,40,3.306915665214024e-10,47
12,87,LINEAR,0,133,0.052039697766304016,-102,0.0026545915752649307,0,-3281,-2119,0.0001381441397825256,0.00013814414326976387,True,-334662,-336781,True,0.13808049261569977,1100018467,40,1.6151157071486118e-10,1100018467,40,1.6151157071486118e-10,47
12,87,LINEAR,0,134,0.052039697766304016,-102,0.0029530145693570375,0,-3232,-2125,0.0001536739873699844,0.00015367398568883264,True,-329664,-331789,True,0.13808049261569977,1223679978,40,8.673048793335047e-11,1223679978,40,8.673048793335047e-11,47
12,87,LINEAR,0,135,0.052039697766304016,-102,0.0029752622358500957,0,-3453,-1633,0.00015483175229746848,0.00015483174752913692,True,-352206,-353839,True,0.13808049261569977,1232899040,40,1.8479475097061777e-10,1232899040,40,1.8479475097061777e-10,47
12,87,LINEAR,0,136,0.052039697766304016,-102,0.0030711409635841846,0,-3205,-1627,0.00015982125478331,0.00015982124754263666,True,-326910,-328537,True,0.13808049261569977,1272629585,40,1.4045742661282304e-10,1272629585,40,1.4045742661282304e-10,47
12,87,LINEAR,0,137,0.052039697766304016,-102,0.0030716864857822657,0,-3495,-1924,0.0001598496310180053,0.0001598496363529496,True,-356490,-358414,True,0.13808049261569977,1272855640,40,3.753002927363701e-10,1272855640,40,3.753002927363701e-10,47
12,87,LINEAR,0,138,0.052039697766304016,-102,0.0026240849401801825,0,-4305,-2521,0.0001365565840387717,0.00013655658720008665,True,-439110,-441631,True,0.13808049261569977,1087377026,40,4.450880404084802e-10,1087377026,40,4.450880404084802e-10,47
12,87,LINEAR,0,139,0.052039697766304016,-102,0.002549049211665988,0,-4227,-2505,0.00013265175221022218,0.00013265175056653353,True,-431154,-433659,True,0.13808049261569977,2112566945,41,2.1855525099185385e-10,2112566945,41,2.1855525099185385e-10,47
12,87,LINEAR,0,140,0.052039697766304016,-102,0.0028572618030011654,0,-3782,-2380,0.00014869104779791087,0.00014869104066738553,True,-385764,-388144,True,0.13808049261569977,1184001629,40,1.8476347217873657e-10,1184001629,40,1.8476347217873657e-10,47
12,87,LINEAR,0,141,0.052039697766304016,-102,0.0027344804257154465,0,-3834,-2571,0.00014230153465177864,0.00014230153490210617,True,-391068,-393639,True,0.13808049261569977,1133123074,40,1.4765239041561093e-10,1133123074,40,1.4765239041561093e-10,47
12,87,LINEAR,0,142,0.052039697766304016,-102,0.0022586567793041468,0,-5299,-3155,0.00011753981380024925,0.00011753981615280143,True,-540498,-543653,True,0.13808049261569977,1871899385,41,1.335090987576579e-10,1871899385,41,1.335090987576579e-10,47
12,87,LINEAR,0,143,0.052039697766304016,-102,0.0022840797901153564,0,-5148,-3254,0.00011886282300110906,0.00011886282195172626,True,-525096,-528350,True,0.13808049261569977,1892969128,41,3.125236161201462e-11,1892969128,41,3.125236161201462e-11,47
12,87,LINEAR,0,144,0.052039697766304016,-102,0.002931657014414668,0,-3733,-1903,0.00015256254118867218,0.0001525625449846045,True,-380766,-382669,True,0.13808049261569977,1214829763,40,3.2440990802882036e-10,1214829763,40,3.2440990802882036e-10,47
12,87,LINEAR,0,145,0.052039697766304016,-102,0.003336770460009575,0,-3282,-1123,0.00017364452651236206,0.0001736445262544295,True,-334764,-335887,True,0.13808049261569977,1382702017,40,3.5783046875726987e-10,1382702017,40,3.5783046875726987e-10,47
12,87,LINEAR,0,146,0.052039697766304016,-102,0.0035828740801662207,0,-2247,751,0.00018645168165676296,0.00018645168426657463,True,-229194,-228443,True,0.13808049261569977,1484683252,40,2.686712379550825e-10,1484683252,40,2.686712379550825e-10,47
12,87,LINEAR,0,147,0.052039697766304016,-102,0.0023840966168791056,0,-4657,-2919,0.00012406766472849995,0.00012406766738805655,True,-475014,-477933,True,0.13808049261569977,1975859737,41,8.774704079120122e-11,1975859737,41,8.774704079120122e-11,47
12,87,LINEAR,0,148,0.052039697766304016,-102,0.0035218035336583853,0,-2398,-1455,0.00018327358702663332,0.00018327359148388386,True,-244596,-246051,True,0.13808049261569977,1459376637,40,2.382219408018945e-10,1459376637,40,2.382219408018945e-10,47
12,87,LINEAR,0,149,0.052039697766304016,-102,0.0024442372377961874,0,-4748,-3167,0.00012719737424049526,0.00012719736712405935,True,-484296,-487463,True,0.13808049261569977,2025702277,41,1.7835342129954207e-10,2025702277,41,1.7835342129954207e-10,47
12,87,LINEAR,0,150,0.052039697766304016,-102,0.0026503035333007574,0,-3907,-2462,0.00013792100071441382,0.00013792099486193907,True,-398514,-400976,True,0.13808049261569977,1098241574,40,1.0665951070893716e-10,1098241574,40,1.0665951070893716e-10,47
12,87,LINEAR,0,151,0.052039697766304016,-102,0.002483063144609332,0,-4281,-2459,0.0001292178494622931,0.00012921785558011809,True,-436662,-439121,True,0.13808049261569977,2057879894,41,1.9082871683532272e-10,2057879894,41,1.9082871683532272e-10,47
12,87,LINEAR,0,152,0.052039697766304016,-102,0.0031113550066947937,0,-3731,-2270,0.00016191398026421666,0.00016191397419207387,True,-380562,-382832,True,0.13808049261569977,1289293614,40,1.3361769725974997e-10,1289293614,40,1.3361769725974997e-10,47
12,87,LINEAR,0,153,0.052039697766304016,-102,0.002622317522764206,0,-3993,-2186,0.0001364646159345284,0.00013646461133193233,True,-407286,-409472,True,0.13808049261569977,1086644638,40,1.7423741623987955e-10,1086644638,40,1.7423741623987955e-10,47
12,87,LINEAR,0,154,0.052039697766304016,-102,0.002791287610307336,0,-4256,-2989,0.0001452577707823366,0.00014525776361922274,True,-434112,-437101,True,0.13808049261569977,1156663024,40,1.2655181230524575e-10,1156663024,40,1.2655181230524575e-10,47
12,87,LINEAR,0,155,0.052039697766304016,-102,0.0026579892728477716,0,-4013,-2168,0.00013832096010446548,0.00013832095842507622,True,-409326,-411494,True,0.13808049261569977,1101426416,40,3.4367060212661265e-10,1101426416,40,3.4367060212661265e-10,47
12,87,LINEAR,0,156,0.052039697766304016,-102,0.0028781299479305744,0,-3951,-2762,0.0001497770135756582,0.0001497770126224554,True,-403002,-405764,True,0.13808049261569977,1192649040,40,5.40373900574835e-11,1192649040,40,5.40373900574835e-11,47
12,87,LINEAR,0,157,0.052039697766304016,-102,0.0029713818803429604,0,-3830,-1528,0.00015462981536984444,0.00015462981500131978,True,-390660,-392188,True,0.13808049261569977,1231291085,40,1.4518175884921516e-10,1231291085,40,1.4518175884921516e-10,47
12,87,LINEAR,0,158,0.052039697766304016,-102,0.0020553150679916143,0,-5717,-3954,0.00010695797391235828,0.0001069579749528142,True,-583134,-587088,True,0.13808049261569977,1703376558,41,2.0965573227546714e-10,1703376558,41,2.0965573227546714e-10,47
12,87,LINEAR,0,159,0.052039697766304016,-102,0.00301987468264997,0,-3675,-2283,0.00015715336485300213,0.0001571533657772177,True,-374850,-377133,True,0.13808049261569977,1251385694,40,3.679196631575714e-10,1251385694,40,3.679196631575714e-10,47
12,87,LINEAR,0,160,0.052039697766304016,-102,0.0018535256385803223,0,-7373,-4637,9.645691170589998e-05,9.645691403381562e-05,True,-752046,-756683,True,0.13808049261569977,1536140211,41,2.709696450658802e-10,1536140211,41,2.709696450658802e-10,47
12,87,LINEAR,0,161,0.052039697766304016,-102,0.002323532709851861,0,-4503,-2943,0.00012091593816876411,0.00012091593997081221,True,-459306,-462249,True,0.13808049261569977,1925666392,41,2.1854910226048618e-10,1925666392,41,2.1854910226048618e-10,47
12,87,LINEAR,0,162,0.052039697766304016,-102,0.002674706280231476,0,-3530,-2980,0.0001391909027006477,0.00013919090643688126,True,-360060,-363040,True,0.13808049261569977,1108353665,40,3.4249387308120394e-10,1108353665,40,3.4249387308120394e-10,47
12,87,LINEAR,0,163,0.052039697766304016,-102,0.0031425761990249157,0,-2957,-1398,0.00016353871615137905,0.00016353871560483707,True,-301614,-303012,True,0.13808049261569977,1302231155,40,9.542739882264434e-11,1302231155,40,9.542739882264434e-11,47
12,87,LINEAR,0,164,0.052039697766304016,-102,0.002901577390730381,0,-3493,-2349,0.000150997206219472,0.00015099721045915004,True,-356286,-358635,True,0.13808049261569977,1202365269,40,8.460832234210283e-11,1202365269,40,8.460832234210283e-11,47
12,87,LINEAR,0,165,0.052039697766304016,-102,0.002853719750419259,0,-3410,-1133,0.00014850671868771315,0.00014850671332155077,True,-347820,-348953,True,0.13808049261569977,1182533861,40,2.3404876663490486e-10,1182533861,40,2.3404876663490486e-10,47
12,87,LINEAR,0,166,0.052039697766304016,-102,0.002502420684322715,0,-4516,-2239,0.000130225220345892,0.00013022521609630175,True,-460632,-462871,True,0.13808049261569977,2073922777,41,1.3977757917327191e-10,2073922777,41,1.3977757917327191e-10,47
12,87,LINEAR,0,167,0.052039697766304016,-102,0.0025670479517430067,0,-4451,-1807,0.00013358840078581125,0.00013358839956031585,True,-454002,-455809,True,0.13808049261569977,2127483700,41,7.749251534839735e-11,2127483700,41,7.749251534839735e-11,47
12,87,LINEAR,0,168,0.052039697766304016,-102,0.0019064540974795818,0,-6017,-4127,9.921129822032526e-05,9.921129503816933e-05,True,-613734,-617861,True,0.13808049261569977,1580005552,41,2.138924023520182e-10,1580005552,41,2.138924023520182e-10,47
12,87,LINEAR,0,169,0.052039697766304016,-102,0.0022783582098782063,0,-4865,-2547,0.00011856507626362145,0.0001185650726454393,True,-496230,-498777,True,0.13808049261569977,1888227273,41,6.63294594257293e-11,1888227273,41,6.63294594257293e-11,47
12,87,LINEAR,0,170,0.052039697766304016,-102,0.0043318141251802444,0,-6,-373,0.00022542629449162632,0.00022542629785418655,True,-612,-985,True,0.13808049261569977,1795031514,40,6.718052730708508e-11,1795031514,40,6.718052730708508e-11,47
12,87,LINEAR,0,171,0.052039697766304016,-102,0.003380395704880357,0,39,-294,0.00017591477080713958,0.000175914770812486,True,3978,3684,True,0.13808049261569977,1400779591,40,1.787816477050691e-10,1400779591,40,1.787816477050691e-10,47
12,87,LINEAR,0,172,0.052039697766304016,-102,0.001536120311357081,0,250,157,7.993923645699397e-05,7.993923673570331e-05,True,25500,25657,True,0.13808049261569977,1273085266,41,3.309711797271539e-10,1273085266,41,3.309711797271539e-10,47
12,87,LINEAR,0,173,0.052039697766304016,-102,0.0018320420058444142,0,-231,-926,9.53389098867774e-05,9.533891227931669e-05,True,-23562,-24488,True,0.13808049261569977,1518335293,41,2.2898219433540556e-10,1518335293,41,2.2898219433540556e-10,47
12,87,LINEAR,0,174,0.052039697766304016,-102,0.00596917700022459,0,-1757,-14415,0.00031063417554832995,0.0003106341670052609,True,-179214,-193629,True,0.13808049261569977,1236763688,39,8.870557357978809e-11,1236763688,39,8.870557357978809e-11,47
12,87,LINEAR,0,175,0.052039697766304016,-102,0.0034151230938732624,0,-1617,2520,0.00017772197315935045,0.00017772197363988967,True,-164934,-162414,True,0.13808049261569977,1415170042,40,3.0613310573367256e-11,1415170042,40,3.0613310573367256e-11,47
12,87,LINEAR,0,176,0.052039697766304016,-102,0.0031628082506358624,0,-3232,-1431,0.00016459159087389708,0.000164591585455863,True,-329664,-331095,True,0.13808049261569977,1310614980,40,1.387352514966356e-10,1310614980,40,1.387352514966356e-10,47
12,87,LINEAR,0,177,0.052039697766304016,-102,0.0037447980139404535,0,-1788,-273,0.00019487815734464675,0.00019487815684131674,True,-182376,-182649,True,0.13808049261569977,1551781829,40,3.0882051210169463e-10,1551781829,40,3.0882051210169463e-10,47
12,87,LINEAR,0,178,0.052039697766304016,-102,0.003066754201427102,0,-3859,-1189,0.00015959296433720738,0.00015959296176580942,True,-393618,-394807,True,0.13808049261569977,1270811784,40,9.210342494889269e-11,1270811784,40,9.210342494889269e-11,47
12,87,LINEAR,0,179,0.052039697766304016,-102,0.002477439120411873,0,-4370,-1753,0.00012892518134322017,0.00012892518306065193,True,-445740,-447493,True,0.13808049261569977,2053218890,41,8.422721863462642e-12,2053218890,41,8.422721863462642e-12,47
12,87,LINEAR,0,180,0.052039697766304016,-102,0.003280105534940958,0,-3250,-1753,0.00017069569730665535,0.0001706957006799084,True,-331500,-333253,True,0.13808049261569977,1359221018,40,1.6049468910154905e-10,1359221018,40,1.6049468910154905e-10,47
12,87,LINEAR,0,181,0.052039697766304016,-102,0.003075246699154377,0,-3245,-1667,0.00016003490600269288,0.00016003490878081783,True,-330990,-332657,True,0.13808049261569977,1274330934,40,3.83973688831089e-10,1274330934,40,3.83973688831089e-10,47
12,87,LINEAR,0,182,0.052039697766304016,-102,0.004213061183691025,0,-2290,-599,0.00021924643078818917,0.00021924643067022798,True,-233580,-234179,True,0.13808049261569977,1745822276,40,7.982058767960076e-11,1745822276,40,7.982058767960076e-11,47
12,87,LINEAR,0,183,0.052039697766304016,-102,0.003174955490976572,0,-3046,-918,0.00016522372607141733,0.0001652237241718882,True,-310692,-311610,True,0.13808049261569977,1315648594,40,3.1501404436144217e-10,1315648594,40,3.1501404436144217e-10,47
12,87,LINEAR,0,184,0.052039697766304016,-102,0.002575877122581005,0,-4173,-2758,0.0001340478629572317,0.00013404786694225235,True,-425646,-428404,True,0.13808049261569977,2134801022,41,3.017141671353354e-11,2134801022,41,3.017141671353354e-11,47
12,87,LINEAR,0,185,0.052039697766304016,-102,0.00286334240809083,0,-3983,-2394,0.0001490074791945517,0.00014900747351848792,True,-406266,-408660,True,0.13808049261569977,1186521330,40,8.341667014826596e-11,1186521330,40,8.341667014826596e-11,47
12,87,LINEAR,0,186,0.052039697766304016,-102,0.002495973836630583,0,-4446,-3125,0.00012988972594030201,0.0001298897240908578,True,-453492,-456617,True,0.13808049261569977,2068579844,41,2.0516645357283083e-10,2068579844,41,2.0516645357283083e-10,47
12,87,LINEAR,0,187,0.052039697766304016,-102,0.0035244030877947807,0,-3276,-1951,0.00018340887618251145,0.00018340887149546903,True,-334152,-336103,True,0.13808049261569977,1460453849,40,3.266507949751466e-10,1460453849,40,3.266507949751466e-10,47
12,87,LINEAR,0,188,0.052039697766304016,-102,0.002743850229308009,0,-2609,-1591,0.00014278914022725075,0.00014278913664919277,True,-266118,-267709,True,0.13808049261569977,1137005764,40,4.195814408167349e-10,1137005764,40,4.195814408167349e-10,47
12,87,LINEAR,0,189,0.052039697766304016,-102,0.0033950735814869404,0,-2551,-1111,0.00017667860083747655,0.0001766786030749437,True,-260202,-261313,True,0.13808049261569977,1406861858,40,3.358510502430264e-10,1406861858,40,3.358510502430264e-10,47
12,87,LINEAR,0,190,0.052039697766304016,-102,0.0031279553659260273,0,-2906,-1814,0.00016277785471174866,0.00016277785186927934,True,-296412,-298226,True,0.13808049261569977,1296172526,40,1.695419746953564e-10,1296172526,40,1.695419746953564e-10,47
12,87,LINEAR,0,191,0.052039697766304016,-102,0.0031378709245473146,0,-3018,-1661,0.00016329385107383132,0.0001632938545431152,True,-307836,-309497,True,0.13808049261569977,1300281368,40,9.990895586870981e-11,1300281368,40,9.990895586870981e-11,47
12,87,LINEAR,0,192,0.052039697766304016,-102,0.003102761460468173,0,-3435,-1143,0.0001614667708054185,0.00016146676864369977,True,-350370,-351513,True,0.13808049261569977,1285732592,40,2.943392542550724e-10,1285732592,40,2.943392542550724e-10,47
12,87,LINEAR,0,193,0.052039697766304016,-102,0.002780841663479805,0,-3290,-2048,0.0001447141548851505,0.00014471415970343515,True,-335580,-337628,True,0.13808049261569977,1152334398,40,2.268537925836006e-10,1152334398,40,2.268537925836006e-10,47
12,87,LINEAR,0,194,0.052039697766304016,-102,0.0025994915049523115,0,-3948,-1280,0.00013527675764635205,0.00013527675226379307,True,-402696,-403976,True,0.13808049261569977,1077185917,40,1.5974032305346094e-10,1077185917,40,1.5974032305346094e-10,47
12,87,LINEAR,0,195,0.052039697766304016,-102,0.003421406727284193,0,-3163,-1620,0.00017804896924644709,0.00017804897202346875,True,-322626,-324246,True,0.13808049261569977,1417773875,40,1.2413701086771e-10,1417773875,40,1.2413701086771e-10,47
12,87,LINEAR,0,196,0.052039697766304016,-102,0.002078857971355319,0,-5210,-3486,0.00010818314331118017,0.0001081831405284027,True,-531420,-534906,True,0.13808049261569977,1722888131,41,1.2772454538076768e-10,1722888131,41,1.2772454538076768e-10,47
12,87,LINEAR,0,197,0.052039697766304016,-102,0.0023147205356508493,0,-5115,-3439,0.00012045735638821498,0.00012045735708872754,True,-521730,-525169,True,0.13808049261569977,1918363156,41,2.108247828135686e-10,1918363156,41,2.108247828135686e-10,47
12,87,LINEAR,0,198,0.052039697766304016,-102,0.0025500552728772163,0,-4531,-2684,0.00013270411000121385,0.00013270410568790025,True,-462162,-464846,True,0.13808049261569977,2113400735,41,2.339079034817572e-10,2113400735,41,2.339079034817572e-10,47
12,87,LINEAR,0,199,0.052039697766304016,-102,0.00287223095074296,0,-3418,-2248,0.00014947002637200058,0.00014947003059168767,True,-348636,-350884,True,0.13808049261569977,1190204594,40,8.149929669482968e-11,1190204594,40,8.149929669482968e-11,47
12,87,LINEAR,0,200,0.052039697766304016,-102,0.003213458228856325,0,-2567,-1518,0.0001672273938311264,0.00016722739501432576,True,-261834,-263352,True,0.13808049261569977,1331603486,40,8.006589148503702e-11,1331603486,40,8.006589148503702e-11,47
12,87,LINEAR,0,201,0.052039697766304016,-102,0.002731230342760682,0,-3493,-1901,0.00014213239774107933,0.00014213240156742482,True,-356286,-358187,True,0.13808049261569977,1131776294,40,5.2491947264814765e-12,1131776294,40,5.2491947264814765e-12,47
12,87,LINEAR,0,202,0.052039697766304016,-102,0.0027292047161608934,0,-3907,-2374,0.00014202698366716504,0.00014202698857138443,True,-398514,-400888,True,0.13808049261569977,1130936908,40,1.173788971153294e-10,1130936908,40,1.173788971153294e-10,47
12,87,LINEAR,0,203,0.052039697766304016,-102,0.003479910548776388,0,-2335,-1432,0.00018109349184669554,0.0001810934932120964,True,-238170,-239602,True,0.13808049261569977,1442016883,40,3.1902148719095417e-10,1442016883,40,3.1902148719095417e-10,47
12,87,LINEAR,0,204,0.052039697766304016,-102,0.002606585854664445,0,-4517,-2615,0.00013564593973569572,0.00013564594007866096,True,-460734,-463349,True,0.13808049261569977,1080125697,40,3.2490816474482575e-10,1080125697,40,3.2490816474482575e-10,47
12,87,LINEAR,0,205,0.052039697766304016,-102,0.0026778888422995806,0,-4079,-2002,0.00013935653259977698,0.00013935652600502793,True,-416058,-418060,True,0.13808049261569977,1109672466,40,1.0692684363694564e-11,1109672466,40,1.0692684363694564e-11,47
12,87,LINEAR,0,206,0.052039697766304016,-102,0.002510448219254613,0,-4428,-2058,0.00013064296217635274,0.00013064296658796618,True,-451656,-453714,True,0.13808049261569977,2080575730,41,7.458958283299434e-11,2080575730,41,7.458958283299434e-11,47
12,87,LINEAR,0,207,0.052039697766304016,-102,0.0022569901775568724,0,-4028,-3239,0.00011745308438548818,0.00011745308670157648,True,-410856,-414095,True,0.13808049261569977,1870518161,41,9.431851933944206e-11,1870518161,41,9.431851933944206e-11,47
12,87,LINEAR,0,208,0.052039697766304016,-102,0.003041807794943452,0,-3450,-1775,0.0001582947588758543,0.0001582947583120449,True,-351900,-353675,True,0.13808049261569977,1260474409,40,3.210741605252365e-10,1260474409,40,3.210741605252365e-10,47
12,87,LINEAR,0,209,0.052039697766304016,-102,0.002734412904828787,0,-3863,-2379,0.0001422980276402086,0.0001422980211355715,True,-394026,-396405,True,0.13808049261569977,1133095095,40,3.1930069217617746e-10,1133095095,40,3.1930069217617746e-10,47
12,87,LINEAR,0,210,0.052039697766304016,-102,0.002189535414800048,0,-5646,-3680,0.00011394276225473732,0.00011394276123481359,True,-575892,-579572,True,0.13808049261569977,1814613904,41,5.768671089828386e-11,1814613904,41,5.768671089828386e-11,47
12,87,LINEAR,0,211,0.052039697766304016,-102,0.0028159411158412695,0,-3624,-2190,0.00014654072583653033,0.00014654072459608855,True,-369648,-371838,True,0.13808049261569977,1166879025,40,2.5565779954071933e-10,1166879025,40,2.5565779954071933e-10,47
12,87,LINEAR,0,212,0.052039697766304016,-102,0.0029761570040136576,0,-3062,-1499,0.00015487830387428403,0.0001548783109939396,True,-312324,-313823,True,0.13808049261569977,1233269817,40,1.8374377665034086e-10,1233269817,40,1.8374377665034086e-10,47
12,87,LINEAR,0,213,0.052039697766304016,-102,0.0028129108250141144,0,-3618,-2197,0.00014638302673120052,0.0001463830291772994,True,-369036,-371233,True,0.13808049261569977,1165623323,40,2.81610970672728e-10,1165623323,40,2.81610970672728e-10,47
12,87,LINEAR,0,214,0.052039697766304016,-102,0.0028766696341335773,0,-3290,-1891,0.00014970102347433567,0.00014970101833381572,True,-335580,-337471,True,0.13808049261569977,1192043910,40,2.1624588593400067e-10,1192043910,40,2.1624588593400067e-10,47
12,87,LINEAR,0,215,0.052039697766304016,-102,0.002916482277214527,0,-3570,-2368,0.0001517728524049744,0.00015177285624702608,True,-364140,-366508,True,0.13808049261569977,1208541605,40,3.5602510227891847e-10,1208541605,40,3.5602510227891847e-10,47
12,87,LINEAR,0,216,0.052039697766304016,-102,0.002646939130499959,0,-3721,-2017,0.0001377459120703861,0.0001377459123570214,True,-379542,-381559,True,0.13808049261569977,1096847422,40,2.565905970971925e-10,1096847422,40,2.565905970971925e-10,47
12,87,LINEAR,0,217,0.052039697766304016,-102,0.0028785665053874254,0,-3787,-1947,0.00014979972911532968,0.00014979973094056756,True,-386274,-388221,True,0.13808049261569977,1192829942,40,5.3147140214674606e-11,1192829942,40,5.3147140214674606e-11,47
12,87,LINEAR,0,218,0.052039697766304016,-102,0.003031893167644739,0,-3105,-1724,0.00015777880616951734,0.00015777880410395434,True,-316710,-318434,True,0.13808049261569977,1256365953,40,1.9054893528445525e-10,1256365953,40,1.9054893528445525e-10,47
12,87,LINEAR,0,219,0.052039697766304016,-102,0.0031909558456391096,0,-3043,-2628,0.00016605637210886925,0.00016605637779268032,True,-310386,-313014,True,0.13808049261569977,1322278874,40,2.620013762890043e-10,1322278874,40,2.620013762890043e-10,47
12,87,LINEAR,0,220,0.052039697766304016,-102,0.002960276324301958,0,-3319,-1920,0.00015405188605654985,0.00015405188522141927,True,-338538,-340458,True,0.13808049261569977,1226689128,40,7.090620112450796e-12,1226689128,40,7.090620112450796e-12,47
12,87,LINEAR,0,221,0.052039697766304016,-102,0.0031061675399541855,0,-3121,-1353,0.0001616440131329,0.00016164401999071987,True,-318342,-319695,True,0.13808049261569977,1287144014,40,1.1131253329151142e-10,1287144014,40,1.1131253329151142e-10,47
12,87,LINEAR,0,222,0.052039697766304016,-102,0.0031737028621137142,0,-3085,-2477,0.00016515853349119425,0.00016515853774445172,True,-314670,-317147,True,0.13808049261569977,1315129525,40,6.087649961342986e-11,1315129525,40,6.087649961342986e-11,47
12,87,LINEAR,0,223,0.052039697766304016,-102,0.0031354865059256554,0,-3269,-1704,0.00016316976689267904,0.0001631697701186957,True,-333438,-335142,True,0.13808049261569977,1299293305,40,3.3241607830967197e-10,1299293305,40,3.3241607830967197e-10,47
12,87,LINEAR,0,224,0.052039697766304016,-102,0.0025757739786058664,0,-3977,-2551,0.00013404249330051243,0.00013404249936095972,True,-405654,-408205,True,0.13808049261569977,2134715540,41,1.0355803742104311e-10,2134715540,41,1.0355803742104311e-10,47
12,87,LINEAR,0,225,0.052039697766304016,-102,0.0026541883125901222,0,-4139,-2340,0.0001381231559207663,0.0001381231576020464,True,-422178,-424518,True,0.13808049261569977,1099851362,40,1.3446739185664114e-10,1099851362,40,1.3446739185664114e-10,47
12,87,LINEAR,0,226,0.052039697766304016,-102,0.002355472883209586,0,-4481,-3072,0.00012257810158189386,0.00012257809693895158,True,-457062,-460134,True,0.13808049261569977,1952137342,41,1.7362441967598943e-10,1952137342,41,1.7362441967598943e-10,47
12,87,LINEAR,0,227,0.052039697766304016,-102,0.0027417715173214674,0,-4269,-2726,0.00014268096128944308,0.00014268096110566994,True,-435438,-438164,True,0.13808049261569977,1136144381,40,8.350346965380458e-11,1136144381,40,8.350346965380458e-11,47
12,87,LINEAR,0,228,0.052039697766304016,-102,0.002993414644151926,0,-3628,-1906,0.00015577638987451792,0.00015577639337089472,True,-370056,-371962,True,0.13808049261569977,1240421095,40,2.4514371869770418e-11,1240421095,40,2.4514371869770418e-11,47
12,87,LINEAR,0,229,0.052039697766304016,-102,0.002946720691397786,0,-3260,-1990,0.0001533464528620243,0.0001533464541820552,True,-332520,-334510,True,0.13808049261569977,1221071900,40,1.1742858728121025e-10,1221071900,40,1.1742858728121025e-10,47
12,87,LINEAR,0,230,0.052039697766304016,-102,0.0028770440258085728,0,-3285,-1000,0.00014972050848882645,0.0001497205015634287,True,-335070,-336070,True,0.13808049261569977,1192199052,40,6.491101964416327e-11,1192199052,40,6.491101964416327e-11,47
12,87,LINEAR,0,231,0.052039697766304016,-102,0.004655166063457727,0,-1288,-266,0.0002422534307697788,0.00024225343499429536,True,-131376,-131642,True,0.13808049261569977,1929023163,40,1.1551927406431447e-10,1929023163,40,1.1551927406431447e-10,47
12,87,LINEAR,0,232,0.052039697766304016,-102,0.0029915960039943457,0,-3111,-1155,0.00015568175876978785,0.00015568175188674857,True,-317322,-318477,True,0.13808049261569977,1239667481,40,1.409406754389856e-10,1239667481,40,1.409406754389856e-10,47
12,87,LINEAR,0,233,0.052039697766304016,-102,0.003328847698867321,0,-2639,-1338,0.00017323222709819674,0.000173232228159112,True,-269178,-270516,True,0.13808049261569977,1379418957,40,3.17601711392425e-10,1379418957,40,3.17601711392425e-10,47
12,87,LINEAR,0,234,0.052039697766304016,-102,0.0027372033800929785,0,-3706,-1908,0.00014244324120227247,0.00014244323662494437,True,-378012,-379920,True,0.13808049261569977,1134251421,40,3.471542525856937e-11,1134251421,40,3.471542525856937e-11,47
12,87,LINEAR,0,235,0.052039697766304016,-102,0.003597519127652049,0,-1966,-1651,0.00018721380911301821,0.0001872138081115103,True,-200532,-202183,True,0.13808049261569977,1490751916,40,1.4694578179998315e-10,1490751916,40,1.4694578179998315e-10,47
12,87,LINEAR,0,236,0.052039697766304016,-102,0.002982617821544409,0,-3454,-1958,0.00015521452587563545,0.00015521452998556312,True,-352308,-354266,True,0.13808049261569977,1235947072,40,1.7448994261710053e-10,1235947072,40,1.7448994261710053e-10,47
12,87,LINEAR,0,237,0.052039697766304016,-102,0.0029182983562350273,0,-3605,-1835,0.00015186736709438264,0.00015186736445037263,True,-367710,-369545,True,0.13808049261569977,1209294158,40,2.332757556365982e-10,1209294158,40,2.332757556365982e-10,47
12,87,LINEAR,0,238,0.052039697766304016,-102,0.0030626184307038784,0,-3103,-1367,0.00015937774151097983,0.00015937773750734213,True,-316506,-317873,True,0.13808049261569977,1269097990,40,2.216454664505903e-10,1269097990,40,2.216454664505903e-10,47
12,87,LINEAR,0,239,0.052039697766304016,-102,0.002598345512524247,0,-4359,-3475,0.00013521710934583098,0.00013521711516419413,True,-444618,-448093,True,0.13808049261569977,1076711037,40,2.4463173922827508e-11,1076711037,40,2.4463173922827508e-11,47
12,87,LINEAR,0,240,0.052039697766304016,-102,0.0026213128585368395,0,-4034,-2561,0.0001364123309031129,0.00013641232890918356,True,-411468,-414029,True,0.13808049261569977,1086228322,40,8.511795448730772e-11,1086228322,40,8.511795448730772e-11,47
12,87,LINEAR,0,241,0.052039697766304016,-102,0.0030974382534623146,0,-3409,-2201,0.00016118974599521607,0.00016118975055996743,True,-347718,-349919,True,0.13808049261569977,1283526743,40,3.3929089636235254e-10,1283526743,40,3.3929089636235254e-10,47
12,87,LINEAR,0,242,0.052039697766304016,-102,0.0024510847870260477,0,-4388,-2566,0.00012755370698869228,0.00012755371151642117,True,-447576,-450142,True,0.13808049261569977,2031377298,41,1.4120830891656081e-10,2031377298,41,1.4120830891656081e-10,47
12,87,LINEAR,0,243,0.052039697766304016,-102,0.0021441648714244366,0,-5221,-3510,0.00011158169218106195,0.00011158169187005379,True,-532542,-536052,True,0.13808049261569977,1777012311,41,1.1836266720393395e-10,1777012311,41,1.1836266720393395e-10,47
12,87,LINEAR,0,244,0.052039697766304016,-102,0.002773258136585355,0,-3587,-2405,0.0001443195214960724,0.00014431951525584533,True,-365874,-368279,True,0.13808049261569977,1149191911,40,2.6505789131681247e-10,1149191911,40,2.6505789131681247e-10,47
12,87,LINEAR,0,245,0.052039697766304016,-102,0.0018964401679113507,0,-6729,-4395,9.86901723081246e-05,9.869017316998553e-05,True,-686358,-690753,True,0.13808049261569977,1571706342,41,2.549384698655423e-10,1571706342,41,2.549384698655423e-10,47
12,87,LINEAR,0,246,0.052039697766304016,-102,0.0027822675183415413,0,-3293,-1896,0.00014478835510089993,0.00014478836075949852,True,-335886,-337782,True,0.13808049261569977,1152925248,40,1.807648466687215e-10,1152925248,40,1.807648466687215e-10,47
12,87,LINEAR,0,247,0.052039697766304016,-102,0.0024865770246833563,0,-3738,-2629,0.00012940072338096797,0.00012940071683715734,True,-381276,-383905,True,0.13808049261569977,2060792080,41,8.812231205566516e-11,2060792080,41,8.812231205566516e-11,47
12,87,LINEAR,0,248,0.052039697766304016,-102,0.002905647037550807,0,-2725,-942,0.00015120899479370564,0.0001512089936497006,True,-277950,-278892,True,0.13808049261569977,1204051663,40,1.181271787207428e-10,1204051663,40,1.181271787207428e-10,47
12,87,LINEAR,0,249,0.052039697766304016,-102,0.002331883180886507,0,-4609,-2999,0.00012135049473727122,0.00012135049595966146,True,-470118,-473117,True,0.13808049261569977,1932586983,41,1.9762067574095388e-10,1932586983,41,1.9762067574095388e-10,47
12,87,LINEAR,0,250,0.052039697766304016,-102,0.002524017123505473,0,-4124,-1530,0.00013134909386280924,0.00013134908826420086,True,-420648,-422178,True,0.13808049261569977,2091821185,41,7.854124627723175e-13,2091821185,41,7.854124627723175e-13,47
12,87,LINEAR,0,251,0.052039697766304016,-102,0.0024975501000881195,0,-4637,-2472,0.00012997175508644432,0.00012997175236478808,True,-472974,-475446,True,0.13808049261569977,2069886199,41,4.7013660602966925e-12,2069886199,41,4.7013660602966925e-12,47
12,87,LINEAR,0,252,0.052039697766304016,-102,0.0030855699442327023,0,-3330,-1589,0.00016057213360909373,0.00016057212733466136,True,-339660,-341249,True,0.13808049261569977,1278608714,40,5.2915473838450736e-11,1278608714,40,5.2915473838450736e-11,47
12,87,LINEAR,0,253,0.052039697766304016,-102,0.0017782098148018122,0,-6294,-4147,9.253749885829166e-05,9.253750132736174e-05,True,-641988,-646135,True,0.13808049261569977,1473720969,41,2.552242905035348e-10,1473720969,41,2.552242905035348e-10,47
12,87,LINEAR,0,254,0.052039697766304016,-102,0.0026145162992179394,0,-4423,-2237,0.0001360586320515722,0.00013605863801637724,True,-451146,-453383,True,0.13808049261569977,1083411941,40,2.631120499401484e-10,1083411941,40,2.631120499401484e-10,47
