Copyright 1986-2022 Xilinx, Inc. All Rights Reserved. Copyright 2022-2024 Advanced Micro Devices, Inc. All Rights Reserved.
------------------------------------------------------------------------------------------------------------------------------------------------------------------------------------------------------------------------------------------
| Tool Version : Vivado v.2024.1 (win64) Build 5076996 Wed May 22 18:37:14 MDT 2024
| Date         : Wed Aug 12 14:22:33 2026
| Host         : HANYUL-GALAXYBOOK4-PRO running 64-bit major release  (build 9200)
| Command      : report_timing_summary -delay_type min_max -report_unconstrained -check_timing_verbose -max_paths 20 -file {C:/Users/hanyu/Documents/CNN Accelerator/CNN_YOLO_AI_accelerator/reports/tile_conv_16_ooc/timing_summary.rpt}
| Design       : top_single_conv_tile_axi_16
| Device       : 7z020-clg400
| Speed File   : -1  PRODUCTION 1.12 2019-11-22
| Design State : Routed
------------------------------------------------------------------------------------------------------------------------------------------------------------------------------------------------------------------------------------------

Timing Summary Report

------------------------------------------------------------------------------------------------
| Timer Settings
| --------------
------------------------------------------------------------------------------------------------

  Enable Multi Corner Analysis               :  Yes
  Enable Pessimism Removal                   :  Yes
  Pessimism Removal Resolution               :  Nearest Common Node
  Enable Input Delay Default Clock           :  No
  Enable Preset / Clear Arcs                 :  No
  Disable Flight Delays                      :  No
  Ignore I/O Paths                           :  No
  Timing Early Launch at Borrowing Latches   :  No
  Borrow Time for Max Delay Exceptions       :  Yes
  Merge Timing Exceptions                    :  Yes
  Inter-SLR Compensation                     :  Conservative

  Corner  Analyze    Analyze    
  Name    Max Paths  Min Paths  
  ------  ---------  ---------  
  Slow    Yes        Yes        
  Fast    Yes        Yes        


------------------------------------------------------------------------------------------------
| Report Methodology
| ------------------
------------------------------------------------------------------------------------------------

No report available as report_methodology has not been run prior. Run report_methodology on the current design for the summary of methodology violations.



check_timing report

Table of Contents
-----------------
1. checking no_clock (0)
2. checking constant_clock (0)
3. checking pulse_width_clock (0)
4. checking unconstrained_internal_endpoints (0)
5. checking no_input_delay (54)
6. checking no_output_delay (73)
7. checking multiple_clock (0)
8. checking generated_clocks (0)
9. checking loops (0)
10. checking partial_input_delay (0)
11. checking partial_output_delay (0)
12. checking latch_loops (0)

1. checking no_clock (0)
------------------------
 There are 0 register/latch pins with no clock.


2. checking constant_clock (0)
------------------------------
 There are 0 register/latch pins with constant_clock.


3. checking pulse_width_clock (0)
---------------------------------
 There are 0 register/latch pins which need pulse_width check


4. checking unconstrained_internal_endpoints (0)
------------------------------------------------
 There are 0 pins that are not constrained for maximum delay.

 There are 0 pins that are not constrained for maximum delay due to constant clock.


5. checking no_input_delay (54)
-------------------------------
 There are 54 input ports with no input delay specified. (HIGH)

aresetn
m_axis_tready
s_axi_araddr[2]
s_axi_araddr[3]
s_axi_araddr[4]
s_axi_araddr[5]
s_axi_arvalid
s_axi_awaddr[2]
s_axi_awaddr[3]
s_axi_awaddr[4]
s_axi_awaddr[5]
s_axi_awvalid
s_axi_bready
s_axi_rready
s_axi_wdata[0]
s_axi_wdata[1]
s_axi_wdata[2]
s_axi_wdata[3]
s_axi_wstrb[0]
s_axi_wvalid
s_axis_tdata[0]
s_axis_tdata[10]
s_axis_tdata[11]
s_axis_tdata[12]
s_axis_tdata[13]
s_axis_tdata[14]
s_axis_tdata[15]
s_axis_tdata[16]
s_axis_tdata[17]
s_axis_tdata[18]
s_axis_tdata[19]
s_axis_tdata[1]
s_axis_tdata[20]
s_axis_tdata[21]
s_axis_tdata[22]
s_axis_tdata[23]
s_axis_tdata[24]
s_axis_tdata[25]
s_axis_tdata[26]
s_axis_tdata[27]
s_axis_tdata[28]
s_axis_tdata[29]
s_axis_tdata[2]
s_axis_tdata[30]
s_axis_tdata[31]
s_axis_tdata[3]
s_axis_tdata[4]
s_axis_tdata[5]
s_axis_tdata[6]
s_axis_tdata[7]
s_axis_tdata[8]
s_axis_tdata[9]
s_axis_tlast
s_axis_tvalid

 There are 0 input ports with no input delay but user has a false path constraint.


6. checking no_output_delay (73)
--------------------------------
 There are 73 ports with no output delay specified. (HIGH)

irq
m_axis_tdata[0]
m_axis_tdata[10]
m_axis_tdata[11]
m_axis_tdata[12]
m_axis_tdata[13]
m_axis_tdata[14]
m_axis_tdata[15]
m_axis_tdata[16]
m_axis_tdata[17]
m_axis_tdata[18]
m_axis_tdata[19]
m_axis_tdata[1]
m_axis_tdata[20]
m_axis_tdata[21]
m_axis_tdata[22]
m_axis_tdata[23]
m_axis_tdata[24]
m_axis_tdata[25]
m_axis_tdata[26]
m_axis_tdata[27]
m_axis_tdata[28]
m_axis_tdata[29]
m_axis_tdata[2]
m_axis_tdata[30]
m_axis_tdata[31]
m_axis_tdata[3]
m_axis_tdata[4]
m_axis_tdata[5]
m_axis_tdata[6]
m_axis_tdata[7]
m_axis_tdata[8]
m_axis_tdata[9]
m_axis_tlast
m_axis_tvalid
s_axi_arready
s_axi_awready
s_axi_bvalid
s_axi_rdata[0]
s_axi_rdata[10]
s_axi_rdata[11]
s_axi_rdata[12]
s_axi_rdata[13]
s_axi_rdata[14]
s_axi_rdata[15]
s_axi_rdata[16]
s_axi_rdata[17]
s_axi_rdata[18]
s_axi_rdata[19]
s_axi_rdata[1]
s_axi_rdata[20]
s_axi_rdata[21]
s_axi_rdata[22]
s_axi_rdata[23]
s_axi_rdata[24]
s_axi_rdata[25]
s_axi_rdata[26]
s_axi_rdata[27]
s_axi_rdata[28]
s_axi_rdata[29]
s_axi_rdata[2]
s_axi_rdata[30]
s_axi_rdata[31]
s_axi_rdata[3]
s_axi_rdata[4]
s_axi_rdata[5]
s_axi_rdata[6]
s_axi_rdata[7]
s_axi_rdata[8]
s_axi_rdata[9]
s_axi_rvalid
s_axi_wready
s_axis_tready

 There are 0 ports with no output delay but user has a false path constraint

 There are 0 ports with no output delay but with a timing clock defined on it or propagating through it


7. checking multiple_clock (0)
------------------------------
 There are 0 register/latch pins with multiple clocks.


8. checking generated_clocks (0)
--------------------------------
 There are 0 generated clocks that are not connected to a clock source.


9. checking loops (0)
---------------------
 There are 0 combinational loops in the design.


10. checking partial_input_delay (0)
------------------------------------
 There are 0 input ports with partial input delay specified.


11. checking partial_output_delay (0)
-------------------------------------
 There are 0 ports with partial output delay specified.


12. checking latch_loops (0)
----------------------------
 There are 0 combinational latch loops in the design through latch input



------------------------------------------------------------------------------------------------
| Design Timing Summary
| ---------------------
------------------------------------------------------------------------------------------------

    WNS(ns)      TNS(ns)  TNS Failing Endpoints  TNS Total Endpoints      WHS(ns)      THS(ns)  THS Failing Endpoints  THS Total Endpoints     WPWS(ns)     TPWS(ns)  TPWS Failing Endpoints  TPWS Total Endpoints  
    -------      -------  ---------------------  -------------------      -------      -------  ---------------------  -------------------     --------     --------  ----------------------  --------------------  
      1.258        0.000                      0                 2219        0.009        0.000                      0                 2219        3.750        0.000                       0                   791  


All user specified timing constraints are met.


------------------------------------------------------------------------------------------------
| Clock Summary
| -------------
------------------------------------------------------------------------------------------------

Clock  Waveform(ns)       Period(ns)      Frequency(MHz)
-----  ------------       ----------      --------------
aclk   {0.000 5.000}      10.000          100.000         


------------------------------------------------------------------------------------------------
| Intra Clock Table
| -----------------
------------------------------------------------------------------------------------------------

Clock             WNS(ns)      TNS(ns)  TNS Failing Endpoints  TNS Total Endpoints      WHS(ns)      THS(ns)  THS Failing Endpoints  THS Total Endpoints     WPWS(ns)     TPWS(ns)  TPWS Failing Endpoints  TPWS Total Endpoints  
-----             -------      -------  ---------------------  -------------------      -------      -------  ---------------------  -------------------     --------     --------  ----------------------  --------------------  
aclk                1.258        0.000                      0                 1755        0.009        0.000                      0                 1755        3.750        0.000                       0                   791  


------------------------------------------------------------------------------------------------
| Inter Clock Table
| -----------------
------------------------------------------------------------------------------------------------

From Clock    To Clock          WNS(ns)      TNS(ns)  TNS Failing Endpoints  TNS Total Endpoints      WHS(ns)      THS(ns)  THS Failing Endpoints  THS Total Endpoints  
----------    --------          -------      -------  ---------------------  -------------------      -------      -------  ---------------------  -------------------  


------------------------------------------------------------------------------------------------
| Other Path Groups Table
| -----------------------
------------------------------------------------------------------------------------------------

Path Group         From Clock         To Clock               WNS(ns)      TNS(ns)  TNS Failing Endpoints  TNS Total Endpoints      WHS(ns)      THS(ns)  THS Failing Endpoints  THS Total Endpoints  
----------         ----------         --------               -------      -------  ---------------------  -------------------      -------      -------  ---------------------  -------------------  
**async_default**  aclk               aclk                     3.657        0.000                      0                  464        0.785        0.000                      0                  464  


------------------------------------------------------------------------------------------------
| User Ignored Path Table
| -----------------------
------------------------------------------------------------------------------------------------

Path Group    From Clock    To Clock    
----------    ----------    --------    


------------------------------------------------------------------------------------------------
| Unconstrained Path Table
| ------------------------
------------------------------------------------------------------------------------------------

Path Group    From Clock    To Clock    
----------    ----------    --------    
(none)        aclk                        
(none)                      aclk          


------------------------------------------------------------------------------------------------
| Timing Details
| --------------
------------------------------------------------------------------------------------------------


---------------------------------------------------------------------------------------------------
From Clock:  aclk
  To Clock:  aclk

Setup :            0  Failing Endpoints,  Worst Slack        1.258ns,  Total Violation        0.000ns
Hold  :            0  Failing Endpoints,  Worst Slack        0.009ns,  Total Violation        0.000ns
PW    :            0  Failing Endpoints,  Worst Slack        3.750ns,  Total Violation        0.000ns
---------------------------------------------------------------------------------------------------


Max Delay Paths
--------------------------------------------------------------------------------------
Slack (MET) :             1.258ns  (required time - arrival time)
  Source:                 u_tile_axi_16/u_tile_core/u_weight_mem/gen_weight_bram_lane[7].mem_r_reg/CLKBWRCLK
                            (rising edge-triggered cell RAMB18E1 clocked by aclk  {rise@0.000ns fall@5.000ns period=10.000ns})
  Destination:            u_tile_axi_16/u_tile_core/u_datapath/mul_stage_r_reg[7][13]/D
                            (rising edge-triggered cell FDCE clocked by aclk  {rise@0.000ns fall@5.000ns period=10.000ns})
  Path Group:             aclk
  Path Type:              Setup (Max at Slow Process Corner)
  Requirement:            10.000ns  (aclk rise@10.000ns - aclk rise@0.000ns)
  Data Path Delay:        8.567ns  (logic 5.038ns (58.809%)  route 3.529ns (41.191%))
  Logic Levels:           8  (CARRY4=4 LUT2=1 LUT3=1 LUT4=1 LUT6=1)
  Clock Path Skew:        -0.049ns (DCD - SCD + CPR)
    Destination Clock Delay (DCD):    0.924ns = ( 10.924 - 10.000 ) 
    Source Clock Delay      (SCD):    0.973ns
    Clock Pessimism Removal (CPR):    0.000ns
  Clock Uncertainty:      0.235ns  ((TSJ^2 + TIJ^2)^1/2 + DJ) / 2 + PE + UU
    Total System Jitter     (TSJ):    0.071ns
    Total Input Jitter      (TIJ):    0.000ns
    Discrete Jitter          (DJ):    0.000ns
    Phase Error              (PE):    0.000ns
    User Uncertainty         (UU):    0.200ns

    Location             Delay type                Incr(ns)  Path(ns)    Netlist Resource(s)
  -------------------------------------------------------------------    -------------------
                         (clock aclk rise edge)       0.000     0.000 r  
                                                      0.000     0.000 r  aclk (IN)
                         net (fo=790, unset)          0.973     0.973    u_tile_axi_16/u_tile_core/u_weight_mem/aclk
    RAMB18_X2Y27         RAMB18E1                                     r  u_tile_axi_16/u_tile_core/u_weight_mem/gen_weight_bram_lane[7].mem_r_reg/CLKBWRCLK
  -------------------------------------------------------------------    -------------------
    RAMB18_X2Y27         RAMB18E1 (Prop_ramb18e1_CLKBWRCLK_DOBDO[3])
                                                      2.454     3.427 f  u_tile_axi_16/u_tile_core/u_weight_mem/gen_weight_bram_lane[7].mem_r_reg/DOBDO[3]
                         net (fo=16, routed)          1.737     5.164    u_tile_axi_16/u_tile_core/u_datapath/gen_mlt_lane[7].u_mlt/weight_window_w[3]
    SLICE_X47Y62         LUT2 (Prop_lut2_I1_O)        0.152     5.316 r  u_tile_axi_16/u_tile_core/u_datapath/gen_mlt_lane[7].u_mlt/mul_stage_r[7][3]_i_10/O
                         net (fo=1, routed)           0.364     5.679    u_tile_axi_16/u_tile_core/u_window_generator/mul_stage_r_reg[7][3]_i_2
    SLICE_X46Y62         LUT6 (Prop_lut6_I1_O)        0.326     6.005 r  u_tile_axi_16/u_tile_core/u_window_generator/mul_stage_r[7][3]_i_6/O
                         net (fo=1, routed)           0.000     6.005    u_tile_axi_16/u_tile_core/u_datapath/gen_mlt_lane[7].u_mlt/mul_stage_r_reg[7][3][3]
    SLICE_X46Y62         CARRY4 (Prop_carry4_S[3]_CO[3])
                                                      0.376     6.381 r  u_tile_axi_16/u_tile_core/u_datapath/gen_mlt_lane[7].u_mlt/mul_stage_r_reg[7][3]_i_2/CO[3]
                         net (fo=1, routed)           0.000     6.381    u_tile_axi_16/u_tile_core/u_datapath/gen_mlt_lane[7].u_mlt/mul_stage_r_reg[7][3]_i_2_n_0
    SLICE_X46Y63         CARRY4 (Prop_carry4_CI_O[0])
                                                      0.219     6.600 r  u_tile_axi_16/u_tile_core/u_datapath/gen_mlt_lane[7].u_mlt/mul_stage_r_reg[7][11]_i_10/O[0]
                         net (fo=2, routed)           0.613     7.213    u_tile_axi_16/u_tile_core/u_datapath/gen_mlt_lane[7].u_mlt/mul_stage_r_reg[7][11]_i_10_n_7
    SLICE_X46Y65         LUT3 (Prop_lut3_I1_O)        0.320     7.533 r  u_tile_axi_16/u_tile_core/u_datapath/gen_mlt_lane[7].u_mlt/mul_stage_r[7][11]_i_5/O
                         net (fo=2, routed)           0.816     8.349    u_tile_axi_16/u_tile_core/u_datapath/gen_mlt_lane[7].u_mlt/mul_stage_r[7][11]_i_5_n_0
    SLICE_X46Y66         LUT4 (Prop_lut4_I3_O)        0.355     8.704 r  u_tile_axi_16/u_tile_core/u_datapath/gen_mlt_lane[7].u_mlt/mul_stage_r[7][11]_i_9/O
                         net (fo=1, routed)           0.000     8.704    u_tile_axi_16/u_tile_core/u_datapath/gen_mlt_lane[7].u_mlt/mul_stage_r[7][11]_i_9_n_0
    SLICE_X46Y66         CARRY4 (Prop_carry4_S[0]_CO[3])
                                                      0.513     9.217 r  u_tile_axi_16/u_tile_core/u_datapath/gen_mlt_lane[7].u_mlt/mul_stage_r_reg[7][11]_i_1/CO[3]
                         net (fo=1, routed)           0.000     9.217    u_tile_axi_16/u_tile_core/u_datapath/gen_mlt_lane[7].u_mlt/mul_stage_r_reg[7][11]_i_1_n_0
    SLICE_X46Y67         CARRY4 (Prop_carry4_CI_O[1])
                                                      0.323     9.540 r  u_tile_axi_16/u_tile_core/u_datapath/gen_mlt_lane[7].u_mlt/mul_stage_r_reg[7][15]_i_1/O[1]
                         net (fo=1, routed)           0.000     9.540    u_tile_axi_16/u_tile_core/u_datapath/gen_mlt_lane[7].u_mlt_n_2
    SLICE_X46Y67         FDCE                                         r  u_tile_axi_16/u_tile_core/u_datapath/mul_stage_r_reg[7][13]/D
  -------------------------------------------------------------------    -------------------

                         (clock aclk rise edge)      10.000    10.000 r  
                                                      0.000    10.000 r  aclk (IN)
                         net (fo=790, unset)          0.924    10.924    u_tile_axi_16/u_tile_core/u_datapath/aclk
    SLICE_X46Y67         FDCE                                         r  u_tile_axi_16/u_tile_core/u_datapath/mul_stage_r_reg[7][13]/C
                         clock pessimism              0.000    10.924    
                         clock uncertainty           -0.235    10.689    
    SLICE_X46Y67         FDCE (Setup_fdce_C_D)        0.109    10.798    u_tile_axi_16/u_tile_core/u_datapath/mul_stage_r_reg[7][13]
  -------------------------------------------------------------------
                         required time                         10.798    
                         arrival time                          -9.540    
  -------------------------------------------------------------------
                         slack                                  1.258    

Slack (MET) :             1.266ns  (required time - arrival time)
  Source:                 u_tile_axi_16/u_tile_core/u_weight_mem/gen_weight_bram_lane[7].mem_r_reg/CLKBWRCLK
                            (rising edge-triggered cell RAMB18E1 clocked by aclk  {rise@0.000ns fall@5.000ns period=10.000ns})
  Destination:            u_tile_axi_16/u_tile_core/u_datapath/mul_stage_r_reg[7][15]/D
                            (rising edge-triggered cell FDCE clocked by aclk  {rise@0.000ns fall@5.000ns period=10.000ns})
  Path Group:             aclk
  Path Type:              Setup (Max at Slow Process Corner)
  Requirement:            10.000ns  (aclk rise@10.000ns - aclk rise@0.000ns)
  Data Path Delay:        8.559ns  (logic 5.030ns (58.770%)  route 3.529ns (41.230%))
  Logic Levels:           8  (CARRY4=4 LUT2=1 LUT3=1 LUT4=1 LUT6=1)
  Clock Path Skew:        -0.049ns (DCD - SCD + CPR)
    Destination Clock Delay (DCD):    0.924ns = ( 10.924 - 10.000 ) 
    Source Clock Delay      (SCD):    0.973ns
    Clock Pessimism Removal (CPR):    0.000ns
  Clock Uncertainty:      0.235ns  ((TSJ^2 + TIJ^2)^1/2 + DJ) / 2 + PE + UU
    Total System Jitter     (TSJ):    0.071ns
    Total Input Jitter      (TIJ):    0.000ns
    Discrete Jitter          (DJ):    0.000ns
    Phase Error              (PE):    0.000ns
    User Uncertainty         (UU):    0.200ns

    Location             Delay type                Incr(ns)  Path(ns)    Netlist Resource(s)
  -------------------------------------------------------------------    -------------------
                         (clock aclk rise edge)       0.000     0.000 r  
                                                      0.000     0.000 r  aclk (IN)
                         net (fo=790, unset)          0.973     0.973    u_tile_axi_16/u_tile_core/u_weight_mem/aclk
    RAMB18_X2Y27         RAMB18E1                                     r  u_tile_axi_16/u_tile_core/u_weight_mem/gen_weight_bram_lane[7].mem_r_reg/CLKBWRCLK
  -------------------------------------------------------------------    -------------------
    RAMB18_X2Y27         RAMB18E1 (Prop_ramb18e1_CLKBWRCLK_DOBDO[3])
                                                      2.454     3.427 f  u_tile_axi_16/u_tile_core/u_weight_mem/gen_weight_bram_lane[7].mem_r_reg/DOBDO[3]
                         net (fo=16, routed)          1.737     5.164    u_tile_axi_16/u_tile_core/u_datapath/gen_mlt_lane[7].u_mlt/weight_window_w[3]
    SLICE_X47Y62         LUT2 (Prop_lut2_I1_O)        0.152     5.316 r  u_tile_axi_16/u_tile_core/u_datapath/gen_mlt_lane[7].u_mlt/mul_stage_r[7][3]_i_10/O
                         net (fo=1, routed)           0.364     5.679    u_tile_axi_16/u_tile_core/u_window_generator/mul_stage_r_reg[7][3]_i_2
    SLICE_X46Y62         LUT6 (Prop_lut6_I1_O)        0.326     6.005 r  u_tile_axi_16/u_tile_core/u_window_generator/mul_stage_r[7][3]_i_6/O
                         net (fo=1, routed)           0.000     6.005    u_tile_axi_16/u_tile_core/u_datapath/gen_mlt_lane[7].u_mlt/mul_stage_r_reg[7][3][3]
    SLICE_X46Y62         CARRY4 (Prop_carry4_S[3]_CO[3])
                                                      0.376     6.381 r  u_tile_axi_16/u_tile_core/u_datapath/gen_mlt_lane[7].u_mlt/mul_stage_r_reg[7][3]_i_2/CO[3]
                         net (fo=1, routed)           0.000     6.381    u_tile_axi_16/u_tile_core/u_datapath/gen_mlt_lane[7].u_mlt/mul_stage_r_reg[7][3]_i_2_n_0
    SLICE_X46Y63         CARRY4 (Prop_carry4_CI_O[0])
                                                      0.219     6.600 r  u_tile_axi_16/u_tile_core/u_datapath/gen_mlt_lane[7].u_mlt/mul_stage_r_reg[7][11]_i_10/O[0]
                         net (fo=2, routed)           0.613     7.213    u_tile_axi_16/u_tile_core/u_datapath/gen_mlt_lane[7].u_mlt/mul_stage_r_reg[7][11]_i_10_n_7
    SLICE_X46Y65         LUT3 (Prop_lut3_I1_O)        0.320     7.533 r  u_tile_axi_16/u_tile_core/u_datapath/gen_mlt_lane[7].u_mlt/mul_stage_r[7][11]_i_5/O
                         net (fo=2, routed)           0.816     8.349    u_tile_axi_16/u_tile_core/u_datapath/gen_mlt_lane[7].u_mlt/mul_stage_r[7][11]_i_5_n_0
    SLICE_X46Y66         LUT4 (Prop_lut4_I3_O)        0.355     8.704 r  u_tile_axi_16/u_tile_core/u_datapath/gen_mlt_lane[7].u_mlt/mul_stage_r[7][11]_i_9/O
                         net (fo=1, routed)           0.000     8.704    u_tile_axi_16/u_tile_core/u_datapath/gen_mlt_lane[7].u_mlt/mul_stage_r[7][11]_i_9_n_0
    SLICE_X46Y66         CARRY4 (Prop_carry4_S[0]_CO[3])
                                                      0.513     9.217 r  u_tile_axi_16/u_tile_core/u_datapath/gen_mlt_lane[7].u_mlt/mul_stage_r_reg[7][11]_i_1/CO[3]
                         net (fo=1, routed)           0.000     9.217    u_tile_axi_16/u_tile_core/u_datapath/gen_mlt_lane[7].u_mlt/mul_stage_r_reg[7][11]_i_1_n_0
    SLICE_X46Y67         CARRY4 (Prop_carry4_CI_O[3])
                                                      0.315     9.532 r  u_tile_axi_16/u_tile_core/u_datapath/gen_mlt_lane[7].u_mlt/mul_stage_r_reg[7][15]_i_1/O[3]
                         net (fo=1, routed)           0.000     9.532    u_tile_axi_16/u_tile_core/u_datapath/gen_mlt_lane[7].u_mlt_n_0
    SLICE_X46Y67         FDCE                                         r  u_tile_axi_16/u_tile_core/u_datapath/mul_stage_r_reg[7][15]/D
  -------------------------------------------------------------------    -------------------

                         (clock aclk rise edge)      10.000    10.000 r  
                                                      0.000    10.000 r  aclk (IN)
                         net (fo=790, unset)          0.924    10.924    u_tile_axi_16/u_tile_core/u_datapath/aclk
    SLICE_X46Y67         FDCE                                         r  u_tile_axi_16/u_tile_core/u_datapath/mul_stage_r_reg[7][15]/C
                         clock pessimism              0.000    10.924    
                         clock uncertainty           -0.235    10.689    
    SLICE_X46Y67         FDCE (Setup_fdce_C_D)        0.109    10.798    u_tile_axi_16/u_tile_core/u_datapath/mul_stage_r_reg[7][15]
  -------------------------------------------------------------------
                         required time                         10.798    
                         arrival time                          -9.532    
  -------------------------------------------------------------------
                         slack                                  1.266    

Slack (MET) :             1.285ns  (required time - arrival time)
  Source:                 u_tile_axi_16/u_tile_core/u_weight_mem/gen_weight_bram_lane[6].mem_r_reg/CLKBWRCLK
                            (rising edge-triggered cell RAMB18E1 clocked by aclk  {rise@0.000ns fall@5.000ns period=10.000ns})
  Destination:            u_tile_axi_16/u_tile_core/u_datapath/mul_stage_r_reg[6][13]/D
                            (rising edge-triggered cell FDCE clocked by aclk  {rise@0.000ns fall@5.000ns period=10.000ns})
  Path Group:             aclk
  Path Type:              Setup (Max at Slow Process Corner)
  Requirement:            10.000ns  (aclk rise@10.000ns - aclk rise@0.000ns)
  Data Path Delay:        8.493ns  (logic 4.752ns (55.953%)  route 3.741ns (44.047%))
  Logic Levels:           8  (CARRY4=4 LUT3=1 LUT4=1 LUT6=2)
  Clock Path Skew:        -0.049ns (DCD - SCD + CPR)
    Destination Clock Delay (DCD):    0.924ns = ( 10.924 - 10.000 ) 
    Source Clock Delay      (SCD):    0.973ns
    Clock Pessimism Removal (CPR):    0.000ns
  Clock Uncertainty:      0.235ns  ((TSJ^2 + TIJ^2)^1/2 + DJ) / 2 + PE + UU
    Total System Jitter     (TSJ):    0.071ns
    Total Input Jitter      (TIJ):    0.000ns
    Discrete Jitter          (DJ):    0.000ns
    Phase Error              (PE):    0.000ns
    User Uncertainty         (UU):    0.200ns

    Location             Delay type                Incr(ns)  Path(ns)    Netlist Resource(s)
  -------------------------------------------------------------------    -------------------
                         (clock aclk rise edge)       0.000     0.000 r  
                                                      0.000     0.000 r  aclk (IN)
                         net (fo=790, unset)          0.973     0.973    u_tile_axi_16/u_tile_core/u_weight_mem/aclk
    RAMB18_X2Y31         RAMB18E1                                     r  u_tile_axi_16/u_tile_core/u_weight_mem/gen_weight_bram_lane[6].mem_r_reg/CLKBWRCLK
  -------------------------------------------------------------------    -------------------
    RAMB18_X2Y31         RAMB18E1 (Prop_ramb18e1_CLKBWRCLK_DOBDO[2])
                                                      2.454     3.427 r  u_tile_axi_16/u_tile_core/u_weight_mem/gen_weight_bram_lane[6].mem_r_reg/DOBDO[2]
                         net (fo=16, routed)          1.694     5.121    u_tile_axi_16/u_tile_core/u_datapath/gen_mlt_lane[6].u_mlt/weight_window_w[2]
    SLICE_X46Y71         LUT6 (Prop_lut6_I0_O)        0.124     5.245 r  u_tile_axi_16/u_tile_core/u_datapath/gen_mlt_lane[6].u_mlt/mul_stage_r[6][11]_i_36/O
                         net (fo=2, routed)           0.570     5.815    u_tile_axi_16/u_tile_core/u_weight_mem/mul_stage_r_reg[6][11]_i_13[0]
    SLICE_X46Y69         LUT6 (Prop_lut6_I0_O)        0.124     5.939 r  u_tile_axi_16/u_tile_core/u_weight_mem/mul_stage_r[6][11]_i_40/O
                         net (fo=1, routed)           0.000     5.939    u_tile_axi_16/u_tile_core/u_datapath/gen_mlt_lane[6].u_mlt/mul_stage_r[6][7]_i_9_0[0]
    SLICE_X46Y69         CARRY4 (Prop_carry4_S[0]_O[2])
                                                      0.544     6.483 r  u_tile_axi_16/u_tile_core/u_datapath/gen_mlt_lane[6].u_mlt/mul_stage_r_reg[6][11]_i_13/O[2]
                         net (fo=2, routed)           0.829     7.311    u_tile_axi_16/u_tile_core/u_datapath/gen_mlt_lane[6].u_mlt/mul_stage_r_reg[6][11]_i_13_n_5
    SLICE_X44Y68         LUT3 (Prop_lut3_I2_O)        0.330     7.641 r  u_tile_axi_16/u_tile_core/u_datapath/gen_mlt_lane[6].u_mlt/mul_stage_r[6][7]_i_2/O
                         net (fo=2, routed)           0.648     8.290    u_tile_axi_16/u_tile_core/u_datapath/gen_mlt_lane[6].u_mlt/mul_stage_r[6][7]_i_2_n_0
    SLICE_X44Y68         LUT4 (Prop_lut4_I3_O)        0.327     8.617 r  u_tile_axi_16/u_tile_core/u_datapath/gen_mlt_lane[6].u_mlt/mul_stage_r[6][7]_i_6/O
                         net (fo=1, routed)           0.000     8.617    u_tile_axi_16/u_tile_core/u_datapath/gen_mlt_lane[6].u_mlt/mul_stage_r[6][7]_i_6_n_0
    SLICE_X44Y68         CARRY4 (Prop_carry4_S[3]_CO[3])
                                                      0.401     9.018 r  u_tile_axi_16/u_tile_core/u_datapath/gen_mlt_lane[6].u_mlt/mul_stage_r_reg[6][7]_i_1/CO[3]
                         net (fo=1, routed)           0.000     9.018    u_tile_axi_16/u_tile_core/u_datapath/gen_mlt_lane[6].u_mlt/mul_stage_r_reg[6][7]_i_1_n_0
    SLICE_X44Y69         CARRY4 (Prop_carry4_CI_CO[3])
                                                      0.114     9.132 r  u_tile_axi_16/u_tile_core/u_datapath/gen_mlt_lane[6].u_mlt/mul_stage_r_reg[6][11]_i_1/CO[3]
                         net (fo=1, routed)           0.000     9.132    u_tile_axi_16/u_tile_core/u_datapath/gen_mlt_lane[6].u_mlt/mul_stage_r_reg[6][11]_i_1_n_0
    SLICE_X44Y70         CARRY4 (Prop_carry4_CI_O[1])
                                                      0.334     9.466 r  u_tile_axi_16/u_tile_core/u_datapath/gen_mlt_lane[6].u_mlt/mul_stage_r_reg[6][15]_i_1/O[1]
                         net (fo=1, routed)           0.000     9.466    u_tile_axi_16/u_tile_core/u_datapath/gen_mlt_lane[6].u_mlt_n_2
    SLICE_X44Y70         FDCE                                         r  u_tile_axi_16/u_tile_core/u_datapath/mul_stage_r_reg[6][13]/D
  -------------------------------------------------------------------    -------------------

                         (clock aclk rise edge)      10.000    10.000 r  
                                                      0.000    10.000 r  aclk (IN)
                         net (fo=790, unset)          0.924    10.924    u_tile_axi_16/u_tile_core/u_datapath/aclk
    SLICE_X44Y70         FDCE                                         r  u_tile_axi_16/u_tile_core/u_datapath/mul_stage_r_reg[6][13]/C
                         clock pessimism              0.000    10.924    
                         clock uncertainty           -0.235    10.689    
    SLICE_X44Y70         FDCE (Setup_fdce_C_D)        0.062    10.751    u_tile_axi_16/u_tile_core/u_datapath/mul_stage_r_reg[6][13]
  -------------------------------------------------------------------
                         required time                         10.751    
                         arrival time                          -9.466    
  -------------------------------------------------------------------
                         slack                                  1.285    

Slack (MET) :             1.306ns  (required time - arrival time)
  Source:                 u_tile_axi_16/u_tile_core/u_weight_mem/gen_weight_bram_lane[6].mem_r_reg/CLKBWRCLK
                            (rising edge-triggered cell RAMB18E1 clocked by aclk  {rise@0.000ns fall@5.000ns period=10.000ns})
  Destination:            u_tile_axi_16/u_tile_core/u_datapath/mul_stage_r_reg[6][15]/D
                            (rising edge-triggered cell FDCE clocked by aclk  {rise@0.000ns fall@5.000ns period=10.000ns})
  Path Group:             aclk
  Path Type:              Setup (Max at Slow Process Corner)
  Requirement:            10.000ns  (aclk rise@10.000ns - aclk rise@0.000ns)
  Data Path Delay:        8.472ns  (logic 4.731ns (55.844%)  route 3.741ns (44.156%))
  Logic Levels:           8  (CARRY4=4 LUT3=1 LUT4=1 LUT6=2)
  Clock Path Skew:        -0.049ns (DCD - SCD + CPR)
    Destination Clock Delay (DCD):    0.924ns = ( 10.924 - 10.000 ) 
    Source Clock Delay      (SCD):    0.973ns
    Clock Pessimism Removal (CPR):    0.000ns
  Clock Uncertainty:      0.235ns  ((TSJ^2 + TIJ^2)^1/2 + DJ) / 2 + PE + UU
    Total System Jitter     (TSJ):    0.071ns
    Total Input Jitter      (TIJ):    0.000ns
    Discrete Jitter          (DJ):    0.000ns
    Phase Error              (PE):    0.000ns
    User Uncertainty         (UU):    0.200ns

    Location             Delay type                Incr(ns)  Path(ns)    Netlist Resource(s)
  -------------------------------------------------------------------    -------------------
                         (clock aclk rise edge)       0.000     0.000 r  
                                                      0.000     0.000 r  aclk (IN)
                         net (fo=790, unset)          0.973     0.973    u_tile_axi_16/u_tile_core/u_weight_mem/aclk
    RAMB18_X2Y31         RAMB18E1                                     r  u_tile_axi_16/u_tile_core/u_weight_mem/gen_weight_bram_lane[6].mem_r_reg/CLKBWRCLK
  -------------------------------------------------------------------    -------------------
    RAMB18_X2Y31         RAMB18E1 (Prop_ramb18e1_CLKBWRCLK_DOBDO[2])
                                                      2.454     3.427 r  u_tile_axi_16/u_tile_core/u_weight_mem/gen_weight_bram_lane[6].mem_r_reg/DOBDO[2]
                         net (fo=16, routed)          1.694     5.121    u_tile_axi_16/u_tile_core/u_datapath/gen_mlt_lane[6].u_mlt/weight_window_w[2]
    SLICE_X46Y71         LUT6 (Prop_lut6_I0_O)        0.124     5.245 r  u_tile_axi_16/u_tile_core/u_datapath/gen_mlt_lane[6].u_mlt/mul_stage_r[6][11]_i_36/O
                         net (fo=2, routed)           0.570     5.815    u_tile_axi_16/u_tile_core/u_weight_mem/mul_stage_r_reg[6][11]_i_13[0]
    SLICE_X46Y69         LUT6 (Prop_lut6_I0_O)        0.124     5.939 r  u_tile_axi_16/u_tile_core/u_weight_mem/mul_stage_r[6][11]_i_40/O
                         net (fo=1, routed)           0.000     5.939    u_tile_axi_16/u_tile_core/u_datapath/gen_mlt_lane[6].u_mlt/mul_stage_r[6][7]_i_9_0[0]
    SLICE_X46Y69         CARRY4 (Prop_carry4_S[0]_O[2])
                                                      0.544     6.483 r  u_tile_axi_16/u_tile_core/u_datapath/gen_mlt_lane[6].u_mlt/mul_stage_r_reg[6][11]_i_13/O[2]
                         net (fo=2, routed)           0.829     7.311    u_tile_axi_16/u_tile_core/u_datapath/gen_mlt_lane[6].u_mlt/mul_stage_r_reg[6][11]_i_13_n_5
    SLICE_X44Y68         LUT3 (Prop_lut3_I2_O)        0.330     7.641 r  u_tile_axi_16/u_tile_core/u_datapath/gen_mlt_lane[6].u_mlt/mul_stage_r[6][7]_i_2/O
                         net (fo=2, routed)           0.648     8.290    u_tile_axi_16/u_tile_core/u_datapath/gen_mlt_lane[6].u_mlt/mul_stage_r[6][7]_i_2_n_0
    SLICE_X44Y68         LUT4 (Prop_lut4_I3_O)        0.327     8.617 r  u_tile_axi_16/u_tile_core/u_datapath/gen_mlt_lane[6].u_mlt/mul_stage_r[6][7]_i_6/O
                         net (fo=1, routed)           0.000     8.617    u_tile_axi_16/u_tile_core/u_datapath/gen_mlt_lane[6].u_mlt/mul_stage_r[6][7]_i_6_n_0
    SLICE_X44Y68         CARRY4 (Prop_carry4_S[3]_CO[3])
                                                      0.401     9.018 r  u_tile_axi_16/u_tile_core/u_datapath/gen_mlt_lane[6].u_mlt/mul_stage_r_reg[6][7]_i_1/CO[3]
                         net (fo=1, routed)           0.000     9.018    u_tile_axi_16/u_tile_core/u_datapath/gen_mlt_lane[6].u_mlt/mul_stage_r_reg[6][7]_i_1_n_0
    SLICE_X44Y69         CARRY4 (Prop_carry4_CI_CO[3])
                                                      0.114     9.132 r  u_tile_axi_16/u_tile_core/u_datapath/gen_mlt_lane[6].u_mlt/mul_stage_r_reg[6][11]_i_1/CO[3]
                         net (fo=1, routed)           0.000     9.132    u_tile_axi_16/u_tile_core/u_datapath/gen_mlt_lane[6].u_mlt/mul_stage_r_reg[6][11]_i_1_n_0
    SLICE_X44Y70         CARRY4 (Prop_carry4_CI_O[3])
                                                      0.313     9.445 r  u_tile_axi_16/u_tile_core/u_datapath/gen_mlt_lane[6].u_mlt/mul_stage_r_reg[6][15]_i_1/O[3]
                         net (fo=1, routed)           0.000     9.445    u_tile_axi_16/u_tile_core/u_datapath/gen_mlt_lane[6].u_mlt_n_0
    SLICE_X44Y70         FDCE                                         r  u_tile_axi_16/u_tile_core/u_datapath/mul_stage_r_reg[6][15]/D
  -------------------------------------------------------------------    -------------------

                         (clock aclk rise edge)      10.000    10.000 r  
                                                      0.000    10.000 r  aclk (IN)
                         net (fo=790, unset)          0.924    10.924    u_tile_axi_16/u_tile_core/u_datapath/aclk
    SLICE_X44Y70         FDCE                                         r  u_tile_axi_16/u_tile_core/u_datapath/mul_stage_r_reg[6][15]/C
                         clock pessimism              0.000    10.924    
                         clock uncertainty           -0.235    10.689    
    SLICE_X44Y70         FDCE (Setup_fdce_C_D)        0.062    10.751    u_tile_axi_16/u_tile_core/u_datapath/mul_stage_r_reg[6][15]
  -------------------------------------------------------------------
                         required time                         10.751    
                         arrival time                          -9.445    
  -------------------------------------------------------------------
                         slack                                  1.306    

Slack (MET) :             1.310ns  (required time - arrival time)
  Source:                 u_tile_axi_16/u_tile_core/u_weight_mem/gen_weight_bram_lane[2].mem_r_reg/CLKBWRCLK
                            (rising edge-triggered cell RAMB18E1 clocked by aclk  {rise@0.000ns fall@5.000ns period=10.000ns})
  Destination:            u_tile_axi_16/u_tile_core/u_datapath/mul_stage_r_reg[2][13]/D
                            (rising edge-triggered cell FDCE clocked by aclk  {rise@0.000ns fall@5.000ns period=10.000ns})
  Path Group:             aclk
  Path Type:              Setup (Max at Slow Process Corner)
  Requirement:            10.000ns  (aclk rise@10.000ns - aclk rise@0.000ns)
  Data Path Delay:        8.468ns  (logic 5.085ns (60.047%)  route 3.383ns (39.953%))
  Logic Levels:           9  (CARRY4=5 LUT2=1 LUT3=1 LUT4=1 LUT6=1)
  Clock Path Skew:        -0.049ns (DCD - SCD + CPR)
    Destination Clock Delay (DCD):    0.924ns = ( 10.924 - 10.000 ) 
    Source Clock Delay      (SCD):    0.973ns
    Clock Pessimism Removal (CPR):    0.000ns
  Clock Uncertainty:      0.235ns  ((TSJ^2 + TIJ^2)^1/2 + DJ) / 2 + PE + UU
    Total System Jitter     (TSJ):    0.071ns
    Total Input Jitter      (TIJ):    0.000ns
    Discrete Jitter          (DJ):    0.000ns
    Phase Error              (PE):    0.000ns
    User Uncertainty         (UU):    0.200ns

    Location             Delay type                Incr(ns)  Path(ns)    Netlist Resource(s)
  -------------------------------------------------------------------    -------------------
                         (clock aclk rise edge)       0.000     0.000 r  
                                                      0.000     0.000 r  aclk (IN)
                         net (fo=790, unset)          0.973     0.973    u_tile_axi_16/u_tile_core/u_weight_mem/aclk
    RAMB18_X2Y29         RAMB18E1                                     r  u_tile_axi_16/u_tile_core/u_weight_mem/gen_weight_bram_lane[2].mem_r_reg/CLKBWRCLK
  -------------------------------------------------------------------    -------------------
    RAMB18_X2Y29         RAMB18E1 (Prop_ramb18e1_CLKBWRCLK_DOBDO[0])
                                                      2.454     3.427 f  u_tile_axi_16/u_tile_core/u_weight_mem/gen_weight_bram_lane[2].mem_r_reg/DOBDO[0]
                         net (fo=16, routed)          1.431     4.858    u_tile_axi_16/u_tile_core/u_datapath/gen_mlt_lane[2].u_mlt/weight_window_w[0]
    SLICE_X44Y72         LUT2 (Prop_lut2_I1_O)        0.152     5.010 r  u_tile_axi_16/u_tile_core/u_datapath/gen_mlt_lane[2].u_mlt/mul_stage_r[2][2]_i_9/O
                         net (fo=1, routed)           0.434     5.444    u_tile_axi_16/u_tile_core/u_window_generator/mul_stage_r_reg[2][2]
    SLICE_X43Y71         LUT6 (Prop_lut6_I1_O)        0.332     5.776 r  u_tile_axi_16/u_tile_core/u_window_generator/mul_stage_r[2][2]_i_5/O
                         net (fo=1, routed)           0.000     5.776    u_tile_axi_16/u_tile_core/u_datapath/gen_mlt_lane[2].u_mlt/mul_stage_r_reg[2][2][3]
    SLICE_X43Y71         CARRY4 (Prop_carry4_S[3]_CO[3])
                                                      0.401     6.177 r  u_tile_axi_16/u_tile_core/u_datapath/gen_mlt_lane[2].u_mlt/mul_stage_r_reg[2][2]_i_1/CO[3]
                         net (fo=1, routed)           0.000     6.177    u_tile_axi_16/u_tile_core/u_datapath/gen_mlt_lane[2].u_mlt/mul_stage_r_reg[2][2]_i_1_n_0
    SLICE_X43Y72         CARRY4 (Prop_carry4_CI_O[2])
                                                      0.239     6.416 r  u_tile_axi_16/u_tile_core/u_datapath/gen_mlt_lane[2].u_mlt/mul_stage_r_reg[2][11]_i_13/O[2]
                         net (fo=2, routed)           0.829     7.245    u_tile_axi_16/u_tile_core/u_datapath/gen_mlt_lane[2].u_mlt/mul_stage_r_reg[2][11]_i_13_n_5
    SLICE_X40Y71         LUT3 (Prop_lut3_I2_O)        0.331     7.576 r  u_tile_axi_16/u_tile_core/u_datapath/gen_mlt_lane[2].u_mlt/mul_stage_r[2][7]_i_2/O
                         net (fo=2, routed)           0.690     8.265    u_tile_axi_16/u_tile_core/u_datapath/gen_mlt_lane[2].u_mlt/mul_stage_r[2][7]_i_2_n_0
    SLICE_X40Y71         LUT4 (Prop_lut4_I3_O)        0.327     8.592 r  u_tile_axi_16/u_tile_core/u_datapath/gen_mlt_lane[2].u_mlt/mul_stage_r[2][7]_i_6/O
                         net (fo=1, routed)           0.000     8.592    u_tile_axi_16/u_tile_core/u_datapath/gen_mlt_lane[2].u_mlt/mul_stage_r[2][7]_i_6_n_0
    SLICE_X40Y71         CARRY4 (Prop_carry4_S[3]_CO[3])
                                                      0.401     8.993 r  u_tile_axi_16/u_tile_core/u_datapath/gen_mlt_lane[2].u_mlt/mul_stage_r_reg[2][7]_i_1/CO[3]
                         net (fo=1, routed)           0.000     8.993    u_tile_axi_16/u_tile_core/u_datapath/gen_mlt_lane[2].u_mlt/mul_stage_r_reg[2][7]_i_1_n_0
    SLICE_X40Y72         CARRY4 (Prop_carry4_CI_CO[3])
                                                      0.114     9.107 r  u_tile_axi_16/u_tile_core/u_datapath/gen_mlt_lane[2].u_mlt/mul_stage_r_reg[2][11]_i_1/CO[3]
                         net (fo=1, routed)           0.000     9.107    u_tile_axi_16/u_tile_core/u_datapath/gen_mlt_lane[2].u_mlt/mul_stage_r_reg[2][11]_i_1_n_0
    SLICE_X40Y73         CARRY4 (Prop_carry4_CI_O[1])
                                                      0.334     9.441 r  u_tile_axi_16/u_tile_core/u_datapath/gen_mlt_lane[2].u_mlt/mul_stage_r_reg[2][15]_i_1/O[1]
                         net (fo=1, routed)           0.000     9.441    u_tile_axi_16/u_tile_core/u_datapath/gen_mlt_lane[2].u_mlt_n_2
    SLICE_X40Y73         FDCE                                         r  u_tile_axi_16/u_tile_core/u_datapath/mul_stage_r_reg[2][13]/D
  -------------------------------------------------------------------    -------------------

                         (clock aclk rise edge)      10.000    10.000 r  
                                                      0.000    10.000 r  aclk (IN)
                         net (fo=790, unset)          0.924    10.924    u_tile_axi_16/u_tile_core/u_datapath/aclk
    SLICE_X40Y73         FDCE                                         r  u_tile_axi_16/u_tile_core/u_datapath/mul_stage_r_reg[2][13]/C
                         clock pessimism              0.000    10.924    
                         clock uncertainty           -0.235    10.689    
    SLICE_X40Y73         FDCE (Setup_fdce_C_D)        0.062    10.751    u_tile_axi_16/u_tile_core/u_datapath/mul_stage_r_reg[2][13]
  -------------------------------------------------------------------
                         required time                         10.751    
                         arrival time                          -9.441    
  -------------------------------------------------------------------
                         slack                                  1.310    

Slack (MET) :             1.331ns  (required time - arrival time)
  Source:                 u_tile_axi_16/u_tile_core/u_weight_mem/gen_weight_bram_lane[2].mem_r_reg/CLKBWRCLK
                            (rising edge-triggered cell RAMB18E1 clocked by aclk  {rise@0.000ns fall@5.000ns period=10.000ns})
  Destination:            u_tile_axi_16/u_tile_core/u_datapath/mul_stage_r_reg[2][15]/D
                            (rising edge-triggered cell FDCE clocked by aclk  {rise@0.000ns fall@5.000ns period=10.000ns})
  Path Group:             aclk
  Path Type:              Setup (Max at Slow Process Corner)
  Requirement:            10.000ns  (aclk rise@10.000ns - aclk rise@0.000ns)
  Data Path Delay:        8.447ns  (logic 5.064ns (59.947%)  route 3.383ns (40.053%))
  Logic Levels:           9  (CARRY4=5 LUT2=1 LUT3=1 LUT4=1 LUT6=1)
  Clock Path Skew:        -0.049ns (DCD - SCD + CPR)
    Destination Clock Delay (DCD):    0.924ns = ( 10.924 - 10.000 ) 
    Source Clock Delay      (SCD):    0.973ns
    Clock Pessimism Removal (CPR):    0.000ns
  Clock Uncertainty:      0.235ns  ((TSJ^2 + TIJ^2)^1/2 + DJ) / 2 + PE + UU
    Total System Jitter     (TSJ):    0.071ns
    Total Input Jitter      (TIJ):    0.000ns
    Discrete Jitter          (DJ):    0.000ns
    Phase Error              (PE):    0.000ns
    User Uncertainty         (UU):    0.200ns

    Location             Delay type                Incr(ns)  Path(ns)    Netlist Resource(s)
  -------------------------------------------------------------------    -------------------
                         (clock aclk rise edge)       0.000     0.000 r  
                                                      0.000     0.000 r  aclk (IN)
                         net (fo=790, unset)          0.973     0.973    u_tile_axi_16/u_tile_core/u_weight_mem/aclk
    RAMB18_X2Y29         RAMB18E1                                     r  u_tile_axi_16/u_tile_core/u_weight_mem/gen_weight_bram_lane[2].mem_r_reg/CLKBWRCLK
  -------------------------------------------------------------------    -------------------
    RAMB18_X2Y29         RAMB18E1 (Prop_ramb18e1_CLKBWRCLK_DOBDO[0])
                                                      2.454     3.427 f  u_tile_axi_16/u_tile_core/u_weight_mem/gen_weight_bram_lane[2].mem_r_reg/DOBDO[0]
                         net (fo=16, routed)          1.431     4.858    u_tile_axi_16/u_tile_core/u_datapath/gen_mlt_lane[2].u_mlt/weight_window_w[0]
    SLICE_X44Y72         LUT2 (Prop_lut2_I1_O)        0.152     5.010 r  u_tile_axi_16/u_tile_core/u_datapath/gen_mlt_lane[2].u_mlt/mul_stage_r[2][2]_i_9/O
                         net (fo=1, routed)           0.434     5.444    u_tile_axi_16/u_tile_core/u_window_generator/mul_stage_r_reg[2][2]
    SLICE_X43Y71         LUT6 (Prop_lut6_I1_O)        0.332     5.776 r  u_tile_axi_16/u_tile_core/u_window_generator/mul_stage_r[2][2]_i_5/O
                         net (fo=1, routed)           0.000     5.776    u_tile_axi_16/u_tile_core/u_datapath/gen_mlt_lane[2].u_mlt/mul_stage_r_reg[2][2][3]
    SLICE_X43Y71         CARRY4 (Prop_carry4_S[3]_CO[3])
                                                      0.401     6.177 r  u_tile_axi_16/u_tile_core/u_datapath/gen_mlt_lane[2].u_mlt/mul_stage_r_reg[2][2]_i_1/CO[3]
                         net (fo=1, routed)           0.000     6.177    u_tile_axi_16/u_tile_core/u_datapath/gen_mlt_lane[2].u_mlt/mul_stage_r_reg[2][2]_i_1_n_0
    SLICE_X43Y72         CARRY4 (Prop_carry4_CI_O[2])
                                                      0.239     6.416 r  u_tile_axi_16/u_tile_core/u_datapath/gen_mlt_lane[2].u_mlt/mul_stage_r_reg[2][11]_i_13/O[2]
                         net (fo=2, routed)           0.829     7.245    u_tile_axi_16/u_tile_core/u_datapath/gen_mlt_lane[2].u_mlt/mul_stage_r_reg[2][11]_i_13_n_5
    SLICE_X40Y71         LUT3 (Prop_lut3_I2_O)        0.331     7.576 r  u_tile_axi_16/u_tile_core/u_datapath/gen_mlt_lane[2].u_mlt/mul_stage_r[2][7]_i_2/O
                         net (fo=2, routed)           0.690     8.265    u_tile_axi_16/u_tile_core/u_datapath/gen_mlt_lane[2].u_mlt/mul_stage_r[2][7]_i_2_n_0
    SLICE_X40Y71         LUT4 (Prop_lut4_I3_O)        0.327     8.592 r  u_tile_axi_16/u_tile_core/u_datapath/gen_mlt_lane[2].u_mlt/mul_stage_r[2][7]_i_6/O
                         net (fo=1, routed)           0.000     8.592    u_tile_axi_16/u_tile_core/u_datapath/gen_mlt_lane[2].u_mlt/mul_stage_r[2][7]_i_6_n_0
    SLICE_X40Y71         CARRY4 (Prop_carry4_S[3]_CO[3])
                                                      0.401     8.993 r  u_tile_axi_16/u_tile_core/u_datapath/gen_mlt_lane[2].u_mlt/mul_stage_r_reg[2][7]_i_1/CO[3]
                         net (fo=1, routed)           0.000     8.993    u_tile_axi_16/u_tile_core/u_datapath/gen_mlt_lane[2].u_mlt/mul_stage_r_reg[2][7]_i_1_n_0
    SLICE_X40Y72         CARRY4 (Prop_carry4_CI_CO[3])
                                                      0.114     9.107 r  u_tile_axi_16/u_tile_core/u_datapath/gen_mlt_lane[2].u_mlt/mul_stage_r_reg[2][11]_i_1/CO[3]
                         net (fo=1, routed)           0.000     9.107    u_tile_axi_16/u_tile_core/u_datapath/gen_mlt_lane[2].u_mlt/mul_stage_r_reg[2][11]_i_1_n_0
    SLICE_X40Y73         CARRY4 (Prop_carry4_CI_O[3])
                                                      0.313     9.420 r  u_tile_axi_16/u_tile_core/u_datapath/gen_mlt_lane[2].u_mlt/mul_stage_r_reg[2][15]_i_1/O[3]
                         net (fo=1, routed)           0.000     9.420    u_tile_axi_16/u_tile_core/u_datapath/gen_mlt_lane[2].u_mlt_n_0
    SLICE_X40Y73         FDCE                                         r  u_tile_axi_16/u_tile_core/u_datapath/mul_stage_r_reg[2][15]/D
  -------------------------------------------------------------------    -------------------

                         (clock aclk rise edge)      10.000    10.000 r  
                                                      0.000    10.000 r  aclk (IN)
                         net (fo=790, unset)          0.924    10.924    u_tile_axi_16/u_tile_core/u_datapath/aclk
    SLICE_X40Y73         FDCE                                         r  u_tile_axi_16/u_tile_core/u_datapath/mul_stage_r_reg[2][15]/C
                         clock pessimism              0.000    10.924    
                         clock uncertainty           -0.235    10.689    
    SLICE_X40Y73         FDCE (Setup_fdce_C_D)        0.062    10.751    u_tile_axi_16/u_tile_core/u_datapath/mul_stage_r_reg[2][15]
  -------------------------------------------------------------------
                         required time                         10.751    
                         arrival time                          -9.420    
  -------------------------------------------------------------------
                         slack                                  1.331    

Slack (MET) :             1.342ns  (required time - arrival time)
  Source:                 u_tile_axi_16/u_tile_core/u_weight_mem/gen_weight_bram_lane[7].mem_r_reg/CLKBWRCLK
                            (rising edge-triggered cell RAMB18E1 clocked by aclk  {rise@0.000ns fall@5.000ns period=10.000ns})
  Destination:            u_tile_axi_16/u_tile_core/u_datapath/mul_stage_r_reg[7][14]/D
                            (rising edge-triggered cell FDCE clocked by aclk  {rise@0.000ns fall@5.000ns period=10.000ns})
  Path Group:             aclk
  Path Type:              Setup (Max at Slow Process Corner)
  Requirement:            10.000ns  (aclk rise@10.000ns - aclk rise@0.000ns)
  Data Path Delay:        8.483ns  (logic 4.954ns (58.401%)  route 3.529ns (41.599%))
  Logic Levels:           8  (CARRY4=4 LUT2=1 LUT3=1 LUT4=1 LUT6=1)
  Clock Path Skew:        -0.049ns (DCD - SCD + CPR)
    Destination Clock Delay (DCD):    0.924ns = ( 10.924 - 10.000 ) 
    Source Clock Delay      (SCD):    0.973ns
    Clock Pessimism Removal (CPR):    0.000ns
  Clock Uncertainty:      0.235ns  ((TSJ^2 + TIJ^2)^1/2 + DJ) / 2 + PE + UU
    Total System Jitter     (TSJ):    0.071ns
    Total Input Jitter      (TIJ):    0.000ns
    Discrete Jitter          (DJ):    0.000ns
    Phase Error              (PE):    0.000ns
    User Uncertainty         (UU):    0.200ns

    Location             Delay type                Incr(ns)  Path(ns)    Netlist Resource(s)
  -------------------------------------------------------------------    -------------------
                         (clock aclk rise edge)       0.000     0.000 r  
                                                      0.000     0.000 r  aclk (IN)
                         net (fo=790, unset)          0.973     0.973    u_tile_axi_16/u_tile_core/u_weight_mem/aclk
    RAMB18_X2Y27         RAMB18E1                                     r  u_tile_axi_16/u_tile_core/u_weight_mem/gen_weight_bram_lane[7].mem_r_reg/CLKBWRCLK
  -------------------------------------------------------------------    -------------------
    RAMB18_X2Y27         RAMB18E1 (Prop_ramb18e1_CLKBWRCLK_DOBDO[3])
                                                      2.454     3.427 f  u_tile_axi_16/u_tile_core/u_weight_mem/gen_weight_bram_lane[7].mem_r_reg/DOBDO[3]
                         net (fo=16, routed)          1.737     5.164    u_tile_axi_16/u_tile_core/u_datapath/gen_mlt_lane[7].u_mlt/weight_window_w[3]
    SLICE_X47Y62         LUT2 (Prop_lut2_I1_O)        0.152     5.316 r  u_tile_axi_16/u_tile_core/u_datapath/gen_mlt_lane[7].u_mlt/mul_stage_r[7][3]_i_10/O
                         net (fo=1, routed)           0.364     5.679    u_tile_axi_16/u_tile_core/u_window_generator/mul_stage_r_reg[7][3]_i_2
    SLICE_X46Y62         LUT6 (Prop_lut6_I1_O)        0.326     6.005 r  u_tile_axi_16/u_tile_core/u_window_generator/mul_stage_r[7][3]_i_6/O
                         net (fo=1, routed)           0.000     6.005    u_tile_axi_16/u_tile_core/u_datapath/gen_mlt_lane[7].u_mlt/mul_stage_r_reg[7][3][3]
    SLICE_X46Y62         CARRY4 (Prop_carry4_S[3]_CO[3])
                                                      0.376     6.381 r  u_tile_axi_16/u_tile_core/u_datapath/gen_mlt_lane[7].u_mlt/mul_stage_r_reg[7][3]_i_2/CO[3]
                         net (fo=1, routed)           0.000     6.381    u_tile_axi_16/u_tile_core/u_datapath/gen_mlt_lane[7].u_mlt/mul_stage_r_reg[7][3]_i_2_n_0
    SLICE_X46Y63         CARRY4 (Prop_carry4_CI_O[0])
                                                      0.219     6.600 r  u_tile_axi_16/u_tile_core/u_datapath/gen_mlt_lane[7].u_mlt/mul_stage_r_reg[7][11]_i_10/O[0]
                         net (fo=2, routed)           0.613     7.213    u_tile_axi_16/u_tile_core/u_datapath/gen_mlt_lane[7].u_mlt/mul_stage_r_reg[7][11]_i_10_n_7
    SLICE_X46Y65         LUT3 (Prop_lut3_I1_O)        0.320     7.533 r  u_tile_axi_16/u_tile_core/u_datapath/gen_mlt_lane[7].u_mlt/mul_stage_r[7][11]_i_5/O
                         net (fo=2, routed)           0.816     8.349    u_tile_axi_16/u_tile_core/u_datapath/gen_mlt_lane[7].u_mlt/mul_stage_r[7][11]_i_5_n_0
    SLICE_X46Y66         LUT4 (Prop_lut4_I3_O)        0.355     8.704 r  u_tile_axi_16/u_tile_core/u_datapath/gen_mlt_lane[7].u_mlt/mul_stage_r[7][11]_i_9/O
                         net (fo=1, routed)           0.000     8.704    u_tile_axi_16/u_tile_core/u_datapath/gen_mlt_lane[7].u_mlt/mul_stage_r[7][11]_i_9_n_0
    SLICE_X46Y66         CARRY4 (Prop_carry4_S[0]_CO[3])
                                                      0.513     9.217 r  u_tile_axi_16/u_tile_core/u_datapath/gen_mlt_lane[7].u_mlt/mul_stage_r_reg[7][11]_i_1/CO[3]
                         net (fo=1, routed)           0.000     9.217    u_tile_axi_16/u_tile_core/u_datapath/gen_mlt_lane[7].u_mlt/mul_stage_r_reg[7][11]_i_1_n_0
    SLICE_X46Y67         CARRY4 (Prop_carry4_CI_O[2])
                                                      0.239     9.456 r  u_tile_axi_16/u_tile_core/u_datapath/gen_mlt_lane[7].u_mlt/mul_stage_r_reg[7][15]_i_1/O[2]
                         net (fo=1, routed)           0.000     9.456    u_tile_axi_16/u_tile_core/u_datapath/gen_mlt_lane[7].u_mlt_n_1
    SLICE_X46Y67         FDCE                                         r  u_tile_axi_16/u_tile_core/u_datapath/mul_stage_r_reg[7][14]/D
  -------------------------------------------------------------------    -------------------

                         (clock aclk rise edge)      10.000    10.000 r  
                                                      0.000    10.000 r  aclk (IN)
                         net (fo=790, unset)          0.924    10.924    u_tile_axi_16/u_tile_core/u_datapath/aclk
    SLICE_X46Y67         FDCE                                         r  u_tile_axi_16/u_tile_core/u_datapath/mul_stage_r_reg[7][14]/C
                         clock pessimism              0.000    10.924    
                         clock uncertainty           -0.235    10.689    
    SLICE_X46Y67         FDCE (Setup_fdce_C_D)        0.109    10.798    u_tile_axi_16/u_tile_core/u_datapath/mul_stage_r_reg[7][14]
  -------------------------------------------------------------------
                         required time                         10.798    
                         arrival time                          -9.456    
  -------------------------------------------------------------------
                         slack                                  1.342    

Slack (MET) :             1.351ns  (required time - arrival time)
  Source:                 u_tile_axi_16/u_tile_core/u_weight_mem/gen_weight_bram_lane[4].mem_r_reg/CLKBWRCLK
                            (rising edge-triggered cell RAMB18E1 clocked by aclk  {rise@0.000ns fall@5.000ns period=10.000ns})
  Destination:            u_tile_axi_16/u_tile_core/u_datapath/mul_stage_r_reg[4][13]/D
                            (rising edge-triggered cell FDCE clocked by aclk  {rise@0.000ns fall@5.000ns period=10.000ns})
  Path Group:             aclk
  Path Type:              Setup (Max at Slow Process Corner)
  Requirement:            10.000ns  (aclk rise@10.000ns - aclk rise@0.000ns)
  Data Path Delay:        8.474ns  (logic 5.047ns (59.559%)  route 3.427ns (40.441%))
  Logic Levels:           8  (CARRY4=4 LUT2=1 LUT3=1 LUT4=1 LUT6=1)
  Clock Path Skew:        -0.049ns (DCD - SCD + CPR)
    Destination Clock Delay (DCD):    0.924ns = ( 10.924 - 10.000 ) 
    Source Clock Delay      (SCD):    0.973ns
    Clock Pessimism Removal (CPR):    0.000ns
  Clock Uncertainty:      0.235ns  ((TSJ^2 + TIJ^2)^1/2 + DJ) / 2 + PE + UU
    Total System Jitter     (TSJ):    0.071ns
    Total Input Jitter      (TIJ):    0.000ns
    Discrete Jitter          (DJ):    0.000ns
    Phase Error              (PE):    0.000ns
    User Uncertainty         (UU):    0.200ns

    Location             Delay type                Incr(ns)  Path(ns)    Netlist Resource(s)
  -------------------------------------------------------------------    -------------------
                         (clock aclk rise edge)       0.000     0.000 r  
                                                      0.000     0.000 r  aclk (IN)
                         net (fo=790, unset)          0.973     0.973    u_tile_axi_16/u_tile_core/u_weight_mem/aclk
    RAMB18_X2Y30         RAMB18E1                                     r  u_tile_axi_16/u_tile_core/u_weight_mem/gen_weight_bram_lane[4].mem_r_reg/CLKBWRCLK
  -------------------------------------------------------------------    -------------------
    RAMB18_X2Y30         RAMB18E1 (Prop_ramb18e1_CLKBWRCLK_DOBDO[2])
                                                      2.454     3.427 f  u_tile_axi_16/u_tile_core/u_weight_mem/gen_weight_bram_lane[4].mem_r_reg/DOBDO[2]
                         net (fo=16, routed)          1.324     4.751    u_tile_axi_16/u_tile_core/u_datapath/gen_mlt_lane[4].u_mlt/weight_window_w[2]
    SLICE_X29Y74         LUT2 (Prop_lut2_I1_O)        0.152     4.903 r  u_tile_axi_16/u_tile_core/u_datapath/gen_mlt_lane[4].u_mlt/mul_stage_r[4][11]_i_45/O
                         net (fo=1, routed)           0.579     5.482    u_tile_axi_16/u_tile_core/u_datapath/gen_mlt_lane[4].u_mlt/mul_stage_r[4][11]_i_45_n_0
    SLICE_X27Y72         LUT6 (Prop_lut6_I3_O)        0.326     5.808 r  u_tile_axi_16/u_tile_core/u_datapath/gen_mlt_lane[4].u_mlt/mul_stage_r[4][11]_i_37/O
                         net (fo=1, routed)           0.000     5.808    u_tile_axi_16/u_tile_core/u_datapath/gen_mlt_lane[4].u_mlt/mul_stage_r[4][11]_i_37_n_0
    SLICE_X27Y72         CARRY4 (Prop_carry4_S[3]_CO[3])
                                                      0.401     6.209 r  u_tile_axi_16/u_tile_core/u_datapath/gen_mlt_lane[4].u_mlt/mul_stage_r_reg[4][11]_i_13/CO[3]
                         net (fo=1, routed)           0.000     6.209    u_tile_axi_16/u_tile_core/u_datapath/gen_mlt_lane[4].u_mlt/mul_stage_r_reg[4][11]_i_13_n_0
    SLICE_X27Y73         CARRY4 (Prop_carry4_CI_O[1])
                                                      0.334     6.543 r  u_tile_axi_16/u_tile_core/u_datapath/gen_mlt_lane[4].u_mlt/mul_stage_r_reg[4][11]_i_11/O[1]
                         net (fo=2, routed)           0.665     7.208    u_tile_axi_16/u_tile_core/u_datapath/gen_mlt_lane[4].u_mlt/mul_stage_r_reg[4][11]_i_11_n_6
    SLICE_X26Y73         LUT3 (Prop_lut3_I2_O)        0.329     7.537 r  u_tile_axi_16/u_tile_core/u_datapath/gen_mlt_lane[4].u_mlt/mul_stage_r[4][11]_i_3/O
                         net (fo=2, routed)           0.859     8.396    u_tile_axi_16/u_tile_core/u_datapath/gen_mlt_lane[4].u_mlt/mul_stage_r[4][11]_i_3_n_0
    SLICE_X26Y73         LUT4 (Prop_lut4_I0_O)        0.348     8.744 r  u_tile_axi_16/u_tile_core/u_datapath/gen_mlt_lane[4].u_mlt/mul_stage_r[4][11]_i_7/O
                         net (fo=1, routed)           0.000     8.744    u_tile_axi_16/u_tile_core/u_datapath/gen_mlt_lane[4].u_mlt/mul_stage_r[4][11]_i_7_n_0
    SLICE_X26Y73         CARRY4 (Prop_carry4_S[2]_CO[3])
                                                      0.380     9.124 r  u_tile_axi_16/u_tile_core/u_datapath/gen_mlt_lane[4].u_mlt/mul_stage_r_reg[4][11]_i_1/CO[3]
                         net (fo=1, routed)           0.000     9.124    u_tile_axi_16/u_tile_core/u_datapath/gen_mlt_lane[4].u_mlt/mul_stage_r_reg[4][11]_i_1_n_0
    SLICE_X26Y74         CARRY4 (Prop_carry4_CI_O[1])
                                                      0.323     9.447 r  u_tile_axi_16/u_tile_core/u_datapath/gen_mlt_lane[4].u_mlt/mul_stage_r_reg[4][15]_i_1/O[1]
                         net (fo=1, routed)           0.000     9.447    u_tile_axi_16/u_tile_core/u_datapath/gen_mlt_lane[4].u_mlt_n_2
    SLICE_X26Y74         FDCE                                         r  u_tile_axi_16/u_tile_core/u_datapath/mul_stage_r_reg[4][13]/D
  -------------------------------------------------------------------    -------------------

                         (clock aclk rise edge)      10.000    10.000 r  
                                                      0.000    10.000 r  aclk (IN)
                         net (fo=790, unset)          0.924    10.924    u_tile_axi_16/u_tile_core/u_datapath/aclk
    SLICE_X26Y74         FDCE                                         r  u_tile_axi_16/u_tile_core/u_datapath/mul_stage_r_reg[4][13]/C
                         clock pessimism              0.000    10.924    
                         clock uncertainty           -0.235    10.689    
    SLICE_X26Y74         FDCE (Setup_fdce_C_D)        0.109    10.798    u_tile_axi_16/u_tile_core/u_datapath/mul_stage_r_reg[4][13]
  -------------------------------------------------------------------
                         required time                         10.798    
                         arrival time                          -9.447    
  -------------------------------------------------------------------
                         slack                                  1.351    

Slack (MET) :             1.359ns  (required time - arrival time)
  Source:                 u_tile_axi_16/u_tile_core/u_weight_mem/gen_weight_bram_lane[4].mem_r_reg/CLKBWRCLK
                            (rising edge-triggered cell RAMB18E1 clocked by aclk  {rise@0.000ns fall@5.000ns period=10.000ns})
  Destination:            u_tile_axi_16/u_tile_core/u_datapath/mul_stage_r_reg[4][15]/D
                            (rising edge-triggered cell FDCE clocked by aclk  {rise@0.000ns fall@5.000ns period=10.000ns})
  Path Group:             aclk
  Path Type:              Setup (Max at Slow Process Corner)
  Requirement:            10.000ns  (aclk rise@10.000ns - aclk rise@0.000ns)
  Data Path Delay:        8.466ns  (logic 5.039ns (59.521%)  route 3.427ns (40.479%))
  Logic Levels:           8  (CARRY4=4 LUT2=1 LUT3=1 LUT4=1 LUT6=1)
  Clock Path Skew:        -0.049ns (DCD - SCD + CPR)
    Destination Clock Delay (DCD):    0.924ns = ( 10.924 - 10.000 ) 
    Source Clock Delay      (SCD):    0.973ns
    Clock Pessimism Removal (CPR):    0.000ns
  Clock Uncertainty:      0.235ns  ((TSJ^2 + TIJ^2)^1/2 + DJ) / 2 + PE + UU
    Total System Jitter     (TSJ):    0.071ns
    Total Input Jitter      (TIJ):    0.000ns
    Discrete Jitter          (DJ):    0.000ns
    Phase Error              (PE):    0.000ns
    User Uncertainty         (UU):    0.200ns

    Location             Delay type                Incr(ns)  Path(ns)    Netlist Resource(s)
  -------------------------------------------------------------------    -------------------
                         (clock aclk rise edge)       0.000     0.000 r  
                                                      0.000     0.000 r  aclk (IN)
                         net (fo=790, unset)          0.973     0.973    u_tile_axi_16/u_tile_core/u_weight_mem/aclk
    RAMB18_X2Y30         RAMB18E1                                     r  u_tile_axi_16/u_tile_core/u_weight_mem/gen_weight_bram_lane[4].mem_r_reg/CLKBWRCLK
  -------------------------------------------------------------------    -------------------
    RAMB18_X2Y30         RAMB18E1 (Prop_ramb18e1_CLKBWRCLK_DOBDO[2])
                                                      2.454     3.427 f  u_tile_axi_16/u_tile_core/u_weight_mem/gen_weight_bram_lane[4].mem_r_reg/DOBDO[2]
                         net (fo=16, routed)          1.324     4.751    u_tile_axi_16/u_tile_core/u_datapath/gen_mlt_lane[4].u_mlt/weight_window_w[2]
    SLICE_X29Y74         LUT2 (Prop_lut2_I1_O)        0.152     4.903 r  u_tile_axi_16/u_tile_core/u_datapath/gen_mlt_lane[4].u_mlt/mul_stage_r[4][11]_i_45/O
                         net (fo=1, routed)           0.579     5.482    u_tile_axi_16/u_tile_core/u_datapath/gen_mlt_lane[4].u_mlt/mul_stage_r[4][11]_i_45_n_0
    SLICE_X27Y72         LUT6 (Prop_lut6_I3_O)        0.326     5.808 r  u_tile_axi_16/u_tile_core/u_datapath/gen_mlt_lane[4].u_mlt/mul_stage_r[4][11]_i_37/O
                         net (fo=1, routed)           0.000     5.808    u_tile_axi_16/u_tile_core/u_datapath/gen_mlt_lane[4].u_mlt/mul_stage_r[4][11]_i_37_n_0
    SLICE_X27Y72         CARRY4 (Prop_carry4_S[3]_CO[3])
                                                      0.401     6.209 r  u_tile_axi_16/u_tile_core/u_datapath/gen_mlt_lane[4].u_mlt/mul_stage_r_reg[4][11]_i_13/CO[3]
                         net (fo=1, routed)           0.000     6.209    u_tile_axi_16/u_tile_core/u_datapath/gen_mlt_lane[4].u_mlt/mul_stage_r_reg[4][11]_i_13_n_0
    SLICE_X27Y73         CARRY4 (Prop_carry4_CI_O[1])
                                                      0.334     6.543 r  u_tile_axi_16/u_tile_core/u_datapath/gen_mlt_lane[4].u_mlt/mul_stage_r_reg[4][11]_i_11/O[1]
                         net (fo=2, routed)           0.665     7.208    u_tile_axi_16/u_tile_core/u_datapath/gen_mlt_lane[4].u_mlt/mul_stage_r_reg[4][11]_i_11_n_6
    SLICE_X26Y73         LUT3 (Prop_lut3_I2_O)        0.329     7.537 r  u_tile_axi_16/u_tile_core/u_datapath/gen_mlt_lane[4].u_mlt/mul_stage_r[4][11]_i_3/O
                         net (fo=2, routed)           0.859     8.396    u_tile_axi_16/u_tile_core/u_datapath/gen_mlt_lane[4].u_mlt/mul_stage_r[4][11]_i_3_n_0
    SLICE_X26Y73         LUT4 (Prop_lut4_I0_O)        0.348     8.744 r  u_tile_axi_16/u_tile_core/u_datapath/gen_mlt_lane[4].u_mlt/mul_stage_r[4][11]_i_7/O
                         net (fo=1, routed)           0.000     8.744    u_tile_axi_16/u_tile_core/u_datapath/gen_mlt_lane[4].u_mlt/mul_stage_r[4][11]_i_7_n_0
    SLICE_X26Y73         CARRY4 (Prop_carry4_S[2]_CO[3])
                                                      0.380     9.124 r  u_tile_axi_16/u_tile_core/u_datapath/gen_mlt_lane[4].u_mlt/mul_stage_r_reg[4][11]_i_1/CO[3]
                         net (fo=1, routed)           0.000     9.124    u_tile_axi_16/u_tile_core/u_datapath/gen_mlt_lane[4].u_mlt/mul_stage_r_reg[4][11]_i_1_n_0
    SLICE_X26Y74         CARRY4 (Prop_carry4_CI_O[3])
                                                      0.315     9.439 r  u_tile_axi_16/u_tile_core/u_datapath/gen_mlt_lane[4].u_mlt/mul_stage_r_reg[4][15]_i_1/O[3]
                         net (fo=1, routed)           0.000     9.439    u_tile_axi_16/u_tile_core/u_datapath/gen_mlt_lane[4].u_mlt_n_0
    SLICE_X26Y74         FDCE                                         r  u_tile_axi_16/u_tile_core/u_datapath/mul_stage_r_reg[4][15]/D
  -------------------------------------------------------------------    -------------------

                         (clock aclk rise edge)      10.000    10.000 r  
                                                      0.000    10.000 r  aclk (IN)
                         net (fo=790, unset)          0.924    10.924    u_tile_axi_16/u_tile_core/u_datapath/aclk
    SLICE_X26Y74         FDCE                                         r  u_tile_axi_16/u_tile_core/u_datapath/mul_stage_r_reg[4][15]/C
                         clock pessimism              0.000    10.924    
                         clock uncertainty           -0.235    10.689    
    SLICE_X26Y74         FDCE (Setup_fdce_C_D)        0.109    10.798    u_tile_axi_16/u_tile_core/u_datapath/mul_stage_r_reg[4][15]
  -------------------------------------------------------------------
                         required time                         10.798    
                         arrival time                          -9.439    
  -------------------------------------------------------------------
                         slack                                  1.359    

Slack (MET) :             1.362ns  (required time - arrival time)
  Source:                 u_tile_axi_16/u_tile_core/u_weight_mem/gen_weight_bram_lane[7].mem_r_reg/CLKBWRCLK
                            (rising edge-triggered cell RAMB18E1 clocked by aclk  {rise@0.000ns fall@5.000ns period=10.000ns})
  Destination:            u_tile_axi_16/u_tile_core/u_datapath/mul_stage_r_reg[7][12]/D
                            (rising edge-triggered cell FDCE clocked by aclk  {rise@0.000ns fall@5.000ns period=10.000ns})
  Path Group:             aclk
  Path Type:              Setup (Max at Slow Process Corner)
  Requirement:            10.000ns  (aclk rise@10.000ns - aclk rise@0.000ns)
  Data Path Delay:        8.463ns  (logic 4.934ns (58.302%)  route 3.529ns (41.698%))
  Logic Levels:           8  (CARRY4=4 LUT2=1 LUT3=1 LUT4=1 LUT6=1)
  Clock Path Skew:        -0.049ns (DCD - SCD + CPR)
    Destination Clock Delay (DCD):    0.924ns = ( 10.924 - 10.000 ) 
    Source Clock Delay      (SCD):    0.973ns
    Clock Pessimism Removal (CPR):    0.000ns
  Clock Uncertainty:      0.235ns  ((TSJ^2 + TIJ^2)^1/2 + DJ) / 2 + PE + UU
    Total System Jitter     (TSJ):    0.071ns
    Total Input Jitter      (TIJ):    0.000ns
    Discrete Jitter          (DJ):    0.000ns
    Phase Error              (PE):    0.000ns
    User Uncertainty         (UU):    0.200ns

    Location             Delay type                Incr(ns)  Path(ns)    Netlist Resource(s)
  -------------------------------------------------------------------    -------------------
                         (clock aclk rise edge)       0.000     0.000 r  
                                                      0.000     0.000 r  aclk (IN)
                         net (fo=790, unset)          0.973     0.973    u_tile_axi_16/u_tile_core/u_weight_mem/aclk
    RAMB18_X2Y27         RAMB18E1                                     r  u_tile_axi_16/u_tile_core/u_weight_mem/gen_weight_bram_lane[7].mem_r_reg/CLKBWRCLK
  -------------------------------------------------------------------    -------------------
    RAMB18_X2Y27         RAMB18E1 (Prop_ramb18e1_CLKBWRCLK_DOBDO[3])
                                                      2.454     3.427 f  u_tile_axi_16/u_tile_core/u_weight_mem/gen_weight_bram_lane[7].mem_r_reg/DOBDO[3]
                         net (fo=16, routed)          1.737     5.164    u_tile_axi_16/u_tile_core/u_datapath/gen_mlt_lane[7].u_mlt/weight_window_w[3]
    SLICE_X47Y62         LUT2 (Prop_lut2_I1_O)        0.152     5.316 r  u_tile_axi_16/u_tile_core/u_datapath/gen_mlt_lane[7].u_mlt/mul_stage_r[7][3]_i_10/O
                         net (fo=1, routed)           0.364     5.679    u_tile_axi_16/u_tile_core/u_window_generator/mul_stage_r_reg[7][3]_i_2
    SLICE_X46Y62         LUT6 (Prop_lut6_I1_O)        0.326     6.005 r  u_tile_axi_16/u_tile_core/u_window_generator/mul_stage_r[7][3]_i_6/O
                         net (fo=1, routed)           0.000     6.005    u_tile_axi_16/u_tile_core/u_datapath/gen_mlt_lane[7].u_mlt/mul_stage_r_reg[7][3][3]
    SLICE_X46Y62         CARRY4 (Prop_carry4_S[3]_CO[3])
                                                      0.376     6.381 r  u_tile_axi_16/u_tile_core/u_datapath/gen_mlt_lane[7].u_mlt/mul_stage_r_reg[7][3]_i_2/CO[3]
                         net (fo=1, routed)           0.000     6.381    u_tile_axi_16/u_tile_core/u_datapath/gen_mlt_lane[7].u_mlt/mul_stage_r_reg[7][3]_i_2_n_0
    SLICE_X46Y63         CARRY4 (Prop_carry4_CI_O[0])
                                                      0.219     6.600 r  u_tile_axi_16/u_tile_core/u_datapath/gen_mlt_lane[7].u_mlt/mul_stage_r_reg[7][11]_i_10/O[0]
                         net (fo=2, routed)           0.613     7.213    u_tile_axi_16/u_tile_core/u_datapath/gen_mlt_lane[7].u_mlt/mul_stage_r_reg[7][11]_i_10_n_7
    SLICE_X46Y65         LUT3 (Prop_lut3_I1_O)        0.320     7.533 r  u_tile_axi_16/u_tile_core/u_datapath/gen_mlt_lane[7].u_mlt/mul_stage_r[7][11]_i_5/O
                         net (fo=2, routed)           0.816     8.349    u_tile_axi_16/u_tile_core/u_datapath/gen_mlt_lane[7].u_mlt/mul_stage_r[7][11]_i_5_n_0
    SLICE_X46Y66         LUT4 (Prop_lut4_I3_O)        0.355     8.704 r  u_tile_axi_16/u_tile_core/u_datapath/gen_mlt_lane[7].u_mlt/mul_stage_r[7][11]_i_9/O
                         net (fo=1, routed)           0.000     8.704    u_tile_axi_16/u_tile_core/u_datapath/gen_mlt_lane[7].u_mlt/mul_stage_r[7][11]_i_9_n_0
    SLICE_X46Y66         CARRY4 (Prop_carry4_S[0]_CO[3])
                                                      0.513     9.217 r  u_tile_axi_16/u_tile_core/u_datapath/gen_mlt_lane[7].u_mlt/mul_stage_r_reg[7][11]_i_1/CO[3]
                         net (fo=1, routed)           0.000     9.217    u_tile_axi_16/u_tile_core/u_datapath/gen_mlt_lane[7].u_mlt/mul_stage_r_reg[7][11]_i_1_n_0
    SLICE_X46Y67         CARRY4 (Prop_carry4_CI_O[0])
                                                      0.219     9.436 r  u_tile_axi_16/u_tile_core/u_datapath/gen_mlt_lane[7].u_mlt/mul_stage_r_reg[7][15]_i_1/O[0]
                         net (fo=1, routed)           0.000     9.436    u_tile_axi_16/u_tile_core/u_datapath/gen_mlt_lane[7].u_mlt_n_3
    SLICE_X46Y67         FDCE                                         r  u_tile_axi_16/u_tile_core/u_datapath/mul_stage_r_reg[7][12]/D
  -------------------------------------------------------------------    -------------------

                         (clock aclk rise edge)      10.000    10.000 r  
                                                      0.000    10.000 r  aclk (IN)
                         net (fo=790, unset)          0.924    10.924    u_tile_axi_16/u_tile_core/u_datapath/aclk
    SLICE_X46Y67         FDCE                                         r  u_tile_axi_16/u_tile_core/u_datapath/mul_stage_r_reg[7][12]/C
                         clock pessimism              0.000    10.924    
                         clock uncertainty           -0.235    10.689    
    SLICE_X46Y67         FDCE (Setup_fdce_C_D)        0.109    10.798    u_tile_axi_16/u_tile_core/u_datapath/mul_stage_r_reg[7][12]
  -------------------------------------------------------------------
                         required time                         10.798    
                         arrival time                          -9.436    
  -------------------------------------------------------------------
                         slack                                  1.362    

Slack (MET) :             1.364ns  (required time - arrival time)
  Source:                 u_tile_axi_16/u_tile_core/u_weight_mem/gen_weight_bram_lane[8].mem_r_reg/CLKBWRCLK
                            (rising edge-triggered cell RAMB18E1 clocked by aclk  {rise@0.000ns fall@5.000ns period=10.000ns})
  Destination:            u_tile_axi_16/u_tile_core/u_datapath/mul_stage_r_reg[8][13]/D
                            (rising edge-triggered cell FDCE clocked by aclk  {rise@0.000ns fall@5.000ns period=10.000ns})
  Path Group:             aclk
  Path Type:              Setup (Max at Slow Process Corner)
  Requirement:            10.000ns  (aclk rise@10.000ns - aclk rise@0.000ns)
  Data Path Delay:        8.414ns  (logic 5.175ns (61.504%)  route 3.239ns (38.496%))
  Logic Levels:           8  (CARRY4=4 LUT2=1 LUT3=1 LUT4=1 LUT6=1)
  Clock Path Skew:        -0.049ns (DCD - SCD + CPR)
    Destination Clock Delay (DCD):    0.924ns = ( 10.924 - 10.000 ) 
    Source Clock Delay      (SCD):    0.973ns
    Clock Pessimism Removal (CPR):    0.000ns
  Clock Uncertainty:      0.235ns  ((TSJ^2 + TIJ^2)^1/2 + DJ) / 2 + PE + UU
    Total System Jitter     (TSJ):    0.071ns
    Total Input Jitter      (TIJ):    0.000ns
    Discrete Jitter          (DJ):    0.000ns
    Phase Error              (PE):    0.000ns
    User Uncertainty         (UU):    0.200ns

    Location             Delay type                Incr(ns)  Path(ns)    Netlist Resource(s)
  -------------------------------------------------------------------    -------------------
                         (clock aclk rise edge)       0.000     0.000 r  
                                                      0.000     0.000 r  aclk (IN)
                         net (fo=790, unset)          0.973     0.973    u_tile_axi_16/u_tile_core/u_weight_mem/aclk
    RAMB18_X2Y32         RAMB18E1                                     r  u_tile_axi_16/u_tile_core/u_weight_mem/gen_weight_bram_lane[8].mem_r_reg/CLKBWRCLK
  -------------------------------------------------------------------    -------------------
    RAMB18_X2Y32         RAMB18E1 (Prop_ramb18e1_CLKBWRCLK_DOBDO[0])
                                                      2.454     3.427 f  u_tile_axi_16/u_tile_core/u_weight_mem/gen_weight_bram_lane[8].mem_r_reg/DOBDO[0]
                         net (fo=16, routed)          1.295     4.722    u_tile_axi_16/u_tile_core/u_datapath/gen_mlt_lane[8].u_mlt/weight_window_w[0]
    SLICE_X30Y75         LUT2 (Prop_lut2_I1_O)        0.150     4.872 r  u_tile_axi_16/u_tile_core/u_datapath/gen_mlt_lane[8].u_mlt/mul_stage_r[8][2]_i_9/O
                         net (fo=1, routed)           0.605     5.477    u_tile_axi_16/u_tile_core/u_window_generator/mul_stage_r_reg[8][2]
    SLICE_X31Y74         LUT6 (Prop_lut6_I1_O)        0.328     5.805 r  u_tile_axi_16/u_tile_core/u_window_generator/mul_stage_r[8][2]_i_5/O
                         net (fo=1, routed)           0.000     5.805    u_tile_axi_16/u_tile_core/u_datapath/gen_mlt_lane[8].u_mlt/mul_stage_r_reg[8][2][3]
    SLICE_X31Y74         CARRY4 (Prop_carry4_S[3]_CO[3])
                                                      0.401     6.206 r  u_tile_axi_16/u_tile_core/u_datapath/gen_mlt_lane[8].u_mlt/mul_stage_r_reg[8][2]_i_1/CO[3]
                         net (fo=1, routed)           0.009     6.215    u_tile_axi_16/u_tile_core/u_datapath/gen_mlt_lane[8].u_mlt/mul_stage_r_reg[8][2]_i_1_n_0
    SLICE_X31Y75         CARRY4 (Prop_carry4_CI_O[3])
                                                      0.313     6.528 r  u_tile_axi_16/u_tile_core/u_datapath/gen_mlt_lane[8].u_mlt/mul_stage_r_reg[8][11]_i_13/O[3]
                         net (fo=2, routed)           0.736     7.264    u_tile_axi_16/u_tile_core/u_datapath/gen_mlt_lane[8].u_mlt/mul_stage_r_reg[8][11]_i_13_n_4
    SLICE_X29Y75         LUT3 (Prop_lut3_I2_O)        0.331     7.595 r  u_tile_axi_16/u_tile_core/u_datapath/gen_mlt_lane[8].u_mlt/mul_stage_r[8][11]_i_5/O
                         net (fo=2, routed)           0.594     8.189    u_tile_axi_16/u_tile_core/u_datapath/gen_mlt_lane[8].u_mlt/mul_stage_r[8][11]_i_5_n_0
    SLICE_X29Y76         LUT4 (Prop_lut4_I3_O)        0.332     8.521 r  u_tile_axi_16/u_tile_core/u_datapath/gen_mlt_lane[8].u_mlt/mul_stage_r[8][11]_i_9/O
                         net (fo=1, routed)           0.000     8.521    u_tile_axi_16/u_tile_core/u_datapath/gen_mlt_lane[8].u_mlt/mul_stage_r[8][11]_i_9_n_0
    SLICE_X29Y76         CARRY4 (Prop_carry4_S[0]_CO[3])
                                                      0.532     9.053 r  u_tile_axi_16/u_tile_core/u_datapath/gen_mlt_lane[8].u_mlt/mul_stage_r_reg[8][11]_i_1/CO[3]
                         net (fo=1, routed)           0.000     9.053    u_tile_axi_16/u_tile_core/u_datapath/gen_mlt_lane[8].u_mlt/mul_stage_r_reg[8][11]_i_1_n_0
    SLICE_X29Y77         CARRY4 (Prop_carry4_CI_O[1])
                                                      0.334     9.387 r  u_tile_axi_16/u_tile_core/u_datapath/gen_mlt_lane[8].u_mlt/mul_stage_r_reg[8][15]_i_1/O[1]
                         net (fo=1, routed)           0.000     9.387    u_tile_axi_16/u_tile_core/u_datapath/gen_mlt_lane[8].u_mlt_n_2
    SLICE_X29Y77         FDCE                                         r  u_tile_axi_16/u_tile_core/u_datapath/mul_stage_r_reg[8][13]/D
  -------------------------------------------------------------------    -------------------

                         (clock aclk rise edge)      10.000    10.000 r  
                                                      0.000    10.000 r  aclk (IN)
                         net (fo=790, unset)          0.924    10.924    u_tile_axi_16/u_tile_core/u_datapath/aclk
    SLICE_X29Y77         FDCE                                         r  u_tile_axi_16/u_tile_core/u_datapath/mul_stage_r_reg[8][13]/C
                         clock pessimism              0.000    10.924    
                         clock uncertainty           -0.235    10.689    
    SLICE_X29Y77         FDCE (Setup_fdce_C_D)        0.062    10.751    u_tile_axi_16/u_tile_core/u_datapath/mul_stage_r_reg[8][13]
  -------------------------------------------------------------------
                         required time                         10.751    
                         arrival time                          -9.387    
  -------------------------------------------------------------------
                         slack                                  1.364    

Slack (MET) :             1.380ns  (required time - arrival time)
  Source:                 u_tile_axi_16/u_tile_core/u_weight_mem/gen_weight_bram_lane[6].mem_r_reg/CLKBWRCLK
                            (rising edge-triggered cell RAMB18E1 clocked by aclk  {rise@0.000ns fall@5.000ns period=10.000ns})
  Destination:            u_tile_axi_16/u_tile_core/u_datapath/mul_stage_r_reg[6][14]/D
                            (rising edge-triggered cell FDCE clocked by aclk  {rise@0.000ns fall@5.000ns period=10.000ns})
  Path Group:             aclk
  Path Type:              Setup (Max at Slow Process Corner)
  Requirement:            10.000ns  (aclk rise@10.000ns - aclk rise@0.000ns)
  Data Path Delay:        8.398ns  (logic 4.657ns (55.455%)  route 3.741ns (44.545%))
  Logic Levels:           8  (CARRY4=4 LUT3=1 LUT4=1 LUT6=2)
  Clock Path Skew:        -0.049ns (DCD - SCD + CPR)
    Destination Clock Delay (DCD):    0.924ns = ( 10.924 - 10.000 ) 
    Source Clock Delay      (SCD):    0.973ns
    Clock Pessimism Removal (CPR):    0.000ns
  Clock Uncertainty:      0.235ns  ((TSJ^2 + TIJ^2)^1/2 + DJ) / 2 + PE + UU
    Total System Jitter     (TSJ):    0.071ns
    Total Input Jitter      (TIJ):    0.000ns
    Discrete Jitter          (DJ):    0.000ns
    Phase Error              (PE):    0.000ns
    User Uncertainty         (UU):    0.200ns

    Location             Delay type                Incr(ns)  Path(ns)    Netlist Resource(s)
  -------------------------------------------------------------------    -------------------
                         (clock aclk rise edge)       0.000     0.000 r  
                                                      0.000     0.000 r  aclk (IN)
                         net (fo=790, unset)          0.973     0.973    u_tile_axi_16/u_tile_core/u_weight_mem/aclk
    RAMB18_X2Y31         RAMB18E1                                     r  u_tile_axi_16/u_tile_core/u_weight_mem/gen_weight_bram_lane[6].mem_r_reg/CLKBWRCLK
  -------------------------------------------------------------------    -------------------
    RAMB18_X2Y31         RAMB18E1 (Prop_ramb18e1_CLKBWRCLK_DOBDO[2])
                                                      2.454     3.427 r  u_tile_axi_16/u_tile_core/u_weight_mem/gen_weight_bram_lane[6].mem_r_reg/DOBDO[2]
                         net (fo=16, routed)          1.694     5.121    u_tile_axi_16/u_tile_core/u_datapath/gen_mlt_lane[6].u_mlt/weight_window_w[2]
    SLICE_X46Y71         LUT6 (Prop_lut6_I0_O)        0.124     5.245 r  u_tile_axi_16/u_tile_core/u_datapath/gen_mlt_lane[6].u_mlt/mul_stage_r[6][11]_i_36/O
                         net (fo=2, routed)           0.570     5.815    u_tile_axi_16/u_tile_core/u_weight_mem/mul_stage_r_reg[6][11]_i_13[0]
    SLICE_X46Y69         LUT6 (Prop_lut6_I0_O)        0.124     5.939 r  u_tile_axi_16/u_tile_core/u_weight_mem/mul_stage_r[6][11]_i_40/O
                         net (fo=1, routed)           0.000     5.939    u_tile_axi_16/u_tile_core/u_datapath/gen_mlt_lane[6].u_mlt/mul_stage_r[6][7]_i_9_0[0]
    SLICE_X46Y69         CARRY4 (Prop_carry4_S[0]_O[2])
                                                      0.544     6.483 r  u_tile_axi_16/u_tile_core/u_datapath/gen_mlt_lane[6].u_mlt/mul_stage_r_reg[6][11]_i_13/O[2]
                         net (fo=2, routed)           0.829     7.311    u_tile_axi_16/u_tile_core/u_datapath/gen_mlt_lane[6].u_mlt/mul_stage_r_reg[6][11]_i_13_n_5
    SLICE_X44Y68         LUT3 (Prop_lut3_I2_O)        0.330     7.641 r  u_tile_axi_16/u_tile_core/u_datapath/gen_mlt_lane[6].u_mlt/mul_stage_r[6][7]_i_2/O
                         net (fo=2, routed)           0.648     8.290    u_tile_axi_16/u_tile_core/u_datapath/gen_mlt_lane[6].u_mlt/mul_stage_r[6][7]_i_2_n_0
    SLICE_X44Y68         LUT4 (Prop_lut4_I3_O)        0.327     8.617 r  u_tile_axi_16/u_tile_core/u_datapath/gen_mlt_lane[6].u_mlt/mul_stage_r[6][7]_i_6/O
                         net (fo=1, routed)           0.000     8.617    u_tile_axi_16/u_tile_core/u_datapath/gen_mlt_lane[6].u_mlt/mul_stage_r[6][7]_i_6_n_0
    SLICE_X44Y68         CARRY4 (Prop_carry4_S[3]_CO[3])
                                                      0.401     9.018 r  u_tile_axi_16/u_tile_core/u_datapath/gen_mlt_lane[6].u_mlt/mul_stage_r_reg[6][7]_i_1/CO[3]
                         net (fo=1, routed)           0.000     9.018    u_tile_axi_16/u_tile_core/u_datapath/gen_mlt_lane[6].u_mlt/mul_stage_r_reg[6][7]_i_1_n_0
    SLICE_X44Y69         CARRY4 (Prop_carry4_CI_CO[3])
                                                      0.114     9.132 r  u_tile_axi_16/u_tile_core/u_datapath/gen_mlt_lane[6].u_mlt/mul_stage_r_reg[6][11]_i_1/CO[3]
                         net (fo=1, routed)           0.000     9.132    u_tile_axi_16/u_tile_core/u_datapath/gen_mlt_lane[6].u_mlt/mul_stage_r_reg[6][11]_i_1_n_0
    SLICE_X44Y70         CARRY4 (Prop_carry4_CI_O[2])
                                                      0.239     9.371 r  u_tile_axi_16/u_tile_core/u_datapath/gen_mlt_lane[6].u_mlt/mul_stage_r_reg[6][15]_i_1/O[2]
                         net (fo=1, routed)           0.000     9.371    u_tile_axi_16/u_tile_core/u_datapath/gen_mlt_lane[6].u_mlt_n_1
    SLICE_X44Y70         FDCE                                         r  u_tile_axi_16/u_tile_core/u_datapath/mul_stage_r_reg[6][14]/D
  -------------------------------------------------------------------    -------------------

                         (clock aclk rise edge)      10.000    10.000 r  
                                                      0.000    10.000 r  aclk (IN)
                         net (fo=790, unset)          0.924    10.924    u_tile_axi_16/u_tile_core/u_datapath/aclk
    SLICE_X44Y70         FDCE                                         r  u_tile_axi_16/u_tile_core/u_datapath/mul_stage_r_reg[6][14]/C
                         clock pessimism              0.000    10.924    
                         clock uncertainty           -0.235    10.689    
    SLICE_X44Y70         FDCE (Setup_fdce_C_D)        0.062    10.751    u_tile_axi_16/u_tile_core/u_datapath/mul_stage_r_reg[6][14]
  -------------------------------------------------------------------
                         required time                         10.751    
                         arrival time                          -9.371    
  -------------------------------------------------------------------
                         slack                                  1.380    

Slack (MET) :             1.385ns  (required time - arrival time)
  Source:                 u_tile_axi_16/u_tile_core/u_weight_mem/gen_weight_bram_lane[8].mem_r_reg/CLKBWRCLK
                            (rising edge-triggered cell RAMB18E1 clocked by aclk  {rise@0.000ns fall@5.000ns period=10.000ns})
  Destination:            u_tile_axi_16/u_tile_core/u_datapath/mul_stage_r_reg[8][15]/D
                            (rising edge-triggered cell FDCE clocked by aclk  {rise@0.000ns fall@5.000ns period=10.000ns})
  Path Group:             aclk
  Path Type:              Setup (Max at Slow Process Corner)
  Requirement:            10.000ns  (aclk rise@10.000ns - aclk rise@0.000ns)
  Data Path Delay:        8.393ns  (logic 5.154ns (61.408%)  route 3.239ns (38.592%))
  Logic Levels:           8  (CARRY4=4 LUT2=1 LUT3=1 LUT4=1 LUT6=1)
  Clock Path Skew:        -0.049ns (DCD - SCD + CPR)
    Destination Clock Delay (DCD):    0.924ns = ( 10.924 - 10.000 ) 
    Source Clock Delay      (SCD):    0.973ns
    Clock Pessimism Removal (CPR):    0.000ns
  Clock Uncertainty:      0.235ns  ((TSJ^2 + TIJ^2)^1/2 + DJ) / 2 + PE + UU
    Total System Jitter     (TSJ):    0.071ns
    Total Input Jitter      (TIJ):    0.000ns
    Discrete Jitter          (DJ):    0.000ns
    Phase Error              (PE):    0.000ns
    User Uncertainty         (UU):    0.200ns

    Location             Delay type                Incr(ns)  Path(ns)    Netlist Resource(s)
  -------------------------------------------------------------------    -------------------
                         (clock aclk rise edge)       0.000     0.000 r  
                                                      0.000     0.000 r  aclk (IN)
                         net (fo=790, unset)          0.973     0.973    u_tile_axi_16/u_tile_core/u_weight_mem/aclk
    RAMB18_X2Y32         RAMB18E1                                     r  u_tile_axi_16/u_tile_core/u_weight_mem/gen_weight_bram_lane[8].mem_r_reg/CLKBWRCLK
  -------------------------------------------------------------------    -------------------
    RAMB18_X2Y32         RAMB18E1 (Prop_ramb18e1_CLKBWRCLK_DOBDO[0])
                                                      2.454     3.427 f  u_tile_axi_16/u_tile_core/u_weight_mem/gen_weight_bram_lane[8].mem_r_reg/DOBDO[0]
                         net (fo=16, routed)          1.295     4.722    u_tile_axi_16/u_tile_core/u_datapath/gen_mlt_lane[8].u_mlt/weight_window_w[0]
    SLICE_X30Y75         LUT2 (Prop_lut2_I1_O)        0.150     4.872 r  u_tile_axi_16/u_tile_core/u_datapath/gen_mlt_lane[8].u_mlt/mul_stage_r[8][2]_i_9/O
                         net (fo=1, routed)           0.605     5.477    u_tile_axi_16/u_tile_core/u_window_generator/mul_stage_r_reg[8][2]
    SLICE_X31Y74         LUT6 (Prop_lut6_I1_O)        0.328     5.805 r  u_tile_axi_16/u_tile_core/u_window_generator/mul_stage_r[8][2]_i_5/O
                         net (fo=1, routed)           0.000     5.805    u_tile_axi_16/u_tile_core/u_datapath/gen_mlt_lane[8].u_mlt/mul_stage_r_reg[8][2][3]
    SLICE_X31Y74         CARRY4 (Prop_carry4_S[3]_CO[3])
                                                      0.401     6.206 r  u_tile_axi_16/u_tile_core/u_datapath/gen_mlt_lane[8].u_mlt/mul_stage_r_reg[8][2]_i_1/CO[3]
                         net (fo=1, routed)           0.009     6.215    u_tile_axi_16/u_tile_core/u_datapath/gen_mlt_lane[8].u_mlt/mul_stage_r_reg[8][2]_i_1_n_0
    SLICE_X31Y75         CARRY4 (Prop_carry4_CI_O[3])
                                                      0.313     6.528 r  u_tile_axi_16/u_tile_core/u_datapath/gen_mlt_lane[8].u_mlt/mul_stage_r_reg[8][11]_i_13/O[3]
                         net (fo=2, routed)           0.736     7.264    u_tile_axi_16/u_tile_core/u_datapath/gen_mlt_lane[8].u_mlt/mul_stage_r_reg[8][11]_i_13_n_4
    SLICE_X29Y75         LUT3 (Prop_lut3_I2_O)        0.331     7.595 r  u_tile_axi_16/u_tile_core/u_datapath/gen_mlt_lane[8].u_mlt/mul_stage_r[8][11]_i_5/O
                         net (fo=2, routed)           0.594     8.189    u_tile_axi_16/u_tile_core/u_datapath/gen_mlt_lane[8].u_mlt/mul_stage_r[8][11]_i_5_n_0
    SLICE_X29Y76         LUT4 (Prop_lut4_I3_O)        0.332     8.521 r  u_tile_axi_16/u_tile_core/u_datapath/gen_mlt_lane[8].u_mlt/mul_stage_r[8][11]_i_9/O
                         net (fo=1, routed)           0.000     8.521    u_tile_axi_16/u_tile_core/u_datapath/gen_mlt_lane[8].u_mlt/mul_stage_r[8][11]_i_9_n_0
    SLICE_X29Y76         CARRY4 (Prop_carry4_S[0]_CO[3])
                                                      0.532     9.053 r  u_tile_axi_16/u_tile_core/u_datapath/gen_mlt_lane[8].u_mlt/mul_stage_r_reg[8][11]_i_1/CO[3]
                         net (fo=1, routed)           0.000     9.053    u_tile_axi_16/u_tile_core/u_datapath/gen_mlt_lane[8].u_mlt/mul_stage_r_reg[8][11]_i_1_n_0
    SLICE_X29Y77         CARRY4 (Prop_carry4_CI_O[3])
                                                      0.313     9.366 r  u_tile_axi_16/u_tile_core/u_datapath/gen_mlt_lane[8].u_mlt/mul_stage_r_reg[8][15]_i_1/O[3]
                         net (fo=1, routed)           0.000     9.366    u_tile_axi_16/u_tile_core/u_datapath/gen_mlt_lane[8].u_mlt_n_0
    SLICE_X29Y77         FDCE                                         r  u_tile_axi_16/u_tile_core/u_datapath/mul_stage_r_reg[8][15]/D
  -------------------------------------------------------------------    -------------------

                         (clock aclk rise edge)      10.000    10.000 r  
                                                      0.000    10.000 r  aclk (IN)
                         net (fo=790, unset)          0.924    10.924    u_tile_axi_16/u_tile_core/u_datapath/aclk
    SLICE_X29Y77         FDCE                                         r  u_tile_axi_16/u_tile_core/u_datapath/mul_stage_r_reg[8][15]/C
                         clock pessimism              0.000    10.924    
                         clock uncertainty           -0.235    10.689    
    SLICE_X29Y77         FDCE (Setup_fdce_C_D)        0.062    10.751    u_tile_axi_16/u_tile_core/u_datapath/mul_stage_r_reg[8][15]
  -------------------------------------------------------------------
                         required time                         10.751    
                         arrival time                          -9.366    
  -------------------------------------------------------------------
                         slack                                  1.385    

Slack (MET) :             1.396ns  (required time - arrival time)
  Source:                 u_tile_axi_16/u_tile_core/u_weight_mem/gen_weight_bram_lane[6].mem_r_reg/CLKBWRCLK
                            (rising edge-triggered cell RAMB18E1 clocked by aclk  {rise@0.000ns fall@5.000ns period=10.000ns})
  Destination:            u_tile_axi_16/u_tile_core/u_datapath/mul_stage_r_reg[6][12]/D
                            (rising edge-triggered cell FDCE clocked by aclk  {rise@0.000ns fall@5.000ns period=10.000ns})
  Path Group:             aclk
  Path Type:              Setup (Max at Slow Process Corner)
  Requirement:            10.000ns  (aclk rise@10.000ns - aclk rise@0.000ns)
  Data Path Delay:        8.382ns  (logic 4.641ns (55.370%)  route 3.741ns (44.630%))
  Logic Levels:           8  (CARRY4=4 LUT3=1 LUT4=1 LUT6=2)
  Clock Path Skew:        -0.049ns (DCD - SCD + CPR)
    Destination Clock Delay (DCD):    0.924ns = ( 10.924 - 10.000 ) 
    Source Clock Delay      (SCD):    0.973ns
    Clock Pessimism Removal (CPR):    0.000ns
  Clock Uncertainty:      0.235ns  ((TSJ^2 + TIJ^2)^1/2 + DJ) / 2 + PE + UU
    Total System Jitter     (TSJ):    0.071ns
    Total Input Jitter      (TIJ):    0.000ns
    Discrete Jitter          (DJ):    0.000ns
    Phase Error              (PE):    0.000ns
    User Uncertainty         (UU):    0.200ns

    Location             Delay type                Incr(ns)  Path(ns)    Netlist Resource(s)
  -------------------------------------------------------------------    -------------------
                         (clock aclk rise edge)       0.000     0.000 r  
                                                      0.000     0.000 r  aclk (IN)
                         net (fo=790, unset)          0.973     0.973    u_tile_axi_16/u_tile_core/u_weight_mem/aclk
    RAMB18_X2Y31         RAMB18E1                                     r  u_tile_axi_16/u_tile_core/u_weight_mem/gen_weight_bram_lane[6].mem_r_reg/CLKBWRCLK
  -------------------------------------------------------------------    -------------------
    RAMB18_X2Y31         RAMB18E1 (Prop_ramb18e1_CLKBWRCLK_DOBDO[2])
                                                      2.454     3.427 r  u_tile_axi_16/u_tile_core/u_weight_mem/gen_weight_bram_lane[6].mem_r_reg/DOBDO[2]
                         net (fo=16, routed)          1.694     5.121    u_tile_axi_16/u_tile_core/u_datapath/gen_mlt_lane[6].u_mlt/weight_window_w[2]
    SLICE_X46Y71         LUT6 (Prop_lut6_I0_O)        0.124     5.245 r  u_tile_axi_16/u_tile_core/u_datapath/gen_mlt_lane[6].u_mlt/mul_stage_r[6][11]_i_36/O
                         net (fo=2, routed)           0.570     5.815    u_tile_axi_16/u_tile_core/u_weight_mem/mul_stage_r_reg[6][11]_i_13[0]
    SLICE_X46Y69         LUT6 (Prop_lut6_I0_O)        0.124     5.939 r  u_tile_axi_16/u_tile_core/u_weight_mem/mul_stage_r[6][11]_i_40/O
                         net (fo=1, routed)           0.000     5.939    u_tile_axi_16/u_tile_core/u_datapath/gen_mlt_lane[6].u_mlt/mul_stage_r[6][7]_i_9_0[0]
    SLICE_X46Y69         CARRY4 (Prop_carry4_S[0]_O[2])
                                                      0.544     6.483 r  u_tile_axi_16/u_tile_core/u_datapath/gen_mlt_lane[6].u_mlt/mul_stage_r_reg[6][11]_i_13/O[2]
                         net (fo=2, routed)           0.829     7.311    u_tile_axi_16/u_tile_core/u_datapath/gen_mlt_lane[6].u_mlt/mul_stage_r_reg[6][11]_i_13_n_5
    SLICE_X44Y68         LUT3 (Prop_lut3_I2_O)        0.330     7.641 r  u_tile_axi_16/u_tile_core/u_datapath/gen_mlt_lane[6].u_mlt/mul_stage_r[6][7]_i_2/O
                         net (fo=2, routed)           0.648     8.290    u_tile_axi_16/u_tile_core/u_datapath/gen_mlt_lane[6].u_mlt/mul_stage_r[6][7]_i_2_n_0
    SLICE_X44Y68         LUT4 (Prop_lut4_I3_O)        0.327     8.617 r  u_tile_axi_16/u_tile_core/u_datapath/gen_mlt_lane[6].u_mlt/mul_stage_r[6][7]_i_6/O
                         net (fo=1, routed)           0.000     8.617    u_tile_axi_16/u_tile_core/u_datapath/gen_mlt_lane[6].u_mlt/mul_stage_r[6][7]_i_6_n_0
    SLICE_X44Y68         CARRY4 (Prop_carry4_S[3]_CO[3])
                                                      0.401     9.018 r  u_tile_axi_16/u_tile_core/u_datapath/gen_mlt_lane[6].u_mlt/mul_stage_r_reg[6][7]_i_1/CO[3]
                         net (fo=1, routed)           0.000     9.018    u_tile_axi_16/u_tile_core/u_datapath/gen_mlt_lane[6].u_mlt/mul_stage_r_reg[6][7]_i_1_n_0
    SLICE_X44Y69         CARRY4 (Prop_carry4_CI_CO[3])
                                                      0.114     9.132 r  u_tile_axi_16/u_tile_core/u_datapath/gen_mlt_lane[6].u_mlt/mul_stage_r_reg[6][11]_i_1/CO[3]
                         net (fo=1, routed)           0.000     9.132    u_tile_axi_16/u_tile_core/u_datapath/gen_mlt_lane[6].u_mlt/mul_stage_r_reg[6][11]_i_1_n_0
    SLICE_X44Y70         CARRY4 (Prop_carry4_CI_O[0])
                                                      0.223     9.355 r  u_tile_axi_16/u_tile_core/u_datapath/gen_mlt_lane[6].u_mlt/mul_stage_r_reg[6][15]_i_1/O[0]
                         net (fo=1, routed)           0.000     9.355    u_tile_axi_16/u_tile_core/u_datapath/gen_mlt_lane[6].u_mlt_n_3
    SLICE_X44Y70         FDCE                                         r  u_tile_axi_16/u_tile_core/u_datapath/mul_stage_r_reg[6][12]/D
  -------------------------------------------------------------------    -------------------

                         (clock aclk rise edge)      10.000    10.000 r  
                                                      0.000    10.000 r  aclk (IN)
                         net (fo=790, unset)          0.924    10.924    u_tile_axi_16/u_tile_core/u_datapath/aclk
    SLICE_X44Y70         FDCE                                         r  u_tile_axi_16/u_tile_core/u_datapath/mul_stage_r_reg[6][12]/C
                         clock pessimism              0.000    10.924    
                         clock uncertainty           -0.235    10.689    
    SLICE_X44Y70         FDCE (Setup_fdce_C_D)        0.062    10.751    u_tile_axi_16/u_tile_core/u_datapath/mul_stage_r_reg[6][12]
  -------------------------------------------------------------------
                         required time                         10.751    
                         arrival time                          -9.355    
  -------------------------------------------------------------------
                         slack                                  1.396    

Slack (MET) :             1.399ns  (required time - arrival time)
  Source:                 u_tile_axi_16/u_tile_core/u_weight_mem/gen_weight_bram_lane[6].mem_r_reg/CLKBWRCLK
                            (rising edge-triggered cell RAMB18E1 clocked by aclk  {rise@0.000ns fall@5.000ns period=10.000ns})
  Destination:            u_tile_axi_16/u_tile_core/u_datapath/mul_stage_r_reg[6][9]/D
                            (rising edge-triggered cell FDCE clocked by aclk  {rise@0.000ns fall@5.000ns period=10.000ns})
  Path Group:             aclk
  Path Type:              Setup (Max at Slow Process Corner)
  Requirement:            10.000ns  (aclk rise@10.000ns - aclk rise@0.000ns)
  Data Path Delay:        8.379ns  (logic 4.638ns (55.354%)  route 3.741ns (44.646%))
  Logic Levels:           7  (CARRY4=3 LUT3=1 LUT4=1 LUT6=2)
  Clock Path Skew:        -0.049ns (DCD - SCD + CPR)
    Destination Clock Delay (DCD):    0.924ns = ( 10.924 - 10.000 ) 
    Source Clock Delay      (SCD):    0.973ns
    Clock Pessimism Removal (CPR):    0.000ns
  Clock Uncertainty:      0.235ns  ((TSJ^2 + TIJ^2)^1/2 + DJ) / 2 + PE + UU
    Total System Jitter     (TSJ):    0.071ns
    Total Input Jitter      (TIJ):    0.000ns
    Discrete Jitter          (DJ):    0.000ns
    Phase Error              (PE):    0.000ns
    User Uncertainty         (UU):    0.200ns

    Location             Delay type                Incr(ns)  Path(ns)    Netlist Resource(s)
  -------------------------------------------------------------------    -------------------
                         (clock aclk rise edge)       0.000     0.000 r  
                                                      0.000     0.000 r  aclk (IN)
                         net (fo=790, unset)          0.973     0.973    u_tile_axi_16/u_tile_core/u_weight_mem/aclk
    RAMB18_X2Y31         RAMB18E1                                     r  u_tile_axi_16/u_tile_core/u_weight_mem/gen_weight_bram_lane[6].mem_r_reg/CLKBWRCLK
  -------------------------------------------------------------------    -------------------
    RAMB18_X2Y31         RAMB18E1 (Prop_ramb18e1_CLKBWRCLK_DOBDO[2])
                                                      2.454     3.427 r  u_tile_axi_16/u_tile_core/u_weight_mem/gen_weight_bram_lane[6].mem_r_reg/DOBDO[2]
                         net (fo=16, routed)          1.694     5.121    u_tile_axi_16/u_tile_core/u_datapath/gen_mlt_lane[6].u_mlt/weight_window_w[2]
    SLICE_X46Y71         LUT6 (Prop_lut6_I0_O)        0.124     5.245 r  u_tile_axi_16/u_tile_core/u_datapath/gen_mlt_lane[6].u_mlt/mul_stage_r[6][11]_i_36/O
                         net (fo=2, routed)           0.570     5.815    u_tile_axi_16/u_tile_core/u_weight_mem/mul_stage_r_reg[6][11]_i_13[0]
    SLICE_X46Y69         LUT6 (Prop_lut6_I0_O)        0.124     5.939 r  u_tile_axi_16/u_tile_core/u_weight_mem/mul_stage_r[6][11]_i_40/O
                         net (fo=1, routed)           0.000     5.939    u_tile_axi_16/u_tile_core/u_datapath/gen_mlt_lane[6].u_mlt/mul_stage_r[6][7]_i_9_0[0]
    SLICE_X46Y69         CARRY4 (Prop_carry4_S[0]_O[2])
                                                      0.544     6.483 r  u_tile_axi_16/u_tile_core/u_datapath/gen_mlt_lane[6].u_mlt/mul_stage_r_reg[6][11]_i_13/O[2]
                         net (fo=2, routed)           0.829     7.311    u_tile_axi_16/u_tile_core/u_datapath/gen_mlt_lane[6].u_mlt/mul_stage_r_reg[6][11]_i_13_n_5
    SLICE_X44Y68         LUT3 (Prop_lut3_I2_O)        0.330     7.641 r  u_tile_axi_16/u_tile_core/u_datapath/gen_mlt_lane[6].u_mlt/mul_stage_r[6][7]_i_2/O
                         net (fo=2, routed)           0.648     8.290    u_tile_axi_16/u_tile_core/u_datapath/gen_mlt_lane[6].u_mlt/mul_stage_r[6][7]_i_2_n_0
    SLICE_X44Y68         LUT4 (Prop_lut4_I3_O)        0.327     8.617 r  u_tile_axi_16/u_tile_core/u_datapath/gen_mlt_lane[6].u_mlt/mul_stage_r[6][7]_i_6/O
                         net (fo=1, routed)           0.000     8.617    u_tile_axi_16/u_tile_core/u_datapath/gen_mlt_lane[6].u_mlt/mul_stage_r[6][7]_i_6_n_0
    SLICE_X44Y68         CARRY4 (Prop_carry4_S[3]_CO[3])
                                                      0.401     9.018 r  u_tile_axi_16/u_tile_core/u_datapath/gen_mlt_lane[6].u_mlt/mul_stage_r_reg[6][7]_i_1/CO[3]
                         net (fo=1, routed)           0.000     9.018    u_tile_axi_16/u_tile_core/u_datapath/gen_mlt_lane[6].u_mlt/mul_stage_r_reg[6][7]_i_1_n_0
    SLICE_X44Y69         CARRY4 (Prop_carry4_CI_O[1])
                                                      0.334     9.352 r  u_tile_axi_16/u_tile_core/u_datapath/gen_mlt_lane[6].u_mlt/mul_stage_r_reg[6][11]_i_1/O[1]
                         net (fo=1, routed)           0.000     9.352    u_tile_axi_16/u_tile_core/u_datapath/gen_mlt_lane[6].u_mlt_n_6
    SLICE_X44Y69         FDCE                                         r  u_tile_axi_16/u_tile_core/u_datapath/mul_stage_r_reg[6][9]/D
  -------------------------------------------------------------------    -------------------

                         (clock aclk rise edge)      10.000    10.000 r  
                                                      0.000    10.000 r  aclk (IN)
                         net (fo=790, unset)          0.924    10.924    u_tile_axi_16/u_tile_core/u_datapath/aclk
    SLICE_X44Y69         FDCE                                         r  u_tile_axi_16/u_tile_core/u_datapath/mul_stage_r_reg[6][9]/C
                         clock pessimism              0.000    10.924    
                         clock uncertainty           -0.235    10.689    
    SLICE_X44Y69         FDCE (Setup_fdce_C_D)        0.062    10.751    u_tile_axi_16/u_tile_core/u_datapath/mul_stage_r_reg[6][9]
  -------------------------------------------------------------------
                         required time                         10.751    
                         arrival time                          -9.352    
  -------------------------------------------------------------------
                         slack                                  1.399    

Slack (MET) :             1.405ns  (required time - arrival time)
  Source:                 u_tile_axi_16/u_tile_core/u_weight_mem/gen_weight_bram_lane[2].mem_r_reg/CLKBWRCLK
                            (rising edge-triggered cell RAMB18E1 clocked by aclk  {rise@0.000ns fall@5.000ns period=10.000ns})
  Destination:            u_tile_axi_16/u_tile_core/u_datapath/mul_stage_r_reg[2][14]/D
                            (rising edge-triggered cell FDCE clocked by aclk  {rise@0.000ns fall@5.000ns period=10.000ns})
  Path Group:             aclk
  Path Type:              Setup (Max at Slow Process Corner)
  Requirement:            10.000ns  (aclk rise@10.000ns - aclk rise@0.000ns)
  Data Path Delay:        8.373ns  (logic 4.990ns (59.593%)  route 3.383ns (40.407%))
  Logic Levels:           9  (CARRY4=5 LUT2=1 LUT3=1 LUT4=1 LUT6=1)
  Clock Path Skew:        -0.049ns (DCD - SCD + CPR)
    Destination Clock Delay (DCD):    0.924ns = ( 10.924 - 10.000 ) 
    Source Clock Delay      (SCD):    0.973ns
    Clock Pessimism Removal (CPR):    0.000ns
  Clock Uncertainty:      0.235ns  ((TSJ^2 + TIJ^2)^1/2 + DJ) / 2 + PE + UU
    Total System Jitter     (TSJ):    0.071ns
    Total Input Jitter      (TIJ):    0.000ns
    Discrete Jitter          (DJ):    0.000ns
    Phase Error              (PE):    0.000ns
    User Uncertainty         (UU):    0.200ns

    Location             Delay type                Incr(ns)  Path(ns)    Netlist Resource(s)
  -------------------------------------------------------------------    -------------------
                         (clock aclk rise edge)       0.000     0.000 r  
                                                      0.000     0.000 r  aclk (IN)
                         net (fo=790, unset)          0.973     0.973    u_tile_axi_16/u_tile_core/u_weight_mem/aclk
    RAMB18_X2Y29         RAMB18E1                                     r  u_tile_axi_16/u_tile_core/u_weight_mem/gen_weight_bram_lane[2].mem_r_reg/CLKBWRCLK
  -------------------------------------------------------------------    -------------------
    RAMB18_X2Y29         RAMB18E1 (Prop_ramb18e1_CLKBWRCLK_DOBDO[0])
                                                      2.454     3.427 f  u_tile_axi_16/u_tile_core/u_weight_mem/gen_weight_bram_lane[2].mem_r_reg/DOBDO[0]
                         net (fo=16, routed)          1.431     4.858    u_tile_axi_16/u_tile_core/u_datapath/gen_mlt_lane[2].u_mlt/weight_window_w[0]
    SLICE_X44Y72         LUT2 (Prop_lut2_I1_O)        0.152     5.010 r  u_tile_axi_16/u_tile_core/u_datapath/gen_mlt_lane[2].u_mlt/mul_stage_r[2][2]_i_9/O
                         net (fo=1, routed)           0.434     5.444    u_tile_axi_16/u_tile_core/u_window_generator/mul_stage_r_reg[2][2]
    SLICE_X43Y71         LUT6 (Prop_lut6_I1_O)        0.332     5.776 r  u_tile_axi_16/u_tile_core/u_window_generator/mul_stage_r[2][2]_i_5/O
                         net (fo=1, routed)           0.000     5.776    u_tile_axi_16/u_tile_core/u_datapath/gen_mlt_lane[2].u_mlt/mul_stage_r_reg[2][2][3]
    SLICE_X43Y71         CARRY4 (Prop_carry4_S[3]_CO[3])
                                                      0.401     6.177 r  u_tile_axi_16/u_tile_core/u_datapath/gen_mlt_lane[2].u_mlt/mul_stage_r_reg[2][2]_i_1/CO[3]
                         net (fo=1, routed)           0.000     6.177    u_tile_axi_16/u_tile_core/u_datapath/gen_mlt_lane[2].u_mlt/mul_stage_r_reg[2][2]_i_1_n_0
    SLICE_X43Y72         CARRY4 (Prop_carry4_CI_O[2])
                                                      0.239     6.416 r  u_tile_axi_16/u_tile_core/u_datapath/gen_mlt_lane[2].u_mlt/mul_stage_r_reg[2][11]_i_13/O[2]
                         net (fo=2, routed)           0.829     7.245    u_tile_axi_16/u_tile_core/u_datapath/gen_mlt_lane[2].u_mlt/mul_stage_r_reg[2][11]_i_13_n_5
    SLICE_X40Y71         LUT3 (Prop_lut3_I2_O)        0.331     7.576 r  u_tile_axi_16/u_tile_core/u_datapath/gen_mlt_lane[2].u_mlt/mul_stage_r[2][7]_i_2/O
                         net (fo=2, routed)           0.690     8.265    u_tile_axi_16/u_tile_core/u_datapath/gen_mlt_lane[2].u_mlt/mul_stage_r[2][7]_i_2_n_0
    SLICE_X40Y71         LUT4 (Prop_lut4_I3_O)        0.327     8.592 r  u_tile_axi_16/u_tile_core/u_datapath/gen_mlt_lane[2].u_mlt/mul_stage_r[2][7]_i_6/O
                         net (fo=1, routed)           0.000     8.592    u_tile_axi_16/u_tile_core/u_datapath/gen_mlt_lane[2].u_mlt/mul_stage_r[2][7]_i_6_n_0
    SLICE_X40Y71         CARRY4 (Prop_carry4_S[3]_CO[3])
                                                      0.401     8.993 r  u_tile_axi_16/u_tile_core/u_datapath/gen_mlt_lane[2].u_mlt/mul_stage_r_reg[2][7]_i_1/CO[3]
                         net (fo=1, routed)           0.000     8.993    u_tile_axi_16/u_tile_core/u_datapath/gen_mlt_lane[2].u_mlt/mul_stage_r_reg[2][7]_i_1_n_0
    SLICE_X40Y72         CARRY4 (Prop_carry4_CI_CO[3])
                                                      0.114     9.107 r  u_tile_axi_16/u_tile_core/u_datapath/gen_mlt_lane[2].u_mlt/mul_stage_r_reg[2][11]_i_1/CO[3]
                         net (fo=1, routed)           0.000     9.107    u_tile_axi_16/u_tile_core/u_datapath/gen_mlt_lane[2].u_mlt/mul_stage_r_reg[2][11]_i_1_n_0
    SLICE_X40Y73         CARRY4 (Prop_carry4_CI_O[2])
                                                      0.239     9.346 r  u_tile_axi_16/u_tile_core/u_datapath/gen_mlt_lane[2].u_mlt/mul_stage_r_reg[2][15]_i_1/O[2]
                         net (fo=1, routed)           0.000     9.346    u_tile_axi_16/u_tile_core/u_datapath/gen_mlt_lane[2].u_mlt_n_1
    SLICE_X40Y73         FDCE                                         r  u_tile_axi_16/u_tile_core/u_datapath/mul_stage_r_reg[2][14]/D
  -------------------------------------------------------------------    -------------------

                         (clock aclk rise edge)      10.000    10.000 r  
                                                      0.000    10.000 r  aclk (IN)
                         net (fo=790, unset)          0.924    10.924    u_tile_axi_16/u_tile_core/u_datapath/aclk
    SLICE_X40Y73         FDCE                                         r  u_tile_axi_16/u_tile_core/u_datapath/mul_stage_r_reg[2][14]/C
                         clock pessimism              0.000    10.924    
                         clock uncertainty           -0.235    10.689    
    SLICE_X40Y73         FDCE (Setup_fdce_C_D)        0.062    10.751    u_tile_axi_16/u_tile_core/u_datapath/mul_stage_r_reg[2][14]
  -------------------------------------------------------------------
                         required time                         10.751    
                         arrival time                          -9.346    
  -------------------------------------------------------------------
                         slack                                  1.405    

Slack (MET) :             1.420ns  (required time - arrival time)
  Source:                 u_tile_axi_16/u_tile_core/u_weight_mem/gen_weight_bram_lane[6].mem_r_reg/CLKBWRCLK
                            (rising edge-triggered cell RAMB18E1 clocked by aclk  {rise@0.000ns fall@5.000ns period=10.000ns})
  Destination:            u_tile_axi_16/u_tile_core/u_datapath/mul_stage_r_reg[6][11]/D
                            (rising edge-triggered cell FDCE clocked by aclk  {rise@0.000ns fall@5.000ns period=10.000ns})
  Path Group:             aclk
  Path Type:              Setup (Max at Slow Process Corner)
  Requirement:            10.000ns  (aclk rise@10.000ns - aclk rise@0.000ns)
  Data Path Delay:        8.358ns  (logic 4.617ns (55.241%)  route 3.741ns (44.759%))
  Logic Levels:           7  (CARRY4=3 LUT3=1 LUT4=1 LUT6=2)
  Clock Path Skew:        -0.049ns (DCD - SCD + CPR)
    Destination Clock Delay (DCD):    0.924ns = ( 10.924 - 10.000 ) 
    Source Clock Delay      (SCD):    0.973ns
    Clock Pessimism Removal (CPR):    0.000ns
  Clock Uncertainty:      0.235ns  ((TSJ^2 + TIJ^2)^1/2 + DJ) / 2 + PE + UU
    Total System Jitter     (TSJ):    0.071ns
    Total Input Jitter      (TIJ):    0.000ns
    Discrete Jitter          (DJ):    0.000ns
    Phase Error              (PE):    0.000ns
    User Uncertainty         (UU):    0.200ns

    Location             Delay type                Incr(ns)  Path(ns)    Netlist Resource(s)
  -------------------------------------------------------------------    -------------------
                         (clock aclk rise edge)       0.000     0.000 r  
                                                      0.000     0.000 r  aclk (IN)
                         net (fo=790, unset)          0.973     0.973    u_tile_axi_16/u_tile_core/u_weight_mem/aclk
    RAMB18_X2Y31         RAMB18E1                                     r  u_tile_axi_16/u_tile_core/u_weight_mem/gen_weight_bram_lane[6].mem_r_reg/CLKBWRCLK
  -------------------------------------------------------------------    -------------------
    RAMB18_X2Y31         RAMB18E1 (Prop_ramb18e1_CLKBWRCLK_DOBDO[2])
                                                      2.454     3.427 r  u_tile_axi_16/u_tile_core/u_weight_mem/gen_weight_bram_lane[6].mem_r_reg/DOBDO[2]
                         net (fo=16, routed)          1.694     5.121    u_tile_axi_16/u_tile_core/u_datapath/gen_mlt_lane[6].u_mlt/weight_window_w[2]
    SLICE_X46Y71         LUT6 (Prop_lut6_I0_O)        0.124     5.245 r  u_tile_axi_16/u_tile_core/u_datapath/gen_mlt_lane[6].u_mlt/mul_stage_r[6][11]_i_36/O
                         net (fo=2, routed)           0.570     5.815    u_tile_axi_16/u_tile_core/u_weight_mem/mul_stage_r_reg[6][11]_i_13[0]
    SLICE_X46Y69         LUT6 (Prop_lut6_I0_O)        0.124     5.939 r  u_tile_axi_16/u_tile_core/u_weight_mem/mul_stage_r[6][11]_i_40/O
                         net (fo=1, routed)           0.000     5.939    u_tile_axi_16/u_tile_core/u_datapath/gen_mlt_lane[6].u_mlt/mul_stage_r[6][7]_i_9_0[0]
    SLICE_X46Y69         CARRY4 (Prop_carry4_S[0]_O[2])
                                                      0.544     6.483 r  u_tile_axi_16/u_tile_core/u_datapath/gen_mlt_lane[6].u_mlt/mul_stage_r_reg[6][11]_i_13/O[2]
                         net (fo=2, routed)           0.829     7.311    u_tile_axi_16/u_tile_core/u_datapath/gen_mlt_lane[6].u_mlt/mul_stage_r_reg[6][11]_i_13_n_5
    SLICE_X44Y68         LUT3 (Prop_lut3_I2_O)        0.330     7.641 r  u_tile_axi_16/u_tile_core/u_datapath/gen_mlt_lane[6].u_mlt/mul_stage_r[6][7]_i_2/O
                         net (fo=2, routed)           0.648     8.290    u_tile_axi_16/u_tile_core/u_datapath/gen_mlt_lane[6].u_mlt/mul_stage_r[6][7]_i_2_n_0
    SLICE_X44Y68         LUT4 (Prop_lut4_I3_O)        0.327     8.617 r  u_tile_axi_16/u_tile_core/u_datapath/gen_mlt_lane[6].u_mlt/mul_stage_r[6][7]_i_6/O
                         net (fo=1, routed)           0.000     8.617    u_tile_axi_16/u_tile_core/u_datapath/gen_mlt_lane[6].u_mlt/mul_stage_r[6][7]_i_6_n_0
    SLICE_X44Y68         CARRY4 (Prop_carry4_S[3]_CO[3])
                                                      0.401     9.018 r  u_tile_axi_16/u_tile_core/u_datapath/gen_mlt_lane[6].u_mlt/mul_stage_r_reg[6][7]_i_1/CO[3]
                         net (fo=1, routed)           0.000     9.018    u_tile_axi_16/u_tile_core/u_datapath/gen_mlt_lane[6].u_mlt/mul_stage_r_reg[6][7]_i_1_n_0
    SLICE_X44Y69         CARRY4 (Prop_carry4_CI_O[3])
                                                      0.313     9.331 r  u_tile_axi_16/u_tile_core/u_datapath/gen_mlt_lane[6].u_mlt/mul_stage_r_reg[6][11]_i_1/O[3]
                         net (fo=1, routed)           0.000     9.331    u_tile_axi_16/u_tile_core/u_datapath/gen_mlt_lane[6].u_mlt_n_4
    SLICE_X44Y69         FDCE                                         r  u_tile_axi_16/u_tile_core/u_datapath/mul_stage_r_reg[6][11]/D
  -------------------------------------------------------------------    -------------------

                         (clock aclk rise edge)      10.000    10.000 r  
                                                      0.000    10.000 r  aclk (IN)
                         net (fo=790, unset)          0.924    10.924    u_tile_axi_16/u_tile_core/u_datapath/aclk
    SLICE_X44Y69         FDCE                                         r  u_tile_axi_16/u_tile_core/u_datapath/mul_stage_r_reg[6][11]/C
                         clock pessimism              0.000    10.924    
                         clock uncertainty           -0.235    10.689    
    SLICE_X44Y69         FDCE (Setup_fdce_C_D)        0.062    10.751    u_tile_axi_16/u_tile_core/u_datapath/mul_stage_r_reg[6][11]
  -------------------------------------------------------------------
                         required time                         10.751    
                         arrival time                          -9.331    
  -------------------------------------------------------------------
                         slack                                  1.420    

Slack (MET) :             1.421ns  (required time - arrival time)
  Source:                 u_tile_axi_16/u_tile_core/u_weight_mem/gen_weight_bram_lane[2].mem_r_reg/CLKBWRCLK
                            (rising edge-triggered cell RAMB18E1 clocked by aclk  {rise@0.000ns fall@5.000ns period=10.000ns})
  Destination:            u_tile_axi_16/u_tile_core/u_datapath/mul_stage_r_reg[2][12]/D
                            (rising edge-triggered cell FDCE clocked by aclk  {rise@0.000ns fall@5.000ns period=10.000ns})
  Path Group:             aclk
  Path Type:              Setup (Max at Slow Process Corner)
  Requirement:            10.000ns  (aclk rise@10.000ns - aclk rise@0.000ns)
  Data Path Delay:        8.357ns  (logic 4.974ns (59.516%)  route 3.383ns (40.484%))
  Logic Levels:           9  (CARRY4=5 LUT2=1 LUT3=1 LUT4=1 LUT6=1)
  Clock Path Skew:        -0.049ns (DCD - SCD + CPR)
    Destination Clock Delay (DCD):    0.924ns = ( 10.924 - 10.000 ) 
    Source Clock Delay      (SCD):    0.973ns
    Clock Pessimism Removal (CPR):    0.000ns
  Clock Uncertainty:      0.235ns  ((TSJ^2 + TIJ^2)^1/2 + DJ) / 2 + PE + UU
    Total System Jitter     (TSJ):    0.071ns
    Total Input Jitter      (TIJ):    0.000ns
    Discrete Jitter          (DJ):    0.000ns
    Phase Error              (PE):    0.000ns
    User Uncertainty         (UU):    0.200ns

    Location             Delay type                Incr(ns)  Path(ns)    Netlist Resource(s)
  -------------------------------------------------------------------    -------------------
                         (clock aclk rise edge)       0.000     0.000 r  
                                                      0.000     0.000 r  aclk (IN)
                         net (fo=790, unset)          0.973     0.973    u_tile_axi_16/u_tile_core/u_weight_mem/aclk
    RAMB18_X2Y29         RAMB18E1                                     r  u_tile_axi_16/u_tile_core/u_weight_mem/gen_weight_bram_lane[2].mem_r_reg/CLKBWRCLK
  -------------------------------------------------------------------    -------------------
    RAMB18_X2Y29         RAMB18E1 (Prop_ramb18e1_CLKBWRCLK_DOBDO[0])
                                                      2.454     3.427 f  u_tile_axi_16/u_tile_core/u_weight_mem/gen_weight_bram_lane[2].mem_r_reg/DOBDO[0]
                         net (fo=16, routed)          1.431     4.858    u_tile_axi_16/u_tile_core/u_datapath/gen_mlt_lane[2].u_mlt/weight_window_w[0]
    SLICE_X44Y72         LUT2 (Prop_lut2_I1_O)        0.152     5.010 r  u_tile_axi_16/u_tile_core/u_datapath/gen_mlt_lane[2].u_mlt/mul_stage_r[2][2]_i_9/O
                         net (fo=1, routed)           0.434     5.444    u_tile_axi_16/u_tile_core/u_window_generator/mul_stage_r_reg[2][2]
    SLICE_X43Y71         LUT6 (Prop_lut6_I1_O)        0.332     5.776 r  u_tile_axi_16/u_tile_core/u_window_generator/mul_stage_r[2][2]_i_5/O
                         net (fo=1, routed)           0.000     5.776    u_tile_axi_16/u_tile_core/u_datapath/gen_mlt_lane[2].u_mlt/mul_stage_r_reg[2][2][3]
    SLICE_X43Y71         CARRY4 (Prop_carry4_S[3]_CO[3])
                                                      0.401     6.177 r  u_tile_axi_16/u_tile_core/u_datapath/gen_mlt_lane[2].u_mlt/mul_stage_r_reg[2][2]_i_1/CO[3]
                         net (fo=1, routed)           0.000     6.177    u_tile_axi_16/u_tile_core/u_datapath/gen_mlt_lane[2].u_mlt/mul_stage_r_reg[2][2]_i_1_n_0
    SLICE_X43Y72         CARRY4 (Prop_carry4_CI_O[2])
                                                      0.239     6.416 r  u_tile_axi_16/u_tile_core/u_datapath/gen_mlt_lane[2].u_mlt/mul_stage_r_reg[2][11]_i_13/O[2]
                         net (fo=2, routed)           0.829     7.245    u_tile_axi_16/u_tile_core/u_datapath/gen_mlt_lane[2].u_mlt/mul_stage_r_reg[2][11]_i_13_n_5
    SLICE_X40Y71         LUT3 (Prop_lut3_I2_O)        0.331     7.576 r  u_tile_axi_16/u_tile_core/u_datapath/gen_mlt_lane[2].u_mlt/mul_stage_r[2][7]_i_2/O
                         net (fo=2, routed)           0.690     8.265    u_tile_axi_16/u_tile_core/u_datapath/gen_mlt_lane[2].u_mlt/mul_stage_r[2][7]_i_2_n_0
    SLICE_X40Y71         LUT4 (Prop_lut4_I3_O)        0.327     8.592 r  u_tile_axi_16/u_tile_core/u_datapath/gen_mlt_lane[2].u_mlt/mul_stage_r[2][7]_i_6/O
                         net (fo=1, routed)           0.000     8.592    u_tile_axi_16/u_tile_core/u_datapath/gen_mlt_lane[2].u_mlt/mul_stage_r[2][7]_i_6_n_0
    SLICE_X40Y71         CARRY4 (Prop_carry4_S[3]_CO[3])
                                                      0.401     8.993 r  u_tile_axi_16/u_tile_core/u_datapath/gen_mlt_lane[2].u_mlt/mul_stage_r_reg[2][7]_i_1/CO[3]
                         net (fo=1, routed)           0.000     8.993    u_tile_axi_16/u_tile_core/u_datapath/gen_mlt_lane[2].u_mlt/mul_stage_r_reg[2][7]_i_1_n_0
    SLICE_X40Y72         CARRY4 (Prop_carry4_CI_CO[3])
                                                      0.114     9.107 r  u_tile_axi_16/u_tile_core/u_datapath/gen_mlt_lane[2].u_mlt/mul_stage_r_reg[2][11]_i_1/CO[3]
                         net (fo=1, routed)           0.000     9.107    u_tile_axi_16/u_tile_core/u_datapath/gen_mlt_lane[2].u_mlt/mul_stage_r_reg[2][11]_i_1_n_0
    SLICE_X40Y73         CARRY4 (Prop_carry4_CI_O[0])
                                                      0.223     9.330 r  u_tile_axi_16/u_tile_core/u_datapath/gen_mlt_lane[2].u_mlt/mul_stage_r_reg[2][15]_i_1/O[0]
                         net (fo=1, routed)           0.000     9.330    u_tile_axi_16/u_tile_core/u_datapath/gen_mlt_lane[2].u_mlt_n_3
    SLICE_X40Y73         FDCE                                         r  u_tile_axi_16/u_tile_core/u_datapath/mul_stage_r_reg[2][12]/D
  -------------------------------------------------------------------    -------------------

                         (clock aclk rise edge)      10.000    10.000 r  
                                                      0.000    10.000 r  aclk (IN)
                         net (fo=790, unset)          0.924    10.924    u_tile_axi_16/u_tile_core/u_datapath/aclk
    SLICE_X40Y73         FDCE                                         r  u_tile_axi_16/u_tile_core/u_datapath/mul_stage_r_reg[2][12]/C
                         clock pessimism              0.000    10.924    
                         clock uncertainty           -0.235    10.689    
    SLICE_X40Y73         FDCE (Setup_fdce_C_D)        0.062    10.751    u_tile_axi_16/u_tile_core/u_datapath/mul_stage_r_reg[2][12]
  -------------------------------------------------------------------
                         required time                         10.751    
                         arrival time                          -9.330    
  -------------------------------------------------------------------
                         slack                                  1.421    

Slack (MET) :             1.424ns  (required time - arrival time)
  Source:                 u_tile_axi_16/u_tile_core/u_weight_mem/gen_weight_bram_lane[2].mem_r_reg/CLKBWRCLK
                            (rising edge-triggered cell RAMB18E1 clocked by aclk  {rise@0.000ns fall@5.000ns period=10.000ns})
  Destination:            u_tile_axi_16/u_tile_core/u_datapath/mul_stage_r_reg[2][9]/D
                            (rising edge-triggered cell FDCE clocked by aclk  {rise@0.000ns fall@5.000ns period=10.000ns})
  Path Group:             aclk
  Path Type:              Setup (Max at Slow Process Corner)
  Requirement:            10.000ns  (aclk rise@10.000ns - aclk rise@0.000ns)
  Data Path Delay:        8.354ns  (logic 4.971ns (59.501%)  route 3.383ns (40.499%))
  Logic Levels:           8  (CARRY4=4 LUT2=1 LUT3=1 LUT4=1 LUT6=1)
  Clock Path Skew:        -0.049ns (DCD - SCD + CPR)
    Destination Clock Delay (DCD):    0.924ns = ( 10.924 - 10.000 ) 
    Source Clock Delay      (SCD):    0.973ns
    Clock Pessimism Removal (CPR):    0.000ns
  Clock Uncertainty:      0.235ns  ((TSJ^2 + TIJ^2)^1/2 + DJ) / 2 + PE + UU
    Total System Jitter     (TSJ):    0.071ns
    Total Input Jitter      (TIJ):    0.000ns
    Discrete Jitter          (DJ):    0.000ns
    Phase Error              (PE):    0.000ns
    User Uncertainty         (UU):    0.200ns

    Location             Delay type                Incr(ns)  Path(ns)    Netlist Resource(s)
  -------------------------------------------------------------------    -------------------
                         (clock aclk rise edge)       0.000     0.000 r  
                                                      0.000     0.000 r  aclk (IN)
                         net (fo=790, unset)          0.973     0.973    u_tile_axi_16/u_tile_core/u_weight_mem/aclk
    RAMB18_X2Y29         RAMB18E1                                     r  u_tile_axi_16/u_tile_core/u_weight_mem/gen_weight_bram_lane[2].mem_r_reg/CLKBWRCLK
  -------------------------------------------------------------------    -------------------
    RAMB18_X2Y29         RAMB18E1 (Prop_ramb18e1_CLKBWRCLK_DOBDO[0])
                                                      2.454     3.427 f  u_tile_axi_16/u_tile_core/u_weight_mem/gen_weight_bram_lane[2].mem_r_reg/DOBDO[0]
                         net (fo=16, routed)          1.431     4.858    u_tile_axi_16/u_tile_core/u_datapath/gen_mlt_lane[2].u_mlt/weight_window_w[0]
    SLICE_X44Y72         LUT2 (Prop_lut2_I1_O)        0.152     5.010 r  u_tile_axi_16/u_tile_core/u_datapath/gen_mlt_lane[2].u_mlt/mul_stage_r[2][2]_i_9/O
                         net (fo=1, routed)           0.434     5.444    u_tile_axi_16/u_tile_core/u_window_generator/mul_stage_r_reg[2][2]
    SLICE_X43Y71         LUT6 (Prop_lut6_I1_O)        0.332     5.776 r  u_tile_axi_16/u_tile_core/u_window_generator/mul_stage_r[2][2]_i_5/O
                         net (fo=1, routed)           0.000     5.776    u_tile_axi_16/u_tile_core/u_datapath/gen_mlt_lane[2].u_mlt/mul_stage_r_reg[2][2][3]
    SLICE_X43Y71         CARRY4 (Prop_carry4_S[3]_CO[3])
                                                      0.401     6.177 r  u_tile_axi_16/u_tile_core/u_datapath/gen_mlt_lane[2].u_mlt/mul_stage_r_reg[2][2]_i_1/CO[3]
                         net (fo=1, routed)           0.000     6.177    u_tile_axi_16/u_tile_core/u_datapath/gen_mlt_lane[2].u_mlt/mul_stage_r_reg[2][2]_i_1_n_0
    SLICE_X43Y72         CARRY4 (Prop_carry4_CI_O[2])
                                                      0.239     6.416 r  u_tile_axi_16/u_tile_core/u_datapath/gen_mlt_lane[2].u_mlt/mul_stage_r_reg[2][11]_i_13/O[2]
                         net (fo=2, routed)           0.829     7.245    u_tile_axi_16/u_tile_core/u_datapath/gen_mlt_lane[2].u_mlt/mul_stage_r_reg[2][11]_i_13_n_5
    SLICE_X40Y71         LUT3 (Prop_lut3_I2_O)        0.331     7.576 r  u_tile_axi_16/u_tile_core/u_datapath/gen_mlt_lane[2].u_mlt/mul_stage_r[2][7]_i_2/O
                         net (fo=2, routed)           0.690     8.265    u_tile_axi_16/u_tile_core/u_datapath/gen_mlt_lane[2].u_mlt/mul_stage_r[2][7]_i_2_n_0
    SLICE_X40Y71         LUT4 (Prop_lut4_I3_O)        0.327     8.592 r  u_tile_axi_16/u_tile_core/u_datapath/gen_mlt_lane[2].u_mlt/mul_stage_r[2][7]_i_6/O
                         net (fo=1, routed)           0.000     8.592    u_tile_axi_16/u_tile_core/u_datapath/gen_mlt_lane[2].u_mlt/mul_stage_r[2][7]_i_6_n_0
    SLICE_X40Y71         CARRY4 (Prop_carry4_S[3]_CO[3])
                                                      0.401     8.993 r  u_tile_axi_16/u_tile_core/u_datapath/gen_mlt_lane[2].u_mlt/mul_stage_r_reg[2][7]_i_1/CO[3]
                         net (fo=1, routed)           0.000     8.993    u_tile_axi_16/u_tile_core/u_datapath/gen_mlt_lane[2].u_mlt/mul_stage_r_reg[2][7]_i_1_n_0
    SLICE_X40Y72         CARRY4 (Prop_carry4_CI_O[1])
                                                      0.334     9.327 r  u_tile_axi_16/u_tile_core/u_datapath/gen_mlt_lane[2].u_mlt/mul_stage_r_reg[2][11]_i_1/O[1]
                         net (fo=1, routed)           0.000     9.327    u_tile_axi_16/u_tile_core/u_datapath/gen_mlt_lane[2].u_mlt_n_6
    SLICE_X40Y72         FDCE                                         r  u_tile_axi_16/u_tile_core/u_datapath/mul_stage_r_reg[2][9]/D
  -------------------------------------------------------------------    -------------------

                         (clock aclk rise edge)      10.000    10.000 r  
                                                      0.000    10.000 r  aclk (IN)
                         net (fo=790, unset)          0.924    10.924    u_tile_axi_16/u_tile_core/u_datapath/aclk
    SLICE_X40Y72         FDCE                                         r  u_tile_axi_16/u_tile_core/u_datapath/mul_stage_r_reg[2][9]/C
                         clock pessimism              0.000    10.924    
                         clock uncertainty           -0.235    10.689    
    SLICE_X40Y72         FDCE (Setup_fdce_C_D)        0.062    10.751    u_tile_axi_16/u_tile_core/u_datapath/mul_stage_r_reg[2][9]
  -------------------------------------------------------------------
                         required time                         10.751    
                         arrival time                          -9.327    
  -------------------------------------------------------------------
                         slack                                  1.424    

Slack (MET) :             1.435ns  (required time - arrival time)
  Source:                 u_tile_axi_16/u_tile_core/u_weight_mem/gen_weight_bram_lane[4].mem_r_reg/CLKBWRCLK
                            (rising edge-triggered cell RAMB18E1 clocked by aclk  {rise@0.000ns fall@5.000ns period=10.000ns})
  Destination:            u_tile_axi_16/u_tile_core/u_datapath/mul_stage_r_reg[4][14]/D
                            (rising edge-triggered cell FDCE clocked by aclk  {rise@0.000ns fall@5.000ns period=10.000ns})
  Path Group:             aclk
  Path Type:              Setup (Max at Slow Process Corner)
  Requirement:            10.000ns  (aclk rise@10.000ns - aclk rise@0.000ns)
  Data Path Delay:        8.390ns  (logic 4.963ns (59.154%)  route 3.427ns (40.846%))
  Logic Levels:           8  (CARRY4=4 LUT2=1 LUT3=1 LUT4=1 LUT6=1)
  Clock Path Skew:        -0.049ns (DCD - SCD + CPR)
    Destination Clock Delay (DCD):    0.924ns = ( 10.924 - 10.000 ) 
    Source Clock Delay      (SCD):    0.973ns
    Clock Pessimism Removal (CPR):    0.000ns
  Clock Uncertainty:      0.235ns  ((TSJ^2 + TIJ^2)^1/2 + DJ) / 2 + PE + UU
    Total System Jitter     (TSJ):    0.071ns
    Total Input Jitter      (TIJ):    0.000ns
    Discrete Jitter          (DJ):    0.000ns
    Phase Error              (PE):    0.000ns
    User Uncertainty         (UU):    0.200ns

    Location             Delay type                Incr(ns)  Path(ns)    Netlist Resource(s)
  -------------------------------------------------------------------    -------------------
                         (clock aclk rise edge)       0.000     0.000 r  
                                                      0.000     0.000 r  aclk (IN)
                         net (fo=790, unset)          0.973     0.973    u_tile_axi_16/u_tile_core/u_weight_mem/aclk
    RAMB18_X2Y30         RAMB18E1                                     r  u_tile_axi_16/u_tile_core/u_weight_mem/gen_weight_bram_lane[4].mem_r_reg/CLKBWRCLK
  -------------------------------------------------------------------    -------------------
    RAMB18_X2Y30         RAMB18E1 (Prop_ramb18e1_CLKBWRCLK_DOBDO[2])
                                                      2.454     3.427 f  u_tile_axi_16/u_tile_core/u_weight_mem/gen_weight_bram_lane[4].mem_r_reg/DOBDO[2]
                         net (fo=16, routed)          1.324     4.751    u_tile_axi_16/u_tile_core/u_datapath/gen_mlt_lane[4].u_mlt/weight_window_w[2]
    SLICE_X29Y74         LUT2 (Prop_lut2_I1_O)        0.152     4.903 r  u_tile_axi_16/u_tile_core/u_datapath/gen_mlt_lane[4].u_mlt/mul_stage_r[4][11]_i_45/O
                         net (fo=1, routed)           0.579     5.482    u_tile_axi_16/u_tile_core/u_datapath/gen_mlt_lane[4].u_mlt/mul_stage_r[4][11]_i_45_n_0
    SLICE_X27Y72         LUT6 (Prop_lut6_I3_O)        0.326     5.808 r  u_tile_axi_16/u_tile_core/u_datapath/gen_mlt_lane[4].u_mlt/mul_stage_r[4][11]_i_37/O
                         net (fo=1, routed)           0.000     5.808    u_tile_axi_16/u_tile_core/u_datapath/gen_mlt_lane[4].u_mlt/mul_stage_r[4][11]_i_37_n_0
    SLICE_X27Y72         CARRY4 (Prop_carry4_S[3]_CO[3])
                                                      0.401     6.209 r  u_tile_axi_16/u_tile_core/u_datapath/gen_mlt_lane[4].u_mlt/mul_stage_r_reg[4][11]_i_13/CO[3]
                         net (fo=1, routed)           0.000     6.209    u_tile_axi_16/u_tile_core/u_datapath/gen_mlt_lane[4].u_mlt/mul_stage_r_reg[4][11]_i_13_n_0
    SLICE_X27Y73         CARRY4 (Prop_carry4_CI_O[1])
                                                      0.334     6.543 r  u_tile_axi_16/u_tile_core/u_datapath/gen_mlt_lane[4].u_mlt/mul_stage_r_reg[4][11]_i_11/O[1]
                         net (fo=2, routed)           0.665     7.208    u_tile_axi_16/u_tile_core/u_datapath/gen_mlt_lane[4].u_mlt/mul_stage_r_reg[4][11]_i_11_n_6
    SLICE_X26Y73         LUT3 (Prop_lut3_I2_O)        0.329     7.537 r  u_tile_axi_16/u_tile_core/u_datapath/gen_mlt_lane[4].u_mlt/mul_stage_r[4][11]_i_3/O
                         net (fo=2, routed)           0.859     8.396    u_tile_axi_16/u_tile_core/u_datapath/gen_mlt_lane[4].u_mlt/mul_stage_r[4][11]_i_3_n_0
    SLICE_X26Y73         LUT4 (Prop_lut4_I0_O)        0.348     8.744 r  u_tile_axi_16/u_tile_core/u_datapath/gen_mlt_lane[4].u_mlt/mul_stage_r[4][11]_i_7/O
                         net (fo=1, routed)           0.000     8.744    u_tile_axi_16/u_tile_core/u_datapath/gen_mlt_lane[4].u_mlt/mul_stage_r[4][11]_i_7_n_0
    SLICE_X26Y73         CARRY4 (Prop_carry4_S[2]_CO[3])
                                                      0.380     9.124 r  u_tile_axi_16/u_tile_core/u_datapath/gen_mlt_lane[4].u_mlt/mul_stage_r_reg[4][11]_i_1/CO[3]
                         net (fo=1, routed)           0.000     9.124    u_tile_axi_16/u_tile_core/u_datapath/gen_mlt_lane[4].u_mlt/mul_stage_r_reg[4][11]_i_1_n_0
    SLICE_X26Y74         CARRY4 (Prop_carry4_CI_O[2])
                                                      0.239     9.363 r  u_tile_axi_16/u_tile_core/u_datapath/gen_mlt_lane[4].u_mlt/mul_stage_r_reg[4][15]_i_1/O[2]
                         net (fo=1, routed)           0.000     9.363    u_tile_axi_16/u_tile_core/u_datapath/gen_mlt_lane[4].u_mlt_n_1
    SLICE_X26Y74         FDCE                                         r  u_tile_axi_16/u_tile_core/u_datapath/mul_stage_r_reg[4][14]/D
  -------------------------------------------------------------------    -------------------

                         (clock aclk rise edge)      10.000    10.000 r  
                                                      0.000    10.000 r  aclk (IN)
                         net (fo=790, unset)          0.924    10.924    u_tile_axi_16/u_tile_core/u_datapath/aclk
    SLICE_X26Y74         FDCE                                         r  u_tile_axi_16/u_tile_core/u_datapath/mul_stage_r_reg[4][14]/C
                         clock pessimism              0.000    10.924    
                         clock uncertainty           -0.235    10.689    
    SLICE_X26Y74         FDCE (Setup_fdce_C_D)        0.109    10.798    u_tile_axi_16/u_tile_core/u_datapath/mul_stage_r_reg[4][14]
  -------------------------------------------------------------------
                         required time                         10.798    
                         arrival time                          -9.363    
  -------------------------------------------------------------------
                         slack                                  1.435    





Min Delay Paths
--------------------------------------------------------------------------------------
Slack (MET) :             0.009ns  (arrival time - required time)
  Source:                 u_tile_axi_16/u_tile_core/u_datapath/mlt_addr_r_reg[5]/C
                            (rising edge-triggered cell FDCE clocked by aclk  {rise@0.000ns fall@5.000ns period=10.000ns})
  Destination:            u_tile_axi_16/u_tile_core/u_datapath/at_addr_r_reg[5]/D
                            (rising edge-triggered cell FDCE clocked by aclk  {rise@0.000ns fall@5.000ns period=10.000ns})
  Path Group:             aclk
  Path Type:              Hold (Min at Fast Process Corner)
  Requirement:            0.000ns  (aclk rise@0.000ns - aclk rise@0.000ns)
  Data Path Delay:        0.248ns  (logic 0.128ns (51.710%)  route 0.120ns (48.290%))
  Logic Levels:           0  
  Clock Path Skew:        0.022ns (DCD - SCD - CPR)
    Destination Clock Delay (DCD):    0.432ns
    Source Clock Delay      (SCD):    0.410ns
    Clock Pessimism Removal (CPR):    -0.000ns
  Clock Uncertainty:      0.200ns  ((TSJ^2 + TIJ^2)^1/2 + DJ) / 2 + PE + UU
    Total System Jitter     (TSJ):    0.000ns
    Total Input Jitter      (TIJ):    0.000ns
    Discrete Jitter          (DJ):    0.000ns
    Phase Error              (PE):    0.000ns
    User Uncertainty         (UU):    0.200ns

    Location             Delay type                Incr(ns)  Path(ns)    Netlist Resource(s)
  -------------------------------------------------------------------    -------------------
                         (clock aclk rise edge)       0.000     0.000 r  
                                                      0.000     0.000 r  aclk (IN)
                         net (fo=790, unset)          0.410     0.410    u_tile_axi_16/u_tile_core/u_datapath/aclk
    SLICE_X29Y83         FDCE                                         r  u_tile_axi_16/u_tile_core/u_datapath/mlt_addr_r_reg[5]/C
  -------------------------------------------------------------------    -------------------
    SLICE_X29Y83         FDCE (Prop_fdce_C_Q)         0.128     0.538 r  u_tile_axi_16/u_tile_core/u_datapath/mlt_addr_r_reg[5]/Q
                         net (fo=1, routed)           0.120     0.658    u_tile_axi_16/u_tile_core/u_datapath/mlt_addr_r[5]
    SLICE_X29Y83         FDCE                                         r  u_tile_axi_16/u_tile_core/u_datapath/at_addr_r_reg[5]/D
  -------------------------------------------------------------------    -------------------

                         (clock aclk rise edge)       0.000     0.000 r  
                                                      0.000     0.000 r  aclk (IN)
                         net (fo=790, unset)          0.432     0.432    u_tile_axi_16/u_tile_core/u_datapath/aclk
    SLICE_X29Y83         FDCE                                         r  u_tile_axi_16/u_tile_core/u_datapath/at_addr_r_reg[5]/C
                         clock pessimism              0.000     0.432    
                         clock uncertainty            0.200     0.632    
    SLICE_X29Y83         FDCE (Hold_fdce_C_D)         0.017     0.649    u_tile_axi_16/u_tile_core/u_datapath/at_addr_r_reg[5]
  -------------------------------------------------------------------
                         required time                         -0.649    
                         arrival time                           0.658    
  -------------------------------------------------------------------
                         slack                                  0.009    

Slack (MET) :             0.016ns  (arrival time - required time)
  Source:                 u_tile_axi_16/u_tile_core/u_input_loader/col_r_reg[1]/C
                            (rising edge-triggered cell FDCE clocked by aclk  {rise@0.000ns fall@5.000ns period=10.000ns})
  Destination:            u_tile_axi_16/u_tile_core/u_input_loader/col_r_reg[1]/D
                            (rising edge-triggered cell FDCE clocked by aclk  {rise@0.000ns fall@5.000ns period=10.000ns})
  Path Group:             aclk
  Path Type:              Hold (Min at Fast Process Corner)
  Requirement:            0.000ns  (aclk rise@0.000ns - aclk rise@0.000ns)
  Data Path Delay:        0.358ns  (logic 0.209ns (58.341%)  route 0.149ns (41.659%))
  Logic Levels:           1  (LUT6=1)
  Clock Path Skew:        0.022ns (DCD - SCD - CPR)
    Destination Clock Delay (DCD):    0.432ns
    Source Clock Delay      (SCD):    0.410ns
    Clock Pessimism Removal (CPR):    -0.000ns
  Clock Uncertainty:      0.200ns  ((TSJ^2 + TIJ^2)^1/2 + DJ) / 2 + PE + UU
    Total System Jitter     (TSJ):    0.000ns
    Total Input Jitter      (TIJ):    0.000ns
    Discrete Jitter          (DJ):    0.000ns
    Phase Error              (PE):    0.000ns
    User Uncertainty         (UU):    0.200ns

    Location             Delay type                Incr(ns)  Path(ns)    Netlist Resource(s)
  -------------------------------------------------------------------    -------------------
                         (clock aclk rise edge)       0.000     0.000 r  
                                                      0.000     0.000 r  aclk (IN)
                         net (fo=790, unset)          0.410     0.410    u_tile_axi_16/u_tile_core/u_input_loader/aclk
    SLICE_X38Y80         FDCE                                         r  u_tile_axi_16/u_tile_core/u_input_loader/col_r_reg[1]/C
  -------------------------------------------------------------------    -------------------
    SLICE_X38Y80         FDCE (Prop_fdce_C_Q)         0.164     0.574 r  u_tile_axi_16/u_tile_core/u_input_loader/col_r_reg[1]/Q
                         net (fo=48, routed)          0.149     0.723    u_tile_axi_16/u_tile_core/u_input_loader/Q[1]
    SLICE_X38Y80         LUT6 (Prop_lut6_I0_O)        0.045     0.768 r  u_tile_axi_16/u_tile_core/u_input_loader/col_r[1]_i_1/O
                         net (fo=1, routed)           0.000     0.768    u_tile_axi_16/u_tile_core/u_input_loader/col_r[1]_i_1_n_0
    SLICE_X38Y80         FDCE                                         r  u_tile_axi_16/u_tile_core/u_input_loader/col_r_reg[1]/D
  -------------------------------------------------------------------    -------------------

                         (clock aclk rise edge)       0.000     0.000 r  
                                                      0.000     0.000 r  aclk (IN)
                         net (fo=790, unset)          0.432     0.432    u_tile_axi_16/u_tile_core/u_input_loader/aclk
    SLICE_X38Y80         FDCE                                         r  u_tile_axi_16/u_tile_core/u_input_loader/col_r_reg[1]/C
                         clock pessimism              0.000     0.432    
                         clock uncertainty            0.200     0.632    
    SLICE_X38Y80         FDCE (Hold_fdce_C_D)         0.121     0.753    u_tile_axi_16/u_tile_core/u_input_loader/col_r_reg[1]
  -------------------------------------------------------------------
                         required time                         -0.753    
                         arrival time                           0.768    
  -------------------------------------------------------------------
                         slack                                  0.016    

Slack (MET) :             0.022ns  (arrival time - required time)
  Source:                 u_tile_axi_16/u_tile_core/u_bias_mem/mem_r_reg[27]/C
                            (rising edge-triggered cell FDRE clocked by aclk  {rise@0.000ns fall@5.000ns period=10.000ns})
  Destination:            u_tile_axi_16/u_tile_core/u_bias_mem/read_data_r_reg[27]/D
                            (rising edge-triggered cell FDRE clocked by aclk  {rise@0.000ns fall@5.000ns period=10.000ns})
  Path Group:             aclk
  Path Type:              Hold (Min at Fast Process Corner)
  Requirement:            0.000ns  (aclk rise@0.000ns - aclk rise@0.000ns)
  Data Path Delay:        0.314ns  (logic 0.141ns (44.960%)  route 0.173ns (55.040%))
  Logic Levels:           0  
  Clock Path Skew:        0.022ns (DCD - SCD - CPR)
    Destination Clock Delay (DCD):    0.432ns
    Source Clock Delay      (SCD):    0.410ns
    Clock Pessimism Removal (CPR):    -0.000ns
  Clock Uncertainty:      0.200ns  ((TSJ^2 + TIJ^2)^1/2 + DJ) / 2 + PE + UU
    Total System Jitter     (TSJ):    0.000ns
    Total Input Jitter      (TIJ):    0.000ns
    Discrete Jitter          (DJ):    0.000ns
    Phase Error              (PE):    0.000ns
    User Uncertainty         (UU):    0.200ns

    Location             Delay type                Incr(ns)  Path(ns)    Netlist Resource(s)
  -------------------------------------------------------------------    -------------------
                         (clock aclk rise edge)       0.000     0.000 r  
                                                      0.000     0.000 r  aclk (IN)
                         net (fo=790, unset)          0.410     0.410    u_tile_axi_16/u_tile_core/u_bias_mem/aclk
    SLICE_X40Y77         FDRE                                         r  u_tile_axi_16/u_tile_core/u_bias_mem/mem_r_reg[27]/C
  -------------------------------------------------------------------    -------------------
    SLICE_X40Y77         FDRE (Prop_fdre_C_Q)         0.141     0.551 r  u_tile_axi_16/u_tile_core/u_bias_mem/mem_r_reg[27]/Q
                         net (fo=1, routed)           0.173     0.724    u_tile_axi_16/u_tile_core/u_bias_mem/mem_r[27]
    SLICE_X39Y77         FDRE                                         r  u_tile_axi_16/u_tile_core/u_bias_mem/read_data_r_reg[27]/D
  -------------------------------------------------------------------    -------------------

                         (clock aclk rise edge)       0.000     0.000 r  
                                                      0.000     0.000 r  aclk (IN)
                         net (fo=790, unset)          0.432     0.432    u_tile_axi_16/u_tile_core/u_bias_mem/aclk
    SLICE_X39Y77         FDRE                                         r  u_tile_axi_16/u_tile_core/u_bias_mem/read_data_r_reg[27]/C
                         clock pessimism              0.000     0.432    
                         clock uncertainty            0.200     0.632    
    SLICE_X39Y77         FDRE (Hold_fdre_C_D)         0.070     0.702    u_tile_axi_16/u_tile_core/u_bias_mem/read_data_r_reg[27]
  -------------------------------------------------------------------
                         required time                         -0.702    
                         arrival time                           0.724    
  -------------------------------------------------------------------
                         slack                                  0.022    

Slack (MET) :             0.023ns  (arrival time - required time)
  Source:                 u_tile_axi_16/u_tile_core/u_controller/initial_rows_r_reg[0]/C
                            (rising edge-triggered cell FDCE clocked by aclk  {rise@0.000ns fall@5.000ns period=10.000ns})
  Destination:            u_tile_axi_16/u_tile_core/u_controller/initial_rows_r_reg[1]/D
                            (rising edge-triggered cell FDCE clocked by aclk  {rise@0.000ns fall@5.000ns period=10.000ns})
  Path Group:             aclk
  Path Type:              Hold (Min at Fast Process Corner)
  Requirement:            0.000ns  (aclk rise@0.000ns - aclk rise@0.000ns)
  Data Path Delay:        0.351ns  (logic 0.183ns (52.101%)  route 0.168ns (47.899%))
  Logic Levels:           1  (LUT5=1)
  Clock Path Skew:        0.022ns (DCD - SCD - CPR)
    Destination Clock Delay (DCD):    0.432ns
    Source Clock Delay      (SCD):    0.410ns
    Clock Pessimism Removal (CPR):    -0.000ns
  Clock Uncertainty:      0.200ns  ((TSJ^2 + TIJ^2)^1/2 + DJ) / 2 + PE + UU
    Total System Jitter     (TSJ):    0.000ns
    Total Input Jitter      (TIJ):    0.000ns
    Discrete Jitter          (DJ):    0.000ns
    Phase Error              (PE):    0.000ns
    User Uncertainty         (UU):    0.200ns

    Location             Delay type                Incr(ns)  Path(ns)    Netlist Resource(s)
  -------------------------------------------------------------------    -------------------
                         (clock aclk rise edge)       0.000     0.000 r  
                                                      0.000     0.000 r  aclk (IN)
                         net (fo=790, unset)          0.410     0.410    u_tile_axi_16/u_tile_core/u_controller/aclk
    SLICE_X33Y80         FDCE                                         r  u_tile_axi_16/u_tile_core/u_controller/initial_rows_r_reg[0]/C
  -------------------------------------------------------------------    -------------------
    SLICE_X33Y80         FDCE (Prop_fdce_C_Q)         0.141     0.551 r  u_tile_axi_16/u_tile_core/u_controller/initial_rows_r_reg[0]/Q
                         net (fo=3, routed)           0.168     0.719    u_tile_axi_16/u_tile_core/u_controller/initial_rows_r_reg_n_0_[0]
    SLICE_X33Y80         LUT5 (Prop_lut5_I1_O)        0.042     0.761 r  u_tile_axi_16/u_tile_core/u_controller/initial_rows_r[1]_i_1/O
                         net (fo=1, routed)           0.000     0.761    u_tile_axi_16/u_tile_core/u_controller/initial_rows_r[1]_i_1_n_0
    SLICE_X33Y80         FDCE                                         r  u_tile_axi_16/u_tile_core/u_controller/initial_rows_r_reg[1]/D
  -------------------------------------------------------------------    -------------------

                         (clock aclk rise edge)       0.000     0.000 r  
                                                      0.000     0.000 r  aclk (IN)
                         net (fo=790, unset)          0.432     0.432    u_tile_axi_16/u_tile_core/u_controller/aclk
    SLICE_X33Y80         FDCE                                         r  u_tile_axi_16/u_tile_core/u_controller/initial_rows_r_reg[1]/C
                         clock pessimism              0.000     0.432    
                         clock uncertainty            0.200     0.632    
    SLICE_X33Y80         FDCE (Hold_fdce_C_D)         0.107     0.739    u_tile_axi_16/u_tile_core/u_controller/initial_rows_r_reg[1]
  -------------------------------------------------------------------
                         required time                         -0.739    
                         arrival time                           0.761    
  -------------------------------------------------------------------
                         slack                                  0.023    

Slack (MET) :             0.023ns  (arrival time - required time)
  Source:                 u_tile_axi_16/u_tile_core/u_window_generator/column_count_r_reg[2]/C
                            (rising edge-triggered cell FDCE clocked by aclk  {rise@0.000ns fall@5.000ns period=10.000ns})
  Destination:            u_tile_axi_16/u_tile_core/u_window_generator/column_count_r_reg[3]/D
                            (rising edge-triggered cell FDCE clocked by aclk  {rise@0.000ns fall@5.000ns period=10.000ns})
  Path Group:             aclk
  Path Type:              Hold (Min at Fast Process Corner)
  Requirement:            0.000ns  (aclk rise@0.000ns - aclk rise@0.000ns)
  Data Path Delay:        0.351ns  (logic 0.183ns (52.101%)  route 0.168ns (47.899%))
  Logic Levels:           1  (LUT5=1)
  Clock Path Skew:        0.022ns (DCD - SCD - CPR)
    Destination Clock Delay (DCD):    0.432ns
    Source Clock Delay      (SCD):    0.410ns
    Clock Pessimism Removal (CPR):    -0.000ns
  Clock Uncertainty:      0.200ns  ((TSJ^2 + TIJ^2)^1/2 + DJ) / 2 + PE + UU
    Total System Jitter     (TSJ):    0.000ns
    Total Input Jitter      (TIJ):    0.000ns
    Discrete Jitter          (DJ):    0.000ns
    Phase Error              (PE):    0.000ns
    User Uncertainty         (UU):    0.200ns

    Location             Delay type                Incr(ns)  Path(ns)    Netlist Resource(s)
  -------------------------------------------------------------------    -------------------
                         (clock aclk rise edge)       0.000     0.000 r  
                                                      0.000     0.000 r  aclk (IN)
                         net (fo=790, unset)          0.410     0.410    u_tile_axi_16/u_tile_core/u_window_generator/aclk
    SLICE_X27Y77         FDCE                                         r  u_tile_axi_16/u_tile_core/u_window_generator/column_count_r_reg[2]/C
  -------------------------------------------------------------------    -------------------
    SLICE_X27Y77         FDCE (Prop_fdce_C_Q)         0.141     0.551 r  u_tile_axi_16/u_tile_core/u_window_generator/column_count_r_reg[2]/Q
                         net (fo=5, routed)           0.168     0.719    u_tile_axi_16/u_tile_core/u_window_generator/column_count_r_reg[2]
    SLICE_X27Y77         LUT5 (Prop_lut5_I1_O)        0.042     0.761 r  u_tile_axi_16/u_tile_core/u_window_generator/column_count_r[3]_i_2/O
                         net (fo=1, routed)           0.000     0.761    u_tile_axi_16/u_tile_core/u_window_generator/column_count_r[3]_i_2_n_0
    SLICE_X27Y77         FDCE                                         r  u_tile_axi_16/u_tile_core/u_window_generator/column_count_r_reg[3]/D
  -------------------------------------------------------------------    -------------------

                         (clock aclk rise edge)       0.000     0.000 r  
                                                      0.000     0.000 r  aclk (IN)
                         net (fo=790, unset)          0.432     0.432    u_tile_axi_16/u_tile_core/u_window_generator/aclk
    SLICE_X27Y77         FDCE                                         r  u_tile_axi_16/u_tile_core/u_window_generator/column_count_r_reg[3]/C
                         clock pessimism              0.000     0.432    
                         clock uncertainty            0.200     0.632    
    SLICE_X27Y77         FDCE (Hold_fdce_C_D)         0.107     0.739    u_tile_axi_16/u_tile_core/u_window_generator/column_count_r_reg[3]
  -------------------------------------------------------------------
                         required time                         -0.739    
                         arrival time                           0.761    
  -------------------------------------------------------------------
                         slack                                  0.023    

Slack (MET) :             0.026ns  (arrival time - required time)
  Source:                 u_tile_axi_16/u_tile_core/u_input_loader/row_r_reg[3]/C
                            (rising edge-triggered cell FDCE clocked by aclk  {rise@0.000ns fall@5.000ns period=10.000ns})
  Destination:            u_tile_axi_16/u_tile_core/u_input_loader/row_r_reg[3]/D
                            (rising edge-triggered cell FDCE clocked by aclk  {rise@0.000ns fall@5.000ns period=10.000ns})
  Path Group:             aclk
  Path Type:              Hold (Min at Fast Process Corner)
  Requirement:            0.000ns  (aclk rise@0.000ns - aclk rise@0.000ns)
  Data Path Delay:        0.381ns  (logic 0.207ns (54.330%)  route 0.174ns (45.670%))
  Logic Levels:           1  (LUT5=1)
  Clock Path Skew:        0.022ns (DCD - SCD - CPR)
    Destination Clock Delay (DCD):    0.432ns
    Source Clock Delay      (SCD):    0.410ns
    Clock Pessimism Removal (CPR):    -0.000ns
  Clock Uncertainty:      0.200ns  ((TSJ^2 + TIJ^2)^1/2 + DJ) / 2 + PE + UU
    Total System Jitter     (TSJ):    0.000ns
    Total Input Jitter      (TIJ):    0.000ns
    Discrete Jitter          (DJ):    0.000ns
    Phase Error              (PE):    0.000ns
    User Uncertainty         (UU):    0.200ns

    Location             Delay type                Incr(ns)  Path(ns)    Netlist Resource(s)
  -------------------------------------------------------------------    -------------------
                         (clock aclk rise edge)       0.000     0.000 r  
                                                      0.000     0.000 r  aclk (IN)
                         net (fo=790, unset)          0.410     0.410    u_tile_axi_16/u_tile_core/u_input_loader/aclk
    SLICE_X30Y81         FDCE                                         r  u_tile_axi_16/u_tile_core/u_input_loader/row_r_reg[3]/C
  -------------------------------------------------------------------    -------------------
    SLICE_X30Y81         FDCE (Prop_fdce_C_Q)         0.164     0.574 r  u_tile_axi_16/u_tile_core/u_input_loader/row_r_reg[3]/Q
                         net (fo=3, routed)           0.174     0.748    u_tile_axi_16/u_tile_core/u_input_loader/row_r_reg[3]
    SLICE_X30Y81         LUT5 (Prop_lut5_I3_O)        0.043     0.791 r  u_tile_axi_16/u_tile_core/u_input_loader/row_r[3]_i_2/O
                         net (fo=1, routed)           0.000     0.791    u_tile_axi_16/u_tile_core/u_input_loader/p_0_in__0[3]
    SLICE_X30Y81         FDCE                                         r  u_tile_axi_16/u_tile_core/u_input_loader/row_r_reg[3]/D
  -------------------------------------------------------------------    -------------------

                         (clock aclk rise edge)       0.000     0.000 r  
                                                      0.000     0.000 r  aclk (IN)
                         net (fo=790, unset)          0.432     0.432    u_tile_axi_16/u_tile_core/u_input_loader/aclk
    SLICE_X30Y81         FDCE                                         r  u_tile_axi_16/u_tile_core/u_input_loader/row_r_reg[3]/C
                         clock pessimism              0.000     0.432    
                         clock uncertainty            0.200     0.632    
    SLICE_X30Y81         FDCE (Hold_fdce_C_D)         0.133     0.765    u_tile_axi_16/u_tile_core/u_input_loader/row_r_reg[3]
  -------------------------------------------------------------------
                         required time                         -0.765    
                         arrival time                           0.791    
  -------------------------------------------------------------------
                         slack                                  0.026    

Slack (MET) :             0.027ns  (arrival time - required time)
  Source:                 u_tile_axi_16/u_tile_core/u_window_generator/bot_prev2_r_reg[2]/C
                            (rising edge-triggered cell FDCE clocked by aclk  {rise@0.000ns fall@5.000ns period=10.000ns})
  Destination:            u_tile_axi_16/u_tile_core/u_window_generator/window_r_reg[50]/D
                            (rising edge-triggered cell FDCE clocked by aclk  {rise@0.000ns fall@5.000ns period=10.000ns})
  Path Group:             aclk
  Path Type:              Hold (Min at Fast Process Corner)
  Requirement:            0.000ns  (aclk rise@0.000ns - aclk rise@0.000ns)
  Data Path Delay:        0.319ns  (logic 0.141ns (44.258%)  route 0.178ns (55.742%))
  Logic Levels:           0  
  Clock Path Skew:        0.022ns (DCD - SCD - CPR)
    Destination Clock Delay (DCD):    0.432ns
    Source Clock Delay      (SCD):    0.410ns
    Clock Pessimism Removal (CPR):    -0.000ns
  Clock Uncertainty:      0.200ns  ((TSJ^2 + TIJ^2)^1/2 + DJ) / 2 + PE + UU
    Total System Jitter     (TSJ):    0.000ns
    Total Input Jitter      (TIJ):    0.000ns
    Discrete Jitter          (DJ):    0.000ns
    Phase Error              (PE):    0.000ns
    User Uncertainty         (UU):    0.200ns

    Location             Delay type                Incr(ns)  Path(ns)    Netlist Resource(s)
  -------------------------------------------------------------------    -------------------
                         (clock aclk rise edge)       0.000     0.000 r  
                                                      0.000     0.000 r  aclk (IN)
                         net (fo=790, unset)          0.410     0.410    u_tile_axi_16/u_tile_core/u_window_generator/aclk
    SLICE_X44Y73         FDCE                                         r  u_tile_axi_16/u_tile_core/u_window_generator/bot_prev2_r_reg[2]/C
  -------------------------------------------------------------------    -------------------
    SLICE_X44Y73         FDCE (Prop_fdce_C_Q)         0.141     0.551 r  u_tile_axi_16/u_tile_core/u_window_generator/bot_prev2_r_reg[2]/Q
                         net (fo=1, routed)           0.178     0.729    u_tile_axi_16/u_tile_core/u_window_generator/bot_prev2_r[2]
    SLICE_X44Y72         FDCE                                         r  u_tile_axi_16/u_tile_core/u_window_generator/window_r_reg[50]/D
  -------------------------------------------------------------------    -------------------

                         (clock aclk rise edge)       0.000     0.000 r  
                                                      0.000     0.000 r  aclk (IN)
                         net (fo=790, unset)          0.432     0.432    u_tile_axi_16/u_tile_core/u_window_generator/aclk
    SLICE_X44Y72         FDCE                                         r  u_tile_axi_16/u_tile_core/u_window_generator/window_r_reg[50]/C
                         clock pessimism              0.000     0.432    
                         clock uncertainty            0.200     0.632    
    SLICE_X44Y72         FDCE (Hold_fdce_C_D)         0.070     0.702    u_tile_axi_16/u_tile_core/u_window_generator/window_r_reg[50]
  -------------------------------------------------------------------
                         required time                         -0.702    
                         arrival time                           0.729    
  -------------------------------------------------------------------
                         slack                                  0.027    

Slack (MET) :             0.028ns  (arrival time - required time)
  Source:                 u_tile_axi_16/u_tile_core/u_controller/top_bank_r_reg[0]/C
                            (rising edge-triggered cell FDCE clocked by aclk  {rise@0.000ns fall@5.000ns period=10.000ns})
  Destination:            u_tile_axi_16/u_tile_core/u_controller/top_bank_r_reg[1]/D
                            (rising edge-triggered cell FDCE clocked by aclk  {rise@0.000ns fall@5.000ns period=10.000ns})
  Path Group:             aclk
  Path Type:              Hold (Min at Fast Process Corner)
  Requirement:            0.000ns  (aclk rise@0.000ns - aclk rise@0.000ns)
  Data Path Delay:        0.381ns  (logic 0.207ns (54.330%)  route 0.174ns (45.670%))
  Logic Levels:           1  (LUT3=1)
  Clock Path Skew:        0.022ns (DCD - SCD - CPR)
    Destination Clock Delay (DCD):    0.432ns
    Source Clock Delay      (SCD):    0.410ns
    Clock Pessimism Removal (CPR):    -0.000ns
  Clock Uncertainty:      0.200ns  ((TSJ^2 + TIJ^2)^1/2 + DJ) / 2 + PE + UU
    Total System Jitter     (TSJ):    0.000ns
    Total Input Jitter      (TIJ):    0.000ns
    Discrete Jitter          (DJ):    0.000ns
    Phase Error              (PE):    0.000ns
    User Uncertainty         (UU):    0.200ns

    Location             Delay type                Incr(ns)  Path(ns)    Netlist Resource(s)
  -------------------------------------------------------------------    -------------------
                         (clock aclk rise edge)       0.000     0.000 r  
                                                      0.000     0.000 r  aclk (IN)
                         net (fo=790, unset)          0.410     0.410    u_tile_axi_16/u_tile_core/u_controller/aclk
    SLICE_X36Y76         FDCE                                         r  u_tile_axi_16/u_tile_core/u_controller/top_bank_r_reg[0]/C
  -------------------------------------------------------------------    -------------------
    SLICE_X36Y76         FDCE (Prop_fdce_C_Q)         0.164     0.574 r  u_tile_axi_16/u_tile_core/u_controller/top_bank_r_reg[0]/Q
                         net (fo=3, routed)           0.174     0.748    u_tile_axi_16/u_tile_core/u_controller/top_bank_r_reg[1]_0[0]
    SLICE_X36Y76         LUT3 (Prop_lut3_I0_O)        0.043     0.791 r  u_tile_axi_16/u_tile_core/u_controller/top_bank_r[1]_i_2/O
                         net (fo=1, routed)           0.000     0.791    u_tile_axi_16/u_tile_core/u_controller/top_bank_r[1]
    SLICE_X36Y76         FDCE                                         r  u_tile_axi_16/u_tile_core/u_controller/top_bank_r_reg[1]/D
  -------------------------------------------------------------------    -------------------

                         (clock aclk rise edge)       0.000     0.000 r  
                                                      0.000     0.000 r  aclk (IN)
                         net (fo=790, unset)          0.432     0.432    u_tile_axi_16/u_tile_core/u_controller/aclk
    SLICE_X36Y76         FDCE                                         r  u_tile_axi_16/u_tile_core/u_controller/top_bank_r_reg[1]/C
                         clock pessimism              0.000     0.432    
                         clock uncertainty            0.200     0.632    
    SLICE_X36Y76         FDCE (Hold_fdce_C_D)         0.131     0.763    u_tile_axi_16/u_tile_core/u_controller/top_bank_r_reg[1]
  -------------------------------------------------------------------
                         required time                         -0.763    
                         arrival time                           0.791    
  -------------------------------------------------------------------
                         slack                                  0.028    

Slack (MET) :             0.030ns  (arrival time - required time)
  Source:                 u_tile_axi_16/u_tile_core/u_line_buffer/column_o_reg[0]/C
                            (rising edge-triggered cell FDCE clocked by aclk  {rise@0.000ns fall@5.000ns period=10.000ns})
  Destination:            u_tile_axi_16/u_tile_core/u_window_generator/window_r_reg[16]/D
                            (rising edge-triggered cell FDCE clocked by aclk  {rise@0.000ns fall@5.000ns period=10.000ns})
  Path Group:             aclk
  Path Type:              Hold (Min at Fast Process Corner)
  Requirement:            0.000ns  (aclk rise@0.000ns - aclk rise@0.000ns)
  Data Path Delay:        0.310ns  (logic 0.141ns (45.420%)  route 0.169ns (54.580%))
  Logic Levels:           0  
  Clock Path Skew:        0.022ns (DCD - SCD - CPR)
    Destination Clock Delay (DCD):    0.432ns
    Source Clock Delay      (SCD):    0.410ns
    Clock Pessimism Removal (CPR):    -0.000ns
  Clock Uncertainty:      0.200ns  ((TSJ^2 + TIJ^2)^1/2 + DJ) / 2 + PE + UU
    Total System Jitter     (TSJ):    0.000ns
    Total Input Jitter      (TIJ):    0.000ns
    Discrete Jitter          (DJ):    0.000ns
    Phase Error              (PE):    0.000ns
    User Uncertainty         (UU):    0.200ns

    Location             Delay type                Incr(ns)  Path(ns)    Netlist Resource(s)
  -------------------------------------------------------------------    -------------------
                         (clock aclk rise edge)       0.000     0.000 r  
                                                      0.000     0.000 r  aclk (IN)
                         net (fo=790, unset)          0.410     0.410    u_tile_axi_16/u_tile_core/u_line_buffer/aclk
    SLICE_X37Y74         FDCE                                         r  u_tile_axi_16/u_tile_core/u_line_buffer/column_o_reg[0]/C
  -------------------------------------------------------------------    -------------------
    SLICE_X37Y74         FDCE (Prop_fdce_C_Q)         0.141     0.551 r  u_tile_axi_16/u_tile_core/u_line_buffer/column_o_reg[0]/Q
                         net (fo=2, routed)           0.169     0.721    u_tile_axi_16/u_tile_core/u_window_generator/window_r_reg[71]_0[0]
    SLICE_X38Y71         FDCE                                         r  u_tile_axi_16/u_tile_core/u_window_generator/window_r_reg[16]/D
  -------------------------------------------------------------------    -------------------

                         (clock aclk rise edge)       0.000     0.000 r  
                                                      0.000     0.000 r  aclk (IN)
                         net (fo=790, unset)          0.432     0.432    u_tile_axi_16/u_tile_core/u_window_generator/aclk
    SLICE_X38Y71         FDCE                                         r  u_tile_axi_16/u_tile_core/u_window_generator/window_r_reg[16]/C
                         clock pessimism              0.000     0.432    
                         clock uncertainty            0.200     0.632    
    SLICE_X38Y71         FDCE (Hold_fdce_C_D)         0.059     0.691    u_tile_axi_16/u_tile_core/u_window_generator/window_r_reg[16]
  -------------------------------------------------------------------
                         required time                         -0.691    
                         arrival time                           0.721    
  -------------------------------------------------------------------
                         slack                                  0.030    

Slack (MET) :             0.030ns  (arrival time - required time)
  Source:                 u_tile_axi_16/u_tile_core/u_bias_mem/mem_r_reg[5]/C
                            (rising edge-triggered cell FDRE clocked by aclk  {rise@0.000ns fall@5.000ns period=10.000ns})
  Destination:            u_tile_axi_16/u_tile_core/u_bias_mem/read_data_r_reg[5]/D
                            (rising edge-triggered cell FDRE clocked by aclk  {rise@0.000ns fall@5.000ns period=10.000ns})
  Path Group:             aclk
  Path Type:              Hold (Min at Fast Process Corner)
  Requirement:            0.000ns  (aclk rise@0.000ns - aclk rise@0.000ns)
  Data Path Delay:        0.318ns  (logic 0.141ns (44.409%)  route 0.177ns (55.591%))
  Logic Levels:           0  
  Clock Path Skew:        0.022ns (DCD - SCD - CPR)
    Destination Clock Delay (DCD):    0.432ns
    Source Clock Delay      (SCD):    0.410ns
    Clock Pessimism Removal (CPR):    -0.000ns
  Clock Uncertainty:      0.200ns  ((TSJ^2 + TIJ^2)^1/2 + DJ) / 2 + PE + UU
    Total System Jitter     (TSJ):    0.000ns
    Total Input Jitter      (TIJ):    0.000ns
    Discrete Jitter          (DJ):    0.000ns
    Phase Error              (PE):    0.000ns
    User Uncertainty         (UU):    0.200ns

    Location             Delay type                Incr(ns)  Path(ns)    Netlist Resource(s)
  -------------------------------------------------------------------    -------------------
                         (clock aclk rise edge)       0.000     0.000 r  
                                                      0.000     0.000 r  aclk (IN)
                         net (fo=790, unset)          0.410     0.410    u_tile_axi_16/u_tile_core/u_bias_mem/aclk
    SLICE_X37Y71         FDRE                                         r  u_tile_axi_16/u_tile_core/u_bias_mem/mem_r_reg[5]/C
  -------------------------------------------------------------------    -------------------
    SLICE_X37Y71         FDRE (Prop_fdre_C_Q)         0.141     0.551 r  u_tile_axi_16/u_tile_core/u_bias_mem/mem_r_reg[5]/Q
                         net (fo=1, routed)           0.177     0.728    u_tile_axi_16/u_tile_core/u_bias_mem/mem_r[5]
    SLICE_X39Y71         FDRE                                         r  u_tile_axi_16/u_tile_core/u_bias_mem/read_data_r_reg[5]/D
  -------------------------------------------------------------------    -------------------

                         (clock aclk rise edge)       0.000     0.000 r  
                                                      0.000     0.000 r  aclk (IN)
                         net (fo=790, unset)          0.432     0.432    u_tile_axi_16/u_tile_core/u_bias_mem/aclk
    SLICE_X39Y71         FDRE                                         r  u_tile_axi_16/u_tile_core/u_bias_mem/read_data_r_reg[5]/C
                         clock pessimism              0.000     0.432    
                         clock uncertainty            0.200     0.632    
    SLICE_X39Y71         FDRE (Hold_fdre_C_D)         0.066     0.698    u_tile_axi_16/u_tile_core/u_bias_mem/read_data_r_reg[5]
  -------------------------------------------------------------------
                         required time                         -0.698    
                         arrival time                           0.728    
  -------------------------------------------------------------------
                         slack                                  0.030    

Slack (MET) :             0.033ns  (arrival time - required time)
  Source:                 u_tile_axi_16/u_tile_core/u_input_loader/bank_r_reg[0]/C
                            (rising edge-triggered cell FDCE clocked by aclk  {rise@0.000ns fall@5.000ns period=10.000ns})
  Destination:            u_tile_axi_16/u_tile_core/u_input_loader/bank_r_reg[1]/D
                            (rising edge-triggered cell FDCE clocked by aclk  {rise@0.000ns fall@5.000ns period=10.000ns})
  Path Group:             aclk
  Path Type:              Hold (Min at Fast Process Corner)
  Requirement:            0.000ns  (aclk rise@0.000ns - aclk rise@0.000ns)
  Data Path Delay:        0.361ns  (logic 0.183ns (50.649%)  route 0.178ns (49.351%))
  Logic Levels:           1  (LUT4=1)
  Clock Path Skew:        0.022ns (DCD - SCD - CPR)
    Destination Clock Delay (DCD):    0.432ns
    Source Clock Delay      (SCD):    0.410ns
    Clock Pessimism Removal (CPR):    -0.000ns
  Clock Uncertainty:      0.200ns  ((TSJ^2 + TIJ^2)^1/2 + DJ) / 2 + PE + UU
    Total System Jitter     (TSJ):    0.000ns
    Total Input Jitter      (TIJ):    0.000ns
    Discrete Jitter          (DJ):    0.000ns
    Phase Error              (PE):    0.000ns
    User Uncertainty         (UU):    0.200ns

    Location             Delay type                Incr(ns)  Path(ns)    Netlist Resource(s)
  -------------------------------------------------------------------    -------------------
                         (clock aclk rise edge)       0.000     0.000 r  
                                                      0.000     0.000 r  aclk (IN)
                         net (fo=790, unset)          0.410     0.410    u_tile_axi_16/u_tile_core/u_input_loader/aclk
    SLICE_X37Y77         FDCE                                         r  u_tile_axi_16/u_tile_core/u_input_loader/bank_r_reg[0]/C
  -------------------------------------------------------------------    -------------------
    SLICE_X37Y77         FDCE (Prop_fdce_C_Q)         0.141     0.551 r  u_tile_axi_16/u_tile_core/u_input_loader/bank_r_reg[0]/Q
                         net (fo=5, routed)           0.178     0.729    u_tile_axi_16/u_tile_core/u_input_loader/bank_r[0]
    SLICE_X37Y77         LUT4 (Prop_lut4_I0_O)        0.042     0.771 r  u_tile_axi_16/u_tile_core/u_input_loader/bank_r[1]_i_1/O
                         net (fo=1, routed)           0.000     0.771    u_tile_axi_16/u_tile_core/u_input_loader/bank_r[1]_i_1_n_0
    SLICE_X37Y77         FDCE                                         r  u_tile_axi_16/u_tile_core/u_input_loader/bank_r_reg[1]/D
  -------------------------------------------------------------------    -------------------

                         (clock aclk rise edge)       0.000     0.000 r  
                                                      0.000     0.000 r  aclk (IN)
                         net (fo=790, unset)          0.432     0.432    u_tile_axi_16/u_tile_core/u_input_loader/aclk
    SLICE_X37Y77         FDCE                                         r  u_tile_axi_16/u_tile_core/u_input_loader/bank_r_reg[1]/C
                         clock pessimism              0.000     0.432    
                         clock uncertainty            0.200     0.632    
    SLICE_X37Y77         FDCE (Hold_fdce_C_D)         0.107     0.739    u_tile_axi_16/u_tile_core/u_input_loader/bank_r_reg[1]
  -------------------------------------------------------------------
                         required time                         -0.739    
                         arrival time                           0.771    
  -------------------------------------------------------------------
                         slack                                  0.033    

Slack (MET) :             0.034ns  (arrival time - required time)
  Source:                 u_tile_axi_16/u_tile_core/u_datapath/mlt_addr_r_reg[2]/C
                            (rising edge-triggered cell FDCE clocked by aclk  {rise@0.000ns fall@5.000ns period=10.000ns})
  Destination:            u_tile_axi_16/u_tile_core/u_datapath/at_addr_r_reg[2]/D
                            (rising edge-triggered cell FDCE clocked by aclk  {rise@0.000ns fall@5.000ns period=10.000ns})
  Path Group:             aclk
  Path Type:              Hold (Min at Fast Process Corner)
  Requirement:            0.000ns  (aclk rise@0.000ns - aclk rise@0.000ns)
  Data Path Delay:        0.325ns  (logic 0.141ns (43.369%)  route 0.184ns (56.631%))
  Logic Levels:           0  
  Clock Path Skew:        0.022ns (DCD - SCD - CPR)
    Destination Clock Delay (DCD):    0.432ns
    Source Clock Delay      (SCD):    0.410ns
    Clock Pessimism Removal (CPR):    -0.000ns
  Clock Uncertainty:      0.200ns  ((TSJ^2 + TIJ^2)^1/2 + DJ) / 2 + PE + UU
    Total System Jitter     (TSJ):    0.000ns
    Total Input Jitter      (TIJ):    0.000ns
    Discrete Jitter          (DJ):    0.000ns
    Phase Error              (PE):    0.000ns
    User Uncertainty         (UU):    0.200ns

    Location             Delay type                Incr(ns)  Path(ns)    Netlist Resource(s)
  -------------------------------------------------------------------    -------------------
                         (clock aclk rise edge)       0.000     0.000 r  
                                                      0.000     0.000 r  aclk (IN)
                         net (fo=790, unset)          0.410     0.410    u_tile_axi_16/u_tile_core/u_datapath/aclk
    SLICE_X28Y81         FDCE                                         r  u_tile_axi_16/u_tile_core/u_datapath/mlt_addr_r_reg[2]/C
  -------------------------------------------------------------------    -------------------
    SLICE_X28Y81         FDCE (Prop_fdce_C_Q)         0.141     0.551 r  u_tile_axi_16/u_tile_core/u_datapath/mlt_addr_r_reg[2]/Q
                         net (fo=1, routed)           0.184     0.735    u_tile_axi_16/u_tile_core/u_datapath/mlt_addr_r[2]
    SLICE_X28Y81         FDCE                                         r  u_tile_axi_16/u_tile_core/u_datapath/at_addr_r_reg[2]/D
  -------------------------------------------------------------------    -------------------

                         (clock aclk rise edge)       0.000     0.000 r  
                                                      0.000     0.000 r  aclk (IN)
                         net (fo=790, unset)          0.432     0.432    u_tile_axi_16/u_tile_core/u_datapath/aclk
    SLICE_X28Y81         FDCE                                         r  u_tile_axi_16/u_tile_core/u_datapath/at_addr_r_reg[2]/C
                         clock pessimism              0.000     0.432    
                         clock uncertainty            0.200     0.632    
    SLICE_X28Y81         FDCE (Hold_fdce_C_D)         0.070     0.702    u_tile_axi_16/u_tile_core/u_datapath/at_addr_r_reg[2]
  -------------------------------------------------------------------
                         required time                         -0.702    
                         arrival time                           0.735    
  -------------------------------------------------------------------
                         slack                                  0.034    

Slack (MET) :             0.036ns  (arrival time - required time)
  Source:                 u_tile_axi_16/stream_in_count_r_reg[6]/C
                            (rising edge-triggered cell FDCE clocked by aclk  {rise@0.000ns fall@5.000ns period=10.000ns})
  Destination:            u_tile_axi_16/s_axi_rdata_reg[6]/D
                            (rising edge-triggered cell FDCE clocked by aclk  {rise@0.000ns fall@5.000ns period=10.000ns})
  Path Group:             aclk
  Path Type:              Hold (Min at Fast Process Corner)
  Requirement:            0.000ns  (aclk rise@0.000ns - aclk rise@0.000ns)
  Data Path Delay:        0.348ns  (logic 0.209ns (60.005%)  route 0.139ns (39.995%))
  Logic Levels:           1  (LUT6=1)
  Clock Path Skew:        0.022ns (DCD - SCD - CPR)
    Destination Clock Delay (DCD):    0.432ns
    Source Clock Delay      (SCD):    0.410ns
    Clock Pessimism Removal (CPR):    -0.000ns
  Clock Uncertainty:      0.200ns  ((TSJ^2 + TIJ^2)^1/2 + DJ) / 2 + PE + UU
    Total System Jitter     (TSJ):    0.000ns
    Total Input Jitter      (TIJ):    0.000ns
    Discrete Jitter          (DJ):    0.000ns
    Phase Error              (PE):    0.000ns
    User Uncertainty         (UU):    0.200ns

    Location             Delay type                Incr(ns)  Path(ns)    Netlist Resource(s)
  -------------------------------------------------------------------    -------------------
                         (clock aclk rise edge)       0.000     0.000 r  
                                                      0.000     0.000 r  aclk (IN)
                         net (fo=790, unset)          0.410     0.410    u_tile_axi_16/aclk
    SLICE_X36Y79         FDCE                                         r  u_tile_axi_16/stream_in_count_r_reg[6]/C
  -------------------------------------------------------------------    -------------------
    SLICE_X36Y79         FDCE (Prop_fdce_C_Q)         0.164     0.574 r  u_tile_axi_16/stream_in_count_r_reg[6]/Q
                         net (fo=2, routed)           0.139     0.713    u_tile_axi_16/u_tile_core/u_controller/s_axi_rdata_reg[7][0]
    SLICE_X39Y79         LUT6 (Prop_lut6_I4_O)        0.045     0.758 r  u_tile_axi_16/u_tile_core/u_controller/s_axi_rdata[6]_i_1/O
                         net (fo=1, routed)           0.000     0.758    u_tile_axi_16/u_tile_core_n_17
    SLICE_X39Y79         FDCE                                         r  u_tile_axi_16/s_axi_rdata_reg[6]/D
  -------------------------------------------------------------------    -------------------

                         (clock aclk rise edge)       0.000     0.000 r  
                                                      0.000     0.000 r  aclk (IN)
                         net (fo=790, unset)          0.432     0.432    u_tile_axi_16/aclk
    SLICE_X39Y79         FDCE                                         r  u_tile_axi_16/s_axi_rdata_reg[6]/C
                         clock pessimism              0.000     0.432    
                         clock uncertainty            0.200     0.632    
    SLICE_X39Y79         FDCE (Hold_fdce_C_D)         0.091     0.723    u_tile_axi_16/s_axi_rdata_reg[6]
  -------------------------------------------------------------------
                         required time                         -0.723    
                         arrival time                           0.758    
  -------------------------------------------------------------------
                         slack                                  0.036    

Slack (MET) :             0.037ns  (arrival time - required time)
  Source:                 u_tile_axi_16/u_tile_core/u_line_buffer/bank0_r_reg_0_15_0_5/RAMC/CLK
                            (rising edge-triggered cell RAMD32 clocked by aclk  {rise@0.000ns fall@5.000ns period=10.000ns})
  Destination:            u_tile_axi_16/u_tile_core/u_line_buffer/bank0_read_r_reg[4]/D
                            (rising edge-triggered cell FDRE clocked by aclk  {rise@0.000ns fall@5.000ns period=10.000ns})
  Path Group:             aclk
  Path Type:              Hold (Min at Fast Process Corner)
  Requirement:            0.000ns  (aclk rise@0.000ns - aclk rise@0.000ns)
  Data Path Delay:        0.390ns  (logic 0.390ns (100.000%)  route 0.000ns (0.000%))
  Logic Levels:           0  
  Clock Path Skew:        0.022ns (DCD - SCD - CPR)
    Destination Clock Delay (DCD):    0.432ns
    Source Clock Delay      (SCD):    0.410ns
    Clock Pessimism Removal (CPR):    -0.000ns
  Clock Uncertainty:      0.200ns  ((TSJ^2 + TIJ^2)^1/2 + DJ) / 2 + PE + UU
    Total System Jitter     (TSJ):    0.000ns
    Total Input Jitter      (TIJ):    0.000ns
    Discrete Jitter          (DJ):    0.000ns
    Phase Error              (PE):    0.000ns
    User Uncertainty         (UU):    0.200ns

    Location             Delay type                Incr(ns)  Path(ns)    Netlist Resource(s)
  -------------------------------------------------------------------    -------------------
                         (clock aclk rise edge)       0.000     0.000 r  
                                                      0.000     0.000 r  aclk (IN)
                         net (fo=790, unset)          0.410     0.410    u_tile_axi_16/u_tile_core/u_line_buffer/bank0_r_reg_0_15_0_5/WCLK
    SLICE_X38Y76         RAMD32                                       r  u_tile_axi_16/u_tile_core/u_line_buffer/bank0_r_reg_0_15_0_5/RAMC/CLK
  -------------------------------------------------------------------    -------------------
    SLICE_X38Y76         RAMD32 (Prop_ramd32_CLK_O)
                                                      0.390     0.800 r  u_tile_axi_16/u_tile_core/u_line_buffer/bank0_r_reg_0_15_0_5/RAMC/O
                         net (fo=1, routed)           0.000     0.800    u_tile_axi_16/u_tile_core/u_line_buffer/bank0_read_r0[4]
    SLICE_X38Y76         FDRE                                         r  u_tile_axi_16/u_tile_core/u_line_buffer/bank0_read_r_reg[4]/D
  -------------------------------------------------------------------    -------------------

                         (clock aclk rise edge)       0.000     0.000 r  
                                                      0.000     0.000 r  aclk (IN)
                         net (fo=790, unset)          0.432     0.432    u_tile_axi_16/u_tile_core/u_line_buffer/aclk
    SLICE_X38Y76         FDRE                                         r  u_tile_axi_16/u_tile_core/u_line_buffer/bank0_read_r_reg[4]/C
                         clock pessimism              0.000     0.432    
                         clock uncertainty            0.200     0.632    
    SLICE_X38Y76         FDRE (Hold_fdre_C_D)         0.131     0.763    u_tile_axi_16/u_tile_core/u_line_buffer/bank0_read_r_reg[4]
  -------------------------------------------------------------------
                         required time                         -0.763    
                         arrival time                           0.800    
  -------------------------------------------------------------------
                         slack                                  0.037    

Slack (MET) :             0.037ns  (arrival time - required time)
  Source:                 u_tile_axi_16/u_tile_core/u_line_buffer/bank0_r_reg_0_15_6_7__0/DP/CLK
                            (rising edge-triggered cell RAMD32 clocked by aclk  {rise@0.000ns fall@5.000ns period=10.000ns})
  Destination:            u_tile_axi_16/u_tile_core/u_line_buffer/bank0_read_r_reg[7]/D
                            (rising edge-triggered cell FDRE clocked by aclk  {rise@0.000ns fall@5.000ns period=10.000ns})
  Path Group:             aclk
  Path Type:              Hold (Min at Fast Process Corner)
  Requirement:            0.000ns  (aclk rise@0.000ns - aclk rise@0.000ns)
  Data Path Delay:        0.390ns  (logic 0.390ns (100.000%)  route 0.000ns (0.000%))
  Logic Levels:           0  
  Clock Path Skew:        0.022ns (DCD - SCD - CPR)
    Destination Clock Delay (DCD):    0.432ns
    Source Clock Delay      (SCD):    0.410ns
    Clock Pessimism Removal (CPR):    -0.000ns
  Clock Uncertainty:      0.200ns  ((TSJ^2 + TIJ^2)^1/2 + DJ) / 2 + PE + UU
    Total System Jitter     (TSJ):    0.000ns
    Total Input Jitter      (TIJ):    0.000ns
    Discrete Jitter          (DJ):    0.000ns
    Phase Error              (PE):    0.000ns
    User Uncertainty         (UU):    0.200ns

    Location             Delay type                Incr(ns)  Path(ns)    Netlist Resource(s)
  -------------------------------------------------------------------    -------------------
                         (clock aclk rise edge)       0.000     0.000 r  
                                                      0.000     0.000 r  aclk (IN)
                         net (fo=790, unset)          0.410     0.410    u_tile_axi_16/u_tile_core/u_line_buffer/bank0_r_reg_0_15_6_7__0/WCLK
    SLICE_X38Y77         RAMD32                                       r  u_tile_axi_16/u_tile_core/u_line_buffer/bank0_r_reg_0_15_6_7__0/DP/CLK
  -------------------------------------------------------------------    -------------------
    SLICE_X38Y77         RAMD32 (Prop_ramd32_CLK_O)
                                                      0.390     0.800 r  u_tile_axi_16/u_tile_core/u_line_buffer/bank0_r_reg_0_15_6_7__0/DP/O
                         net (fo=1, routed)           0.000     0.800    u_tile_axi_16/u_tile_core/u_line_buffer/bank0_read_r0[7]
    SLICE_X38Y77         FDRE                                         r  u_tile_axi_16/u_tile_core/u_line_buffer/bank0_read_r_reg[7]/D
  -------------------------------------------------------------------    -------------------

                         (clock aclk rise edge)       0.000     0.000 r  
                                                      0.000     0.000 r  aclk (IN)
                         net (fo=790, unset)          0.432     0.432    u_tile_axi_16/u_tile_core/u_line_buffer/aclk
    SLICE_X38Y77         FDRE                                         r  u_tile_axi_16/u_tile_core/u_line_buffer/bank0_read_r_reg[7]/C
                         clock pessimism              0.000     0.432    
                         clock uncertainty            0.200     0.632    
    SLICE_X38Y77         FDRE (Hold_fdre_C_D)         0.131     0.763    u_tile_axi_16/u_tile_core/u_line_buffer/bank0_read_r_reg[7]
  -------------------------------------------------------------------
                         required time                         -0.763    
                         arrival time                           0.800    
  -------------------------------------------------------------------
                         slack                                  0.037    

Slack (MET) :             0.037ns  (arrival time - required time)
  Source:                 u_tile_axi_16/u_tile_core/u_line_buffer/bank1_r_reg_0_15_0_5/RAMC/CLK
                            (rising edge-triggered cell RAMD32 clocked by aclk  {rise@0.000ns fall@5.000ns period=10.000ns})
  Destination:            u_tile_axi_16/u_tile_core/u_line_buffer/bank1_read_r_reg[4]/D
                            (rising edge-triggered cell FDRE clocked by aclk  {rise@0.000ns fall@5.000ns period=10.000ns})
  Path Group:             aclk
  Path Type:              Hold (Min at Fast Process Corner)
  Requirement:            0.000ns  (aclk rise@0.000ns - aclk rise@0.000ns)
  Data Path Delay:        0.390ns  (logic 0.390ns (100.000%)  route 0.000ns (0.000%))
  Logic Levels:           0  
  Clock Path Skew:        0.022ns (DCD - SCD - CPR)
    Destination Clock Delay (DCD):    0.432ns
    Source Clock Delay      (SCD):    0.410ns
    Clock Pessimism Removal (CPR):    -0.000ns
  Clock Uncertainty:      0.200ns  ((TSJ^2 + TIJ^2)^1/2 + DJ) / 2 + PE + UU
    Total System Jitter     (TSJ):    0.000ns
    Total Input Jitter      (TIJ):    0.000ns
    Discrete Jitter          (DJ):    0.000ns
    Phase Error              (PE):    0.000ns
    User Uncertainty         (UU):    0.200ns

    Location             Delay type                Incr(ns)  Path(ns)    Netlist Resource(s)
  -------------------------------------------------------------------    -------------------
                         (clock aclk rise edge)       0.000     0.000 r  
                                                      0.000     0.000 r  aclk (IN)
                         net (fo=790, unset)          0.410     0.410    u_tile_axi_16/u_tile_core/u_line_buffer/bank1_r_reg_0_15_0_5/WCLK
    SLICE_X38Y74         RAMD32                                       r  u_tile_axi_16/u_tile_core/u_line_buffer/bank1_r_reg_0_15_0_5/RAMC/CLK
  -------------------------------------------------------------------    -------------------
    SLICE_X38Y74         RAMD32 (Prop_ramd32_CLK_O)
                                                      0.390     0.800 r  u_tile_axi_16/u_tile_core/u_line_buffer/bank1_r_reg_0_15_0_5/RAMC/O
                         net (fo=1, routed)           0.000     0.800    u_tile_axi_16/u_tile_core/u_line_buffer/bank1_read_r0[4]
    SLICE_X38Y74         FDRE                                         r  u_tile_axi_16/u_tile_core/u_line_buffer/bank1_read_r_reg[4]/D
  -------------------------------------------------------------------    -------------------

                         (clock aclk rise edge)       0.000     0.000 r  
                                                      0.000     0.000 r  aclk (IN)
                         net (fo=790, unset)          0.432     0.432    u_tile_axi_16/u_tile_core/u_line_buffer/aclk
    SLICE_X38Y74         FDRE                                         r  u_tile_axi_16/u_tile_core/u_line_buffer/bank1_read_r_reg[4]/C
                         clock pessimism              0.000     0.432    
                         clock uncertainty            0.200     0.632    
    SLICE_X38Y74         FDRE (Hold_fdre_C_D)         0.131     0.763    u_tile_axi_16/u_tile_core/u_line_buffer/bank1_read_r_reg[4]
  -------------------------------------------------------------------
                         required time                         -0.763    
                         arrival time                           0.800    
  -------------------------------------------------------------------
                         slack                                  0.037    

Slack (MET) :             0.037ns  (arrival time - required time)
  Source:                 u_tile_axi_16/u_tile_core/u_line_buffer/bank1_r_reg_0_15_6_7__0/DP/CLK
                            (rising edge-triggered cell RAMD32 clocked by aclk  {rise@0.000ns fall@5.000ns period=10.000ns})
  Destination:            u_tile_axi_16/u_tile_core/u_line_buffer/bank1_read_r_reg[7]/D
                            (rising edge-triggered cell FDRE clocked by aclk  {rise@0.000ns fall@5.000ns period=10.000ns})
  Path Group:             aclk
  Path Type:              Hold (Min at Fast Process Corner)
  Requirement:            0.000ns  (aclk rise@0.000ns - aclk rise@0.000ns)
  Data Path Delay:        0.390ns  (logic 0.390ns (100.000%)  route 0.000ns (0.000%))
  Logic Levels:           0  
  Clock Path Skew:        0.022ns (DCD - SCD - CPR)
    Destination Clock Delay (DCD):    0.432ns
    Source Clock Delay      (SCD):    0.410ns
    Clock Pessimism Removal (CPR):    -0.000ns
  Clock Uncertainty:      0.200ns  ((TSJ^2 + TIJ^2)^1/2 + DJ) / 2 + PE + UU
    Total System Jitter     (TSJ):    0.000ns
    Total Input Jitter      (TIJ):    0.000ns
    Discrete Jitter          (DJ):    0.000ns
    Phase Error              (PE):    0.000ns
    User Uncertainty         (UU):    0.200ns

    Location             Delay type                Incr(ns)  Path(ns)    Netlist Resource(s)
  -------------------------------------------------------------------    -------------------
                         (clock aclk rise edge)       0.000     0.000 r  
                                                      0.000     0.000 r  aclk (IN)
                         net (fo=790, unset)          0.410     0.410    u_tile_axi_16/u_tile_core/u_line_buffer/bank1_r_reg_0_15_6_7__0/WCLK
    SLICE_X38Y78         RAMD32                                       r  u_tile_axi_16/u_tile_core/u_line_buffer/bank1_r_reg_0_15_6_7__0/DP/CLK
  -------------------------------------------------------------------    -------------------
    SLICE_X38Y78         RAMD32 (Prop_ramd32_CLK_O)
                                                      0.390     0.800 r  u_tile_axi_16/u_tile_core/u_line_buffer/bank1_r_reg_0_15_6_7__0/DP/O
                         net (fo=1, routed)           0.000     0.800    u_tile_axi_16/u_tile_core/u_line_buffer/bank1_read_r0[7]
    SLICE_X38Y78         FDRE                                         r  u_tile_axi_16/u_tile_core/u_line_buffer/bank1_read_r_reg[7]/D
  -------------------------------------------------------------------    -------------------

                         (clock aclk rise edge)       0.000     0.000 r  
                                                      0.000     0.000 r  aclk (IN)
                         net (fo=790, unset)          0.432     0.432    u_tile_axi_16/u_tile_core/u_line_buffer/aclk
    SLICE_X38Y78         FDRE                                         r  u_tile_axi_16/u_tile_core/u_line_buffer/bank1_read_r_reg[7]/C
                         clock pessimism              0.000     0.432    
                         clock uncertainty            0.200     0.632    
    SLICE_X38Y78         FDRE (Hold_fdre_C_D)         0.131     0.763    u_tile_axi_16/u_tile_core/u_line_buffer/bank1_read_r_reg[7]
  -------------------------------------------------------------------
                         required time                         -0.763    
                         arrival time                           0.800    
  -------------------------------------------------------------------
                         slack                                  0.037    

Slack (MET) :             0.037ns  (arrival time - required time)
  Source:                 u_tile_axi_16/u_tile_core/u_line_buffer/bank2_r_reg_0_15_0_5/RAMC/CLK
                            (rising edge-triggered cell RAMD32 clocked by aclk  {rise@0.000ns fall@5.000ns period=10.000ns})
  Destination:            u_tile_axi_16/u_tile_core/u_line_buffer/bank2_read_r_reg[4]/D
                            (rising edge-triggered cell FDRE clocked by aclk  {rise@0.000ns fall@5.000ns period=10.000ns})
  Path Group:             aclk
  Path Type:              Hold (Min at Fast Process Corner)
  Requirement:            0.000ns  (aclk rise@0.000ns - aclk rise@0.000ns)
  Data Path Delay:        0.390ns  (logic 0.390ns (100.000%)  route 0.000ns (0.000%))
  Logic Levels:           0  
  Clock Path Skew:        0.022ns (DCD - SCD - CPR)
    Destination Clock Delay (DCD):    0.432ns
    Source Clock Delay      (SCD):    0.410ns
    Clock Pessimism Removal (CPR):    -0.000ns
  Clock Uncertainty:      0.200ns  ((TSJ^2 + TIJ^2)^1/2 + DJ) / 2 + PE + UU
    Total System Jitter     (TSJ):    0.000ns
    Total Input Jitter      (TIJ):    0.000ns
    Discrete Jitter          (DJ):    0.000ns
    Phase Error              (PE):    0.000ns
    User Uncertainty         (UU):    0.200ns

    Location             Delay type                Incr(ns)  Path(ns)    Netlist Resource(s)
  -------------------------------------------------------------------    -------------------
                         (clock aclk rise edge)       0.000     0.000 r  
                                                      0.000     0.000 r  aclk (IN)
                         net (fo=790, unset)          0.410     0.410    u_tile_axi_16/u_tile_core/u_line_buffer/bank2_r_reg_0_15_0_5/WCLK
    SLICE_X38Y75         RAMD32                                       r  u_tile_axi_16/u_tile_core/u_line_buffer/bank2_r_reg_0_15_0_5/RAMC/CLK
  -------------------------------------------------------------------    -------------------
    SLICE_X38Y75         RAMD32 (Prop_ramd32_CLK_O)
                                                      0.390     0.800 r  u_tile_axi_16/u_tile_core/u_line_buffer/bank2_r_reg_0_15_0_5/RAMC/O
                         net (fo=1, routed)           0.000     0.800    u_tile_axi_16/u_tile_core/u_line_buffer/bank2_read_r0[4]
    SLICE_X38Y75         FDRE                                         r  u_tile_axi_16/u_tile_core/u_line_buffer/bank2_read_r_reg[4]/D
  -------------------------------------------------------------------    -------------------

                         (clock aclk rise edge)       0.000     0.000 r  
                                                      0.000     0.000 r  aclk (IN)
                         net (fo=790, unset)          0.432     0.432    u_tile_axi_16/u_tile_core/u_line_buffer/aclk
    SLICE_X38Y75         FDRE                                         r  u_tile_axi_16/u_tile_core/u_line_buffer/bank2_read_r_reg[4]/C
                         clock pessimism              0.000     0.432    
                         clock uncertainty            0.200     0.632    
    SLICE_X38Y75         FDRE (Hold_fdre_C_D)         0.131     0.763    u_tile_axi_16/u_tile_core/u_line_buffer/bank2_read_r_reg[4]
  -------------------------------------------------------------------
                         required time                         -0.763    
                         arrival time                           0.800    
  -------------------------------------------------------------------
                         slack                                  0.037    

Slack (MET) :             0.037ns  (arrival time - required time)
  Source:                 u_tile_axi_16/u_tile_core/u_line_buffer/bank2_r_reg_0_15_6_7__0/DP/CLK
                            (rising edge-triggered cell RAMD32 clocked by aclk  {rise@0.000ns fall@5.000ns period=10.000ns})
  Destination:            u_tile_axi_16/u_tile_core/u_line_buffer/bank2_read_r_reg[7]/D
                            (rising edge-triggered cell FDRE clocked by aclk  {rise@0.000ns fall@5.000ns period=10.000ns})
  Path Group:             aclk
  Path Type:              Hold (Min at Fast Process Corner)
  Requirement:            0.000ns  (aclk rise@0.000ns - aclk rise@0.000ns)
  Data Path Delay:        0.390ns  (logic 0.390ns (100.000%)  route 0.000ns (0.000%))
  Logic Levels:           0  
  Clock Path Skew:        0.022ns (DCD - SCD - CPR)
    Destination Clock Delay (DCD):    0.432ns
    Source Clock Delay      (SCD):    0.410ns
    Clock Pessimism Removal (CPR):    -0.000ns
  Clock Uncertainty:      0.200ns  ((TSJ^2 + TIJ^2)^1/2 + DJ) / 2 + PE + UU
    Total System Jitter     (TSJ):    0.000ns
    Total Input Jitter      (TIJ):    0.000ns
    Discrete Jitter          (DJ):    0.000ns
    Phase Error              (PE):    0.000ns
    User Uncertainty         (UU):    0.200ns

    Location             Delay type                Incr(ns)  Path(ns)    Netlist Resource(s)
  -------------------------------------------------------------------    -------------------
                         (clock aclk rise edge)       0.000     0.000 r  
                                                      0.000     0.000 r  aclk (IN)
                         net (fo=790, unset)          0.410     0.410    u_tile_axi_16/u_tile_core/u_line_buffer/bank2_r_reg_0_15_6_7__0/WCLK
    SLICE_X36Y77         RAMD32                                       r  u_tile_axi_16/u_tile_core/u_line_buffer/bank2_r_reg_0_15_6_7__0/DP/CLK
  -------------------------------------------------------------------    -------------------
    SLICE_X36Y77         RAMD32 (Prop_ramd32_CLK_O)
                                                      0.390     0.800 r  u_tile_axi_16/u_tile_core/u_line_buffer/bank2_r_reg_0_15_6_7__0/DP/O
                         net (fo=1, routed)           0.000     0.800    u_tile_axi_16/u_tile_core/u_line_buffer/bank2_read_r0[7]
    SLICE_X36Y77         FDRE                                         r  u_tile_axi_16/u_tile_core/u_line_buffer/bank2_read_r_reg[7]/D
  -------------------------------------------------------------------    -------------------

                         (clock aclk rise edge)       0.000     0.000 r  
                                                      0.000     0.000 r  aclk (IN)
                         net (fo=790, unset)          0.432     0.432    u_tile_axi_16/u_tile_core/u_line_buffer/aclk
    SLICE_X36Y77         FDRE                                         r  u_tile_axi_16/u_tile_core/u_line_buffer/bank2_read_r_reg[7]/C
                         clock pessimism              0.000     0.432    
                         clock uncertainty            0.200     0.632    
    SLICE_X36Y77         FDRE (Hold_fdre_C_D)         0.131     0.763    u_tile_axi_16/u_tile_core/u_line_buffer/bank2_read_r_reg[7]
  -------------------------------------------------------------------
                         required time                         -0.763    
                         arrival time                           0.800    
  -------------------------------------------------------------------
                         slack                                  0.037    

Slack (MET) :             0.039ns  (arrival time - required time)
  Source:                 u_tile_axi_16/u_tile_core/u_line_buffer/bank1_read_r_reg[4]/C
                            (rising edge-triggered cell FDRE clocked by aclk  {rise@0.000ns fall@5.000ns period=10.000ns})
  Destination:            u_tile_axi_16/u_tile_core/u_line_buffer/column_o_reg[20]/D
                            (rising edge-triggered cell FDCE clocked by aclk  {rise@0.000ns fall@5.000ns period=10.000ns})
  Path Group:             aclk
  Path Type:              Hold (Min at Fast Process Corner)
  Requirement:            0.000ns  (aclk rise@0.000ns - aclk rise@0.000ns)
  Data Path Delay:        0.353ns  (logic 0.246ns (69.757%)  route 0.107ns (30.243%))
  Logic Levels:           1  (LUT5=1)
  Clock Path Skew:        0.022ns (DCD - SCD - CPR)
    Destination Clock Delay (DCD):    0.432ns
    Source Clock Delay      (SCD):    0.410ns
    Clock Pessimism Removal (CPR):    -0.000ns
  Clock Uncertainty:      0.200ns  ((TSJ^2 + TIJ^2)^1/2 + DJ) / 2 + PE + UU
    Total System Jitter     (TSJ):    0.000ns
    Total Input Jitter      (TIJ):    0.000ns
    Discrete Jitter          (DJ):    0.000ns
    Phase Error              (PE):    0.000ns
    User Uncertainty         (UU):    0.200ns

    Location             Delay type                Incr(ns)  Path(ns)    Netlist Resource(s)
  -------------------------------------------------------------------    -------------------
                         (clock aclk rise edge)       0.000     0.000 r  
                                                      0.000     0.000 r  aclk (IN)
                         net (fo=790, unset)          0.410     0.410    u_tile_axi_16/u_tile_core/u_line_buffer/aclk
    SLICE_X38Y74         FDRE                                         r  u_tile_axi_16/u_tile_core/u_line_buffer/bank1_read_r_reg[4]/C
  -------------------------------------------------------------------    -------------------
    SLICE_X38Y74         FDRE (Prop_fdre_C_Q)         0.148     0.558 r  u_tile_axi_16/u_tile_core/u_line_buffer/bank1_read_r_reg[4]/Q
                         net (fo=3, routed)           0.107     0.665    u_tile_axi_16/u_tile_core/u_line_buffer/bank1_read_r[4]
    SLICE_X37Y74         LUT5 (Prop_lut5_I0_O)        0.098     0.763 r  u_tile_axi_16/u_tile_core/u_line_buffer/column_o[20]_i_1/O
                         net (fo=1, routed)           0.000     0.763    u_tile_axi_16/u_tile_core/u_line_buffer/p_0_in_0[20]
    SLICE_X37Y74         FDCE                                         r  u_tile_axi_16/u_tile_core/u_line_buffer/column_o_reg[20]/D
  -------------------------------------------------------------------    -------------------

                         (clock aclk rise edge)       0.000     0.000 r  
                                                      0.000     0.000 r  aclk (IN)
                         net (fo=790, unset)          0.432     0.432    u_tile_axi_16/u_tile_core/u_line_buffer/aclk
    SLICE_X37Y74         FDCE                                         r  u_tile_axi_16/u_tile_core/u_line_buffer/column_o_reg[20]/C
                         clock pessimism              0.000     0.432    
                         clock uncertainty            0.200     0.632    
    SLICE_X37Y74         FDCE (Hold_fdce_C_D)         0.092     0.724    u_tile_axi_16/u_tile_core/u_line_buffer/column_o_reg[20]
  -------------------------------------------------------------------
                         required time                         -0.724    
                         arrival time                           0.763    
  -------------------------------------------------------------------
                         slack                                  0.039    





Pulse Width Checks
--------------------------------------------------------------------------------------
Clock Name:         aclk
Waveform(ns):       { 0.000 5.000 }
Period(ns):         10.000
Sources:            { aclk }

Check Type        Corner  Lib Pin             Reference Pin  Required(ns)  Actual(ns)  Slack(ns)  Location      Pin
Min Period        n/a     RAMB18E1/CLKARDCLK  n/a            2.944         10.000      7.056      RAMB18_X2Y24  u_tile_axi_16/u_tile_core/u_weight_mem/gen_weight_bram_lane[0].mem_r_reg/CLKARDCLK
Min Period        n/a     RAMB18E1/CLKARDCLK  n/a            2.944         10.000      7.056      RAMB18_X2Y25  u_tile_axi_16/u_tile_core/u_weight_mem/gen_weight_bram_lane[1].mem_r_reg/CLKARDCLK
Min Period        n/a     RAMB18E1/CLKARDCLK  n/a            2.944         10.000      7.056      RAMB18_X2Y29  u_tile_axi_16/u_tile_core/u_weight_mem/gen_weight_bram_lane[2].mem_r_reg/CLKARDCLK
Min Period        n/a     RAMB18E1/CLKARDCLK  n/a            2.944         10.000      7.056      RAMB18_X2Y26  u_tile_axi_16/u_tile_core/u_weight_mem/gen_weight_bram_lane[3].mem_r_reg/CLKARDCLK
Min Period        n/a     RAMB18E1/CLKARDCLK  n/a            2.944         10.000      7.056      RAMB18_X2Y30  u_tile_axi_16/u_tile_core/u_weight_mem/gen_weight_bram_lane[4].mem_r_reg/CLKARDCLK
Min Period        n/a     RAMB18E1/CLKARDCLK  n/a            2.944         10.000      7.056      RAMB18_X2Y28  u_tile_axi_16/u_tile_core/u_weight_mem/gen_weight_bram_lane[5].mem_r_reg/CLKARDCLK
Min Period        n/a     RAMB18E1/CLKARDCLK  n/a            2.944         10.000      7.056      RAMB18_X2Y31  u_tile_axi_16/u_tile_core/u_weight_mem/gen_weight_bram_lane[6].mem_r_reg/CLKARDCLK
Min Period        n/a     RAMB18E1/CLKARDCLK  n/a            2.944         10.000      7.056      RAMB18_X2Y27  u_tile_axi_16/u_tile_core/u_weight_mem/gen_weight_bram_lane[7].mem_r_reg/CLKARDCLK
Min Period        n/a     RAMB18E1/CLKARDCLK  n/a            2.944         10.000      7.056      RAMB18_X2Y32  u_tile_axi_16/u_tile_core/u_weight_mem/gen_weight_bram_lane[8].mem_r_reg/CLKARDCLK
Min Period        n/a     RAMB18E1/CLKBWRCLK  n/a            2.576         10.000      7.424      RAMB18_X2Y24  u_tile_axi_16/u_tile_core/u_weight_mem/gen_weight_bram_lane[0].mem_r_reg/CLKBWRCLK
Min Period        n/a     RAMB18E1/CLKBWRCLK  n/a            2.576         10.000      7.424      RAMB18_X2Y25  u_tile_axi_16/u_tile_core/u_weight_mem/gen_weight_bram_lane[1].mem_r_reg/CLKBWRCLK
Min Period        n/a     RAMB18E1/CLKBWRCLK  n/a            2.576         10.000      7.424      RAMB18_X2Y29  u_tile_axi_16/u_tile_core/u_weight_mem/gen_weight_bram_lane[2].mem_r_reg/CLKBWRCLK
Min Period        n/a     RAMB18E1/CLKBWRCLK  n/a            2.576         10.000      7.424      RAMB18_X2Y26  u_tile_axi_16/u_tile_core/u_weight_mem/gen_weight_bram_lane[3].mem_r_reg/CLKBWRCLK
Min Period        n/a     RAMB18E1/CLKBWRCLK  n/a            2.576         10.000      7.424      RAMB18_X2Y30  u_tile_axi_16/u_tile_core/u_weight_mem/gen_weight_bram_lane[4].mem_r_reg/CLKBWRCLK
Min Period        n/a     RAMB18E1/CLKBWRCLK  n/a            2.576         10.000      7.424      RAMB18_X2Y28  u_tile_axi_16/u_tile_core/u_weight_mem/gen_weight_bram_lane[5].mem_r_reg/CLKBWRCLK
Min Period        n/a     RAMB18E1/CLKBWRCLK  n/a            2.576         10.000      7.424      RAMB18_X2Y31  u_tile_axi_16/u_tile_core/u_weight_mem/gen_weight_bram_lane[6].mem_r_reg/CLKBWRCLK
Min Period        n/a     RAMB18E1/CLKBWRCLK  n/a            2.576         10.000      7.424      RAMB18_X2Y27  u_tile_axi_16/u_tile_core/u_weight_mem/gen_weight_bram_lane[7].mem_r_reg/CLKBWRCLK
Min Period        n/a     RAMB18E1/CLKBWRCLK  n/a            2.576         10.000      7.424      RAMB18_X2Y32  u_tile_axi_16/u_tile_core/u_weight_mem/gen_weight_bram_lane[8].mem_r_reg/CLKBWRCLK
Min Period        n/a     FDCE/C              n/a            1.000         10.000      9.000      SLICE_X39Y84  u_tile_axi_16/aw_pending_r_reg/C
Min Period        n/a     FDCE/C              n/a            1.000         10.000      9.000      SLICE_X37Y84  u_tile_axi_16/awaddr_r_reg[2]/C
Low Pulse Width   Slow    RAMD32/CLK          n/a            1.250         5.000       3.750      SLICE_X34Y72  u_tile_axi_16/u_output_fifo/data_mem_r_reg_0_15_0_5/RAMA/CLK
Low Pulse Width   Fast    RAMD32/CLK          n/a            1.250         5.000       3.750      SLICE_X34Y72  u_tile_axi_16/u_output_fifo/data_mem_r_reg_0_15_0_5/RAMA/CLK
Low Pulse Width   Slow    RAMD32/CLK          n/a            1.250         5.000       3.750      SLICE_X34Y72  u_tile_axi_16/u_output_fifo/data_mem_r_reg_0_15_0_5/RAMA_D1/CLK
Low Pulse Width   Fast    RAMD32/CLK          n/a            1.250         5.000       3.750      SLICE_X34Y72  u_tile_axi_16/u_output_fifo/data_mem_r_reg_0_15_0_5/RAMA_D1/CLK
Low Pulse Width   Slow    RAMD32/CLK          n/a            1.250         5.000       3.750      SLICE_X34Y72  u_tile_axi_16/u_output_fifo/data_mem_r_reg_0_15_0_5/RAMB/CLK
Low Pulse Width   Fast    RAMD32/CLK          n/a            1.250         5.000       3.750      SLICE_X34Y72  u_tile_axi_16/u_output_fifo/data_mem_r_reg_0_15_0_5/RAMB/CLK
Low Pulse Width   Slow    RAMD32/CLK          n/a            1.250         5.000       3.750      SLICE_X34Y72  u_tile_axi_16/u_output_fifo/data_mem_r_reg_0_15_0_5/RAMB_D1/CLK
Low Pulse Width   Fast    RAMD32/CLK          n/a            1.250         5.000       3.750      SLICE_X34Y72  u_tile_axi_16/u_output_fifo/data_mem_r_reg_0_15_0_5/RAMB_D1/CLK
Low Pulse Width   Slow    RAMD32/CLK          n/a            1.250         5.000       3.750      SLICE_X34Y72  u_tile_axi_16/u_output_fifo/data_mem_r_reg_0_15_0_5/RAMC/CLK
Low Pulse Width   Fast    RAMD32/CLK          n/a            1.250         5.000       3.750      SLICE_X34Y72  u_tile_axi_16/u_output_fifo/data_mem_r_reg_0_15_0_5/RAMC/CLK
Low Pulse Width   Slow    RAMD32/CLK          n/a            1.250         5.000       3.750      SLICE_X34Y72  u_tile_axi_16/u_output_fifo/data_mem_r_reg_0_15_0_5/RAMC_D1/CLK
Low Pulse Width   Fast    RAMD32/CLK          n/a            1.250         5.000       3.750      SLICE_X34Y72  u_tile_axi_16/u_output_fifo/data_mem_r_reg_0_15_0_5/RAMC_D1/CLK
Low Pulse Width   Slow    RAMS32/CLK          n/a            1.250         5.000       3.750      SLICE_X34Y72  u_tile_axi_16/u_output_fifo/data_mem_r_reg_0_15_0_5/RAMD/CLK
Low Pulse Width   Fast    RAMS32/CLK          n/a            1.250         5.000       3.750      SLICE_X34Y72  u_tile_axi_16/u_output_fifo/data_mem_r_reg_0_15_0_5/RAMD/CLK
Low Pulse Width   Slow    RAMS32/CLK          n/a            1.250         5.000       3.750      SLICE_X34Y72  u_tile_axi_16/u_output_fifo/data_mem_r_reg_0_15_0_5/RAMD_D1/CLK
Low Pulse Width   Fast    RAMS32/CLK          n/a            1.250         5.000       3.750      SLICE_X34Y72  u_tile_axi_16/u_output_fifo/data_mem_r_reg_0_15_0_5/RAMD_D1/CLK
Low Pulse Width   Slow    RAMD32/CLK          n/a            1.250         5.000       3.750      SLICE_X32Y73  u_tile_axi_16/u_output_fifo/data_mem_r_reg_0_15_12_17/RAMA/CLK
Low Pulse Width   Fast    RAMD32/CLK          n/a            1.250         5.000       3.750      SLICE_X32Y73  u_tile_axi_16/u_output_fifo/data_mem_r_reg_0_15_12_17/RAMA/CLK
Low Pulse Width   Slow    RAMD32/CLK          n/a            1.250         5.000       3.750      SLICE_X32Y73  u_tile_axi_16/u_output_fifo/data_mem_r_reg_0_15_12_17/RAMA_D1/CLK
Low Pulse Width   Fast    RAMD32/CLK          n/a            1.250         5.000       3.750      SLICE_X32Y73  u_tile_axi_16/u_output_fifo/data_mem_r_reg_0_15_12_17/RAMA_D1/CLK
High Pulse Width  Slow    RAMD32/CLK          n/a            1.250         5.000       3.750      SLICE_X34Y72  u_tile_axi_16/u_output_fifo/data_mem_r_reg_0_15_0_5/RAMA/CLK
High Pulse Width  Fast    RAMD32/CLK          n/a            1.250         5.000       3.750      SLICE_X34Y72  u_tile_axi_16/u_output_fifo/data_mem_r_reg_0_15_0_5/RAMA/CLK
High Pulse Width  Slow    RAMD32/CLK          n/a            1.250         5.000       3.750      SLICE_X34Y72  u_tile_axi_16/u_output_fifo/data_mem_r_reg_0_15_0_5/RAMA_D1/CLK
High Pulse Width  Fast    RAMD32/CLK          n/a            1.250         5.000       3.750      SLICE_X34Y72  u_tile_axi_16/u_output_fifo/data_mem_r_reg_0_15_0_5/RAMA_D1/CLK
High Pulse Width  Slow    RAMD32/CLK          n/a            1.250         5.000       3.750      SLICE_X34Y72  u_tile_axi_16/u_output_fifo/data_mem_r_reg_0_15_0_5/RAMB/CLK
High Pulse Width  Fast    RAMD32/CLK          n/a            1.250         5.000       3.750      SLICE_X34Y72  u_tile_axi_16/u_output_fifo/data_mem_r_reg_0_15_0_5/RAMB/CLK
High Pulse Width  Slow    RAMD32/CLK          n/a            1.250         5.000       3.750      SLICE_X34Y72  u_tile_axi_16/u_output_fifo/data_mem_r_reg_0_15_0_5/RAMB_D1/CLK
High Pulse Width  Fast    RAMD32/CLK          n/a            1.250         5.000       3.750      SLICE_X34Y72  u_tile_axi_16/u_output_fifo/data_mem_r_reg_0_15_0_5/RAMB_D1/CLK
High Pulse Width  Slow    RAMD32/CLK          n/a            1.250         5.000       3.750      SLICE_X34Y72  u_tile_axi_16/u_output_fifo/data_mem_r_reg_0_15_0_5/RAMC/CLK
High Pulse Width  Fast    RAMD32/CLK          n/a            1.250         5.000       3.750      SLICE_X34Y72  u_tile_axi_16/u_output_fifo/data_mem_r_reg_0_15_0_5/RAMC/CLK
High Pulse Width  Slow    RAMD32/CLK          n/a            1.250         5.000       3.750      SLICE_X34Y72  u_tile_axi_16/u_output_fifo/data_mem_r_reg_0_15_0_5/RAMC_D1/CLK
High Pulse Width  Fast    RAMD32/CLK          n/a            1.250         5.000       3.750      SLICE_X34Y72  u_tile_axi_16/u_output_fifo/data_mem_r_reg_0_15_0_5/RAMC_D1/CLK
High Pulse Width  Slow    RAMS32/CLK          n/a            1.250         5.000       3.750      SLICE_X34Y72  u_tile_axi_16/u_output_fifo/data_mem_r_reg_0_15_0_5/RAMD/CLK
High Pulse Width  Fast    RAMS32/CLK          n/a            1.250         5.000       3.750      SLICE_X34Y72  u_tile_axi_16/u_output_fifo/data_mem_r_reg_0_15_0_5/RAMD/CLK
High Pulse Width  Slow    RAMS32/CLK          n/a            1.250         5.000       3.750      SLICE_X34Y72  u_tile_axi_16/u_output_fifo/data_mem_r_reg_0_15_0_5/RAMD_D1/CLK
High Pulse Width  Fast    RAMS32/CLK          n/a            1.250         5.000       3.750      SLICE_X34Y72  u_tile_axi_16/u_output_fifo/data_mem_r_reg_0_15_0_5/RAMD_D1/CLK
High Pulse Width  Slow    RAMD32/CLK          n/a            1.250         5.000       3.750      SLICE_X32Y73  u_tile_axi_16/u_output_fifo/data_mem_r_reg_0_15_12_17/RAMA/CLK
High Pulse Width  Fast    RAMD32/CLK          n/a            1.250         5.000       3.750      SLICE_X32Y73  u_tile_axi_16/u_output_fifo/data_mem_r_reg_0_15_12_17/RAMA/CLK
High Pulse Width  Slow    RAMD32/CLK          n/a            1.250         5.000       3.750      SLICE_X32Y73  u_tile_axi_16/u_output_fifo/data_mem_r_reg_0_15_12_17/RAMA_D1/CLK
High Pulse Width  Fast    RAMD32/CLK          n/a            1.250         5.000       3.750      SLICE_X32Y73  u_tile_axi_16/u_output_fifo/data_mem_r_reg_0_15_12_17/RAMA_D1/CLK



---------------------------------------------------------------------------------------------------
Path Group:  **async_default**
From Clock:  aclk
  To Clock:  aclk

Setup :            0  Failing Endpoints,  Worst Slack        3.657ns,  Total Violation        0.000ns
Hold  :            0  Failing Endpoints,  Worst Slack        0.785ns,  Total Violation        0.000ns
---------------------------------------------------------------------------------------------------


Max Delay Paths
--------------------------------------------------------------------------------------
Slack (MET) :             3.657ns  (required time - arrival time)
  Source:                 u_tile_axi_16/awaddr_r_reg[5]/C
                            (rising edge-triggered cell FDCE clocked by aclk  {rise@0.000ns fall@5.000ns period=10.000ns})
  Destination:            u_tile_axi_16/u_tile_core/u_datapath/mul_stage_r_reg[0][0]/CLR
                            (recovery check against rising-edge clock aclk  {rise@0.000ns fall@5.000ns period=10.000ns})
  Path Group:             **async_default**
  Path Type:              Recovery (Max at Slow Process Corner)
  Requirement:            10.000ns  (aclk rise@10.000ns - aclk rise@0.000ns)
  Data Path Delay:        5.654ns  (logic 1.080ns (19.102%)  route 4.574ns (80.898%))
  Logic Levels:           3  (LUT2=1 LUT4=1 LUT5=1)
  Clock Path Skew:        -0.049ns (DCD - SCD + CPR)
    Destination Clock Delay (DCD):    0.924ns = ( 10.924 - 10.000 ) 
    Source Clock Delay      (SCD):    0.973ns
    Clock Pessimism Removal (CPR):    0.000ns
  Clock Uncertainty:      0.235ns  ((TSJ^2 + TIJ^2)^1/2 + DJ) / 2 + PE + UU
    Total System Jitter     (TSJ):    0.071ns
    Total Input Jitter      (TIJ):    0.000ns
    Discrete Jitter          (DJ):    0.000ns
    Phase Error              (PE):    0.000ns
    User Uncertainty         (UU):    0.200ns

    Location             Delay type                Incr(ns)  Path(ns)    Netlist Resource(s)
  -------------------------------------------------------------------    -------------------
                         (clock aclk rise edge)       0.000     0.000 r  
                                                      0.000     0.000 r  aclk (IN)
                         net (fo=790, unset)          0.973     0.973    u_tile_axi_16/aclk
    SLICE_X37Y84         FDCE                                         r  u_tile_axi_16/awaddr_r_reg[5]/C
  -------------------------------------------------------------------    -------------------
    SLICE_X37Y84         FDCE (Prop_fdce_C_Q)         0.456     1.429 r  u_tile_axi_16/awaddr_r_reg[5]/Q
                         net (fo=2, routed)           1.002     2.431    u_tile_axi_16/u_tile_core/u_datapath/gen_acc_bank[0].u_acc/state_r[1]_i_2_0[3]
    SLICE_X38Y84         LUT4 (Prop_lut4_I2_O)        0.152     2.583 r  u_tile_axi_16/u_tile_core/u_datapath/gen_acc_bank[0].u_acc/FSM_onehot_state_r[7]_i_6/O
                         net (fo=2, routed)           0.746     3.329    u_tile_axi_16/u_tile_core/u_datapath/gen_acc_bank[0].u_acc/s_axi_awvalid_1
    SLICE_X38Y83         LUT5 (Prop_lut5_I0_O)        0.348     3.677 r  u_tile_axi_16/u_tile_core/u_datapath/gen_acc_bank[0].u_acc/FSM_onehot_state_r[7]_i_5/O
                         net (fo=40, routed)          0.733     4.409    u_tile_axi_16/u_tile_core/u_datapath/gen_acc_bank[0].u_acc/s_axi_awvalid_0
    SLICE_X36Y82         LUT2 (Prop_lut2_I1_O)        0.124     4.533 f  u_tile_axi_16/u_tile_core/u_datapath/gen_acc_bank[0].u_acc/FSM_onehot_state_r[7]_i_2/O
                         net (fo=464, routed)         2.093     6.627    u_tile_axi_16/u_tile_core/u_datapath/aresetn_0
    SLICE_X29Y65         FDCE                                         f  u_tile_axi_16/u_tile_core/u_datapath/mul_stage_r_reg[0][0]/CLR
  -------------------------------------------------------------------    -------------------

                         (clock aclk rise edge)      10.000    10.000 r  
                                                      0.000    10.000 r  aclk (IN)
                         net (fo=790, unset)          0.924    10.924    u_tile_axi_16/u_tile_core/u_datapath/aclk
    SLICE_X29Y65         FDCE                                         r  u_tile_axi_16/u_tile_core/u_datapath/mul_stage_r_reg[0][0]/C
                         clock pessimism              0.000    10.924    
                         clock uncertainty           -0.235    10.689    
    SLICE_X29Y65         FDCE (Recov_fdce_C_CLR)     -0.405    10.284    u_tile_axi_16/u_tile_core/u_datapath/mul_stage_r_reg[0][0]
  -------------------------------------------------------------------
                         required time                         10.284    
                         arrival time                          -6.627    
  -------------------------------------------------------------------
                         slack                                  3.657    

Slack (MET) :             3.657ns  (required time - arrival time)
  Source:                 u_tile_axi_16/awaddr_r_reg[5]/C
                            (rising edge-triggered cell FDCE clocked by aclk  {rise@0.000ns fall@5.000ns period=10.000ns})
  Destination:            u_tile_axi_16/u_tile_core/u_datapath/mul_stage_r_reg[0][1]/CLR
                            (recovery check against rising-edge clock aclk  {rise@0.000ns fall@5.000ns period=10.000ns})
  Path Group:             **async_default**
  Path Type:              Recovery (Max at Slow Process Corner)
  Requirement:            10.000ns  (aclk rise@10.000ns - aclk rise@0.000ns)
  Data Path Delay:        5.654ns  (logic 1.080ns (19.102%)  route 4.574ns (80.898%))
  Logic Levels:           3  (LUT2=1 LUT4=1 LUT5=1)
  Clock Path Skew:        -0.049ns (DCD - SCD + CPR)
    Destination Clock Delay (DCD):    0.924ns = ( 10.924 - 10.000 ) 
    Source Clock Delay      (SCD):    0.973ns
    Clock Pessimism Removal (CPR):    0.000ns
  Clock Uncertainty:      0.235ns  ((TSJ^2 + TIJ^2)^1/2 + DJ) / 2 + PE + UU
    Total System Jitter     (TSJ):    0.071ns
    Total Input Jitter      (TIJ):    0.000ns
    Discrete Jitter          (DJ):    0.000ns
    Phase Error              (PE):    0.000ns
    User Uncertainty         (UU):    0.200ns

    Location             Delay type                Incr(ns)  Path(ns)    Netlist Resource(s)
  -------------------------------------------------------------------    -------------------
                         (clock aclk rise edge)       0.000     0.000 r  
                                                      0.000     0.000 r  aclk (IN)
                         net (fo=790, unset)          0.973     0.973    u_tile_axi_16/aclk
    SLICE_X37Y84         FDCE                                         r  u_tile_axi_16/awaddr_r_reg[5]/C
  -------------------------------------------------------------------    -------------------
    SLICE_X37Y84         FDCE (Prop_fdce_C_Q)         0.456     1.429 r  u_tile_axi_16/awaddr_r_reg[5]/Q
                         net (fo=2, routed)           1.002     2.431    u_tile_axi_16/u_tile_core/u_datapath/gen_acc_bank[0].u_acc/state_r[1]_i_2_0[3]
    SLICE_X38Y84         LUT4 (Prop_lut4_I2_O)        0.152     2.583 r  u_tile_axi_16/u_tile_core/u_datapath/gen_acc_bank[0].u_acc/FSM_onehot_state_r[7]_i_6/O
                         net (fo=2, routed)           0.746     3.329    u_tile_axi_16/u_tile_core/u_datapath/gen_acc_bank[0].u_acc/s_axi_awvalid_1
    SLICE_X38Y83         LUT5 (Prop_lut5_I0_O)        0.348     3.677 r  u_tile_axi_16/u_tile_core/u_datapath/gen_acc_bank[0].u_acc/FSM_onehot_state_r[7]_i_5/O
                         net (fo=40, routed)          0.733     4.409    u_tile_axi_16/u_tile_core/u_datapath/gen_acc_bank[0].u_acc/s_axi_awvalid_0
    SLICE_X36Y82         LUT2 (Prop_lut2_I1_O)        0.124     4.533 f  u_tile_axi_16/u_tile_core/u_datapath/gen_acc_bank[0].u_acc/FSM_onehot_state_r[7]_i_2/O
                         net (fo=464, routed)         2.093     6.627    u_tile_axi_16/u_tile_core/u_datapath/aresetn_0
    SLICE_X29Y65         FDCE                                         f  u_tile_axi_16/u_tile_core/u_datapath/mul_stage_r_reg[0][1]/CLR
  -------------------------------------------------------------------    -------------------

                         (clock aclk rise edge)      10.000    10.000 r  
                                                      0.000    10.000 r  aclk (IN)
                         net (fo=790, unset)          0.924    10.924    u_tile_axi_16/u_tile_core/u_datapath/aclk
    SLICE_X29Y65         FDCE                                         r  u_tile_axi_16/u_tile_core/u_datapath/mul_stage_r_reg[0][1]/C
                         clock pessimism              0.000    10.924    
                         clock uncertainty           -0.235    10.689    
    SLICE_X29Y65         FDCE (Recov_fdce_C_CLR)     -0.405    10.284    u_tile_axi_16/u_tile_core/u_datapath/mul_stage_r_reg[0][1]
  -------------------------------------------------------------------
                         required time                         10.284    
                         arrival time                          -6.627    
  -------------------------------------------------------------------
                         slack                                  3.657    

Slack (MET) :             3.657ns  (required time - arrival time)
  Source:                 u_tile_axi_16/awaddr_r_reg[5]/C
                            (rising edge-triggered cell FDCE clocked by aclk  {rise@0.000ns fall@5.000ns period=10.000ns})
  Destination:            u_tile_axi_16/u_tile_core/u_datapath/mul_stage_r_reg[0][2]/CLR
                            (recovery check against rising-edge clock aclk  {rise@0.000ns fall@5.000ns period=10.000ns})
  Path Group:             **async_default**
  Path Type:              Recovery (Max at Slow Process Corner)
  Requirement:            10.000ns  (aclk rise@10.000ns - aclk rise@0.000ns)
  Data Path Delay:        5.654ns  (logic 1.080ns (19.102%)  route 4.574ns (80.898%))
  Logic Levels:           3  (LUT2=1 LUT4=1 LUT5=1)
  Clock Path Skew:        -0.049ns (DCD - SCD + CPR)
    Destination Clock Delay (DCD):    0.924ns = ( 10.924 - 10.000 ) 
    Source Clock Delay      (SCD):    0.973ns
    Clock Pessimism Removal (CPR):    0.000ns
  Clock Uncertainty:      0.235ns  ((TSJ^2 + TIJ^2)^1/2 + DJ) / 2 + PE + UU
    Total System Jitter     (TSJ):    0.071ns
    Total Input Jitter      (TIJ):    0.000ns
    Discrete Jitter          (DJ):    0.000ns
    Phase Error              (PE):    0.000ns
    User Uncertainty         (UU):    0.200ns

    Location             Delay type                Incr(ns)  Path(ns)    Netlist Resource(s)
  -------------------------------------------------------------------    -------------------
                         (clock aclk rise edge)       0.000     0.000 r  
                                                      0.000     0.000 r  aclk (IN)
                         net (fo=790, unset)          0.973     0.973    u_tile_axi_16/aclk
    SLICE_X37Y84         FDCE                                         r  u_tile_axi_16/awaddr_r_reg[5]/C
  -------------------------------------------------------------------    -------------------
    SLICE_X37Y84         FDCE (Prop_fdce_C_Q)         0.456     1.429 r  u_tile_axi_16/awaddr_r_reg[5]/Q
                         net (fo=2, routed)           1.002     2.431    u_tile_axi_16/u_tile_core/u_datapath/gen_acc_bank[0].u_acc/state_r[1]_i_2_0[3]
    SLICE_X38Y84         LUT4 (Prop_lut4_I2_O)        0.152     2.583 r  u_tile_axi_16/u_tile_core/u_datapath/gen_acc_bank[0].u_acc/FSM_onehot_state_r[7]_i_6/O
                         net (fo=2, routed)           0.746     3.329    u_tile_axi_16/u_tile_core/u_datapath/gen_acc_bank[0].u_acc/s_axi_awvalid_1
    SLICE_X38Y83         LUT5 (Prop_lut5_I0_O)        0.348     3.677 r  u_tile_axi_16/u_tile_core/u_datapath/gen_acc_bank[0].u_acc/FSM_onehot_state_r[7]_i_5/O
                         net (fo=40, routed)          0.733     4.409    u_tile_axi_16/u_tile_core/u_datapath/gen_acc_bank[0].u_acc/s_axi_awvalid_0
    SLICE_X36Y82         LUT2 (Prop_lut2_I1_O)        0.124     4.533 f  u_tile_axi_16/u_tile_core/u_datapath/gen_acc_bank[0].u_acc/FSM_onehot_state_r[7]_i_2/O
                         net (fo=464, routed)         2.093     6.627    u_tile_axi_16/u_tile_core/u_datapath/aresetn_0
    SLICE_X29Y65         FDCE                                         f  u_tile_axi_16/u_tile_core/u_datapath/mul_stage_r_reg[0][2]/CLR
  -------------------------------------------------------------------    -------------------

                         (clock aclk rise edge)      10.000    10.000 r  
                                                      0.000    10.000 r  aclk (IN)
                         net (fo=790, unset)          0.924    10.924    u_tile_axi_16/u_tile_core/u_datapath/aclk
    SLICE_X29Y65         FDCE                                         r  u_tile_axi_16/u_tile_core/u_datapath/mul_stage_r_reg[0][2]/C
                         clock pessimism              0.000    10.924    
                         clock uncertainty           -0.235    10.689    
    SLICE_X29Y65         FDCE (Recov_fdce_C_CLR)     -0.405    10.284    u_tile_axi_16/u_tile_core/u_datapath/mul_stage_r_reg[0][2]
  -------------------------------------------------------------------
                         required time                         10.284    
                         arrival time                          -6.627    
  -------------------------------------------------------------------
                         slack                                  3.657    

Slack (MET) :             3.696ns  (required time - arrival time)
  Source:                 u_tile_axi_16/awaddr_r_reg[5]/C
                            (rising edge-triggered cell FDCE clocked by aclk  {rise@0.000ns fall@5.000ns period=10.000ns})
  Destination:            u_tile_axi_16/u_tile_core/u_window_generator/window_r_reg[0]/CLR
                            (recovery check against rising-edge clock aclk  {rise@0.000ns fall@5.000ns period=10.000ns})
  Path Group:             **async_default**
  Path Type:              Recovery (Max at Slow Process Corner)
  Requirement:            10.000ns  (aclk rise@10.000ns - aclk rise@0.000ns)
  Data Path Delay:        5.615ns  (logic 1.080ns (19.235%)  route 4.535ns (80.765%))
  Logic Levels:           3  (LUT2=1 LUT4=1 LUT5=1)
  Clock Path Skew:        -0.049ns (DCD - SCD + CPR)
    Destination Clock Delay (DCD):    0.924ns = ( 10.924 - 10.000 ) 
    Source Clock Delay      (SCD):    0.973ns
    Clock Pessimism Removal (CPR):    0.000ns
  Clock Uncertainty:      0.235ns  ((TSJ^2 + TIJ^2)^1/2 + DJ) / 2 + PE + UU
    Total System Jitter     (TSJ):    0.071ns
    Total Input Jitter      (TIJ):    0.000ns
    Discrete Jitter          (DJ):    0.000ns
    Phase Error              (PE):    0.000ns
    User Uncertainty         (UU):    0.200ns

    Location             Delay type                Incr(ns)  Path(ns)    Netlist Resource(s)
  -------------------------------------------------------------------    -------------------
                         (clock aclk rise edge)       0.000     0.000 r  
                                                      0.000     0.000 r  aclk (IN)
                         net (fo=790, unset)          0.973     0.973    u_tile_axi_16/aclk
    SLICE_X37Y84         FDCE                                         r  u_tile_axi_16/awaddr_r_reg[5]/C
  -------------------------------------------------------------------    -------------------
    SLICE_X37Y84         FDCE (Prop_fdce_C_Q)         0.456     1.429 r  u_tile_axi_16/awaddr_r_reg[5]/Q
                         net (fo=2, routed)           1.002     2.431    u_tile_axi_16/u_tile_core/u_datapath/gen_acc_bank[0].u_acc/state_r[1]_i_2_0[3]
    SLICE_X38Y84         LUT4 (Prop_lut4_I2_O)        0.152     2.583 r  u_tile_axi_16/u_tile_core/u_datapath/gen_acc_bank[0].u_acc/FSM_onehot_state_r[7]_i_6/O
                         net (fo=2, routed)           0.746     3.329    u_tile_axi_16/u_tile_core/u_datapath/gen_acc_bank[0].u_acc/s_axi_awvalid_1
    SLICE_X38Y83         LUT5 (Prop_lut5_I0_O)        0.348     3.677 r  u_tile_axi_16/u_tile_core/u_datapath/gen_acc_bank[0].u_acc/FSM_onehot_state_r[7]_i_5/O
                         net (fo=40, routed)          0.733     4.409    u_tile_axi_16/u_tile_core/u_datapath/gen_acc_bank[0].u_acc/s_axi_awvalid_0
    SLICE_X36Y82         LUT2 (Prop_lut2_I1_O)        0.124     4.533 f  u_tile_axi_16/u_tile_core/u_datapath/gen_acc_bank[0].u_acc/FSM_onehot_state_r[7]_i_2/O
                         net (fo=464, routed)         2.054     6.588    u_tile_axi_16/u_tile_core/u_window_generator/window_r_reg[0]_0
    SLICE_X31Y68         FDCE                                         f  u_tile_axi_16/u_tile_core/u_window_generator/window_r_reg[0]/CLR
  -------------------------------------------------------------------    -------------------

                         (clock aclk rise edge)      10.000    10.000 r  
                                                      0.000    10.000 r  aclk (IN)
                         net (fo=790, unset)          0.924    10.924    u_tile_axi_16/u_tile_core/u_window_generator/aclk
    SLICE_X31Y68         FDCE                                         r  u_tile_axi_16/u_tile_core/u_window_generator/window_r_reg[0]/C
                         clock pessimism              0.000    10.924    
                         clock uncertainty           -0.235    10.689    
    SLICE_X31Y68         FDCE (Recov_fdce_C_CLR)     -0.405    10.284    u_tile_axi_16/u_tile_core/u_window_generator/window_r_reg[0]
  -------------------------------------------------------------------
                         required time                         10.284    
                         arrival time                          -6.588    
  -------------------------------------------------------------------
                         slack                                  3.696    

Slack (MET) :             3.696ns  (required time - arrival time)
  Source:                 u_tile_axi_16/awaddr_r_reg[5]/C
                            (rising edge-triggered cell FDCE clocked by aclk  {rise@0.000ns fall@5.000ns period=10.000ns})
  Destination:            u_tile_axi_16/u_tile_core/u_window_generator/window_r_reg[1]/CLR
                            (recovery check against rising-edge clock aclk  {rise@0.000ns fall@5.000ns period=10.000ns})
  Path Group:             **async_default**
  Path Type:              Recovery (Max at Slow Process Corner)
  Requirement:            10.000ns  (aclk rise@10.000ns - aclk rise@0.000ns)
  Data Path Delay:        5.615ns  (logic 1.080ns (19.235%)  route 4.535ns (80.765%))
  Logic Levels:           3  (LUT2=1 LUT4=1 LUT5=1)
  Clock Path Skew:        -0.049ns (DCD - SCD + CPR)
    Destination Clock Delay (DCD):    0.924ns = ( 10.924 - 10.000 ) 
    Source Clock Delay      (SCD):    0.973ns
    Clock Pessimism Removal (CPR):    0.000ns
  Clock Uncertainty:      0.235ns  ((TSJ^2 + TIJ^2)^1/2 + DJ) / 2 + PE + UU
    Total System Jitter     (TSJ):    0.071ns
    Total Input Jitter      (TIJ):    0.000ns
    Discrete Jitter          (DJ):    0.000ns
    Phase Error              (PE):    0.000ns
    User Uncertainty         (UU):    0.200ns

    Location             Delay type                Incr(ns)  Path(ns)    Netlist Resource(s)
  -------------------------------------------------------------------    -------------------
                         (clock aclk rise edge)       0.000     0.000 r  
                                                      0.000     0.000 r  aclk (IN)
                         net (fo=790, unset)          0.973     0.973    u_tile_axi_16/aclk
    SLICE_X37Y84         FDCE                                         r  u_tile_axi_16/awaddr_r_reg[5]/C
  -------------------------------------------------------------------    -------------------
    SLICE_X37Y84         FDCE (Prop_fdce_C_Q)         0.456     1.429 r  u_tile_axi_16/awaddr_r_reg[5]/Q
                         net (fo=2, routed)           1.002     2.431    u_tile_axi_16/u_tile_core/u_datapath/gen_acc_bank[0].u_acc/state_r[1]_i_2_0[3]
    SLICE_X38Y84         LUT4 (Prop_lut4_I2_O)        0.152     2.583 r  u_tile_axi_16/u_tile_core/u_datapath/gen_acc_bank[0].u_acc/FSM_onehot_state_r[7]_i_6/O
                         net (fo=2, routed)           0.746     3.329    u_tile_axi_16/u_tile_core/u_datapath/gen_acc_bank[0].u_acc/s_axi_awvalid_1
    SLICE_X38Y83         LUT5 (Prop_lut5_I0_O)        0.348     3.677 r  u_tile_axi_16/u_tile_core/u_datapath/gen_acc_bank[0].u_acc/FSM_onehot_state_r[7]_i_5/O
                         net (fo=40, routed)          0.733     4.409    u_tile_axi_16/u_tile_core/u_datapath/gen_acc_bank[0].u_acc/s_axi_awvalid_0
    SLICE_X36Y82         LUT2 (Prop_lut2_I1_O)        0.124     4.533 f  u_tile_axi_16/u_tile_core/u_datapath/gen_acc_bank[0].u_acc/FSM_onehot_state_r[7]_i_2/O
                         net (fo=464, routed)         2.054     6.588    u_tile_axi_16/u_tile_core/u_window_generator/window_r_reg[0]_0
    SLICE_X31Y68         FDCE                                         f  u_tile_axi_16/u_tile_core/u_window_generator/window_r_reg[1]/CLR
  -------------------------------------------------------------------    -------------------

                         (clock aclk rise edge)      10.000    10.000 r  
                                                      0.000    10.000 r  aclk (IN)
                         net (fo=790, unset)          0.924    10.924    u_tile_axi_16/u_tile_core/u_window_generator/aclk
    SLICE_X31Y68         FDCE                                         r  u_tile_axi_16/u_tile_core/u_window_generator/window_r_reg[1]/C
                         clock pessimism              0.000    10.924    
                         clock uncertainty           -0.235    10.689    
    SLICE_X31Y68         FDCE (Recov_fdce_C_CLR)     -0.405    10.284    u_tile_axi_16/u_tile_core/u_window_generator/window_r_reg[1]
  -------------------------------------------------------------------
                         required time                         10.284    
                         arrival time                          -6.588    
  -------------------------------------------------------------------
                         slack                                  3.696    

Slack (MET) :             3.703ns  (required time - arrival time)
  Source:                 u_tile_axi_16/awaddr_r_reg[5]/C
                            (rising edge-triggered cell FDCE clocked by aclk  {rise@0.000ns fall@5.000ns period=10.000ns})
  Destination:            u_tile_axi_16/u_tile_core/u_window_generator/window_r_reg[3]/CLR
                            (recovery check against rising-edge clock aclk  {rise@0.000ns fall@5.000ns period=10.000ns})
  Path Group:             **async_default**
  Path Type:              Recovery (Max at Slow Process Corner)
  Requirement:            10.000ns  (aclk rise@10.000ns - aclk rise@0.000ns)
  Data Path Delay:        5.608ns  (logic 1.080ns (19.257%)  route 4.528ns (80.743%))
  Logic Levels:           3  (LUT2=1 LUT4=1 LUT5=1)
  Clock Path Skew:        -0.049ns (DCD - SCD + CPR)
    Destination Clock Delay (DCD):    0.924ns = ( 10.924 - 10.000 ) 
    Source Clock Delay      (SCD):    0.973ns
    Clock Pessimism Removal (CPR):    0.000ns
  Clock Uncertainty:      0.235ns  ((TSJ^2 + TIJ^2)^1/2 + DJ) / 2 + PE + UU
    Total System Jitter     (TSJ):    0.071ns
    Total Input Jitter      (TIJ):    0.000ns
    Discrete Jitter          (DJ):    0.000ns
    Phase Error              (PE):    0.000ns
    User Uncertainty         (UU):    0.200ns

    Location             Delay type                Incr(ns)  Path(ns)    Netlist Resource(s)
  -------------------------------------------------------------------    -------------------
                         (clock aclk rise edge)       0.000     0.000 r  
                                                      0.000     0.000 r  aclk (IN)
                         net (fo=790, unset)          0.973     0.973    u_tile_axi_16/aclk
    SLICE_X37Y84         FDCE                                         r  u_tile_axi_16/awaddr_r_reg[5]/C
  -------------------------------------------------------------------    -------------------
    SLICE_X37Y84         FDCE (Prop_fdce_C_Q)         0.456     1.429 r  u_tile_axi_16/awaddr_r_reg[5]/Q
                         net (fo=2, routed)           1.002     2.431    u_tile_axi_16/u_tile_core/u_datapath/gen_acc_bank[0].u_acc/state_r[1]_i_2_0[3]
    SLICE_X38Y84         LUT4 (Prop_lut4_I2_O)        0.152     2.583 r  u_tile_axi_16/u_tile_core/u_datapath/gen_acc_bank[0].u_acc/FSM_onehot_state_r[7]_i_6/O
                         net (fo=2, routed)           0.746     3.329    u_tile_axi_16/u_tile_core/u_datapath/gen_acc_bank[0].u_acc/s_axi_awvalid_1
    SLICE_X38Y83         LUT5 (Prop_lut5_I0_O)        0.348     3.677 r  u_tile_axi_16/u_tile_core/u_datapath/gen_acc_bank[0].u_acc/FSM_onehot_state_r[7]_i_5/O
                         net (fo=40, routed)          0.733     4.409    u_tile_axi_16/u_tile_core/u_datapath/gen_acc_bank[0].u_acc/s_axi_awvalid_0
    SLICE_X36Y82         LUT2 (Prop_lut2_I1_O)        0.124     4.533 f  u_tile_axi_16/u_tile_core/u_datapath/gen_acc_bank[0].u_acc/FSM_onehot_state_r[7]_i_2/O
                         net (fo=464, routed)         2.048     6.581    u_tile_axi_16/u_tile_core/u_window_generator/window_r_reg[0]_0
    SLICE_X31Y69         FDCE                                         f  u_tile_axi_16/u_tile_core/u_window_generator/window_r_reg[3]/CLR
  -------------------------------------------------------------------    -------------------

                         (clock aclk rise edge)      10.000    10.000 r  
                                                      0.000    10.000 r  aclk (IN)
                         net (fo=790, unset)          0.924    10.924    u_tile_axi_16/u_tile_core/u_window_generator/aclk
    SLICE_X31Y69         FDCE                                         r  u_tile_axi_16/u_tile_core/u_window_generator/window_r_reg[3]/C
                         clock pessimism              0.000    10.924    
                         clock uncertainty           -0.235    10.689    
    SLICE_X31Y69         FDCE (Recov_fdce_C_CLR)     -0.405    10.284    u_tile_axi_16/u_tile_core/u_window_generator/window_r_reg[3]
  -------------------------------------------------------------------
                         required time                         10.284    
                         arrival time                          -6.581    
  -------------------------------------------------------------------
                         slack                                  3.703    

Slack (MET) :             3.722ns  (required time - arrival time)
  Source:                 u_tile_axi_16/awaddr_r_reg[5]/C
                            (rising edge-triggered cell FDCE clocked by aclk  {rise@0.000ns fall@5.000ns period=10.000ns})
  Destination:            u_tile_axi_16/u_tile_core/u_datapath/mul_stage_r_reg[1][3]/CLR
                            (recovery check against rising-edge clock aclk  {rise@0.000ns fall@5.000ns period=10.000ns})
  Path Group:             **async_default**
  Path Type:              Recovery (Max at Slow Process Corner)
  Requirement:            10.000ns  (aclk rise@10.000ns - aclk rise@0.000ns)
  Data Path Delay:        5.589ns  (logic 1.080ns (19.322%)  route 4.509ns (80.678%))
  Logic Levels:           3  (LUT2=1 LUT4=1 LUT5=1)
  Clock Path Skew:        -0.049ns (DCD - SCD + CPR)
    Destination Clock Delay (DCD):    0.924ns = ( 10.924 - 10.000 ) 
    Source Clock Delay      (SCD):    0.973ns
    Clock Pessimism Removal (CPR):    0.000ns
  Clock Uncertainty:      0.235ns  ((TSJ^2 + TIJ^2)^1/2 + DJ) / 2 + PE + UU
    Total System Jitter     (TSJ):    0.071ns
    Total Input Jitter      (TIJ):    0.000ns
    Discrete Jitter          (DJ):    0.000ns
    Phase Error              (PE):    0.000ns
    User Uncertainty         (UU):    0.200ns

    Location             Delay type                Incr(ns)  Path(ns)    Netlist Resource(s)
  -------------------------------------------------------------------    -------------------
                         (clock aclk rise edge)       0.000     0.000 r  
                                                      0.000     0.000 r  aclk (IN)
                         net (fo=790, unset)          0.973     0.973    u_tile_axi_16/aclk
    SLICE_X37Y84         FDCE                                         r  u_tile_axi_16/awaddr_r_reg[5]/C
  -------------------------------------------------------------------    -------------------
    SLICE_X37Y84         FDCE (Prop_fdce_C_Q)         0.456     1.429 r  u_tile_axi_16/awaddr_r_reg[5]/Q
                         net (fo=2, routed)           1.002     2.431    u_tile_axi_16/u_tile_core/u_datapath/gen_acc_bank[0].u_acc/state_r[1]_i_2_0[3]
    SLICE_X38Y84         LUT4 (Prop_lut4_I2_O)        0.152     2.583 r  u_tile_axi_16/u_tile_core/u_datapath/gen_acc_bank[0].u_acc/FSM_onehot_state_r[7]_i_6/O
                         net (fo=2, routed)           0.746     3.329    u_tile_axi_16/u_tile_core/u_datapath/gen_acc_bank[0].u_acc/s_axi_awvalid_1
    SLICE_X38Y83         LUT5 (Prop_lut5_I0_O)        0.348     3.677 r  u_tile_axi_16/u_tile_core/u_datapath/gen_acc_bank[0].u_acc/FSM_onehot_state_r[7]_i_5/O
                         net (fo=40, routed)          0.733     4.409    u_tile_axi_16/u_tile_core/u_datapath/gen_acc_bank[0].u_acc/s_axi_awvalid_0
    SLICE_X36Y82         LUT2 (Prop_lut2_I1_O)        0.124     4.533 f  u_tile_axi_16/u_tile_core/u_datapath/gen_acc_bank[0].u_acc/FSM_onehot_state_r[7]_i_2/O
                         net (fo=464, routed)         2.029     6.562    u_tile_axi_16/u_tile_core/u_datapath/aresetn_0
    SLICE_X35Y63         FDCE                                         f  u_tile_axi_16/u_tile_core/u_datapath/mul_stage_r_reg[1][3]/CLR
  -------------------------------------------------------------------    -------------------

                         (clock aclk rise edge)      10.000    10.000 r  
                                                      0.000    10.000 r  aclk (IN)
                         net (fo=790, unset)          0.924    10.924    u_tile_axi_16/u_tile_core/u_datapath/aclk
    SLICE_X35Y63         FDCE                                         r  u_tile_axi_16/u_tile_core/u_datapath/mul_stage_r_reg[1][3]/C
                         clock pessimism              0.000    10.924    
                         clock uncertainty           -0.235    10.689    
    SLICE_X35Y63         FDCE (Recov_fdce_C_CLR)     -0.405    10.284    u_tile_axi_16/u_tile_core/u_datapath/mul_stage_r_reg[1][3]
  -------------------------------------------------------------------
                         required time                         10.284    
                         arrival time                          -6.562    
  -------------------------------------------------------------------
                         slack                                  3.722    

Slack (MET) :             3.768ns  (required time - arrival time)
  Source:                 u_tile_axi_16/awaddr_r_reg[5]/C
                            (rising edge-triggered cell FDCE clocked by aclk  {rise@0.000ns fall@5.000ns period=10.000ns})
  Destination:            u_tile_axi_16/u_tile_core/u_datapath/mul_stage_r_reg[1][12]/CLR
                            (recovery check against rising-edge clock aclk  {rise@0.000ns fall@5.000ns period=10.000ns})
  Path Group:             **async_default**
  Path Type:              Recovery (Max at Slow Process Corner)
  Requirement:            10.000ns  (aclk rise@10.000ns - aclk rise@0.000ns)
  Data Path Delay:        5.543ns  (logic 1.080ns (19.485%)  route 4.463ns (80.515%))
  Logic Levels:           3  (LUT2=1 LUT4=1 LUT5=1)
  Clock Path Skew:        -0.049ns (DCD - SCD + CPR)
    Destination Clock Delay (DCD):    0.924ns = ( 10.924 - 10.000 ) 
    Source Clock Delay      (SCD):    0.973ns
    Clock Pessimism Removal (CPR):    0.000ns
  Clock Uncertainty:      0.235ns  ((TSJ^2 + TIJ^2)^1/2 + DJ) / 2 + PE + UU
    Total System Jitter     (TSJ):    0.071ns
    Total Input Jitter      (TIJ):    0.000ns
    Discrete Jitter          (DJ):    0.000ns
    Phase Error              (PE):    0.000ns
    User Uncertainty         (UU):    0.200ns

    Location             Delay type                Incr(ns)  Path(ns)    Netlist Resource(s)
  -------------------------------------------------------------------    -------------------
                         (clock aclk rise edge)       0.000     0.000 r  
                                                      0.000     0.000 r  aclk (IN)
                         net (fo=790, unset)          0.973     0.973    u_tile_axi_16/aclk
    SLICE_X37Y84         FDCE                                         r  u_tile_axi_16/awaddr_r_reg[5]/C
  -------------------------------------------------------------------    -------------------
    SLICE_X37Y84         FDCE (Prop_fdce_C_Q)         0.456     1.429 r  u_tile_axi_16/awaddr_r_reg[5]/Q
                         net (fo=2, routed)           1.002     2.431    u_tile_axi_16/u_tile_core/u_datapath/gen_acc_bank[0].u_acc/state_r[1]_i_2_0[3]
    SLICE_X38Y84         LUT4 (Prop_lut4_I2_O)        0.152     2.583 r  u_tile_axi_16/u_tile_core/u_datapath/gen_acc_bank[0].u_acc/FSM_onehot_state_r[7]_i_6/O
                         net (fo=2, routed)           0.746     3.329    u_tile_axi_16/u_tile_core/u_datapath/gen_acc_bank[0].u_acc/s_axi_awvalid_1
    SLICE_X38Y83         LUT5 (Prop_lut5_I0_O)        0.348     3.677 r  u_tile_axi_16/u_tile_core/u_datapath/gen_acc_bank[0].u_acc/FSM_onehot_state_r[7]_i_5/O
                         net (fo=40, routed)          0.733     4.409    u_tile_axi_16/u_tile_core/u_datapath/gen_acc_bank[0].u_acc/s_axi_awvalid_0
    SLICE_X36Y82         LUT2 (Prop_lut2_I1_O)        0.124     4.533 f  u_tile_axi_16/u_tile_core/u_datapath/gen_acc_bank[0].u_acc/FSM_onehot_state_r[7]_i_2/O
                         net (fo=464, routed)         1.982     6.516    u_tile_axi_16/u_tile_core/u_datapath/aresetn_0
    SLICE_X33Y66         FDCE                                         f  u_tile_axi_16/u_tile_core/u_datapath/mul_stage_r_reg[1][12]/CLR
  -------------------------------------------------------------------    -------------------

                         (clock aclk rise edge)      10.000    10.000 r  
                                                      0.000    10.000 r  aclk (IN)
                         net (fo=790, unset)          0.924    10.924    u_tile_axi_16/u_tile_core/u_datapath/aclk
    SLICE_X33Y66         FDCE                                         r  u_tile_axi_16/u_tile_core/u_datapath/mul_stage_r_reg[1][12]/C
                         clock pessimism              0.000    10.924    
                         clock uncertainty           -0.235    10.689    
    SLICE_X33Y66         FDCE (Recov_fdce_C_CLR)     -0.405    10.284    u_tile_axi_16/u_tile_core/u_datapath/mul_stage_r_reg[1][12]
  -------------------------------------------------------------------
                         required time                         10.284    
                         arrival time                          -6.516    
  -------------------------------------------------------------------
                         slack                                  3.768    

Slack (MET) :             3.768ns  (required time - arrival time)
  Source:                 u_tile_axi_16/awaddr_r_reg[5]/C
                            (rising edge-triggered cell FDCE clocked by aclk  {rise@0.000ns fall@5.000ns period=10.000ns})
  Destination:            u_tile_axi_16/u_tile_core/u_datapath/mul_stage_r_reg[1][13]/CLR
                            (recovery check against rising-edge clock aclk  {rise@0.000ns fall@5.000ns period=10.000ns})
  Path Group:             **async_default**
  Path Type:              Recovery (Max at Slow Process Corner)
  Requirement:            10.000ns  (aclk rise@10.000ns - aclk rise@0.000ns)
  Data Path Delay:        5.543ns  (logic 1.080ns (19.485%)  route 4.463ns (80.515%))
  Logic Levels:           3  (LUT2=1 LUT4=1 LUT5=1)
  Clock Path Skew:        -0.049ns (DCD - SCD + CPR)
    Destination Clock Delay (DCD):    0.924ns = ( 10.924 - 10.000 ) 
    Source Clock Delay      (SCD):    0.973ns
    Clock Pessimism Removal (CPR):    0.000ns
  Clock Uncertainty:      0.235ns  ((TSJ^2 + TIJ^2)^1/2 + DJ) / 2 + PE + UU
    Total System Jitter     (TSJ):    0.071ns
    Total Input Jitter      (TIJ):    0.000ns
    Discrete Jitter          (DJ):    0.000ns
    Phase Error              (PE):    0.000ns
    User Uncertainty         (UU):    0.200ns

    Location             Delay type                Incr(ns)  Path(ns)    Netlist Resource(s)
  -------------------------------------------------------------------    -------------------
                         (clock aclk rise edge)       0.000     0.000 r  
                                                      0.000     0.000 r  aclk (IN)
                         net (fo=790, unset)          0.973     0.973    u_tile_axi_16/aclk
    SLICE_X37Y84         FDCE                                         r  u_tile_axi_16/awaddr_r_reg[5]/C
  -------------------------------------------------------------------    -------------------
    SLICE_X37Y84         FDCE (Prop_fdce_C_Q)         0.456     1.429 r  u_tile_axi_16/awaddr_r_reg[5]/Q
                         net (fo=2, routed)           1.002     2.431    u_tile_axi_16/u_tile_core/u_datapath/gen_acc_bank[0].u_acc/state_r[1]_i_2_0[3]
    SLICE_X38Y84         LUT4 (Prop_lut4_I2_O)        0.152     2.583 r  u_tile_axi_16/u_tile_core/u_datapath/gen_acc_bank[0].u_acc/FSM_onehot_state_r[7]_i_6/O
                         net (fo=2, routed)           0.746     3.329    u_tile_axi_16/u_tile_core/u_datapath/gen_acc_bank[0].u_acc/s_axi_awvalid_1
    SLICE_X38Y83         LUT5 (Prop_lut5_I0_O)        0.348     3.677 r  u_tile_axi_16/u_tile_core/u_datapath/gen_acc_bank[0].u_acc/FSM_onehot_state_r[7]_i_5/O
                         net (fo=40, routed)          0.733     4.409    u_tile_axi_16/u_tile_core/u_datapath/gen_acc_bank[0].u_acc/s_axi_awvalid_0
    SLICE_X36Y82         LUT2 (Prop_lut2_I1_O)        0.124     4.533 f  u_tile_axi_16/u_tile_core/u_datapath/gen_acc_bank[0].u_acc/FSM_onehot_state_r[7]_i_2/O
                         net (fo=464, routed)         1.982     6.516    u_tile_axi_16/u_tile_core/u_datapath/aresetn_0
    SLICE_X33Y66         FDCE                                         f  u_tile_axi_16/u_tile_core/u_datapath/mul_stage_r_reg[1][13]/CLR
  -------------------------------------------------------------------    -------------------

                         (clock aclk rise edge)      10.000    10.000 r  
                                                      0.000    10.000 r  aclk (IN)
                         net (fo=790, unset)          0.924    10.924    u_tile_axi_16/u_tile_core/u_datapath/aclk
    SLICE_X33Y66         FDCE                                         r  u_tile_axi_16/u_tile_core/u_datapath/mul_stage_r_reg[1][13]/C
                         clock pessimism              0.000    10.924    
                         clock uncertainty           -0.235    10.689    
    SLICE_X33Y66         FDCE (Recov_fdce_C_CLR)     -0.405    10.284    u_tile_axi_16/u_tile_core/u_datapath/mul_stage_r_reg[1][13]
  -------------------------------------------------------------------
                         required time                         10.284    
                         arrival time                          -6.516    
  -------------------------------------------------------------------
                         slack                                  3.768    

Slack (MET) :             3.768ns  (required time - arrival time)
  Source:                 u_tile_axi_16/awaddr_r_reg[5]/C
                            (rising edge-triggered cell FDCE clocked by aclk  {rise@0.000ns fall@5.000ns period=10.000ns})
  Destination:            u_tile_axi_16/u_tile_core/u_datapath/mul_stage_r_reg[1][14]/CLR
                            (recovery check against rising-edge clock aclk  {rise@0.000ns fall@5.000ns period=10.000ns})
  Path Group:             **async_default**
  Path Type:              Recovery (Max at Slow Process Corner)
  Requirement:            10.000ns  (aclk rise@10.000ns - aclk rise@0.000ns)
  Data Path Delay:        5.543ns  (logic 1.080ns (19.485%)  route 4.463ns (80.515%))
  Logic Levels:           3  (LUT2=1 LUT4=1 LUT5=1)
  Clock Path Skew:        -0.049ns (DCD - SCD + CPR)
    Destination Clock Delay (DCD):    0.924ns = ( 10.924 - 10.000 ) 
    Source Clock Delay      (SCD):    0.973ns
    Clock Pessimism Removal (CPR):    0.000ns
  Clock Uncertainty:      0.235ns  ((TSJ^2 + TIJ^2)^1/2 + DJ) / 2 + PE + UU
    Total System Jitter     (TSJ):    0.071ns
    Total Input Jitter      (TIJ):    0.000ns
    Discrete Jitter          (DJ):    0.000ns
    Phase Error              (PE):    0.000ns
    User Uncertainty         (UU):    0.200ns

    Location             Delay type                Incr(ns)  Path(ns)    Netlist Resource(s)
  -------------------------------------------------------------------    -------------------
                         (clock aclk rise edge)       0.000     0.000 r  
                                                      0.000     0.000 r  aclk (IN)
                         net (fo=790, unset)          0.973     0.973    u_tile_axi_16/aclk
    SLICE_X37Y84         FDCE                                         r  u_tile_axi_16/awaddr_r_reg[5]/C
  -------------------------------------------------------------------    -------------------
    SLICE_X37Y84         FDCE (Prop_fdce_C_Q)         0.456     1.429 r  u_tile_axi_16/awaddr_r_reg[5]/Q
                         net (fo=2, routed)           1.002     2.431    u_tile_axi_16/u_tile_core/u_datapath/gen_acc_bank[0].u_acc/state_r[1]_i_2_0[3]
    SLICE_X38Y84         LUT4 (Prop_lut4_I2_O)        0.152     2.583 r  u_tile_axi_16/u_tile_core/u_datapath/gen_acc_bank[0].u_acc/FSM_onehot_state_r[7]_i_6/O
                         net (fo=2, routed)           0.746     3.329    u_tile_axi_16/u_tile_core/u_datapath/gen_acc_bank[0].u_acc/s_axi_awvalid_1
    SLICE_X38Y83         LUT5 (Prop_lut5_I0_O)        0.348     3.677 r  u_tile_axi_16/u_tile_core/u_datapath/gen_acc_bank[0].u_acc/FSM_onehot_state_r[7]_i_5/O
                         net (fo=40, routed)          0.733     4.409    u_tile_axi_16/u_tile_core/u_datapath/gen_acc_bank[0].u_acc/s_axi_awvalid_0
    SLICE_X36Y82         LUT2 (Prop_lut2_I1_O)        0.124     4.533 f  u_tile_axi_16/u_tile_core/u_datapath/gen_acc_bank[0].u_acc/FSM_onehot_state_r[7]_i_2/O
                         net (fo=464, routed)         1.982     6.516    u_tile_axi_16/u_tile_core/u_datapath/aresetn_0
    SLICE_X33Y66         FDCE                                         f  u_tile_axi_16/u_tile_core/u_datapath/mul_stage_r_reg[1][14]/CLR
  -------------------------------------------------------------------    -------------------

                         (clock aclk rise edge)      10.000    10.000 r  
                                                      0.000    10.000 r  aclk (IN)
                         net (fo=790, unset)          0.924    10.924    u_tile_axi_16/u_tile_core/u_datapath/aclk
    SLICE_X33Y66         FDCE                                         r  u_tile_axi_16/u_tile_core/u_datapath/mul_stage_r_reg[1][14]/C
                         clock pessimism              0.000    10.924    
                         clock uncertainty           -0.235    10.689    
    SLICE_X33Y66         FDCE (Recov_fdce_C_CLR)     -0.405    10.284    u_tile_axi_16/u_tile_core/u_datapath/mul_stage_r_reg[1][14]
  -------------------------------------------------------------------
                         required time                         10.284    
                         arrival time                          -6.516    
  -------------------------------------------------------------------
                         slack                                  3.768    

Slack (MET) :             3.768ns  (required time - arrival time)
  Source:                 u_tile_axi_16/awaddr_r_reg[5]/C
                            (rising edge-triggered cell FDCE clocked by aclk  {rise@0.000ns fall@5.000ns period=10.000ns})
  Destination:            u_tile_axi_16/u_tile_core/u_datapath/mul_stage_r_reg[1][15]/CLR
                            (recovery check against rising-edge clock aclk  {rise@0.000ns fall@5.000ns period=10.000ns})
  Path Group:             **async_default**
  Path Type:              Recovery (Max at Slow Process Corner)
  Requirement:            10.000ns  (aclk rise@10.000ns - aclk rise@0.000ns)
  Data Path Delay:        5.543ns  (logic 1.080ns (19.485%)  route 4.463ns (80.515%))
  Logic Levels:           3  (LUT2=1 LUT4=1 LUT5=1)
  Clock Path Skew:        -0.049ns (DCD - SCD + CPR)
    Destination Clock Delay (DCD):    0.924ns = ( 10.924 - 10.000 ) 
    Source Clock Delay      (SCD):    0.973ns
    Clock Pessimism Removal (CPR):    0.000ns
  Clock Uncertainty:      0.235ns  ((TSJ^2 + TIJ^2)^1/2 + DJ) / 2 + PE + UU
    Total System Jitter     (TSJ):    0.071ns
    Total Input Jitter      (TIJ):    0.000ns
    Discrete Jitter          (DJ):    0.000ns
    Phase Error              (PE):    0.000ns
    User Uncertainty         (UU):    0.200ns

    Location             Delay type                Incr(ns)  Path(ns)    Netlist Resource(s)
  -------------------------------------------------------------------    -------------------
                         (clock aclk rise edge)       0.000     0.000 r  
                                                      0.000     0.000 r  aclk (IN)
                         net (fo=790, unset)          0.973     0.973    u_tile_axi_16/aclk
    SLICE_X37Y84         FDCE                                         r  u_tile_axi_16/awaddr_r_reg[5]/C
  -------------------------------------------------------------------    -------------------
    SLICE_X37Y84         FDCE (Prop_fdce_C_Q)         0.456     1.429 r  u_tile_axi_16/awaddr_r_reg[5]/Q
                         net (fo=2, routed)           1.002     2.431    u_tile_axi_16/u_tile_core/u_datapath/gen_acc_bank[0].u_acc/state_r[1]_i_2_0[3]
    SLICE_X38Y84         LUT4 (Prop_lut4_I2_O)        0.152     2.583 r  u_tile_axi_16/u_tile_core/u_datapath/gen_acc_bank[0].u_acc/FSM_onehot_state_r[7]_i_6/O
                         net (fo=2, routed)           0.746     3.329    u_tile_axi_16/u_tile_core/u_datapath/gen_acc_bank[0].u_acc/s_axi_awvalid_1
    SLICE_X38Y83         LUT5 (Prop_lut5_I0_O)        0.348     3.677 r  u_tile_axi_16/u_tile_core/u_datapath/gen_acc_bank[0].u_acc/FSM_onehot_state_r[7]_i_5/O
                         net (fo=40, routed)          0.733     4.409    u_tile_axi_16/u_tile_core/u_datapath/gen_acc_bank[0].u_acc/s_axi_awvalid_0
    SLICE_X36Y82         LUT2 (Prop_lut2_I1_O)        0.124     4.533 f  u_tile_axi_16/u_tile_core/u_datapath/gen_acc_bank[0].u_acc/FSM_onehot_state_r[7]_i_2/O
                         net (fo=464, routed)         1.982     6.516    u_tile_axi_16/u_tile_core/u_datapath/aresetn_0
    SLICE_X33Y66         FDCE                                         f  u_tile_axi_16/u_tile_core/u_datapath/mul_stage_r_reg[1][15]/CLR
  -------------------------------------------------------------------    -------------------

                         (clock aclk rise edge)      10.000    10.000 r  
                                                      0.000    10.000 r  aclk (IN)
                         net (fo=790, unset)          0.924    10.924    u_tile_axi_16/u_tile_core/u_datapath/aclk
    SLICE_X33Y66         FDCE                                         r  u_tile_axi_16/u_tile_core/u_datapath/mul_stage_r_reg[1][15]/C
                         clock pessimism              0.000    10.924    
                         clock uncertainty           -0.235    10.689    
    SLICE_X33Y66         FDCE (Recov_fdce_C_CLR)     -0.405    10.284    u_tile_axi_16/u_tile_core/u_datapath/mul_stage_r_reg[1][15]
  -------------------------------------------------------------------
                         required time                         10.284    
                         arrival time                          -6.516    
  -------------------------------------------------------------------
                         slack                                  3.768    

Slack (MET) :             3.782ns  (required time - arrival time)
  Source:                 u_tile_axi_16/awaddr_r_reg[5]/C
                            (rising edge-triggered cell FDCE clocked by aclk  {rise@0.000ns fall@5.000ns period=10.000ns})
  Destination:            u_tile_axi_16/u_tile_core/u_datapath/mul_stage_r_reg[0][4]/CLR
                            (recovery check against rising-edge clock aclk  {rise@0.000ns fall@5.000ns period=10.000ns})
  Path Group:             **async_default**
  Path Type:              Recovery (Max at Slow Process Corner)
  Requirement:            10.000ns  (aclk rise@10.000ns - aclk rise@0.000ns)
  Data Path Delay:        5.615ns  (logic 1.080ns (19.235%)  route 4.535ns (80.765%))
  Logic Levels:           3  (LUT2=1 LUT4=1 LUT5=1)
  Clock Path Skew:        -0.049ns (DCD - SCD + CPR)
    Destination Clock Delay (DCD):    0.924ns = ( 10.924 - 10.000 ) 
    Source Clock Delay      (SCD):    0.973ns
    Clock Pessimism Removal (CPR):    0.000ns
  Clock Uncertainty:      0.235ns  ((TSJ^2 + TIJ^2)^1/2 + DJ) / 2 + PE + UU
    Total System Jitter     (TSJ):    0.071ns
    Total Input Jitter      (TIJ):    0.000ns
    Discrete Jitter          (DJ):    0.000ns
    Phase Error              (PE):    0.000ns
    User Uncertainty         (UU):    0.200ns

    Location             Delay type                Incr(ns)  Path(ns)    Netlist Resource(s)
  -------------------------------------------------------------------    -------------------
                         (clock aclk rise edge)       0.000     0.000 r  
                                                      0.000     0.000 r  aclk (IN)
                         net (fo=790, unset)          0.973     0.973    u_tile_axi_16/aclk
    SLICE_X37Y84         FDCE                                         r  u_tile_axi_16/awaddr_r_reg[5]/C
  -------------------------------------------------------------------    -------------------
    SLICE_X37Y84         FDCE (Prop_fdce_C_Q)         0.456     1.429 r  u_tile_axi_16/awaddr_r_reg[5]/Q
                         net (fo=2, routed)           1.002     2.431    u_tile_axi_16/u_tile_core/u_datapath/gen_acc_bank[0].u_acc/state_r[1]_i_2_0[3]
    SLICE_X38Y84         LUT4 (Prop_lut4_I2_O)        0.152     2.583 r  u_tile_axi_16/u_tile_core/u_datapath/gen_acc_bank[0].u_acc/FSM_onehot_state_r[7]_i_6/O
                         net (fo=2, routed)           0.746     3.329    u_tile_axi_16/u_tile_core/u_datapath/gen_acc_bank[0].u_acc/s_axi_awvalid_1
    SLICE_X38Y83         LUT5 (Prop_lut5_I0_O)        0.348     3.677 r  u_tile_axi_16/u_tile_core/u_datapath/gen_acc_bank[0].u_acc/FSM_onehot_state_r[7]_i_5/O
                         net (fo=40, routed)          0.733     4.409    u_tile_axi_16/u_tile_core/u_datapath/gen_acc_bank[0].u_acc/s_axi_awvalid_0
    SLICE_X36Y82         LUT2 (Prop_lut2_I1_O)        0.124     4.533 f  u_tile_axi_16/u_tile_core/u_datapath/gen_acc_bank[0].u_acc/FSM_onehot_state_r[7]_i_2/O
                         net (fo=464, routed)         2.054     6.588    u_tile_axi_16/u_tile_core/u_datapath/aresetn_0
    SLICE_X30Y68         FDCE                                         f  u_tile_axi_16/u_tile_core/u_datapath/mul_stage_r_reg[0][4]/CLR
  -------------------------------------------------------------------    -------------------

                         (clock aclk rise edge)      10.000    10.000 r  
                                                      0.000    10.000 r  aclk (IN)
                         net (fo=790, unset)          0.924    10.924    u_tile_axi_16/u_tile_core/u_datapath/aclk
    SLICE_X30Y68         FDCE                                         r  u_tile_axi_16/u_tile_core/u_datapath/mul_stage_r_reg[0][4]/C
                         clock pessimism              0.000    10.924    
                         clock uncertainty           -0.235    10.689    
    SLICE_X30Y68         FDCE (Recov_fdce_C_CLR)     -0.319    10.370    u_tile_axi_16/u_tile_core/u_datapath/mul_stage_r_reg[0][4]
  -------------------------------------------------------------------
                         required time                         10.370    
                         arrival time                          -6.588    
  -------------------------------------------------------------------
                         slack                                  3.782    

Slack (MET) :             3.782ns  (required time - arrival time)
  Source:                 u_tile_axi_16/awaddr_r_reg[5]/C
                            (rising edge-triggered cell FDCE clocked by aclk  {rise@0.000ns fall@5.000ns period=10.000ns})
  Destination:            u_tile_axi_16/u_tile_core/u_datapath/mul_stage_r_reg[0][5]/CLR
                            (recovery check against rising-edge clock aclk  {rise@0.000ns fall@5.000ns period=10.000ns})
  Path Group:             **async_default**
  Path Type:              Recovery (Max at Slow Process Corner)
  Requirement:            10.000ns  (aclk rise@10.000ns - aclk rise@0.000ns)
  Data Path Delay:        5.615ns  (logic 1.080ns (19.235%)  route 4.535ns (80.765%))
  Logic Levels:           3  (LUT2=1 LUT4=1 LUT5=1)
  Clock Path Skew:        -0.049ns (DCD - SCD + CPR)
    Destination Clock Delay (DCD):    0.924ns = ( 10.924 - 10.000 ) 
    Source Clock Delay      (SCD):    0.973ns
    Clock Pessimism Removal (CPR):    0.000ns
  Clock Uncertainty:      0.235ns  ((TSJ^2 + TIJ^2)^1/2 + DJ) / 2 + PE + UU
    Total System Jitter     (TSJ):    0.071ns
    Total Input Jitter      (TIJ):    0.000ns
    Discrete Jitter          (DJ):    0.000ns
    Phase Error              (PE):    0.000ns
    User Uncertainty         (UU):    0.200ns

    Location             Delay type                Incr(ns)  Path(ns)    Netlist Resource(s)
  -------------------------------------------------------------------    -------------------
                         (clock aclk rise edge)       0.000     0.000 r  
                                                      0.000     0.000 r  aclk (IN)
                         net (fo=790, unset)          0.973     0.973    u_tile_axi_16/aclk
    SLICE_X37Y84         FDCE                                         r  u_tile_axi_16/awaddr_r_reg[5]/C
  -------------------------------------------------------------------    -------------------
    SLICE_X37Y84         FDCE (Prop_fdce_C_Q)         0.456     1.429 r  u_tile_axi_16/awaddr_r_reg[5]/Q
                         net (fo=2, routed)           1.002     2.431    u_tile_axi_16/u_tile_core/u_datapath/gen_acc_bank[0].u_acc/state_r[1]_i_2_0[3]
    SLICE_X38Y84         LUT4 (Prop_lut4_I2_O)        0.152     2.583 r  u_tile_axi_16/u_tile_core/u_datapath/gen_acc_bank[0].u_acc/FSM_onehot_state_r[7]_i_6/O
                         net (fo=2, routed)           0.746     3.329    u_tile_axi_16/u_tile_core/u_datapath/gen_acc_bank[0].u_acc/s_axi_awvalid_1
    SLICE_X38Y83         LUT5 (Prop_lut5_I0_O)        0.348     3.677 r  u_tile_axi_16/u_tile_core/u_datapath/gen_acc_bank[0].u_acc/FSM_onehot_state_r[7]_i_5/O
                         net (fo=40, routed)          0.733     4.409    u_tile_axi_16/u_tile_core/u_datapath/gen_acc_bank[0].u_acc/s_axi_awvalid_0
    SLICE_X36Y82         LUT2 (Prop_lut2_I1_O)        0.124     4.533 f  u_tile_axi_16/u_tile_core/u_datapath/gen_acc_bank[0].u_acc/FSM_onehot_state_r[7]_i_2/O
                         net (fo=464, routed)         2.054     6.588    u_tile_axi_16/u_tile_core/u_datapath/aresetn_0
    SLICE_X30Y68         FDCE                                         f  u_tile_axi_16/u_tile_core/u_datapath/mul_stage_r_reg[0][5]/CLR
  -------------------------------------------------------------------    -------------------

                         (clock aclk rise edge)      10.000    10.000 r  
                                                      0.000    10.000 r  aclk (IN)
                         net (fo=790, unset)          0.924    10.924    u_tile_axi_16/u_tile_core/u_datapath/aclk
    SLICE_X30Y68         FDCE                                         r  u_tile_axi_16/u_tile_core/u_datapath/mul_stage_r_reg[0][5]/C
                         clock pessimism              0.000    10.924    
                         clock uncertainty           -0.235    10.689    
    SLICE_X30Y68         FDCE (Recov_fdce_C_CLR)     -0.319    10.370    u_tile_axi_16/u_tile_core/u_datapath/mul_stage_r_reg[0][5]
  -------------------------------------------------------------------
                         required time                         10.370    
                         arrival time                          -6.588    
  -------------------------------------------------------------------
                         slack                                  3.782    

Slack (MET) :             3.782ns  (required time - arrival time)
  Source:                 u_tile_axi_16/awaddr_r_reg[5]/C
                            (rising edge-triggered cell FDCE clocked by aclk  {rise@0.000ns fall@5.000ns period=10.000ns})
  Destination:            u_tile_axi_16/u_tile_core/u_datapath/mul_stage_r_reg[0][6]/CLR
                            (recovery check against rising-edge clock aclk  {rise@0.000ns fall@5.000ns period=10.000ns})
  Path Group:             **async_default**
  Path Type:              Recovery (Max at Slow Process Corner)
  Requirement:            10.000ns  (aclk rise@10.000ns - aclk rise@0.000ns)
  Data Path Delay:        5.615ns  (logic 1.080ns (19.235%)  route 4.535ns (80.765%))
  Logic Levels:           3  (LUT2=1 LUT4=1 LUT5=1)
  Clock Path Skew:        -0.049ns (DCD - SCD + CPR)
    Destination Clock Delay (DCD):    0.924ns = ( 10.924 - 10.000 ) 
    Source Clock Delay      (SCD):    0.973ns
    Clock Pessimism Removal (CPR):    0.000ns
  Clock Uncertainty:      0.235ns  ((TSJ^2 + TIJ^2)^1/2 + DJ) / 2 + PE + UU
    Total System Jitter     (TSJ):    0.071ns
    Total Input Jitter      (TIJ):    0.000ns
    Discrete Jitter          (DJ):    0.000ns
    Phase Error              (PE):    0.000ns
    User Uncertainty         (UU):    0.200ns

    Location             Delay type                Incr(ns)  Path(ns)    Netlist Resource(s)
  -------------------------------------------------------------------    -------------------
                         (clock aclk rise edge)       0.000     0.000 r  
                                                      0.000     0.000 r  aclk (IN)
                         net (fo=790, unset)          0.973     0.973    u_tile_axi_16/aclk
    SLICE_X37Y84         FDCE                                         r  u_tile_axi_16/awaddr_r_reg[5]/C
  -------------------------------------------------------------------    -------------------
    SLICE_X37Y84         FDCE (Prop_fdce_C_Q)         0.456     1.429 r  u_tile_axi_16/awaddr_r_reg[5]/Q
                         net (fo=2, routed)           1.002     2.431    u_tile_axi_16/u_tile_core/u_datapath/gen_acc_bank[0].u_acc/state_r[1]_i_2_0[3]
    SLICE_X38Y84         LUT4 (Prop_lut4_I2_O)        0.152     2.583 r  u_tile_axi_16/u_tile_core/u_datapath/gen_acc_bank[0].u_acc/FSM_onehot_state_r[7]_i_6/O
                         net (fo=2, routed)           0.746     3.329    u_tile_axi_16/u_tile_core/u_datapath/gen_acc_bank[0].u_acc/s_axi_awvalid_1
    SLICE_X38Y83         LUT5 (Prop_lut5_I0_O)        0.348     3.677 r  u_tile_axi_16/u_tile_core/u_datapath/gen_acc_bank[0].u_acc/FSM_onehot_state_r[7]_i_5/O
                         net (fo=40, routed)          0.733     4.409    u_tile_axi_16/u_tile_core/u_datapath/gen_acc_bank[0].u_acc/s_axi_awvalid_0
    SLICE_X36Y82         LUT2 (Prop_lut2_I1_O)        0.124     4.533 f  u_tile_axi_16/u_tile_core/u_datapath/gen_acc_bank[0].u_acc/FSM_onehot_state_r[7]_i_2/O
                         net (fo=464, routed)         2.054     6.588    u_tile_axi_16/u_tile_core/u_datapath/aresetn_0
    SLICE_X30Y68         FDCE                                         f  u_tile_axi_16/u_tile_core/u_datapath/mul_stage_r_reg[0][6]/CLR
  -------------------------------------------------------------------    -------------------

                         (clock aclk rise edge)      10.000    10.000 r  
                                                      0.000    10.000 r  aclk (IN)
                         net (fo=790, unset)          0.924    10.924    u_tile_axi_16/u_tile_core/u_datapath/aclk
    SLICE_X30Y68         FDCE                                         r  u_tile_axi_16/u_tile_core/u_datapath/mul_stage_r_reg[0][6]/C
                         clock pessimism              0.000    10.924    
                         clock uncertainty           -0.235    10.689    
    SLICE_X30Y68         FDCE (Recov_fdce_C_CLR)     -0.319    10.370    u_tile_axi_16/u_tile_core/u_datapath/mul_stage_r_reg[0][6]
  -------------------------------------------------------------------
                         required time                         10.370    
                         arrival time                          -6.588    
  -------------------------------------------------------------------
                         slack                                  3.782    

Slack (MET) :             3.782ns  (required time - arrival time)
  Source:                 u_tile_axi_16/awaddr_r_reg[5]/C
                            (rising edge-triggered cell FDCE clocked by aclk  {rise@0.000ns fall@5.000ns period=10.000ns})
  Destination:            u_tile_axi_16/u_tile_core/u_datapath/mul_stage_r_reg[0][7]/CLR
                            (recovery check against rising-edge clock aclk  {rise@0.000ns fall@5.000ns period=10.000ns})
  Path Group:             **async_default**
  Path Type:              Recovery (Max at Slow Process Corner)
  Requirement:            10.000ns  (aclk rise@10.000ns - aclk rise@0.000ns)
  Data Path Delay:        5.615ns  (logic 1.080ns (19.235%)  route 4.535ns (80.765%))
  Logic Levels:           3  (LUT2=1 LUT4=1 LUT5=1)
  Clock Path Skew:        -0.049ns (DCD - SCD + CPR)
    Destination Clock Delay (DCD):    0.924ns = ( 10.924 - 10.000 ) 
    Source Clock Delay      (SCD):    0.973ns
    Clock Pessimism Removal (CPR):    0.000ns
  Clock Uncertainty:      0.235ns  ((TSJ^2 + TIJ^2)^1/2 + DJ) / 2 + PE + UU
    Total System Jitter     (TSJ):    0.071ns
    Total Input Jitter      (TIJ):    0.000ns
    Discrete Jitter          (DJ):    0.000ns
    Phase Error              (PE):    0.000ns
    User Uncertainty         (UU):    0.200ns

    Location             Delay type                Incr(ns)  Path(ns)    Netlist Resource(s)
  -------------------------------------------------------------------    -------------------
                         (clock aclk rise edge)       0.000     0.000 r  
                                                      0.000     0.000 r  aclk (IN)
                         net (fo=790, unset)          0.973     0.973    u_tile_axi_16/aclk
    SLICE_X37Y84         FDCE                                         r  u_tile_axi_16/awaddr_r_reg[5]/C
  -------------------------------------------------------------------    -------------------
    SLICE_X37Y84         FDCE (Prop_fdce_C_Q)         0.456     1.429 r  u_tile_axi_16/awaddr_r_reg[5]/Q
                         net (fo=2, routed)           1.002     2.431    u_tile_axi_16/u_tile_core/u_datapath/gen_acc_bank[0].u_acc/state_r[1]_i_2_0[3]
    SLICE_X38Y84         LUT4 (Prop_lut4_I2_O)        0.152     2.583 r  u_tile_axi_16/u_tile_core/u_datapath/gen_acc_bank[0].u_acc/FSM_onehot_state_r[7]_i_6/O
                         net (fo=2, routed)           0.746     3.329    u_tile_axi_16/u_tile_core/u_datapath/gen_acc_bank[0].u_acc/s_axi_awvalid_1
    SLICE_X38Y83         LUT5 (Prop_lut5_I0_O)        0.348     3.677 r  u_tile_axi_16/u_tile_core/u_datapath/gen_acc_bank[0].u_acc/FSM_onehot_state_r[7]_i_5/O
                         net (fo=40, routed)          0.733     4.409    u_tile_axi_16/u_tile_core/u_datapath/gen_acc_bank[0].u_acc/s_axi_awvalid_0
    SLICE_X36Y82         LUT2 (Prop_lut2_I1_O)        0.124     4.533 f  u_tile_axi_16/u_tile_core/u_datapath/gen_acc_bank[0].u_acc/FSM_onehot_state_r[7]_i_2/O
                         net (fo=464, routed)         2.054     6.588    u_tile_axi_16/u_tile_core/u_datapath/aresetn_0
    SLICE_X30Y68         FDCE                                         f  u_tile_axi_16/u_tile_core/u_datapath/mul_stage_r_reg[0][7]/CLR
  -------------------------------------------------------------------    -------------------

                         (clock aclk rise edge)      10.000    10.000 r  
                                                      0.000    10.000 r  aclk (IN)
                         net (fo=790, unset)          0.924    10.924    u_tile_axi_16/u_tile_core/u_datapath/aclk
    SLICE_X30Y68         FDCE                                         r  u_tile_axi_16/u_tile_core/u_datapath/mul_stage_r_reg[0][7]/C
                         clock pessimism              0.000    10.924    
                         clock uncertainty           -0.235    10.689    
    SLICE_X30Y68         FDCE (Recov_fdce_C_CLR)     -0.319    10.370    u_tile_axi_16/u_tile_core/u_datapath/mul_stage_r_reg[0][7]
  -------------------------------------------------------------------
                         required time                         10.370    
                         arrival time                          -6.588    
  -------------------------------------------------------------------
                         slack                                  3.782    

Slack (MET) :             3.789ns  (required time - arrival time)
  Source:                 u_tile_axi_16/awaddr_r_reg[5]/C
                            (rising edge-triggered cell FDCE clocked by aclk  {rise@0.000ns fall@5.000ns period=10.000ns})
  Destination:            u_tile_axi_16/u_tile_core/u_datapath/mul_stage_r_reg[0][10]/CLR
                            (recovery check against rising-edge clock aclk  {rise@0.000ns fall@5.000ns period=10.000ns})
  Path Group:             **async_default**
  Path Type:              Recovery (Max at Slow Process Corner)
  Requirement:            10.000ns  (aclk rise@10.000ns - aclk rise@0.000ns)
  Data Path Delay:        5.608ns  (logic 1.080ns (19.257%)  route 4.528ns (80.743%))
  Logic Levels:           3  (LUT2=1 LUT4=1 LUT5=1)
  Clock Path Skew:        -0.049ns (DCD - SCD + CPR)
    Destination Clock Delay (DCD):    0.924ns = ( 10.924 - 10.000 ) 
    Source Clock Delay      (SCD):    0.973ns
    Clock Pessimism Removal (CPR):    0.000ns
  Clock Uncertainty:      0.235ns  ((TSJ^2 + TIJ^2)^1/2 + DJ) / 2 + PE + UU
    Total System Jitter     (TSJ):    0.071ns
    Total Input Jitter      (TIJ):    0.000ns
    Discrete Jitter          (DJ):    0.000ns
    Phase Error              (PE):    0.000ns
    User Uncertainty         (UU):    0.200ns

    Location             Delay type                Incr(ns)  Path(ns)    Netlist Resource(s)
  -------------------------------------------------------------------    -------------------
                         (clock aclk rise edge)       0.000     0.000 r  
                                                      0.000     0.000 r  aclk (IN)
                         net (fo=790, unset)          0.973     0.973    u_tile_axi_16/aclk
    SLICE_X37Y84         FDCE                                         r  u_tile_axi_16/awaddr_r_reg[5]/C
  -------------------------------------------------------------------    -------------------
    SLICE_X37Y84         FDCE (Prop_fdce_C_Q)         0.456     1.429 r  u_tile_axi_16/awaddr_r_reg[5]/Q
                         net (fo=2, routed)           1.002     2.431    u_tile_axi_16/u_tile_core/u_datapath/gen_acc_bank[0].u_acc/state_r[1]_i_2_0[3]
    SLICE_X38Y84         LUT4 (Prop_lut4_I2_O)        0.152     2.583 r  u_tile_axi_16/u_tile_core/u_datapath/gen_acc_bank[0].u_acc/FSM_onehot_state_r[7]_i_6/O
                         net (fo=2, routed)           0.746     3.329    u_tile_axi_16/u_tile_core/u_datapath/gen_acc_bank[0].u_acc/s_axi_awvalid_1
    SLICE_X38Y83         LUT5 (Prop_lut5_I0_O)        0.348     3.677 r  u_tile_axi_16/u_tile_core/u_datapath/gen_acc_bank[0].u_acc/FSM_onehot_state_r[7]_i_5/O
                         net (fo=40, routed)          0.733     4.409    u_tile_axi_16/u_tile_core/u_datapath/gen_acc_bank[0].u_acc/s_axi_awvalid_0
    SLICE_X36Y82         LUT2 (Prop_lut2_I1_O)        0.124     4.533 f  u_tile_axi_16/u_tile_core/u_datapath/gen_acc_bank[0].u_acc/FSM_onehot_state_r[7]_i_2/O
                         net (fo=464, routed)         2.048     6.581    u_tile_axi_16/u_tile_core/u_datapath/aresetn_0
    SLICE_X30Y69         FDCE                                         f  u_tile_axi_16/u_tile_core/u_datapath/mul_stage_r_reg[0][10]/CLR
  -------------------------------------------------------------------    -------------------

                         (clock aclk rise edge)      10.000    10.000 r  
                                                      0.000    10.000 r  aclk (IN)
                         net (fo=790, unset)          0.924    10.924    u_tile_axi_16/u_tile_core/u_datapath/aclk
    SLICE_X30Y69         FDCE                                         r  u_tile_axi_16/u_tile_core/u_datapath/mul_stage_r_reg[0][10]/C
                         clock pessimism              0.000    10.924    
                         clock uncertainty           -0.235    10.689    
    SLICE_X30Y69         FDCE (Recov_fdce_C_CLR)     -0.319    10.370    u_tile_axi_16/u_tile_core/u_datapath/mul_stage_r_reg[0][10]
  -------------------------------------------------------------------
                         required time                         10.370    
                         arrival time                          -6.581    
  -------------------------------------------------------------------
                         slack                                  3.789    

Slack (MET) :             3.789ns  (required time - arrival time)
  Source:                 u_tile_axi_16/awaddr_r_reg[5]/C
                            (rising edge-triggered cell FDCE clocked by aclk  {rise@0.000ns fall@5.000ns period=10.000ns})
  Destination:            u_tile_axi_16/u_tile_core/u_datapath/mul_stage_r_reg[0][11]/CLR
                            (recovery check against rising-edge clock aclk  {rise@0.000ns fall@5.000ns period=10.000ns})
  Path Group:             **async_default**
  Path Type:              Recovery (Max at Slow Process Corner)
  Requirement:            10.000ns  (aclk rise@10.000ns - aclk rise@0.000ns)
  Data Path Delay:        5.608ns  (logic 1.080ns (19.257%)  route 4.528ns (80.743%))
  Logic Levels:           3  (LUT2=1 LUT4=1 LUT5=1)
  Clock Path Skew:        -0.049ns (DCD - SCD + CPR)
    Destination Clock Delay (DCD):    0.924ns = ( 10.924 - 10.000 ) 
    Source Clock Delay      (SCD):    0.973ns
    Clock Pessimism Removal (CPR):    0.000ns
  Clock Uncertainty:      0.235ns  ((TSJ^2 + TIJ^2)^1/2 + DJ) / 2 + PE + UU
    Total System Jitter     (TSJ):    0.071ns
    Total Input Jitter      (TIJ):    0.000ns
    Discrete Jitter          (DJ):    0.000ns
    Phase Error              (PE):    0.000ns
    User Uncertainty         (UU):    0.200ns

    Location             Delay type                Incr(ns)  Path(ns)    Netlist Resource(s)
  -------------------------------------------------------------------    -------------------
                         (clock aclk rise edge)       0.000     0.000 r  
                                                      0.000     0.000 r  aclk (IN)
                         net (fo=790, unset)          0.973     0.973    u_tile_axi_16/aclk
    SLICE_X37Y84         FDCE                                         r  u_tile_axi_16/awaddr_r_reg[5]/C
  -------------------------------------------------------------------    -------------------
    SLICE_X37Y84         FDCE (Prop_fdce_C_Q)         0.456     1.429 r  u_tile_axi_16/awaddr_r_reg[5]/Q
                         net (fo=2, routed)           1.002     2.431    u_tile_axi_16/u_tile_core/u_datapath/gen_acc_bank[0].u_acc/state_r[1]_i_2_0[3]
    SLICE_X38Y84         LUT4 (Prop_lut4_I2_O)        0.152     2.583 r  u_tile_axi_16/u_tile_core/u_datapath/gen_acc_bank[0].u_acc/FSM_onehot_state_r[7]_i_6/O
                         net (fo=2, routed)           0.746     3.329    u_tile_axi_16/u_tile_core/u_datapath/gen_acc_bank[0].u_acc/s_axi_awvalid_1
    SLICE_X38Y83         LUT5 (Prop_lut5_I0_O)        0.348     3.677 r  u_tile_axi_16/u_tile_core/u_datapath/gen_acc_bank[0].u_acc/FSM_onehot_state_r[7]_i_5/O
                         net (fo=40, routed)          0.733     4.409    u_tile_axi_16/u_tile_core/u_datapath/gen_acc_bank[0].u_acc/s_axi_awvalid_0
    SLICE_X36Y82         LUT2 (Prop_lut2_I1_O)        0.124     4.533 f  u_tile_axi_16/u_tile_core/u_datapath/gen_acc_bank[0].u_acc/FSM_onehot_state_r[7]_i_2/O
                         net (fo=464, routed)         2.048     6.581    u_tile_axi_16/u_tile_core/u_datapath/aresetn_0
    SLICE_X30Y69         FDCE                                         f  u_tile_axi_16/u_tile_core/u_datapath/mul_stage_r_reg[0][11]/CLR
  -------------------------------------------------------------------    -------------------

                         (clock aclk rise edge)      10.000    10.000 r  
                                                      0.000    10.000 r  aclk (IN)
                         net (fo=790, unset)          0.924    10.924    u_tile_axi_16/u_tile_core/u_datapath/aclk
    SLICE_X30Y69         FDCE                                         r  u_tile_axi_16/u_tile_core/u_datapath/mul_stage_r_reg[0][11]/C
                         clock pessimism              0.000    10.924    
                         clock uncertainty           -0.235    10.689    
    SLICE_X30Y69         FDCE (Recov_fdce_C_CLR)     -0.319    10.370    u_tile_axi_16/u_tile_core/u_datapath/mul_stage_r_reg[0][11]
  -------------------------------------------------------------------
                         required time                         10.370    
                         arrival time                          -6.581    
  -------------------------------------------------------------------
                         slack                                  3.789    

Slack (MET) :             3.789ns  (required time - arrival time)
  Source:                 u_tile_axi_16/awaddr_r_reg[5]/C
                            (rising edge-triggered cell FDCE clocked by aclk  {rise@0.000ns fall@5.000ns period=10.000ns})
  Destination:            u_tile_axi_16/u_tile_core/u_datapath/mul_stage_r_reg[0][8]/CLR
                            (recovery check against rising-edge clock aclk  {rise@0.000ns fall@5.000ns period=10.000ns})
  Path Group:             **async_default**
  Path Type:              Recovery (Max at Slow Process Corner)
  Requirement:            10.000ns  (aclk rise@10.000ns - aclk rise@0.000ns)
  Data Path Delay:        5.608ns  (logic 1.080ns (19.257%)  route 4.528ns (80.743%))
  Logic Levels:           3  (LUT2=1 LUT4=1 LUT5=1)
  Clock Path Skew:        -0.049ns (DCD - SCD + CPR)
    Destination Clock Delay (DCD):    0.924ns = ( 10.924 - 10.000 ) 
    Source Clock Delay      (SCD):    0.973ns
    Clock Pessimism Removal (CPR):    0.000ns
  Clock Uncertainty:      0.235ns  ((TSJ^2 + TIJ^2)^1/2 + DJ) / 2 + PE + UU
    Total System Jitter     (TSJ):    0.071ns
    Total Input Jitter      (TIJ):    0.000ns
    Discrete Jitter          (DJ):    0.000ns
    Phase Error              (PE):    0.000ns
    User Uncertainty         (UU):    0.200ns

    Location             Delay type                Incr(ns)  Path(ns)    Netlist Resource(s)
  -------------------------------------------------------------------    -------------------
                         (clock aclk rise edge)       0.000     0.000 r  
                                                      0.000     0.000 r  aclk (IN)
                         net (fo=790, unset)          0.973     0.973    u_tile_axi_16/aclk
    SLICE_X37Y84         FDCE                                         r  u_tile_axi_16/awaddr_r_reg[5]/C
  -------------------------------------------------------------------    -------------------
    SLICE_X37Y84         FDCE (Prop_fdce_C_Q)         0.456     1.429 r  u_tile_axi_16/awaddr_r_reg[5]/Q
                         net (fo=2, routed)           1.002     2.431    u_tile_axi_16/u_tile_core/u_datapath/gen_acc_bank[0].u_acc/state_r[1]_i_2_0[3]
    SLICE_X38Y84         LUT4 (Prop_lut4_I2_O)        0.152     2.583 r  u_tile_axi_16/u_tile_core/u_datapath/gen_acc_bank[0].u_acc/FSM_onehot_state_r[7]_i_6/O
                         net (fo=2, routed)           0.746     3.329    u_tile_axi_16/u_tile_core/u_datapath/gen_acc_bank[0].u_acc/s_axi_awvalid_1
    SLICE_X38Y83         LUT5 (Prop_lut5_I0_O)        0.348     3.677 r  u_tile_axi_16/u_tile_core/u_datapath/gen_acc_bank[0].u_acc/FSM_onehot_state_r[7]_i_5/O
                         net (fo=40, routed)          0.733     4.409    u_tile_axi_16/u_tile_core/u_datapath/gen_acc_bank[0].u_acc/s_axi_awvalid_0
    SLICE_X36Y82         LUT2 (Prop_lut2_I1_O)        0.124     4.533 f  u_tile_axi_16/u_tile_core/u_datapath/gen_acc_bank[0].u_acc/FSM_onehot_state_r[7]_i_2/O
                         net (fo=464, routed)         2.048     6.581    u_tile_axi_16/u_tile_core/u_datapath/aresetn_0
    SLICE_X30Y69         FDCE                                         f  u_tile_axi_16/u_tile_core/u_datapath/mul_stage_r_reg[0][8]/CLR
  -------------------------------------------------------------------    -------------------

                         (clock aclk rise edge)      10.000    10.000 r  
                                                      0.000    10.000 r  aclk (IN)
                         net (fo=790, unset)          0.924    10.924    u_tile_axi_16/u_tile_core/u_datapath/aclk
    SLICE_X30Y69         FDCE                                         r  u_tile_axi_16/u_tile_core/u_datapath/mul_stage_r_reg[0][8]/C
                         clock pessimism              0.000    10.924    
                         clock uncertainty           -0.235    10.689    
    SLICE_X30Y69         FDCE (Recov_fdce_C_CLR)     -0.319    10.370    u_tile_axi_16/u_tile_core/u_datapath/mul_stage_r_reg[0][8]
  -------------------------------------------------------------------
                         required time                         10.370    
                         arrival time                          -6.581    
  -------------------------------------------------------------------
                         slack                                  3.789    

Slack (MET) :             3.789ns  (required time - arrival time)
  Source:                 u_tile_axi_16/awaddr_r_reg[5]/C
                            (rising edge-triggered cell FDCE clocked by aclk  {rise@0.000ns fall@5.000ns period=10.000ns})
  Destination:            u_tile_axi_16/u_tile_core/u_datapath/mul_stage_r_reg[0][9]/CLR
                            (recovery check against rising-edge clock aclk  {rise@0.000ns fall@5.000ns period=10.000ns})
  Path Group:             **async_default**
  Path Type:              Recovery (Max at Slow Process Corner)
  Requirement:            10.000ns  (aclk rise@10.000ns - aclk rise@0.000ns)
  Data Path Delay:        5.608ns  (logic 1.080ns (19.257%)  route 4.528ns (80.743%))
  Logic Levels:           3  (LUT2=1 LUT4=1 LUT5=1)
  Clock Path Skew:        -0.049ns (DCD - SCD + CPR)
    Destination Clock Delay (DCD):    0.924ns = ( 10.924 - 10.000 ) 
    Source Clock Delay      (SCD):    0.973ns
    Clock Pessimism Removal (CPR):    0.000ns
  Clock Uncertainty:      0.235ns  ((TSJ^2 + TIJ^2)^1/2 + DJ) / 2 + PE + UU
    Total System Jitter     (TSJ):    0.071ns
    Total Input Jitter      (TIJ):    0.000ns
    Discrete Jitter          (DJ):    0.000ns
    Phase Error              (PE):    0.000ns
    User Uncertainty         (UU):    0.200ns

    Location             Delay type                Incr(ns)  Path(ns)    Netlist Resource(s)
  -------------------------------------------------------------------    -------------------
                         (clock aclk rise edge)       0.000     0.000 r  
                                                      0.000     0.000 r  aclk (IN)
                         net (fo=790, unset)          0.973     0.973    u_tile_axi_16/aclk
    SLICE_X37Y84         FDCE                                         r  u_tile_axi_16/awaddr_r_reg[5]/C
  -------------------------------------------------------------------    -------------------
    SLICE_X37Y84         FDCE (Prop_fdce_C_Q)         0.456     1.429 r  u_tile_axi_16/awaddr_r_reg[5]/Q
                         net (fo=2, routed)           1.002     2.431    u_tile_axi_16/u_tile_core/u_datapath/gen_acc_bank[0].u_acc/state_r[1]_i_2_0[3]
    SLICE_X38Y84         LUT4 (Prop_lut4_I2_O)        0.152     2.583 r  u_tile_axi_16/u_tile_core/u_datapath/gen_acc_bank[0].u_acc/FSM_onehot_state_r[7]_i_6/O
                         net (fo=2, routed)           0.746     3.329    u_tile_axi_16/u_tile_core/u_datapath/gen_acc_bank[0].u_acc/s_axi_awvalid_1
    SLICE_X38Y83         LUT5 (Prop_lut5_I0_O)        0.348     3.677 r  u_tile_axi_16/u_tile_core/u_datapath/gen_acc_bank[0].u_acc/FSM_onehot_state_r[7]_i_5/O
                         net (fo=40, routed)          0.733     4.409    u_tile_axi_16/u_tile_core/u_datapath/gen_acc_bank[0].u_acc/s_axi_awvalid_0
    SLICE_X36Y82         LUT2 (Prop_lut2_I1_O)        0.124     4.533 f  u_tile_axi_16/u_tile_core/u_datapath/gen_acc_bank[0].u_acc/FSM_onehot_state_r[7]_i_2/O
                         net (fo=464, routed)         2.048     6.581    u_tile_axi_16/u_tile_core/u_datapath/aresetn_0
    SLICE_X30Y69         FDCE                                         f  u_tile_axi_16/u_tile_core/u_datapath/mul_stage_r_reg[0][9]/CLR
  -------------------------------------------------------------------    -------------------

                         (clock aclk rise edge)      10.000    10.000 r  
                                                      0.000    10.000 r  aclk (IN)
                         net (fo=790, unset)          0.924    10.924    u_tile_axi_16/u_tile_core/u_datapath/aclk
    SLICE_X30Y69         FDCE                                         r  u_tile_axi_16/u_tile_core/u_datapath/mul_stage_r_reg[0][9]/C
                         clock pessimism              0.000    10.924    
                         clock uncertainty           -0.235    10.689    
    SLICE_X30Y69         FDCE (Recov_fdce_C_CLR)     -0.319    10.370    u_tile_axi_16/u_tile_core/u_datapath/mul_stage_r_reg[0][9]
  -------------------------------------------------------------------
                         required time                         10.370    
                         arrival time                          -6.581    
  -------------------------------------------------------------------
                         slack                                  3.789    

Slack (MET) :             3.808ns  (required time - arrival time)
  Source:                 u_tile_axi_16/awaddr_r_reg[5]/C
                            (rising edge-triggered cell FDCE clocked by aclk  {rise@0.000ns fall@5.000ns period=10.000ns})
  Destination:            u_tile_axi_16/u_tile_core/u_datapath/mul_stage_r_reg[1][0]/CLR
                            (recovery check against rising-edge clock aclk  {rise@0.000ns fall@5.000ns period=10.000ns})
  Path Group:             **async_default**
  Path Type:              Recovery (Max at Slow Process Corner)
  Requirement:            10.000ns  (aclk rise@10.000ns - aclk rise@0.000ns)
  Data Path Delay:        5.503ns  (logic 1.080ns (19.625%)  route 4.423ns (80.375%))
  Logic Levels:           3  (LUT2=1 LUT4=1 LUT5=1)
  Clock Path Skew:        -0.049ns (DCD - SCD + CPR)
    Destination Clock Delay (DCD):    0.924ns = ( 10.924 - 10.000 ) 
    Source Clock Delay      (SCD):    0.973ns
    Clock Pessimism Removal (CPR):    0.000ns
  Clock Uncertainty:      0.235ns  ((TSJ^2 + TIJ^2)^1/2 + DJ) / 2 + PE + UU
    Total System Jitter     (TSJ):    0.071ns
    Total Input Jitter      (TIJ):    0.000ns
    Discrete Jitter          (DJ):    0.000ns
    Phase Error              (PE):    0.000ns
    User Uncertainty         (UU):    0.200ns

    Location             Delay type                Incr(ns)  Path(ns)    Netlist Resource(s)
  -------------------------------------------------------------------    -------------------
                         (clock aclk rise edge)       0.000     0.000 r  
                                                      0.000     0.000 r  aclk (IN)
                         net (fo=790, unset)          0.973     0.973    u_tile_axi_16/aclk
    SLICE_X37Y84         FDCE                                         r  u_tile_axi_16/awaddr_r_reg[5]/C
  -------------------------------------------------------------------    -------------------
    SLICE_X37Y84         FDCE (Prop_fdce_C_Q)         0.456     1.429 r  u_tile_axi_16/awaddr_r_reg[5]/Q
                         net (fo=2, routed)           1.002     2.431    u_tile_axi_16/u_tile_core/u_datapath/gen_acc_bank[0].u_acc/state_r[1]_i_2_0[3]
    SLICE_X38Y84         LUT4 (Prop_lut4_I2_O)        0.152     2.583 r  u_tile_axi_16/u_tile_core/u_datapath/gen_acc_bank[0].u_acc/FSM_onehot_state_r[7]_i_6/O
                         net (fo=2, routed)           0.746     3.329    u_tile_axi_16/u_tile_core/u_datapath/gen_acc_bank[0].u_acc/s_axi_awvalid_1
    SLICE_X38Y83         LUT5 (Prop_lut5_I0_O)        0.348     3.677 r  u_tile_axi_16/u_tile_core/u_datapath/gen_acc_bank[0].u_acc/FSM_onehot_state_r[7]_i_5/O
                         net (fo=40, routed)          0.733     4.409    u_tile_axi_16/u_tile_core/u_datapath/gen_acc_bank[0].u_acc/s_axi_awvalid_0
    SLICE_X36Y82         LUT2 (Prop_lut2_I1_O)        0.124     4.533 f  u_tile_axi_16/u_tile_core/u_datapath/gen_acc_bank[0].u_acc/FSM_onehot_state_r[7]_i_2/O
                         net (fo=464, routed)         1.943     6.476    u_tile_axi_16/u_tile_core/u_datapath/aresetn_0
    SLICE_X33Y61         FDCE                                         f  u_tile_axi_16/u_tile_core/u_datapath/mul_stage_r_reg[1][0]/CLR
  -------------------------------------------------------------------    -------------------

                         (clock aclk rise edge)      10.000    10.000 r  
                                                      0.000    10.000 r  aclk (IN)
                         net (fo=790, unset)          0.924    10.924    u_tile_axi_16/u_tile_core/u_datapath/aclk
    SLICE_X33Y61         FDCE                                         r  u_tile_axi_16/u_tile_core/u_datapath/mul_stage_r_reg[1][0]/C
                         clock pessimism              0.000    10.924    
                         clock uncertainty           -0.235    10.689    
    SLICE_X33Y61         FDCE (Recov_fdce_C_CLR)     -0.405    10.284    u_tile_axi_16/u_tile_core/u_datapath/mul_stage_r_reg[1][0]
  -------------------------------------------------------------------
                         required time                         10.284    
                         arrival time                          -6.476    
  -------------------------------------------------------------------
                         slack                                  3.808    





Min Delay Paths
--------------------------------------------------------------------------------------
Slack (MET) :             0.785ns  (arrival time - required time)
  Source:                 u_tile_axi_16/wstrb_r_reg[0]/C
                            (rising edge-triggered cell FDCE clocked by aclk  {rise@0.000ns fall@5.000ns period=10.000ns})
  Destination:            u_tile_axi_16/u_tile_core/u_input_loader/col_r_reg[0]/CLR
                            (removal check against rising-edge clock aclk  {rise@0.000ns fall@5.000ns period=10.000ns})
  Path Group:             **async_default**
  Path Type:              Removal (Min at Fast Process Corner)
  Requirement:            0.000ns  (aclk rise@0.000ns - aclk rise@0.000ns)
  Data Path Delay:        0.940ns  (logic 0.276ns (29.371%)  route 0.664ns (70.629%))
  Logic Levels:           3  (LUT2=1 LUT5=1 LUT6=1)
  Clock Path Skew:        0.022ns (DCD - SCD - CPR)
    Destination Clock Delay (DCD):    0.432ns
    Source Clock Delay      (SCD):    0.410ns
    Clock Pessimism Removal (CPR):    -0.000ns
  Clock Uncertainty:      0.200ns  ((TSJ^2 + TIJ^2)^1/2 + DJ) / 2 + PE + UU
    Total System Jitter     (TSJ):    0.000ns
    Total Input Jitter      (TIJ):    0.000ns
    Discrete Jitter          (DJ):    0.000ns
    Phase Error              (PE):    0.000ns
    User Uncertainty         (UU):    0.200ns

    Location             Delay type                Incr(ns)  Path(ns)    Netlist Resource(s)
  -------------------------------------------------------------------    -------------------
                         (clock aclk rise edge)       0.000     0.000 r  
                                                      0.000     0.000 r  aclk (IN)
                         net (fo=790, unset)          0.410     0.410    u_tile_axi_16/aclk
    SLICE_X37Y83         FDCE                                         r  u_tile_axi_16/wstrb_r_reg[0]/C
  -------------------------------------------------------------------    -------------------
    SLICE_X37Y83         FDCE (Prop_fdce_C_Q)         0.141     0.551 f  u_tile_axi_16/wstrb_r_reg[0]/Q
                         net (fo=3, routed)           0.112     0.663    u_tile_axi_16/u_tile_core/u_datapath/gen_acc_bank[0].u_acc/wstrb_r[0]
    SLICE_X38Y83         LUT6 (Prop_lut6_I5_O)        0.045     0.708 r  u_tile_axi_16/u_tile_core/u_datapath/gen_acc_bank[0].u_acc/FSM_onehot_state_r[7]_i_9/O
                         net (fo=2, routed)           0.065     0.773    u_tile_axi_16/u_tile_core/u_datapath/gen_acc_bank[0].u_acc/s_axi_awaddr[5]
    SLICE_X38Y83         LUT5 (Prop_lut5_I3_O)        0.045     0.818 r  u_tile_axi_16/u_tile_core/u_datapath/gen_acc_bank[0].u_acc/FSM_onehot_state_r[7]_i_5/O
                         net (fo=40, routed)          0.299     1.117    u_tile_axi_16/u_tile_core/u_datapath/gen_acc_bank[0].u_acc/s_axi_awvalid_0
    SLICE_X36Y82         LUT2 (Prop_lut2_I1_O)        0.045     1.162 f  u_tile_axi_16/u_tile_core/u_datapath/gen_acc_bank[0].u_acc/FSM_onehot_state_r[7]_i_2/O
                         net (fo=464, routed)         0.188     1.350    u_tile_axi_16/u_tile_core/u_input_loader/bank_r_reg[0]_0
    SLICE_X38Y80         FDCE                                         f  u_tile_axi_16/u_tile_core/u_input_loader/col_r_reg[0]/CLR
  -------------------------------------------------------------------    -------------------

                         (clock aclk rise edge)       0.000     0.000 r  
                                                      0.000     0.000 r  aclk (IN)
                         net (fo=790, unset)          0.432     0.432    u_tile_axi_16/u_tile_core/u_input_loader/aclk
    SLICE_X38Y80         FDCE                                         r  u_tile_axi_16/u_tile_core/u_input_loader/col_r_reg[0]/C
                         clock pessimism              0.000     0.432    
                         clock uncertainty            0.200     0.632    
    SLICE_X38Y80         FDCE (Remov_fdce_C_CLR)     -0.067     0.565    u_tile_axi_16/u_tile_core/u_input_loader/col_r_reg[0]
  -------------------------------------------------------------------
                         required time                         -0.565    
                         arrival time                           1.350    
  -------------------------------------------------------------------
                         slack                                  0.785    

Slack (MET) :             0.785ns  (arrival time - required time)
  Source:                 u_tile_axi_16/wstrb_r_reg[0]/C
                            (rising edge-triggered cell FDCE clocked by aclk  {rise@0.000ns fall@5.000ns period=10.000ns})
  Destination:            u_tile_axi_16/u_tile_core/u_input_loader/col_r_reg[1]/CLR
                            (removal check against rising-edge clock aclk  {rise@0.000ns fall@5.000ns period=10.000ns})
  Path Group:             **async_default**
  Path Type:              Removal (Min at Fast Process Corner)
  Requirement:            0.000ns  (aclk rise@0.000ns - aclk rise@0.000ns)
  Data Path Delay:        0.940ns  (logic 0.276ns (29.371%)  route 0.664ns (70.629%))
  Logic Levels:           3  (LUT2=1 LUT5=1 LUT6=1)
  Clock Path Skew:        0.022ns (DCD - SCD - CPR)
    Destination Clock Delay (DCD):    0.432ns
    Source Clock Delay      (SCD):    0.410ns
    Clock Pessimism Removal (CPR):    -0.000ns
  Clock Uncertainty:      0.200ns  ((TSJ^2 + TIJ^2)^1/2 + DJ) / 2 + PE + UU
    Total System Jitter     (TSJ):    0.000ns
    Total Input Jitter      (TIJ):    0.000ns
    Discrete Jitter          (DJ):    0.000ns
    Phase Error              (PE):    0.000ns
    User Uncertainty         (UU):    0.200ns

    Location             Delay type                Incr(ns)  Path(ns)    Netlist Resource(s)
  -------------------------------------------------------------------    -------------------
                         (clock aclk rise edge)       0.000     0.000 r  
                                                      0.000     0.000 r  aclk (IN)
                         net (fo=790, unset)          0.410     0.410    u_tile_axi_16/aclk
    SLICE_X37Y83         FDCE                                         r  u_tile_axi_16/wstrb_r_reg[0]/C
  -------------------------------------------------------------------    -------------------
    SLICE_X37Y83         FDCE (Prop_fdce_C_Q)         0.141     0.551 f  u_tile_axi_16/wstrb_r_reg[0]/Q
                         net (fo=3, routed)           0.112     0.663    u_tile_axi_16/u_tile_core/u_datapath/gen_acc_bank[0].u_acc/wstrb_r[0]
    SLICE_X38Y83         LUT6 (Prop_lut6_I5_O)        0.045     0.708 r  u_tile_axi_16/u_tile_core/u_datapath/gen_acc_bank[0].u_acc/FSM_onehot_state_r[7]_i_9/O
                         net (fo=2, routed)           0.065     0.773    u_tile_axi_16/u_tile_core/u_datapath/gen_acc_bank[0].u_acc/s_axi_awaddr[5]
    SLICE_X38Y83         LUT5 (Prop_lut5_I3_O)        0.045     0.818 r  u_tile_axi_16/u_tile_core/u_datapath/gen_acc_bank[0].u_acc/FSM_onehot_state_r[7]_i_5/O
                         net (fo=40, routed)          0.299     1.117    u_tile_axi_16/u_tile_core/u_datapath/gen_acc_bank[0].u_acc/s_axi_awvalid_0
    SLICE_X36Y82         LUT2 (Prop_lut2_I1_O)        0.045     1.162 f  u_tile_axi_16/u_tile_core/u_datapath/gen_acc_bank[0].u_acc/FSM_onehot_state_r[7]_i_2/O
                         net (fo=464, routed)         0.188     1.350    u_tile_axi_16/u_tile_core/u_input_loader/bank_r_reg[0]_0
    SLICE_X38Y80         FDCE                                         f  u_tile_axi_16/u_tile_core/u_input_loader/col_r_reg[1]/CLR
  -------------------------------------------------------------------    -------------------

                         (clock aclk rise edge)       0.000     0.000 r  
                                                      0.000     0.000 r  aclk (IN)
                         net (fo=790, unset)          0.432     0.432    u_tile_axi_16/u_tile_core/u_input_loader/aclk
    SLICE_X38Y80         FDCE                                         r  u_tile_axi_16/u_tile_core/u_input_loader/col_r_reg[1]/C
                         clock pessimism              0.000     0.432    
                         clock uncertainty            0.200     0.632    
    SLICE_X38Y80         FDCE (Remov_fdce_C_CLR)     -0.067     0.565    u_tile_axi_16/u_tile_core/u_input_loader/col_r_reg[1]
  -------------------------------------------------------------------
                         required time                         -0.565    
                         arrival time                           1.350    
  -------------------------------------------------------------------
                         slack                                  0.785    

Slack (MET) :             0.785ns  (arrival time - required time)
  Source:                 u_tile_axi_16/wstrb_r_reg[0]/C
                            (rising edge-triggered cell FDCE clocked by aclk  {rise@0.000ns fall@5.000ns period=10.000ns})
  Destination:            u_tile_axi_16/u_tile_core/u_input_loader/col_r_reg[2]/CLR
                            (removal check against rising-edge clock aclk  {rise@0.000ns fall@5.000ns period=10.000ns})
  Path Group:             **async_default**
  Path Type:              Removal (Min at Fast Process Corner)
  Requirement:            0.000ns  (aclk rise@0.000ns - aclk rise@0.000ns)
  Data Path Delay:        0.940ns  (logic 0.276ns (29.371%)  route 0.664ns (70.629%))
  Logic Levels:           3  (LUT2=1 LUT5=1 LUT6=1)
  Clock Path Skew:        0.022ns (DCD - SCD - CPR)
    Destination Clock Delay (DCD):    0.432ns
    Source Clock Delay      (SCD):    0.410ns
    Clock Pessimism Removal (CPR):    -0.000ns
  Clock Uncertainty:      0.200ns  ((TSJ^2 + TIJ^2)^1/2 + DJ) / 2 + PE + UU
    Total System Jitter     (TSJ):    0.000ns
    Total Input Jitter      (TIJ):    0.000ns
    Discrete Jitter          (DJ):    0.000ns
    Phase Error              (PE):    0.000ns
    User Uncertainty         (UU):    0.200ns

    Location             Delay type                Incr(ns)  Path(ns)    Netlist Resource(s)
  -------------------------------------------------------------------    -------------------
                         (clock aclk rise edge)       0.000     0.000 r  
                                                      0.000     0.000 r  aclk (IN)
                         net (fo=790, unset)          0.410     0.410    u_tile_axi_16/aclk
    SLICE_X37Y83         FDCE                                         r  u_tile_axi_16/wstrb_r_reg[0]/C
  -------------------------------------------------------------------    -------------------
    SLICE_X37Y83         FDCE (Prop_fdce_C_Q)         0.141     0.551 f  u_tile_axi_16/wstrb_r_reg[0]/Q
                         net (fo=3, routed)           0.112     0.663    u_tile_axi_16/u_tile_core/u_datapath/gen_acc_bank[0].u_acc/wstrb_r[0]
    SLICE_X38Y83         LUT6 (Prop_lut6_I5_O)        0.045     0.708 r  u_tile_axi_16/u_tile_core/u_datapath/gen_acc_bank[0].u_acc/FSM_onehot_state_r[7]_i_9/O
                         net (fo=2, routed)           0.065     0.773    u_tile_axi_16/u_tile_core/u_datapath/gen_acc_bank[0].u_acc/s_axi_awaddr[5]
    SLICE_X38Y83         LUT5 (Prop_lut5_I3_O)        0.045     0.818 r  u_tile_axi_16/u_tile_core/u_datapath/gen_acc_bank[0].u_acc/FSM_onehot_state_r[7]_i_5/O
                         net (fo=40, routed)          0.299     1.117    u_tile_axi_16/u_tile_core/u_datapath/gen_acc_bank[0].u_acc/s_axi_awvalid_0
    SLICE_X36Y82         LUT2 (Prop_lut2_I1_O)        0.045     1.162 f  u_tile_axi_16/u_tile_core/u_datapath/gen_acc_bank[0].u_acc/FSM_onehot_state_r[7]_i_2/O
                         net (fo=464, routed)         0.188     1.350    u_tile_axi_16/u_tile_core/u_input_loader/bank_r_reg[0]_0
    SLICE_X38Y80         FDCE                                         f  u_tile_axi_16/u_tile_core/u_input_loader/col_r_reg[2]/CLR
  -------------------------------------------------------------------    -------------------

                         (clock aclk rise edge)       0.000     0.000 r  
                                                      0.000     0.000 r  aclk (IN)
                         net (fo=790, unset)          0.432     0.432    u_tile_axi_16/u_tile_core/u_input_loader/aclk
    SLICE_X38Y80         FDCE                                         r  u_tile_axi_16/u_tile_core/u_input_loader/col_r_reg[2]/C
                         clock pessimism              0.000     0.432    
                         clock uncertainty            0.200     0.632    
    SLICE_X38Y80         FDCE (Remov_fdce_C_CLR)     -0.067     0.565    u_tile_axi_16/u_tile_core/u_input_loader/col_r_reg[2]
  -------------------------------------------------------------------
                         required time                         -0.565    
                         arrival time                           1.350    
  -------------------------------------------------------------------
                         slack                                  0.785    

Slack (MET) :             0.785ns  (arrival time - required time)
  Source:                 u_tile_axi_16/wstrb_r_reg[0]/C
                            (rising edge-triggered cell FDCE clocked by aclk  {rise@0.000ns fall@5.000ns period=10.000ns})
  Destination:            u_tile_axi_16/u_tile_core/u_input_loader/col_r_reg[3]/CLR
                            (removal check against rising-edge clock aclk  {rise@0.000ns fall@5.000ns period=10.000ns})
  Path Group:             **async_default**
  Path Type:              Removal (Min at Fast Process Corner)
  Requirement:            0.000ns  (aclk rise@0.000ns - aclk rise@0.000ns)
  Data Path Delay:        0.940ns  (logic 0.276ns (29.371%)  route 0.664ns (70.629%))
  Logic Levels:           3  (LUT2=1 LUT5=1 LUT6=1)
  Clock Path Skew:        0.022ns (DCD - SCD - CPR)
    Destination Clock Delay (DCD):    0.432ns
    Source Clock Delay      (SCD):    0.410ns
    Clock Pessimism Removal (CPR):    -0.000ns
  Clock Uncertainty:      0.200ns  ((TSJ^2 + TIJ^2)^1/2 + DJ) / 2 + PE + UU
    Total System Jitter     (TSJ):    0.000ns
    Total Input Jitter      (TIJ):    0.000ns
    Discrete Jitter          (DJ):    0.000ns
    Phase Error              (PE):    0.000ns
    User Uncertainty         (UU):    0.200ns

    Location             Delay type                Incr(ns)  Path(ns)    Netlist Resource(s)
  -------------------------------------------------------------------    -------------------
                         (clock aclk rise edge)       0.000     0.000 r  
                                                      0.000     0.000 r  aclk (IN)
                         net (fo=790, unset)          0.410     0.410    u_tile_axi_16/aclk
    SLICE_X37Y83         FDCE                                         r  u_tile_axi_16/wstrb_r_reg[0]/C
  -------------------------------------------------------------------    -------------------
    SLICE_X37Y83         FDCE (Prop_fdce_C_Q)         0.141     0.551 f  u_tile_axi_16/wstrb_r_reg[0]/Q
                         net (fo=3, routed)           0.112     0.663    u_tile_axi_16/u_tile_core/u_datapath/gen_acc_bank[0].u_acc/wstrb_r[0]
    SLICE_X38Y83         LUT6 (Prop_lut6_I5_O)        0.045     0.708 r  u_tile_axi_16/u_tile_core/u_datapath/gen_acc_bank[0].u_acc/FSM_onehot_state_r[7]_i_9/O
                         net (fo=2, routed)           0.065     0.773    u_tile_axi_16/u_tile_core/u_datapath/gen_acc_bank[0].u_acc/s_axi_awaddr[5]
    SLICE_X38Y83         LUT5 (Prop_lut5_I3_O)        0.045     0.818 r  u_tile_axi_16/u_tile_core/u_datapath/gen_acc_bank[0].u_acc/FSM_onehot_state_r[7]_i_5/O
                         net (fo=40, routed)          0.299     1.117    u_tile_axi_16/u_tile_core/u_datapath/gen_acc_bank[0].u_acc/s_axi_awvalid_0
    SLICE_X36Y82         LUT2 (Prop_lut2_I1_O)        0.045     1.162 f  u_tile_axi_16/u_tile_core/u_datapath/gen_acc_bank[0].u_acc/FSM_onehot_state_r[7]_i_2/O
                         net (fo=464, routed)         0.188     1.350    u_tile_axi_16/u_tile_core/u_input_loader/bank_r_reg[0]_0
    SLICE_X38Y80         FDCE                                         f  u_tile_axi_16/u_tile_core/u_input_loader/col_r_reg[3]/CLR
  -------------------------------------------------------------------    -------------------

                         (clock aclk rise edge)       0.000     0.000 r  
                                                      0.000     0.000 r  aclk (IN)
                         net (fo=790, unset)          0.432     0.432    u_tile_axi_16/u_tile_core/u_input_loader/aclk
    SLICE_X38Y80         FDCE                                         r  u_tile_axi_16/u_tile_core/u_input_loader/col_r_reg[3]/C
                         clock pessimism              0.000     0.432    
                         clock uncertainty            0.200     0.632    
    SLICE_X38Y80         FDCE (Remov_fdce_C_CLR)     -0.067     0.565    u_tile_axi_16/u_tile_core/u_input_loader/col_r_reg[3]
  -------------------------------------------------------------------
                         required time                         -0.565    
                         arrival time                           1.350    
  -------------------------------------------------------------------
                         slack                                  0.785    

Slack (MET) :             0.916ns  (arrival time - required time)
  Source:                 u_tile_axi_16/wstrb_r_reg[0]/C
                            (rising edge-triggered cell FDCE clocked by aclk  {rise@0.000ns fall@5.000ns period=10.000ns})
  Destination:            u_tile_axi_16/u_tile_core/u_controller/FSM_onehot_state_r_reg[2]/CLR
                            (removal check against rising-edge clock aclk  {rise@0.000ns fall@5.000ns period=10.000ns})
  Path Group:             **async_default**
  Path Type:              Removal (Min at Fast Process Corner)
  Requirement:            0.000ns  (aclk rise@0.000ns - aclk rise@0.000ns)
  Data Path Delay:        1.070ns  (logic 0.276ns (25.783%)  route 0.794ns (74.217%))
  Logic Levels:           3  (LUT2=1 LUT5=1 LUT6=1)
  Clock Path Skew:        0.022ns (DCD - SCD - CPR)
    Destination Clock Delay (DCD):    0.432ns
    Source Clock Delay      (SCD):    0.410ns
    Clock Pessimism Removal (CPR):    -0.000ns
  Clock Uncertainty:      0.200ns  ((TSJ^2 + TIJ^2)^1/2 + DJ) / 2 + PE + UU
    Total System Jitter     (TSJ):    0.000ns
    Total Input Jitter      (TIJ):    0.000ns
    Discrete Jitter          (DJ):    0.000ns
    Phase Error              (PE):    0.000ns
    User Uncertainty         (UU):    0.200ns

    Location             Delay type                Incr(ns)  Path(ns)    Netlist Resource(s)
  -------------------------------------------------------------------    -------------------
                         (clock aclk rise edge)       0.000     0.000 r  
                                                      0.000     0.000 r  aclk (IN)
                         net (fo=790, unset)          0.410     0.410    u_tile_axi_16/aclk
    SLICE_X37Y83         FDCE                                         r  u_tile_axi_16/wstrb_r_reg[0]/C
  -------------------------------------------------------------------    -------------------
    SLICE_X37Y83         FDCE (Prop_fdce_C_Q)         0.141     0.551 f  u_tile_axi_16/wstrb_r_reg[0]/Q
                         net (fo=3, routed)           0.112     0.663    u_tile_axi_16/u_tile_core/u_datapath/gen_acc_bank[0].u_acc/wstrb_r[0]
    SLICE_X38Y83         LUT6 (Prop_lut6_I5_O)        0.045     0.708 r  u_tile_axi_16/u_tile_core/u_datapath/gen_acc_bank[0].u_acc/FSM_onehot_state_r[7]_i_9/O
                         net (fo=2, routed)           0.065     0.773    u_tile_axi_16/u_tile_core/u_datapath/gen_acc_bank[0].u_acc/s_axi_awaddr[5]
    SLICE_X38Y83         LUT5 (Prop_lut5_I3_O)        0.045     0.818 r  u_tile_axi_16/u_tile_core/u_datapath/gen_acc_bank[0].u_acc/FSM_onehot_state_r[7]_i_5/O
                         net (fo=40, routed)          0.299     1.117    u_tile_axi_16/u_tile_core/u_datapath/gen_acc_bank[0].u_acc/s_axi_awvalid_0
    SLICE_X36Y82         LUT2 (Prop_lut2_I1_O)        0.045     1.162 f  u_tile_axi_16/u_tile_core/u_datapath/gen_acc_bank[0].u_acc/FSM_onehot_state_r[7]_i_2/O
                         net (fo=464, routed)         0.318     1.481    u_tile_axi_16/u_tile_core/u_controller/FSM_onehot_state_r_reg[7]_0
    SLICE_X32Y80         FDCE                                         f  u_tile_axi_16/u_tile_core/u_controller/FSM_onehot_state_r_reg[2]/CLR
  -------------------------------------------------------------------    -------------------

                         (clock aclk rise edge)       0.000     0.000 r  
                                                      0.000     0.000 r  aclk (IN)
                         net (fo=790, unset)          0.432     0.432    u_tile_axi_16/u_tile_core/u_controller/aclk
    SLICE_X32Y80         FDCE                                         r  u_tile_axi_16/u_tile_core/u_controller/FSM_onehot_state_r_reg[2]/C
                         clock pessimism              0.000     0.432    
                         clock uncertainty            0.200     0.632    
    SLICE_X32Y80         FDCE (Remov_fdce_C_CLR)     -0.067     0.565    u_tile_axi_16/u_tile_core/u_controller/FSM_onehot_state_r_reg[2]
  -------------------------------------------------------------------
                         required time                         -0.565    
                         arrival time                           1.481    
  -------------------------------------------------------------------
                         slack                                  0.916    

Slack (MET) :             0.916ns  (arrival time - required time)
  Source:                 u_tile_axi_16/wstrb_r_reg[0]/C
                            (rising edge-triggered cell FDCE clocked by aclk  {rise@0.000ns fall@5.000ns period=10.000ns})
  Destination:            u_tile_axi_16/u_tile_core/u_controller/FSM_onehot_state_r_reg[7]/CLR
                            (removal check against rising-edge clock aclk  {rise@0.000ns fall@5.000ns period=10.000ns})
  Path Group:             **async_default**
  Path Type:              Removal (Min at Fast Process Corner)
  Requirement:            0.000ns  (aclk rise@0.000ns - aclk rise@0.000ns)
  Data Path Delay:        1.070ns  (logic 0.276ns (25.783%)  route 0.794ns (74.217%))
  Logic Levels:           3  (LUT2=1 LUT5=1 LUT6=1)
  Clock Path Skew:        0.022ns (DCD - SCD - CPR)
    Destination Clock Delay (DCD):    0.432ns
    Source Clock Delay      (SCD):    0.410ns
    Clock Pessimism Removal (CPR):    -0.000ns
  Clock Uncertainty:      0.200ns  ((TSJ^2 + TIJ^2)^1/2 + DJ) / 2 + PE + UU
    Total System Jitter     (TSJ):    0.000ns
    Total Input Jitter      (TIJ):    0.000ns
    Discrete Jitter          (DJ):    0.000ns
    Phase Error              (PE):    0.000ns
    User Uncertainty         (UU):    0.200ns

    Location             Delay type                Incr(ns)  Path(ns)    Netlist Resource(s)
  -------------------------------------------------------------------    -------------------
                         (clock aclk rise edge)       0.000     0.000 r  
                                                      0.000     0.000 r  aclk (IN)
                         net (fo=790, unset)          0.410     0.410    u_tile_axi_16/aclk
    SLICE_X37Y83         FDCE                                         r  u_tile_axi_16/wstrb_r_reg[0]/C
  -------------------------------------------------------------------    -------------------
    SLICE_X37Y83         FDCE (Prop_fdce_C_Q)         0.141     0.551 f  u_tile_axi_16/wstrb_r_reg[0]/Q
                         net (fo=3, routed)           0.112     0.663    u_tile_axi_16/u_tile_core/u_datapath/gen_acc_bank[0].u_acc/wstrb_r[0]
    SLICE_X38Y83         LUT6 (Prop_lut6_I5_O)        0.045     0.708 r  u_tile_axi_16/u_tile_core/u_datapath/gen_acc_bank[0].u_acc/FSM_onehot_state_r[7]_i_9/O
                         net (fo=2, routed)           0.065     0.773    u_tile_axi_16/u_tile_core/u_datapath/gen_acc_bank[0].u_acc/s_axi_awaddr[5]
    SLICE_X38Y83         LUT5 (Prop_lut5_I3_O)        0.045     0.818 r  u_tile_axi_16/u_tile_core/u_datapath/gen_acc_bank[0].u_acc/FSM_onehot_state_r[7]_i_5/O
                         net (fo=40, routed)          0.299     1.117    u_tile_axi_16/u_tile_core/u_datapath/gen_acc_bank[0].u_acc/s_axi_awvalid_0
    SLICE_X36Y82         LUT2 (Prop_lut2_I1_O)        0.045     1.162 f  u_tile_axi_16/u_tile_core/u_datapath/gen_acc_bank[0].u_acc/FSM_onehot_state_r[7]_i_2/O
                         net (fo=464, routed)         0.318     1.481    u_tile_axi_16/u_tile_core/u_controller/FSM_onehot_state_r_reg[7]_0
    SLICE_X32Y80         FDCE                                         f  u_tile_axi_16/u_tile_core/u_controller/FSM_onehot_state_r_reg[7]/CLR
  -------------------------------------------------------------------    -------------------

                         (clock aclk rise edge)       0.000     0.000 r  
                                                      0.000     0.000 r  aclk (IN)
                         net (fo=790, unset)          0.432     0.432    u_tile_axi_16/u_tile_core/u_controller/aclk
    SLICE_X32Y80         FDCE                                         r  u_tile_axi_16/u_tile_core/u_controller/FSM_onehot_state_r_reg[7]/C
                         clock pessimism              0.000     0.432    
                         clock uncertainty            0.200     0.632    
    SLICE_X32Y80         FDCE (Remov_fdce_C_CLR)     -0.067     0.565    u_tile_axi_16/u_tile_core/u_controller/FSM_onehot_state_r_reg[7]
  -------------------------------------------------------------------
                         required time                         -0.565    
                         arrival time                           1.481    
  -------------------------------------------------------------------
                         slack                                  0.916    

Slack (MET) :             0.920ns  (arrival time - required time)
  Source:                 u_tile_axi_16/wstrb_r_reg[0]/C
                            (rising edge-triggered cell FDCE clocked by aclk  {rise@0.000ns fall@5.000ns period=10.000ns})
  Destination:            u_tile_axi_16/u_tile_core/u_controller/FSM_onehot_state_r_reg[1]/CLR
                            (removal check against rising-edge clock aclk  {rise@0.000ns fall@5.000ns period=10.000ns})
  Path Group:             **async_default**
  Path Type:              Removal (Min at Fast Process Corner)
  Requirement:            0.000ns  (aclk rise@0.000ns - aclk rise@0.000ns)
  Data Path Delay:        1.075ns  (logic 0.276ns (25.676%)  route 0.799ns (74.324%))
  Logic Levels:           3  (LUT2=1 LUT5=1 LUT6=1)
  Clock Path Skew:        0.022ns (DCD - SCD - CPR)
    Destination Clock Delay (DCD):    0.432ns
    Source Clock Delay      (SCD):    0.410ns
    Clock Pessimism Removal (CPR):    -0.000ns
  Clock Uncertainty:      0.200ns  ((TSJ^2 + TIJ^2)^1/2 + DJ) / 2 + PE + UU
    Total System Jitter     (TSJ):    0.000ns
    Total Input Jitter      (TIJ):    0.000ns
    Discrete Jitter          (DJ):    0.000ns
    Phase Error              (PE):    0.000ns
    User Uncertainty         (UU):    0.200ns

    Location             Delay type                Incr(ns)  Path(ns)    Netlist Resource(s)
  -------------------------------------------------------------------    -------------------
                         (clock aclk rise edge)       0.000     0.000 r  
                                                      0.000     0.000 r  aclk (IN)
                         net (fo=790, unset)          0.410     0.410    u_tile_axi_16/aclk
    SLICE_X37Y83         FDCE                                         r  u_tile_axi_16/wstrb_r_reg[0]/C
  -------------------------------------------------------------------    -------------------
    SLICE_X37Y83         FDCE (Prop_fdce_C_Q)         0.141     0.551 f  u_tile_axi_16/wstrb_r_reg[0]/Q
                         net (fo=3, routed)           0.112     0.663    u_tile_axi_16/u_tile_core/u_datapath/gen_acc_bank[0].u_acc/wstrb_r[0]
    SLICE_X38Y83         LUT6 (Prop_lut6_I5_O)        0.045     0.708 r  u_tile_axi_16/u_tile_core/u_datapath/gen_acc_bank[0].u_acc/FSM_onehot_state_r[7]_i_9/O
                         net (fo=2, routed)           0.065     0.773    u_tile_axi_16/u_tile_core/u_datapath/gen_acc_bank[0].u_acc/s_axi_awaddr[5]
    SLICE_X38Y83         LUT5 (Prop_lut5_I3_O)        0.045     0.818 r  u_tile_axi_16/u_tile_core/u_datapath/gen_acc_bank[0].u_acc/FSM_onehot_state_r[7]_i_5/O
                         net (fo=40, routed)          0.299     1.117    u_tile_axi_16/u_tile_core/u_datapath/gen_acc_bank[0].u_acc/s_axi_awvalid_0
    SLICE_X36Y82         LUT2 (Prop_lut2_I1_O)        0.045     1.162 f  u_tile_axi_16/u_tile_core/u_datapath/gen_acc_bank[0].u_acc/FSM_onehot_state_r[7]_i_2/O
                         net (fo=464, routed)         0.323     1.485    u_tile_axi_16/u_tile_core/u_controller/FSM_onehot_state_r_reg[7]_0
    SLICE_X34Y81         FDCE                                         f  u_tile_axi_16/u_tile_core/u_controller/FSM_onehot_state_r_reg[1]/CLR
  -------------------------------------------------------------------    -------------------

                         (clock aclk rise edge)       0.000     0.000 r  
                                                      0.000     0.000 r  aclk (IN)
                         net (fo=790, unset)          0.432     0.432    u_tile_axi_16/u_tile_core/u_controller/aclk
    SLICE_X34Y81         FDCE                                         r  u_tile_axi_16/u_tile_core/u_controller/FSM_onehot_state_r_reg[1]/C
                         clock pessimism              0.000     0.432    
                         clock uncertainty            0.200     0.632    
    SLICE_X34Y81         FDCE (Remov_fdce_C_CLR)     -0.067     0.565    u_tile_axi_16/u_tile_core/u_controller/FSM_onehot_state_r_reg[1]
  -------------------------------------------------------------------
                         required time                         -0.565    
                         arrival time                           1.485    
  -------------------------------------------------------------------
                         slack                                  0.920    

Slack (MET) :             0.924ns  (arrival time - required time)
  Source:                 u_tile_axi_16/wstrb_r_reg[0]/C
                            (rising edge-triggered cell FDCE clocked by aclk  {rise@0.000ns fall@5.000ns period=10.000ns})
  Destination:            u_tile_axi_16/u_tile_core/u_controller/FSM_onehot_state_r_reg[0]/PRE
                            (removal check against rising-edge clock aclk  {rise@0.000ns fall@5.000ns period=10.000ns})
  Path Group:             **async_default**
  Path Type:              Removal (Min at Fast Process Corner)
  Requirement:            0.000ns  (aclk rise@0.000ns - aclk rise@0.000ns)
  Data Path Delay:        1.075ns  (logic 0.276ns (25.676%)  route 0.799ns (74.324%))
  Logic Levels:           3  (LUT2=1 LUT5=1 LUT6=1)
  Clock Path Skew:        0.022ns (DCD - SCD - CPR)
    Destination Clock Delay (DCD):    0.432ns
    Source Clock Delay      (SCD):    0.410ns
    Clock Pessimism Removal (CPR):    -0.000ns
  Clock Uncertainty:      0.200ns  ((TSJ^2 + TIJ^2)^1/2 + DJ) / 2 + PE + UU
    Total System Jitter     (TSJ):    0.000ns
    Total Input Jitter      (TIJ):    0.000ns
    Discrete Jitter          (DJ):    0.000ns
    Phase Error              (PE):    0.000ns
    User Uncertainty         (UU):    0.200ns

    Location             Delay type                Incr(ns)  Path(ns)    Netlist Resource(s)
  -------------------------------------------------------------------    -------------------
                         (clock aclk rise edge)       0.000     0.000 r  
                                                      0.000     0.000 r  aclk (IN)
                         net (fo=790, unset)          0.410     0.410    u_tile_axi_16/aclk
    SLICE_X37Y83         FDCE                                         r  u_tile_axi_16/wstrb_r_reg[0]/C
  -------------------------------------------------------------------    -------------------
    SLICE_X37Y83         FDCE (Prop_fdce_C_Q)         0.141     0.551 f  u_tile_axi_16/wstrb_r_reg[0]/Q
                         net (fo=3, routed)           0.112     0.663    u_tile_axi_16/u_tile_core/u_datapath/gen_acc_bank[0].u_acc/wstrb_r[0]
    SLICE_X38Y83         LUT6 (Prop_lut6_I5_O)        0.045     0.708 r  u_tile_axi_16/u_tile_core/u_datapath/gen_acc_bank[0].u_acc/FSM_onehot_state_r[7]_i_9/O
                         net (fo=2, routed)           0.065     0.773    u_tile_axi_16/u_tile_core/u_datapath/gen_acc_bank[0].u_acc/s_axi_awaddr[5]
    SLICE_X38Y83         LUT5 (Prop_lut5_I3_O)        0.045     0.818 r  u_tile_axi_16/u_tile_core/u_datapath/gen_acc_bank[0].u_acc/FSM_onehot_state_r[7]_i_5/O
                         net (fo=40, routed)          0.299     1.117    u_tile_axi_16/u_tile_core/u_datapath/gen_acc_bank[0].u_acc/s_axi_awvalid_0
    SLICE_X36Y82         LUT2 (Prop_lut2_I1_O)        0.045     1.162 f  u_tile_axi_16/u_tile_core/u_datapath/gen_acc_bank[0].u_acc/FSM_onehot_state_r[7]_i_2/O
                         net (fo=464, routed)         0.323     1.485    u_tile_axi_16/u_tile_core/u_controller/FSM_onehot_state_r_reg[7]_0
    SLICE_X34Y81         FDPE                                         f  u_tile_axi_16/u_tile_core/u_controller/FSM_onehot_state_r_reg[0]/PRE
  -------------------------------------------------------------------    -------------------

                         (clock aclk rise edge)       0.000     0.000 r  
                                                      0.000     0.000 r  aclk (IN)
                         net (fo=790, unset)          0.432     0.432    u_tile_axi_16/u_tile_core/u_controller/aclk
    SLICE_X34Y81         FDPE                                         r  u_tile_axi_16/u_tile_core/u_controller/FSM_onehot_state_r_reg[0]/C
                         clock pessimism              0.000     0.432    
                         clock uncertainty            0.200     0.632    
    SLICE_X34Y81         FDPE (Remov_fdpe_C_PRE)     -0.071     0.561    u_tile_axi_16/u_tile_core/u_controller/FSM_onehot_state_r_reg[0]
  -------------------------------------------------------------------
                         required time                         -0.561    
                         arrival time                           1.485    
  -------------------------------------------------------------------
                         slack                                  0.924    

Slack (MET) :             0.925ns  (arrival time - required time)
  Source:                 u_tile_axi_16/wstrb_r_reg[0]/C
                            (rising edge-triggered cell FDCE clocked by aclk  {rise@0.000ns fall@5.000ns period=10.000ns})
  Destination:            u_tile_axi_16/u_tile_core/u_input_loader/bank_r_reg[0]/CLR
                            (removal check against rising-edge clock aclk  {rise@0.000ns fall@5.000ns period=10.000ns})
  Path Group:             **async_default**
  Path Type:              Removal (Min at Fast Process Corner)
  Requirement:            0.000ns  (aclk rise@0.000ns - aclk rise@0.000ns)
  Data Path Delay:        1.055ns  (logic 0.276ns (26.166%)  route 0.779ns (73.834%))
  Logic Levels:           3  (LUT2=1 LUT5=1 LUT6=1)
  Clock Path Skew:        0.022ns (DCD - SCD - CPR)
    Destination Clock Delay (DCD):    0.432ns
    Source Clock Delay      (SCD):    0.410ns
    Clock Pessimism Removal (CPR):    -0.000ns
  Clock Uncertainty:      0.200ns  ((TSJ^2 + TIJ^2)^1/2 + DJ) / 2 + PE + UU
    Total System Jitter     (TSJ):    0.000ns
    Total Input Jitter      (TIJ):    0.000ns
    Discrete Jitter          (DJ):    0.000ns
    Phase Error              (PE):    0.000ns
    User Uncertainty         (UU):    0.200ns

    Location             Delay type                Incr(ns)  Path(ns)    Netlist Resource(s)
  -------------------------------------------------------------------    -------------------
                         (clock aclk rise edge)       0.000     0.000 r  
                                                      0.000     0.000 r  aclk (IN)
                         net (fo=790, unset)          0.410     0.410    u_tile_axi_16/aclk
    SLICE_X37Y83         FDCE                                         r  u_tile_axi_16/wstrb_r_reg[0]/C
  -------------------------------------------------------------------    -------------------
    SLICE_X37Y83         FDCE (Prop_fdce_C_Q)         0.141     0.551 f  u_tile_axi_16/wstrb_r_reg[0]/Q
                         net (fo=3, routed)           0.112     0.663    u_tile_axi_16/u_tile_core/u_datapath/gen_acc_bank[0].u_acc/wstrb_r[0]
    SLICE_X38Y83         LUT6 (Prop_lut6_I5_O)        0.045     0.708 r  u_tile_axi_16/u_tile_core/u_datapath/gen_acc_bank[0].u_acc/FSM_onehot_state_r[7]_i_9/O
                         net (fo=2, routed)           0.065     0.773    u_tile_axi_16/u_tile_core/u_datapath/gen_acc_bank[0].u_acc/s_axi_awaddr[5]
    SLICE_X38Y83         LUT5 (Prop_lut5_I3_O)        0.045     0.818 r  u_tile_axi_16/u_tile_core/u_datapath/gen_acc_bank[0].u_acc/FSM_onehot_state_r[7]_i_5/O
                         net (fo=40, routed)          0.299     1.117    u_tile_axi_16/u_tile_core/u_datapath/gen_acc_bank[0].u_acc/s_axi_awvalid_0
    SLICE_X36Y82         LUT2 (Prop_lut2_I1_O)        0.045     1.162 f  u_tile_axi_16/u_tile_core/u_datapath/gen_acc_bank[0].u_acc/FSM_onehot_state_r[7]_i_2/O
                         net (fo=464, routed)         0.303     1.465    u_tile_axi_16/u_tile_core/u_input_loader/bank_r_reg[0]_0
    SLICE_X37Y77         FDCE                                         f  u_tile_axi_16/u_tile_core/u_input_loader/bank_r_reg[0]/CLR
  -------------------------------------------------------------------    -------------------

                         (clock aclk rise edge)       0.000     0.000 r  
                                                      0.000     0.000 r  aclk (IN)
                         net (fo=790, unset)          0.432     0.432    u_tile_axi_16/u_tile_core/u_input_loader/aclk
    SLICE_X37Y77         FDCE                                         r  u_tile_axi_16/u_tile_core/u_input_loader/bank_r_reg[0]/C
                         clock pessimism              0.000     0.432    
                         clock uncertainty            0.200     0.632    
    SLICE_X37Y77         FDCE (Remov_fdce_C_CLR)     -0.092     0.540    u_tile_axi_16/u_tile_core/u_input_loader/bank_r_reg[0]
  -------------------------------------------------------------------
                         required time                         -0.540    
                         arrival time                           1.465    
  -------------------------------------------------------------------
                         slack                                  0.925    

Slack (MET) :             0.925ns  (arrival time - required time)
  Source:                 u_tile_axi_16/wstrb_r_reg[0]/C
                            (rising edge-triggered cell FDCE clocked by aclk  {rise@0.000ns fall@5.000ns period=10.000ns})
  Destination:            u_tile_axi_16/u_tile_core/u_input_loader/bank_r_reg[1]/CLR
                            (removal check against rising-edge clock aclk  {rise@0.000ns fall@5.000ns period=10.000ns})
  Path Group:             **async_default**
  Path Type:              Removal (Min at Fast Process Corner)
  Requirement:            0.000ns  (aclk rise@0.000ns - aclk rise@0.000ns)
  Data Path Delay:        1.055ns  (logic 0.276ns (26.166%)  route 0.779ns (73.834%))
  Logic Levels:           3  (LUT2=1 LUT5=1 LUT6=1)
  Clock Path Skew:        0.022ns (DCD - SCD - CPR)
    Destination Clock Delay (DCD):    0.432ns
    Source Clock Delay      (SCD):    0.410ns
    Clock Pessimism Removal (CPR):    -0.000ns
  Clock Uncertainty:      0.200ns  ((TSJ^2 + TIJ^2)^1/2 + DJ) / 2 + PE + UU
    Total System Jitter     (TSJ):    0.000ns
    Total Input Jitter      (TIJ):    0.000ns
    Discrete Jitter          (DJ):    0.000ns
    Phase Error              (PE):    0.000ns
    User Uncertainty         (UU):    0.200ns

    Location             Delay type                Incr(ns)  Path(ns)    Netlist Resource(s)
  -------------------------------------------------------------------    -------------------
                         (clock aclk rise edge)       0.000     0.000 r  
                                                      0.000     0.000 r  aclk (IN)
                         net (fo=790, unset)          0.410     0.410    u_tile_axi_16/aclk
    SLICE_X37Y83         FDCE                                         r  u_tile_axi_16/wstrb_r_reg[0]/C
  -------------------------------------------------------------------    -------------------
    SLICE_X37Y83         FDCE (Prop_fdce_C_Q)         0.141     0.551 f  u_tile_axi_16/wstrb_r_reg[0]/Q
                         net (fo=3, routed)           0.112     0.663    u_tile_axi_16/u_tile_core/u_datapath/gen_acc_bank[0].u_acc/wstrb_r[0]
    SLICE_X38Y83         LUT6 (Prop_lut6_I5_O)        0.045     0.708 r  u_tile_axi_16/u_tile_core/u_datapath/gen_acc_bank[0].u_acc/FSM_onehot_state_r[7]_i_9/O
                         net (fo=2, routed)           0.065     0.773    u_tile_axi_16/u_tile_core/u_datapath/gen_acc_bank[0].u_acc/s_axi_awaddr[5]
    SLICE_X38Y83         LUT5 (Prop_lut5_I3_O)        0.045     0.818 r  u_tile_axi_16/u_tile_core/u_datapath/gen_acc_bank[0].u_acc/FSM_onehot_state_r[7]_i_5/O
                         net (fo=40, routed)          0.299     1.117    u_tile_axi_16/u_tile_core/u_datapath/gen_acc_bank[0].u_acc/s_axi_awvalid_0
    SLICE_X36Y82         LUT2 (Prop_lut2_I1_O)        0.045     1.162 f  u_tile_axi_16/u_tile_core/u_datapath/gen_acc_bank[0].u_acc/FSM_onehot_state_r[7]_i_2/O
                         net (fo=464, routed)         0.303     1.465    u_tile_axi_16/u_tile_core/u_input_loader/bank_r_reg[0]_0
    SLICE_X37Y77         FDCE                                         f  u_tile_axi_16/u_tile_core/u_input_loader/bank_r_reg[1]/CLR
  -------------------------------------------------------------------    -------------------

                         (clock aclk rise edge)       0.000     0.000 r  
                                                      0.000     0.000 r  aclk (IN)
                         net (fo=790, unset)          0.432     0.432    u_tile_axi_16/u_tile_core/u_input_loader/aclk
    SLICE_X37Y77         FDCE                                         r  u_tile_axi_16/u_tile_core/u_input_loader/bank_r_reg[1]/C
                         clock pessimism              0.000     0.432    
                         clock uncertainty            0.200     0.632    
    SLICE_X37Y77         FDCE (Remov_fdce_C_CLR)     -0.092     0.540    u_tile_axi_16/u_tile_core/u_input_loader/bank_r_reg[1]
  -------------------------------------------------------------------
                         required time                         -0.540    
                         arrival time                           1.465    
  -------------------------------------------------------------------
                         slack                                  0.925    

Slack (MET) :             0.925ns  (arrival time - required time)
  Source:                 u_tile_axi_16/wstrb_r_reg[0]/C
                            (rising edge-triggered cell FDCE clocked by aclk  {rise@0.000ns fall@5.000ns period=10.000ns})
  Destination:            u_tile_axi_16/u_tile_core/u_line_buffer/read_valid_r_reg/CLR
                            (removal check against rising-edge clock aclk  {rise@0.000ns fall@5.000ns period=10.000ns})
  Path Group:             **async_default**
  Path Type:              Removal (Min at Fast Process Corner)
  Requirement:            0.000ns  (aclk rise@0.000ns - aclk rise@0.000ns)
  Data Path Delay:        1.055ns  (logic 0.276ns (26.166%)  route 0.779ns (73.834%))
  Logic Levels:           3  (LUT2=1 LUT5=1 LUT6=1)
  Clock Path Skew:        0.022ns (DCD - SCD - CPR)
    Destination Clock Delay (DCD):    0.432ns
    Source Clock Delay      (SCD):    0.410ns
    Clock Pessimism Removal (CPR):    -0.000ns
  Clock Uncertainty:      0.200ns  ((TSJ^2 + TIJ^2)^1/2 + DJ) / 2 + PE + UU
    Total System Jitter     (TSJ):    0.000ns
    Total Input Jitter      (TIJ):    0.000ns
    Discrete Jitter          (DJ):    0.000ns
    Phase Error              (PE):    0.000ns
    User Uncertainty         (UU):    0.200ns

    Location             Delay type                Incr(ns)  Path(ns)    Netlist Resource(s)
  -------------------------------------------------------------------    -------------------
                         (clock aclk rise edge)       0.000     0.000 r  
                                                      0.000     0.000 r  aclk (IN)
                         net (fo=790, unset)          0.410     0.410    u_tile_axi_16/aclk
    SLICE_X37Y83         FDCE                                         r  u_tile_axi_16/wstrb_r_reg[0]/C
  -------------------------------------------------------------------    -------------------
    SLICE_X37Y83         FDCE (Prop_fdce_C_Q)         0.141     0.551 f  u_tile_axi_16/wstrb_r_reg[0]/Q
                         net (fo=3, routed)           0.112     0.663    u_tile_axi_16/u_tile_core/u_datapath/gen_acc_bank[0].u_acc/wstrb_r[0]
    SLICE_X38Y83         LUT6 (Prop_lut6_I5_O)        0.045     0.708 r  u_tile_axi_16/u_tile_core/u_datapath/gen_acc_bank[0].u_acc/FSM_onehot_state_r[7]_i_9/O
                         net (fo=2, routed)           0.065     0.773    u_tile_axi_16/u_tile_core/u_datapath/gen_acc_bank[0].u_acc/s_axi_awaddr[5]
    SLICE_X38Y83         LUT5 (Prop_lut5_I3_O)        0.045     0.818 r  u_tile_axi_16/u_tile_core/u_datapath/gen_acc_bank[0].u_acc/FSM_onehot_state_r[7]_i_5/O
                         net (fo=40, routed)          0.299     1.117    u_tile_axi_16/u_tile_core/u_datapath/gen_acc_bank[0].u_acc/s_axi_awvalid_0
    SLICE_X36Y82         LUT2 (Prop_lut2_I1_O)        0.045     1.162 f  u_tile_axi_16/u_tile_core/u_datapath/gen_acc_bank[0].u_acc/FSM_onehot_state_r[7]_i_2/O
                         net (fo=464, routed)         0.303     1.465    u_tile_axi_16/u_tile_core/u_line_buffer/read_valid_r_reg_0
    SLICE_X37Y77         FDCE                                         f  u_tile_axi_16/u_tile_core/u_line_buffer/read_valid_r_reg/CLR
  -------------------------------------------------------------------    -------------------

                         (clock aclk rise edge)       0.000     0.000 r  
                                                      0.000     0.000 r  aclk (IN)
                         net (fo=790, unset)          0.432     0.432    u_tile_axi_16/u_tile_core/u_line_buffer/aclk
    SLICE_X37Y77         FDCE                                         r  u_tile_axi_16/u_tile_core/u_line_buffer/read_valid_r_reg/C
                         clock pessimism              0.000     0.432    
                         clock uncertainty            0.200     0.632    
    SLICE_X37Y77         FDCE (Remov_fdce_C_CLR)     -0.092     0.540    u_tile_axi_16/u_tile_core/u_line_buffer/read_valid_r_reg
  -------------------------------------------------------------------
                         required time                         -0.540    
                         arrival time                           1.465    
  -------------------------------------------------------------------
                         slack                                  0.925    

Slack (MET) :             0.927ns  (arrival time - required time)
  Source:                 u_tile_axi_16/wstrb_r_reg[0]/C
                            (rising edge-triggered cell FDCE clocked by aclk  {rise@0.000ns fall@5.000ns period=10.000ns})
  Destination:            u_tile_axi_16/u_tile_core/u_input_loader/error_o_reg[0]/CLR
                            (removal check against rising-edge clock aclk  {rise@0.000ns fall@5.000ns period=10.000ns})
  Path Group:             **async_default**
  Path Type:              Removal (Min at Fast Process Corner)
  Requirement:            0.000ns  (aclk rise@0.000ns - aclk rise@0.000ns)
  Data Path Delay:        1.082ns  (logic 0.276ns (25.516%)  route 0.806ns (74.484%))
  Logic Levels:           3  (LUT2=1 LUT5=1 LUT6=1)
  Clock Path Skew:        0.022ns (DCD - SCD - CPR)
    Destination Clock Delay (DCD):    0.432ns
    Source Clock Delay      (SCD):    0.410ns
    Clock Pessimism Removal (CPR):    -0.000ns
  Clock Uncertainty:      0.200ns  ((TSJ^2 + TIJ^2)^1/2 + DJ) / 2 + PE + UU
    Total System Jitter     (TSJ):    0.000ns
    Total Input Jitter      (TIJ):    0.000ns
    Discrete Jitter          (DJ):    0.000ns
    Phase Error              (PE):    0.000ns
    User Uncertainty         (UU):    0.200ns

    Location             Delay type                Incr(ns)  Path(ns)    Netlist Resource(s)
  -------------------------------------------------------------------    -------------------
                         (clock aclk rise edge)       0.000     0.000 r  
                                                      0.000     0.000 r  aclk (IN)
                         net (fo=790, unset)          0.410     0.410    u_tile_axi_16/aclk
    SLICE_X37Y83         FDCE                                         r  u_tile_axi_16/wstrb_r_reg[0]/C
  -------------------------------------------------------------------    -------------------
    SLICE_X37Y83         FDCE (Prop_fdce_C_Q)         0.141     0.551 f  u_tile_axi_16/wstrb_r_reg[0]/Q
                         net (fo=3, routed)           0.112     0.663    u_tile_axi_16/u_tile_core/u_datapath/gen_acc_bank[0].u_acc/wstrb_r[0]
    SLICE_X38Y83         LUT6 (Prop_lut6_I5_O)        0.045     0.708 r  u_tile_axi_16/u_tile_core/u_datapath/gen_acc_bank[0].u_acc/FSM_onehot_state_r[7]_i_9/O
                         net (fo=2, routed)           0.065     0.773    u_tile_axi_16/u_tile_core/u_datapath/gen_acc_bank[0].u_acc/s_axi_awaddr[5]
    SLICE_X38Y83         LUT5 (Prop_lut5_I3_O)        0.045     0.818 r  u_tile_axi_16/u_tile_core/u_datapath/gen_acc_bank[0].u_acc/FSM_onehot_state_r[7]_i_5/O
                         net (fo=40, routed)          0.299     1.117    u_tile_axi_16/u_tile_core/u_datapath/gen_acc_bank[0].u_acc/s_axi_awvalid_0
    SLICE_X36Y82         LUT2 (Prop_lut2_I1_O)        0.045     1.162 f  u_tile_axi_16/u_tile_core/u_datapath/gen_acc_bank[0].u_acc/FSM_onehot_state_r[7]_i_2/O
                         net (fo=464, routed)         0.330     1.492    u_tile_axi_16/u_tile_core/u_input_loader/bank_r_reg[0]_0
    SLICE_X34Y79         FDCE                                         f  u_tile_axi_16/u_tile_core/u_input_loader/error_o_reg[0]/CLR
  -------------------------------------------------------------------    -------------------

                         (clock aclk rise edge)       0.000     0.000 r  
                                                      0.000     0.000 r  aclk (IN)
                         net (fo=790, unset)          0.432     0.432    u_tile_axi_16/u_tile_core/u_input_loader/aclk
    SLICE_X34Y79         FDCE                                         r  u_tile_axi_16/u_tile_core/u_input_loader/error_o_reg[0]/C
                         clock pessimism              0.000     0.432    
                         clock uncertainty            0.200     0.632    
    SLICE_X34Y79         FDCE (Remov_fdce_C_CLR)     -0.067     0.565    u_tile_axi_16/u_tile_core/u_input_loader/error_o_reg[0]
  -------------------------------------------------------------------
                         required time                         -0.565    
                         arrival time                           1.492    
  -------------------------------------------------------------------
                         slack                                  0.927    

Slack (MET) :             0.941ns  (arrival time - required time)
  Source:                 u_tile_axi_16/wstrb_r_reg[0]/C
                            (rising edge-triggered cell FDCE clocked by aclk  {rise@0.000ns fall@5.000ns period=10.000ns})
  Destination:            u_tile_axi_16/u_tile_core/u_controller/initial_rows_r_reg[0]/CLR
                            (removal check against rising-edge clock aclk  {rise@0.000ns fall@5.000ns period=10.000ns})
  Path Group:             **async_default**
  Path Type:              Removal (Min at Fast Process Corner)
  Requirement:            0.000ns  (aclk rise@0.000ns - aclk rise@0.000ns)
  Data Path Delay:        1.070ns  (logic 0.276ns (25.783%)  route 0.794ns (74.217%))
  Logic Levels:           3  (LUT2=1 LUT5=1 LUT6=1)
  Clock Path Skew:        0.022ns (DCD - SCD - CPR)
    Destination Clock Delay (DCD):    0.432ns
    Source Clock Delay      (SCD):    0.410ns
    Clock Pessimism Removal (CPR):    -0.000ns
  Clock Uncertainty:      0.200ns  ((TSJ^2 + TIJ^2)^1/2 + DJ) / 2 + PE + UU
    Total System Jitter     (TSJ):    0.000ns
    Total Input Jitter      (TIJ):    0.000ns
    Discrete Jitter          (DJ):    0.000ns
    Phase Error              (PE):    0.000ns
    User Uncertainty         (UU):    0.200ns

    Location             Delay type                Incr(ns)  Path(ns)    Netlist Resource(s)
  -------------------------------------------------------------------    -------------------
                         (clock aclk rise edge)       0.000     0.000 r  
                                                      0.000     0.000 r  aclk (IN)
                         net (fo=790, unset)          0.410     0.410    u_tile_axi_16/aclk
    SLICE_X37Y83         FDCE                                         r  u_tile_axi_16/wstrb_r_reg[0]/C
  -------------------------------------------------------------------    -------------------
    SLICE_X37Y83         FDCE (Prop_fdce_C_Q)         0.141     0.551 f  u_tile_axi_16/wstrb_r_reg[0]/Q
                         net (fo=3, routed)           0.112     0.663    u_tile_axi_16/u_tile_core/u_datapath/gen_acc_bank[0].u_acc/wstrb_r[0]
    SLICE_X38Y83         LUT6 (Prop_lut6_I5_O)        0.045     0.708 r  u_tile_axi_16/u_tile_core/u_datapath/gen_acc_bank[0].u_acc/FSM_onehot_state_r[7]_i_9/O
                         net (fo=2, routed)           0.065     0.773    u_tile_axi_16/u_tile_core/u_datapath/gen_acc_bank[0].u_acc/s_axi_awaddr[5]
    SLICE_X38Y83         LUT5 (Prop_lut5_I3_O)        0.045     0.818 r  u_tile_axi_16/u_tile_core/u_datapath/gen_acc_bank[0].u_acc/FSM_onehot_state_r[7]_i_5/O
                         net (fo=40, routed)          0.299     1.117    u_tile_axi_16/u_tile_core/u_datapath/gen_acc_bank[0].u_acc/s_axi_awvalid_0
    SLICE_X36Y82         LUT2 (Prop_lut2_I1_O)        0.045     1.162 f  u_tile_axi_16/u_tile_core/u_datapath/gen_acc_bank[0].u_acc/FSM_onehot_state_r[7]_i_2/O
                         net (fo=464, routed)         0.318     1.481    u_tile_axi_16/u_tile_core/u_controller/FSM_onehot_state_r_reg[7]_0
    SLICE_X33Y80         FDCE                                         f  u_tile_axi_16/u_tile_core/u_controller/initial_rows_r_reg[0]/CLR
  -------------------------------------------------------------------    -------------------

                         (clock aclk rise edge)       0.000     0.000 r  
                                                      0.000     0.000 r  aclk (IN)
                         net (fo=790, unset)          0.432     0.432    u_tile_axi_16/u_tile_core/u_controller/aclk
    SLICE_X33Y80         FDCE                                         r  u_tile_axi_16/u_tile_core/u_controller/initial_rows_r_reg[0]/C
                         clock pessimism              0.000     0.432    
                         clock uncertainty            0.200     0.632    
    SLICE_X33Y80         FDCE (Remov_fdce_C_CLR)     -0.092     0.540    u_tile_axi_16/u_tile_core/u_controller/initial_rows_r_reg[0]
  -------------------------------------------------------------------
                         required time                         -0.540    
                         arrival time                           1.481    
  -------------------------------------------------------------------
                         slack                                  0.941    

Slack (MET) :             0.941ns  (arrival time - required time)
  Source:                 u_tile_axi_16/wstrb_r_reg[0]/C
                            (rising edge-triggered cell FDCE clocked by aclk  {rise@0.000ns fall@5.000ns period=10.000ns})
  Destination:            u_tile_axi_16/u_tile_core/u_controller/initial_rows_r_reg[1]/CLR
                            (removal check against rising-edge clock aclk  {rise@0.000ns fall@5.000ns period=10.000ns})
  Path Group:             **async_default**
  Path Type:              Removal (Min at Fast Process Corner)
  Requirement:            0.000ns  (aclk rise@0.000ns - aclk rise@0.000ns)
  Data Path Delay:        1.070ns  (logic 0.276ns (25.783%)  route 0.794ns (74.217%))
  Logic Levels:           3  (LUT2=1 LUT5=1 LUT6=1)
  Clock Path Skew:        0.022ns (DCD - SCD - CPR)
    Destination Clock Delay (DCD):    0.432ns
    Source Clock Delay      (SCD):    0.410ns
    Clock Pessimism Removal (CPR):    -0.000ns
  Clock Uncertainty:      0.200ns  ((TSJ^2 + TIJ^2)^1/2 + DJ) / 2 + PE + UU
    Total System Jitter     (TSJ):    0.000ns
    Total Input Jitter      (TIJ):    0.000ns
    Discrete Jitter          (DJ):    0.000ns
    Phase Error              (PE):    0.000ns
    User Uncertainty         (UU):    0.200ns

    Location             Delay type                Incr(ns)  Path(ns)    Netlist Resource(s)
  -------------------------------------------------------------------    -------------------
                         (clock aclk rise edge)       0.000     0.000 r  
                                                      0.000     0.000 r  aclk (IN)
                         net (fo=790, unset)          0.410     0.410    u_tile_axi_16/aclk
    SLICE_X37Y83         FDCE                                         r  u_tile_axi_16/wstrb_r_reg[0]/C
  -------------------------------------------------------------------    -------------------
    SLICE_X37Y83         FDCE (Prop_fdce_C_Q)         0.141     0.551 f  u_tile_axi_16/wstrb_r_reg[0]/Q
                         net (fo=3, routed)           0.112     0.663    u_tile_axi_16/u_tile_core/u_datapath/gen_acc_bank[0].u_acc/wstrb_r[0]
    SLICE_X38Y83         LUT6 (Prop_lut6_I5_O)        0.045     0.708 r  u_tile_axi_16/u_tile_core/u_datapath/gen_acc_bank[0].u_acc/FSM_onehot_state_r[7]_i_9/O
                         net (fo=2, routed)           0.065     0.773    u_tile_axi_16/u_tile_core/u_datapath/gen_acc_bank[0].u_acc/s_axi_awaddr[5]
    SLICE_X38Y83         LUT5 (Prop_lut5_I3_O)        0.045     0.818 r  u_tile_axi_16/u_tile_core/u_datapath/gen_acc_bank[0].u_acc/FSM_onehot_state_r[7]_i_5/O
                         net (fo=40, routed)          0.299     1.117    u_tile_axi_16/u_tile_core/u_datapath/gen_acc_bank[0].u_acc/s_axi_awvalid_0
    SLICE_X36Y82         LUT2 (Prop_lut2_I1_O)        0.045     1.162 f  u_tile_axi_16/u_tile_core/u_datapath/gen_acc_bank[0].u_acc/FSM_onehot_state_r[7]_i_2/O
                         net (fo=464, routed)         0.318     1.481    u_tile_axi_16/u_tile_core/u_controller/FSM_onehot_state_r_reg[7]_0
    SLICE_X33Y80         FDCE                                         f  u_tile_axi_16/u_tile_core/u_controller/initial_rows_r_reg[1]/CLR
  -------------------------------------------------------------------    -------------------

                         (clock aclk rise edge)       0.000     0.000 r  
                                                      0.000     0.000 r  aclk (IN)
                         net (fo=790, unset)          0.432     0.432    u_tile_axi_16/u_tile_core/u_controller/aclk
    SLICE_X33Y80         FDCE                                         r  u_tile_axi_16/u_tile_core/u_controller/initial_rows_r_reg[1]/C
                         clock pessimism              0.000     0.432    
                         clock uncertainty            0.200     0.632    
    SLICE_X33Y80         FDCE (Remov_fdce_C_CLR)     -0.092     0.540    u_tile_axi_16/u_tile_core/u_controller/initial_rows_r_reg[1]
  -------------------------------------------------------------------
                         required time                         -0.540    
                         arrival time                           1.481    
  -------------------------------------------------------------------
                         slack                                  0.941    

Slack (MET) :             0.941ns  (arrival time - required time)
  Source:                 u_tile_axi_16/wstrb_r_reg[0]/C
                            (rising edge-triggered cell FDCE clocked by aclk  {rise@0.000ns fall@5.000ns period=10.000ns})
  Destination:            u_tile_axi_16/u_tile_core/u_input_loader/active_r_reg/CLR
                            (removal check against rising-edge clock aclk  {rise@0.000ns fall@5.000ns period=10.000ns})
  Path Group:             **async_default**
  Path Type:              Removal (Min at Fast Process Corner)
  Requirement:            0.000ns  (aclk rise@0.000ns - aclk rise@0.000ns)
  Data Path Delay:        1.070ns  (logic 0.276ns (25.783%)  route 0.794ns (74.217%))
  Logic Levels:           3  (LUT2=1 LUT5=1 LUT6=1)
  Clock Path Skew:        0.022ns (DCD - SCD - CPR)
    Destination Clock Delay (DCD):    0.432ns
    Source Clock Delay      (SCD):    0.410ns
    Clock Pessimism Removal (CPR):    -0.000ns
  Clock Uncertainty:      0.200ns  ((TSJ^2 + TIJ^2)^1/2 + DJ) / 2 + PE + UU
    Total System Jitter     (TSJ):    0.000ns
    Total Input Jitter      (TIJ):    0.000ns
    Discrete Jitter          (DJ):    0.000ns
    Phase Error              (PE):    0.000ns
    User Uncertainty         (UU):    0.200ns

    Location             Delay type                Incr(ns)  Path(ns)    Netlist Resource(s)
  -------------------------------------------------------------------    -------------------
                         (clock aclk rise edge)       0.000     0.000 r  
                                                      0.000     0.000 r  aclk (IN)
                         net (fo=790, unset)          0.410     0.410    u_tile_axi_16/aclk
    SLICE_X37Y83         FDCE                                         r  u_tile_axi_16/wstrb_r_reg[0]/C
  -------------------------------------------------------------------    -------------------
    SLICE_X37Y83         FDCE (Prop_fdce_C_Q)         0.141     0.551 f  u_tile_axi_16/wstrb_r_reg[0]/Q
                         net (fo=3, routed)           0.112     0.663    u_tile_axi_16/u_tile_core/u_datapath/gen_acc_bank[0].u_acc/wstrb_r[0]
    SLICE_X38Y83         LUT6 (Prop_lut6_I5_O)        0.045     0.708 r  u_tile_axi_16/u_tile_core/u_datapath/gen_acc_bank[0].u_acc/FSM_onehot_state_r[7]_i_9/O
                         net (fo=2, routed)           0.065     0.773    u_tile_axi_16/u_tile_core/u_datapath/gen_acc_bank[0].u_acc/s_axi_awaddr[5]
    SLICE_X38Y83         LUT5 (Prop_lut5_I3_O)        0.045     0.818 r  u_tile_axi_16/u_tile_core/u_datapath/gen_acc_bank[0].u_acc/FSM_onehot_state_r[7]_i_5/O
                         net (fo=40, routed)          0.299     1.117    u_tile_axi_16/u_tile_core/u_datapath/gen_acc_bank[0].u_acc/s_axi_awvalid_0
    SLICE_X36Y82         LUT2 (Prop_lut2_I1_O)        0.045     1.162 f  u_tile_axi_16/u_tile_core/u_datapath/gen_acc_bank[0].u_acc/FSM_onehot_state_r[7]_i_2/O
                         net (fo=464, routed)         0.318     1.481    u_tile_axi_16/u_tile_core/u_input_loader/bank_r_reg[0]_0
    SLICE_X33Y80         FDCE                                         f  u_tile_axi_16/u_tile_core/u_input_loader/active_r_reg/CLR
  -------------------------------------------------------------------    -------------------

                         (clock aclk rise edge)       0.000     0.000 r  
                                                      0.000     0.000 r  aclk (IN)
                         net (fo=790, unset)          0.432     0.432    u_tile_axi_16/u_tile_core/u_input_loader/aclk
    SLICE_X33Y80         FDCE                                         r  u_tile_axi_16/u_tile_core/u_input_loader/active_r_reg/C
                         clock pessimism              0.000     0.432    
                         clock uncertainty            0.200     0.632    
    SLICE_X33Y80         FDCE (Remov_fdce_C_CLR)     -0.092     0.540    u_tile_axi_16/u_tile_core/u_input_loader/active_r_reg
  -------------------------------------------------------------------
                         required time                         -0.540    
                         arrival time                           1.481    
  -------------------------------------------------------------------
                         slack                                  0.941    

Slack (MET) :             0.943ns  (arrival time - required time)
  Source:                 u_tile_axi_16/wstrb_r_reg[0]/C
                            (rising edge-triggered cell FDCE clocked by aclk  {rise@0.000ns fall@5.000ns period=10.000ns})
  Destination:            u_tile_axi_16/u_tile_core/u_window_generator/window_r_reg[66]/CLR
                            (removal check against rising-edge clock aclk  {rise@0.000ns fall@5.000ns period=10.000ns})
  Path Group:             **async_default**
  Path Type:              Removal (Min at Fast Process Corner)
  Requirement:            0.000ns  (aclk rise@0.000ns - aclk rise@0.000ns)
  Data Path Delay:        1.097ns  (logic 0.276ns (25.156%)  route 0.821ns (74.844%))
  Logic Levels:           3  (LUT2=1 LUT5=1 LUT6=1)
  Clock Path Skew:        0.022ns (DCD - SCD - CPR)
    Destination Clock Delay (DCD):    0.432ns
    Source Clock Delay      (SCD):    0.410ns
    Clock Pessimism Removal (CPR):    -0.000ns
  Clock Uncertainty:      0.200ns  ((TSJ^2 + TIJ^2)^1/2 + DJ) / 2 + PE + UU
    Total System Jitter     (TSJ):    0.000ns
    Total Input Jitter      (TIJ):    0.000ns
    Discrete Jitter          (DJ):    0.000ns
    Phase Error              (PE):    0.000ns
    User Uncertainty         (UU):    0.200ns

    Location             Delay type                Incr(ns)  Path(ns)    Netlist Resource(s)
  -------------------------------------------------------------------    -------------------
                         (clock aclk rise edge)       0.000     0.000 r  
                                                      0.000     0.000 r  aclk (IN)
                         net (fo=790, unset)          0.410     0.410    u_tile_axi_16/aclk
    SLICE_X37Y83         FDCE                                         r  u_tile_axi_16/wstrb_r_reg[0]/C
  -------------------------------------------------------------------    -------------------
    SLICE_X37Y83         FDCE (Prop_fdce_C_Q)         0.141     0.551 f  u_tile_axi_16/wstrb_r_reg[0]/Q
                         net (fo=3, routed)           0.112     0.663    u_tile_axi_16/u_tile_core/u_datapath/gen_acc_bank[0].u_acc/wstrb_r[0]
    SLICE_X38Y83         LUT6 (Prop_lut6_I5_O)        0.045     0.708 r  u_tile_axi_16/u_tile_core/u_datapath/gen_acc_bank[0].u_acc/FSM_onehot_state_r[7]_i_9/O
                         net (fo=2, routed)           0.065     0.773    u_tile_axi_16/u_tile_core/u_datapath/gen_acc_bank[0].u_acc/s_axi_awaddr[5]
    SLICE_X38Y83         LUT5 (Prop_lut5_I3_O)        0.045     0.818 r  u_tile_axi_16/u_tile_core/u_datapath/gen_acc_bank[0].u_acc/FSM_onehot_state_r[7]_i_5/O
                         net (fo=40, routed)          0.299     1.117    u_tile_axi_16/u_tile_core/u_datapath/gen_acc_bank[0].u_acc/s_axi_awvalid_0
    SLICE_X36Y82         LUT2 (Prop_lut2_I1_O)        0.045     1.162 f  u_tile_axi_16/u_tile_core/u_datapath/gen_acc_bank[0].u_acc/FSM_onehot_state_r[7]_i_2/O
                         net (fo=464, routed)         0.345     1.507    u_tile_axi_16/u_tile_core/u_window_generator/window_r_reg[0]_0
    SLICE_X34Y75         FDCE                                         f  u_tile_axi_16/u_tile_core/u_window_generator/window_r_reg[66]/CLR
  -------------------------------------------------------------------    -------------------

                         (clock aclk rise edge)       0.000     0.000 r  
                                                      0.000     0.000 r  aclk (IN)
                         net (fo=790, unset)          0.432     0.432    u_tile_axi_16/u_tile_core/u_window_generator/aclk
    SLICE_X34Y75         FDCE                                         r  u_tile_axi_16/u_tile_core/u_window_generator/window_r_reg[66]/C
                         clock pessimism              0.000     0.432    
                         clock uncertainty            0.200     0.632    
    SLICE_X34Y75         FDCE (Remov_fdce_C_CLR)     -0.067     0.565    u_tile_axi_16/u_tile_core/u_window_generator/window_r_reg[66]
  -------------------------------------------------------------------
                         required time                         -0.565    
                         arrival time                           1.507    
  -------------------------------------------------------------------
                         slack                                  0.943    

Slack (MET) :             0.943ns  (arrival time - required time)
  Source:                 u_tile_axi_16/wstrb_r_reg[0]/C
                            (rising edge-triggered cell FDCE clocked by aclk  {rise@0.000ns fall@5.000ns period=10.000ns})
  Destination:            u_tile_axi_16/u_tile_core/u_window_generator/window_r_reg[67]/CLR
                            (removal check against rising-edge clock aclk  {rise@0.000ns fall@5.000ns period=10.000ns})
  Path Group:             **async_default**
  Path Type:              Removal (Min at Fast Process Corner)
  Requirement:            0.000ns  (aclk rise@0.000ns - aclk rise@0.000ns)
  Data Path Delay:        1.097ns  (logic 0.276ns (25.156%)  route 0.821ns (74.844%))
  Logic Levels:           3  (LUT2=1 LUT5=1 LUT6=1)
  Clock Path Skew:        0.022ns (DCD - SCD - CPR)
    Destination Clock Delay (DCD):    0.432ns
    Source Clock Delay      (SCD):    0.410ns
    Clock Pessimism Removal (CPR):    -0.000ns
  Clock Uncertainty:      0.200ns  ((TSJ^2 + TIJ^2)^1/2 + DJ) / 2 + PE + UU
    Total System Jitter     (TSJ):    0.000ns
    Total Input Jitter      (TIJ):    0.000ns
    Discrete Jitter          (DJ):    0.000ns
    Phase Error              (PE):    0.000ns
    User Uncertainty         (UU):    0.200ns

    Location             Delay type                Incr(ns)  Path(ns)    Netlist Resource(s)
  -------------------------------------------------------------------    -------------------
                         (clock aclk rise edge)       0.000     0.000 r  
                                                      0.000     0.000 r  aclk (IN)
                         net (fo=790, unset)          0.410     0.410    u_tile_axi_16/aclk
    SLICE_X37Y83         FDCE                                         r  u_tile_axi_16/wstrb_r_reg[0]/C
  -------------------------------------------------------------------    -------------------
    SLICE_X37Y83         FDCE (Prop_fdce_C_Q)         0.141     0.551 f  u_tile_axi_16/wstrb_r_reg[0]/Q
                         net (fo=3, routed)           0.112     0.663    u_tile_axi_16/u_tile_core/u_datapath/gen_acc_bank[0].u_acc/wstrb_r[0]
    SLICE_X38Y83         LUT6 (Prop_lut6_I5_O)        0.045     0.708 r  u_tile_axi_16/u_tile_core/u_datapath/gen_acc_bank[0].u_acc/FSM_onehot_state_r[7]_i_9/O
                         net (fo=2, routed)           0.065     0.773    u_tile_axi_16/u_tile_core/u_datapath/gen_acc_bank[0].u_acc/s_axi_awaddr[5]
    SLICE_X38Y83         LUT5 (Prop_lut5_I3_O)        0.045     0.818 r  u_tile_axi_16/u_tile_core/u_datapath/gen_acc_bank[0].u_acc/FSM_onehot_state_r[7]_i_5/O
                         net (fo=40, routed)          0.299     1.117    u_tile_axi_16/u_tile_core/u_datapath/gen_acc_bank[0].u_acc/s_axi_awvalid_0
    SLICE_X36Y82         LUT2 (Prop_lut2_I1_O)        0.045     1.162 f  u_tile_axi_16/u_tile_core/u_datapath/gen_acc_bank[0].u_acc/FSM_onehot_state_r[7]_i_2/O
                         net (fo=464, routed)         0.345     1.507    u_tile_axi_16/u_tile_core/u_window_generator/window_r_reg[0]_0
    SLICE_X34Y75         FDCE                                         f  u_tile_axi_16/u_tile_core/u_window_generator/window_r_reg[67]/CLR
  -------------------------------------------------------------------    -------------------

                         (clock aclk rise edge)       0.000     0.000 r  
                                                      0.000     0.000 r  aclk (IN)
                         net (fo=790, unset)          0.432     0.432    u_tile_axi_16/u_tile_core/u_window_generator/aclk
    SLICE_X34Y75         FDCE                                         r  u_tile_axi_16/u_tile_core/u_window_generator/window_r_reg[67]/C
                         clock pessimism              0.000     0.432    
                         clock uncertainty            0.200     0.632    
    SLICE_X34Y75         FDCE (Remov_fdce_C_CLR)     -0.067     0.565    u_tile_axi_16/u_tile_core/u_window_generator/window_r_reg[67]
  -------------------------------------------------------------------
                         required time                         -0.565    
                         arrival time                           1.507    
  -------------------------------------------------------------------
                         slack                                  0.943    

Slack (MET) :             0.943ns  (arrival time - required time)
  Source:                 u_tile_axi_16/wstrb_r_reg[0]/C
                            (rising edge-triggered cell FDCE clocked by aclk  {rise@0.000ns fall@5.000ns period=10.000ns})
  Destination:            u_tile_axi_16/u_tile_core/u_window_generator/window_r_reg[68]/CLR
                            (removal check against rising-edge clock aclk  {rise@0.000ns fall@5.000ns period=10.000ns})
  Path Group:             **async_default**
  Path Type:              Removal (Min at Fast Process Corner)
  Requirement:            0.000ns  (aclk rise@0.000ns - aclk rise@0.000ns)
  Data Path Delay:        1.097ns  (logic 0.276ns (25.156%)  route 0.821ns (74.844%))
  Logic Levels:           3  (LUT2=1 LUT5=1 LUT6=1)
  Clock Path Skew:        0.022ns (DCD - SCD - CPR)
    Destination Clock Delay (DCD):    0.432ns
    Source Clock Delay      (SCD):    0.410ns
    Clock Pessimism Removal (CPR):    -0.000ns
  Clock Uncertainty:      0.200ns  ((TSJ^2 + TIJ^2)^1/2 + DJ) / 2 + PE + UU
    Total System Jitter     (TSJ):    0.000ns
    Total Input Jitter      (TIJ):    0.000ns
    Discrete Jitter          (DJ):    0.000ns
    Phase Error              (PE):    0.000ns
    User Uncertainty         (UU):    0.200ns

    Location             Delay type                Incr(ns)  Path(ns)    Netlist Resource(s)
  -------------------------------------------------------------------    -------------------
                         (clock aclk rise edge)       0.000     0.000 r  
                                                      0.000     0.000 r  aclk (IN)
                         net (fo=790, unset)          0.410     0.410    u_tile_axi_16/aclk
    SLICE_X37Y83         FDCE                                         r  u_tile_axi_16/wstrb_r_reg[0]/C
  -------------------------------------------------------------------    -------------------
    SLICE_X37Y83         FDCE (Prop_fdce_C_Q)         0.141     0.551 f  u_tile_axi_16/wstrb_r_reg[0]/Q
                         net (fo=3, routed)           0.112     0.663    u_tile_axi_16/u_tile_core/u_datapath/gen_acc_bank[0].u_acc/wstrb_r[0]
    SLICE_X38Y83         LUT6 (Prop_lut6_I5_O)        0.045     0.708 r  u_tile_axi_16/u_tile_core/u_datapath/gen_acc_bank[0].u_acc/FSM_onehot_state_r[7]_i_9/O
                         net (fo=2, routed)           0.065     0.773    u_tile_axi_16/u_tile_core/u_datapath/gen_acc_bank[0].u_acc/s_axi_awaddr[5]
    SLICE_X38Y83         LUT5 (Prop_lut5_I3_O)        0.045     0.818 r  u_tile_axi_16/u_tile_core/u_datapath/gen_acc_bank[0].u_acc/FSM_onehot_state_r[7]_i_5/O
                         net (fo=40, routed)          0.299     1.117    u_tile_axi_16/u_tile_core/u_datapath/gen_acc_bank[0].u_acc/s_axi_awvalid_0
    SLICE_X36Y82         LUT2 (Prop_lut2_I1_O)        0.045     1.162 f  u_tile_axi_16/u_tile_core/u_datapath/gen_acc_bank[0].u_acc/FSM_onehot_state_r[7]_i_2/O
                         net (fo=464, routed)         0.345     1.507    u_tile_axi_16/u_tile_core/u_window_generator/window_r_reg[0]_0
    SLICE_X34Y75         FDCE                                         f  u_tile_axi_16/u_tile_core/u_window_generator/window_r_reg[68]/CLR
  -------------------------------------------------------------------    -------------------

                         (clock aclk rise edge)       0.000     0.000 r  
                                                      0.000     0.000 r  aclk (IN)
                         net (fo=790, unset)          0.432     0.432    u_tile_axi_16/u_tile_core/u_window_generator/aclk
    SLICE_X34Y75         FDCE                                         r  u_tile_axi_16/u_tile_core/u_window_generator/window_r_reg[68]/C
                         clock pessimism              0.000     0.432    
                         clock uncertainty            0.200     0.632    
    SLICE_X34Y75         FDCE (Remov_fdce_C_CLR)     -0.067     0.565    u_tile_axi_16/u_tile_core/u_window_generator/window_r_reg[68]
  -------------------------------------------------------------------
                         required time                         -0.565    
                         arrival time                           1.507    
  -------------------------------------------------------------------
                         slack                                  0.943    

Slack (MET) :             0.943ns  (arrival time - required time)
  Source:                 u_tile_axi_16/wstrb_r_reg[0]/C
                            (rising edge-triggered cell FDCE clocked by aclk  {rise@0.000ns fall@5.000ns period=10.000ns})
  Destination:            u_tile_axi_16/u_tile_core/u_window_generator/window_r_reg[69]/CLR
                            (removal check against rising-edge clock aclk  {rise@0.000ns fall@5.000ns period=10.000ns})
  Path Group:             **async_default**
  Path Type:              Removal (Min at Fast Process Corner)
  Requirement:            0.000ns  (aclk rise@0.000ns - aclk rise@0.000ns)
  Data Path Delay:        1.097ns  (logic 0.276ns (25.156%)  route 0.821ns (74.844%))
  Logic Levels:           3  (LUT2=1 LUT5=1 LUT6=1)
  Clock Path Skew:        0.022ns (DCD - SCD - CPR)
    Destination Clock Delay (DCD):    0.432ns
    Source Clock Delay      (SCD):    0.410ns
    Clock Pessimism Removal (CPR):    -0.000ns
  Clock Uncertainty:      0.200ns  ((TSJ^2 + TIJ^2)^1/2 + DJ) / 2 + PE + UU
    Total System Jitter     (TSJ):    0.000ns
    Total Input Jitter      (TIJ):    0.000ns
    Discrete Jitter          (DJ):    0.000ns
    Phase Error              (PE):    0.000ns
    User Uncertainty         (UU):    0.200ns

    Location             Delay type                Incr(ns)  Path(ns)    Netlist Resource(s)
  -------------------------------------------------------------------    -------------------
                         (clock aclk rise edge)       0.000     0.000 r  
                                                      0.000     0.000 r  aclk (IN)
                         net (fo=790, unset)          0.410     0.410    u_tile_axi_16/aclk
    SLICE_X37Y83         FDCE                                         r  u_tile_axi_16/wstrb_r_reg[0]/C
  -------------------------------------------------------------------    -------------------
    SLICE_X37Y83         FDCE (Prop_fdce_C_Q)         0.141     0.551 f  u_tile_axi_16/wstrb_r_reg[0]/Q
                         net (fo=3, routed)           0.112     0.663    u_tile_axi_16/u_tile_core/u_datapath/gen_acc_bank[0].u_acc/wstrb_r[0]
    SLICE_X38Y83         LUT6 (Prop_lut6_I5_O)        0.045     0.708 r  u_tile_axi_16/u_tile_core/u_datapath/gen_acc_bank[0].u_acc/FSM_onehot_state_r[7]_i_9/O
                         net (fo=2, routed)           0.065     0.773    u_tile_axi_16/u_tile_core/u_datapath/gen_acc_bank[0].u_acc/s_axi_awaddr[5]
    SLICE_X38Y83         LUT5 (Prop_lut5_I3_O)        0.045     0.818 r  u_tile_axi_16/u_tile_core/u_datapath/gen_acc_bank[0].u_acc/FSM_onehot_state_r[7]_i_5/O
                         net (fo=40, routed)          0.299     1.117    u_tile_axi_16/u_tile_core/u_datapath/gen_acc_bank[0].u_acc/s_axi_awvalid_0
    SLICE_X36Y82         LUT2 (Prop_lut2_I1_O)        0.045     1.162 f  u_tile_axi_16/u_tile_core/u_datapath/gen_acc_bank[0].u_acc/FSM_onehot_state_r[7]_i_2/O
                         net (fo=464, routed)         0.345     1.507    u_tile_axi_16/u_tile_core/u_window_generator/window_r_reg[0]_0
    SLICE_X34Y75         FDCE                                         f  u_tile_axi_16/u_tile_core/u_window_generator/window_r_reg[69]/CLR
  -------------------------------------------------------------------    -------------------

                         (clock aclk rise edge)       0.000     0.000 r  
                                                      0.000     0.000 r  aclk (IN)
                         net (fo=790, unset)          0.432     0.432    u_tile_axi_16/u_tile_core/u_window_generator/aclk
    SLICE_X34Y75         FDCE                                         r  u_tile_axi_16/u_tile_core/u_window_generator/window_r_reg[69]/C
                         clock pessimism              0.000     0.432    
                         clock uncertainty            0.200     0.632    
    SLICE_X34Y75         FDCE (Remov_fdce_C_CLR)     -0.067     0.565    u_tile_axi_16/u_tile_core/u_window_generator/window_r_reg[69]
  -------------------------------------------------------------------
                         required time                         -0.565    
                         arrival time                           1.507    
  -------------------------------------------------------------------
                         slack                                  0.943    

Slack (MET) :             0.943ns  (arrival time - required time)
  Source:                 u_tile_axi_16/wstrb_r_reg[0]/C
                            (rising edge-triggered cell FDCE clocked by aclk  {rise@0.000ns fall@5.000ns period=10.000ns})
  Destination:            u_tile_axi_16/u_tile_core/u_window_generator/window_r_reg[70]/CLR
                            (removal check against rising-edge clock aclk  {rise@0.000ns fall@5.000ns period=10.000ns})
  Path Group:             **async_default**
  Path Type:              Removal (Min at Fast Process Corner)
  Requirement:            0.000ns  (aclk rise@0.000ns - aclk rise@0.000ns)
  Data Path Delay:        1.097ns  (logic 0.276ns (25.156%)  route 0.821ns (74.844%))
  Logic Levels:           3  (LUT2=1 LUT5=1 LUT6=1)
  Clock Path Skew:        0.022ns (DCD - SCD - CPR)
    Destination Clock Delay (DCD):    0.432ns
    Source Clock Delay      (SCD):    0.410ns
    Clock Pessimism Removal (CPR):    -0.000ns
  Clock Uncertainty:      0.200ns  ((TSJ^2 + TIJ^2)^1/2 + DJ) / 2 + PE + UU
    Total System Jitter     (TSJ):    0.000ns
    Total Input Jitter      (TIJ):    0.000ns
    Discrete Jitter          (DJ):    0.000ns
    Phase Error              (PE):    0.000ns
    User Uncertainty         (UU):    0.200ns

    Location             Delay type                Incr(ns)  Path(ns)    Netlist Resource(s)
  -------------------------------------------------------------------    -------------------
                         (clock aclk rise edge)       0.000     0.000 r  
                                                      0.000     0.000 r  aclk (IN)
                         net (fo=790, unset)          0.410     0.410    u_tile_axi_16/aclk
    SLICE_X37Y83         FDCE                                         r  u_tile_axi_16/wstrb_r_reg[0]/C
  -------------------------------------------------------------------    -------------------
    SLICE_X37Y83         FDCE (Prop_fdce_C_Q)         0.141     0.551 f  u_tile_axi_16/wstrb_r_reg[0]/Q
                         net (fo=3, routed)           0.112     0.663    u_tile_axi_16/u_tile_core/u_datapath/gen_acc_bank[0].u_acc/wstrb_r[0]
    SLICE_X38Y83         LUT6 (Prop_lut6_I5_O)        0.045     0.708 r  u_tile_axi_16/u_tile_core/u_datapath/gen_acc_bank[0].u_acc/FSM_onehot_state_r[7]_i_9/O
                         net (fo=2, routed)           0.065     0.773    u_tile_axi_16/u_tile_core/u_datapath/gen_acc_bank[0].u_acc/s_axi_awaddr[5]
    SLICE_X38Y83         LUT5 (Prop_lut5_I3_O)        0.045     0.818 r  u_tile_axi_16/u_tile_core/u_datapath/gen_acc_bank[0].u_acc/FSM_onehot_state_r[7]_i_5/O
                         net (fo=40, routed)          0.299     1.117    u_tile_axi_16/u_tile_core/u_datapath/gen_acc_bank[0].u_acc/s_axi_awvalid_0
    SLICE_X36Y82         LUT2 (Prop_lut2_I1_O)        0.045     1.162 f  u_tile_axi_16/u_tile_core/u_datapath/gen_acc_bank[0].u_acc/FSM_onehot_state_r[7]_i_2/O
                         net (fo=464, routed)         0.345     1.507    u_tile_axi_16/u_tile_core/u_window_generator/window_r_reg[0]_0
    SLICE_X34Y75         FDCE                                         f  u_tile_axi_16/u_tile_core/u_window_generator/window_r_reg[70]/CLR
  -------------------------------------------------------------------    -------------------

                         (clock aclk rise edge)       0.000     0.000 r  
                                                      0.000     0.000 r  aclk (IN)
                         net (fo=790, unset)          0.432     0.432    u_tile_axi_16/u_tile_core/u_window_generator/aclk
    SLICE_X34Y75         FDCE                                         r  u_tile_axi_16/u_tile_core/u_window_generator/window_r_reg[70]/C
                         clock pessimism              0.000     0.432    
                         clock uncertainty            0.200     0.632    
    SLICE_X34Y75         FDCE (Remov_fdce_C_CLR)     -0.067     0.565    u_tile_axi_16/u_tile_core/u_window_generator/window_r_reg[70]
  -------------------------------------------------------------------
                         required time                         -0.565    
                         arrival time                           1.507    
  -------------------------------------------------------------------
                         slack                                  0.943    





--------------------------------------------------------------------------------------
Path Group:  (none)
From Clock:  aclk
  To Clock:  

Max Delay            73 Endpoints
Min Delay            73 Endpoints
--------------------------------------------------------------------------------------


Max Delay Paths
--------------------------------------------------------------------------------------
Slack:                    inf
  Source:                 u_tile_axi_16/u_output_fifo/read_ptr_r_reg[3]/C
                            (rising edge-triggered cell FDCE clocked by aclk  {rise@0.000ns fall@5.000ns period=10.000ns})
  Destination:            m_axis_tdata[16]
                            (output port)
  Path Group:             (none)
  Path Type:              Max at Slow Process Corner
  Data Path Delay:        3.749ns  (logic 0.744ns (19.847%)  route 3.005ns (80.153%))
  Logic Levels:           1  (RAMD32=1)
  Clock Uncertainty:      0.225ns  ((TSJ^2 + TIJ^2)^1/2 + DJ) / 2 + PE + UU
    Total System Jitter     (TSJ):    0.050ns
    Total Input Jitter      (TIJ):    0.000ns
    Discrete Jitter          (DJ):    0.000ns
    Phase Error              (PE):    0.000ns
    User Uncertainty         (UU):    0.200ns

    Location             Delay type                Incr(ns)  Path(ns)    Netlist Resource(s)
  -------------------------------------------------------------------    -------------------
                         (clock aclk rise edge)       0.000     0.000 r  
                                                      0.000     0.000 r  aclk (IN)
                         net (fo=790, unset)          0.973     0.973    u_tile_axi_16/u_output_fifo/aclk
    SLICE_X33Y78         FDCE                                         r  u_tile_axi_16/u_output_fifo/read_ptr_r_reg[3]/C
  -------------------------------------------------------------------    -------------------
    SLICE_X33Y78         FDCE (Prop_fdce_C_Q)         0.419     1.392 r  u_tile_axi_16/u_output_fifo/read_ptr_r_reg[3]/Q
                         net (fo=34, routed)          2.032     3.424    u_tile_axi_16/u_output_fifo/data_mem_r_reg_0_15_12_17/ADDRC3
    SLICE_X32Y73         RAMD32 (Prop_ramd32_RADR3_O)
                                                      0.325     3.749 r  u_tile_axi_16/u_output_fifo/data_mem_r_reg_0_15_12_17/RAMC/O
                         net (fo=0)                   0.973     4.722    m_axis_tdata[16]
                                                                      r  m_axis_tdata[16] (OUT)
  -------------------------------------------------------------------    -------------------

Slack:                    inf
  Source:                 u_tile_axi_16/u_output_fifo/read_ptr_r_reg[1]/C
                            (rising edge-triggered cell FDCE clocked by aclk  {rise@0.000ns fall@5.000ns period=10.000ns})
  Destination:            m_axis_tdata[18]
                            (output port)
  Path Group:             (none)
  Path Type:              Max at Slow Process Corner
  Data Path Delay:        3.732ns  (logic 0.740ns (19.829%)  route 2.992ns (80.171%))
  Logic Levels:           1  (RAMD32=1)
  Clock Uncertainty:      0.225ns  ((TSJ^2 + TIJ^2)^1/2 + DJ) / 2 + PE + UU
    Total System Jitter     (TSJ):    0.050ns
    Total Input Jitter      (TIJ):    0.000ns
    Discrete Jitter          (DJ):    0.000ns
    Phase Error              (PE):    0.000ns
    User Uncertainty         (UU):    0.200ns

    Location             Delay type                Incr(ns)  Path(ns)    Netlist Resource(s)
  -------------------------------------------------------------------    -------------------
                         (clock aclk rise edge)       0.000     0.000 r  
                                                      0.000     0.000 r  aclk (IN)
                         net (fo=790, unset)          0.973     0.973    u_tile_axi_16/u_output_fifo/aclk
    SLICE_X33Y78         FDCE                                         r  u_tile_axi_16/u_output_fifo/read_ptr_r_reg[1]/C
  -------------------------------------------------------------------    -------------------
    SLICE_X33Y78         FDCE (Prop_fdce_C_Q)         0.419     1.392 r  u_tile_axi_16/u_output_fifo/read_ptr_r_reg[1]/Q
                         net (fo=36, routed)          2.019     3.411    u_tile_axi_16/u_output_fifo/data_mem_r_reg_0_15_18_23/ADDRA1
    SLICE_X32Y75         RAMD32 (Prop_ramd32_RADR1_O)
                                                      0.321     3.732 r  u_tile_axi_16/u_output_fifo/data_mem_r_reg_0_15_18_23/RAMA/O
                         net (fo=0)                   0.973     4.705    m_axis_tdata[18]
                                                                      r  m_axis_tdata[18] (OUT)
  -------------------------------------------------------------------    -------------------

Slack:                    inf
  Source:                 u_tile_axi_16/u_output_fifo/read_ptr_r_reg[1]/C
                            (rising edge-triggered cell FDCE clocked by aclk  {rise@0.000ns fall@5.000ns period=10.000ns})
  Destination:            m_axis_tdata[20]
                            (output port)
  Path Group:             (none)
  Path Type:              Max at Slow Process Corner
  Data Path Delay:        3.730ns  (logic 0.746ns (20.001%)  route 2.984ns (79.999%))
  Logic Levels:           1  (RAMD32=1)
  Clock Uncertainty:      0.225ns  ((TSJ^2 + TIJ^2)^1/2 + DJ) / 2 + PE + UU
    Total System Jitter     (TSJ):    0.050ns
    Total Input Jitter      (TIJ):    0.000ns
    Discrete Jitter          (DJ):    0.000ns
    Phase Error              (PE):    0.000ns
    User Uncertainty         (UU):    0.200ns

    Location             Delay type                Incr(ns)  Path(ns)    Netlist Resource(s)
  -------------------------------------------------------------------    -------------------
                         (clock aclk rise edge)       0.000     0.000 r  
                                                      0.000     0.000 r  aclk (IN)
                         net (fo=790, unset)          0.973     0.973    u_tile_axi_16/u_output_fifo/aclk
    SLICE_X33Y78         FDCE                                         r  u_tile_axi_16/u_output_fifo/read_ptr_r_reg[1]/C
  -------------------------------------------------------------------    -------------------
    SLICE_X33Y78         FDCE (Prop_fdce_C_Q)         0.419     1.392 r  u_tile_axi_16/u_output_fifo/read_ptr_r_reg[1]/Q
                         net (fo=36, routed)          2.011     3.403    u_tile_axi_16/u_output_fifo/data_mem_r_reg_0_15_18_23/ADDRB1
    SLICE_X32Y75         RAMD32 (Prop_ramd32_RADR1_O)
                                                      0.327     3.730 r  u_tile_axi_16/u_output_fifo/data_mem_r_reg_0_15_18_23/RAMB/O
                         net (fo=0)                   0.973     4.703    m_axis_tdata[20]
                                                                      r  m_axis_tdata[20] (OUT)
  -------------------------------------------------------------------    -------------------

Slack:                    inf
  Source:                 u_tile_axi_16/u_output_fifo/read_ptr_r_reg[2]/C
                            (rising edge-triggered cell FDCE clocked by aclk  {rise@0.000ns fall@5.000ns period=10.000ns})
  Destination:            m_axis_tdata[0]
                            (output port)
  Path Group:             (none)
  Path Type:              Max at Slow Process Corner
  Data Path Delay:        3.726ns  (logic 0.604ns (16.209%)  route 3.122ns (83.791%))
  Logic Levels:           1  (RAMD32=1)
  Clock Uncertainty:      0.225ns  ((TSJ^2 + TIJ^2)^1/2 + DJ) / 2 + PE + UU
    Total System Jitter     (TSJ):    0.050ns
    Total Input Jitter      (TIJ):    0.000ns
    Discrete Jitter          (DJ):    0.000ns
    Phase Error              (PE):    0.000ns
    User Uncertainty         (UU):    0.200ns

    Location             Delay type                Incr(ns)  Path(ns)    Netlist Resource(s)
  -------------------------------------------------------------------    -------------------
                         (clock aclk rise edge)       0.000     0.000 r  
                                                      0.000     0.000 r  aclk (IN)
                         net (fo=790, unset)          0.973     0.973    u_tile_axi_16/u_output_fifo/aclk
    SLICE_X33Y78         FDCE                                         r  u_tile_axi_16/u_output_fifo/read_ptr_r_reg[2]/C
  -------------------------------------------------------------------    -------------------
    SLICE_X33Y78         FDCE (Prop_fdce_C_Q)         0.456     1.429 r  u_tile_axi_16/u_output_fifo/read_ptr_r_reg[2]/Q
                         net (fo=35, routed)          2.149     3.578    u_tile_axi_16/u_output_fifo/data_mem_r_reg_0_15_0_5/ADDRA2
    SLICE_X34Y72         RAMD32 (Prop_ramd32_RADR2_O)
                                                      0.148     3.726 r  u_tile_axi_16/u_output_fifo/data_mem_r_reg_0_15_0_5/RAMA/O
                         net (fo=0)                   0.973     4.699    m_axis_tdata[0]
                                                                      r  m_axis_tdata[0] (OUT)
  -------------------------------------------------------------------    -------------------

Slack:                    inf
  Source:                 u_tile_axi_16/u_output_fifo/read_ptr_r_reg[2]/C
                            (rising edge-triggered cell FDCE clocked by aclk  {rise@0.000ns fall@5.000ns period=10.000ns})
  Destination:            m_axis_tdata[2]
                            (output port)
  Path Group:             (none)
  Path Type:              Max at Slow Process Corner
  Data Path Delay:        3.726ns  (logic 0.606ns (16.262%)  route 3.120ns (83.738%))
  Logic Levels:           1  (RAMD32=1)
  Clock Uncertainty:      0.225ns  ((TSJ^2 + TIJ^2)^1/2 + DJ) / 2 + PE + UU
    Total System Jitter     (TSJ):    0.050ns
    Total Input Jitter      (TIJ):    0.000ns
    Discrete Jitter          (DJ):    0.000ns
    Phase Error              (PE):    0.000ns
    User Uncertainty         (UU):    0.200ns

    Location             Delay type                Incr(ns)  Path(ns)    Netlist Resource(s)
  -------------------------------------------------------------------    -------------------
                         (clock aclk rise edge)       0.000     0.000 r  
                                                      0.000     0.000 r  aclk (IN)
                         net (fo=790, unset)          0.973     0.973    u_tile_axi_16/u_output_fifo/aclk
    SLICE_X33Y78         FDCE                                         r  u_tile_axi_16/u_output_fifo/read_ptr_r_reg[2]/C
  -------------------------------------------------------------------    -------------------
    SLICE_X33Y78         FDCE (Prop_fdce_C_Q)         0.456     1.429 r  u_tile_axi_16/u_output_fifo/read_ptr_r_reg[2]/Q
                         net (fo=35, routed)          2.147     3.576    u_tile_axi_16/u_output_fifo/data_mem_r_reg_0_15_0_5/ADDRB2
    SLICE_X34Y72         RAMD32 (Prop_ramd32_RADR2_O)
                                                      0.150     3.726 r  u_tile_axi_16/u_output_fifo/data_mem_r_reg_0_15_0_5/RAMB/O
                         net (fo=0)                   0.973     4.699    m_axis_tdata[2]
                                                                      r  m_axis_tdata[2] (OUT)
  -------------------------------------------------------------------    -------------------

Slack:                    inf
  Source:                 u_tile_axi_16/u_output_fifo/read_ptr_r_reg[3]/C
                            (rising edge-triggered cell FDCE clocked by aclk  {rise@0.000ns fall@5.000ns period=10.000ns})
  Destination:            m_axis_tdata[17]
                            (output port)
  Path Group:             (none)
  Path Type:              Max at Slow Process Corner
  Data Path Delay:        3.720ns  (logic 0.715ns (19.222%)  route 3.005ns (80.778%))
  Logic Levels:           1  (RAMD32=1)
  Clock Uncertainty:      0.225ns  ((TSJ^2 + TIJ^2)^1/2 + DJ) / 2 + PE + UU
    Total System Jitter     (TSJ):    0.050ns
    Total Input Jitter      (TIJ):    0.000ns
    Discrete Jitter          (DJ):    0.000ns
    Phase Error              (PE):    0.000ns
    User Uncertainty         (UU):    0.200ns

    Location             Delay type                Incr(ns)  Path(ns)    Netlist Resource(s)
  -------------------------------------------------------------------    -------------------
                         (clock aclk rise edge)       0.000     0.000 r  
                                                      0.000     0.000 r  aclk (IN)
                         net (fo=790, unset)          0.973     0.973    u_tile_axi_16/u_output_fifo/aclk
    SLICE_X33Y78         FDCE                                         r  u_tile_axi_16/u_output_fifo/read_ptr_r_reg[3]/C
  -------------------------------------------------------------------    -------------------
    SLICE_X33Y78         FDCE (Prop_fdce_C_Q)         0.419     1.392 r  u_tile_axi_16/u_output_fifo/read_ptr_r_reg[3]/Q
                         net (fo=34, routed)          2.032     3.424    u_tile_axi_16/u_output_fifo/data_mem_r_reg_0_15_12_17/ADDRC3
    SLICE_X32Y73         RAMD32 (Prop_ramd32_RADR3_O)
                                                      0.296     3.720 r  u_tile_axi_16/u_output_fifo/data_mem_r_reg_0_15_12_17/RAMC_D1/O
                         net (fo=0)                   0.973     4.693    m_axis_tdata[17]
                                                                      r  m_axis_tdata[17] (OUT)
  -------------------------------------------------------------------    -------------------

Slack:                    inf
  Source:                 u_tile_axi_16/u_output_fifo/read_ptr_r_reg[1]/C
                            (rising edge-triggered cell FDCE clocked by aclk  {rise@0.000ns fall@5.000ns period=10.000ns})
  Destination:            m_axis_tdata[19]
                            (output port)
  Path Group:             (none)
  Path Type:              Max at Slow Process Corner
  Data Path Delay:        3.710ns  (logic 0.718ns (19.354%)  route 2.992ns (80.646%))
  Logic Levels:           1  (RAMD32=1)
  Clock Uncertainty:      0.225ns  ((TSJ^2 + TIJ^2)^1/2 + DJ) / 2 + PE + UU
    Total System Jitter     (TSJ):    0.050ns
    Total Input Jitter      (TIJ):    0.000ns
    Discrete Jitter          (DJ):    0.000ns
    Phase Error              (PE):    0.000ns
    User Uncertainty         (UU):    0.200ns

    Location             Delay type                Incr(ns)  Path(ns)    Netlist Resource(s)
  -------------------------------------------------------------------    -------------------
                         (clock aclk rise edge)       0.000     0.000 r  
                                                      0.000     0.000 r  aclk (IN)
                         net (fo=790, unset)          0.973     0.973    u_tile_axi_16/u_output_fifo/aclk
    SLICE_X33Y78         FDCE                                         r  u_tile_axi_16/u_output_fifo/read_ptr_r_reg[1]/C
  -------------------------------------------------------------------    -------------------
    SLICE_X33Y78         FDCE (Prop_fdce_C_Q)         0.419     1.392 r  u_tile_axi_16/u_output_fifo/read_ptr_r_reg[1]/Q
                         net (fo=36, routed)          2.019     3.411    u_tile_axi_16/u_output_fifo/data_mem_r_reg_0_15_18_23/ADDRA1
    SLICE_X32Y75         RAMD32 (Prop_ramd32_RADR1_O)
                                                      0.299     3.710 r  u_tile_axi_16/u_output_fifo/data_mem_r_reg_0_15_18_23/RAMA_D1/O
                         net (fo=0)                   0.973     4.683    m_axis_tdata[19]
                                                                      r  m_axis_tdata[19] (OUT)
  -------------------------------------------------------------------    -------------------

Slack:                    inf
  Source:                 u_tile_axi_16/u_output_fifo/read_ptr_r_reg[2]/C
                            (rising edge-triggered cell FDCE clocked by aclk  {rise@0.000ns fall@5.000ns period=10.000ns})
  Destination:            m_axis_tdata[1]
                            (output port)
  Path Group:             (none)
  Path Type:              Max at Slow Process Corner
  Data Path Delay:        3.702ns  (logic 0.580ns (15.665%)  route 3.122ns (84.335%))
  Logic Levels:           1  (RAMD32=1)
  Clock Uncertainty:      0.225ns  ((TSJ^2 + TIJ^2)^1/2 + DJ) / 2 + PE + UU
    Total System Jitter     (TSJ):    0.050ns
    Total Input Jitter      (TIJ):    0.000ns
    Discrete Jitter          (DJ):    0.000ns
    Phase Error              (PE):    0.000ns
    User Uncertainty         (UU):    0.200ns

    Location             Delay type                Incr(ns)  Path(ns)    Netlist Resource(s)
  -------------------------------------------------------------------    -------------------
                         (clock aclk rise edge)       0.000     0.000 r  
                                                      0.000     0.000 r  aclk (IN)
                         net (fo=790, unset)          0.973     0.973    u_tile_axi_16/u_output_fifo/aclk
    SLICE_X33Y78         FDCE                                         r  u_tile_axi_16/u_output_fifo/read_ptr_r_reg[2]/C
  -------------------------------------------------------------------    -------------------
    SLICE_X33Y78         FDCE (Prop_fdce_C_Q)         0.456     1.429 r  u_tile_axi_16/u_output_fifo/read_ptr_r_reg[2]/Q
                         net (fo=35, routed)          2.149     3.578    u_tile_axi_16/u_output_fifo/data_mem_r_reg_0_15_0_5/ADDRA2
    SLICE_X34Y72         RAMD32 (Prop_ramd32_RADR2_O)
                                                      0.124     3.702 r  u_tile_axi_16/u_output_fifo/data_mem_r_reg_0_15_0_5/RAMA_D1/O
                         net (fo=0)                   0.973     4.675    m_axis_tdata[1]
                                                                      r  m_axis_tdata[1] (OUT)
  -------------------------------------------------------------------    -------------------

Slack:                    inf
  Source:                 u_tile_axi_16/u_output_fifo/read_ptr_r_reg[1]/C
                            (rising edge-triggered cell FDCE clocked by aclk  {rise@0.000ns fall@5.000ns period=10.000ns})
  Destination:            m_axis_tdata[21]
                            (output port)
  Path Group:             (none)
  Path Type:              Max at Slow Process Corner
  Data Path Delay:        3.702ns  (logic 0.718ns (19.396%)  route 2.984ns (80.604%))
  Logic Levels:           1  (RAMD32=1)
  Clock Uncertainty:      0.225ns  ((TSJ^2 + TIJ^2)^1/2 + DJ) / 2 + PE + UU
    Total System Jitter     (TSJ):    0.050ns
    Total Input Jitter      (TIJ):    0.000ns
    Discrete Jitter          (DJ):    0.000ns
    Phase Error              (PE):    0.000ns
    User Uncertainty         (UU):    0.200ns

    Location             Delay type                Incr(ns)  Path(ns)    Netlist Resource(s)
  -------------------------------------------------------------------    -------------------
                         (clock aclk rise edge)       0.000     0.000 r  
                                                      0.000     0.000 r  aclk (IN)
                         net (fo=790, unset)          0.973     0.973    u_tile_axi_16/u_output_fifo/aclk
    SLICE_X33Y78         FDCE                                         r  u_tile_axi_16/u_output_fifo/read_ptr_r_reg[1]/C
  -------------------------------------------------------------------    -------------------
    SLICE_X33Y78         FDCE (Prop_fdce_C_Q)         0.419     1.392 r  u_tile_axi_16/u_output_fifo/read_ptr_r_reg[1]/Q
                         net (fo=36, routed)          2.011     3.403    u_tile_axi_16/u_output_fifo/data_mem_r_reg_0_15_18_23/ADDRB1
    SLICE_X32Y75         RAMD32 (Prop_ramd32_RADR1_O)
                                                      0.299     3.702 r  u_tile_axi_16/u_output_fifo/data_mem_r_reg_0_15_18_23/RAMB_D1/O
                         net (fo=0)                   0.973     4.675    m_axis_tdata[21]
                                                                      r  m_axis_tdata[21] (OUT)
  -------------------------------------------------------------------    -------------------

Slack:                    inf
  Source:                 u_tile_axi_16/u_output_fifo/read_ptr_r_reg[2]/C
                            (rising edge-triggered cell FDCE clocked by aclk  {rise@0.000ns fall@5.000ns period=10.000ns})
  Destination:            m_axis_tdata[3]
                            (output port)
  Path Group:             (none)
  Path Type:              Max at Slow Process Corner
  Data Path Delay:        3.700ns  (logic 0.580ns (15.674%)  route 3.120ns (84.326%))
  Logic Levels:           1  (RAMD32=1)
  Clock Uncertainty:      0.225ns  ((TSJ^2 + TIJ^2)^1/2 + DJ) / 2 + PE + UU
    Total System Jitter     (TSJ):    0.050ns
    Total Input Jitter      (TIJ):    0.000ns
    Discrete Jitter          (DJ):    0.000ns
    Phase Error              (PE):    0.000ns
    User Uncertainty         (UU):    0.200ns

    Location             Delay type                Incr(ns)  Path(ns)    Netlist Resource(s)
  -------------------------------------------------------------------    -------------------
                         (clock aclk rise edge)       0.000     0.000 r  
                                                      0.000     0.000 r  aclk (IN)
                         net (fo=790, unset)          0.973     0.973    u_tile_axi_16/u_output_fifo/aclk
    SLICE_X33Y78         FDCE                                         r  u_tile_axi_16/u_output_fifo/read_ptr_r_reg[2]/C
  -------------------------------------------------------------------    -------------------
    SLICE_X33Y78         FDCE (Prop_fdce_C_Q)         0.456     1.429 r  u_tile_axi_16/u_output_fifo/read_ptr_r_reg[2]/Q
                         net (fo=35, routed)          2.147     3.576    u_tile_axi_16/u_output_fifo/data_mem_r_reg_0_15_0_5/ADDRB2
    SLICE_X34Y72         RAMD32 (Prop_ramd32_RADR2_O)
                                                      0.124     3.700 r  u_tile_axi_16/u_output_fifo/data_mem_r_reg_0_15_0_5/RAMB_D1/O
                         net (fo=0)                   0.973     4.673    m_axis_tdata[3]
                                                                      r  m_axis_tdata[3] (OUT)
  -------------------------------------------------------------------    -------------------

Slack:                    inf
  Source:                 u_tile_axi_16/u_output_fifo/read_ptr_r_reg[3]/C
                            (rising edge-triggered cell FDCE clocked by aclk  {rise@0.000ns fall@5.000ns period=10.000ns})
  Destination:            m_axis_tdata[4]
                            (output port)
  Path Group:             (none)
  Path Type:              Max at Slow Process Corner
  Data Path Delay:        3.631ns  (logic 0.744ns (20.493%)  route 2.887ns (79.507%))
  Logic Levels:           1  (RAMD32=1)
  Clock Uncertainty:      0.225ns  ((TSJ^2 + TIJ^2)^1/2 + DJ) / 2 + PE + UU
    Total System Jitter     (TSJ):    0.050ns
    Total Input Jitter      (TIJ):    0.000ns
    Discrete Jitter          (DJ):    0.000ns
    Phase Error              (PE):    0.000ns
    User Uncertainty         (UU):    0.200ns

    Location             Delay type                Incr(ns)  Path(ns)    Netlist Resource(s)
  -------------------------------------------------------------------    -------------------
                         (clock aclk rise edge)       0.000     0.000 r  
                                                      0.000     0.000 r  aclk (IN)
                         net (fo=790, unset)          0.973     0.973    u_tile_axi_16/u_output_fifo/aclk
    SLICE_X33Y78         FDCE                                         r  u_tile_axi_16/u_output_fifo/read_ptr_r_reg[3]/C
  -------------------------------------------------------------------    -------------------
    SLICE_X33Y78         FDCE (Prop_fdce_C_Q)         0.419     1.392 r  u_tile_axi_16/u_output_fifo/read_ptr_r_reg[3]/Q
                         net (fo=34, routed)          1.914     3.306    u_tile_axi_16/u_output_fifo/data_mem_r_reg_0_15_0_5/ADDRC3
    SLICE_X34Y72         RAMD32 (Prop_ramd32_RADR3_O)
                                                      0.325     3.631 r  u_tile_axi_16/u_output_fifo/data_mem_r_reg_0_15_0_5/RAMC/O
                         net (fo=0)                   0.973     4.604    m_axis_tdata[4]
                                                                      r  m_axis_tdata[4] (OUT)
  -------------------------------------------------------------------    -------------------

Slack:                    inf
  Source:                 u_tile_axi_16/u_output_fifo/read_ptr_r_reg[3]/C
                            (rising edge-triggered cell FDCE clocked by aclk  {rise@0.000ns fall@5.000ns period=10.000ns})
  Destination:            m_axis_tdata[10]
                            (output port)
  Path Group:             (none)
  Path Type:              Max at Slow Process Corner
  Data Path Delay:        3.609ns  (logic 0.744ns (20.617%)  route 2.865ns (79.383%))
  Logic Levels:           1  (RAMD32=1)
  Clock Uncertainty:      0.225ns  ((TSJ^2 + TIJ^2)^1/2 + DJ) / 2 + PE + UU
    Total System Jitter     (TSJ):    0.050ns
    Total Input Jitter      (TIJ):    0.000ns
    Discrete Jitter          (DJ):    0.000ns
    Phase Error              (PE):    0.000ns
    User Uncertainty         (UU):    0.200ns

    Location             Delay type                Incr(ns)  Path(ns)    Netlist Resource(s)
  -------------------------------------------------------------------    -------------------
                         (clock aclk rise edge)       0.000     0.000 r  
                                                      0.000     0.000 r  aclk (IN)
                         net (fo=790, unset)          0.973     0.973    u_tile_axi_16/u_output_fifo/aclk
    SLICE_X33Y78         FDCE                                         r  u_tile_axi_16/u_output_fifo/read_ptr_r_reg[3]/C
  -------------------------------------------------------------------    -------------------
    SLICE_X33Y78         FDCE (Prop_fdce_C_Q)         0.419     1.392 r  u_tile_axi_16/u_output_fifo/read_ptr_r_reg[3]/Q
                         net (fo=34, routed)          1.892     3.284    u_tile_axi_16/u_output_fifo/data_mem_r_reg_0_15_6_11/ADDRC3
    SLICE_X32Y72         RAMD32 (Prop_ramd32_RADR3_O)
                                                      0.325     3.609 r  u_tile_axi_16/u_output_fifo/data_mem_r_reg_0_15_6_11/RAMC/O
                         net (fo=0)                   0.973     4.582    m_axis_tdata[10]
                                                                      r  m_axis_tdata[10] (OUT)
  -------------------------------------------------------------------    -------------------

Slack:                    inf
  Source:                 u_tile_axi_16/u_output_fifo/read_ptr_r_reg[3]/C
                            (rising edge-triggered cell FDCE clocked by aclk  {rise@0.000ns fall@5.000ns period=10.000ns})
  Destination:            m_axis_tdata[5]
                            (output port)
  Path Group:             (none)
  Path Type:              Max at Slow Process Corner
  Data Path Delay:        3.602ns  (logic 0.715ns (19.853%)  route 2.887ns (80.147%))
  Logic Levels:           1  (RAMD32=1)
  Clock Uncertainty:      0.225ns  ((TSJ^2 + TIJ^2)^1/2 + DJ) / 2 + PE + UU
    Total System Jitter     (TSJ):    0.050ns
    Total Input Jitter      (TIJ):    0.000ns
    Discrete Jitter          (DJ):    0.000ns
    Phase Error              (PE):    0.000ns
    User Uncertainty         (UU):    0.200ns

    Location             Delay type                Incr(ns)  Path(ns)    Netlist Resource(s)
  -------------------------------------------------------------------    -------------------
                         (clock aclk rise edge)       0.000     0.000 r  
                                                      0.000     0.000 r  aclk (IN)
                         net (fo=790, unset)          0.973     0.973    u_tile_axi_16/u_output_fifo/aclk
    SLICE_X33Y78         FDCE                                         r  u_tile_axi_16/u_output_fifo/read_ptr_r_reg[3]/C
  -------------------------------------------------------------------    -------------------
    SLICE_X33Y78         FDCE (Prop_fdce_C_Q)         0.419     1.392 r  u_tile_axi_16/u_output_fifo/read_ptr_r_reg[3]/Q
                         net (fo=34, routed)          1.914     3.306    u_tile_axi_16/u_output_fifo/data_mem_r_reg_0_15_0_5/ADDRC3
    SLICE_X34Y72         RAMD32 (Prop_ramd32_RADR3_O)
                                                      0.296     3.602 r  u_tile_axi_16/u_output_fifo/data_mem_r_reg_0_15_0_5/RAMC_D1/O
                         net (fo=0)                   0.973     4.575    m_axis_tdata[5]
                                                                      r  m_axis_tdata[5] (OUT)
  -------------------------------------------------------------------    -------------------

Slack:                    inf
  Source:                 u_tile_axi_16/u_output_fifo/read_ptr_r_reg[2]/C
                            (rising edge-triggered cell FDCE clocked by aclk  {rise@0.000ns fall@5.000ns period=10.000ns})
  Destination:            m_axis_tdata[12]
                            (output port)
  Path Group:             (none)
  Path Type:              Max at Slow Process Corner
  Data Path Delay:        3.595ns  (logic 0.604ns (16.803%)  route 2.991ns (83.197%))
  Logic Levels:           1  (RAMD32=1)
  Clock Uncertainty:      0.225ns  ((TSJ^2 + TIJ^2)^1/2 + DJ) / 2 + PE + UU
    Total System Jitter     (TSJ):    0.050ns
    Total Input Jitter      (TIJ):    0.000ns
    Discrete Jitter          (DJ):    0.000ns
    Phase Error              (PE):    0.000ns
    User Uncertainty         (UU):    0.200ns

    Location             Delay type                Incr(ns)  Path(ns)    Netlist Resource(s)
  -------------------------------------------------------------------    -------------------
                         (clock aclk rise edge)       0.000     0.000 r  
                                                      0.000     0.000 r  aclk (IN)
                         net (fo=790, unset)          0.973     0.973    u_tile_axi_16/u_output_fifo/aclk
    SLICE_X33Y78         FDCE                                         r  u_tile_axi_16/u_output_fifo/read_ptr_r_reg[2]/C
  -------------------------------------------------------------------    -------------------
    SLICE_X33Y78         FDCE (Prop_fdce_C_Q)         0.456     1.429 r  u_tile_axi_16/u_output_fifo/read_ptr_r_reg[2]/Q
                         net (fo=35, routed)          2.018     3.447    u_tile_axi_16/u_output_fifo/data_mem_r_reg_0_15_12_17/ADDRA2
    SLICE_X32Y73         RAMD32 (Prop_ramd32_RADR2_O)
                                                      0.148     3.595 r  u_tile_axi_16/u_output_fifo/data_mem_r_reg_0_15_12_17/RAMA/O
                         net (fo=0)                   0.973     4.568    m_axis_tdata[12]
                                                                      r  m_axis_tdata[12] (OUT)
  -------------------------------------------------------------------    -------------------

Slack:                    inf
  Source:                 u_tile_axi_16/u_output_fifo/read_ptr_r_reg[2]/C
                            (rising edge-triggered cell FDCE clocked by aclk  {rise@0.000ns fall@5.000ns period=10.000ns})
  Destination:            m_axis_tdata[14]
                            (output port)
  Path Group:             (none)
  Path Type:              Max at Slow Process Corner
  Data Path Delay:        3.595ns  (logic 0.606ns (16.859%)  route 2.989ns (83.141%))
  Logic Levels:           1  (RAMD32=1)
  Clock Uncertainty:      0.225ns  ((TSJ^2 + TIJ^2)^1/2 + DJ) / 2 + PE + UU
    Total System Jitter     (TSJ):    0.050ns
    Total Input Jitter      (TIJ):    0.000ns
    Discrete Jitter          (DJ):    0.000ns
    Phase Error              (PE):    0.000ns
    User Uncertainty         (UU):    0.200ns

    Location             Delay type                Incr(ns)  Path(ns)    Netlist Resource(s)
  -------------------------------------------------------------------    -------------------
                         (clock aclk rise edge)       0.000     0.000 r  
                                                      0.000     0.000 r  aclk (IN)
                         net (fo=790, unset)          0.973     0.973    u_tile_axi_16/u_output_fifo/aclk
    SLICE_X33Y78         FDCE                                         r  u_tile_axi_16/u_output_fifo/read_ptr_r_reg[2]/C
  -------------------------------------------------------------------    -------------------
    SLICE_X33Y78         FDCE (Prop_fdce_C_Q)         0.456     1.429 r  u_tile_axi_16/u_output_fifo/read_ptr_r_reg[2]/Q
                         net (fo=35, routed)          2.016     3.445    u_tile_axi_16/u_output_fifo/data_mem_r_reg_0_15_12_17/ADDRB2
    SLICE_X32Y73         RAMD32 (Prop_ramd32_RADR2_O)
                                                      0.150     3.595 r  u_tile_axi_16/u_output_fifo/data_mem_r_reg_0_15_12_17/RAMB/O
                         net (fo=0)                   0.973     4.568    m_axis_tdata[14]
                                                                      r  m_axis_tdata[14] (OUT)
  -------------------------------------------------------------------    -------------------

Slack:                    inf
  Source:                 u_tile_axi_16/u_output_fifo/read_ptr_r_reg[3]/C
                            (rising edge-triggered cell FDCE clocked by aclk  {rise@0.000ns fall@5.000ns period=10.000ns})
  Destination:            m_axis_tdata[11]
                            (output port)
  Path Group:             (none)
  Path Type:              Max at Slow Process Corner
  Data Path Delay:        3.580ns  (logic 0.715ns (19.974%)  route 2.865ns (80.026%))
  Logic Levels:           1  (RAMD32=1)
  Clock Uncertainty:      0.225ns  ((TSJ^2 + TIJ^2)^1/2 + DJ) / 2 + PE + UU
    Total System Jitter     (TSJ):    0.050ns
    Total Input Jitter      (TIJ):    0.000ns
    Discrete Jitter          (DJ):    0.000ns
    Phase Error              (PE):    0.000ns
    User Uncertainty         (UU):    0.200ns

    Location             Delay type                Incr(ns)  Path(ns)    Netlist Resource(s)
  -------------------------------------------------------------------    -------------------
                         (clock aclk rise edge)       0.000     0.000 r  
                                                      0.000     0.000 r  aclk (IN)
                         net (fo=790, unset)          0.973     0.973    u_tile_axi_16/u_output_fifo/aclk
    SLICE_X33Y78         FDCE                                         r  u_tile_axi_16/u_output_fifo/read_ptr_r_reg[3]/C
  -------------------------------------------------------------------    -------------------
    SLICE_X33Y78         FDCE (Prop_fdce_C_Q)         0.419     1.392 r  u_tile_axi_16/u_output_fifo/read_ptr_r_reg[3]/Q
                         net (fo=34, routed)          1.892     3.284    u_tile_axi_16/u_output_fifo/data_mem_r_reg_0_15_6_11/ADDRC3
    SLICE_X32Y72         RAMD32 (Prop_ramd32_RADR3_O)
                                                      0.296     3.580 r  u_tile_axi_16/u_output_fifo/data_mem_r_reg_0_15_6_11/RAMC_D1/O
                         net (fo=0)                   0.973     4.553    m_axis_tdata[11]
                                                                      r  m_axis_tdata[11] (OUT)
  -------------------------------------------------------------------    -------------------

Slack:                    inf
  Source:                 u_tile_axi_16/u_output_fifo/read_ptr_r_reg[2]/C
                            (rising edge-triggered cell FDCE clocked by aclk  {rise@0.000ns fall@5.000ns period=10.000ns})
  Destination:            m_axis_tdata[13]
                            (output port)
  Path Group:             (none)
  Path Type:              Max at Slow Process Corner
  Data Path Delay:        3.571ns  (logic 0.580ns (16.244%)  route 2.991ns (83.756%))
  Logic Levels:           1  (RAMD32=1)
  Clock Uncertainty:      0.225ns  ((TSJ^2 + TIJ^2)^1/2 + DJ) / 2 + PE + UU
    Total System Jitter     (TSJ):    0.050ns
    Total Input Jitter      (TIJ):    0.000ns
    Discrete Jitter          (DJ):    0.000ns
    Phase Error              (PE):    0.000ns
    User Uncertainty         (UU):    0.200ns

    Location             Delay type                Incr(ns)  Path(ns)    Netlist Resource(s)
  -------------------------------------------------------------------    -------------------
                         (clock aclk rise edge)       0.000     0.000 r  
                                                      0.000     0.000 r  aclk (IN)
                         net (fo=790, unset)          0.973     0.973    u_tile_axi_16/u_output_fifo/aclk
    SLICE_X33Y78         FDCE                                         r  u_tile_axi_16/u_output_fifo/read_ptr_r_reg[2]/C
  -------------------------------------------------------------------    -------------------
    SLICE_X33Y78         FDCE (Prop_fdce_C_Q)         0.456     1.429 r  u_tile_axi_16/u_output_fifo/read_ptr_r_reg[2]/Q
                         net (fo=35, routed)          2.018     3.447    u_tile_axi_16/u_output_fifo/data_mem_r_reg_0_15_12_17/ADDRA2
    SLICE_X32Y73         RAMD32 (Prop_ramd32_RADR2_O)
                                                      0.124     3.571 r  u_tile_axi_16/u_output_fifo/data_mem_r_reg_0_15_12_17/RAMA_D1/O
                         net (fo=0)                   0.973     4.544    m_axis_tdata[13]
                                                                      r  m_axis_tdata[13] (OUT)
  -------------------------------------------------------------------    -------------------

Slack:                    inf
  Source:                 u_tile_axi_16/u_output_fifo/read_ptr_r_reg[2]/C
                            (rising edge-triggered cell FDCE clocked by aclk  {rise@0.000ns fall@5.000ns period=10.000ns})
  Destination:            m_axis_tdata[15]
                            (output port)
  Path Group:             (none)
  Path Type:              Max at Slow Process Corner
  Data Path Delay:        3.569ns  (logic 0.580ns (16.253%)  route 2.989ns (83.747%))
  Logic Levels:           1  (RAMD32=1)
  Clock Uncertainty:      0.225ns  ((TSJ^2 + TIJ^2)^1/2 + DJ) / 2 + PE + UU
    Total System Jitter     (TSJ):    0.050ns
    Total Input Jitter      (TIJ):    0.000ns
    Discrete Jitter          (DJ):    0.000ns
    Phase Error              (PE):    0.000ns
    User Uncertainty         (UU):    0.200ns

    Location             Delay type                Incr(ns)  Path(ns)    Netlist Resource(s)
  -------------------------------------------------------------------    -------------------
                         (clock aclk rise edge)       0.000     0.000 r  
                                                      0.000     0.000 r  aclk (IN)
                         net (fo=790, unset)          0.973     0.973    u_tile_axi_16/u_output_fifo/aclk
    SLICE_X33Y78         FDCE                                         r  u_tile_axi_16/u_output_fifo/read_ptr_r_reg[2]/C
  -------------------------------------------------------------------    -------------------
    SLICE_X33Y78         FDCE (Prop_fdce_C_Q)         0.456     1.429 r  u_tile_axi_16/u_output_fifo/read_ptr_r_reg[2]/Q
                         net (fo=35, routed)          2.016     3.445    u_tile_axi_16/u_output_fifo/data_mem_r_reg_0_15_12_17/ADDRB2
    SLICE_X32Y73         RAMD32 (Prop_ramd32_RADR2_O)
                                                      0.124     3.569 r  u_tile_axi_16/u_output_fifo/data_mem_r_reg_0_15_12_17/RAMB_D1/O
                         net (fo=0)                   0.973     4.542    m_axis_tdata[15]
                                                                      r  m_axis_tdata[15] (OUT)
  -------------------------------------------------------------------    -------------------

Slack:                    inf
  Source:                 u_tile_axi_16/u_output_fifo/read_ptr_r_reg[3]/C
                            (rising edge-triggered cell FDCE clocked by aclk  {rise@0.000ns fall@5.000ns period=10.000ns})
  Destination:            m_axis_tdata[6]
                            (output port)
  Path Group:             (none)
  Path Type:              Max at Slow Process Corner
  Data Path Delay:        3.485ns  (logic 0.741ns (21.265%)  route 2.744ns (78.735%))
  Logic Levels:           1  (RAMD32=1)
  Clock Uncertainty:      0.225ns  ((TSJ^2 + TIJ^2)^1/2 + DJ) / 2 + PE + UU
    Total System Jitter     (TSJ):    0.050ns
    Total Input Jitter      (TIJ):    0.000ns
    Discrete Jitter          (DJ):    0.000ns
    Phase Error              (PE):    0.000ns
    User Uncertainty         (UU):    0.200ns

    Location             Delay type                Incr(ns)  Path(ns)    Netlist Resource(s)
  -------------------------------------------------------------------    -------------------
                         (clock aclk rise edge)       0.000     0.000 r  
                                                      0.000     0.000 r  aclk (IN)
                         net (fo=790, unset)          0.973     0.973    u_tile_axi_16/u_output_fifo/aclk
    SLICE_X33Y78         FDCE                                         r  u_tile_axi_16/u_output_fifo/read_ptr_r_reg[3]/C
  -------------------------------------------------------------------    -------------------
    SLICE_X33Y78         FDCE (Prop_fdce_C_Q)         0.419     1.392 r  u_tile_axi_16/u_output_fifo/read_ptr_r_reg[3]/Q
                         net (fo=34, routed)          1.771     3.163    u_tile_axi_16/u_output_fifo/data_mem_r_reg_0_15_6_11/ADDRA3
    SLICE_X32Y72         RAMD32 (Prop_ramd32_RADR3_O)
                                                      0.322     3.485 r  u_tile_axi_16/u_output_fifo/data_mem_r_reg_0_15_6_11/RAMA/O
                         net (fo=0)                   0.973     4.458    m_axis_tdata[6]
                                                                      r  m_axis_tdata[6] (OUT)
  -------------------------------------------------------------------    -------------------

Slack:                    inf
  Source:                 u_tile_axi_16/u_output_fifo/read_ptr_r_reg[3]/C
                            (rising edge-triggered cell FDCE clocked by aclk  {rise@0.000ns fall@5.000ns period=10.000ns})
  Destination:            m_axis_tdata[8]
                            (output port)
  Path Group:             (none)
  Path Type:              Max at Slow Process Corner
  Data Path Delay:        3.482ns  (logic 0.741ns (21.283%)  route 2.741ns (78.717%))
  Logic Levels:           1  (RAMD32=1)
  Clock Uncertainty:      0.225ns  ((TSJ^2 + TIJ^2)^1/2 + DJ) / 2 + PE + UU
    Total System Jitter     (TSJ):    0.050ns
    Total Input Jitter      (TIJ):    0.000ns
    Discrete Jitter          (DJ):    0.000ns
    Phase Error              (PE):    0.000ns
    User Uncertainty         (UU):    0.200ns

    Location             Delay type                Incr(ns)  Path(ns)    Netlist Resource(s)
  -------------------------------------------------------------------    -------------------
                         (clock aclk rise edge)       0.000     0.000 r  
                                                      0.000     0.000 r  aclk (IN)
                         net (fo=790, unset)          0.973     0.973    u_tile_axi_16/u_output_fifo/aclk
    SLICE_X33Y78         FDCE                                         r  u_tile_axi_16/u_output_fifo/read_ptr_r_reg[3]/C
  -------------------------------------------------------------------    -------------------
    SLICE_X33Y78         FDCE (Prop_fdce_C_Q)         0.419     1.392 r  u_tile_axi_16/u_output_fifo/read_ptr_r_reg[3]/Q
                         net (fo=34, routed)          1.768     3.160    u_tile_axi_16/u_output_fifo/data_mem_r_reg_0_15_6_11/ADDRB3
    SLICE_X32Y72         RAMD32 (Prop_ramd32_RADR3_O)
                                                      0.322     3.482 r  u_tile_axi_16/u_output_fifo/data_mem_r_reg_0_15_6_11/RAMB/O
                         net (fo=0)                   0.973     4.455    m_axis_tdata[8]
                                                                      r  m_axis_tdata[8] (OUT)
  -------------------------------------------------------------------    -------------------





Min Delay Paths
--------------------------------------------------------------------------------------
Slack:                    inf
  Source:                 u_tile_axi_16/done_sticky_r_reg/C
                            (rising edge-triggered cell FDCE clocked by aclk  {rise@0.000ns fall@5.000ns period=10.000ns})
  Destination:            irq
                            (output port)
  Path Group:             (none)
  Path Type:              Min at Fast Process Corner
  Data Path Delay:        0.551ns  (logic 0.141ns (25.583%)  route 0.410ns (74.417%))
  Logic Levels:           0  
  Clock Uncertainty:      0.225ns  ((TSJ^2 + TIJ^2)^1/2 + DJ) / 2 + PE + UU
    Total System Jitter     (TSJ):    0.050ns
    Total Input Jitter      (TIJ):    0.000ns
    Discrete Jitter          (DJ):    0.000ns
    Phase Error              (PE):    0.000ns
    User Uncertainty         (UU):    0.200ns

    Location             Delay type                Incr(ns)  Path(ns)    Netlist Resource(s)
  -------------------------------------------------------------------    -------------------
                         (clock aclk rise edge)       0.000     0.000 r  
                                                      0.000     0.000 r  aclk (IN)
                         net (fo=790, unset)          0.410     0.410    u_tile_axi_16/aclk
    SLICE_X35Y83         FDCE                                         r  u_tile_axi_16/done_sticky_r_reg/C
  -------------------------------------------------------------------    -------------------
    SLICE_X35Y83         FDCE (Prop_fdce_C_Q)         0.141     0.551 r  u_tile_axi_16/done_sticky_r_reg/Q
                         net (fo=2, unset)            0.410     0.961    irq
                                                                      r  irq (OUT)
  -------------------------------------------------------------------    -------------------

Slack:                    inf
  Source:                 u_tile_axi_16/s_axi_bvalid_reg/C
                            (rising edge-triggered cell FDCE clocked by aclk  {rise@0.000ns fall@5.000ns period=10.000ns})
  Destination:            s_axi_bvalid
                            (output port)
  Path Group:             (none)
  Path Type:              Min at Fast Process Corner
  Data Path Delay:        0.551ns  (logic 0.141ns (25.583%)  route 0.410ns (74.417%))
  Logic Levels:           0  
  Clock Uncertainty:      0.225ns  ((TSJ^2 + TIJ^2)^1/2 + DJ) / 2 + PE + UU
    Total System Jitter     (TSJ):    0.050ns
    Total Input Jitter      (TIJ):    0.000ns
    Discrete Jitter          (DJ):    0.000ns
    Phase Error              (PE):    0.000ns
    User Uncertainty         (UU):    0.200ns

    Location             Delay type                Incr(ns)  Path(ns)    Netlist Resource(s)
  -------------------------------------------------------------------    -------------------
                         (clock aclk rise edge)       0.000     0.000 r  
                                                      0.000     0.000 r  aclk (IN)
                         net (fo=790, unset)          0.410     0.410    u_tile_axi_16/aclk
    SLICE_X39Y84         FDCE                                         r  u_tile_axi_16/s_axi_bvalid_reg/C
  -------------------------------------------------------------------    -------------------
    SLICE_X39Y84         FDCE (Prop_fdce_C_Q)         0.141     0.551 r  u_tile_axi_16/s_axi_bvalid_reg/Q
                         net (fo=12, unset)           0.410     0.961    s_axi_bvalid
                                                                      r  s_axi_bvalid (OUT)
  -------------------------------------------------------------------    -------------------

Slack:                    inf
  Source:                 u_tile_axi_16/s_axi_rdata_reg[10]/C
                            (rising edge-triggered cell FDCE clocked by aclk  {rise@0.000ns fall@5.000ns period=10.000ns})
  Destination:            s_axi_rdata[10]
                            (output port)
  Path Group:             (none)
  Path Type:              Min at Fast Process Corner
  Data Path Delay:        0.551ns  (logic 0.141ns (25.583%)  route 0.410ns (74.417%))
  Logic Levels:           0  
  Clock Uncertainty:      0.225ns  ((TSJ^2 + TIJ^2)^1/2 + DJ) / 2 + PE + UU
    Total System Jitter     (TSJ):    0.050ns
    Total Input Jitter      (TIJ):    0.000ns
    Discrete Jitter          (DJ):    0.000ns
    Phase Error              (PE):    0.000ns
    User Uncertainty         (UU):    0.200ns

    Location             Delay type                Incr(ns)  Path(ns)    Netlist Resource(s)
  -------------------------------------------------------------------    -------------------
                         (clock aclk rise edge)       0.000     0.000 r  
                                                      0.000     0.000 r  aclk (IN)
                         net (fo=790, unset)          0.410     0.410    u_tile_axi_16/aclk
    SLICE_X40Y80         FDCE                                         r  u_tile_axi_16/s_axi_rdata_reg[10]/C
  -------------------------------------------------------------------    -------------------
    SLICE_X40Y80         FDCE (Prop_fdce_C_Q)         0.141     0.551 r  u_tile_axi_16/s_axi_rdata_reg[10]/Q
                         net (fo=0)                   0.410     0.961    s_axi_rdata[10]
                                                                      r  s_axi_rdata[10] (OUT)
  -------------------------------------------------------------------    -------------------

Slack:                    inf
  Source:                 u_tile_axi_16/s_axi_rdata_reg[11]/C
                            (rising edge-triggered cell FDCE clocked by aclk  {rise@0.000ns fall@5.000ns period=10.000ns})
  Destination:            s_axi_rdata[11]
                            (output port)
  Path Group:             (none)
  Path Type:              Min at Fast Process Corner
  Data Path Delay:        0.551ns  (logic 0.141ns (25.583%)  route 0.410ns (74.417%))
  Logic Levels:           0  
  Clock Uncertainty:      0.225ns  ((TSJ^2 + TIJ^2)^1/2 + DJ) / 2 + PE + UU
    Total System Jitter     (TSJ):    0.050ns
    Total Input Jitter      (TIJ):    0.000ns
    Discrete Jitter          (DJ):    0.000ns
    Phase Error              (PE):    0.000ns
    User Uncertainty         (UU):    0.200ns

    Location             Delay type                Incr(ns)  Path(ns)    Netlist Resource(s)
  -------------------------------------------------------------------    -------------------
                         (clock aclk rise edge)       0.000     0.000 r  
                                                      0.000     0.000 r  aclk (IN)
                         net (fo=790, unset)          0.410     0.410    u_tile_axi_16/aclk
    SLICE_X39Y80         FDCE                                         r  u_tile_axi_16/s_axi_rdata_reg[11]/C
  -------------------------------------------------------------------    -------------------
    SLICE_X39Y80         FDCE (Prop_fdce_C_Q)         0.141     0.551 r  u_tile_axi_16/s_axi_rdata_reg[11]/Q
                         net (fo=0)                   0.410     0.961    s_axi_rdata[11]
                                                                      r  s_axi_rdata[11] (OUT)
  -------------------------------------------------------------------    -------------------

Slack:                    inf
  Source:                 u_tile_axi_16/s_axi_rdata_reg[12]/C
                            (rising edge-triggered cell FDCE clocked by aclk  {rise@0.000ns fall@5.000ns period=10.000ns})
  Destination:            s_axi_rdata[12]
                            (output port)
  Path Group:             (none)
  Path Type:              Min at Fast Process Corner
  Data Path Delay:        0.551ns  (logic 0.141ns (25.583%)  route 0.410ns (74.417%))
  Logic Levels:           0  
  Clock Uncertainty:      0.225ns  ((TSJ^2 + TIJ^2)^1/2 + DJ) / 2 + PE + UU
    Total System Jitter     (TSJ):    0.050ns
    Total Input Jitter      (TIJ):    0.000ns
    Discrete Jitter          (DJ):    0.000ns
    Phase Error              (PE):    0.000ns
    User Uncertainty         (UU):    0.200ns

    Location             Delay type                Incr(ns)  Path(ns)    Netlist Resource(s)
  -------------------------------------------------------------------    -------------------
                         (clock aclk rise edge)       0.000     0.000 r  
                                                      0.000     0.000 r  aclk (IN)
                         net (fo=790, unset)          0.410     0.410    u_tile_axi_16/aclk
    SLICE_X39Y80         FDCE                                         r  u_tile_axi_16/s_axi_rdata_reg[12]/C
  -------------------------------------------------------------------    -------------------
    SLICE_X39Y80         FDCE (Prop_fdce_C_Q)         0.141     0.551 r  u_tile_axi_16/s_axi_rdata_reg[12]/Q
                         net (fo=0)                   0.410     0.961    s_axi_rdata[12]
                                                                      r  s_axi_rdata[12] (OUT)
  -------------------------------------------------------------------    -------------------

Slack:                    inf
  Source:                 u_tile_axi_16/s_axi_rdata_reg[17]/C
                            (rising edge-triggered cell FDCE clocked by aclk  {rise@0.000ns fall@5.000ns period=10.000ns})
  Destination:            s_axi_rdata[17]
                            (output port)
  Path Group:             (none)
  Path Type:              Min at Fast Process Corner
  Data Path Delay:        0.551ns  (logic 0.141ns (25.583%)  route 0.410ns (74.417%))
  Logic Levels:           0  
  Clock Uncertainty:      0.225ns  ((TSJ^2 + TIJ^2)^1/2 + DJ) / 2 + PE + UU
    Total System Jitter     (TSJ):    0.050ns
    Total Input Jitter      (TIJ):    0.000ns
    Discrete Jitter          (DJ):    0.000ns
    Phase Error              (PE):    0.000ns
    User Uncertainty         (UU):    0.200ns

    Location             Delay type                Incr(ns)  Path(ns)    Netlist Resource(s)
  -------------------------------------------------------------------    -------------------
                         (clock aclk rise edge)       0.000     0.000 r  
                                                      0.000     0.000 r  aclk (IN)
                         net (fo=790, unset)          0.410     0.410    u_tile_axi_16/aclk
    SLICE_X40Y81         FDCE                                         r  u_tile_axi_16/s_axi_rdata_reg[17]/C
  -------------------------------------------------------------------    -------------------
    SLICE_X40Y81         FDCE (Prop_fdce_C_Q)         0.141     0.551 r  u_tile_axi_16/s_axi_rdata_reg[17]/Q
                         net (fo=0)                   0.410     0.961    s_axi_rdata[17]
                                                                      r  s_axi_rdata[17] (OUT)
  -------------------------------------------------------------------    -------------------

Slack:                    inf
  Source:                 u_tile_axi_16/s_axi_rdata_reg[20]/C
                            (rising edge-triggered cell FDCE clocked by aclk  {rise@0.000ns fall@5.000ns period=10.000ns})
  Destination:            s_axi_rdata[20]
                            (output port)
  Path Group:             (none)
  Path Type:              Min at Fast Process Corner
  Data Path Delay:        0.551ns  (logic 0.141ns (25.583%)  route 0.410ns (74.417%))
  Logic Levels:           0  
  Clock Uncertainty:      0.225ns  ((TSJ^2 + TIJ^2)^1/2 + DJ) / 2 + PE + UU
    Total System Jitter     (TSJ):    0.050ns
    Total Input Jitter      (TIJ):    0.000ns
    Discrete Jitter          (DJ):    0.000ns
    Phase Error              (PE):    0.000ns
    User Uncertainty         (UU):    0.200ns

    Location             Delay type                Incr(ns)  Path(ns)    Netlist Resource(s)
  -------------------------------------------------------------------    -------------------
                         (clock aclk rise edge)       0.000     0.000 r  
                                                      0.000     0.000 r  aclk (IN)
                         net (fo=790, unset)          0.410     0.410    u_tile_axi_16/aclk
    SLICE_X40Y81         FDCE                                         r  u_tile_axi_16/s_axi_rdata_reg[20]/C
  -------------------------------------------------------------------    -------------------
    SLICE_X40Y81         FDCE (Prop_fdce_C_Q)         0.141     0.551 r  u_tile_axi_16/s_axi_rdata_reg[20]/Q
                         net (fo=0)                   0.410     0.961    s_axi_rdata[20]
                                                                      r  s_axi_rdata[20] (OUT)
  -------------------------------------------------------------------    -------------------

Slack:                    inf
  Source:                 u_tile_axi_16/s_axi_rdata_reg[21]/C
                            (rising edge-triggered cell FDCE clocked by aclk  {rise@0.000ns fall@5.000ns period=10.000ns})
  Destination:            s_axi_rdata[21]
                            (output port)
  Path Group:             (none)
  Path Type:              Min at Fast Process Corner
  Data Path Delay:        0.551ns  (logic 0.141ns (25.583%)  route 0.410ns (74.417%))
  Logic Levels:           0  
  Clock Uncertainty:      0.225ns  ((TSJ^2 + TIJ^2)^1/2 + DJ) / 2 + PE + UU
    Total System Jitter     (TSJ):    0.050ns
    Total Input Jitter      (TIJ):    0.000ns
    Discrete Jitter          (DJ):    0.000ns
    Phase Error              (PE):    0.000ns
    User Uncertainty         (UU):    0.200ns

    Location             Delay type                Incr(ns)  Path(ns)    Netlist Resource(s)
  -------------------------------------------------------------------    -------------------
                         (clock aclk rise edge)       0.000     0.000 r  
                                                      0.000     0.000 r  aclk (IN)
                         net (fo=790, unset)          0.410     0.410    u_tile_axi_16/aclk
    SLICE_X40Y81         FDCE                                         r  u_tile_axi_16/s_axi_rdata_reg[21]/C
  -------------------------------------------------------------------    -------------------
    SLICE_X40Y81         FDCE (Prop_fdce_C_Q)         0.141     0.551 r  u_tile_axi_16/s_axi_rdata_reg[21]/Q
                         net (fo=0)                   0.410     0.961    s_axi_rdata[21]
                                                                      r  s_axi_rdata[21] (OUT)
  -------------------------------------------------------------------    -------------------

Slack:                    inf
  Source:                 u_tile_axi_16/s_axi_rdata_reg[22]/C
                            (rising edge-triggered cell FDCE clocked by aclk  {rise@0.000ns fall@5.000ns period=10.000ns})
  Destination:            s_axi_rdata[22]
                            (output port)
  Path Group:             (none)
  Path Type:              Min at Fast Process Corner
  Data Path Delay:        0.551ns  (logic 0.141ns (25.583%)  route 0.410ns (74.417%))
  Logic Levels:           0  
  Clock Uncertainty:      0.225ns  ((TSJ^2 + TIJ^2)^1/2 + DJ) / 2 + PE + UU
    Total System Jitter     (TSJ):    0.050ns
    Total Input Jitter      (TIJ):    0.000ns
    Discrete Jitter          (DJ):    0.000ns
    Phase Error              (PE):    0.000ns
    User Uncertainty         (UU):    0.200ns

    Location             Delay type                Incr(ns)  Path(ns)    Netlist Resource(s)
  -------------------------------------------------------------------    -------------------
                         (clock aclk rise edge)       0.000     0.000 r  
                                                      0.000     0.000 r  aclk (IN)
                         net (fo=790, unset)          0.410     0.410    u_tile_axi_16/aclk
    SLICE_X39Y83         FDCE                                         r  u_tile_axi_16/s_axi_rdata_reg[22]/C
  -------------------------------------------------------------------    -------------------
    SLICE_X39Y83         FDCE (Prop_fdce_C_Q)         0.141     0.551 r  u_tile_axi_16/s_axi_rdata_reg[22]/Q
                         net (fo=0)                   0.410     0.961    s_axi_rdata[22]
                                                                      r  s_axi_rdata[22] (OUT)
  -------------------------------------------------------------------    -------------------

Slack:                    inf
  Source:                 u_tile_axi_16/s_axi_rdata_reg[23]/C
                            (rising edge-triggered cell FDCE clocked by aclk  {rise@0.000ns fall@5.000ns period=10.000ns})
  Destination:            s_axi_rdata[23]
                            (output port)
  Path Group:             (none)
  Path Type:              Min at Fast Process Corner
  Data Path Delay:        0.551ns  (logic 0.141ns (25.583%)  route 0.410ns (74.417%))
  Logic Levels:           0  
  Clock Uncertainty:      0.225ns  ((TSJ^2 + TIJ^2)^1/2 + DJ) / 2 + PE + UU
    Total System Jitter     (TSJ):    0.050ns
    Total Input Jitter      (TIJ):    0.000ns
    Discrete Jitter          (DJ):    0.000ns
    Phase Error              (PE):    0.000ns
    User Uncertainty         (UU):    0.200ns

    Location             Delay type                Incr(ns)  Path(ns)    Netlist Resource(s)
  -------------------------------------------------------------------    -------------------
                         (clock aclk rise edge)       0.000     0.000 r  
                                                      0.000     0.000 r  aclk (IN)
                         net (fo=790, unset)          0.410     0.410    u_tile_axi_16/aclk
    SLICE_X39Y83         FDCE                                         r  u_tile_axi_16/s_axi_rdata_reg[23]/C
  -------------------------------------------------------------------    -------------------
    SLICE_X39Y83         FDCE (Prop_fdce_C_Q)         0.141     0.551 r  u_tile_axi_16/s_axi_rdata_reg[23]/Q
                         net (fo=0)                   0.410     0.961    s_axi_rdata[23]
                                                                      r  s_axi_rdata[23] (OUT)
  -------------------------------------------------------------------    -------------------

Slack:                    inf
  Source:                 u_tile_axi_16/s_axi_rdata_reg[24]/C
                            (rising edge-triggered cell FDCE clocked by aclk  {rise@0.000ns fall@5.000ns period=10.000ns})
  Destination:            s_axi_rdata[24]
                            (output port)
  Path Group:             (none)
  Path Type:              Min at Fast Process Corner
  Data Path Delay:        0.551ns  (logic 0.141ns (25.583%)  route 0.410ns (74.417%))
  Logic Levels:           0  
  Clock Uncertainty:      0.225ns  ((TSJ^2 + TIJ^2)^1/2 + DJ) / 2 + PE + UU
    Total System Jitter     (TSJ):    0.050ns
    Total Input Jitter      (TIJ):    0.000ns
    Discrete Jitter          (DJ):    0.000ns
    Phase Error              (PE):    0.000ns
    User Uncertainty         (UU):    0.200ns

    Location             Delay type                Incr(ns)  Path(ns)    Netlist Resource(s)
  -------------------------------------------------------------------    -------------------
                         (clock aclk rise edge)       0.000     0.000 r  
                                                      0.000     0.000 r  aclk (IN)
                         net (fo=790, unset)          0.410     0.410    u_tile_axi_16/aclk
    SLICE_X39Y83         FDCE                                         r  u_tile_axi_16/s_axi_rdata_reg[24]/C
  -------------------------------------------------------------------    -------------------
    SLICE_X39Y83         FDCE (Prop_fdce_C_Q)         0.141     0.551 r  u_tile_axi_16/s_axi_rdata_reg[24]/Q
                         net (fo=0)                   0.410     0.961    s_axi_rdata[24]
                                                                      r  s_axi_rdata[24] (OUT)
  -------------------------------------------------------------------    -------------------

Slack:                    inf
  Source:                 u_tile_axi_16/s_axi_rdata_reg[3]/C
                            (rising edge-triggered cell FDCE clocked by aclk  {rise@0.000ns fall@5.000ns period=10.000ns})
  Destination:            s_axi_rdata[3]
                            (output port)
  Path Group:             (none)
  Path Type:              Min at Fast Process Corner
  Data Path Delay:        0.551ns  (logic 0.141ns (25.583%)  route 0.410ns (74.417%))
  Logic Levels:           0  
  Clock Uncertainty:      0.225ns  ((TSJ^2 + TIJ^2)^1/2 + DJ) / 2 + PE + UU
    Total System Jitter     (TSJ):    0.050ns
    Total Input Jitter      (TIJ):    0.000ns
    Discrete Jitter          (DJ):    0.000ns
    Phase Error              (PE):    0.000ns
    User Uncertainty         (UU):    0.200ns

    Location             Delay type                Incr(ns)  Path(ns)    Netlist Resource(s)
  -------------------------------------------------------------------    -------------------
                         (clock aclk rise edge)       0.000     0.000 r  
                                                      0.000     0.000 r  aclk (IN)
                         net (fo=790, unset)          0.410     0.410    u_tile_axi_16/aclk
    SLICE_X33Y82         FDCE                                         r  u_tile_axi_16/s_axi_rdata_reg[3]/C
  -------------------------------------------------------------------    -------------------
    SLICE_X33Y82         FDCE (Prop_fdce_C_Q)         0.141     0.551 r  u_tile_axi_16/s_axi_rdata_reg[3]/Q
                         net (fo=0)                   0.410     0.961    s_axi_rdata[3]
                                                                      r  s_axi_rdata[3] (OUT)
  -------------------------------------------------------------------    -------------------

Slack:                    inf
  Source:                 u_tile_axi_16/s_axi_rdata_reg[6]/C
                            (rising edge-triggered cell FDCE clocked by aclk  {rise@0.000ns fall@5.000ns period=10.000ns})
  Destination:            s_axi_rdata[6]
                            (output port)
  Path Group:             (none)
  Path Type:              Min at Fast Process Corner
  Data Path Delay:        0.551ns  (logic 0.141ns (25.583%)  route 0.410ns (74.417%))
  Logic Levels:           0  
  Clock Uncertainty:      0.225ns  ((TSJ^2 + TIJ^2)^1/2 + DJ) / 2 + PE + UU
    Total System Jitter     (TSJ):    0.050ns
    Total Input Jitter      (TIJ):    0.000ns
    Discrete Jitter          (DJ):    0.000ns
    Phase Error              (PE):    0.000ns
    User Uncertainty         (UU):    0.200ns

    Location             Delay type                Incr(ns)  Path(ns)    Netlist Resource(s)
  -------------------------------------------------------------------    -------------------
                         (clock aclk rise edge)       0.000     0.000 r  
                                                      0.000     0.000 r  aclk (IN)
                         net (fo=790, unset)          0.410     0.410    u_tile_axi_16/aclk
    SLICE_X39Y79         FDCE                                         r  u_tile_axi_16/s_axi_rdata_reg[6]/C
  -------------------------------------------------------------------    -------------------
    SLICE_X39Y79         FDCE (Prop_fdce_C_Q)         0.141     0.551 r  u_tile_axi_16/s_axi_rdata_reg[6]/Q
                         net (fo=0)                   0.410     0.961    s_axi_rdata[6]
                                                                      r  s_axi_rdata[6] (OUT)
  -------------------------------------------------------------------    -------------------

Slack:                    inf
  Source:                 u_tile_axi_16/s_axi_rdata_reg[7]/C
                            (rising edge-triggered cell FDCE clocked by aclk  {rise@0.000ns fall@5.000ns period=10.000ns})
  Destination:            s_axi_rdata[7]
                            (output port)
  Path Group:             (none)
  Path Type:              Min at Fast Process Corner
  Data Path Delay:        0.551ns  (logic 0.141ns (25.583%)  route 0.410ns (74.417%))
  Logic Levels:           0  
  Clock Uncertainty:      0.225ns  ((TSJ^2 + TIJ^2)^1/2 + DJ) / 2 + PE + UU
    Total System Jitter     (TSJ):    0.050ns
    Total Input Jitter      (TIJ):    0.000ns
    Discrete Jitter          (DJ):    0.000ns
    Phase Error              (PE):    0.000ns
    User Uncertainty         (UU):    0.200ns

    Location             Delay type                Incr(ns)  Path(ns)    Netlist Resource(s)
  -------------------------------------------------------------------    -------------------
                         (clock aclk rise edge)       0.000     0.000 r  
                                                      0.000     0.000 r  aclk (IN)
                         net (fo=790, unset)          0.410     0.410    u_tile_axi_16/aclk
    SLICE_X39Y79         FDCE                                         r  u_tile_axi_16/s_axi_rdata_reg[7]/C
  -------------------------------------------------------------------    -------------------
    SLICE_X39Y79         FDCE (Prop_fdce_C_Q)         0.141     0.551 r  u_tile_axi_16/s_axi_rdata_reg[7]/Q
                         net (fo=0)                   0.410     0.961    s_axi_rdata[7]
                                                                      r  s_axi_rdata[7] (OUT)
  -------------------------------------------------------------------    -------------------

Slack:                    inf
  Source:                 u_tile_axi_16/s_axi_rdata_reg[9]/C
                            (rising edge-triggered cell FDCE clocked by aclk  {rise@0.000ns fall@5.000ns period=10.000ns})
  Destination:            s_axi_rdata[9]
                            (output port)
  Path Group:             (none)
  Path Type:              Min at Fast Process Corner
  Data Path Delay:        0.551ns  (logic 0.141ns (25.583%)  route 0.410ns (74.417%))
  Logic Levels:           0  
  Clock Uncertainty:      0.225ns  ((TSJ^2 + TIJ^2)^1/2 + DJ) / 2 + PE + UU
    Total System Jitter     (TSJ):    0.050ns
    Total Input Jitter      (TIJ):    0.000ns
    Discrete Jitter          (DJ):    0.000ns
    Phase Error              (PE):    0.000ns
    User Uncertainty         (UU):    0.200ns

    Location             Delay type                Incr(ns)  Path(ns)    Netlist Resource(s)
  -------------------------------------------------------------------    -------------------
                         (clock aclk rise edge)       0.000     0.000 r  
                                                      0.000     0.000 r  aclk (IN)
                         net (fo=790, unset)          0.410     0.410    u_tile_axi_16/aclk
    SLICE_X40Y80         FDCE                                         r  u_tile_axi_16/s_axi_rdata_reg[9]/C
  -------------------------------------------------------------------    -------------------
    SLICE_X40Y80         FDCE (Prop_fdce_C_Q)         0.141     0.551 r  u_tile_axi_16/s_axi_rdata_reg[9]/Q
                         net (fo=0)                   0.410     0.961    s_axi_rdata[9]
                                                                      r  s_axi_rdata[9] (OUT)
  -------------------------------------------------------------------    -------------------

Slack:                    inf
  Source:                 u_tile_axi_16/s_axi_rdata_reg[0]/C
                            (rising edge-triggered cell FDCE clocked by aclk  {rise@0.000ns fall@5.000ns period=10.000ns})
  Destination:            s_axi_rdata[0]
                            (output port)
  Path Group:             (none)
  Path Type:              Min at Fast Process Corner
  Data Path Delay:        0.574ns  (logic 0.164ns (28.565%)  route 0.410ns (71.435%))
  Logic Levels:           0  
  Clock Uncertainty:      0.225ns  ((TSJ^2 + TIJ^2)^1/2 + DJ) / 2 + PE + UU
    Total System Jitter     (TSJ):    0.050ns
    Total Input Jitter      (TIJ):    0.000ns
    Discrete Jitter          (DJ):    0.000ns
    Phase Error              (PE):    0.000ns
    User Uncertainty         (UU):    0.200ns

    Location             Delay type                Incr(ns)  Path(ns)    Netlist Resource(s)
  -------------------------------------------------------------------    -------------------
                         (clock aclk rise edge)       0.000     0.000 r  
                                                      0.000     0.000 r  aclk (IN)
                         net (fo=790, unset)          0.410     0.410    u_tile_axi_16/aclk
    SLICE_X36Y82         FDCE                                         r  u_tile_axi_16/s_axi_rdata_reg[0]/C
  -------------------------------------------------------------------    -------------------
    SLICE_X36Y82         FDCE (Prop_fdce_C_Q)         0.164     0.574 r  u_tile_axi_16/s_axi_rdata_reg[0]/Q
                         net (fo=0)                   0.410     0.984    s_axi_rdata[0]
                                                                      r  s_axi_rdata[0] (OUT)
  -------------------------------------------------------------------    -------------------

Slack:                    inf
  Source:                 u_tile_axi_16/s_axi_rdata_reg[13]/C
                            (rising edge-triggered cell FDCE clocked by aclk  {rise@0.000ns fall@5.000ns period=10.000ns})
  Destination:            s_axi_rdata[13]
                            (output port)
  Path Group:             (none)
  Path Type:              Min at Fast Process Corner
  Data Path Delay:        0.574ns  (logic 0.164ns (28.565%)  route 0.410ns (71.435%))
  Logic Levels:           0  
  Clock Uncertainty:      0.225ns  ((TSJ^2 + TIJ^2)^1/2 + DJ) / 2 + PE + UU
    Total System Jitter     (TSJ):    0.050ns
    Total Input Jitter      (TIJ):    0.000ns
    Discrete Jitter          (DJ):    0.000ns
    Phase Error              (PE):    0.000ns
    User Uncertainty         (UU):    0.200ns

    Location             Delay type                Incr(ns)  Path(ns)    Netlist Resource(s)
  -------------------------------------------------------------------    -------------------
                         (clock aclk rise edge)       0.000     0.000 r  
                                                      0.000     0.000 r  aclk (IN)
                         net (fo=790, unset)          0.410     0.410    u_tile_axi_16/aclk
    SLICE_X38Y81         FDCE                                         r  u_tile_axi_16/s_axi_rdata_reg[13]/C
  -------------------------------------------------------------------    -------------------
    SLICE_X38Y81         FDCE (Prop_fdce_C_Q)         0.164     0.574 r  u_tile_axi_16/s_axi_rdata_reg[13]/Q
                         net (fo=0)                   0.410     0.984    s_axi_rdata[13]
                                                                      r  s_axi_rdata[13] (OUT)
  -------------------------------------------------------------------    -------------------

Slack:                    inf
  Source:                 u_tile_axi_16/s_axi_rdata_reg[14]/C
                            (rising edge-triggered cell FDCE clocked by aclk  {rise@0.000ns fall@5.000ns period=10.000ns})
  Destination:            s_axi_rdata[14]
                            (output port)
  Path Group:             (none)
  Path Type:              Min at Fast Process Corner
  Data Path Delay:        0.574ns  (logic 0.164ns (28.565%)  route 0.410ns (71.435%))
  Logic Levels:           0  
  Clock Uncertainty:      0.225ns  ((TSJ^2 + TIJ^2)^1/2 + DJ) / 2 + PE + UU
    Total System Jitter     (TSJ):    0.050ns
    Total Input Jitter      (TIJ):    0.000ns
    Discrete Jitter          (DJ):    0.000ns
    Phase Error              (PE):    0.000ns
    User Uncertainty         (UU):    0.200ns

    Location             Delay type                Incr(ns)  Path(ns)    Netlist Resource(s)
  -------------------------------------------------------------------    -------------------
                         (clock aclk rise edge)       0.000     0.000 r  
                                                      0.000     0.000 r  aclk (IN)
                         net (fo=790, unset)          0.410     0.410    u_tile_axi_16/aclk
    SLICE_X38Y81         FDCE                                         r  u_tile_axi_16/s_axi_rdata_reg[14]/C
  -------------------------------------------------------------------    -------------------
    SLICE_X38Y81         FDCE (Prop_fdce_C_Q)         0.164     0.574 r  u_tile_axi_16/s_axi_rdata_reg[14]/Q
                         net (fo=0)                   0.410     0.984    s_axi_rdata[14]
                                                                      r  s_axi_rdata[14] (OUT)
  -------------------------------------------------------------------    -------------------

Slack:                    inf
  Source:                 u_tile_axi_16/s_axi_rdata_reg[15]/C
                            (rising edge-triggered cell FDCE clocked by aclk  {rise@0.000ns fall@5.000ns period=10.000ns})
  Destination:            s_axi_rdata[15]
                            (output port)
  Path Group:             (none)
  Path Type:              Min at Fast Process Corner
  Data Path Delay:        0.574ns  (logic 0.164ns (28.565%)  route 0.410ns (71.435%))
  Logic Levels:           0  
  Clock Uncertainty:      0.225ns  ((TSJ^2 + TIJ^2)^1/2 + DJ) / 2 + PE + UU
    Total System Jitter     (TSJ):    0.050ns
    Total Input Jitter      (TIJ):    0.000ns
    Discrete Jitter          (DJ):    0.000ns
    Phase Error              (PE):    0.000ns
    User Uncertainty         (UU):    0.200ns

    Location             Delay type                Incr(ns)  Path(ns)    Netlist Resource(s)
  -------------------------------------------------------------------    -------------------
                         (clock aclk rise edge)       0.000     0.000 r  
                                                      0.000     0.000 r  aclk (IN)
                         net (fo=790, unset)          0.410     0.410    u_tile_axi_16/aclk
    SLICE_X38Y81         FDCE                                         r  u_tile_axi_16/s_axi_rdata_reg[15]/C
  -------------------------------------------------------------------    -------------------
    SLICE_X38Y81         FDCE (Prop_fdce_C_Q)         0.164     0.574 r  u_tile_axi_16/s_axi_rdata_reg[15]/Q
                         net (fo=0)                   0.410     0.984    s_axi_rdata[15]
                                                                      r  s_axi_rdata[15] (OUT)
  -------------------------------------------------------------------    -------------------

Slack:                    inf
  Source:                 u_tile_axi_16/s_axi_rdata_reg[16]/C
                            (rising edge-triggered cell FDCE clocked by aclk  {rise@0.000ns fall@5.000ns period=10.000ns})
  Destination:            s_axi_rdata[16]
                            (output port)
  Path Group:             (none)
  Path Type:              Min at Fast Process Corner
  Data Path Delay:        0.574ns  (logic 0.164ns (28.565%)  route 0.410ns (71.435%))
  Logic Levels:           0  
  Clock Uncertainty:      0.225ns  ((TSJ^2 + TIJ^2)^1/2 + DJ) / 2 + PE + UU
    Total System Jitter     (TSJ):    0.050ns
    Total Input Jitter      (TIJ):    0.000ns
    Discrete Jitter          (DJ):    0.000ns
    Phase Error              (PE):    0.000ns
    User Uncertainty         (UU):    0.200ns

    Location             Delay type                Incr(ns)  Path(ns)    Netlist Resource(s)
  -------------------------------------------------------------------    -------------------
                         (clock aclk rise edge)       0.000     0.000 r  
                                                      0.000     0.000 r  aclk (IN)
                         net (fo=790, unset)          0.410     0.410    u_tile_axi_16/aclk
    SLICE_X38Y81         FDCE                                         r  u_tile_axi_16/s_axi_rdata_reg[16]/C
  -------------------------------------------------------------------    -------------------
    SLICE_X38Y81         FDCE (Prop_fdce_C_Q)         0.164     0.574 r  u_tile_axi_16/s_axi_rdata_reg[16]/Q
                         net (fo=0)                   0.410     0.984    s_axi_rdata[16]
                                                                      r  s_axi_rdata[16] (OUT)
  -------------------------------------------------------------------    -------------------





--------------------------------------------------------------------------------------
Path Group:  (none)
From Clock:  
  To Clock:  aclk

Max Delay          1146 Endpoints
Min Delay          1146 Endpoints
--------------------------------------------------------------------------------------


Max Delay Paths
--------------------------------------------------------------------------------------
Slack:                    inf
  Source:                 s_axi_awvalid
                            (input port)
  Destination:            u_tile_axi_16/u_tile_core/u_datapath/mul_stage_r_reg[0][0]/CLR
                            (recovery check against rising-edge clock aclk  {rise@0.000ns fall@5.000ns period=10.000ns})
  Path Group:             (none)
  Path Type:              Recovery (Max at Slow Process Corner)
  Data Path Delay:        5.167ns  (logic 0.622ns (12.037%)  route 4.545ns (87.963%))
  Logic Levels:           3  (LUT2=1 LUT4=1 LUT5=1)
  Clock Path Skew:        0.924ns (DCD - SCD + CPR)
    Destination Clock Delay (DCD):    0.924ns
    Source Clock Delay      (SCD):    0.000ns
    Clock Pessimism Removal (CPR):    0.000ns
  Clock Uncertainty:      0.225ns  ((TSJ^2 + TIJ^2)^1/2 + DJ) / 2 + PE + UU
    Total System Jitter     (TSJ):    0.050ns
    Total Input Jitter      (TIJ):    0.000ns
    Discrete Jitter          (DJ):    0.000ns
    Phase Error              (PE):    0.000ns
    User Uncertainty         (UU):    0.200ns

    Location             Delay type                Incr(ns)  Path(ns)    Netlist Resource(s)
  -------------------------------------------------------------------    -------------------
                                                      0.000     0.000 f  s_axi_awvalid (IN)
                         net (fo=5, unset)            0.973     0.973    u_tile_axi_16/u_tile_core/u_datapath/gen_acc_bank[0].u_acc/s_axi_awvalid
    SLICE_X38Y84         LUT4 (Prop_lut4_I0_O)        0.150     1.123 r  u_tile_axi_16/u_tile_core/u_datapath/gen_acc_bank[0].u_acc/FSM_onehot_state_r[7]_i_6/O
                         net (fo=2, routed)           0.746     1.869    u_tile_axi_16/u_tile_core/u_datapath/gen_acc_bank[0].u_acc/s_axi_awvalid_1
    SLICE_X38Y83         LUT5 (Prop_lut5_I0_O)        0.348     2.217 r  u_tile_axi_16/u_tile_core/u_datapath/gen_acc_bank[0].u_acc/FSM_onehot_state_r[7]_i_5/O
                         net (fo=40, routed)          0.733     2.950    u_tile_axi_16/u_tile_core/u_datapath/gen_acc_bank[0].u_acc/s_axi_awvalid_0
    SLICE_X36Y82         LUT2 (Prop_lut2_I1_O)        0.124     3.074 f  u_tile_axi_16/u_tile_core/u_datapath/gen_acc_bank[0].u_acc/FSM_onehot_state_r[7]_i_2/O
                         net (fo=464, routed)         2.093     5.167    u_tile_axi_16/u_tile_core/u_datapath/aresetn_0
    SLICE_X29Y65         FDCE                                         f  u_tile_axi_16/u_tile_core/u_datapath/mul_stage_r_reg[0][0]/CLR
  -------------------------------------------------------------------    -------------------

                         (clock aclk rise edge)       0.000     0.000 r  
                                                      0.000     0.000 r  aclk (IN)
                         net (fo=790, unset)          0.924     0.924    u_tile_axi_16/u_tile_core/u_datapath/aclk
    SLICE_X29Y65         FDCE                                         r  u_tile_axi_16/u_tile_core/u_datapath/mul_stage_r_reg[0][0]/C

Slack:                    inf
  Source:                 s_axi_awvalid
                            (input port)
  Destination:            u_tile_axi_16/u_tile_core/u_datapath/mul_stage_r_reg[0][1]/CLR
                            (recovery check against rising-edge clock aclk  {rise@0.000ns fall@5.000ns period=10.000ns})
  Path Group:             (none)
  Path Type:              Recovery (Max at Slow Process Corner)
  Data Path Delay:        5.167ns  (logic 0.622ns (12.037%)  route 4.545ns (87.963%))
  Logic Levels:           3  (LUT2=1 LUT4=1 LUT5=1)
  Clock Path Skew:        0.924ns (DCD - SCD + CPR)
    Destination Clock Delay (DCD):    0.924ns
    Source Clock Delay      (SCD):    0.000ns
    Clock Pessimism Removal (CPR):    0.000ns
  Clock Uncertainty:      0.225ns  ((TSJ^2 + TIJ^2)^1/2 + DJ) / 2 + PE + UU
    Total System Jitter     (TSJ):    0.050ns
    Total Input Jitter      (TIJ):    0.000ns
    Discrete Jitter          (DJ):    0.000ns
    Phase Error              (PE):    0.000ns
    User Uncertainty         (UU):    0.200ns

    Location             Delay type                Incr(ns)  Path(ns)    Netlist Resource(s)
  -------------------------------------------------------------------    -------------------
                                                      0.000     0.000 f  s_axi_awvalid (IN)
                         net (fo=5, unset)            0.973     0.973    u_tile_axi_16/u_tile_core/u_datapath/gen_acc_bank[0].u_acc/s_axi_awvalid
    SLICE_X38Y84         LUT4 (Prop_lut4_I0_O)        0.150     1.123 r  u_tile_axi_16/u_tile_core/u_datapath/gen_acc_bank[0].u_acc/FSM_onehot_state_r[7]_i_6/O
                         net (fo=2, routed)           0.746     1.869    u_tile_axi_16/u_tile_core/u_datapath/gen_acc_bank[0].u_acc/s_axi_awvalid_1
    SLICE_X38Y83         LUT5 (Prop_lut5_I0_O)        0.348     2.217 r  u_tile_axi_16/u_tile_core/u_datapath/gen_acc_bank[0].u_acc/FSM_onehot_state_r[7]_i_5/O
                         net (fo=40, routed)          0.733     2.950    u_tile_axi_16/u_tile_core/u_datapath/gen_acc_bank[0].u_acc/s_axi_awvalid_0
    SLICE_X36Y82         LUT2 (Prop_lut2_I1_O)        0.124     3.074 f  u_tile_axi_16/u_tile_core/u_datapath/gen_acc_bank[0].u_acc/FSM_onehot_state_r[7]_i_2/O
                         net (fo=464, routed)         2.093     5.167    u_tile_axi_16/u_tile_core/u_datapath/aresetn_0
    SLICE_X29Y65         FDCE                                         f  u_tile_axi_16/u_tile_core/u_datapath/mul_stage_r_reg[0][1]/CLR
  -------------------------------------------------------------------    -------------------

                         (clock aclk rise edge)       0.000     0.000 r  
                                                      0.000     0.000 r  aclk (IN)
                         net (fo=790, unset)          0.924     0.924    u_tile_axi_16/u_tile_core/u_datapath/aclk
    SLICE_X29Y65         FDCE                                         r  u_tile_axi_16/u_tile_core/u_datapath/mul_stage_r_reg[0][1]/C

Slack:                    inf
  Source:                 s_axi_awvalid
                            (input port)
  Destination:            u_tile_axi_16/u_tile_core/u_datapath/mul_stage_r_reg[0][2]/CLR
                            (recovery check against rising-edge clock aclk  {rise@0.000ns fall@5.000ns period=10.000ns})
  Path Group:             (none)
  Path Type:              Recovery (Max at Slow Process Corner)
  Data Path Delay:        5.167ns  (logic 0.622ns (12.037%)  route 4.545ns (87.963%))
  Logic Levels:           3  (LUT2=1 LUT4=1 LUT5=1)
  Clock Path Skew:        0.924ns (DCD - SCD + CPR)
    Destination Clock Delay (DCD):    0.924ns
    Source Clock Delay      (SCD):    0.000ns
    Clock Pessimism Removal (CPR):    0.000ns
  Clock Uncertainty:      0.225ns  ((TSJ^2 + TIJ^2)^1/2 + DJ) / 2 + PE + UU
    Total System Jitter     (TSJ):    0.050ns
    Total Input Jitter      (TIJ):    0.000ns
    Discrete Jitter          (DJ):    0.000ns
    Phase Error              (PE):    0.000ns
    User Uncertainty         (UU):    0.200ns

    Location             Delay type                Incr(ns)  Path(ns)    Netlist Resource(s)
  -------------------------------------------------------------------    -------------------
                                                      0.000     0.000 f  s_axi_awvalid (IN)
                         net (fo=5, unset)            0.973     0.973    u_tile_axi_16/u_tile_core/u_datapath/gen_acc_bank[0].u_acc/s_axi_awvalid
    SLICE_X38Y84         LUT4 (Prop_lut4_I0_O)        0.150     1.123 r  u_tile_axi_16/u_tile_core/u_datapath/gen_acc_bank[0].u_acc/FSM_onehot_state_r[7]_i_6/O
                         net (fo=2, routed)           0.746     1.869    u_tile_axi_16/u_tile_core/u_datapath/gen_acc_bank[0].u_acc/s_axi_awvalid_1
    SLICE_X38Y83         LUT5 (Prop_lut5_I0_O)        0.348     2.217 r  u_tile_axi_16/u_tile_core/u_datapath/gen_acc_bank[0].u_acc/FSM_onehot_state_r[7]_i_5/O
                         net (fo=40, routed)          0.733     2.950    u_tile_axi_16/u_tile_core/u_datapath/gen_acc_bank[0].u_acc/s_axi_awvalid_0
    SLICE_X36Y82         LUT2 (Prop_lut2_I1_O)        0.124     3.074 f  u_tile_axi_16/u_tile_core/u_datapath/gen_acc_bank[0].u_acc/FSM_onehot_state_r[7]_i_2/O
                         net (fo=464, routed)         2.093     5.167    u_tile_axi_16/u_tile_core/u_datapath/aresetn_0
    SLICE_X29Y65         FDCE                                         f  u_tile_axi_16/u_tile_core/u_datapath/mul_stage_r_reg[0][2]/CLR
  -------------------------------------------------------------------    -------------------

                         (clock aclk rise edge)       0.000     0.000 r  
                                                      0.000     0.000 r  aclk (IN)
                         net (fo=790, unset)          0.924     0.924    u_tile_axi_16/u_tile_core/u_datapath/aclk
    SLICE_X29Y65         FDCE                                         r  u_tile_axi_16/u_tile_core/u_datapath/mul_stage_r_reg[0][2]/C

Slack:                    inf
  Source:                 s_axi_awvalid
                            (input port)
  Destination:            u_tile_axi_16/u_tile_core/u_datapath/mul_stage_r_reg[0][4]/CLR
                            (recovery check against rising-edge clock aclk  {rise@0.000ns fall@5.000ns period=10.000ns})
  Path Group:             (none)
  Path Type:              Recovery (Max at Slow Process Corner)
  Data Path Delay:        5.128ns  (logic 0.622ns (12.129%)  route 4.506ns (87.871%))
  Logic Levels:           3  (LUT2=1 LUT4=1 LUT5=1)
  Clock Path Skew:        0.924ns (DCD - SCD + CPR)
    Destination Clock Delay (DCD):    0.924ns
    Source Clock Delay      (SCD):    0.000ns
    Clock Pessimism Removal (CPR):    0.000ns
  Clock Uncertainty:      0.225ns  ((TSJ^2 + TIJ^2)^1/2 + DJ) / 2 + PE + UU
    Total System Jitter     (TSJ):    0.050ns
    Total Input Jitter      (TIJ):    0.000ns
    Discrete Jitter          (DJ):    0.000ns
    Phase Error              (PE):    0.000ns
    User Uncertainty         (UU):    0.200ns

    Location             Delay type                Incr(ns)  Path(ns)    Netlist Resource(s)
  -------------------------------------------------------------------    -------------------
                                                      0.000     0.000 f  s_axi_awvalid (IN)
                         net (fo=5, unset)            0.973     0.973    u_tile_axi_16/u_tile_core/u_datapath/gen_acc_bank[0].u_acc/s_axi_awvalid
    SLICE_X38Y84         LUT4 (Prop_lut4_I0_O)        0.150     1.123 r  u_tile_axi_16/u_tile_core/u_datapath/gen_acc_bank[0].u_acc/FSM_onehot_state_r[7]_i_6/O
                         net (fo=2, routed)           0.746     1.869    u_tile_axi_16/u_tile_core/u_datapath/gen_acc_bank[0].u_acc/s_axi_awvalid_1
    SLICE_X38Y83         LUT5 (Prop_lut5_I0_O)        0.348     2.217 r  u_tile_axi_16/u_tile_core/u_datapath/gen_acc_bank[0].u_acc/FSM_onehot_state_r[7]_i_5/O
                         net (fo=40, routed)          0.733     2.950    u_tile_axi_16/u_tile_core/u_datapath/gen_acc_bank[0].u_acc/s_axi_awvalid_0
    SLICE_X36Y82         LUT2 (Prop_lut2_I1_O)        0.124     3.074 f  u_tile_axi_16/u_tile_core/u_datapath/gen_acc_bank[0].u_acc/FSM_onehot_state_r[7]_i_2/O
                         net (fo=464, routed)         2.054     5.128    u_tile_axi_16/u_tile_core/u_datapath/aresetn_0
    SLICE_X30Y68         FDCE                                         f  u_tile_axi_16/u_tile_core/u_datapath/mul_stage_r_reg[0][4]/CLR
  -------------------------------------------------------------------    -------------------

                         (clock aclk rise edge)       0.000     0.000 r  
                                                      0.000     0.000 r  aclk (IN)
                         net (fo=790, unset)          0.924     0.924    u_tile_axi_16/u_tile_core/u_datapath/aclk
    SLICE_X30Y68         FDCE                                         r  u_tile_axi_16/u_tile_core/u_datapath/mul_stage_r_reg[0][4]/C

Slack:                    inf
  Source:                 s_axi_awvalid
                            (input port)
  Destination:            u_tile_axi_16/u_tile_core/u_datapath/mul_stage_r_reg[0][5]/CLR
                            (recovery check against rising-edge clock aclk  {rise@0.000ns fall@5.000ns period=10.000ns})
  Path Group:             (none)
  Path Type:              Recovery (Max at Slow Process Corner)
  Data Path Delay:        5.128ns  (logic 0.622ns (12.129%)  route 4.506ns (87.871%))
  Logic Levels:           3  (LUT2=1 LUT4=1 LUT5=1)
  Clock Path Skew:        0.924ns (DCD - SCD + CPR)
    Destination Clock Delay (DCD):    0.924ns
    Source Clock Delay      (SCD):    0.000ns
    Clock Pessimism Removal (CPR):    0.000ns
  Clock Uncertainty:      0.225ns  ((TSJ^2 + TIJ^2)^1/2 + DJ) / 2 + PE + UU
    Total System Jitter     (TSJ):    0.050ns
    Total Input Jitter      (TIJ):    0.000ns
    Discrete Jitter          (DJ):    0.000ns
    Phase Error              (PE):    0.000ns
    User Uncertainty         (UU):    0.200ns

    Location             Delay type                Incr(ns)  Path(ns)    Netlist Resource(s)
  -------------------------------------------------------------------    -------------------
                                                      0.000     0.000 f  s_axi_awvalid (IN)
                         net (fo=5, unset)            0.973     0.973    u_tile_axi_16/u_tile_core/u_datapath/gen_acc_bank[0].u_acc/s_axi_awvalid
    SLICE_X38Y84         LUT4 (Prop_lut4_I0_O)        0.150     1.123 r  u_tile_axi_16/u_tile_core/u_datapath/gen_acc_bank[0].u_acc/FSM_onehot_state_r[7]_i_6/O
                         net (fo=2, routed)           0.746     1.869    u_tile_axi_16/u_tile_core/u_datapath/gen_acc_bank[0].u_acc/s_axi_awvalid_1
    SLICE_X38Y83         LUT5 (Prop_lut5_I0_O)        0.348     2.217 r  u_tile_axi_16/u_tile_core/u_datapath/gen_acc_bank[0].u_acc/FSM_onehot_state_r[7]_i_5/O
                         net (fo=40, routed)          0.733     2.950    u_tile_axi_16/u_tile_core/u_datapath/gen_acc_bank[0].u_acc/s_axi_awvalid_0
    SLICE_X36Y82         LUT2 (Prop_lut2_I1_O)        0.124     3.074 f  u_tile_axi_16/u_tile_core/u_datapath/gen_acc_bank[0].u_acc/FSM_onehot_state_r[7]_i_2/O
                         net (fo=464, routed)         2.054     5.128    u_tile_axi_16/u_tile_core/u_datapath/aresetn_0
    SLICE_X30Y68         FDCE                                         f  u_tile_axi_16/u_tile_core/u_datapath/mul_stage_r_reg[0][5]/CLR
  -------------------------------------------------------------------    -------------------

                         (clock aclk rise edge)       0.000     0.000 r  
                                                      0.000     0.000 r  aclk (IN)
                         net (fo=790, unset)          0.924     0.924    u_tile_axi_16/u_tile_core/u_datapath/aclk
    SLICE_X30Y68         FDCE                                         r  u_tile_axi_16/u_tile_core/u_datapath/mul_stage_r_reg[0][5]/C

Slack:                    inf
  Source:                 s_axi_awvalid
                            (input port)
  Destination:            u_tile_axi_16/u_tile_core/u_datapath/mul_stage_r_reg[0][6]/CLR
                            (recovery check against rising-edge clock aclk  {rise@0.000ns fall@5.000ns period=10.000ns})
  Path Group:             (none)
  Path Type:              Recovery (Max at Slow Process Corner)
  Data Path Delay:        5.128ns  (logic 0.622ns (12.129%)  route 4.506ns (87.871%))
  Logic Levels:           3  (LUT2=1 LUT4=1 LUT5=1)
  Clock Path Skew:        0.924ns (DCD - SCD + CPR)
    Destination Clock Delay (DCD):    0.924ns
    Source Clock Delay      (SCD):    0.000ns
    Clock Pessimism Removal (CPR):    0.000ns
  Clock Uncertainty:      0.225ns  ((TSJ^2 + TIJ^2)^1/2 + DJ) / 2 + PE + UU
    Total System Jitter     (TSJ):    0.050ns
    Total Input Jitter      (TIJ):    0.000ns
    Discrete Jitter          (DJ):    0.000ns
    Phase Error              (PE):    0.000ns
    User Uncertainty         (UU):    0.200ns

    Location             Delay type                Incr(ns)  Path(ns)    Netlist Resource(s)
  -------------------------------------------------------------------    -------------------
                                                      0.000     0.000 f  s_axi_awvalid (IN)
                         net (fo=5, unset)            0.973     0.973    u_tile_axi_16/u_tile_core/u_datapath/gen_acc_bank[0].u_acc/s_axi_awvalid
    SLICE_X38Y84         LUT4 (Prop_lut4_I0_O)        0.150     1.123 r  u_tile_axi_16/u_tile_core/u_datapath/gen_acc_bank[0].u_acc/FSM_onehot_state_r[7]_i_6/O
                         net (fo=2, routed)           0.746     1.869    u_tile_axi_16/u_tile_core/u_datapath/gen_acc_bank[0].u_acc/s_axi_awvalid_1
    SLICE_X38Y83         LUT5 (Prop_lut5_I0_O)        0.348     2.217 r  u_tile_axi_16/u_tile_core/u_datapath/gen_acc_bank[0].u_acc/FSM_onehot_state_r[7]_i_5/O
                         net (fo=40, routed)          0.733     2.950    u_tile_axi_16/u_tile_core/u_datapath/gen_acc_bank[0].u_acc/s_axi_awvalid_0
    SLICE_X36Y82         LUT2 (Prop_lut2_I1_O)        0.124     3.074 f  u_tile_axi_16/u_tile_core/u_datapath/gen_acc_bank[0].u_acc/FSM_onehot_state_r[7]_i_2/O
                         net (fo=464, routed)         2.054     5.128    u_tile_axi_16/u_tile_core/u_datapath/aresetn_0
    SLICE_X30Y68         FDCE                                         f  u_tile_axi_16/u_tile_core/u_datapath/mul_stage_r_reg[0][6]/CLR
  -------------------------------------------------------------------    -------------------

                         (clock aclk rise edge)       0.000     0.000 r  
                                                      0.000     0.000 r  aclk (IN)
                         net (fo=790, unset)          0.924     0.924    u_tile_axi_16/u_tile_core/u_datapath/aclk
    SLICE_X30Y68         FDCE                                         r  u_tile_axi_16/u_tile_core/u_datapath/mul_stage_r_reg[0][6]/C

Slack:                    inf
  Source:                 s_axi_awvalid
                            (input port)
  Destination:            u_tile_axi_16/u_tile_core/u_datapath/mul_stage_r_reg[0][7]/CLR
                            (recovery check against rising-edge clock aclk  {rise@0.000ns fall@5.000ns period=10.000ns})
  Path Group:             (none)
  Path Type:              Recovery (Max at Slow Process Corner)
  Data Path Delay:        5.128ns  (logic 0.622ns (12.129%)  route 4.506ns (87.871%))
  Logic Levels:           3  (LUT2=1 LUT4=1 LUT5=1)
  Clock Path Skew:        0.924ns (DCD - SCD + CPR)
    Destination Clock Delay (DCD):    0.924ns
    Source Clock Delay      (SCD):    0.000ns
    Clock Pessimism Removal (CPR):    0.000ns
  Clock Uncertainty:      0.225ns  ((TSJ^2 + TIJ^2)^1/2 + DJ) / 2 + PE + UU
    Total System Jitter     (TSJ):    0.050ns
    Total Input Jitter      (TIJ):    0.000ns
    Discrete Jitter          (DJ):    0.000ns
    Phase Error              (PE):    0.000ns
    User Uncertainty         (UU):    0.200ns

    Location             Delay type                Incr(ns)  Path(ns)    Netlist Resource(s)
  -------------------------------------------------------------------    -------------------
                                                      0.000     0.000 f  s_axi_awvalid (IN)
                         net (fo=5, unset)            0.973     0.973    u_tile_axi_16/u_tile_core/u_datapath/gen_acc_bank[0].u_acc/s_axi_awvalid
    SLICE_X38Y84         LUT4 (Prop_lut4_I0_O)        0.150     1.123 r  u_tile_axi_16/u_tile_core/u_datapath/gen_acc_bank[0].u_acc/FSM_onehot_state_r[7]_i_6/O
                         net (fo=2, routed)           0.746     1.869    u_tile_axi_16/u_tile_core/u_datapath/gen_acc_bank[0].u_acc/s_axi_awvalid_1
    SLICE_X38Y83         LUT5 (Prop_lut5_I0_O)        0.348     2.217 r  u_tile_axi_16/u_tile_core/u_datapath/gen_acc_bank[0].u_acc/FSM_onehot_state_r[7]_i_5/O
                         net (fo=40, routed)          0.733     2.950    u_tile_axi_16/u_tile_core/u_datapath/gen_acc_bank[0].u_acc/s_axi_awvalid_0
    SLICE_X36Y82         LUT2 (Prop_lut2_I1_O)        0.124     3.074 f  u_tile_axi_16/u_tile_core/u_datapath/gen_acc_bank[0].u_acc/FSM_onehot_state_r[7]_i_2/O
                         net (fo=464, routed)         2.054     5.128    u_tile_axi_16/u_tile_core/u_datapath/aresetn_0
    SLICE_X30Y68         FDCE                                         f  u_tile_axi_16/u_tile_core/u_datapath/mul_stage_r_reg[0][7]/CLR
  -------------------------------------------------------------------    -------------------

                         (clock aclk rise edge)       0.000     0.000 r  
                                                      0.000     0.000 r  aclk (IN)
                         net (fo=790, unset)          0.924     0.924    u_tile_axi_16/u_tile_core/u_datapath/aclk
    SLICE_X30Y68         FDCE                                         r  u_tile_axi_16/u_tile_core/u_datapath/mul_stage_r_reg[0][7]/C

Slack:                    inf
  Source:                 s_axi_awvalid
                            (input port)
  Destination:            u_tile_axi_16/u_tile_core/u_window_generator/window_r_reg[0]/CLR
                            (recovery check against rising-edge clock aclk  {rise@0.000ns fall@5.000ns period=10.000ns})
  Path Group:             (none)
  Path Type:              Recovery (Max at Slow Process Corner)
  Data Path Delay:        5.128ns  (logic 0.622ns (12.129%)  route 4.506ns (87.871%))
  Logic Levels:           3  (LUT2=1 LUT4=1 LUT5=1)
  Clock Path Skew:        0.924ns (DCD - SCD + CPR)
    Destination Clock Delay (DCD):    0.924ns
    Source Clock Delay      (SCD):    0.000ns
    Clock Pessimism Removal (CPR):    0.000ns
  Clock Uncertainty:      0.225ns  ((TSJ^2 + TIJ^2)^1/2 + DJ) / 2 + PE + UU
    Total System Jitter     (TSJ):    0.050ns
    Total Input Jitter      (TIJ):    0.000ns
    Discrete Jitter          (DJ):    0.000ns
    Phase Error              (PE):    0.000ns
    User Uncertainty         (UU):    0.200ns

    Location             Delay type                Incr(ns)  Path(ns)    Netlist Resource(s)
  -------------------------------------------------------------------    -------------------
                                                      0.000     0.000 f  s_axi_awvalid (IN)
                         net (fo=5, unset)            0.973     0.973    u_tile_axi_16/u_tile_core/u_datapath/gen_acc_bank[0].u_acc/s_axi_awvalid
    SLICE_X38Y84         LUT4 (Prop_lut4_I0_O)        0.150     1.123 r  u_tile_axi_16/u_tile_core/u_datapath/gen_acc_bank[0].u_acc/FSM_onehot_state_r[7]_i_6/O
                         net (fo=2, routed)           0.746     1.869    u_tile_axi_16/u_tile_core/u_datapath/gen_acc_bank[0].u_acc/s_axi_awvalid_1
    SLICE_X38Y83         LUT5 (Prop_lut5_I0_O)        0.348     2.217 r  u_tile_axi_16/u_tile_core/u_datapath/gen_acc_bank[0].u_acc/FSM_onehot_state_r[7]_i_5/O
                         net (fo=40, routed)          0.733     2.950    u_tile_axi_16/u_tile_core/u_datapath/gen_acc_bank[0].u_acc/s_axi_awvalid_0
    SLICE_X36Y82         LUT2 (Prop_lut2_I1_O)        0.124     3.074 f  u_tile_axi_16/u_tile_core/u_datapath/gen_acc_bank[0].u_acc/FSM_onehot_state_r[7]_i_2/O
                         net (fo=464, routed)         2.054     5.128    u_tile_axi_16/u_tile_core/u_window_generator/window_r_reg[0]_0
    SLICE_X31Y68         FDCE                                         f  u_tile_axi_16/u_tile_core/u_window_generator/window_r_reg[0]/CLR
  -------------------------------------------------------------------    -------------------

                         (clock aclk rise edge)       0.000     0.000 r  
                                                      0.000     0.000 r  aclk (IN)
                         net (fo=790, unset)          0.924     0.924    u_tile_axi_16/u_tile_core/u_window_generator/aclk
    SLICE_X31Y68         FDCE                                         r  u_tile_axi_16/u_tile_core/u_window_generator/window_r_reg[0]/C

Slack:                    inf
  Source:                 s_axi_awvalid
                            (input port)
  Destination:            u_tile_axi_16/u_tile_core/u_window_generator/window_r_reg[1]/CLR
                            (recovery check against rising-edge clock aclk  {rise@0.000ns fall@5.000ns period=10.000ns})
  Path Group:             (none)
  Path Type:              Recovery (Max at Slow Process Corner)
  Data Path Delay:        5.128ns  (logic 0.622ns (12.129%)  route 4.506ns (87.871%))
  Logic Levels:           3  (LUT2=1 LUT4=1 LUT5=1)
  Clock Path Skew:        0.924ns (DCD - SCD + CPR)
    Destination Clock Delay (DCD):    0.924ns
    Source Clock Delay      (SCD):    0.000ns
    Clock Pessimism Removal (CPR):    0.000ns
  Clock Uncertainty:      0.225ns  ((TSJ^2 + TIJ^2)^1/2 + DJ) / 2 + PE + UU
    Total System Jitter     (TSJ):    0.050ns
    Total Input Jitter      (TIJ):    0.000ns
    Discrete Jitter          (DJ):    0.000ns
    Phase Error              (PE):    0.000ns
    User Uncertainty         (UU):    0.200ns

    Location             Delay type                Incr(ns)  Path(ns)    Netlist Resource(s)
  -------------------------------------------------------------------    -------------------
                                                      0.000     0.000 f  s_axi_awvalid (IN)
                         net (fo=5, unset)            0.973     0.973    u_tile_axi_16/u_tile_core/u_datapath/gen_acc_bank[0].u_acc/s_axi_awvalid
    SLICE_X38Y84         LUT4 (Prop_lut4_I0_O)        0.150     1.123 r  u_tile_axi_16/u_tile_core/u_datapath/gen_acc_bank[0].u_acc/FSM_onehot_state_r[7]_i_6/O
                         net (fo=2, routed)           0.746     1.869    u_tile_axi_16/u_tile_core/u_datapath/gen_acc_bank[0].u_acc/s_axi_awvalid_1
    SLICE_X38Y83         LUT5 (Prop_lut5_I0_O)        0.348     2.217 r  u_tile_axi_16/u_tile_core/u_datapath/gen_acc_bank[0].u_acc/FSM_onehot_state_r[7]_i_5/O
                         net (fo=40, routed)          0.733     2.950    u_tile_axi_16/u_tile_core/u_datapath/gen_acc_bank[0].u_acc/s_axi_awvalid_0
    SLICE_X36Y82         LUT2 (Prop_lut2_I1_O)        0.124     3.074 f  u_tile_axi_16/u_tile_core/u_datapath/gen_acc_bank[0].u_acc/FSM_onehot_state_r[7]_i_2/O
                         net (fo=464, routed)         2.054     5.128    u_tile_axi_16/u_tile_core/u_window_generator/window_r_reg[0]_0
    SLICE_X31Y68         FDCE                                         f  u_tile_axi_16/u_tile_core/u_window_generator/window_r_reg[1]/CLR
  -------------------------------------------------------------------    -------------------

                         (clock aclk rise edge)       0.000     0.000 r  
                                                      0.000     0.000 r  aclk (IN)
                         net (fo=790, unset)          0.924     0.924    u_tile_axi_16/u_tile_core/u_window_generator/aclk
    SLICE_X31Y68         FDCE                                         r  u_tile_axi_16/u_tile_core/u_window_generator/window_r_reg[1]/C

Slack:                    inf
  Source:                 s_axi_awvalid
                            (input port)
  Destination:            u_tile_axi_16/u_tile_core/u_datapath/mul_stage_r_reg[0][10]/CLR
                            (recovery check against rising-edge clock aclk  {rise@0.000ns fall@5.000ns period=10.000ns})
  Path Group:             (none)
  Path Type:              Recovery (Max at Slow Process Corner)
  Data Path Delay:        5.122ns  (logic 0.622ns (12.144%)  route 4.500ns (87.856%))
  Logic Levels:           3  (LUT2=1 LUT4=1 LUT5=1)
  Clock Path Skew:        0.924ns (DCD - SCD + CPR)
    Destination Clock Delay (DCD):    0.924ns
    Source Clock Delay      (SCD):    0.000ns
    Clock Pessimism Removal (CPR):    0.000ns
  Clock Uncertainty:      0.225ns  ((TSJ^2 + TIJ^2)^1/2 + DJ) / 2 + PE + UU
    Total System Jitter     (TSJ):    0.050ns
    Total Input Jitter      (TIJ):    0.000ns
    Discrete Jitter          (DJ):    0.000ns
    Phase Error              (PE):    0.000ns
    User Uncertainty         (UU):    0.200ns

    Location             Delay type                Incr(ns)  Path(ns)    Netlist Resource(s)
  -------------------------------------------------------------------    -------------------
                                                      0.000     0.000 f  s_axi_awvalid (IN)
                         net (fo=5, unset)            0.973     0.973    u_tile_axi_16/u_tile_core/u_datapath/gen_acc_bank[0].u_acc/s_axi_awvalid
    SLICE_X38Y84         LUT4 (Prop_lut4_I0_O)        0.150     1.123 r  u_tile_axi_16/u_tile_core/u_datapath/gen_acc_bank[0].u_acc/FSM_onehot_state_r[7]_i_6/O
                         net (fo=2, routed)           0.746     1.869    u_tile_axi_16/u_tile_core/u_datapath/gen_acc_bank[0].u_acc/s_axi_awvalid_1
    SLICE_X38Y83         LUT5 (Prop_lut5_I0_O)        0.348     2.217 r  u_tile_axi_16/u_tile_core/u_datapath/gen_acc_bank[0].u_acc/FSM_onehot_state_r[7]_i_5/O
                         net (fo=40, routed)          0.733     2.950    u_tile_axi_16/u_tile_core/u_datapath/gen_acc_bank[0].u_acc/s_axi_awvalid_0
    SLICE_X36Y82         LUT2 (Prop_lut2_I1_O)        0.124     3.074 f  u_tile_axi_16/u_tile_core/u_datapath/gen_acc_bank[0].u_acc/FSM_onehot_state_r[7]_i_2/O
                         net (fo=464, routed)         2.048     5.122    u_tile_axi_16/u_tile_core/u_datapath/aresetn_0
    SLICE_X30Y69         FDCE                                         f  u_tile_axi_16/u_tile_core/u_datapath/mul_stage_r_reg[0][10]/CLR
  -------------------------------------------------------------------    -------------------

                         (clock aclk rise edge)       0.000     0.000 r  
                                                      0.000     0.000 r  aclk (IN)
                         net (fo=790, unset)          0.924     0.924    u_tile_axi_16/u_tile_core/u_datapath/aclk
    SLICE_X30Y69         FDCE                                         r  u_tile_axi_16/u_tile_core/u_datapath/mul_stage_r_reg[0][10]/C

Slack:                    inf
  Source:                 s_axi_awvalid
                            (input port)
  Destination:            u_tile_axi_16/u_tile_core/u_datapath/mul_stage_r_reg[0][11]/CLR
                            (recovery check against rising-edge clock aclk  {rise@0.000ns fall@5.000ns period=10.000ns})
  Path Group:             (none)
  Path Type:              Recovery (Max at Slow Process Corner)
  Data Path Delay:        5.122ns  (logic 0.622ns (12.144%)  route 4.500ns (87.856%))
  Logic Levels:           3  (LUT2=1 LUT4=1 LUT5=1)
  Clock Path Skew:        0.924ns (DCD - SCD + CPR)
    Destination Clock Delay (DCD):    0.924ns
    Source Clock Delay      (SCD):    0.000ns
    Clock Pessimism Removal (CPR):    0.000ns
  Clock Uncertainty:      0.225ns  ((TSJ^2 + TIJ^2)^1/2 + DJ) / 2 + PE + UU
    Total System Jitter     (TSJ):    0.050ns
    Total Input Jitter      (TIJ):    0.000ns
    Discrete Jitter          (DJ):    0.000ns
    Phase Error              (PE):    0.000ns
    User Uncertainty         (UU):    0.200ns

    Location             Delay type                Incr(ns)  Path(ns)    Netlist Resource(s)
  -------------------------------------------------------------------    -------------------
                                                      0.000     0.000 f  s_axi_awvalid (IN)
                         net (fo=5, unset)            0.973     0.973    u_tile_axi_16/u_tile_core/u_datapath/gen_acc_bank[0].u_acc/s_axi_awvalid
    SLICE_X38Y84         LUT4 (Prop_lut4_I0_O)        0.150     1.123 r  u_tile_axi_16/u_tile_core/u_datapath/gen_acc_bank[0].u_acc/FSM_onehot_state_r[7]_i_6/O
                         net (fo=2, routed)           0.746     1.869    u_tile_axi_16/u_tile_core/u_datapath/gen_acc_bank[0].u_acc/s_axi_awvalid_1
    SLICE_X38Y83         LUT5 (Prop_lut5_I0_O)        0.348     2.217 r  u_tile_axi_16/u_tile_core/u_datapath/gen_acc_bank[0].u_acc/FSM_onehot_state_r[7]_i_5/O
                         net (fo=40, routed)          0.733     2.950    u_tile_axi_16/u_tile_core/u_datapath/gen_acc_bank[0].u_acc/s_axi_awvalid_0
    SLICE_X36Y82         LUT2 (Prop_lut2_I1_O)        0.124     3.074 f  u_tile_axi_16/u_tile_core/u_datapath/gen_acc_bank[0].u_acc/FSM_onehot_state_r[7]_i_2/O
                         net (fo=464, routed)         2.048     5.122    u_tile_axi_16/u_tile_core/u_datapath/aresetn_0
    SLICE_X30Y69         FDCE                                         f  u_tile_axi_16/u_tile_core/u_datapath/mul_stage_r_reg[0][11]/CLR
  -------------------------------------------------------------------    -------------------

                         (clock aclk rise edge)       0.000     0.000 r  
                                                      0.000     0.000 r  aclk (IN)
                         net (fo=790, unset)          0.924     0.924    u_tile_axi_16/u_tile_core/u_datapath/aclk
    SLICE_X30Y69         FDCE                                         r  u_tile_axi_16/u_tile_core/u_datapath/mul_stage_r_reg[0][11]/C

Slack:                    inf
  Source:                 s_axi_awvalid
                            (input port)
  Destination:            u_tile_axi_16/u_tile_core/u_datapath/mul_stage_r_reg[0][8]/CLR
                            (recovery check against rising-edge clock aclk  {rise@0.000ns fall@5.000ns period=10.000ns})
  Path Group:             (none)
  Path Type:              Recovery (Max at Slow Process Corner)
  Data Path Delay:        5.122ns  (logic 0.622ns (12.144%)  route 4.500ns (87.856%))
  Logic Levels:           3  (LUT2=1 LUT4=1 LUT5=1)
  Clock Path Skew:        0.924ns (DCD - SCD + CPR)
    Destination Clock Delay (DCD):    0.924ns
    Source Clock Delay      (SCD):    0.000ns
    Clock Pessimism Removal (CPR):    0.000ns
  Clock Uncertainty:      0.225ns  ((TSJ^2 + TIJ^2)^1/2 + DJ) / 2 + PE + UU
    Total System Jitter     (TSJ):    0.050ns
    Total Input Jitter      (TIJ):    0.000ns
    Discrete Jitter          (DJ):    0.000ns
    Phase Error              (PE):    0.000ns
    User Uncertainty         (UU):    0.200ns

    Location             Delay type                Incr(ns)  Path(ns)    Netlist Resource(s)
  -------------------------------------------------------------------    -------------------
                                                      0.000     0.000 f  s_axi_awvalid (IN)
                         net (fo=5, unset)            0.973     0.973    u_tile_axi_16/u_tile_core/u_datapath/gen_acc_bank[0].u_acc/s_axi_awvalid
    SLICE_X38Y84         LUT4 (Prop_lut4_I0_O)        0.150     1.123 r  u_tile_axi_16/u_tile_core/u_datapath/gen_acc_bank[0].u_acc/FSM_onehot_state_r[7]_i_6/O
                         net (fo=2, routed)           0.746     1.869    u_tile_axi_16/u_tile_core/u_datapath/gen_acc_bank[0].u_acc/s_axi_awvalid_1
    SLICE_X38Y83         LUT5 (Prop_lut5_I0_O)        0.348     2.217 r  u_tile_axi_16/u_tile_core/u_datapath/gen_acc_bank[0].u_acc/FSM_onehot_state_r[7]_i_5/O
                         net (fo=40, routed)          0.733     2.950    u_tile_axi_16/u_tile_core/u_datapath/gen_acc_bank[0].u_acc/s_axi_awvalid_0
    SLICE_X36Y82         LUT2 (Prop_lut2_I1_O)        0.124     3.074 f  u_tile_axi_16/u_tile_core/u_datapath/gen_acc_bank[0].u_acc/FSM_onehot_state_r[7]_i_2/O
                         net (fo=464, routed)         2.048     5.122    u_tile_axi_16/u_tile_core/u_datapath/aresetn_0
    SLICE_X30Y69         FDCE                                         f  u_tile_axi_16/u_tile_core/u_datapath/mul_stage_r_reg[0][8]/CLR
  -------------------------------------------------------------------    -------------------

                         (clock aclk rise edge)       0.000     0.000 r  
                                                      0.000     0.000 r  aclk (IN)
                         net (fo=790, unset)          0.924     0.924    u_tile_axi_16/u_tile_core/u_datapath/aclk
    SLICE_X30Y69         FDCE                                         r  u_tile_axi_16/u_tile_core/u_datapath/mul_stage_r_reg[0][8]/C

Slack:                    inf
  Source:                 s_axi_awvalid
                            (input port)
  Destination:            u_tile_axi_16/u_tile_core/u_datapath/mul_stage_r_reg[0][9]/CLR
                            (recovery check against rising-edge clock aclk  {rise@0.000ns fall@5.000ns period=10.000ns})
  Path Group:             (none)
  Path Type:              Recovery (Max at Slow Process Corner)
  Data Path Delay:        5.122ns  (logic 0.622ns (12.144%)  route 4.500ns (87.856%))
  Logic Levels:           3  (LUT2=1 LUT4=1 LUT5=1)
  Clock Path Skew:        0.924ns (DCD - SCD + CPR)
    Destination Clock Delay (DCD):    0.924ns
    Source Clock Delay      (SCD):    0.000ns
    Clock Pessimism Removal (CPR):    0.000ns
  Clock Uncertainty:      0.225ns  ((TSJ^2 + TIJ^2)^1/2 + DJ) / 2 + PE + UU
    Total System Jitter     (TSJ):    0.050ns
    Total Input Jitter      (TIJ):    0.000ns
    Discrete Jitter          (DJ):    0.000ns
    Phase Error              (PE):    0.000ns
    User Uncertainty         (UU):    0.200ns

    Location             Delay type                Incr(ns)  Path(ns)    Netlist Resource(s)
  -------------------------------------------------------------------    -------------------
                                                      0.000     0.000 f  s_axi_awvalid (IN)
                         net (fo=5, unset)            0.973     0.973    u_tile_axi_16/u_tile_core/u_datapath/gen_acc_bank[0].u_acc/s_axi_awvalid
    SLICE_X38Y84         LUT4 (Prop_lut4_I0_O)        0.150     1.123 r  u_tile_axi_16/u_tile_core/u_datapath/gen_acc_bank[0].u_acc/FSM_onehot_state_r[7]_i_6/O
                         net (fo=2, routed)           0.746     1.869    u_tile_axi_16/u_tile_core/u_datapath/gen_acc_bank[0].u_acc/s_axi_awvalid_1
    SLICE_X38Y83         LUT5 (Prop_lut5_I0_O)        0.348     2.217 r  u_tile_axi_16/u_tile_core/u_datapath/gen_acc_bank[0].u_acc/FSM_onehot_state_r[7]_i_5/O
                         net (fo=40, routed)          0.733     2.950    u_tile_axi_16/u_tile_core/u_datapath/gen_acc_bank[0].u_acc/s_axi_awvalid_0
    SLICE_X36Y82         LUT2 (Prop_lut2_I1_O)        0.124     3.074 f  u_tile_axi_16/u_tile_core/u_datapath/gen_acc_bank[0].u_acc/FSM_onehot_state_r[7]_i_2/O
                         net (fo=464, routed)         2.048     5.122    u_tile_axi_16/u_tile_core/u_datapath/aresetn_0
    SLICE_X30Y69         FDCE                                         f  u_tile_axi_16/u_tile_core/u_datapath/mul_stage_r_reg[0][9]/CLR
  -------------------------------------------------------------------    -------------------

                         (clock aclk rise edge)       0.000     0.000 r  
                                                      0.000     0.000 r  aclk (IN)
                         net (fo=790, unset)          0.924     0.924    u_tile_axi_16/u_tile_core/u_datapath/aclk
    SLICE_X30Y69         FDCE                                         r  u_tile_axi_16/u_tile_core/u_datapath/mul_stage_r_reg[0][9]/C

Slack:                    inf
  Source:                 s_axi_awvalid
                            (input port)
  Destination:            u_tile_axi_16/u_tile_core/u_window_generator/window_r_reg[3]/CLR
                            (recovery check against rising-edge clock aclk  {rise@0.000ns fall@5.000ns period=10.000ns})
  Path Group:             (none)
  Path Type:              Recovery (Max at Slow Process Corner)
  Data Path Delay:        5.122ns  (logic 0.622ns (12.144%)  route 4.500ns (87.856%))
  Logic Levels:           3  (LUT2=1 LUT4=1 LUT5=1)
  Clock Path Skew:        0.924ns (DCD - SCD + CPR)
    Destination Clock Delay (DCD):    0.924ns
    Source Clock Delay      (SCD):    0.000ns
    Clock Pessimism Removal (CPR):    0.000ns
  Clock Uncertainty:      0.225ns  ((TSJ^2 + TIJ^2)^1/2 + DJ) / 2 + PE + UU
    Total System Jitter     (TSJ):    0.050ns
    Total Input Jitter      (TIJ):    0.000ns
    Discrete Jitter          (DJ):    0.000ns
    Phase Error              (PE):    0.000ns
    User Uncertainty         (UU):    0.200ns

    Location             Delay type                Incr(ns)  Path(ns)    Netlist Resource(s)
  -------------------------------------------------------------------    -------------------
                                                      0.000     0.000 f  s_axi_awvalid (IN)
                         net (fo=5, unset)            0.973     0.973    u_tile_axi_16/u_tile_core/u_datapath/gen_acc_bank[0].u_acc/s_axi_awvalid
    SLICE_X38Y84         LUT4 (Prop_lut4_I0_O)        0.150     1.123 r  u_tile_axi_16/u_tile_core/u_datapath/gen_acc_bank[0].u_acc/FSM_onehot_state_r[7]_i_6/O
                         net (fo=2, routed)           0.746     1.869    u_tile_axi_16/u_tile_core/u_datapath/gen_acc_bank[0].u_acc/s_axi_awvalid_1
    SLICE_X38Y83         LUT5 (Prop_lut5_I0_O)        0.348     2.217 r  u_tile_axi_16/u_tile_core/u_datapath/gen_acc_bank[0].u_acc/FSM_onehot_state_r[7]_i_5/O
                         net (fo=40, routed)          0.733     2.950    u_tile_axi_16/u_tile_core/u_datapath/gen_acc_bank[0].u_acc/s_axi_awvalid_0
    SLICE_X36Y82         LUT2 (Prop_lut2_I1_O)        0.124     3.074 f  u_tile_axi_16/u_tile_core/u_datapath/gen_acc_bank[0].u_acc/FSM_onehot_state_r[7]_i_2/O
                         net (fo=464, routed)         2.048     5.122    u_tile_axi_16/u_tile_core/u_window_generator/window_r_reg[0]_0
    SLICE_X31Y69         FDCE                                         f  u_tile_axi_16/u_tile_core/u_window_generator/window_r_reg[3]/CLR
  -------------------------------------------------------------------    -------------------

                         (clock aclk rise edge)       0.000     0.000 r  
                                                      0.000     0.000 r  aclk (IN)
                         net (fo=790, unset)          0.924     0.924    u_tile_axi_16/u_tile_core/u_window_generator/aclk
    SLICE_X31Y69         FDCE                                         r  u_tile_axi_16/u_tile_core/u_window_generator/window_r_reg[3]/C

Slack:                    inf
  Source:                 s_axi_awvalid
                            (input port)
  Destination:            u_tile_axi_16/u_tile_core/u_datapath/mul_stage_r_reg[1][3]/CLR
                            (recovery check against rising-edge clock aclk  {rise@0.000ns fall@5.000ns period=10.000ns})
  Path Group:             (none)
  Path Type:              Recovery (Max at Slow Process Corner)
  Data Path Delay:        5.103ns  (logic 0.622ns (12.189%)  route 4.481ns (87.811%))
  Logic Levels:           3  (LUT2=1 LUT4=1 LUT5=1)
  Clock Path Skew:        0.924ns (DCD - SCD + CPR)
    Destination Clock Delay (DCD):    0.924ns
    Source Clock Delay      (SCD):    0.000ns
    Clock Pessimism Removal (CPR):    0.000ns
  Clock Uncertainty:      0.225ns  ((TSJ^2 + TIJ^2)^1/2 + DJ) / 2 + PE + UU
    Total System Jitter     (TSJ):    0.050ns
    Total Input Jitter      (TIJ):    0.000ns
    Discrete Jitter          (DJ):    0.000ns
    Phase Error              (PE):    0.000ns
    User Uncertainty         (UU):    0.200ns

    Location             Delay type                Incr(ns)  Path(ns)    Netlist Resource(s)
  -------------------------------------------------------------------    -------------------
                                                      0.000     0.000 f  s_axi_awvalid (IN)
                         net (fo=5, unset)            0.973     0.973    u_tile_axi_16/u_tile_core/u_datapath/gen_acc_bank[0].u_acc/s_axi_awvalid
    SLICE_X38Y84         LUT4 (Prop_lut4_I0_O)        0.150     1.123 r  u_tile_axi_16/u_tile_core/u_datapath/gen_acc_bank[0].u_acc/FSM_onehot_state_r[7]_i_6/O
                         net (fo=2, routed)           0.746     1.869    u_tile_axi_16/u_tile_core/u_datapath/gen_acc_bank[0].u_acc/s_axi_awvalid_1
    SLICE_X38Y83         LUT5 (Prop_lut5_I0_O)        0.348     2.217 r  u_tile_axi_16/u_tile_core/u_datapath/gen_acc_bank[0].u_acc/FSM_onehot_state_r[7]_i_5/O
                         net (fo=40, routed)          0.733     2.950    u_tile_axi_16/u_tile_core/u_datapath/gen_acc_bank[0].u_acc/s_axi_awvalid_0
    SLICE_X36Y82         LUT2 (Prop_lut2_I1_O)        0.124     3.074 f  u_tile_axi_16/u_tile_core/u_datapath/gen_acc_bank[0].u_acc/FSM_onehot_state_r[7]_i_2/O
                         net (fo=464, routed)         2.029     5.103    u_tile_axi_16/u_tile_core/u_datapath/aresetn_0
    SLICE_X35Y63         FDCE                                         f  u_tile_axi_16/u_tile_core/u_datapath/mul_stage_r_reg[1][3]/CLR
  -------------------------------------------------------------------    -------------------

                         (clock aclk rise edge)       0.000     0.000 r  
                                                      0.000     0.000 r  aclk (IN)
                         net (fo=790, unset)          0.924     0.924    u_tile_axi_16/u_tile_core/u_datapath/aclk
    SLICE_X35Y63         FDCE                                         r  u_tile_axi_16/u_tile_core/u_datapath/mul_stage_r_reg[1][3]/C

Slack:                    inf
  Source:                 s_axi_awvalid
                            (input port)
  Destination:            u_tile_axi_16/u_tile_core/u_datapath/mul_stage_r_reg[7][4]/CLR
                            (recovery check against rising-edge clock aclk  {rise@0.000ns fall@5.000ns period=10.000ns})
  Path Group:             (none)
  Path Type:              Recovery (Max at Slow Process Corner)
  Data Path Delay:        5.078ns  (logic 0.622ns (12.249%)  route 4.456ns (87.751%))
  Logic Levels:           3  (LUT2=1 LUT4=1 LUT5=1)
  Clock Path Skew:        0.924ns (DCD - SCD + CPR)
    Destination Clock Delay (DCD):    0.924ns
    Source Clock Delay      (SCD):    0.000ns
    Clock Pessimism Removal (CPR):    0.000ns
  Clock Uncertainty:      0.225ns  ((TSJ^2 + TIJ^2)^1/2 + DJ) / 2 + PE + UU
    Total System Jitter     (TSJ):    0.050ns
    Total Input Jitter      (TIJ):    0.000ns
    Discrete Jitter          (DJ):    0.000ns
    Phase Error              (PE):    0.000ns
    User Uncertainty         (UU):    0.200ns

    Location             Delay type                Incr(ns)  Path(ns)    Netlist Resource(s)
  -------------------------------------------------------------------    -------------------
                                                      0.000     0.000 f  s_axi_awvalid (IN)
                         net (fo=5, unset)            0.973     0.973    u_tile_axi_16/u_tile_core/u_datapath/gen_acc_bank[0].u_acc/s_axi_awvalid
    SLICE_X38Y84         LUT4 (Prop_lut4_I0_O)        0.150     1.123 r  u_tile_axi_16/u_tile_core/u_datapath/gen_acc_bank[0].u_acc/FSM_onehot_state_r[7]_i_6/O
                         net (fo=2, routed)           0.746     1.869    u_tile_axi_16/u_tile_core/u_datapath/gen_acc_bank[0].u_acc/s_axi_awvalid_1
    SLICE_X38Y83         LUT5 (Prop_lut5_I0_O)        0.348     2.217 r  u_tile_axi_16/u_tile_core/u_datapath/gen_acc_bank[0].u_acc/FSM_onehot_state_r[7]_i_5/O
                         net (fo=40, routed)          0.733     2.950    u_tile_axi_16/u_tile_core/u_datapath/gen_acc_bank[0].u_acc/s_axi_awvalid_0
    SLICE_X36Y82         LUT2 (Prop_lut2_I1_O)        0.124     3.074 f  u_tile_axi_16/u_tile_core/u_datapath/gen_acc_bank[0].u_acc/FSM_onehot_state_r[7]_i_2/O
                         net (fo=464, routed)         2.004     5.078    u_tile_axi_16/u_tile_core/u_datapath/aresetn_0
    SLICE_X46Y65         FDCE                                         f  u_tile_axi_16/u_tile_core/u_datapath/mul_stage_r_reg[7][4]/CLR
  -------------------------------------------------------------------    -------------------

                         (clock aclk rise edge)       0.000     0.000 r  
                                                      0.000     0.000 r  aclk (IN)
                         net (fo=790, unset)          0.924     0.924    u_tile_axi_16/u_tile_core/u_datapath/aclk
    SLICE_X46Y65         FDCE                                         r  u_tile_axi_16/u_tile_core/u_datapath/mul_stage_r_reg[7][4]/C

Slack:                    inf
  Source:                 s_axi_awvalid
                            (input port)
  Destination:            u_tile_axi_16/u_tile_core/u_datapath/mul_stage_r_reg[7][5]/CLR
                            (recovery check against rising-edge clock aclk  {rise@0.000ns fall@5.000ns period=10.000ns})
  Path Group:             (none)
  Path Type:              Recovery (Max at Slow Process Corner)
  Data Path Delay:        5.078ns  (logic 0.622ns (12.249%)  route 4.456ns (87.751%))
  Logic Levels:           3  (LUT2=1 LUT4=1 LUT5=1)
  Clock Path Skew:        0.924ns (DCD - SCD + CPR)
    Destination Clock Delay (DCD):    0.924ns
    Source Clock Delay      (SCD):    0.000ns
    Clock Pessimism Removal (CPR):    0.000ns
  Clock Uncertainty:      0.225ns  ((TSJ^2 + TIJ^2)^1/2 + DJ) / 2 + PE + UU
    Total System Jitter     (TSJ):    0.050ns
    Total Input Jitter      (TIJ):    0.000ns
    Discrete Jitter          (DJ):    0.000ns
    Phase Error              (PE):    0.000ns
    User Uncertainty         (UU):    0.200ns

    Location             Delay type                Incr(ns)  Path(ns)    Netlist Resource(s)
  -------------------------------------------------------------------    -------------------
                                                      0.000     0.000 f  s_axi_awvalid (IN)
                         net (fo=5, unset)            0.973     0.973    u_tile_axi_16/u_tile_core/u_datapath/gen_acc_bank[0].u_acc/s_axi_awvalid
    SLICE_X38Y84         LUT4 (Prop_lut4_I0_O)        0.150     1.123 r  u_tile_axi_16/u_tile_core/u_datapath/gen_acc_bank[0].u_acc/FSM_onehot_state_r[7]_i_6/O
                         net (fo=2, routed)           0.746     1.869    u_tile_axi_16/u_tile_core/u_datapath/gen_acc_bank[0].u_acc/s_axi_awvalid_1
    SLICE_X38Y83         LUT5 (Prop_lut5_I0_O)        0.348     2.217 r  u_tile_axi_16/u_tile_core/u_datapath/gen_acc_bank[0].u_acc/FSM_onehot_state_r[7]_i_5/O
                         net (fo=40, routed)          0.733     2.950    u_tile_axi_16/u_tile_core/u_datapath/gen_acc_bank[0].u_acc/s_axi_awvalid_0
    SLICE_X36Y82         LUT2 (Prop_lut2_I1_O)        0.124     3.074 f  u_tile_axi_16/u_tile_core/u_datapath/gen_acc_bank[0].u_acc/FSM_onehot_state_r[7]_i_2/O
                         net (fo=464, routed)         2.004     5.078    u_tile_axi_16/u_tile_core/u_datapath/aresetn_0
    SLICE_X46Y65         FDCE                                         f  u_tile_axi_16/u_tile_core/u_datapath/mul_stage_r_reg[7][5]/CLR
  -------------------------------------------------------------------    -------------------

                         (clock aclk rise edge)       0.000     0.000 r  
                                                      0.000     0.000 r  aclk (IN)
                         net (fo=790, unset)          0.924     0.924    u_tile_axi_16/u_tile_core/u_datapath/aclk
    SLICE_X46Y65         FDCE                                         r  u_tile_axi_16/u_tile_core/u_datapath/mul_stage_r_reg[7][5]/C

Slack:                    inf
  Source:                 s_axi_awvalid
                            (input port)
  Destination:            u_tile_axi_16/u_tile_core/u_datapath/mul_stage_r_reg[7][6]/CLR
                            (recovery check against rising-edge clock aclk  {rise@0.000ns fall@5.000ns period=10.000ns})
  Path Group:             (none)
  Path Type:              Recovery (Max at Slow Process Corner)
  Data Path Delay:        5.078ns  (logic 0.622ns (12.249%)  route 4.456ns (87.751%))
  Logic Levels:           3  (LUT2=1 LUT4=1 LUT5=1)
  Clock Path Skew:        0.924ns (DCD - SCD + CPR)
    Destination Clock Delay (DCD):    0.924ns
    Source Clock Delay      (SCD):    0.000ns
    Clock Pessimism Removal (CPR):    0.000ns
  Clock Uncertainty:      0.225ns  ((TSJ^2 + TIJ^2)^1/2 + DJ) / 2 + PE + UU
    Total System Jitter     (TSJ):    0.050ns
    Total Input Jitter      (TIJ):    0.000ns
    Discrete Jitter          (DJ):    0.000ns
    Phase Error              (PE):    0.000ns
    User Uncertainty         (UU):    0.200ns

    Location             Delay type                Incr(ns)  Path(ns)    Netlist Resource(s)
  -------------------------------------------------------------------    -------------------
                                                      0.000     0.000 f  s_axi_awvalid (IN)
                         net (fo=5, unset)            0.973     0.973    u_tile_axi_16/u_tile_core/u_datapath/gen_acc_bank[0].u_acc/s_axi_awvalid
    SLICE_X38Y84         LUT4 (Prop_lut4_I0_O)        0.150     1.123 r  u_tile_axi_16/u_tile_core/u_datapath/gen_acc_bank[0].u_acc/FSM_onehot_state_r[7]_i_6/O
                         net (fo=2, routed)           0.746     1.869    u_tile_axi_16/u_tile_core/u_datapath/gen_acc_bank[0].u_acc/s_axi_awvalid_1
    SLICE_X38Y83         LUT5 (Prop_lut5_I0_O)        0.348     2.217 r  u_tile_axi_16/u_tile_core/u_datapath/gen_acc_bank[0].u_acc/FSM_onehot_state_r[7]_i_5/O
                         net (fo=40, routed)          0.733     2.950    u_tile_axi_16/u_tile_core/u_datapath/gen_acc_bank[0].u_acc/s_axi_awvalid_0
    SLICE_X36Y82         LUT2 (Prop_lut2_I1_O)        0.124     3.074 f  u_tile_axi_16/u_tile_core/u_datapath/gen_acc_bank[0].u_acc/FSM_onehot_state_r[7]_i_2/O
                         net (fo=464, routed)         2.004     5.078    u_tile_axi_16/u_tile_core/u_datapath/aresetn_0
    SLICE_X46Y65         FDCE                                         f  u_tile_axi_16/u_tile_core/u_datapath/mul_stage_r_reg[7][6]/CLR
  -------------------------------------------------------------------    -------------------

                         (clock aclk rise edge)       0.000     0.000 r  
                                                      0.000     0.000 r  aclk (IN)
                         net (fo=790, unset)          0.924     0.924    u_tile_axi_16/u_tile_core/u_datapath/aclk
    SLICE_X46Y65         FDCE                                         r  u_tile_axi_16/u_tile_core/u_datapath/mul_stage_r_reg[7][6]/C

Slack:                    inf
  Source:                 s_axi_awvalid
                            (input port)
  Destination:            u_tile_axi_16/u_tile_core/u_datapath/mul_stage_r_reg[7][7]/CLR
                            (recovery check against rising-edge clock aclk  {rise@0.000ns fall@5.000ns period=10.000ns})
  Path Group:             (none)
  Path Type:              Recovery (Max at Slow Process Corner)
  Data Path Delay:        5.078ns  (logic 0.622ns (12.249%)  route 4.456ns (87.751%))
  Logic Levels:           3  (LUT2=1 LUT4=1 LUT5=1)
  Clock Path Skew:        0.924ns (DCD - SCD + CPR)
    Destination Clock Delay (DCD):    0.924ns
    Source Clock Delay      (SCD):    0.000ns
    Clock Pessimism Removal (CPR):    0.000ns
  Clock Uncertainty:      0.225ns  ((TSJ^2 + TIJ^2)^1/2 + DJ) / 2 + PE + UU
    Total System Jitter     (TSJ):    0.050ns
    Total Input Jitter      (TIJ):    0.000ns
    Discrete Jitter          (DJ):    0.000ns
    Phase Error              (PE):    0.000ns
    User Uncertainty         (UU):    0.200ns

    Location             Delay type                Incr(ns)  Path(ns)    Netlist Resource(s)
  -------------------------------------------------------------------    -------------------
                                                      0.000     0.000 f  s_axi_awvalid (IN)
                         net (fo=5, unset)            0.973     0.973    u_tile_axi_16/u_tile_core/u_datapath/gen_acc_bank[0].u_acc/s_axi_awvalid
    SLICE_X38Y84         LUT4 (Prop_lut4_I0_O)        0.150     1.123 r  u_tile_axi_16/u_tile_core/u_datapath/gen_acc_bank[0].u_acc/FSM_onehot_state_r[7]_i_6/O
                         net (fo=2, routed)           0.746     1.869    u_tile_axi_16/u_tile_core/u_datapath/gen_acc_bank[0].u_acc/s_axi_awvalid_1
    SLICE_X38Y83         LUT5 (Prop_lut5_I0_O)        0.348     2.217 r  u_tile_axi_16/u_tile_core/u_datapath/gen_acc_bank[0].u_acc/FSM_onehot_state_r[7]_i_5/O
                         net (fo=40, routed)          0.733     2.950    u_tile_axi_16/u_tile_core/u_datapath/gen_acc_bank[0].u_acc/s_axi_awvalid_0
    SLICE_X36Y82         LUT2 (Prop_lut2_I1_O)        0.124     3.074 f  u_tile_axi_16/u_tile_core/u_datapath/gen_acc_bank[0].u_acc/FSM_onehot_state_r[7]_i_2/O
                         net (fo=464, routed)         2.004     5.078    u_tile_axi_16/u_tile_core/u_datapath/aresetn_0
    SLICE_X46Y65         FDCE                                         f  u_tile_axi_16/u_tile_core/u_datapath/mul_stage_r_reg[7][7]/CLR
  -------------------------------------------------------------------    -------------------

                         (clock aclk rise edge)       0.000     0.000 r  
                                                      0.000     0.000 r  aclk (IN)
                         net (fo=790, unset)          0.924     0.924    u_tile_axi_16/u_tile_core/u_datapath/aclk
    SLICE_X46Y65         FDCE                                         r  u_tile_axi_16/u_tile_core/u_datapath/mul_stage_r_reg[7][7]/C

Slack:                    inf
  Source:                 s_axi_awvalid
                            (input port)
  Destination:            u_tile_axi_16/stream_in_count_r_reg[17]/D
                            (rising edge-triggered cell FDCE clocked by aclk  {rise@0.000ns fall@5.000ns period=10.000ns})
  Path Group:             (none)
  Path Type:              Setup (Max at Slow Process Corner)
  Data Path Delay:        5.065ns  (logic 0.778ns (15.359%)  route 4.287ns (84.641%))
  Logic Levels:           4  (LUT2=2 LUT4=1 LUT5=1)
  Clock Path Skew:        0.924ns (DCD - SCD + CPR)
    Destination Clock Delay (DCD):    0.924ns
    Source Clock Delay      (SCD):    0.000ns
    Clock Pessimism Removal (CPR):    0.000ns
  Clock Uncertainty:      0.225ns  ((TSJ^2 + TIJ^2)^1/2 + DJ) / 2 + PE + UU
    Total System Jitter     (TSJ):    0.050ns
    Total Input Jitter      (TIJ):    0.000ns
    Discrete Jitter          (DJ):    0.000ns
    Phase Error              (PE):    0.000ns
    User Uncertainty         (UU):    0.200ns

    Location             Delay type                Incr(ns)  Path(ns)    Netlist Resource(s)
  -------------------------------------------------------------------    -------------------
                                                      0.000     0.000 f  s_axi_awvalid (IN)
                         net (fo=5, unset)            0.973     0.973    u_tile_axi_16/u_tile_core/u_datapath/gen_acc_bank[0].u_acc/s_axi_awvalid
    SLICE_X38Y84         LUT4 (Prop_lut4_I0_O)        0.150     1.123 r  u_tile_axi_16/u_tile_core/u_datapath/gen_acc_bank[0].u_acc/FSM_onehot_state_r[7]_i_6/O
                         net (fo=2, routed)           0.746     1.869    u_tile_axi_16/u_tile_core/u_datapath/gen_acc_bank[0].u_acc/s_axi_awvalid_1
    SLICE_X38Y83         LUT5 (Prop_lut5_I0_O)        0.348     2.217 r  u_tile_axi_16/u_tile_core/u_datapath/gen_acc_bank[0].u_acc/FSM_onehot_state_r[7]_i_5/O
                         net (fo=40, routed)          1.006     3.223    u_tile_axi_16/u_tile_core_n_3
    SLICE_X34Y82         LUT2 (Prop_lut2_I0_O)        0.124     3.347 r  u_tile_axi_16/param_count_r[3]_i_4/O
                         net (fo=39, routed)          1.563     4.909    u_tile_axi_16/param_count_r[3]_i_4_n_0
    SLICE_X36Y81         LUT2 (Prop_lut2_I0_O)        0.156     5.065 r  u_tile_axi_16/stream_in_count_r[17]_i_1/O
                         net (fo=1, routed)           0.000     5.065    u_tile_axi_16/stream_in_count_r[17]_i_1_n_0
    SLICE_X36Y81         FDCE                                         r  u_tile_axi_16/stream_in_count_r_reg[17]/D
  -------------------------------------------------------------------    -------------------

                         (clock aclk rise edge)       0.000     0.000 r  
                                                      0.000     0.000 r  aclk (IN)
                         net (fo=790, unset)          0.924     0.924    u_tile_axi_16/aclk
    SLICE_X36Y81         FDCE                                         r  u_tile_axi_16/stream_in_count_r_reg[17]/C





Min Delay Paths
--------------------------------------------------------------------------------------
Slack:                    inf
  Source:                 s_axi_awaddr[2]
                            (input port)
  Destination:            u_tile_axi_16/awaddr_r_reg[2]/D
                            (rising edge-triggered cell FDCE clocked by aclk  {rise@0.000ns fall@5.000ns period=10.000ns})
  Path Group:             (none)
  Path Type:              Hold (Min at Fast Process Corner)
  Data Path Delay:        0.410ns  (logic 0.000ns (0.000%)  route 0.410ns (100.000%))
  Logic Levels:           0  
  Clock Path Skew:        0.432ns (DCD - SCD - CPR)
    Destination Clock Delay (DCD):    0.432ns
    Source Clock Delay      (SCD):    0.000ns
    Clock Pessimism Removal (CPR):    -0.000ns

    Location             Delay type                Incr(ns)  Path(ns)    Netlist Resource(s)
  -------------------------------------------------------------------    -------------------
                                                      0.000     0.000 r  s_axi_awaddr[2] (IN)
                         net (fo=2, unset)            0.410     0.410    u_tile_axi_16/s_axi_awaddr[0]
    SLICE_X37Y84         FDCE                                         r  u_tile_axi_16/awaddr_r_reg[2]/D
  -------------------------------------------------------------------    -------------------

                         (clock aclk rise edge)       0.000     0.000 r  
                                                      0.000     0.000 r  aclk (IN)
                         net (fo=790, unset)          0.432     0.432    u_tile_axi_16/aclk
    SLICE_X37Y84         FDCE                                         r  u_tile_axi_16/awaddr_r_reg[2]/C

Slack:                    inf
  Source:                 s_axi_awaddr[3]
                            (input port)
  Destination:            u_tile_axi_16/awaddr_r_reg[3]/D
                            (rising edge-triggered cell FDCE clocked by aclk  {rise@0.000ns fall@5.000ns period=10.000ns})
  Path Group:             (none)
  Path Type:              Hold (Min at Fast Process Corner)
  Data Path Delay:        0.410ns  (logic 0.000ns (0.000%)  route 0.410ns (100.000%))
  Logic Levels:           0  
  Clock Path Skew:        0.432ns (DCD - SCD - CPR)
    Destination Clock Delay (DCD):    0.432ns
    Source Clock Delay      (SCD):    0.000ns
    Clock Pessimism Removal (CPR):    -0.000ns

    Location             Delay type                Incr(ns)  Path(ns)    Netlist Resource(s)
  -------------------------------------------------------------------    -------------------
                                                      0.000     0.000 r  s_axi_awaddr[3] (IN)
                         net (fo=2, unset)            0.410     0.410    u_tile_axi_16/s_axi_awaddr[1]
    SLICE_X37Y84         FDCE                                         r  u_tile_axi_16/awaddr_r_reg[3]/D
  -------------------------------------------------------------------    -------------------

                         (clock aclk rise edge)       0.000     0.000 r  
                                                      0.000     0.000 r  aclk (IN)
                         net (fo=790, unset)          0.432     0.432    u_tile_axi_16/aclk
    SLICE_X37Y84         FDCE                                         r  u_tile_axi_16/awaddr_r_reg[3]/C

Slack:                    inf
  Source:                 s_axi_awaddr[4]
                            (input port)
  Destination:            u_tile_axi_16/awaddr_r_reg[4]/D
                            (rising edge-triggered cell FDCE clocked by aclk  {rise@0.000ns fall@5.000ns period=10.000ns})
  Path Group:             (none)
  Path Type:              Hold (Min at Fast Process Corner)
  Data Path Delay:        0.410ns  (logic 0.000ns (0.000%)  route 0.410ns (100.000%))
  Logic Levels:           0  
  Clock Path Skew:        0.432ns (DCD - SCD - CPR)
    Destination Clock Delay (DCD):    0.432ns
    Source Clock Delay      (SCD):    0.000ns
    Clock Pessimism Removal (CPR):    -0.000ns

    Location             Delay type                Incr(ns)  Path(ns)    Netlist Resource(s)
  -------------------------------------------------------------------    -------------------
                                                      0.000     0.000 r  s_axi_awaddr[4] (IN)
                         net (fo=2, unset)            0.410     0.410    u_tile_axi_16/s_axi_awaddr[2]
    SLICE_X37Y84         FDCE                                         r  u_tile_axi_16/awaddr_r_reg[4]/D
  -------------------------------------------------------------------    -------------------

                         (clock aclk rise edge)       0.000     0.000 r  
                                                      0.000     0.000 r  aclk (IN)
                         net (fo=790, unset)          0.432     0.432    u_tile_axi_16/aclk
    SLICE_X37Y84         FDCE                                         r  u_tile_axi_16/awaddr_r_reg[4]/C

Slack:                    inf
  Source:                 s_axi_awaddr[5]
                            (input port)
  Destination:            u_tile_axi_16/awaddr_r_reg[5]/D
                            (rising edge-triggered cell FDCE clocked by aclk  {rise@0.000ns fall@5.000ns period=10.000ns})
  Path Group:             (none)
  Path Type:              Hold (Min at Fast Process Corner)
  Data Path Delay:        0.410ns  (logic 0.000ns (0.000%)  route 0.410ns (100.000%))
  Logic Levels:           0  
  Clock Path Skew:        0.432ns (DCD - SCD - CPR)
    Destination Clock Delay (DCD):    0.432ns
    Source Clock Delay      (SCD):    0.000ns
    Clock Pessimism Removal (CPR):    -0.000ns

    Location             Delay type                Incr(ns)  Path(ns)    Netlist Resource(s)
  -------------------------------------------------------------------    -------------------
                                                      0.000     0.000 r  s_axi_awaddr[5] (IN)
                         net (fo=2, unset)            0.410     0.410    u_tile_axi_16/s_axi_awaddr[3]
    SLICE_X37Y84         FDCE                                         r  u_tile_axi_16/awaddr_r_reg[5]/D
  -------------------------------------------------------------------    -------------------

                         (clock aclk rise edge)       0.000     0.000 r  
                                                      0.000     0.000 r  aclk (IN)
                         net (fo=790, unset)          0.432     0.432    u_tile_axi_16/aclk
    SLICE_X37Y84         FDCE                                         r  u_tile_axi_16/awaddr_r_reg[5]/C

Slack:                    inf
  Source:                 s_axis_tdata[0]
                            (input port)
  Destination:            u_tile_axi_16/u_tile_core/u_bias_mem/mem_r_reg[0]/D
                            (rising edge-triggered cell FDRE clocked by aclk  {rise@0.000ns fall@5.000ns period=10.000ns})
  Path Group:             (none)
  Path Type:              Hold (Min at Fast Process Corner)
  Data Path Delay:        0.410ns  (logic 0.000ns (0.000%)  route 0.410ns (100.000%))
  Logic Levels:           0  
  Clock Path Skew:        0.432ns (DCD - SCD - CPR)
    Destination Clock Delay (DCD):    0.432ns
    Source Clock Delay      (SCD):    0.000ns
    Clock Pessimism Removal (CPR):    -0.000ns

    Location             Delay type                Incr(ns)  Path(ns)    Netlist Resource(s)
  -------------------------------------------------------------------    -------------------
                                                      0.000     0.000 r  s_axis_tdata[0] (IN)
                         net (fo=12, unset)           0.410     0.410    u_tile_axi_16/u_tile_core/u_bias_mem/s_axis_tdata[0]
    SLICE_X47Y70         FDRE                                         r  u_tile_axi_16/u_tile_core/u_bias_mem/mem_r_reg[0]/D
  -------------------------------------------------------------------    -------------------

                         (clock aclk rise edge)       0.000     0.000 r  
                                                      0.000     0.000 r  aclk (IN)
                         net (fo=790, unset)          0.432     0.432    u_tile_axi_16/u_tile_core/u_bias_mem/aclk
    SLICE_X47Y70         FDRE                                         r  u_tile_axi_16/u_tile_core/u_bias_mem/mem_r_reg[0]/C

Slack:                    inf
  Source:                 s_axis_tdata[10]
                            (input port)
  Destination:            u_tile_axi_16/u_tile_core/u_bias_mem/mem_r_reg[10]/D
                            (rising edge-triggered cell FDRE clocked by aclk  {rise@0.000ns fall@5.000ns period=10.000ns})
  Path Group:             (none)
  Path Type:              Hold (Min at Fast Process Corner)
  Data Path Delay:        0.410ns  (logic 0.000ns (0.000%)  route 0.410ns (100.000%))
  Logic Levels:           0  
  Clock Path Skew:        0.432ns (DCD - SCD - CPR)
    Destination Clock Delay (DCD):    0.432ns
    Source Clock Delay      (SCD):    0.000ns
    Clock Pessimism Removal (CPR):    -0.000ns

    Location             Delay type                Incr(ns)  Path(ns)    Netlist Resource(s)
  -------------------------------------------------------------------    -------------------
                                                      0.000     0.000 r  s_axis_tdata[10] (IN)
                         net (fo=0)                   0.410     0.410    u_tile_axi_16/u_tile_core/u_bias_mem/s_axis_tdata[10]
    SLICE_X41Y76         FDRE                                         r  u_tile_axi_16/u_tile_core/u_bias_mem/mem_r_reg[10]/D
  -------------------------------------------------------------------    -------------------

                         (clock aclk rise edge)       0.000     0.000 r  
                                                      0.000     0.000 r  aclk (IN)
                         net (fo=790, unset)          0.432     0.432    u_tile_axi_16/u_tile_core/u_bias_mem/aclk
    SLICE_X41Y76         FDRE                                         r  u_tile_axi_16/u_tile_core/u_bias_mem/mem_r_reg[10]/C

Slack:                    inf
  Source:                 s_axis_tdata[11]
                            (input port)
  Destination:            u_tile_axi_16/u_tile_core/u_bias_mem/mem_r_reg[11]/D
                            (rising edge-triggered cell FDRE clocked by aclk  {rise@0.000ns fall@5.000ns period=10.000ns})
  Path Group:             (none)
  Path Type:              Hold (Min at Fast Process Corner)
  Data Path Delay:        0.410ns  (logic 0.000ns (0.000%)  route 0.410ns (100.000%))
  Logic Levels:           0  
  Clock Path Skew:        0.432ns (DCD - SCD - CPR)
    Destination Clock Delay (DCD):    0.432ns
    Source Clock Delay      (SCD):    0.000ns
    Clock Pessimism Removal (CPR):    -0.000ns

    Location             Delay type                Incr(ns)  Path(ns)    Netlist Resource(s)
  -------------------------------------------------------------------    -------------------
                                                      0.000     0.000 r  s_axis_tdata[11] (IN)
                         net (fo=0)                   0.410     0.410    u_tile_axi_16/u_tile_core/u_bias_mem/s_axis_tdata[11]
    SLICE_X37Y71         FDRE                                         r  u_tile_axi_16/u_tile_core/u_bias_mem/mem_r_reg[11]/D
  -------------------------------------------------------------------    -------------------

                         (clock aclk rise edge)       0.000     0.000 r  
                                                      0.000     0.000 r  aclk (IN)
                         net (fo=790, unset)          0.432     0.432    u_tile_axi_16/u_tile_core/u_bias_mem/aclk
    SLICE_X37Y71         FDRE                                         r  u_tile_axi_16/u_tile_core/u_bias_mem/mem_r_reg[11]/C

Slack:                    inf
  Source:                 s_axis_tdata[12]
                            (input port)
  Destination:            u_tile_axi_16/u_tile_core/u_bias_mem/mem_r_reg[12]/D
                            (rising edge-triggered cell FDRE clocked by aclk  {rise@0.000ns fall@5.000ns period=10.000ns})
  Path Group:             (none)
  Path Type:              Hold (Min at Fast Process Corner)
  Data Path Delay:        0.410ns  (logic 0.000ns (0.000%)  route 0.410ns (100.000%))
  Logic Levels:           0  
  Clock Path Skew:        0.432ns (DCD - SCD - CPR)
    Destination Clock Delay (DCD):    0.432ns
    Source Clock Delay      (SCD):    0.000ns
    Clock Pessimism Removal (CPR):    -0.000ns

    Location             Delay type                Incr(ns)  Path(ns)    Netlist Resource(s)
  -------------------------------------------------------------------    -------------------
                                                      0.000     0.000 r  s_axis_tdata[12] (IN)
                         net (fo=0)                   0.410     0.410    u_tile_axi_16/u_tile_core/u_bias_mem/s_axis_tdata[12]
    SLICE_X41Y76         FDRE                                         r  u_tile_axi_16/u_tile_core/u_bias_mem/mem_r_reg[12]/D
  -------------------------------------------------------------------    -------------------

                         (clock aclk rise edge)       0.000     0.000 r  
                                                      0.000     0.000 r  aclk (IN)
                         net (fo=790, unset)          0.432     0.432    u_tile_axi_16/u_tile_core/u_bias_mem/aclk
    SLICE_X41Y76         FDRE                                         r  u_tile_axi_16/u_tile_core/u_bias_mem/mem_r_reg[12]/C

Slack:                    inf
  Source:                 s_axis_tdata[13]
                            (input port)
  Destination:            u_tile_axi_16/u_tile_core/u_bias_mem/mem_r_reg[13]/D
                            (rising edge-triggered cell FDRE clocked by aclk  {rise@0.000ns fall@5.000ns period=10.000ns})
  Path Group:             (none)
  Path Type:              Hold (Min at Fast Process Corner)
  Data Path Delay:        0.410ns  (logic 0.000ns (0.000%)  route 0.410ns (100.000%))
  Logic Levels:           0  
  Clock Path Skew:        0.432ns (DCD - SCD - CPR)
    Destination Clock Delay (DCD):    0.432ns
    Source Clock Delay      (SCD):    0.000ns
    Clock Pessimism Removal (CPR):    -0.000ns

    Location             Delay type                Incr(ns)  Path(ns)    Netlist Resource(s)
  -------------------------------------------------------------------    -------------------
                                                      0.000     0.000 r  s_axis_tdata[13] (IN)
                         net (fo=0)                   0.410     0.410    u_tile_axi_16/u_tile_core/u_bias_mem/s_axis_tdata[13]
    SLICE_X41Y76         FDRE                                         r  u_tile_axi_16/u_tile_core/u_bias_mem/mem_r_reg[13]/D
  -------------------------------------------------------------------    -------------------

                         (clock aclk rise edge)       0.000     0.000 r  
                                                      0.000     0.000 r  aclk (IN)
                         net (fo=790, unset)          0.432     0.432    u_tile_axi_16/u_tile_core/u_bias_mem/aclk
    SLICE_X41Y76         FDRE                                         r  u_tile_axi_16/u_tile_core/u_bias_mem/mem_r_reg[13]/C

Slack:                    inf
  Source:                 s_axis_tdata[14]
                            (input port)
  Destination:            u_tile_axi_16/u_tile_core/u_bias_mem/mem_r_reg[14]/D
                            (rising edge-triggered cell FDRE clocked by aclk  {rise@0.000ns fall@5.000ns period=10.000ns})
  Path Group:             (none)
  Path Type:              Hold (Min at Fast Process Corner)
  Data Path Delay:        0.410ns  (logic 0.000ns (0.000%)  route 0.410ns (100.000%))
  Logic Levels:           0  
  Clock Path Skew:        0.432ns (DCD - SCD - CPR)
    Destination Clock Delay (DCD):    0.432ns
    Source Clock Delay      (SCD):    0.000ns
    Clock Pessimism Removal (CPR):    -0.000ns

    Location             Delay type                Incr(ns)  Path(ns)    Netlist Resource(s)
  -------------------------------------------------------------------    -------------------
                                                      0.000     0.000 r  s_axis_tdata[14] (IN)
                         net (fo=0)                   0.410     0.410    u_tile_axi_16/u_tile_core/u_bias_mem/s_axis_tdata[14]
    SLICE_X41Y76         FDRE                                         r  u_tile_axi_16/u_tile_core/u_bias_mem/mem_r_reg[14]/D
  -------------------------------------------------------------------    -------------------

                         (clock aclk rise edge)       0.000     0.000 r  
                                                      0.000     0.000 r  aclk (IN)
                         net (fo=790, unset)          0.432     0.432    u_tile_axi_16/u_tile_core/u_bias_mem/aclk
    SLICE_X41Y76         FDRE                                         r  u_tile_axi_16/u_tile_core/u_bias_mem/mem_r_reg[14]/C

Slack:                    inf
  Source:                 s_axis_tdata[15]
                            (input port)
  Destination:            u_tile_axi_16/u_tile_core/u_bias_mem/mem_r_reg[15]/D
                            (rising edge-triggered cell FDRE clocked by aclk  {rise@0.000ns fall@5.000ns period=10.000ns})
  Path Group:             (none)
  Path Type:              Hold (Min at Fast Process Corner)
  Data Path Delay:        0.410ns  (logic 0.000ns (0.000%)  route 0.410ns (100.000%))
  Logic Levels:           0  
  Clock Path Skew:        0.432ns (DCD - SCD - CPR)
    Destination Clock Delay (DCD):    0.432ns
    Source Clock Delay      (SCD):    0.000ns
    Clock Pessimism Removal (CPR):    -0.000ns

    Location             Delay type                Incr(ns)  Path(ns)    Netlist Resource(s)
  -------------------------------------------------------------------    -------------------
                                                      0.000     0.000 r  s_axis_tdata[15] (IN)
                         net (fo=0)                   0.410     0.410    u_tile_axi_16/u_tile_core/u_bias_mem/s_axis_tdata[15]
    SLICE_X40Y76         FDRE                                         r  u_tile_axi_16/u_tile_core/u_bias_mem/mem_r_reg[15]/D
  -------------------------------------------------------------------    -------------------

                         (clock aclk rise edge)       0.000     0.000 r  
                                                      0.000     0.000 r  aclk (IN)
                         net (fo=790, unset)          0.432     0.432    u_tile_axi_16/u_tile_core/u_bias_mem/aclk
    SLICE_X40Y76         FDRE                                         r  u_tile_axi_16/u_tile_core/u_bias_mem/mem_r_reg[15]/C

Slack:                    inf
  Source:                 s_axis_tdata[16]
                            (input port)
  Destination:            u_tile_axi_16/u_tile_core/u_bias_mem/mem_r_reg[16]/D
                            (rising edge-triggered cell FDRE clocked by aclk  {rise@0.000ns fall@5.000ns period=10.000ns})
  Path Group:             (none)
  Path Type:              Hold (Min at Fast Process Corner)
  Data Path Delay:        0.410ns  (logic 0.000ns (0.000%)  route 0.410ns (100.000%))
  Logic Levels:           0  
  Clock Path Skew:        0.432ns (DCD - SCD - CPR)
    Destination Clock Delay (DCD):    0.432ns
    Source Clock Delay      (SCD):    0.000ns
    Clock Pessimism Removal (CPR):    -0.000ns

    Location             Delay type                Incr(ns)  Path(ns)    Netlist Resource(s)
  -------------------------------------------------------------------    -------------------
                                                      0.000     0.000 r  s_axis_tdata[16] (IN)
                         net (fo=0)                   0.410     0.410    u_tile_axi_16/u_tile_core/u_bias_mem/s_axis_tdata[16]
    SLICE_X32Y76         FDRE                                         r  u_tile_axi_16/u_tile_core/u_bias_mem/mem_r_reg[16]/D
  -------------------------------------------------------------------    -------------------

                         (clock aclk rise edge)       0.000     0.000 r  
                                                      0.000     0.000 r  aclk (IN)
                         net (fo=790, unset)          0.432     0.432    u_tile_axi_16/u_tile_core/u_bias_mem/aclk
    SLICE_X32Y76         FDRE                                         r  u_tile_axi_16/u_tile_core/u_bias_mem/mem_r_reg[16]/C

Slack:                    inf
  Source:                 s_axis_tdata[17]
                            (input port)
  Destination:            u_tile_axi_16/u_tile_core/u_bias_mem/mem_r_reg[17]/D
                            (rising edge-triggered cell FDRE clocked by aclk  {rise@0.000ns fall@5.000ns period=10.000ns})
  Path Group:             (none)
  Path Type:              Hold (Min at Fast Process Corner)
  Data Path Delay:        0.410ns  (logic 0.000ns (0.000%)  route 0.410ns (100.000%))
  Logic Levels:           0  
  Clock Path Skew:        0.432ns (DCD - SCD - CPR)
    Destination Clock Delay (DCD):    0.432ns
    Source Clock Delay      (SCD):    0.000ns
    Clock Pessimism Removal (CPR):    -0.000ns

    Location             Delay type                Incr(ns)  Path(ns)    Netlist Resource(s)
  -------------------------------------------------------------------    -------------------
                                                      0.000     0.000 r  s_axis_tdata[17] (IN)
                         net (fo=0)                   0.410     0.410    u_tile_axi_16/u_tile_core/u_bias_mem/s_axis_tdata[17]
    SLICE_X40Y76         FDRE                                         r  u_tile_axi_16/u_tile_core/u_bias_mem/mem_r_reg[17]/D
  -------------------------------------------------------------------    -------------------

                         (clock aclk rise edge)       0.000     0.000 r  
                                                      0.000     0.000 r  aclk (IN)
                         net (fo=790, unset)          0.432     0.432    u_tile_axi_16/u_tile_core/u_bias_mem/aclk
    SLICE_X40Y76         FDRE                                         r  u_tile_axi_16/u_tile_core/u_bias_mem/mem_r_reg[17]/C

Slack:                    inf
  Source:                 s_axis_tdata[18]
                            (input port)
  Destination:            u_tile_axi_16/u_tile_core/u_bias_mem/mem_r_reg[18]/D
                            (rising edge-triggered cell FDRE clocked by aclk  {rise@0.000ns fall@5.000ns period=10.000ns})
  Path Group:             (none)
  Path Type:              Hold (Min at Fast Process Corner)
  Data Path Delay:        0.410ns  (logic 0.000ns (0.000%)  route 0.410ns (100.000%))
  Logic Levels:           0  
  Clock Path Skew:        0.432ns (DCD - SCD - CPR)
    Destination Clock Delay (DCD):    0.432ns
    Source Clock Delay      (SCD):    0.000ns
    Clock Pessimism Removal (CPR):    -0.000ns

    Location             Delay type                Incr(ns)  Path(ns)    Netlist Resource(s)
  -------------------------------------------------------------------    -------------------
                                                      0.000     0.000 r  s_axis_tdata[18] (IN)
                         net (fo=0)                   0.410     0.410    u_tile_axi_16/u_tile_core/u_bias_mem/s_axis_tdata[18]
    SLICE_X40Y76         FDRE                                         r  u_tile_axi_16/u_tile_core/u_bias_mem/mem_r_reg[18]/D
  -------------------------------------------------------------------    -------------------

                         (clock aclk rise edge)       0.000     0.000 r  
                                                      0.000     0.000 r  aclk (IN)
                         net (fo=790, unset)          0.432     0.432    u_tile_axi_16/u_tile_core/u_bias_mem/aclk
    SLICE_X40Y76         FDRE                                         r  u_tile_axi_16/u_tile_core/u_bias_mem/mem_r_reg[18]/C

Slack:                    inf
  Source:                 s_axis_tdata[19]
                            (input port)
  Destination:            u_tile_axi_16/u_tile_core/u_bias_mem/mem_r_reg[19]/D
                            (rising edge-triggered cell FDRE clocked by aclk  {rise@0.000ns fall@5.000ns period=10.000ns})
  Path Group:             (none)
  Path Type:              Hold (Min at Fast Process Corner)
  Data Path Delay:        0.410ns  (logic 0.000ns (0.000%)  route 0.410ns (100.000%))
  Logic Levels:           0  
  Clock Path Skew:        0.432ns (DCD - SCD - CPR)
    Destination Clock Delay (DCD):    0.432ns
    Source Clock Delay      (SCD):    0.000ns
    Clock Pessimism Removal (CPR):    -0.000ns

    Location             Delay type                Incr(ns)  Path(ns)    Netlist Resource(s)
  -------------------------------------------------------------------    -------------------
                                                      0.000     0.000 r  s_axis_tdata[19] (IN)
                         net (fo=0)                   0.410     0.410    u_tile_axi_16/u_tile_core/u_bias_mem/s_axis_tdata[19]
    SLICE_X32Y74         FDRE                                         r  u_tile_axi_16/u_tile_core/u_bias_mem/mem_r_reg[19]/D
  -------------------------------------------------------------------    -------------------

                         (clock aclk rise edge)       0.000     0.000 r  
                                                      0.000     0.000 r  aclk (IN)
                         net (fo=790, unset)          0.432     0.432    u_tile_axi_16/u_tile_core/u_bias_mem/aclk
    SLICE_X32Y74         FDRE                                         r  u_tile_axi_16/u_tile_core/u_bias_mem/mem_r_reg[19]/C

Slack:                    inf
  Source:                 s_axis_tdata[1]
                            (input port)
  Destination:            u_tile_axi_16/u_tile_core/u_bias_mem/mem_r_reg[1]/D
                            (rising edge-triggered cell FDRE clocked by aclk  {rise@0.000ns fall@5.000ns period=10.000ns})
  Path Group:             (none)
  Path Type:              Hold (Min at Fast Process Corner)
  Data Path Delay:        0.410ns  (logic 0.000ns (0.000%)  route 0.410ns (100.000%))
  Logic Levels:           0  
  Clock Path Skew:        0.432ns (DCD - SCD - CPR)
    Destination Clock Delay (DCD):    0.432ns
    Source Clock Delay      (SCD):    0.000ns
    Clock Pessimism Removal (CPR):    -0.000ns

    Location             Delay type                Incr(ns)  Path(ns)    Netlist Resource(s)
  -------------------------------------------------------------------    -------------------
                                                      0.000     0.000 r  s_axis_tdata[1] (IN)
                         net (fo=12, unset)           0.410     0.410    u_tile_axi_16/u_tile_core/u_bias_mem/s_axis_tdata[1]
    SLICE_X47Y70         FDRE                                         r  u_tile_axi_16/u_tile_core/u_bias_mem/mem_r_reg[1]/D
  -------------------------------------------------------------------    -------------------

                         (clock aclk rise edge)       0.000     0.000 r  
                                                      0.000     0.000 r  aclk (IN)
                         net (fo=790, unset)          0.432     0.432    u_tile_axi_16/u_tile_core/u_bias_mem/aclk
    SLICE_X47Y70         FDRE                                         r  u_tile_axi_16/u_tile_core/u_bias_mem/mem_r_reg[1]/C

Slack:                    inf
  Source:                 s_axis_tdata[20]
                            (input port)
  Destination:            u_tile_axi_16/u_tile_core/u_bias_mem/mem_r_reg[20]/D
                            (rising edge-triggered cell FDRE clocked by aclk  {rise@0.000ns fall@5.000ns period=10.000ns})
  Path Group:             (none)
  Path Type:              Hold (Min at Fast Process Corner)
  Data Path Delay:        0.410ns  (logic 0.000ns (0.000%)  route 0.410ns (100.000%))
  Logic Levels:           0  
  Clock Path Skew:        0.432ns (DCD - SCD - CPR)
    Destination Clock Delay (DCD):    0.432ns
    Source Clock Delay      (SCD):    0.000ns
    Clock Pessimism Removal (CPR):    -0.000ns

    Location             Delay type                Incr(ns)  Path(ns)    Netlist Resource(s)
  -------------------------------------------------------------------    -------------------
                                                      0.000     0.000 r  s_axis_tdata[20] (IN)
                         net (fo=0)                   0.410     0.410    u_tile_axi_16/u_tile_core/u_bias_mem/s_axis_tdata[20]
    SLICE_X32Y76         FDRE                                         r  u_tile_axi_16/u_tile_core/u_bias_mem/mem_r_reg[20]/D
  -------------------------------------------------------------------    -------------------

                         (clock aclk rise edge)       0.000     0.000 r  
                                                      0.000     0.000 r  aclk (IN)
                         net (fo=790, unset)          0.432     0.432    u_tile_axi_16/u_tile_core/u_bias_mem/aclk
    SLICE_X32Y76         FDRE                                         r  u_tile_axi_16/u_tile_core/u_bias_mem/mem_r_reg[20]/C

Slack:                    inf
  Source:                 s_axis_tdata[21]
                            (input port)
  Destination:            u_tile_axi_16/u_tile_core/u_bias_mem/mem_r_reg[21]/D
                            (rising edge-triggered cell FDRE clocked by aclk  {rise@0.000ns fall@5.000ns period=10.000ns})
  Path Group:             (none)
  Path Type:              Hold (Min at Fast Process Corner)
  Data Path Delay:        0.410ns  (logic 0.000ns (0.000%)  route 0.410ns (100.000%))
  Logic Levels:           0  
  Clock Path Skew:        0.432ns (DCD - SCD - CPR)
    Destination Clock Delay (DCD):    0.432ns
    Source Clock Delay      (SCD):    0.000ns
    Clock Pessimism Removal (CPR):    -0.000ns

    Location             Delay type                Incr(ns)  Path(ns)    Netlist Resource(s)
  -------------------------------------------------------------------    -------------------
                                                      0.000     0.000 r  s_axis_tdata[21] (IN)
                         net (fo=0)                   0.410     0.410    u_tile_axi_16/u_tile_core/u_bias_mem/s_axis_tdata[21]
    SLICE_X32Y74         FDRE                                         r  u_tile_axi_16/u_tile_core/u_bias_mem/mem_r_reg[21]/D
  -------------------------------------------------------------------    -------------------

                         (clock aclk rise edge)       0.000     0.000 r  
                                                      0.000     0.000 r  aclk (IN)
                         net (fo=790, unset)          0.432     0.432    u_tile_axi_16/u_tile_core/u_bias_mem/aclk
    SLICE_X32Y74         FDRE                                         r  u_tile_axi_16/u_tile_core/u_bias_mem/mem_r_reg[21]/C

Slack:                    inf
  Source:                 s_axis_tdata[22]
                            (input port)
  Destination:            u_tile_axi_16/u_tile_core/u_bias_mem/mem_r_reg[22]/D
                            (rising edge-triggered cell FDRE clocked by aclk  {rise@0.000ns fall@5.000ns period=10.000ns})
  Path Group:             (none)
  Path Type:              Hold (Min at Fast Process Corner)
  Data Path Delay:        0.410ns  (logic 0.000ns (0.000%)  route 0.410ns (100.000%))
  Logic Levels:           0  
  Clock Path Skew:        0.432ns (DCD - SCD - CPR)
    Destination Clock Delay (DCD):    0.432ns
    Source Clock Delay      (SCD):    0.000ns
    Clock Pessimism Removal (CPR):    -0.000ns

    Location             Delay type                Incr(ns)  Path(ns)    Netlist Resource(s)
  -------------------------------------------------------------------    -------------------
                                                      0.000     0.000 r  s_axis_tdata[22] (IN)
                         net (fo=0)                   0.410     0.410    u_tile_axi_16/u_tile_core/u_bias_mem/s_axis_tdata[22]
    SLICE_X32Y76         FDRE                                         r  u_tile_axi_16/u_tile_core/u_bias_mem/mem_r_reg[22]/D
  -------------------------------------------------------------------    -------------------

                         (clock aclk rise edge)       0.000     0.000 r  
                                                      0.000     0.000 r  aclk (IN)
                         net (fo=790, unset)          0.432     0.432    u_tile_axi_16/u_tile_core/u_bias_mem/aclk
    SLICE_X32Y76         FDRE                                         r  u_tile_axi_16/u_tile_core/u_bias_mem/mem_r_reg[22]/C

Slack:                    inf
  Source:                 s_axis_tdata[23]
                            (input port)
  Destination:            u_tile_axi_16/u_tile_core/u_bias_mem/mem_r_reg[23]/D
                            (rising edge-triggered cell FDRE clocked by aclk  {rise@0.000ns fall@5.000ns period=10.000ns})
  Path Group:             (none)
  Path Type:              Hold (Min at Fast Process Corner)
  Data Path Delay:        0.410ns  (logic 0.000ns (0.000%)  route 0.410ns (100.000%))
  Logic Levels:           0  
  Clock Path Skew:        0.432ns (DCD - SCD - CPR)
    Destination Clock Delay (DCD):    0.432ns
    Source Clock Delay      (SCD):    0.000ns
    Clock Pessimism Removal (CPR):    -0.000ns

    Location             Delay type                Incr(ns)  Path(ns)    Netlist Resource(s)
  -------------------------------------------------------------------    -------------------
                                                      0.000     0.000 r  s_axis_tdata[23] (IN)
                         net (fo=0)                   0.410     0.410    u_tile_axi_16/u_tile_core/u_bias_mem/s_axis_tdata[23]
    SLICE_X28Y74         FDRE                                         r  u_tile_axi_16/u_tile_core/u_bias_mem/mem_r_reg[23]/D
  -------------------------------------------------------------------    -------------------

                         (clock aclk rise edge)       0.000     0.000 r  
                                                      0.000     0.000 r  aclk (IN)
                         net (fo=790, unset)          0.432     0.432    u_tile_axi_16/u_tile_core/u_bias_mem/aclk
    SLICE_X28Y74         FDRE                                         r  u_tile_axi_16/u_tile_core/u_bias_mem/mem_r_reg[23]/C





