Copyright 1986-2022 Xilinx, Inc. All Rights Reserved. Copyright 2022-2024 Advanced Micro Devices, Inc. All Rights Reserved.
------------------------------------------------------------------------------------------------------------------------------------------------------------------------------------------------------------------------------------------------
| Tool Version : Vivado v.2024.1 (win64) Build 5076996 Wed May 22 18:37:14 MDT 2024
| Date         : Thu Aug 13 16:44:10 2026
| Host         : HANYUL-GALAXYBOOK4-PRO running 64-bit major release  (build 9200)
| Command      : report_timing_summary -delay_type min_max -report_unconstrained -check_timing_verbose -max_paths 20 -file {C:/Users/hanyu/Documents/CNN Accelerator/CNN_YOLO_AI_accelerator/reports/tile_conv_multi_ic_ooc/timing_summary.rpt}
| Design       : top_single_conv_tile_axi
| Device       : 7z020-clg400
| Speed File   : -1  PRODUCTION 1.12 2019-11-22
| Design State : Routed
------------------------------------------------------------------------------------------------------------------------------------------------------------------------------------------------------------------------------------------------

Timing Summary Report

------------------------------------------------------------------------------------------------
| Timer Settings
| --------------
------------------------------------------------------------------------------------------------

  Enable Multi Corner Analysis               :  Yes
  Enable Pessimism Removal                   :  Yes
  Pessimism Removal Resolution               :  Nearest Common Node
  Enable Input Delay Default Clock           :  No
  Enable Preset / Clear Arcs                 :  No
  Disable Flight Delays                      :  No
  Ignore I/O Paths                           :  No
  Timing Early Launch at Borrowing Latches   :  No
  Borrow Time for Max Delay Exceptions       :  Yes
  Merge Timing Exceptions                    :  Yes
  Inter-SLR Compensation                     :  Conservative

  Corner  Analyze    Analyze    
  Name    Max Paths  Min Paths  
  ------  ---------  ---------  
  Slow    Yes        Yes        
  Fast    Yes        Yes        


------------------------------------------------------------------------------------------------
| Report Methodology
| ------------------
------------------------------------------------------------------------------------------------

No report available as report_methodology has not been run prior. Run report_methodology on the current design for the summary of methodology violations.



check_timing report

Table of Contents
-----------------
1. checking no_clock (0)
2. checking constant_clock (0)
3. checking pulse_width_clock (0)
4. checking unconstrained_internal_endpoints (0)
5. checking no_input_delay (82)
6. checking no_output_delay (73)
7. checking multiple_clock (0)
8. checking generated_clocks (0)
9. checking loops (0)
10. checking partial_input_delay (0)
11. checking partial_output_delay (0)
12. checking latch_loops (0)

1. checking no_clock (0)
------------------------
 There are 0 register/latch pins with no clock.


2. checking constant_clock (0)
------------------------------
 There are 0 register/latch pins with constant_clock.


3. checking pulse_width_clock (0)
---------------------------------
 There are 0 register/latch pins which need pulse_width check


4. checking unconstrained_internal_endpoints (0)
------------------------------------------------
 There are 0 pins that are not constrained for maximum delay.

 There are 0 pins that are not constrained for maximum delay due to constant clock.


5. checking no_input_delay (82)
-------------------------------
 There are 82 input ports with no input delay specified. (HIGH)

aresetn
m_axis_tready
s_axi_araddr[2]
s_axi_araddr[3]
s_axi_araddr[4]
s_axi_araddr[5]
s_axi_arvalid
s_axi_awaddr[2]
s_axi_awaddr[3]
s_axi_awaddr[4]
s_axi_awaddr[5]
s_axi_awvalid
s_axi_bready
s_axi_rready
s_axi_wdata[0]
s_axi_wdata[10]
s_axi_wdata[11]
s_axi_wdata[12]
s_axi_wdata[13]
s_axi_wdata[14]
s_axi_wdata[15]
s_axi_wdata[16]
s_axi_wdata[17]
s_axi_wdata[18]
s_axi_wdata[19]
s_axi_wdata[1]
s_axi_wdata[20]
s_axi_wdata[21]
s_axi_wdata[22]
s_axi_wdata[23]
s_axi_wdata[24]
s_axi_wdata[25]
s_axi_wdata[26]
s_axi_wdata[27]
s_axi_wdata[28]
s_axi_wdata[29]
s_axi_wdata[2]
s_axi_wdata[30]
s_axi_wdata[31]
s_axi_wdata[3]
s_axi_wdata[4]
s_axi_wdata[5]
s_axi_wdata[6]
s_axi_wdata[7]
s_axi_wdata[8]
s_axi_wdata[9]
s_axi_wstrb[0]
s_axi_wvalid
s_axis_tdata[0]
s_axis_tdata[10]
s_axis_tdata[11]
s_axis_tdata[12]
s_axis_tdata[13]
s_axis_tdata[14]
s_axis_tdata[15]
s_axis_tdata[16]
s_axis_tdata[17]
s_axis_tdata[18]
s_axis_tdata[19]
s_axis_tdata[1]
s_axis_tdata[20]
s_axis_tdata[21]
s_axis_tdata[22]
s_axis_tdata[23]
s_axis_tdata[24]
s_axis_tdata[25]
s_axis_tdata[26]
s_axis_tdata[27]
s_axis_tdata[28]
s_axis_tdata[29]
s_axis_tdata[2]
s_axis_tdata[30]
s_axis_tdata[31]
s_axis_tdata[3]
s_axis_tdata[4]
s_axis_tdata[5]
s_axis_tdata[6]
s_axis_tdata[7]
s_axis_tdata[8]
s_axis_tdata[9]
s_axis_tlast
s_axis_tvalid

 There are 0 input ports with no input delay but user has a false path constraint.


6. checking no_output_delay (73)
--------------------------------
 There are 73 ports with no output delay specified. (HIGH)

irq
m_axis_tdata[0]
m_axis_tdata[10]
m_axis_tdata[11]
m_axis_tdata[12]
m_axis_tdata[13]
m_axis_tdata[14]
m_axis_tdata[15]
m_axis_tdata[16]
m_axis_tdata[17]
m_axis_tdata[18]
m_axis_tdata[19]
m_axis_tdata[1]
m_axis_tdata[20]
m_axis_tdata[21]
m_axis_tdata[22]
m_axis_tdata[23]
m_axis_tdata[24]
m_axis_tdata[25]
m_axis_tdata[26]
m_axis_tdata[27]
m_axis_tdata[28]
m_axis_tdata[29]
m_axis_tdata[2]
m_axis_tdata[30]
m_axis_tdata[31]
m_axis_tdata[3]
m_axis_tdata[4]
m_axis_tdata[5]
m_axis_tdata[6]
m_axis_tdata[7]
m_axis_tdata[8]
m_axis_tdata[9]
m_axis_tlast
m_axis_tvalid
s_axi_arready
s_axi_awready
s_axi_bvalid
s_axi_rdata[0]
s_axi_rdata[10]
s_axi_rdata[11]
s_axi_rdata[12]
s_axi_rdata[13]
s_axi_rdata[14]
s_axi_rdata[15]
s_axi_rdata[16]
s_axi_rdata[17]
s_axi_rdata[18]
s_axi_rdata[19]
s_axi_rdata[1]
s_axi_rdata[20]
s_axi_rdata[21]
s_axi_rdata[22]
s_axi_rdata[23]
s_axi_rdata[24]
s_axi_rdata[25]
s_axi_rdata[26]
s_axi_rdata[27]
s_axi_rdata[28]
s_axi_rdata[29]
s_axi_rdata[2]
s_axi_rdata[30]
s_axi_rdata[31]
s_axi_rdata[3]
s_axi_rdata[4]
s_axi_rdata[5]
s_axi_rdata[6]
s_axi_rdata[7]
s_axi_rdata[8]
s_axi_rdata[9]
s_axi_rvalid
s_axi_wready
s_axis_tready

 There are 0 ports with no output delay but user has a false path constraint

 There are 0 ports with no output delay but with a timing clock defined on it or propagating through it


7. checking multiple_clock (0)
------------------------------
 There are 0 register/latch pins with multiple clocks.


8. checking generated_clocks (0)
--------------------------------
 There are 0 generated clocks that are not connected to a clock source.


9. checking loops (0)
---------------------
 There are 0 combinational loops in the design.


10. checking partial_input_delay (0)
------------------------------------
 There are 0 input ports with partial input delay specified.


11. checking partial_output_delay (0)
-------------------------------------
 There are 0 ports with partial output delay specified.


12. checking latch_loops (0)
----------------------------
 There are 0 combinational latch loops in the design through latch input



------------------------------------------------------------------------------------------------
| Design Timing Summary
| ---------------------
------------------------------------------------------------------------------------------------

    WNS(ns)      TNS(ns)  TNS Failing Endpoints  TNS Total Endpoints      WHS(ns)      THS(ns)  THS Failing Endpoints  THS Total Endpoints     WPWS(ns)     TPWS(ns)  TPWS Failing Endpoints  TPWS Total Endpoints  
    -------      -------  ---------------------  -------------------      -------      -------  ---------------------  -------------------     --------     --------  ----------------------  --------------------  
      1.234        0.000                      0                 2729        0.020        0.000                      0                 2729        3.750        0.000                       0                   940  


All user specified timing constraints are met.


------------------------------------------------------------------------------------------------
| Clock Summary
| -------------
------------------------------------------------------------------------------------------------

Clock  Waveform(ns)       Period(ns)      Frequency(MHz)
-----  ------------       ----------      --------------
aclk   {0.000 5.000}      10.000          100.000         


------------------------------------------------------------------------------------------------
| Intra Clock Table
| -----------------
------------------------------------------------------------------------------------------------

Clock             WNS(ns)      TNS(ns)  TNS Failing Endpoints  TNS Total Endpoints      WHS(ns)      THS(ns)  THS Failing Endpoints  THS Total Endpoints     WPWS(ns)     TPWS(ns)  TPWS Failing Endpoints  TPWS Total Endpoints  
-----             -------      -------  ---------------------  -------------------      -------      -------  ---------------------  -------------------     --------     --------  ----------------------  --------------------  
aclk                1.234        0.000                      0                 2137        0.020        0.000                      0                 2137        3.750        0.000                       0                   940  


------------------------------------------------------------------------------------------------
| Inter Clock Table
| -----------------
------------------------------------------------------------------------------------------------

From Clock    To Clock          WNS(ns)      TNS(ns)  TNS Failing Endpoints  TNS Total Endpoints      WHS(ns)      THS(ns)  THS Failing Endpoints  THS Total Endpoints  
----------    --------          -------      -------  ---------------------  -------------------      -------      -------  ---------------------  -------------------  


------------------------------------------------------------------------------------------------
| Other Path Groups Table
| -----------------------
------------------------------------------------------------------------------------------------

Path Group         From Clock         To Clock               WNS(ns)      TNS(ns)  TNS Failing Endpoints  TNS Total Endpoints      WHS(ns)      THS(ns)  THS Failing Endpoints  THS Total Endpoints  
----------         ----------         --------               -------      -------  ---------------------  -------------------      -------      -------  ---------------------  -------------------  
**async_default**  aclk               aclk                     2.511        0.000                      0                  592        1.015        0.000                      0                  592  


------------------------------------------------------------------------------------------------
| User Ignored Path Table
| -----------------------
------------------------------------------------------------------------------------------------

Path Group    From Clock    To Clock    
----------    ----------    --------    


------------------------------------------------------------------------------------------------
| Unconstrained Path Table
| ------------------------
------------------------------------------------------------------------------------------------

Path Group    From Clock    To Clock    
----------    ----------    --------    
(none)        aclk                        
(none)                      aclk          


------------------------------------------------------------------------------------------------
| Timing Details
| --------------
------------------------------------------------------------------------------------------------


---------------------------------------------------------------------------------------------------
From Clock:  aclk
  To Clock:  aclk

Setup :            0  Failing Endpoints,  Worst Slack        1.234ns,  Total Violation        0.000ns
Hold  :            0  Failing Endpoints,  Worst Slack        0.020ns,  Total Violation        0.000ns
PW    :            0  Failing Endpoints,  Worst Slack        3.750ns,  Total Violation        0.000ns
---------------------------------------------------------------------------------------------------


Max Delay Paths
--------------------------------------------------------------------------------------
Slack (MET) :             1.234ns  (required time - arrival time)
  Source:                 u_tile_core/u_weight_mem/gen_weight_bram_lane[1].mem_r_reg/CLKBWRCLK
                            (rising edge-triggered cell RAMB18E1 clocked by aclk  {rise@0.000ns fall@5.000ns period=10.000ns})
  Destination:            u_tile_core/u_datapath/mul_stage_r_reg[1][13]/D
                            (rising edge-triggered cell FDCE clocked by aclk  {rise@0.000ns fall@5.000ns period=10.000ns})
  Path Group:             aclk
  Path Type:              Setup (Max at Slow Process Corner)
  Requirement:            10.000ns  (aclk rise@10.000ns - aclk rise@0.000ns)
  Data Path Delay:        8.544ns  (logic 5.009ns (58.625%)  route 3.535ns (41.375%))
  Logic Levels:           8  (CARRY4=4 LUT3=1 LUT4=1 LUT6=2)
  Clock Path Skew:        -0.049ns (DCD - SCD + CPR)
    Destination Clock Delay (DCD):    0.924ns = ( 10.924 - 10.000 ) 
    Source Clock Delay      (SCD):    0.973ns
    Clock Pessimism Removal (CPR):    0.000ns
  Clock Uncertainty:      0.235ns  ((TSJ^2 + TIJ^2)^1/2 + DJ) / 2 + PE + UU
    Total System Jitter     (TSJ):    0.071ns
    Total Input Jitter      (TIJ):    0.000ns
    Discrete Jitter          (DJ):    0.000ns
    Phase Error              (PE):    0.000ns
    User Uncertainty         (UU):    0.200ns

    Location             Delay type                Incr(ns)  Path(ns)    Netlist Resource(s)
  -------------------------------------------------------------------    -------------------
                         (clock aclk rise edge)       0.000     0.000 r  
                                                      0.000     0.000 r  aclk (IN)
                         net (fo=939, unset)          0.973     0.973    u_tile_core/u_weight_mem/aclk
    RAMB18_X1Y15         RAMB18E1                                     r  u_tile_core/u_weight_mem/gen_weight_bram_lane[1].mem_r_reg/CLKBWRCLK
  -------------------------------------------------------------------    -------------------
    RAMB18_X1Y15         RAMB18E1 (Prop_ramb18e1_CLKBWRCLK_DOBDO[2])
                                                      2.454     3.427 r  u_tile_core/u_weight_mem/gen_weight_bram_lane[1].mem_r_reg/DOBDO[2]
                         net (fo=16, routed)          1.340     4.767    u_tile_core/u_datapath/gen_mlt_lane[1].u_mlt/weight_window_w[2]
    SLICE_X20Y40         LUT6 (Prop_lut6_I0_O)        0.124     4.891 r  u_tile_core/u_datapath/gen_mlt_lane[1].u_mlt/mul_stage_r[1][11]_i_35/O
                         net (fo=2, routed)           0.607     5.497    u_tile_core/u_weight_mem/mul_stage_r_reg[1][11]_i_13[1]
    SLICE_X21Y39         LUT6 (Prop_lut6_I0_O)        0.124     5.621 r  u_tile_core/u_weight_mem/mul_stage_r[1][11]_i_39/O
                         net (fo=1, routed)           0.000     5.621    u_tile_core/u_datapath/gen_mlt_lane[1].u_mlt/mul_stage_r[1][7]_i_9_0[1]
    SLICE_X21Y39         CARRY4 (Prop_carry4_S[1]_CO[3])
                                                      0.550     6.171 r  u_tile_core/u_datapath/gen_mlt_lane[1].u_mlt/mul_stage_r_reg[1][11]_i_13/CO[3]
                         net (fo=1, routed)           0.000     6.171    u_tile_core/u_datapath/gen_mlt_lane[1].u_mlt/mul_stage_r_reg[1][11]_i_13_n_0
    SLICE_X21Y40         CARRY4 (Prop_carry4_CI_O[0])
                                                      0.222     6.393 r  u_tile_core/u_datapath/gen_mlt_lane[1].u_mlt/mul_stage_r_reg[1][11]_i_11/O[0]
                         net (fo=2, routed)           0.923     7.316    u_tile_core/u_datapath/gen_mlt_lane[1].u_mlt/mul_stage_r_reg[1][11]_i_11_n_7
    SLICE_X21Y36         LUT3 (Prop_lut3_I2_O)        0.325     7.641 r  u_tile_core/u_datapath/gen_mlt_lane[1].u_mlt/mul_stage_r[1][11]_i_4/O
                         net (fo=2, routed)           0.666     8.307    u_tile_core/u_datapath/gen_mlt_lane[1].u_mlt/mul_stage_r[1][11]_i_4_n_0
    SLICE_X21Y36         LUT4 (Prop_lut4_I3_O)        0.326     8.633 r  u_tile_core/u_datapath/gen_mlt_lane[1].u_mlt/mul_stage_r[1][11]_i_8/O
                         net (fo=1, routed)           0.000     8.633    u_tile_core/u_datapath/gen_mlt_lane[1].u_mlt/mul_stage_r[1][11]_i_8_n_0
    SLICE_X21Y36         CARRY4 (Prop_carry4_S[1]_CO[3])
                                                      0.550     9.183 r  u_tile_core/u_datapath/gen_mlt_lane[1].u_mlt/mul_stage_r_reg[1][11]_i_1/CO[3]
                         net (fo=1, routed)           0.000     9.183    u_tile_core/u_datapath/gen_mlt_lane[1].u_mlt/mul_stage_r_reg[1][11]_i_1_n_0
    SLICE_X21Y37         CARRY4 (Prop_carry4_CI_O[1])
                                                      0.334     9.517 r  u_tile_core/u_datapath/gen_mlt_lane[1].u_mlt/mul_stage_r_reg[1][15]_i_1/O[1]
                         net (fo=1, routed)           0.000     9.517    u_tile_core/u_datapath/gen_mlt_lane[1].u_mlt_n_2
    SLICE_X21Y37         FDCE                                         r  u_tile_core/u_datapath/mul_stage_r_reg[1][13]/D
  -------------------------------------------------------------------    -------------------

                         (clock aclk rise edge)      10.000    10.000 r  
                                                      0.000    10.000 r  aclk (IN)
                         net (fo=939, unset)          0.924    10.924    u_tile_core/u_datapath/aclk
    SLICE_X21Y37         FDCE                                         r  u_tile_core/u_datapath/mul_stage_r_reg[1][13]/C
                         clock pessimism              0.000    10.924    
                         clock uncertainty           -0.235    10.689    
    SLICE_X21Y37         FDCE (Setup_fdce_C_D)        0.062    10.751    u_tile_core/u_datapath/mul_stage_r_reg[1][13]
  -------------------------------------------------------------------
                         required time                         10.751    
                         arrival time                          -9.517    
  -------------------------------------------------------------------
                         slack                                  1.234    

Slack (MET) :             1.255ns  (required time - arrival time)
  Source:                 u_tile_core/u_weight_mem/gen_weight_bram_lane[1].mem_r_reg/CLKBWRCLK
                            (rising edge-triggered cell RAMB18E1 clocked by aclk  {rise@0.000ns fall@5.000ns period=10.000ns})
  Destination:            u_tile_core/u_datapath/mul_stage_r_reg[1][15]/D
                            (rising edge-triggered cell FDCE clocked by aclk  {rise@0.000ns fall@5.000ns period=10.000ns})
  Path Group:             aclk
  Path Type:              Setup (Max at Slow Process Corner)
  Requirement:            10.000ns  (aclk rise@10.000ns - aclk rise@0.000ns)
  Data Path Delay:        8.523ns  (logic 4.988ns (58.523%)  route 3.535ns (41.477%))
  Logic Levels:           8  (CARRY4=4 LUT3=1 LUT4=1 LUT6=2)
  Clock Path Skew:        -0.049ns (DCD - SCD + CPR)
    Destination Clock Delay (DCD):    0.924ns = ( 10.924 - 10.000 ) 
    Source Clock Delay      (SCD):    0.973ns
    Clock Pessimism Removal (CPR):    0.000ns
  Clock Uncertainty:      0.235ns  ((TSJ^2 + TIJ^2)^1/2 + DJ) / 2 + PE + UU
    Total System Jitter     (TSJ):    0.071ns
    Total Input Jitter      (TIJ):    0.000ns
    Discrete Jitter          (DJ):    0.000ns
    Phase Error              (PE):    0.000ns
    User Uncertainty         (UU):    0.200ns

    Location             Delay type                Incr(ns)  Path(ns)    Netlist Resource(s)
  -------------------------------------------------------------------    -------------------
                         (clock aclk rise edge)       0.000     0.000 r  
                                                      0.000     0.000 r  aclk (IN)
                         net (fo=939, unset)          0.973     0.973    u_tile_core/u_weight_mem/aclk
    RAMB18_X1Y15         RAMB18E1                                     r  u_tile_core/u_weight_mem/gen_weight_bram_lane[1].mem_r_reg/CLKBWRCLK
  -------------------------------------------------------------------    -------------------
    RAMB18_X1Y15         RAMB18E1 (Prop_ramb18e1_CLKBWRCLK_DOBDO[2])
                                                      2.454     3.427 r  u_tile_core/u_weight_mem/gen_weight_bram_lane[1].mem_r_reg/DOBDO[2]
                         net (fo=16, routed)          1.340     4.767    u_tile_core/u_datapath/gen_mlt_lane[1].u_mlt/weight_window_w[2]
    SLICE_X20Y40         LUT6 (Prop_lut6_I0_O)        0.124     4.891 r  u_tile_core/u_datapath/gen_mlt_lane[1].u_mlt/mul_stage_r[1][11]_i_35/O
                         net (fo=2, routed)           0.607     5.497    u_tile_core/u_weight_mem/mul_stage_r_reg[1][11]_i_13[1]
    SLICE_X21Y39         LUT6 (Prop_lut6_I0_O)        0.124     5.621 r  u_tile_core/u_weight_mem/mul_stage_r[1][11]_i_39/O
                         net (fo=1, routed)           0.000     5.621    u_tile_core/u_datapath/gen_mlt_lane[1].u_mlt/mul_stage_r[1][7]_i_9_0[1]
    SLICE_X21Y39         CARRY4 (Prop_carry4_S[1]_CO[3])
                                                      0.550     6.171 r  u_tile_core/u_datapath/gen_mlt_lane[1].u_mlt/mul_stage_r_reg[1][11]_i_13/CO[3]
                         net (fo=1, routed)           0.000     6.171    u_tile_core/u_datapath/gen_mlt_lane[1].u_mlt/mul_stage_r_reg[1][11]_i_13_n_0
    SLICE_X21Y40         CARRY4 (Prop_carry4_CI_O[0])
                                                      0.222     6.393 r  u_tile_core/u_datapath/gen_mlt_lane[1].u_mlt/mul_stage_r_reg[1][11]_i_11/O[0]
                         net (fo=2, routed)           0.923     7.316    u_tile_core/u_datapath/gen_mlt_lane[1].u_mlt/mul_stage_r_reg[1][11]_i_11_n_7
    SLICE_X21Y36         LUT3 (Prop_lut3_I2_O)        0.325     7.641 r  u_tile_core/u_datapath/gen_mlt_lane[1].u_mlt/mul_stage_r[1][11]_i_4/O
                         net (fo=2, routed)           0.666     8.307    u_tile_core/u_datapath/gen_mlt_lane[1].u_mlt/mul_stage_r[1][11]_i_4_n_0
    SLICE_X21Y36         LUT4 (Prop_lut4_I3_O)        0.326     8.633 r  u_tile_core/u_datapath/gen_mlt_lane[1].u_mlt/mul_stage_r[1][11]_i_8/O
                         net (fo=1, routed)           0.000     8.633    u_tile_core/u_datapath/gen_mlt_lane[1].u_mlt/mul_stage_r[1][11]_i_8_n_0
    SLICE_X21Y36         CARRY4 (Prop_carry4_S[1]_CO[3])
                                                      0.550     9.183 r  u_tile_core/u_datapath/gen_mlt_lane[1].u_mlt/mul_stage_r_reg[1][11]_i_1/CO[3]
                         net (fo=1, routed)           0.000     9.183    u_tile_core/u_datapath/gen_mlt_lane[1].u_mlt/mul_stage_r_reg[1][11]_i_1_n_0
    SLICE_X21Y37         CARRY4 (Prop_carry4_CI_O[3])
                                                      0.313     9.496 r  u_tile_core/u_datapath/gen_mlt_lane[1].u_mlt/mul_stage_r_reg[1][15]_i_1/O[3]
                         net (fo=1, routed)           0.000     9.496    u_tile_core/u_datapath/gen_mlt_lane[1].u_mlt_n_0
    SLICE_X21Y37         FDCE                                         r  u_tile_core/u_datapath/mul_stage_r_reg[1][15]/D
  -------------------------------------------------------------------    -------------------

                         (clock aclk rise edge)      10.000    10.000 r  
                                                      0.000    10.000 r  aclk (IN)
                         net (fo=939, unset)          0.924    10.924    u_tile_core/u_datapath/aclk
    SLICE_X21Y37         FDCE                                         r  u_tile_core/u_datapath/mul_stage_r_reg[1][15]/C
                         clock pessimism              0.000    10.924    
                         clock uncertainty           -0.235    10.689    
    SLICE_X21Y37         FDCE (Setup_fdce_C_D)        0.062    10.751    u_tile_core/u_datapath/mul_stage_r_reg[1][15]
  -------------------------------------------------------------------
                         required time                         10.751    
                         arrival time                          -9.496    
  -------------------------------------------------------------------
                         slack                                  1.255    

Slack (MET) :             1.329ns  (required time - arrival time)
  Source:                 u_tile_core/u_weight_mem/gen_weight_bram_lane[1].mem_r_reg/CLKBWRCLK
                            (rising edge-triggered cell RAMB18E1 clocked by aclk  {rise@0.000ns fall@5.000ns period=10.000ns})
  Destination:            u_tile_core/u_datapath/mul_stage_r_reg[1][14]/D
                            (rising edge-triggered cell FDCE clocked by aclk  {rise@0.000ns fall@5.000ns period=10.000ns})
  Path Group:             aclk
  Path Type:              Setup (Max at Slow Process Corner)
  Requirement:            10.000ns  (aclk rise@10.000ns - aclk rise@0.000ns)
  Data Path Delay:        8.449ns  (logic 4.914ns (58.160%)  route 3.535ns (41.840%))
  Logic Levels:           8  (CARRY4=4 LUT3=1 LUT4=1 LUT6=2)
  Clock Path Skew:        -0.049ns (DCD - SCD + CPR)
    Destination Clock Delay (DCD):    0.924ns = ( 10.924 - 10.000 ) 
    Source Clock Delay      (SCD):    0.973ns
    Clock Pessimism Removal (CPR):    0.000ns
  Clock Uncertainty:      0.235ns  ((TSJ^2 + TIJ^2)^1/2 + DJ) / 2 + PE + UU
    Total System Jitter     (TSJ):    0.071ns
    Total Input Jitter      (TIJ):    0.000ns
    Discrete Jitter          (DJ):    0.000ns
    Phase Error              (PE):    0.000ns
    User Uncertainty         (UU):    0.200ns

    Location             Delay type                Incr(ns)  Path(ns)    Netlist Resource(s)
  -------------------------------------------------------------------    -------------------
                         (clock aclk rise edge)       0.000     0.000 r  
                                                      0.000     0.000 r  aclk (IN)
                         net (fo=939, unset)          0.973     0.973    u_tile_core/u_weight_mem/aclk
    RAMB18_X1Y15         RAMB18E1                                     r  u_tile_core/u_weight_mem/gen_weight_bram_lane[1].mem_r_reg/CLKBWRCLK
  -------------------------------------------------------------------    -------------------
    RAMB18_X1Y15         RAMB18E1 (Prop_ramb18e1_CLKBWRCLK_DOBDO[2])
                                                      2.454     3.427 r  u_tile_core/u_weight_mem/gen_weight_bram_lane[1].mem_r_reg/DOBDO[2]
                         net (fo=16, routed)          1.340     4.767    u_tile_core/u_datapath/gen_mlt_lane[1].u_mlt/weight_window_w[2]
    SLICE_X20Y40         LUT6 (Prop_lut6_I0_O)        0.124     4.891 r  u_tile_core/u_datapath/gen_mlt_lane[1].u_mlt/mul_stage_r[1][11]_i_35/O
                         net (fo=2, routed)           0.607     5.497    u_tile_core/u_weight_mem/mul_stage_r_reg[1][11]_i_13[1]
    SLICE_X21Y39         LUT6 (Prop_lut6_I0_O)        0.124     5.621 r  u_tile_core/u_weight_mem/mul_stage_r[1][11]_i_39/O
                         net (fo=1, routed)           0.000     5.621    u_tile_core/u_datapath/gen_mlt_lane[1].u_mlt/mul_stage_r[1][7]_i_9_0[1]
    SLICE_X21Y39         CARRY4 (Prop_carry4_S[1]_CO[3])
                                                      0.550     6.171 r  u_tile_core/u_datapath/gen_mlt_lane[1].u_mlt/mul_stage_r_reg[1][11]_i_13/CO[3]
                         net (fo=1, routed)           0.000     6.171    u_tile_core/u_datapath/gen_mlt_lane[1].u_mlt/mul_stage_r_reg[1][11]_i_13_n_0
    SLICE_X21Y40         CARRY4 (Prop_carry4_CI_O[0])
                                                      0.222     6.393 r  u_tile_core/u_datapath/gen_mlt_lane[1].u_mlt/mul_stage_r_reg[1][11]_i_11/O[0]
                         net (fo=2, routed)           0.923     7.316    u_tile_core/u_datapath/gen_mlt_lane[1].u_mlt/mul_stage_r_reg[1][11]_i_11_n_7
    SLICE_X21Y36         LUT3 (Prop_lut3_I2_O)        0.325     7.641 r  u_tile_core/u_datapath/gen_mlt_lane[1].u_mlt/mul_stage_r[1][11]_i_4/O
                         net (fo=2, routed)           0.666     8.307    u_tile_core/u_datapath/gen_mlt_lane[1].u_mlt/mul_stage_r[1][11]_i_4_n_0
    SLICE_X21Y36         LUT4 (Prop_lut4_I3_O)        0.326     8.633 r  u_tile_core/u_datapath/gen_mlt_lane[1].u_mlt/mul_stage_r[1][11]_i_8/O
                         net (fo=1, routed)           0.000     8.633    u_tile_core/u_datapath/gen_mlt_lane[1].u_mlt/mul_stage_r[1][11]_i_8_n_0
    SLICE_X21Y36         CARRY4 (Prop_carry4_S[1]_CO[3])
                                                      0.550     9.183 r  u_tile_core/u_datapath/gen_mlt_lane[1].u_mlt/mul_stage_r_reg[1][11]_i_1/CO[3]
                         net (fo=1, routed)           0.000     9.183    u_tile_core/u_datapath/gen_mlt_lane[1].u_mlt/mul_stage_r_reg[1][11]_i_1_n_0
    SLICE_X21Y37         CARRY4 (Prop_carry4_CI_O[2])
                                                      0.239     9.422 r  u_tile_core/u_datapath/gen_mlt_lane[1].u_mlt/mul_stage_r_reg[1][15]_i_1/O[2]
                         net (fo=1, routed)           0.000     9.422    u_tile_core/u_datapath/gen_mlt_lane[1].u_mlt_n_1
    SLICE_X21Y37         FDCE                                         r  u_tile_core/u_datapath/mul_stage_r_reg[1][14]/D
  -------------------------------------------------------------------    -------------------

                         (clock aclk rise edge)      10.000    10.000 r  
                                                      0.000    10.000 r  aclk (IN)
                         net (fo=939, unset)          0.924    10.924    u_tile_core/u_datapath/aclk
    SLICE_X21Y37         FDCE                                         r  u_tile_core/u_datapath/mul_stage_r_reg[1][14]/C
                         clock pessimism              0.000    10.924    
                         clock uncertainty           -0.235    10.689    
    SLICE_X21Y37         FDCE (Setup_fdce_C_D)        0.062    10.751    u_tile_core/u_datapath/mul_stage_r_reg[1][14]
  -------------------------------------------------------------------
                         required time                         10.751    
                         arrival time                          -9.422    
  -------------------------------------------------------------------
                         slack                                  1.329    

Slack (MET) :             1.345ns  (required time - arrival time)
  Source:                 u_tile_core/u_weight_mem/gen_weight_bram_lane[1].mem_r_reg/CLKBWRCLK
                            (rising edge-triggered cell RAMB18E1 clocked by aclk  {rise@0.000ns fall@5.000ns period=10.000ns})
  Destination:            u_tile_core/u_datapath/mul_stage_r_reg[1][12]/D
                            (rising edge-triggered cell FDCE clocked by aclk  {rise@0.000ns fall@5.000ns period=10.000ns})
  Path Group:             aclk
  Path Type:              Setup (Max at Slow Process Corner)
  Requirement:            10.000ns  (aclk rise@10.000ns - aclk rise@0.000ns)
  Data Path Delay:        8.433ns  (logic 4.898ns (58.081%)  route 3.535ns (41.919%))
  Logic Levels:           8  (CARRY4=4 LUT3=1 LUT4=1 LUT6=2)
  Clock Path Skew:        -0.049ns (DCD - SCD + CPR)
    Destination Clock Delay (DCD):    0.924ns = ( 10.924 - 10.000 ) 
    Source Clock Delay      (SCD):    0.973ns
    Clock Pessimism Removal (CPR):    0.000ns
  Clock Uncertainty:      0.235ns  ((TSJ^2 + TIJ^2)^1/2 + DJ) / 2 + PE + UU
    Total System Jitter     (TSJ):    0.071ns
    Total Input Jitter      (TIJ):    0.000ns
    Discrete Jitter          (DJ):    0.000ns
    Phase Error              (PE):    0.000ns
    User Uncertainty         (UU):    0.200ns

    Location             Delay type                Incr(ns)  Path(ns)    Netlist Resource(s)
  -------------------------------------------------------------------    -------------------
                         (clock aclk rise edge)       0.000     0.000 r  
                                                      0.000     0.000 r  aclk (IN)
                         net (fo=939, unset)          0.973     0.973    u_tile_core/u_weight_mem/aclk
    RAMB18_X1Y15         RAMB18E1                                     r  u_tile_core/u_weight_mem/gen_weight_bram_lane[1].mem_r_reg/CLKBWRCLK
  -------------------------------------------------------------------    -------------------
    RAMB18_X1Y15         RAMB18E1 (Prop_ramb18e1_CLKBWRCLK_DOBDO[2])
                                                      2.454     3.427 r  u_tile_core/u_weight_mem/gen_weight_bram_lane[1].mem_r_reg/DOBDO[2]
                         net (fo=16, routed)          1.340     4.767    u_tile_core/u_datapath/gen_mlt_lane[1].u_mlt/weight_window_w[2]
    SLICE_X20Y40         LUT6 (Prop_lut6_I0_O)        0.124     4.891 r  u_tile_core/u_datapath/gen_mlt_lane[1].u_mlt/mul_stage_r[1][11]_i_35/O
                         net (fo=2, routed)           0.607     5.497    u_tile_core/u_weight_mem/mul_stage_r_reg[1][11]_i_13[1]
    SLICE_X21Y39         LUT6 (Prop_lut6_I0_O)        0.124     5.621 r  u_tile_core/u_weight_mem/mul_stage_r[1][11]_i_39/O
                         net (fo=1, routed)           0.000     5.621    u_tile_core/u_datapath/gen_mlt_lane[1].u_mlt/mul_stage_r[1][7]_i_9_0[1]
    SLICE_X21Y39         CARRY4 (Prop_carry4_S[1]_CO[3])
                                                      0.550     6.171 r  u_tile_core/u_datapath/gen_mlt_lane[1].u_mlt/mul_stage_r_reg[1][11]_i_13/CO[3]
                         net (fo=1, routed)           0.000     6.171    u_tile_core/u_datapath/gen_mlt_lane[1].u_mlt/mul_stage_r_reg[1][11]_i_13_n_0
    SLICE_X21Y40         CARRY4 (Prop_carry4_CI_O[0])
                                                      0.222     6.393 r  u_tile_core/u_datapath/gen_mlt_lane[1].u_mlt/mul_stage_r_reg[1][11]_i_11/O[0]
                         net (fo=2, routed)           0.923     7.316    u_tile_core/u_datapath/gen_mlt_lane[1].u_mlt/mul_stage_r_reg[1][11]_i_11_n_7
    SLICE_X21Y36         LUT3 (Prop_lut3_I2_O)        0.325     7.641 r  u_tile_core/u_datapath/gen_mlt_lane[1].u_mlt/mul_stage_r[1][11]_i_4/O
                         net (fo=2, routed)           0.666     8.307    u_tile_core/u_datapath/gen_mlt_lane[1].u_mlt/mul_stage_r[1][11]_i_4_n_0
    SLICE_X21Y36         LUT4 (Prop_lut4_I3_O)        0.326     8.633 r  u_tile_core/u_datapath/gen_mlt_lane[1].u_mlt/mul_stage_r[1][11]_i_8/O
                         net (fo=1, routed)           0.000     8.633    u_tile_core/u_datapath/gen_mlt_lane[1].u_mlt/mul_stage_r[1][11]_i_8_n_0
    SLICE_X21Y36         CARRY4 (Prop_carry4_S[1]_CO[3])
                                                      0.550     9.183 r  u_tile_core/u_datapath/gen_mlt_lane[1].u_mlt/mul_stage_r_reg[1][11]_i_1/CO[3]
                         net (fo=1, routed)           0.000     9.183    u_tile_core/u_datapath/gen_mlt_lane[1].u_mlt/mul_stage_r_reg[1][11]_i_1_n_0
    SLICE_X21Y37         CARRY4 (Prop_carry4_CI_O[0])
                                                      0.223     9.406 r  u_tile_core/u_datapath/gen_mlt_lane[1].u_mlt/mul_stage_r_reg[1][15]_i_1/O[0]
                         net (fo=1, routed)           0.000     9.406    u_tile_core/u_datapath/gen_mlt_lane[1].u_mlt_n_3
    SLICE_X21Y37         FDCE                                         r  u_tile_core/u_datapath/mul_stage_r_reg[1][12]/D
  -------------------------------------------------------------------    -------------------

                         (clock aclk rise edge)      10.000    10.000 r  
                                                      0.000    10.000 r  aclk (IN)
                         net (fo=939, unset)          0.924    10.924    u_tile_core/u_datapath/aclk
    SLICE_X21Y37         FDCE                                         r  u_tile_core/u_datapath/mul_stage_r_reg[1][12]/C
                         clock pessimism              0.000    10.924    
                         clock uncertainty           -0.235    10.689    
    SLICE_X21Y37         FDCE (Setup_fdce_C_D)        0.062    10.751    u_tile_core/u_datapath/mul_stage_r_reg[1][12]
  -------------------------------------------------------------------
                         required time                         10.751    
                         arrival time                          -9.406    
  -------------------------------------------------------------------
                         slack                                  1.345    

Slack (MET) :             1.389ns  (required time - arrival time)
  Source:                 u_tile_core/u_weight_mem/gen_weight_bram_lane[8].mem_r_reg/CLKBWRCLK
                            (rising edge-triggered cell RAMB18E1 clocked by aclk  {rise@0.000ns fall@5.000ns period=10.000ns})
  Destination:            u_tile_core/u_datapath/mul_stage_r_reg[8][13]/D
                            (rising edge-triggered cell FDCE clocked by aclk  {rise@0.000ns fall@5.000ns period=10.000ns})
  Path Group:             aclk
  Path Type:              Setup (Max at Slow Process Corner)
  Requirement:            10.000ns  (aclk rise@10.000ns - aclk rise@0.000ns)
  Data Path Delay:        8.389ns  (logic 5.214ns (62.154%)  route 3.175ns (37.846%))
  Logic Levels:           8  (CARRY4=4 LUT2=1 LUT3=1 LUT4=1 LUT6=1)
  Clock Path Skew:        -0.049ns (DCD - SCD + CPR)
    Destination Clock Delay (DCD):    0.924ns = ( 10.924 - 10.000 ) 
    Source Clock Delay      (SCD):    0.973ns
    Clock Pessimism Removal (CPR):    0.000ns
  Clock Uncertainty:      0.235ns  ((TSJ^2 + TIJ^2)^1/2 + DJ) / 2 + PE + UU
    Total System Jitter     (TSJ):    0.071ns
    Total Input Jitter      (TIJ):    0.000ns
    Discrete Jitter          (DJ):    0.000ns
    Phase Error              (PE):    0.000ns
    User Uncertainty         (UU):    0.200ns

    Location             Delay type                Incr(ns)  Path(ns)    Netlist Resource(s)
  -------------------------------------------------------------------    -------------------
                         (clock aclk rise edge)       0.000     0.000 r  
                                                      0.000     0.000 r  aclk (IN)
                         net (fo=939, unset)          0.973     0.973    u_tile_core/u_weight_mem/aclk
    RAMB18_X1Y14         RAMB18E1                                     r  u_tile_core/u_weight_mem/gen_weight_bram_lane[8].mem_r_reg/CLKBWRCLK
  -------------------------------------------------------------------    -------------------
    RAMB18_X1Y14         RAMB18E1 (Prop_ramb18e1_CLKBWRCLK_DOBDO[3])
                                                      2.454     3.427 f  u_tile_core/u_weight_mem/gen_weight_bram_lane[8].mem_r_reg/DOBDO[3]
                         net (fo=16, routed)          1.320     4.747    u_tile_core/u_datapath/gen_mlt_lane[8].u_mlt/weight_window_w[3]
    SLICE_X31Y36         LUT2 (Prop_lut2_I1_O)        0.152     4.899 r  u_tile_core/u_datapath/gen_mlt_lane[8].u_mlt/mul_stage_r[8][3]_i_10/O
                         net (fo=1, routed)           0.563     5.462    u_tile_core/u_window_generator/mul_stage_r_reg[8][3]_i_2
    SLICE_X28Y35         LUT6 (Prop_lut6_I1_O)        0.332     5.794 r  u_tile_core/u_window_generator/mul_stage_r[8][3]_i_6/O
                         net (fo=1, routed)           0.000     5.794    u_tile_core/u_datapath/gen_mlt_lane[8].u_mlt/mul_stage_r_reg[8][3][3]
    SLICE_X28Y35         CARRY4 (Prop_carry4_S[3]_CO[3])
                                                      0.401     6.195 r  u_tile_core/u_datapath/gen_mlt_lane[8].u_mlt/mul_stage_r_reg[8][3]_i_2/CO[3]
                         net (fo=1, routed)           0.000     6.195    u_tile_core/u_datapath/gen_mlt_lane[8].u_mlt/mul_stage_r_reg[8][3]_i_2_n_0
    SLICE_X28Y36         CARRY4 (Prop_carry4_CI_O[1])
                                                      0.334     6.529 r  u_tile_core/u_datapath/gen_mlt_lane[8].u_mlt/mul_stage_r_reg[8][11]_i_10/O[1]
                         net (fo=2, routed)           0.823     7.352    u_tile_core/u_datapath/gen_mlt_lane[8].u_mlt/mul_stage_r_reg[8][11]_i_10_n_6
    SLICE_X27Y36         LUT3 (Prop_lut3_I1_O)        0.331     7.683 r  u_tile_core/u_datapath/gen_mlt_lane[8].u_mlt/mul_stage_r[8][11]_i_4/O
                         net (fo=2, routed)           0.469     8.152    u_tile_core/u_datapath/gen_mlt_lane[8].u_mlt/mul_stage_r[8][11]_i_4_n_0
    SLICE_X27Y36         LUT4 (Prop_lut4_I3_O)        0.326     8.478 r  u_tile_core/u_datapath/gen_mlt_lane[8].u_mlt/mul_stage_r[8][11]_i_8/O
                         net (fo=1, routed)           0.000     8.478    u_tile_core/u_datapath/gen_mlt_lane[8].u_mlt/mul_stage_r[8][11]_i_8_n_0
    SLICE_X27Y36         CARRY4 (Prop_carry4_S[1]_CO[3])
                                                      0.550     9.028 r  u_tile_core/u_datapath/gen_mlt_lane[8].u_mlt/mul_stage_r_reg[8][11]_i_1/CO[3]
                         net (fo=1, routed)           0.000     9.028    u_tile_core/u_datapath/gen_mlt_lane[8].u_mlt/mul_stage_r_reg[8][11]_i_1_n_0
    SLICE_X27Y37         CARRY4 (Prop_carry4_CI_O[1])
                                                      0.334     9.362 r  u_tile_core/u_datapath/gen_mlt_lane[8].u_mlt/mul_stage_r_reg[8][15]_i_1/O[1]
                         net (fo=1, routed)           0.000     9.362    u_tile_core/u_datapath/gen_mlt_lane[8].u_mlt_n_2
    SLICE_X27Y37         FDCE                                         r  u_tile_core/u_datapath/mul_stage_r_reg[8][13]/D
  -------------------------------------------------------------------    -------------------

                         (clock aclk rise edge)      10.000    10.000 r  
                                                      0.000    10.000 r  aclk (IN)
                         net (fo=939, unset)          0.924    10.924    u_tile_core/u_datapath/aclk
    SLICE_X27Y37         FDCE                                         r  u_tile_core/u_datapath/mul_stage_r_reg[8][13]/C
                         clock pessimism              0.000    10.924    
                         clock uncertainty           -0.235    10.689    
    SLICE_X27Y37         FDCE (Setup_fdce_C_D)        0.062    10.751    u_tile_core/u_datapath/mul_stage_r_reg[8][13]
  -------------------------------------------------------------------
                         required time                         10.751    
                         arrival time                          -9.362    
  -------------------------------------------------------------------
                         slack                                  1.389    

Slack (MET) :             1.410ns  (required time - arrival time)
  Source:                 u_tile_core/u_weight_mem/gen_weight_bram_lane[8].mem_r_reg/CLKBWRCLK
                            (rising edge-triggered cell RAMB18E1 clocked by aclk  {rise@0.000ns fall@5.000ns period=10.000ns})
  Destination:            u_tile_core/u_datapath/mul_stage_r_reg[8][15]/D
                            (rising edge-triggered cell FDCE clocked by aclk  {rise@0.000ns fall@5.000ns period=10.000ns})
  Path Group:             aclk
  Path Type:              Setup (Max at Slow Process Corner)
  Requirement:            10.000ns  (aclk rise@10.000ns - aclk rise@0.000ns)
  Data Path Delay:        8.368ns  (logic 5.193ns (62.059%)  route 3.175ns (37.941%))
  Logic Levels:           8  (CARRY4=4 LUT2=1 LUT3=1 LUT4=1 LUT6=1)
  Clock Path Skew:        -0.049ns (DCD - SCD + CPR)
    Destination Clock Delay (DCD):    0.924ns = ( 10.924 - 10.000 ) 
    Source Clock Delay      (SCD):    0.973ns
    Clock Pessimism Removal (CPR):    0.000ns
  Clock Uncertainty:      0.235ns  ((TSJ^2 + TIJ^2)^1/2 + DJ) / 2 + PE + UU
    Total System Jitter     (TSJ):    0.071ns
    Total Input Jitter      (TIJ):    0.000ns
    Discrete Jitter          (DJ):    0.000ns
    Phase Error              (PE):    0.000ns
    User Uncertainty         (UU):    0.200ns

    Location             Delay type                Incr(ns)  Path(ns)    Netlist Resource(s)
  -------------------------------------------------------------------    -------------------
                         (clock aclk rise edge)       0.000     0.000 r  
                                                      0.000     0.000 r  aclk (IN)
                         net (fo=939, unset)          0.973     0.973    u_tile_core/u_weight_mem/aclk
    RAMB18_X1Y14         RAMB18E1                                     r  u_tile_core/u_weight_mem/gen_weight_bram_lane[8].mem_r_reg/CLKBWRCLK
  -------------------------------------------------------------------    -------------------
    RAMB18_X1Y14         RAMB18E1 (Prop_ramb18e1_CLKBWRCLK_DOBDO[3])
                                                      2.454     3.427 f  u_tile_core/u_weight_mem/gen_weight_bram_lane[8].mem_r_reg/DOBDO[3]
                         net (fo=16, routed)          1.320     4.747    u_tile_core/u_datapath/gen_mlt_lane[8].u_mlt/weight_window_w[3]
    SLICE_X31Y36         LUT2 (Prop_lut2_I1_O)        0.152     4.899 r  u_tile_core/u_datapath/gen_mlt_lane[8].u_mlt/mul_stage_r[8][3]_i_10/O
                         net (fo=1, routed)           0.563     5.462    u_tile_core/u_window_generator/mul_stage_r_reg[8][3]_i_2
    SLICE_X28Y35         LUT6 (Prop_lut6_I1_O)        0.332     5.794 r  u_tile_core/u_window_generator/mul_stage_r[8][3]_i_6/O
                         net (fo=1, routed)           0.000     5.794    u_tile_core/u_datapath/gen_mlt_lane[8].u_mlt/mul_stage_r_reg[8][3][3]
    SLICE_X28Y35         CARRY4 (Prop_carry4_S[3]_CO[3])
                                                      0.401     6.195 r  u_tile_core/u_datapath/gen_mlt_lane[8].u_mlt/mul_stage_r_reg[8][3]_i_2/CO[3]
                         net (fo=1, routed)           0.000     6.195    u_tile_core/u_datapath/gen_mlt_lane[8].u_mlt/mul_stage_r_reg[8][3]_i_2_n_0
    SLICE_X28Y36         CARRY4 (Prop_carry4_CI_O[1])
                                                      0.334     6.529 r  u_tile_core/u_datapath/gen_mlt_lane[8].u_mlt/mul_stage_r_reg[8][11]_i_10/O[1]
                         net (fo=2, routed)           0.823     7.352    u_tile_core/u_datapath/gen_mlt_lane[8].u_mlt/mul_stage_r_reg[8][11]_i_10_n_6
    SLICE_X27Y36         LUT3 (Prop_lut3_I1_O)        0.331     7.683 r  u_tile_core/u_datapath/gen_mlt_lane[8].u_mlt/mul_stage_r[8][11]_i_4/O
                         net (fo=2, routed)           0.469     8.152    u_tile_core/u_datapath/gen_mlt_lane[8].u_mlt/mul_stage_r[8][11]_i_4_n_0
    SLICE_X27Y36         LUT4 (Prop_lut4_I3_O)        0.326     8.478 r  u_tile_core/u_datapath/gen_mlt_lane[8].u_mlt/mul_stage_r[8][11]_i_8/O
                         net (fo=1, routed)           0.000     8.478    u_tile_core/u_datapath/gen_mlt_lane[8].u_mlt/mul_stage_r[8][11]_i_8_n_0
    SLICE_X27Y36         CARRY4 (Prop_carry4_S[1]_CO[3])
                                                      0.550     9.028 r  u_tile_core/u_datapath/gen_mlt_lane[8].u_mlt/mul_stage_r_reg[8][11]_i_1/CO[3]
                         net (fo=1, routed)           0.000     9.028    u_tile_core/u_datapath/gen_mlt_lane[8].u_mlt/mul_stage_r_reg[8][11]_i_1_n_0
    SLICE_X27Y37         CARRY4 (Prop_carry4_CI_O[3])
                                                      0.313     9.341 r  u_tile_core/u_datapath/gen_mlt_lane[8].u_mlt/mul_stage_r_reg[8][15]_i_1/O[3]
                         net (fo=1, routed)           0.000     9.341    u_tile_core/u_datapath/gen_mlt_lane[8].u_mlt_n_0
    SLICE_X27Y37         FDCE                                         r  u_tile_core/u_datapath/mul_stage_r_reg[8][15]/D
  -------------------------------------------------------------------    -------------------

                         (clock aclk rise edge)      10.000    10.000 r  
                                                      0.000    10.000 r  aclk (IN)
                         net (fo=939, unset)          0.924    10.924    u_tile_core/u_datapath/aclk
    SLICE_X27Y37         FDCE                                         r  u_tile_core/u_datapath/mul_stage_r_reg[8][15]/C
                         clock pessimism              0.000    10.924    
                         clock uncertainty           -0.235    10.689    
    SLICE_X27Y37         FDCE (Setup_fdce_C_D)        0.062    10.751    u_tile_core/u_datapath/mul_stage_r_reg[8][15]
  -------------------------------------------------------------------
                         required time                         10.751    
                         arrival time                          -9.341    
  -------------------------------------------------------------------
                         slack                                  1.410    

Slack (MET) :             1.430ns  (required time - arrival time)
  Source:                 u_tile_core/u_weight_mem/gen_weight_bram_lane[2].mem_r_reg/CLKBWRCLK
                            (rising edge-triggered cell RAMB18E1 clocked by aclk  {rise@0.000ns fall@5.000ns period=10.000ns})
  Destination:            u_tile_core/u_datapath/mul_stage_r_reg[2][13]/D
                            (rising edge-triggered cell FDCE clocked by aclk  {rise@0.000ns fall@5.000ns period=10.000ns})
  Path Group:             aclk
  Path Type:              Setup (Max at Slow Process Corner)
  Requirement:            10.000ns  (aclk rise@10.000ns - aclk rise@0.000ns)
  Data Path Delay:        8.348ns  (logic 4.871ns (58.350%)  route 3.477ns (41.650%))
  Logic Levels:           7  (CARRY4=3 LUT3=1 LUT4=1 LUT6=2)
  Clock Path Skew:        -0.049ns (DCD - SCD + CPR)
    Destination Clock Delay (DCD):    0.924ns = ( 10.924 - 10.000 ) 
    Source Clock Delay      (SCD):    0.973ns
    Clock Pessimism Removal (CPR):    0.000ns
  Clock Uncertainty:      0.235ns  ((TSJ^2 + TIJ^2)^1/2 + DJ) / 2 + PE + UU
    Total System Jitter     (TSJ):    0.071ns
    Total Input Jitter      (TIJ):    0.000ns
    Discrete Jitter          (DJ):    0.000ns
    Phase Error              (PE):    0.000ns
    User Uncertainty         (UU):    0.200ns

    Location             Delay type                Incr(ns)  Path(ns)    Netlist Resource(s)
  -------------------------------------------------------------------    -------------------
                         (clock aclk rise edge)       0.000     0.000 r  
                                                      0.000     0.000 r  aclk (IN)
                         net (fo=939, unset)          0.973     0.973    u_tile_core/u_weight_mem/aclk
    RAMB18_X0Y14         RAMB18E1                                     r  u_tile_core/u_weight_mem/gen_weight_bram_lane[2].mem_r_reg/CLKBWRCLK
  -------------------------------------------------------------------    -------------------
    RAMB18_X0Y14         RAMB18E1 (Prop_ramb18e1_CLKBWRCLK_DOBDO[1])
                                                      2.454     3.427 r  u_tile_core/u_weight_mem/gen_weight_bram_lane[2].mem_r_reg/DOBDO[1]
                         net (fo=17, routed)          1.464     4.891    u_tile_core/u_datapath/gen_mlt_lane[2].u_mlt/weight_window_w[1]
    SLICE_X14Y37         LUT6 (Prop_lut6_I2_O)        0.124     5.015 r  u_tile_core/u_datapath/gen_mlt_lane[2].u_mlt/mul_stage_r[2][11]_i_35/O
                         net (fo=2, routed)           0.558     5.573    u_tile_core/u_weight_mem/mul_stage_r_reg[2][11]_i_13[1]
    SLICE_X15Y36         LUT6 (Prop_lut6_I0_O)        0.124     5.697 r  u_tile_core/u_weight_mem/mul_stage_r[2][11]_i_39/O
                         net (fo=1, routed)           0.000     5.697    u_tile_core/u_datapath/gen_mlt_lane[2].u_mlt/mul_stage_r[2][7]_i_9_0[1]
    SLICE_X15Y36         CARRY4 (Prop_carry4_S[1]_O[3])
                                                      0.640     6.337 r  u_tile_core/u_datapath/gen_mlt_lane[2].u_mlt/mul_stage_r_reg[2][11]_i_13/O[3]
                         net (fo=2, routed)           0.645     6.982    u_tile_core/u_datapath/gen_mlt_lane[2].u_mlt/mul_stage_r_reg[2][11]_i_13_n_4
    SLICE_X17Y35         LUT3 (Prop_lut3_I2_O)        0.331     7.313 r  u_tile_core/u_datapath/gen_mlt_lane[2].u_mlt/mul_stage_r[2][11]_i_5/O
                         net (fo=2, routed)           0.810     8.123    u_tile_core/u_datapath/gen_mlt_lane[2].u_mlt/mul_stage_r[2][11]_i_5_n_0
    SLICE_X17Y36         LUT4 (Prop_lut4_I3_O)        0.332     8.455 r  u_tile_core/u_datapath/gen_mlt_lane[2].u_mlt/mul_stage_r[2][11]_i_9/O
                         net (fo=1, routed)           0.000     8.455    u_tile_core/u_datapath/gen_mlt_lane[2].u_mlt/mul_stage_r[2][11]_i_9_n_0
    SLICE_X17Y36         CARRY4 (Prop_carry4_S[0]_CO[3])
                                                      0.532     8.987 r  u_tile_core/u_datapath/gen_mlt_lane[2].u_mlt/mul_stage_r_reg[2][11]_i_1/CO[3]
                         net (fo=1, routed)           0.000     8.987    u_tile_core/u_datapath/gen_mlt_lane[2].u_mlt/mul_stage_r_reg[2][11]_i_1_n_0
    SLICE_X17Y37         CARRY4 (Prop_carry4_CI_O[1])
                                                      0.334     9.321 r  u_tile_core/u_datapath/gen_mlt_lane[2].u_mlt/mul_stage_r_reg[2][15]_i_1/O[1]
                         net (fo=1, routed)           0.000     9.321    u_tile_core/u_datapath/gen_mlt_lane[2].u_mlt_n_2
    SLICE_X17Y37         FDCE                                         r  u_tile_core/u_datapath/mul_stage_r_reg[2][13]/D
  -------------------------------------------------------------------    -------------------

                         (clock aclk rise edge)      10.000    10.000 r  
                                                      0.000    10.000 r  aclk (IN)
                         net (fo=939, unset)          0.924    10.924    u_tile_core/u_datapath/aclk
    SLICE_X17Y37         FDCE                                         r  u_tile_core/u_datapath/mul_stage_r_reg[2][13]/C
                         clock pessimism              0.000    10.924    
                         clock uncertainty           -0.235    10.689    
    SLICE_X17Y37         FDCE (Setup_fdce_C_D)        0.062    10.751    u_tile_core/u_datapath/mul_stage_r_reg[2][13]
  -------------------------------------------------------------------
                         required time                         10.751    
                         arrival time                          -9.321    
  -------------------------------------------------------------------
                         slack                                  1.430    

Slack (MET) :             1.445ns  (required time - arrival time)
  Source:                 u_tile_core/u_weight_mem/gen_weight_bram_lane[5].mem_r_reg/CLKBWRCLK
                            (rising edge-triggered cell RAMB18E1 clocked by aclk  {rise@0.000ns fall@5.000ns period=10.000ns})
  Destination:            u_tile_core/u_datapath/mul_stage_r_reg[5][13]/D
                            (rising edge-triggered cell FDCE clocked by aclk  {rise@0.000ns fall@5.000ns period=10.000ns})
  Path Group:             aclk
  Path Type:              Setup (Max at Slow Process Corner)
  Requirement:            10.000ns  (aclk rise@10.000ns - aclk rise@0.000ns)
  Data Path Delay:        8.333ns  (logic 4.719ns (56.629%)  route 3.614ns (43.371%))
  Logic Levels:           8  (CARRY4=5 LUT3=1 LUT4=1 LUT6=1)
  Clock Path Skew:        -0.049ns (DCD - SCD + CPR)
    Destination Clock Delay (DCD):    0.924ns = ( 10.924 - 10.000 ) 
    Source Clock Delay      (SCD):    0.973ns
    Clock Pessimism Removal (CPR):    0.000ns
  Clock Uncertainty:      0.235ns  ((TSJ^2 + TIJ^2)^1/2 + DJ) / 2 + PE + UU
    Total System Jitter     (TSJ):    0.071ns
    Total Input Jitter      (TIJ):    0.000ns
    Discrete Jitter          (DJ):    0.000ns
    Phase Error              (PE):    0.000ns
    User Uncertainty         (UU):    0.200ns

    Location             Delay type                Incr(ns)  Path(ns)    Netlist Resource(s)
  -------------------------------------------------------------------    -------------------
                         (clock aclk rise edge)       0.000     0.000 r  
                                                      0.000     0.000 r  aclk (IN)
                         net (fo=939, unset)          0.973     0.973    u_tile_core/u_weight_mem/aclk
    RAMB18_X1Y16         RAMB18E1                                     r  u_tile_core/u_weight_mem/gen_weight_bram_lane[5].mem_r_reg/CLKBWRCLK
  -------------------------------------------------------------------    -------------------
    RAMB18_X1Y16         RAMB18E1 (Prop_ramb18e1_CLKBWRCLK_DOBDO[2])
                                                      2.454     3.427 r  u_tile_core/u_weight_mem/gen_weight_bram_lane[5].mem_r_reg/DOBDO[2]
                         net (fo=16, routed)          1.539     4.966    u_tile_core/u_datapath/gen_mlt_lane[5].u_mlt/weight_window_w[2]
    SLICE_X32Y39         LUT6 (Prop_lut6_I2_O)        0.124     5.090 r  u_tile_core/u_datapath/gen_mlt_lane[5].u_mlt/mul_stage_r[5][2]_i_2/O
                         net (fo=1, routed)           0.697     5.787    u_tile_core/u_datapath/gen_mlt_lane[5].u_mlt/mul_stage_r[5][2]_i_2_n_0
    SLICE_X30Y40         CARRY4 (Prop_carry4_DI[3]_CO[3])
                                                      0.396     6.183 r  u_tile_core/u_datapath/gen_mlt_lane[5].u_mlt/mul_stage_r_reg[5][2]_i_1/CO[3]
                         net (fo=1, routed)           0.000     6.183    u_tile_core/u_datapath/gen_mlt_lane[5].u_mlt/mul_stage_r_reg[5][2]_i_1_n_0
    SLICE_X30Y41         CARRY4 (Prop_carry4_CI_O[2])
                                                      0.239     6.422 r  u_tile_core/u_datapath/gen_mlt_lane[5].u_mlt/mul_stage_r_reg[5][11]_i_13/O[2]
                         net (fo=2, routed)           0.730     7.152    u_tile_core/u_datapath/gen_mlt_lane[5].u_mlt/mul_stage_r_reg[5][11]_i_13_n_5
    SLICE_X28Y39         LUT3 (Prop_lut3_I2_O)        0.330     7.482 r  u_tile_core/u_datapath/gen_mlt_lane[5].u_mlt/mul_stage_r[5][7]_i_2/O
                         net (fo=2, routed)           0.648     8.130    u_tile_core/u_datapath/gen_mlt_lane[5].u_mlt/mul_stage_r[5][7]_i_2_n_0
    SLICE_X28Y39         LUT4 (Prop_lut4_I3_O)        0.327     8.457 r  u_tile_core/u_datapath/gen_mlt_lane[5].u_mlt/mul_stage_r[5][7]_i_6/O
                         net (fo=1, routed)           0.000     8.457    u_tile_core/u_datapath/gen_mlt_lane[5].u_mlt/mul_stage_r[5][7]_i_6_n_0
    SLICE_X28Y39         CARRY4 (Prop_carry4_S[3]_CO[3])
                                                      0.401     8.858 r  u_tile_core/u_datapath/gen_mlt_lane[5].u_mlt/mul_stage_r_reg[5][7]_i_1/CO[3]
                         net (fo=1, routed)           0.000     8.858    u_tile_core/u_datapath/gen_mlt_lane[5].u_mlt/mul_stage_r_reg[5][7]_i_1_n_0
    SLICE_X28Y40         CARRY4 (Prop_carry4_CI_CO[3])
                                                      0.114     8.972 r  u_tile_core/u_datapath/gen_mlt_lane[5].u_mlt/mul_stage_r_reg[5][11]_i_1/CO[3]
                         net (fo=1, routed)           0.000     8.972    u_tile_core/u_datapath/gen_mlt_lane[5].u_mlt/mul_stage_r_reg[5][11]_i_1_n_0
    SLICE_X28Y41         CARRY4 (Prop_carry4_CI_O[1])
                                                      0.334     9.306 r  u_tile_core/u_datapath/gen_mlt_lane[5].u_mlt/mul_stage_r_reg[5][15]_i_1/O[1]
                         net (fo=1, routed)           0.000     9.306    u_tile_core/u_datapath/gen_mlt_lane[5].u_mlt_n_2
    SLICE_X28Y41         FDCE                                         r  u_tile_core/u_datapath/mul_stage_r_reg[5][13]/D
  -------------------------------------------------------------------    -------------------

                         (clock aclk rise edge)      10.000    10.000 r  
                                                      0.000    10.000 r  aclk (IN)
                         net (fo=939, unset)          0.924    10.924    u_tile_core/u_datapath/aclk
    SLICE_X28Y41         FDCE                                         r  u_tile_core/u_datapath/mul_stage_r_reg[5][13]/C
                         clock pessimism              0.000    10.924    
                         clock uncertainty           -0.235    10.689    
    SLICE_X28Y41         FDCE (Setup_fdce_C_D)        0.062    10.751    u_tile_core/u_datapath/mul_stage_r_reg[5][13]
  -------------------------------------------------------------------
                         required time                         10.751    
                         arrival time                          -9.306    
  -------------------------------------------------------------------
                         slack                                  1.445    

Slack (MET) :             1.451ns  (required time - arrival time)
  Source:                 u_tile_core/u_weight_mem/gen_weight_bram_lane[2].mem_r_reg/CLKBWRCLK
                            (rising edge-triggered cell RAMB18E1 clocked by aclk  {rise@0.000ns fall@5.000ns period=10.000ns})
  Destination:            u_tile_core/u_datapath/mul_stage_r_reg[2][15]/D
                            (rising edge-triggered cell FDCE clocked by aclk  {rise@0.000ns fall@5.000ns period=10.000ns})
  Path Group:             aclk
  Path Type:              Setup (Max at Slow Process Corner)
  Requirement:            10.000ns  (aclk rise@10.000ns - aclk rise@0.000ns)
  Data Path Delay:        8.327ns  (logic 4.850ns (58.245%)  route 3.477ns (41.755%))
  Logic Levels:           7  (CARRY4=3 LUT3=1 LUT4=1 LUT6=2)
  Clock Path Skew:        -0.049ns (DCD - SCD + CPR)
    Destination Clock Delay (DCD):    0.924ns = ( 10.924 - 10.000 ) 
    Source Clock Delay      (SCD):    0.973ns
    Clock Pessimism Removal (CPR):    0.000ns
  Clock Uncertainty:      0.235ns  ((TSJ^2 + TIJ^2)^1/2 + DJ) / 2 + PE + UU
    Total System Jitter     (TSJ):    0.071ns
    Total Input Jitter      (TIJ):    0.000ns
    Discrete Jitter          (DJ):    0.000ns
    Phase Error              (PE):    0.000ns
    User Uncertainty         (UU):    0.200ns

    Location             Delay type                Incr(ns)  Path(ns)    Netlist Resource(s)
  -------------------------------------------------------------------    -------------------
                         (clock aclk rise edge)       0.000     0.000 r  
                                                      0.000     0.000 r  aclk (IN)
                         net (fo=939, unset)          0.973     0.973    u_tile_core/u_weight_mem/aclk
    RAMB18_X0Y14         RAMB18E1                                     r  u_tile_core/u_weight_mem/gen_weight_bram_lane[2].mem_r_reg/CLKBWRCLK
  -------------------------------------------------------------------    -------------------
    RAMB18_X0Y14         RAMB18E1 (Prop_ramb18e1_CLKBWRCLK_DOBDO[1])
                                                      2.454     3.427 r  u_tile_core/u_weight_mem/gen_weight_bram_lane[2].mem_r_reg/DOBDO[1]
                         net (fo=17, routed)          1.464     4.891    u_tile_core/u_datapath/gen_mlt_lane[2].u_mlt/weight_window_w[1]
    SLICE_X14Y37         LUT6 (Prop_lut6_I2_O)        0.124     5.015 r  u_tile_core/u_datapath/gen_mlt_lane[2].u_mlt/mul_stage_r[2][11]_i_35/O
                         net (fo=2, routed)           0.558     5.573    u_tile_core/u_weight_mem/mul_stage_r_reg[2][11]_i_13[1]
    SLICE_X15Y36         LUT6 (Prop_lut6_I0_O)        0.124     5.697 r  u_tile_core/u_weight_mem/mul_stage_r[2][11]_i_39/O
                         net (fo=1, routed)           0.000     5.697    u_tile_core/u_datapath/gen_mlt_lane[2].u_mlt/mul_stage_r[2][7]_i_9_0[1]
    SLICE_X15Y36         CARRY4 (Prop_carry4_S[1]_O[3])
                                                      0.640     6.337 r  u_tile_core/u_datapath/gen_mlt_lane[2].u_mlt/mul_stage_r_reg[2][11]_i_13/O[3]
                         net (fo=2, routed)           0.645     6.982    u_tile_core/u_datapath/gen_mlt_lane[2].u_mlt/mul_stage_r_reg[2][11]_i_13_n_4
    SLICE_X17Y35         LUT3 (Prop_lut3_I2_O)        0.331     7.313 r  u_tile_core/u_datapath/gen_mlt_lane[2].u_mlt/mul_stage_r[2][11]_i_5/O
                         net (fo=2, routed)           0.810     8.123    u_tile_core/u_datapath/gen_mlt_lane[2].u_mlt/mul_stage_r[2][11]_i_5_n_0
    SLICE_X17Y36         LUT4 (Prop_lut4_I3_O)        0.332     8.455 r  u_tile_core/u_datapath/gen_mlt_lane[2].u_mlt/mul_stage_r[2][11]_i_9/O
                         net (fo=1, routed)           0.000     8.455    u_tile_core/u_datapath/gen_mlt_lane[2].u_mlt/mul_stage_r[2][11]_i_9_n_0
    SLICE_X17Y36         CARRY4 (Prop_carry4_S[0]_CO[3])
                                                      0.532     8.987 r  u_tile_core/u_datapath/gen_mlt_lane[2].u_mlt/mul_stage_r_reg[2][11]_i_1/CO[3]
                         net (fo=1, routed)           0.000     8.987    u_tile_core/u_datapath/gen_mlt_lane[2].u_mlt/mul_stage_r_reg[2][11]_i_1_n_0
    SLICE_X17Y37         CARRY4 (Prop_carry4_CI_O[3])
                                                      0.313     9.300 r  u_tile_core/u_datapath/gen_mlt_lane[2].u_mlt/mul_stage_r_reg[2][15]_i_1/O[3]
                         net (fo=1, routed)           0.000     9.300    u_tile_core/u_datapath/gen_mlt_lane[2].u_mlt_n_0
    SLICE_X17Y37         FDCE                                         r  u_tile_core/u_datapath/mul_stage_r_reg[2][15]/D
  -------------------------------------------------------------------    -------------------

                         (clock aclk rise edge)      10.000    10.000 r  
                                                      0.000    10.000 r  aclk (IN)
                         net (fo=939, unset)          0.924    10.924    u_tile_core/u_datapath/aclk
    SLICE_X17Y37         FDCE                                         r  u_tile_core/u_datapath/mul_stage_r_reg[2][15]/C
                         clock pessimism              0.000    10.924    
                         clock uncertainty           -0.235    10.689    
    SLICE_X17Y37         FDCE (Setup_fdce_C_D)        0.062    10.751    u_tile_core/u_datapath/mul_stage_r_reg[2][15]
  -------------------------------------------------------------------
                         required time                         10.751    
                         arrival time                          -9.300    
  -------------------------------------------------------------------
                         slack                                  1.451    

Slack (MET) :             1.452ns  (required time - arrival time)
  Source:                 u_tile_core/u_weight_mem/gen_weight_bram_lane[3].mem_r_reg/CLKBWRCLK
                            (rising edge-triggered cell RAMB18E1 clocked by aclk  {rise@0.000ns fall@5.000ns period=10.000ns})
  Destination:            u_tile_core/u_datapath/mul_stage_r_reg[3][13]/D
                            (rising edge-triggered cell FDCE clocked by aclk  {rise@0.000ns fall@5.000ns period=10.000ns})
  Path Group:             aclk
  Path Type:              Setup (Max at Slow Process Corner)
  Requirement:            10.000ns  (aclk rise@10.000ns - aclk rise@0.000ns)
  Data Path Delay:        8.326ns  (logic 5.043ns (60.567%)  route 3.283ns (39.433%))
  Logic Levels:           8  (CARRY4=4 LUT2=1 LUT3=1 LUT4=1 LUT6=1)
  Clock Path Skew:        -0.049ns (DCD - SCD + CPR)
    Destination Clock Delay (DCD):    0.924ns = ( 10.924 - 10.000 ) 
    Source Clock Delay      (SCD):    0.973ns
    Clock Pessimism Removal (CPR):    0.000ns
  Clock Uncertainty:      0.235ns  ((TSJ^2 + TIJ^2)^1/2 + DJ) / 2 + PE + UU
    Total System Jitter     (TSJ):    0.071ns
    Total Input Jitter      (TIJ):    0.000ns
    Discrete Jitter          (DJ):    0.000ns
    Phase Error              (PE):    0.000ns
    User Uncertainty         (UU):    0.200ns

    Location             Delay type                Incr(ns)  Path(ns)    Netlist Resource(s)
  -------------------------------------------------------------------    -------------------
                         (clock aclk rise edge)       0.000     0.000 r  
                                                      0.000     0.000 r  aclk (IN)
                         net (fo=939, unset)          0.973     0.973    u_tile_core/u_weight_mem/aclk
    RAMB18_X0Y12         RAMB18E1                                     r  u_tile_core/u_weight_mem/gen_weight_bram_lane[3].mem_r_reg/CLKBWRCLK
  -------------------------------------------------------------------    -------------------
    RAMB18_X0Y12         RAMB18E1 (Prop_ramb18e1_CLKBWRCLK_DOBDO[3])
                                                      2.454     3.427 f  u_tile_core/u_weight_mem/gen_weight_bram_lane[3].mem_r_reg/DOBDO[3]
                         net (fo=16, routed)          1.396     4.823    u_tile_core/u_datapath/gen_mlt_lane[3].u_mlt/weight_window_w[3]
    SLICE_X16Y31         LUT2 (Prop_lut2_I1_O)        0.148     4.971 r  u_tile_core/u_datapath/gen_mlt_lane[3].u_mlt/mul_stage_r[3][3]_i_10/O
                         net (fo=1, routed)           0.422     5.393    u_tile_core/u_window_generator/mul_stage_r_reg[3][3]_i_2
    SLICE_X18Y31         LUT6 (Prop_lut6_I1_O)        0.328     5.721 r  u_tile_core/u_window_generator/mul_stage_r[3][3]_i_6/O
                         net (fo=1, routed)           0.000     5.721    u_tile_core/u_datapath/gen_mlt_lane[3].u_mlt/mul_stage_r_reg[3][3][3]
    SLICE_X18Y31         CARRY4 (Prop_carry4_S[3]_CO[3])
                                                      0.376     6.097 r  u_tile_core/u_datapath/gen_mlt_lane[3].u_mlt/mul_stage_r_reg[3][3]_i_2/CO[3]
                         net (fo=1, routed)           0.000     6.097    u_tile_core/u_datapath/gen_mlt_lane[3].u_mlt/mul_stage_r_reg[3][3]_i_2_n_0
    SLICE_X18Y32         CARRY4 (Prop_carry4_CI_O[0])
                                                      0.219     6.316 r  u_tile_core/u_datapath/gen_mlt_lane[3].u_mlt/mul_stage_r_reg[3][11]_i_10/O[0]
                         net (fo=2, routed)           0.649     6.964    u_tile_core/u_datapath/gen_mlt_lane[3].u_mlt/mul_stage_r_reg[3][11]_i_10_n_7
    SLICE_X19Y31         LUT3 (Prop_lut3_I1_O)        0.320     7.284 r  u_tile_core/u_datapath/gen_mlt_lane[3].u_mlt/mul_stage_r[3][11]_i_5/O
                         net (fo=2, routed)           0.817     8.101    u_tile_core/u_datapath/gen_mlt_lane[3].u_mlt/mul_stage_r[3][11]_i_5_n_0
    SLICE_X19Y32         LUT4 (Prop_lut4_I3_O)        0.332     8.433 r  u_tile_core/u_datapath/gen_mlt_lane[3].u_mlt/mul_stage_r[3][11]_i_9/O
                         net (fo=1, routed)           0.000     8.433    u_tile_core/u_datapath/gen_mlt_lane[3].u_mlt/mul_stage_r[3][11]_i_9_n_0
    SLICE_X19Y32         CARRY4 (Prop_carry4_S[0]_CO[3])
                                                      0.532     8.965 r  u_tile_core/u_datapath/gen_mlt_lane[3].u_mlt/mul_stage_r_reg[3][11]_i_1/CO[3]
                         net (fo=1, routed)           0.000     8.965    u_tile_core/u_datapath/gen_mlt_lane[3].u_mlt/mul_stage_r_reg[3][11]_i_1_n_0
    SLICE_X19Y33         CARRY4 (Prop_carry4_CI_O[1])
                                                      0.334     9.299 r  u_tile_core/u_datapath/gen_mlt_lane[3].u_mlt/mul_stage_r_reg[3][15]_i_1/O[1]
                         net (fo=1, routed)           0.000     9.299    u_tile_core/u_datapath/gen_mlt_lane[3].u_mlt_n_2
    SLICE_X19Y33         FDCE                                         r  u_tile_core/u_datapath/mul_stage_r_reg[3][13]/D
  -------------------------------------------------------------------    -------------------

                         (clock aclk rise edge)      10.000    10.000 r  
                                                      0.000    10.000 r  aclk (IN)
                         net (fo=939, unset)          0.924    10.924    u_tile_core/u_datapath/aclk
    SLICE_X19Y33         FDCE                                         r  u_tile_core/u_datapath/mul_stage_r_reg[3][13]/C
                         clock pessimism              0.000    10.924    
                         clock uncertainty           -0.235    10.689    
    SLICE_X19Y33         FDCE (Setup_fdce_C_D)        0.062    10.751    u_tile_core/u_datapath/mul_stage_r_reg[3][13]
  -------------------------------------------------------------------
                         required time                         10.751    
                         arrival time                          -9.299    
  -------------------------------------------------------------------
                         slack                                  1.452    

Slack (MET) :             1.466ns  (required time - arrival time)
  Source:                 u_tile_core/u_weight_mem/gen_weight_bram_lane[5].mem_r_reg/CLKBWRCLK
                            (rising edge-triggered cell RAMB18E1 clocked by aclk  {rise@0.000ns fall@5.000ns period=10.000ns})
  Destination:            u_tile_core/u_datapath/mul_stage_r_reg[5][15]/D
                            (rising edge-triggered cell FDCE clocked by aclk  {rise@0.000ns fall@5.000ns period=10.000ns})
  Path Group:             aclk
  Path Type:              Setup (Max at Slow Process Corner)
  Requirement:            10.000ns  (aclk rise@10.000ns - aclk rise@0.000ns)
  Data Path Delay:        8.312ns  (logic 4.698ns (56.519%)  route 3.614ns (43.481%))
  Logic Levels:           8  (CARRY4=5 LUT3=1 LUT4=1 LUT6=1)
  Clock Path Skew:        -0.049ns (DCD - SCD + CPR)
    Destination Clock Delay (DCD):    0.924ns = ( 10.924 - 10.000 ) 
    Source Clock Delay      (SCD):    0.973ns
    Clock Pessimism Removal (CPR):    0.000ns
  Clock Uncertainty:      0.235ns  ((TSJ^2 + TIJ^2)^1/2 + DJ) / 2 + PE + UU
    Total System Jitter     (TSJ):    0.071ns
    Total Input Jitter      (TIJ):    0.000ns
    Discrete Jitter          (DJ):    0.000ns
    Phase Error              (PE):    0.000ns
    User Uncertainty         (UU):    0.200ns

    Location             Delay type                Incr(ns)  Path(ns)    Netlist Resource(s)
  -------------------------------------------------------------------    -------------------
                         (clock aclk rise edge)       0.000     0.000 r  
                                                      0.000     0.000 r  aclk (IN)
                         net (fo=939, unset)          0.973     0.973    u_tile_core/u_weight_mem/aclk
    RAMB18_X1Y16         RAMB18E1                                     r  u_tile_core/u_weight_mem/gen_weight_bram_lane[5].mem_r_reg/CLKBWRCLK
  -------------------------------------------------------------------    -------------------
    RAMB18_X1Y16         RAMB18E1 (Prop_ramb18e1_CLKBWRCLK_DOBDO[2])
                                                      2.454     3.427 r  u_tile_core/u_weight_mem/gen_weight_bram_lane[5].mem_r_reg/DOBDO[2]
                         net (fo=16, routed)          1.539     4.966    u_tile_core/u_datapath/gen_mlt_lane[5].u_mlt/weight_window_w[2]
    SLICE_X32Y39         LUT6 (Prop_lut6_I2_O)        0.124     5.090 r  u_tile_core/u_datapath/gen_mlt_lane[5].u_mlt/mul_stage_r[5][2]_i_2/O
                         net (fo=1, routed)           0.697     5.787    u_tile_core/u_datapath/gen_mlt_lane[5].u_mlt/mul_stage_r[5][2]_i_2_n_0
    SLICE_X30Y40         CARRY4 (Prop_carry4_DI[3]_CO[3])
                                                      0.396     6.183 r  u_tile_core/u_datapath/gen_mlt_lane[5].u_mlt/mul_stage_r_reg[5][2]_i_1/CO[3]
                         net (fo=1, routed)           0.000     6.183    u_tile_core/u_datapath/gen_mlt_lane[5].u_mlt/mul_stage_r_reg[5][2]_i_1_n_0
    SLICE_X30Y41         CARRY4 (Prop_carry4_CI_O[2])
                                                      0.239     6.422 r  u_tile_core/u_datapath/gen_mlt_lane[5].u_mlt/mul_stage_r_reg[5][11]_i_13/O[2]
                         net (fo=2, routed)           0.730     7.152    u_tile_core/u_datapath/gen_mlt_lane[5].u_mlt/mul_stage_r_reg[5][11]_i_13_n_5
    SLICE_X28Y39         LUT3 (Prop_lut3_I2_O)        0.330     7.482 r  u_tile_core/u_datapath/gen_mlt_lane[5].u_mlt/mul_stage_r[5][7]_i_2/O
                         net (fo=2, routed)           0.648     8.130    u_tile_core/u_datapath/gen_mlt_lane[5].u_mlt/mul_stage_r[5][7]_i_2_n_0
    SLICE_X28Y39         LUT4 (Prop_lut4_I3_O)        0.327     8.457 r  u_tile_core/u_datapath/gen_mlt_lane[5].u_mlt/mul_stage_r[5][7]_i_6/O
                         net (fo=1, routed)           0.000     8.457    u_tile_core/u_datapath/gen_mlt_lane[5].u_mlt/mul_stage_r[5][7]_i_6_n_0
    SLICE_X28Y39         CARRY4 (Prop_carry4_S[3]_CO[3])
                                                      0.401     8.858 r  u_tile_core/u_datapath/gen_mlt_lane[5].u_mlt/mul_stage_r_reg[5][7]_i_1/CO[3]
                         net (fo=1, routed)           0.000     8.858    u_tile_core/u_datapath/gen_mlt_lane[5].u_mlt/mul_stage_r_reg[5][7]_i_1_n_0
    SLICE_X28Y40         CARRY4 (Prop_carry4_CI_CO[3])
                                                      0.114     8.972 r  u_tile_core/u_datapath/gen_mlt_lane[5].u_mlt/mul_stage_r_reg[5][11]_i_1/CO[3]
                         net (fo=1, routed)           0.000     8.972    u_tile_core/u_datapath/gen_mlt_lane[5].u_mlt/mul_stage_r_reg[5][11]_i_1_n_0
    SLICE_X28Y41         CARRY4 (Prop_carry4_CI_O[3])
                                                      0.313     9.285 r  u_tile_core/u_datapath/gen_mlt_lane[5].u_mlt/mul_stage_r_reg[5][15]_i_1/O[3]
                         net (fo=1, routed)           0.000     9.285    u_tile_core/u_datapath/gen_mlt_lane[5].u_mlt_n_0
    SLICE_X28Y41         FDCE                                         r  u_tile_core/u_datapath/mul_stage_r_reg[5][15]/D
  -------------------------------------------------------------------    -------------------

                         (clock aclk rise edge)      10.000    10.000 r  
                                                      0.000    10.000 r  aclk (IN)
                         net (fo=939, unset)          0.924    10.924    u_tile_core/u_datapath/aclk
    SLICE_X28Y41         FDCE                                         r  u_tile_core/u_datapath/mul_stage_r_reg[5][15]/C
                         clock pessimism              0.000    10.924    
                         clock uncertainty           -0.235    10.689    
    SLICE_X28Y41         FDCE (Setup_fdce_C_D)        0.062    10.751    u_tile_core/u_datapath/mul_stage_r_reg[5][15]
  -------------------------------------------------------------------
                         required time                         10.751    
                         arrival time                          -9.285    
  -------------------------------------------------------------------
                         slack                                  1.466    

Slack (MET) :             1.473ns  (required time - arrival time)
  Source:                 u_tile_core/u_weight_mem/gen_weight_bram_lane[3].mem_r_reg/CLKBWRCLK
                            (rising edge-triggered cell RAMB18E1 clocked by aclk  {rise@0.000ns fall@5.000ns period=10.000ns})
  Destination:            u_tile_core/u_datapath/mul_stage_r_reg[3][15]/D
                            (rising edge-triggered cell FDCE clocked by aclk  {rise@0.000ns fall@5.000ns period=10.000ns})
  Path Group:             aclk
  Path Type:              Setup (Max at Slow Process Corner)
  Requirement:            10.000ns  (aclk rise@10.000ns - aclk rise@0.000ns)
  Data Path Delay:        8.305ns  (logic 5.022ns (60.467%)  route 3.283ns (39.533%))
  Logic Levels:           8  (CARRY4=4 LUT2=1 LUT3=1 LUT4=1 LUT6=1)
  Clock Path Skew:        -0.049ns (DCD - SCD + CPR)
    Destination Clock Delay (DCD):    0.924ns = ( 10.924 - 10.000 ) 
    Source Clock Delay      (SCD):    0.973ns
    Clock Pessimism Removal (CPR):    0.000ns
  Clock Uncertainty:      0.235ns  ((TSJ^2 + TIJ^2)^1/2 + DJ) / 2 + PE + UU
    Total System Jitter     (TSJ):    0.071ns
    Total Input Jitter      (TIJ):    0.000ns
    Discrete Jitter          (DJ):    0.000ns
    Phase Error              (PE):    0.000ns
    User Uncertainty         (UU):    0.200ns

    Location             Delay type                Incr(ns)  Path(ns)    Netlist Resource(s)
  -------------------------------------------------------------------    -------------------
                         (clock aclk rise edge)       0.000     0.000 r  
                                                      0.000     0.000 r  aclk (IN)
                         net (fo=939, unset)          0.973     0.973    u_tile_core/u_weight_mem/aclk
    RAMB18_X0Y12         RAMB18E1                                     r  u_tile_core/u_weight_mem/gen_weight_bram_lane[3].mem_r_reg/CLKBWRCLK
  -------------------------------------------------------------------    -------------------
    RAMB18_X0Y12         RAMB18E1 (Prop_ramb18e1_CLKBWRCLK_DOBDO[3])
                                                      2.454     3.427 f  u_tile_core/u_weight_mem/gen_weight_bram_lane[3].mem_r_reg/DOBDO[3]
                         net (fo=16, routed)          1.396     4.823    u_tile_core/u_datapath/gen_mlt_lane[3].u_mlt/weight_window_w[3]
    SLICE_X16Y31         LUT2 (Prop_lut2_I1_O)        0.148     4.971 r  u_tile_core/u_datapath/gen_mlt_lane[3].u_mlt/mul_stage_r[3][3]_i_10/O
                         net (fo=1, routed)           0.422     5.393    u_tile_core/u_window_generator/mul_stage_r_reg[3][3]_i_2
    SLICE_X18Y31         LUT6 (Prop_lut6_I1_O)        0.328     5.721 r  u_tile_core/u_window_generator/mul_stage_r[3][3]_i_6/O
                         net (fo=1, routed)           0.000     5.721    u_tile_core/u_datapath/gen_mlt_lane[3].u_mlt/mul_stage_r_reg[3][3][3]
    SLICE_X18Y31         CARRY4 (Prop_carry4_S[3]_CO[3])
                                                      0.376     6.097 r  u_tile_core/u_datapath/gen_mlt_lane[3].u_mlt/mul_stage_r_reg[3][3]_i_2/CO[3]
                         net (fo=1, routed)           0.000     6.097    u_tile_core/u_datapath/gen_mlt_lane[3].u_mlt/mul_stage_r_reg[3][3]_i_2_n_0
    SLICE_X18Y32         CARRY4 (Prop_carry4_CI_O[0])
                                                      0.219     6.316 r  u_tile_core/u_datapath/gen_mlt_lane[3].u_mlt/mul_stage_r_reg[3][11]_i_10/O[0]
                         net (fo=2, routed)           0.649     6.964    u_tile_core/u_datapath/gen_mlt_lane[3].u_mlt/mul_stage_r_reg[3][11]_i_10_n_7
    SLICE_X19Y31         LUT3 (Prop_lut3_I1_O)        0.320     7.284 r  u_tile_core/u_datapath/gen_mlt_lane[3].u_mlt/mul_stage_r[3][11]_i_5/O
                         net (fo=2, routed)           0.817     8.101    u_tile_core/u_datapath/gen_mlt_lane[3].u_mlt/mul_stage_r[3][11]_i_5_n_0
    SLICE_X19Y32         LUT4 (Prop_lut4_I3_O)        0.332     8.433 r  u_tile_core/u_datapath/gen_mlt_lane[3].u_mlt/mul_stage_r[3][11]_i_9/O
                         net (fo=1, routed)           0.000     8.433    u_tile_core/u_datapath/gen_mlt_lane[3].u_mlt/mul_stage_r[3][11]_i_9_n_0
    SLICE_X19Y32         CARRY4 (Prop_carry4_S[0]_CO[3])
                                                      0.532     8.965 r  u_tile_core/u_datapath/gen_mlt_lane[3].u_mlt/mul_stage_r_reg[3][11]_i_1/CO[3]
                         net (fo=1, routed)           0.000     8.965    u_tile_core/u_datapath/gen_mlt_lane[3].u_mlt/mul_stage_r_reg[3][11]_i_1_n_0
    SLICE_X19Y33         CARRY4 (Prop_carry4_CI_O[3])
                                                      0.313     9.278 r  u_tile_core/u_datapath/gen_mlt_lane[3].u_mlt/mul_stage_r_reg[3][15]_i_1/O[3]
                         net (fo=1, routed)           0.000     9.278    u_tile_core/u_datapath/gen_mlt_lane[3].u_mlt_n_0
    SLICE_X19Y33         FDCE                                         r  u_tile_core/u_datapath/mul_stage_r_reg[3][15]/D
  -------------------------------------------------------------------    -------------------

                         (clock aclk rise edge)      10.000    10.000 r  
                                                      0.000    10.000 r  aclk (IN)
                         net (fo=939, unset)          0.924    10.924    u_tile_core/u_datapath/aclk
    SLICE_X19Y33         FDCE                                         r  u_tile_core/u_datapath/mul_stage_r_reg[3][15]/C
                         clock pessimism              0.000    10.924    
                         clock uncertainty           -0.235    10.689    
    SLICE_X19Y33         FDCE (Setup_fdce_C_D)        0.062    10.751    u_tile_core/u_datapath/mul_stage_r_reg[3][15]
  -------------------------------------------------------------------
                         required time                         10.751    
                         arrival time                          -9.278    
  -------------------------------------------------------------------
                         slack                                  1.473    

Slack (MET) :             1.478ns  (required time - arrival time)
  Source:                 u_tile_core/u_weight_mem/gen_weight_bram_lane[1].mem_r_reg/CLKBWRCLK
                            (rising edge-triggered cell RAMB18E1 clocked by aclk  {rise@0.000ns fall@5.000ns period=10.000ns})
  Destination:            u_tile_core/u_datapath/mul_stage_r_reg[1][11]/D
                            (rising edge-triggered cell FDCE clocked by aclk  {rise@0.000ns fall@5.000ns period=10.000ns})
  Path Group:             aclk
  Path Type:              Setup (Max at Slow Process Corner)
  Requirement:            10.000ns  (aclk rise@10.000ns - aclk rise@0.000ns)
  Data Path Delay:        8.300ns  (logic 4.765ns (57.409%)  route 3.535ns (42.591%))
  Logic Levels:           7  (CARRY4=3 LUT3=1 LUT4=1 LUT6=2)
  Clock Path Skew:        -0.049ns (DCD - SCD + CPR)
    Destination Clock Delay (DCD):    0.924ns = ( 10.924 - 10.000 ) 
    Source Clock Delay      (SCD):    0.973ns
    Clock Pessimism Removal (CPR):    0.000ns
  Clock Uncertainty:      0.235ns  ((TSJ^2 + TIJ^2)^1/2 + DJ) / 2 + PE + UU
    Total System Jitter     (TSJ):    0.071ns
    Total Input Jitter      (TIJ):    0.000ns
    Discrete Jitter          (DJ):    0.000ns
    Phase Error              (PE):    0.000ns
    User Uncertainty         (UU):    0.200ns

    Location             Delay type                Incr(ns)  Path(ns)    Netlist Resource(s)
  -------------------------------------------------------------------    -------------------
                         (clock aclk rise edge)       0.000     0.000 r  
                                                      0.000     0.000 r  aclk (IN)
                         net (fo=939, unset)          0.973     0.973    u_tile_core/u_weight_mem/aclk
    RAMB18_X1Y15         RAMB18E1                                     r  u_tile_core/u_weight_mem/gen_weight_bram_lane[1].mem_r_reg/CLKBWRCLK
  -------------------------------------------------------------------    -------------------
    RAMB18_X1Y15         RAMB18E1 (Prop_ramb18e1_CLKBWRCLK_DOBDO[2])
                                                      2.454     3.427 r  u_tile_core/u_weight_mem/gen_weight_bram_lane[1].mem_r_reg/DOBDO[2]
                         net (fo=16, routed)          1.340     4.767    u_tile_core/u_datapath/gen_mlt_lane[1].u_mlt/weight_window_w[2]
    SLICE_X20Y40         LUT6 (Prop_lut6_I0_O)        0.124     4.891 r  u_tile_core/u_datapath/gen_mlt_lane[1].u_mlt/mul_stage_r[1][11]_i_35/O
                         net (fo=2, routed)           0.607     5.497    u_tile_core/u_weight_mem/mul_stage_r_reg[1][11]_i_13[1]
    SLICE_X21Y39         LUT6 (Prop_lut6_I0_O)        0.124     5.621 r  u_tile_core/u_weight_mem/mul_stage_r[1][11]_i_39/O
                         net (fo=1, routed)           0.000     5.621    u_tile_core/u_datapath/gen_mlt_lane[1].u_mlt/mul_stage_r[1][7]_i_9_0[1]
    SLICE_X21Y39         CARRY4 (Prop_carry4_S[1]_CO[3])
                                                      0.550     6.171 r  u_tile_core/u_datapath/gen_mlt_lane[1].u_mlt/mul_stage_r_reg[1][11]_i_13/CO[3]
                         net (fo=1, routed)           0.000     6.171    u_tile_core/u_datapath/gen_mlt_lane[1].u_mlt/mul_stage_r_reg[1][11]_i_13_n_0
    SLICE_X21Y40         CARRY4 (Prop_carry4_CI_O[0])
                                                      0.222     6.393 r  u_tile_core/u_datapath/gen_mlt_lane[1].u_mlt/mul_stage_r_reg[1][11]_i_11/O[0]
                         net (fo=2, routed)           0.923     7.316    u_tile_core/u_datapath/gen_mlt_lane[1].u_mlt/mul_stage_r_reg[1][11]_i_11_n_7
    SLICE_X21Y36         LUT3 (Prop_lut3_I2_O)        0.325     7.641 r  u_tile_core/u_datapath/gen_mlt_lane[1].u_mlt/mul_stage_r[1][11]_i_4/O
                         net (fo=2, routed)           0.666     8.307    u_tile_core/u_datapath/gen_mlt_lane[1].u_mlt/mul_stage_r[1][11]_i_4_n_0
    SLICE_X21Y36         LUT4 (Prop_lut4_I3_O)        0.326     8.633 r  u_tile_core/u_datapath/gen_mlt_lane[1].u_mlt/mul_stage_r[1][11]_i_8/O
                         net (fo=1, routed)           0.000     8.633    u_tile_core/u_datapath/gen_mlt_lane[1].u_mlt/mul_stage_r[1][11]_i_8_n_0
    SLICE_X21Y36         CARRY4 (Prop_carry4_S[1]_O[3])
                                                      0.640     9.273 r  u_tile_core/u_datapath/gen_mlt_lane[1].u_mlt/mul_stage_r_reg[1][11]_i_1/O[3]
                         net (fo=1, routed)           0.000     9.273    u_tile_core/u_datapath/gen_mlt_lane[1].u_mlt_n_4
    SLICE_X21Y36         FDCE                                         r  u_tile_core/u_datapath/mul_stage_r_reg[1][11]/D
  -------------------------------------------------------------------    -------------------

                         (clock aclk rise edge)      10.000    10.000 r  
                                                      0.000    10.000 r  aclk (IN)
                         net (fo=939, unset)          0.924    10.924    u_tile_core/u_datapath/aclk
    SLICE_X21Y36         FDCE                                         r  u_tile_core/u_datapath/mul_stage_r_reg[1][11]/C
                         clock pessimism              0.000    10.924    
                         clock uncertainty           -0.235    10.689    
    SLICE_X21Y36         FDCE (Setup_fdce_C_D)        0.062    10.751    u_tile_core/u_datapath/mul_stage_r_reg[1][11]
  -------------------------------------------------------------------
                         required time                         10.751    
                         arrival time                          -9.273    
  -------------------------------------------------------------------
                         slack                                  1.478    

Slack (MET) :             1.484ns  (required time - arrival time)
  Source:                 u_tile_core/u_weight_mem/gen_weight_bram_lane[8].mem_r_reg/CLKBWRCLK
                            (rising edge-triggered cell RAMB18E1 clocked by aclk  {rise@0.000ns fall@5.000ns period=10.000ns})
  Destination:            u_tile_core/u_datapath/mul_stage_r_reg[8][14]/D
                            (rising edge-triggered cell FDCE clocked by aclk  {rise@0.000ns fall@5.000ns period=10.000ns})
  Path Group:             aclk
  Path Type:              Setup (Max at Slow Process Corner)
  Requirement:            10.000ns  (aclk rise@10.000ns - aclk rise@0.000ns)
  Data Path Delay:        8.294ns  (logic 5.119ns (61.721%)  route 3.175ns (38.279%))
  Logic Levels:           8  (CARRY4=4 LUT2=1 LUT3=1 LUT4=1 LUT6=1)
  Clock Path Skew:        -0.049ns (DCD - SCD + CPR)
    Destination Clock Delay (DCD):    0.924ns = ( 10.924 - 10.000 ) 
    Source Clock Delay      (SCD):    0.973ns
    Clock Pessimism Removal (CPR):    0.000ns
  Clock Uncertainty:      0.235ns  ((TSJ^2 + TIJ^2)^1/2 + DJ) / 2 + PE + UU
    Total System Jitter     (TSJ):    0.071ns
    Total Input Jitter      (TIJ):    0.000ns
    Discrete Jitter          (DJ):    0.000ns
    Phase Error              (PE):    0.000ns
    User Uncertainty         (UU):    0.200ns

    Location             Delay type                Incr(ns)  Path(ns)    Netlist Resource(s)
  -------------------------------------------------------------------    -------------------
                         (clock aclk rise edge)       0.000     0.000 r  
                                                      0.000     0.000 r  aclk (IN)
                         net (fo=939, unset)          0.973     0.973    u_tile_core/u_weight_mem/aclk
    RAMB18_X1Y14         RAMB18E1                                     r  u_tile_core/u_weight_mem/gen_weight_bram_lane[8].mem_r_reg/CLKBWRCLK
  -------------------------------------------------------------------    -------------------
    RAMB18_X1Y14         RAMB18E1 (Prop_ramb18e1_CLKBWRCLK_DOBDO[3])
                                                      2.454     3.427 f  u_tile_core/u_weight_mem/gen_weight_bram_lane[8].mem_r_reg/DOBDO[3]
                         net (fo=16, routed)          1.320     4.747    u_tile_core/u_datapath/gen_mlt_lane[8].u_mlt/weight_window_w[3]
    SLICE_X31Y36         LUT2 (Prop_lut2_I1_O)        0.152     4.899 r  u_tile_core/u_datapath/gen_mlt_lane[8].u_mlt/mul_stage_r[8][3]_i_10/O
                         net (fo=1, routed)           0.563     5.462    u_tile_core/u_window_generator/mul_stage_r_reg[8][3]_i_2
    SLICE_X28Y35         LUT6 (Prop_lut6_I1_O)        0.332     5.794 r  u_tile_core/u_window_generator/mul_stage_r[8][3]_i_6/O
                         net (fo=1, routed)           0.000     5.794    u_tile_core/u_datapath/gen_mlt_lane[8].u_mlt/mul_stage_r_reg[8][3][3]
    SLICE_X28Y35         CARRY4 (Prop_carry4_S[3]_CO[3])
                                                      0.401     6.195 r  u_tile_core/u_datapath/gen_mlt_lane[8].u_mlt/mul_stage_r_reg[8][3]_i_2/CO[3]
                         net (fo=1, routed)           0.000     6.195    u_tile_core/u_datapath/gen_mlt_lane[8].u_mlt/mul_stage_r_reg[8][3]_i_2_n_0
    SLICE_X28Y36         CARRY4 (Prop_carry4_CI_O[1])
                                                      0.334     6.529 r  u_tile_core/u_datapath/gen_mlt_lane[8].u_mlt/mul_stage_r_reg[8][11]_i_10/O[1]
                         net (fo=2, routed)           0.823     7.352    u_tile_core/u_datapath/gen_mlt_lane[8].u_mlt/mul_stage_r_reg[8][11]_i_10_n_6
    SLICE_X27Y36         LUT3 (Prop_lut3_I1_O)        0.331     7.683 r  u_tile_core/u_datapath/gen_mlt_lane[8].u_mlt/mul_stage_r[8][11]_i_4/O
                         net (fo=2, routed)           0.469     8.152    u_tile_core/u_datapath/gen_mlt_lane[8].u_mlt/mul_stage_r[8][11]_i_4_n_0
    SLICE_X27Y36         LUT4 (Prop_lut4_I3_O)        0.326     8.478 r  u_tile_core/u_datapath/gen_mlt_lane[8].u_mlt/mul_stage_r[8][11]_i_8/O
                         net (fo=1, routed)           0.000     8.478    u_tile_core/u_datapath/gen_mlt_lane[8].u_mlt/mul_stage_r[8][11]_i_8_n_0
    SLICE_X27Y36         CARRY4 (Prop_carry4_S[1]_CO[3])
                                                      0.550     9.028 r  u_tile_core/u_datapath/gen_mlt_lane[8].u_mlt/mul_stage_r_reg[8][11]_i_1/CO[3]
                         net (fo=1, routed)           0.000     9.028    u_tile_core/u_datapath/gen_mlt_lane[8].u_mlt/mul_stage_r_reg[8][11]_i_1_n_0
    SLICE_X27Y37         CARRY4 (Prop_carry4_CI_O[2])
                                                      0.239     9.267 r  u_tile_core/u_datapath/gen_mlt_lane[8].u_mlt/mul_stage_r_reg[8][15]_i_1/O[2]
                         net (fo=1, routed)           0.000     9.267    u_tile_core/u_datapath/gen_mlt_lane[8].u_mlt_n_1
    SLICE_X27Y37         FDCE                                         r  u_tile_core/u_datapath/mul_stage_r_reg[8][14]/D
  -------------------------------------------------------------------    -------------------

                         (clock aclk rise edge)      10.000    10.000 r  
                                                      0.000    10.000 r  aclk (IN)
                         net (fo=939, unset)          0.924    10.924    u_tile_core/u_datapath/aclk
    SLICE_X27Y37         FDCE                                         r  u_tile_core/u_datapath/mul_stage_r_reg[8][14]/C
                         clock pessimism              0.000    10.924    
                         clock uncertainty           -0.235    10.689    
    SLICE_X27Y37         FDCE (Setup_fdce_C_D)        0.062    10.751    u_tile_core/u_datapath/mul_stage_r_reg[8][14]
  -------------------------------------------------------------------
                         required time                         10.751    
                         arrival time                          -9.267    
  -------------------------------------------------------------------
                         slack                                  1.484    

Slack (MET) :             1.500ns  (required time - arrival time)
  Source:                 u_tile_core/u_weight_mem/gen_weight_bram_lane[8].mem_r_reg/CLKBWRCLK
                            (rising edge-triggered cell RAMB18E1 clocked by aclk  {rise@0.000ns fall@5.000ns period=10.000ns})
  Destination:            u_tile_core/u_datapath/mul_stage_r_reg[8][12]/D
                            (rising edge-triggered cell FDCE clocked by aclk  {rise@0.000ns fall@5.000ns period=10.000ns})
  Path Group:             aclk
  Path Type:              Setup (Max at Slow Process Corner)
  Requirement:            10.000ns  (aclk rise@10.000ns - aclk rise@0.000ns)
  Data Path Delay:        8.278ns  (logic 5.103ns (61.647%)  route 3.175ns (38.353%))
  Logic Levels:           8  (CARRY4=4 LUT2=1 LUT3=1 LUT4=1 LUT6=1)
  Clock Path Skew:        -0.049ns (DCD - SCD + CPR)
    Destination Clock Delay (DCD):    0.924ns = ( 10.924 - 10.000 ) 
    Source Clock Delay      (SCD):    0.973ns
    Clock Pessimism Removal (CPR):    0.000ns
  Clock Uncertainty:      0.235ns  ((TSJ^2 + TIJ^2)^1/2 + DJ) / 2 + PE + UU
    Total System Jitter     (TSJ):    0.071ns
    Total Input Jitter      (TIJ):    0.000ns
    Discrete Jitter          (DJ):    0.000ns
    Phase Error              (PE):    0.000ns
    User Uncertainty         (UU):    0.200ns

    Location             Delay type                Incr(ns)  Path(ns)    Netlist Resource(s)
  -------------------------------------------------------------------    -------------------
                         (clock aclk rise edge)       0.000     0.000 r  
                                                      0.000     0.000 r  aclk (IN)
                         net (fo=939, unset)          0.973     0.973    u_tile_core/u_weight_mem/aclk
    RAMB18_X1Y14         RAMB18E1                                     r  u_tile_core/u_weight_mem/gen_weight_bram_lane[8].mem_r_reg/CLKBWRCLK
  -------------------------------------------------------------------    -------------------
    RAMB18_X1Y14         RAMB18E1 (Prop_ramb18e1_CLKBWRCLK_DOBDO[3])
                                                      2.454     3.427 f  u_tile_core/u_weight_mem/gen_weight_bram_lane[8].mem_r_reg/DOBDO[3]
                         net (fo=16, routed)          1.320     4.747    u_tile_core/u_datapath/gen_mlt_lane[8].u_mlt/weight_window_w[3]
    SLICE_X31Y36         LUT2 (Prop_lut2_I1_O)        0.152     4.899 r  u_tile_core/u_datapath/gen_mlt_lane[8].u_mlt/mul_stage_r[8][3]_i_10/O
                         net (fo=1, routed)           0.563     5.462    u_tile_core/u_window_generator/mul_stage_r_reg[8][3]_i_2
    SLICE_X28Y35         LUT6 (Prop_lut6_I1_O)        0.332     5.794 r  u_tile_core/u_window_generator/mul_stage_r[8][3]_i_6/O
                         net (fo=1, routed)           0.000     5.794    u_tile_core/u_datapath/gen_mlt_lane[8].u_mlt/mul_stage_r_reg[8][3][3]
    SLICE_X28Y35         CARRY4 (Prop_carry4_S[3]_CO[3])
                                                      0.401     6.195 r  u_tile_core/u_datapath/gen_mlt_lane[8].u_mlt/mul_stage_r_reg[8][3]_i_2/CO[3]
                         net (fo=1, routed)           0.000     6.195    u_tile_core/u_datapath/gen_mlt_lane[8].u_mlt/mul_stage_r_reg[8][3]_i_2_n_0
    SLICE_X28Y36         CARRY4 (Prop_carry4_CI_O[1])
                                                      0.334     6.529 r  u_tile_core/u_datapath/gen_mlt_lane[8].u_mlt/mul_stage_r_reg[8][11]_i_10/O[1]
                         net (fo=2, routed)           0.823     7.352    u_tile_core/u_datapath/gen_mlt_lane[8].u_mlt/mul_stage_r_reg[8][11]_i_10_n_6
    SLICE_X27Y36         LUT3 (Prop_lut3_I1_O)        0.331     7.683 r  u_tile_core/u_datapath/gen_mlt_lane[8].u_mlt/mul_stage_r[8][11]_i_4/O
                         net (fo=2, routed)           0.469     8.152    u_tile_core/u_datapath/gen_mlt_lane[8].u_mlt/mul_stage_r[8][11]_i_4_n_0
    SLICE_X27Y36         LUT4 (Prop_lut4_I3_O)        0.326     8.478 r  u_tile_core/u_datapath/gen_mlt_lane[8].u_mlt/mul_stage_r[8][11]_i_8/O
                         net (fo=1, routed)           0.000     8.478    u_tile_core/u_datapath/gen_mlt_lane[8].u_mlt/mul_stage_r[8][11]_i_8_n_0
    SLICE_X27Y36         CARRY4 (Prop_carry4_S[1]_CO[3])
                                                      0.550     9.028 r  u_tile_core/u_datapath/gen_mlt_lane[8].u_mlt/mul_stage_r_reg[8][11]_i_1/CO[3]
                         net (fo=1, routed)           0.000     9.028    u_tile_core/u_datapath/gen_mlt_lane[8].u_mlt/mul_stage_r_reg[8][11]_i_1_n_0
    SLICE_X27Y37         CARRY4 (Prop_carry4_CI_O[0])
                                                      0.223     9.251 r  u_tile_core/u_datapath/gen_mlt_lane[8].u_mlt/mul_stage_r_reg[8][15]_i_1/O[0]
                         net (fo=1, routed)           0.000     9.251    u_tile_core/u_datapath/gen_mlt_lane[8].u_mlt_n_3
    SLICE_X27Y37         FDCE                                         r  u_tile_core/u_datapath/mul_stage_r_reg[8][12]/D
  -------------------------------------------------------------------    -------------------

                         (clock aclk rise edge)      10.000    10.000 r  
                                                      0.000    10.000 r  aclk (IN)
                         net (fo=939, unset)          0.924    10.924    u_tile_core/u_datapath/aclk
    SLICE_X27Y37         FDCE                                         r  u_tile_core/u_datapath/mul_stage_r_reg[8][12]/C
                         clock pessimism              0.000    10.924    
                         clock uncertainty           -0.235    10.689    
    SLICE_X27Y37         FDCE (Setup_fdce_C_D)        0.062    10.751    u_tile_core/u_datapath/mul_stage_r_reg[8][12]
  -------------------------------------------------------------------
                         required time                         10.751    
                         arrival time                          -9.251    
  -------------------------------------------------------------------
                         slack                                  1.500    

Slack (MET) :             1.525ns  (required time - arrival time)
  Source:                 u_tile_core/u_weight_mem/gen_weight_bram_lane[2].mem_r_reg/CLKBWRCLK
                            (rising edge-triggered cell RAMB18E1 clocked by aclk  {rise@0.000ns fall@5.000ns period=10.000ns})
  Destination:            u_tile_core/u_datapath/mul_stage_r_reg[2][14]/D
                            (rising edge-triggered cell FDCE clocked by aclk  {rise@0.000ns fall@5.000ns period=10.000ns})
  Path Group:             aclk
  Path Type:              Setup (Max at Slow Process Corner)
  Requirement:            10.000ns  (aclk rise@10.000ns - aclk rise@0.000ns)
  Data Path Delay:        8.253ns  (logic 4.776ns (57.871%)  route 3.477ns (42.129%))
  Logic Levels:           7  (CARRY4=3 LUT3=1 LUT4=1 LUT6=2)
  Clock Path Skew:        -0.049ns (DCD - SCD + CPR)
    Destination Clock Delay (DCD):    0.924ns = ( 10.924 - 10.000 ) 
    Source Clock Delay      (SCD):    0.973ns
    Clock Pessimism Removal (CPR):    0.000ns
  Clock Uncertainty:      0.235ns  ((TSJ^2 + TIJ^2)^1/2 + DJ) / 2 + PE + UU
    Total System Jitter     (TSJ):    0.071ns
    Total Input Jitter      (TIJ):    0.000ns
    Discrete Jitter          (DJ):    0.000ns
    Phase Error              (PE):    0.000ns
    User Uncertainty         (UU):    0.200ns

    Location             Delay type                Incr(ns)  Path(ns)    Netlist Resource(s)
  -------------------------------------------------------------------    -------------------
                         (clock aclk rise edge)       0.000     0.000 r  
                                                      0.000     0.000 r  aclk (IN)
                         net (fo=939, unset)          0.973     0.973    u_tile_core/u_weight_mem/aclk
    RAMB18_X0Y14         RAMB18E1                                     r  u_tile_core/u_weight_mem/gen_weight_bram_lane[2].mem_r_reg/CLKBWRCLK
  -------------------------------------------------------------------    -------------------
    RAMB18_X0Y14         RAMB18E1 (Prop_ramb18e1_CLKBWRCLK_DOBDO[1])
                                                      2.454     3.427 r  u_tile_core/u_weight_mem/gen_weight_bram_lane[2].mem_r_reg/DOBDO[1]
                         net (fo=17, routed)          1.464     4.891    u_tile_core/u_datapath/gen_mlt_lane[2].u_mlt/weight_window_w[1]
    SLICE_X14Y37         LUT6 (Prop_lut6_I2_O)        0.124     5.015 r  u_tile_core/u_datapath/gen_mlt_lane[2].u_mlt/mul_stage_r[2][11]_i_35/O
                         net (fo=2, routed)           0.558     5.573    u_tile_core/u_weight_mem/mul_stage_r_reg[2][11]_i_13[1]
    SLICE_X15Y36         LUT6 (Prop_lut6_I0_O)        0.124     5.697 r  u_tile_core/u_weight_mem/mul_stage_r[2][11]_i_39/O
                         net (fo=1, routed)           0.000     5.697    u_tile_core/u_datapath/gen_mlt_lane[2].u_mlt/mul_stage_r[2][7]_i_9_0[1]
    SLICE_X15Y36         CARRY4 (Prop_carry4_S[1]_O[3])
                                                      0.640     6.337 r  u_tile_core/u_datapath/gen_mlt_lane[2].u_mlt/mul_stage_r_reg[2][11]_i_13/O[3]
                         net (fo=2, routed)           0.645     6.982    u_tile_core/u_datapath/gen_mlt_lane[2].u_mlt/mul_stage_r_reg[2][11]_i_13_n_4
    SLICE_X17Y35         LUT3 (Prop_lut3_I2_O)        0.331     7.313 r  u_tile_core/u_datapath/gen_mlt_lane[2].u_mlt/mul_stage_r[2][11]_i_5/O
                         net (fo=2, routed)           0.810     8.123    u_tile_core/u_datapath/gen_mlt_lane[2].u_mlt/mul_stage_r[2][11]_i_5_n_0
    SLICE_X17Y36         LUT4 (Prop_lut4_I3_O)        0.332     8.455 r  u_tile_core/u_datapath/gen_mlt_lane[2].u_mlt/mul_stage_r[2][11]_i_9/O
                         net (fo=1, routed)           0.000     8.455    u_tile_core/u_datapath/gen_mlt_lane[2].u_mlt/mul_stage_r[2][11]_i_9_n_0
    SLICE_X17Y36         CARRY4 (Prop_carry4_S[0]_CO[3])
                                                      0.532     8.987 r  u_tile_core/u_datapath/gen_mlt_lane[2].u_mlt/mul_stage_r_reg[2][11]_i_1/CO[3]
                         net (fo=1, routed)           0.000     8.987    u_tile_core/u_datapath/gen_mlt_lane[2].u_mlt/mul_stage_r_reg[2][11]_i_1_n_0
    SLICE_X17Y37         CARRY4 (Prop_carry4_CI_O[2])
                                                      0.239     9.226 r  u_tile_core/u_datapath/gen_mlt_lane[2].u_mlt/mul_stage_r_reg[2][15]_i_1/O[2]
                         net (fo=1, routed)           0.000     9.226    u_tile_core/u_datapath/gen_mlt_lane[2].u_mlt_n_1
    SLICE_X17Y37         FDCE                                         r  u_tile_core/u_datapath/mul_stage_r_reg[2][14]/D
  -------------------------------------------------------------------    -------------------

                         (clock aclk rise edge)      10.000    10.000 r  
                                                      0.000    10.000 r  aclk (IN)
                         net (fo=939, unset)          0.924    10.924    u_tile_core/u_datapath/aclk
    SLICE_X17Y37         FDCE                                         r  u_tile_core/u_datapath/mul_stage_r_reg[2][14]/C
                         clock pessimism              0.000    10.924    
                         clock uncertainty           -0.235    10.689    
    SLICE_X17Y37         FDCE (Setup_fdce_C_D)        0.062    10.751    u_tile_core/u_datapath/mul_stage_r_reg[2][14]
  -------------------------------------------------------------------
                         required time                         10.751    
                         arrival time                          -9.226    
  -------------------------------------------------------------------
                         slack                                  1.525    

Slack (MET) :             1.538ns  (required time - arrival time)
  Source:                 u_tile_core/u_weight_mem/gen_weight_bram_lane[1].mem_r_reg/CLKBWRCLK
                            (rising edge-triggered cell RAMB18E1 clocked by aclk  {rise@0.000ns fall@5.000ns period=10.000ns})
  Destination:            u_tile_core/u_datapath/mul_stage_r_reg[1][10]/D
                            (rising edge-triggered cell FDCE clocked by aclk  {rise@0.000ns fall@5.000ns period=10.000ns})
  Path Group:             aclk
  Path Type:              Setup (Max at Slow Process Corner)
  Requirement:            10.000ns  (aclk rise@10.000ns - aclk rise@0.000ns)
  Data Path Delay:        8.240ns  (logic 4.705ns (57.099%)  route 3.535ns (42.901%))
  Logic Levels:           7  (CARRY4=3 LUT3=1 LUT4=1 LUT6=2)
  Clock Path Skew:        -0.049ns (DCD - SCD + CPR)
    Destination Clock Delay (DCD):    0.924ns = ( 10.924 - 10.000 ) 
    Source Clock Delay      (SCD):    0.973ns
    Clock Pessimism Removal (CPR):    0.000ns
  Clock Uncertainty:      0.235ns  ((TSJ^2 + TIJ^2)^1/2 + DJ) / 2 + PE + UU
    Total System Jitter     (TSJ):    0.071ns
    Total Input Jitter      (TIJ):    0.000ns
    Discrete Jitter          (DJ):    0.000ns
    Phase Error              (PE):    0.000ns
    User Uncertainty         (UU):    0.200ns

    Location             Delay type                Incr(ns)  Path(ns)    Netlist Resource(s)
  -------------------------------------------------------------------    -------------------
                         (clock aclk rise edge)       0.000     0.000 r  
                                                      0.000     0.000 r  aclk (IN)
                         net (fo=939, unset)          0.973     0.973    u_tile_core/u_weight_mem/aclk
    RAMB18_X1Y15         RAMB18E1                                     r  u_tile_core/u_weight_mem/gen_weight_bram_lane[1].mem_r_reg/CLKBWRCLK
  -------------------------------------------------------------------    -------------------
    RAMB18_X1Y15         RAMB18E1 (Prop_ramb18e1_CLKBWRCLK_DOBDO[2])
                                                      2.454     3.427 r  u_tile_core/u_weight_mem/gen_weight_bram_lane[1].mem_r_reg/DOBDO[2]
                         net (fo=16, routed)          1.340     4.767    u_tile_core/u_datapath/gen_mlt_lane[1].u_mlt/weight_window_w[2]
    SLICE_X20Y40         LUT6 (Prop_lut6_I0_O)        0.124     4.891 r  u_tile_core/u_datapath/gen_mlt_lane[1].u_mlt/mul_stage_r[1][11]_i_35/O
                         net (fo=2, routed)           0.607     5.497    u_tile_core/u_weight_mem/mul_stage_r_reg[1][11]_i_13[1]
    SLICE_X21Y39         LUT6 (Prop_lut6_I0_O)        0.124     5.621 r  u_tile_core/u_weight_mem/mul_stage_r[1][11]_i_39/O
                         net (fo=1, routed)           0.000     5.621    u_tile_core/u_datapath/gen_mlt_lane[1].u_mlt/mul_stage_r[1][7]_i_9_0[1]
    SLICE_X21Y39         CARRY4 (Prop_carry4_S[1]_CO[3])
                                                      0.550     6.171 r  u_tile_core/u_datapath/gen_mlt_lane[1].u_mlt/mul_stage_r_reg[1][11]_i_13/CO[3]
                         net (fo=1, routed)           0.000     6.171    u_tile_core/u_datapath/gen_mlt_lane[1].u_mlt/mul_stage_r_reg[1][11]_i_13_n_0
    SLICE_X21Y40         CARRY4 (Prop_carry4_CI_O[0])
                                                      0.222     6.393 r  u_tile_core/u_datapath/gen_mlt_lane[1].u_mlt/mul_stage_r_reg[1][11]_i_11/O[0]
                         net (fo=2, routed)           0.923     7.316    u_tile_core/u_datapath/gen_mlt_lane[1].u_mlt/mul_stage_r_reg[1][11]_i_11_n_7
    SLICE_X21Y36         LUT3 (Prop_lut3_I2_O)        0.325     7.641 r  u_tile_core/u_datapath/gen_mlt_lane[1].u_mlt/mul_stage_r[1][11]_i_4/O
                         net (fo=2, routed)           0.666     8.307    u_tile_core/u_datapath/gen_mlt_lane[1].u_mlt/mul_stage_r[1][11]_i_4_n_0
    SLICE_X21Y36         LUT4 (Prop_lut4_I3_O)        0.326     8.633 r  u_tile_core/u_datapath/gen_mlt_lane[1].u_mlt/mul_stage_r[1][11]_i_8/O
                         net (fo=1, routed)           0.000     8.633    u_tile_core/u_datapath/gen_mlt_lane[1].u_mlt/mul_stage_r[1][11]_i_8_n_0
    SLICE_X21Y36         CARRY4 (Prop_carry4_S[1]_O[2])
                                                      0.580     9.213 r  u_tile_core/u_datapath/gen_mlt_lane[1].u_mlt/mul_stage_r_reg[1][11]_i_1/O[2]
                         net (fo=1, routed)           0.000     9.213    u_tile_core/u_datapath/gen_mlt_lane[1].u_mlt_n_5
    SLICE_X21Y36         FDCE                                         r  u_tile_core/u_datapath/mul_stage_r_reg[1][10]/D
  -------------------------------------------------------------------    -------------------

                         (clock aclk rise edge)      10.000    10.000 r  
                                                      0.000    10.000 r  aclk (IN)
                         net (fo=939, unset)          0.924    10.924    u_tile_core/u_datapath/aclk
    SLICE_X21Y36         FDCE                                         r  u_tile_core/u_datapath/mul_stage_r_reg[1][10]/C
                         clock pessimism              0.000    10.924    
                         clock uncertainty           -0.235    10.689    
    SLICE_X21Y36         FDCE (Setup_fdce_C_D)        0.062    10.751    u_tile_core/u_datapath/mul_stage_r_reg[1][10]
  -------------------------------------------------------------------
                         required time                         10.751    
                         arrival time                          -9.213    
  -------------------------------------------------------------------
                         slack                                  1.538    

Slack (MET) :             1.540ns  (required time - arrival time)
  Source:                 u_tile_core/u_weight_mem/gen_weight_bram_lane[5].mem_r_reg/CLKBWRCLK
                            (rising edge-triggered cell RAMB18E1 clocked by aclk  {rise@0.000ns fall@5.000ns period=10.000ns})
  Destination:            u_tile_core/u_datapath/mul_stage_r_reg[5][14]/D
                            (rising edge-triggered cell FDCE clocked by aclk  {rise@0.000ns fall@5.000ns period=10.000ns})
  Path Group:             aclk
  Path Type:              Setup (Max at Slow Process Corner)
  Requirement:            10.000ns  (aclk rise@10.000ns - aclk rise@0.000ns)
  Data Path Delay:        8.238ns  (logic 4.624ns (56.129%)  route 3.614ns (43.872%))
  Logic Levels:           8  (CARRY4=5 LUT3=1 LUT4=1 LUT6=1)
  Clock Path Skew:        -0.049ns (DCD - SCD + CPR)
    Destination Clock Delay (DCD):    0.924ns = ( 10.924 - 10.000 ) 
    Source Clock Delay      (SCD):    0.973ns
    Clock Pessimism Removal (CPR):    0.000ns
  Clock Uncertainty:      0.235ns  ((TSJ^2 + TIJ^2)^1/2 + DJ) / 2 + PE + UU
    Total System Jitter     (TSJ):    0.071ns
    Total Input Jitter      (TIJ):    0.000ns
    Discrete Jitter          (DJ):    0.000ns
    Phase Error              (PE):    0.000ns
    User Uncertainty         (UU):    0.200ns

    Location             Delay type                Incr(ns)  Path(ns)    Netlist Resource(s)
  -------------------------------------------------------------------    -------------------
                         (clock aclk rise edge)       0.000     0.000 r  
                                                      0.000     0.000 r  aclk (IN)
                         net (fo=939, unset)          0.973     0.973    u_tile_core/u_weight_mem/aclk
    RAMB18_X1Y16         RAMB18E1                                     r  u_tile_core/u_weight_mem/gen_weight_bram_lane[5].mem_r_reg/CLKBWRCLK
  -------------------------------------------------------------------    -------------------
    RAMB18_X1Y16         RAMB18E1 (Prop_ramb18e1_CLKBWRCLK_DOBDO[2])
                                                      2.454     3.427 r  u_tile_core/u_weight_mem/gen_weight_bram_lane[5].mem_r_reg/DOBDO[2]
                         net (fo=16, routed)          1.539     4.966    u_tile_core/u_datapath/gen_mlt_lane[5].u_mlt/weight_window_w[2]
    SLICE_X32Y39         LUT6 (Prop_lut6_I2_O)        0.124     5.090 r  u_tile_core/u_datapath/gen_mlt_lane[5].u_mlt/mul_stage_r[5][2]_i_2/O
                         net (fo=1, routed)           0.697     5.787    u_tile_core/u_datapath/gen_mlt_lane[5].u_mlt/mul_stage_r[5][2]_i_2_n_0
    SLICE_X30Y40         CARRY4 (Prop_carry4_DI[3]_CO[3])
                                                      0.396     6.183 r  u_tile_core/u_datapath/gen_mlt_lane[5].u_mlt/mul_stage_r_reg[5][2]_i_1/CO[3]
                         net (fo=1, routed)           0.000     6.183    u_tile_core/u_datapath/gen_mlt_lane[5].u_mlt/mul_stage_r_reg[5][2]_i_1_n_0
    SLICE_X30Y41         CARRY4 (Prop_carry4_CI_O[2])
                                                      0.239     6.422 r  u_tile_core/u_datapath/gen_mlt_lane[5].u_mlt/mul_stage_r_reg[5][11]_i_13/O[2]
                         net (fo=2, routed)           0.730     7.152    u_tile_core/u_datapath/gen_mlt_lane[5].u_mlt/mul_stage_r_reg[5][11]_i_13_n_5
    SLICE_X28Y39         LUT3 (Prop_lut3_I2_O)        0.330     7.482 r  u_tile_core/u_datapath/gen_mlt_lane[5].u_mlt/mul_stage_r[5][7]_i_2/O
                         net (fo=2, routed)           0.648     8.130    u_tile_core/u_datapath/gen_mlt_lane[5].u_mlt/mul_stage_r[5][7]_i_2_n_0
    SLICE_X28Y39         LUT4 (Prop_lut4_I3_O)        0.327     8.457 r  u_tile_core/u_datapath/gen_mlt_lane[5].u_mlt/mul_stage_r[5][7]_i_6/O
                         net (fo=1, routed)           0.000     8.457    u_tile_core/u_datapath/gen_mlt_lane[5].u_mlt/mul_stage_r[5][7]_i_6_n_0
    SLICE_X28Y39         CARRY4 (Prop_carry4_S[3]_CO[3])
                                                      0.401     8.858 r  u_tile_core/u_datapath/gen_mlt_lane[5].u_mlt/mul_stage_r_reg[5][7]_i_1/CO[3]
                         net (fo=1, routed)           0.000     8.858    u_tile_core/u_datapath/gen_mlt_lane[5].u_mlt/mul_stage_r_reg[5][7]_i_1_n_0
    SLICE_X28Y40         CARRY4 (Prop_carry4_CI_CO[3])
                                                      0.114     8.972 r  u_tile_core/u_datapath/gen_mlt_lane[5].u_mlt/mul_stage_r_reg[5][11]_i_1/CO[3]
                         net (fo=1, routed)           0.000     8.972    u_tile_core/u_datapath/gen_mlt_lane[5].u_mlt/mul_stage_r_reg[5][11]_i_1_n_0
    SLICE_X28Y41         CARRY4 (Prop_carry4_CI_O[2])
                                                      0.239     9.211 r  u_tile_core/u_datapath/gen_mlt_lane[5].u_mlt/mul_stage_r_reg[5][15]_i_1/O[2]
                         net (fo=1, routed)           0.000     9.211    u_tile_core/u_datapath/gen_mlt_lane[5].u_mlt_n_1
    SLICE_X28Y41         FDCE                                         r  u_tile_core/u_datapath/mul_stage_r_reg[5][14]/D
  -------------------------------------------------------------------    -------------------

                         (clock aclk rise edge)      10.000    10.000 r  
                                                      0.000    10.000 r  aclk (IN)
                         net (fo=939, unset)          0.924    10.924    u_tile_core/u_datapath/aclk
    SLICE_X28Y41         FDCE                                         r  u_tile_core/u_datapath/mul_stage_r_reg[5][14]/C
                         clock pessimism              0.000    10.924    
                         clock uncertainty           -0.235    10.689    
    SLICE_X28Y41         FDCE (Setup_fdce_C_D)        0.062    10.751    u_tile_core/u_datapath/mul_stage_r_reg[5][14]
  -------------------------------------------------------------------
                         required time                         10.751    
                         arrival time                          -9.211    
  -------------------------------------------------------------------
                         slack                                  1.540    

Slack (MET) :             1.541ns  (required time - arrival time)
  Source:                 u_tile_core/u_weight_mem/gen_weight_bram_lane[2].mem_r_reg/CLKBWRCLK
                            (rising edge-triggered cell RAMB18E1 clocked by aclk  {rise@0.000ns fall@5.000ns period=10.000ns})
  Destination:            u_tile_core/u_datapath/mul_stage_r_reg[2][12]/D
                            (rising edge-triggered cell FDCE clocked by aclk  {rise@0.000ns fall@5.000ns period=10.000ns})
  Path Group:             aclk
  Path Type:              Setup (Max at Slow Process Corner)
  Requirement:            10.000ns  (aclk rise@10.000ns - aclk rise@0.000ns)
  Data Path Delay:        8.237ns  (logic 4.760ns (57.789%)  route 3.477ns (42.211%))
  Logic Levels:           7  (CARRY4=3 LUT3=1 LUT4=1 LUT6=2)
  Clock Path Skew:        -0.049ns (DCD - SCD + CPR)
    Destination Clock Delay (DCD):    0.924ns = ( 10.924 - 10.000 ) 
    Source Clock Delay      (SCD):    0.973ns
    Clock Pessimism Removal (CPR):    0.000ns
  Clock Uncertainty:      0.235ns  ((TSJ^2 + TIJ^2)^1/2 + DJ) / 2 + PE + UU
    Total System Jitter     (TSJ):    0.071ns
    Total Input Jitter      (TIJ):    0.000ns
    Discrete Jitter          (DJ):    0.000ns
    Phase Error              (PE):    0.000ns
    User Uncertainty         (UU):    0.200ns

    Location             Delay type                Incr(ns)  Path(ns)    Netlist Resource(s)
  -------------------------------------------------------------------    -------------------
                         (clock aclk rise edge)       0.000     0.000 r  
                                                      0.000     0.000 r  aclk (IN)
                         net (fo=939, unset)          0.973     0.973    u_tile_core/u_weight_mem/aclk
    RAMB18_X0Y14         RAMB18E1                                     r  u_tile_core/u_weight_mem/gen_weight_bram_lane[2].mem_r_reg/CLKBWRCLK
  -------------------------------------------------------------------    -------------------
    RAMB18_X0Y14         RAMB18E1 (Prop_ramb18e1_CLKBWRCLK_DOBDO[1])
                                                      2.454     3.427 r  u_tile_core/u_weight_mem/gen_weight_bram_lane[2].mem_r_reg/DOBDO[1]
                         net (fo=17, routed)          1.464     4.891    u_tile_core/u_datapath/gen_mlt_lane[2].u_mlt/weight_window_w[1]
    SLICE_X14Y37         LUT6 (Prop_lut6_I2_O)        0.124     5.015 r  u_tile_core/u_datapath/gen_mlt_lane[2].u_mlt/mul_stage_r[2][11]_i_35/O
                         net (fo=2, routed)           0.558     5.573    u_tile_core/u_weight_mem/mul_stage_r_reg[2][11]_i_13[1]
    SLICE_X15Y36         LUT6 (Prop_lut6_I0_O)        0.124     5.697 r  u_tile_core/u_weight_mem/mul_stage_r[2][11]_i_39/O
                         net (fo=1, routed)           0.000     5.697    u_tile_core/u_datapath/gen_mlt_lane[2].u_mlt/mul_stage_r[2][7]_i_9_0[1]
    SLICE_X15Y36         CARRY4 (Prop_carry4_S[1]_O[3])
                                                      0.640     6.337 r  u_tile_core/u_datapath/gen_mlt_lane[2].u_mlt/mul_stage_r_reg[2][11]_i_13/O[3]
                         net (fo=2, routed)           0.645     6.982    u_tile_core/u_datapath/gen_mlt_lane[2].u_mlt/mul_stage_r_reg[2][11]_i_13_n_4
    SLICE_X17Y35         LUT3 (Prop_lut3_I2_O)        0.331     7.313 r  u_tile_core/u_datapath/gen_mlt_lane[2].u_mlt/mul_stage_r[2][11]_i_5/O
                         net (fo=2, routed)           0.810     8.123    u_tile_core/u_datapath/gen_mlt_lane[2].u_mlt/mul_stage_r[2][11]_i_5_n_0
    SLICE_X17Y36         LUT4 (Prop_lut4_I3_O)        0.332     8.455 r  u_tile_core/u_datapath/gen_mlt_lane[2].u_mlt/mul_stage_r[2][11]_i_9/O
                         net (fo=1, routed)           0.000     8.455    u_tile_core/u_datapath/gen_mlt_lane[2].u_mlt/mul_stage_r[2][11]_i_9_n_0
    SLICE_X17Y36         CARRY4 (Prop_carry4_S[0]_CO[3])
                                                      0.532     8.987 r  u_tile_core/u_datapath/gen_mlt_lane[2].u_mlt/mul_stage_r_reg[2][11]_i_1/CO[3]
                         net (fo=1, routed)           0.000     8.987    u_tile_core/u_datapath/gen_mlt_lane[2].u_mlt/mul_stage_r_reg[2][11]_i_1_n_0
    SLICE_X17Y37         CARRY4 (Prop_carry4_CI_O[0])
                                                      0.223     9.210 r  u_tile_core/u_datapath/gen_mlt_lane[2].u_mlt/mul_stage_r_reg[2][15]_i_1/O[0]
                         net (fo=1, routed)           0.000     9.210    u_tile_core/u_datapath/gen_mlt_lane[2].u_mlt_n_3
    SLICE_X17Y37         FDCE                                         r  u_tile_core/u_datapath/mul_stage_r_reg[2][12]/D
  -------------------------------------------------------------------    -------------------

                         (clock aclk rise edge)      10.000    10.000 r  
                                                      0.000    10.000 r  aclk (IN)
                         net (fo=939, unset)          0.924    10.924    u_tile_core/u_datapath/aclk
    SLICE_X17Y37         FDCE                                         r  u_tile_core/u_datapath/mul_stage_r_reg[2][12]/C
                         clock pessimism              0.000    10.924    
                         clock uncertainty           -0.235    10.689    
    SLICE_X17Y37         FDCE (Setup_fdce_C_D)        0.062    10.751    u_tile_core/u_datapath/mul_stage_r_reg[2][12]
  -------------------------------------------------------------------
                         required time                         10.751    
                         arrival time                          -9.210    
  -------------------------------------------------------------------
                         slack                                  1.541    

Slack (MET) :             1.547ns  (required time - arrival time)
  Source:                 u_tile_core/u_weight_mem/gen_weight_bram_lane[3].mem_r_reg/CLKBWRCLK
                            (rising edge-triggered cell RAMB18E1 clocked by aclk  {rise@0.000ns fall@5.000ns period=10.000ns})
  Destination:            u_tile_core/u_datapath/mul_stage_r_reg[3][14]/D
                            (rising edge-triggered cell FDCE clocked by aclk  {rise@0.000ns fall@5.000ns period=10.000ns})
  Path Group:             aclk
  Path Type:              Setup (Max at Slow Process Corner)
  Requirement:            10.000ns  (aclk rise@10.000ns - aclk rise@0.000ns)
  Data Path Delay:        8.231ns  (logic 4.948ns (60.111%)  route 3.283ns (39.889%))
  Logic Levels:           8  (CARRY4=4 LUT2=1 LUT3=1 LUT4=1 LUT6=1)
  Clock Path Skew:        -0.049ns (DCD - SCD + CPR)
    Destination Clock Delay (DCD):    0.924ns = ( 10.924 - 10.000 ) 
    Source Clock Delay      (SCD):    0.973ns
    Clock Pessimism Removal (CPR):    0.000ns
  Clock Uncertainty:      0.235ns  ((TSJ^2 + TIJ^2)^1/2 + DJ) / 2 + PE + UU
    Total System Jitter     (TSJ):    0.071ns
    Total Input Jitter      (TIJ):    0.000ns
    Discrete Jitter          (DJ):    0.000ns
    Phase Error              (PE):    0.000ns
    User Uncertainty         (UU):    0.200ns

    Location             Delay type                Incr(ns)  Path(ns)    Netlist Resource(s)
  -------------------------------------------------------------------    -------------------
                         (clock aclk rise edge)       0.000     0.000 r  
                                                      0.000     0.000 r  aclk (IN)
                         net (fo=939, unset)          0.973     0.973    u_tile_core/u_weight_mem/aclk
    RAMB18_X0Y12         RAMB18E1                                     r  u_tile_core/u_weight_mem/gen_weight_bram_lane[3].mem_r_reg/CLKBWRCLK
  -------------------------------------------------------------------    -------------------
    RAMB18_X0Y12         RAMB18E1 (Prop_ramb18e1_CLKBWRCLK_DOBDO[3])
                                                      2.454     3.427 f  u_tile_core/u_weight_mem/gen_weight_bram_lane[3].mem_r_reg/DOBDO[3]
                         net (fo=16, routed)          1.396     4.823    u_tile_core/u_datapath/gen_mlt_lane[3].u_mlt/weight_window_w[3]
    SLICE_X16Y31         LUT2 (Prop_lut2_I1_O)        0.148     4.971 r  u_tile_core/u_datapath/gen_mlt_lane[3].u_mlt/mul_stage_r[3][3]_i_10/O
                         net (fo=1, routed)           0.422     5.393    u_tile_core/u_window_generator/mul_stage_r_reg[3][3]_i_2
    SLICE_X18Y31         LUT6 (Prop_lut6_I1_O)        0.328     5.721 r  u_tile_core/u_window_generator/mul_stage_r[3][3]_i_6/O
                         net (fo=1, routed)           0.000     5.721    u_tile_core/u_datapath/gen_mlt_lane[3].u_mlt/mul_stage_r_reg[3][3][3]
    SLICE_X18Y31         CARRY4 (Prop_carry4_S[3]_CO[3])
                                                      0.376     6.097 r  u_tile_core/u_datapath/gen_mlt_lane[3].u_mlt/mul_stage_r_reg[3][3]_i_2/CO[3]
                         net (fo=1, routed)           0.000     6.097    u_tile_core/u_datapath/gen_mlt_lane[3].u_mlt/mul_stage_r_reg[3][3]_i_2_n_0
    SLICE_X18Y32         CARRY4 (Prop_carry4_CI_O[0])
                                                      0.219     6.316 r  u_tile_core/u_datapath/gen_mlt_lane[3].u_mlt/mul_stage_r_reg[3][11]_i_10/O[0]
                         net (fo=2, routed)           0.649     6.964    u_tile_core/u_datapath/gen_mlt_lane[3].u_mlt/mul_stage_r_reg[3][11]_i_10_n_7
    SLICE_X19Y31         LUT3 (Prop_lut3_I1_O)        0.320     7.284 r  u_tile_core/u_datapath/gen_mlt_lane[3].u_mlt/mul_stage_r[3][11]_i_5/O
                         net (fo=2, routed)           0.817     8.101    u_tile_core/u_datapath/gen_mlt_lane[3].u_mlt/mul_stage_r[3][11]_i_5_n_0
    SLICE_X19Y32         LUT4 (Prop_lut4_I3_O)        0.332     8.433 r  u_tile_core/u_datapath/gen_mlt_lane[3].u_mlt/mul_stage_r[3][11]_i_9/O
                         net (fo=1, routed)           0.000     8.433    u_tile_core/u_datapath/gen_mlt_lane[3].u_mlt/mul_stage_r[3][11]_i_9_n_0
    SLICE_X19Y32         CARRY4 (Prop_carry4_S[0]_CO[3])
                                                      0.532     8.965 r  u_tile_core/u_datapath/gen_mlt_lane[3].u_mlt/mul_stage_r_reg[3][11]_i_1/CO[3]
                         net (fo=1, routed)           0.000     8.965    u_tile_core/u_datapath/gen_mlt_lane[3].u_mlt/mul_stage_r_reg[3][11]_i_1_n_0
    SLICE_X19Y33         CARRY4 (Prop_carry4_CI_O[2])
                                                      0.239     9.204 r  u_tile_core/u_datapath/gen_mlt_lane[3].u_mlt/mul_stage_r_reg[3][15]_i_1/O[2]
                         net (fo=1, routed)           0.000     9.204    u_tile_core/u_datapath/gen_mlt_lane[3].u_mlt_n_1
    SLICE_X19Y33         FDCE                                         r  u_tile_core/u_datapath/mul_stage_r_reg[3][14]/D
  -------------------------------------------------------------------    -------------------

                         (clock aclk rise edge)      10.000    10.000 r  
                                                      0.000    10.000 r  aclk (IN)
                         net (fo=939, unset)          0.924    10.924    u_tile_core/u_datapath/aclk
    SLICE_X19Y33         FDCE                                         r  u_tile_core/u_datapath/mul_stage_r_reg[3][14]/C
                         clock pessimism              0.000    10.924    
                         clock uncertainty           -0.235    10.689    
    SLICE_X19Y33         FDCE (Setup_fdce_C_D)        0.062    10.751    u_tile_core/u_datapath/mul_stage_r_reg[3][14]
  -------------------------------------------------------------------
                         required time                         10.751    
                         arrival time                          -9.204    
  -------------------------------------------------------------------
                         slack                                  1.547    





Min Delay Paths
--------------------------------------------------------------------------------------
Slack (MET) :             0.020ns  (arrival time - required time)
  Source:                 u_tile_core/u_input_loader/col_r_reg[0]/C
                            (rising edge-triggered cell FDCE clocked by aclk  {rise@0.000ns fall@5.000ns period=10.000ns})
  Destination:            u_tile_core/u_input_loader/col_r_reg[1]/D
                            (rising edge-triggered cell FDCE clocked by aclk  {rise@0.000ns fall@5.000ns period=10.000ns})
  Path Group:             aclk
  Path Type:              Hold (Min at Fast Process Corner)
  Requirement:            0.000ns  (aclk rise@0.000ns - aclk rise@0.000ns)
  Data Path Delay:        0.362ns  (logic 0.209ns (57.719%)  route 0.153ns (42.281%))
  Logic Levels:           1  (LUT6=1)
  Clock Path Skew:        0.022ns (DCD - SCD - CPR)
    Destination Clock Delay (DCD):    0.432ns
    Source Clock Delay      (SCD):    0.410ns
    Clock Pessimism Removal (CPR):    -0.000ns
  Clock Uncertainty:      0.200ns  ((TSJ^2 + TIJ^2)^1/2 + DJ) / 2 + PE + UU
    Total System Jitter     (TSJ):    0.000ns
    Total Input Jitter      (TIJ):    0.000ns
    Discrete Jitter          (DJ):    0.000ns
    Phase Error              (PE):    0.000ns
    User Uncertainty         (UU):    0.200ns

    Location             Delay type                Incr(ns)  Path(ns)    Netlist Resource(s)
  -------------------------------------------------------------------    -------------------
                         (clock aclk rise edge)       0.000     0.000 r  
                                                      0.000     0.000 r  aclk (IN)
                         net (fo=939, unset)          0.410     0.410    u_tile_core/u_input_loader/aclk
    SLICE_X32Y48         FDCE                                         r  u_tile_core/u_input_loader/col_r_reg[0]/C
  -------------------------------------------------------------------    -------------------
    SLICE_X32Y48         FDCE (Prop_fdce_C_Q)         0.164     0.574 r  u_tile_core/u_input_loader/col_r_reg[0]/Q
                         net (fo=49, routed)          0.153     0.727    u_tile_core/u_input_loader/Q[0]
    SLICE_X32Y48         LUT6 (Prop_lut6_I1_O)        0.045     0.772 r  u_tile_core/u_input_loader/col_r[1]_i_1/O
                         net (fo=1, routed)           0.000     0.772    u_tile_core/u_input_loader/col_r[1]_i_1_n_0
    SLICE_X32Y48         FDCE                                         r  u_tile_core/u_input_loader/col_r_reg[1]/D
  -------------------------------------------------------------------    -------------------

                         (clock aclk rise edge)       0.000     0.000 r  
                                                      0.000     0.000 r  aclk (IN)
                         net (fo=939, unset)          0.432     0.432    u_tile_core/u_input_loader/aclk
    SLICE_X32Y48         FDCE                                         r  u_tile_core/u_input_loader/col_r_reg[1]/C
                         clock pessimism              0.000     0.432    
                         clock uncertainty            0.200     0.632    
    SLICE_X32Y48         FDCE (Hold_fdce_C_D)         0.121     0.753    u_tile_core/u_input_loader/col_r_reg[1]
  -------------------------------------------------------------------
                         required time                         -0.753    
                         arrival time                           0.772    
  -------------------------------------------------------------------
                         slack                                  0.020    

Slack (MET) :             0.021ns  (arrival time - required time)
  Source:                 layer_bias_r_reg[4]/C
                            (rising edge-triggered cell FDCE clocked by aclk  {rise@0.000ns fall@5.000ns period=10.000ns})
  Destination:            u_psum_buffer/bias_r_reg[4]/D
                            (rising edge-triggered cell FDCE clocked by aclk  {rise@0.000ns fall@5.000ns period=10.000ns})
  Path Group:             aclk
  Path Type:              Hold (Min at Fast Process Corner)
  Requirement:            0.000ns  (aclk rise@0.000ns - aclk rise@0.000ns)
  Data Path Delay:        0.264ns  (logic 0.148ns (55.965%)  route 0.116ns (44.035%))
  Logic Levels:           0  
  Clock Path Skew:        0.022ns (DCD - SCD - CPR)
    Destination Clock Delay (DCD):    0.432ns
    Source Clock Delay      (SCD):    0.410ns
    Clock Pessimism Removal (CPR):    -0.000ns
  Clock Uncertainty:      0.200ns  ((TSJ^2 + TIJ^2)^1/2 + DJ) / 2 + PE + UU
    Total System Jitter     (TSJ):    0.000ns
    Total Input Jitter      (TIJ):    0.000ns
    Discrete Jitter          (DJ):    0.000ns
    Phase Error              (PE):    0.000ns
    User Uncertainty         (UU):    0.200ns

    Location             Delay type                Incr(ns)  Path(ns)    Netlist Resource(s)
  -------------------------------------------------------------------    -------------------
                         (clock aclk rise edge)       0.000     0.000 r  
                                                      0.000     0.000 r  aclk (IN)
                         net (fo=939, unset)          0.410     0.410    aclk
    SLICE_X20Y43         FDCE                                         r  layer_bias_r_reg[4]/C
  -------------------------------------------------------------------    -------------------
    SLICE_X20Y43         FDCE (Prop_fdce_C_Q)         0.148     0.558 r  layer_bias_r_reg[4]/Q
                         net (fo=1, routed)           0.116     0.675    u_psum_buffer/bias_r_reg[31]_0[4]
    SLICE_X21Y43         FDCE                                         r  u_psum_buffer/bias_r_reg[4]/D
  -------------------------------------------------------------------    -------------------

                         (clock aclk rise edge)       0.000     0.000 r  
                                                      0.000     0.000 r  aclk (IN)
                         net (fo=939, unset)          0.432     0.432    u_psum_buffer/aclk
    SLICE_X21Y43         FDCE                                         r  u_psum_buffer/bias_r_reg[4]/C
                         clock pessimism              0.000     0.432    
                         clock uncertainty            0.200     0.632    
    SLICE_X21Y43         FDCE (Hold_fdce_C_D)         0.022     0.654    u_psum_buffer/bias_r_reg[4]
  -------------------------------------------------------------------
                         required time                         -0.654    
                         arrival time                           0.675    
  -------------------------------------------------------------------
                         slack                                  0.021    

Slack (MET) :             0.023ns  (arrival time - required time)
  Source:                 u_tile_core/u_window_generator/column_count_r_reg[1]/C
                            (rising edge-triggered cell FDCE clocked by aclk  {rise@0.000ns fall@5.000ns period=10.000ns})
  Destination:            u_tile_core/u_window_generator/column_count_r_reg[1]/D
                            (rising edge-triggered cell FDCE clocked by aclk  {rise@0.000ns fall@5.000ns period=10.000ns})
  Path Group:             aclk
  Path Type:              Hold (Min at Fast Process Corner)
  Requirement:            0.000ns  (aclk rise@0.000ns - aclk rise@0.000ns)
  Data Path Delay:        0.350ns  (logic 0.183ns (52.285%)  route 0.167ns (47.715%))
  Logic Levels:           1  (LUT3=1)
  Clock Path Skew:        0.022ns (DCD - SCD - CPR)
    Destination Clock Delay (DCD):    0.432ns
    Source Clock Delay      (SCD):    0.410ns
    Clock Pessimism Removal (CPR):    -0.000ns
  Clock Uncertainty:      0.200ns  ((TSJ^2 + TIJ^2)^1/2 + DJ) / 2 + PE + UU
    Total System Jitter     (TSJ):    0.000ns
    Total Input Jitter      (TIJ):    0.000ns
    Discrete Jitter          (DJ):    0.000ns
    Phase Error              (PE):    0.000ns
    User Uncertainty         (UU):    0.200ns

    Location             Delay type                Incr(ns)  Path(ns)    Netlist Resource(s)
  -------------------------------------------------------------------    -------------------
                         (clock aclk rise edge)       0.000     0.000 r  
                                                      0.000     0.000 r  aclk (IN)
                         net (fo=939, unset)          0.410     0.410    u_tile_core/u_window_generator/aclk
    SLICE_X29Y56         FDCE                                         r  u_tile_core/u_window_generator/column_count_r_reg[1]/C
  -------------------------------------------------------------------    -------------------
    SLICE_X29Y56         FDCE (Prop_fdce_C_Q)         0.141     0.551 r  u_tile_core/u_window_generator/column_count_r_reg[1]/Q
                         net (fo=7, routed)           0.167     0.718    u_tile_core/u_window_generator/column_count_r_reg[1]
    SLICE_X29Y56         LUT3 (Prop_lut3_I0_O)        0.042     0.760 r  u_tile_core/u_window_generator/column_count_r[1]_i_1/O
                         net (fo=1, routed)           0.000     0.760    u_tile_core/u_window_generator/p_0_in__0__0[1]
    SLICE_X29Y56         FDCE                                         r  u_tile_core/u_window_generator/column_count_r_reg[1]/D
  -------------------------------------------------------------------    -------------------

                         (clock aclk rise edge)       0.000     0.000 r  
                                                      0.000     0.000 r  aclk (IN)
                         net (fo=939, unset)          0.432     0.432    u_tile_core/u_window_generator/aclk
    SLICE_X29Y56         FDCE                                         r  u_tile_core/u_window_generator/column_count_r_reg[1]/C
                         clock pessimism              0.000     0.432    
                         clock uncertainty            0.200     0.632    
    SLICE_X29Y56         FDCE (Hold_fdce_C_D)         0.105     0.737    u_tile_core/u_window_generator/column_count_r_reg[1]
  -------------------------------------------------------------------
                         required time                         -0.737    
                         arrival time                           0.760    
  -------------------------------------------------------------------
                         slack                                  0.023    

Slack (MET) :             0.024ns  (arrival time - required time)
  Source:                 u_tile_core/u_controller/top_bank_r_reg[0]/C
                            (rising edge-triggered cell FDCE clocked by aclk  {rise@0.000ns fall@5.000ns period=10.000ns})
  Destination:            u_tile_core/u_controller/top_bank_r_reg[1]/D
                            (rising edge-triggered cell FDCE clocked by aclk  {rise@0.000ns fall@5.000ns period=10.000ns})
  Path Group:             aclk
  Path Type:              Hold (Min at Fast Process Corner)
  Requirement:            0.000ns  (aclk rise@0.000ns - aclk rise@0.000ns)
  Data Path Delay:        0.353ns  (logic 0.183ns (51.894%)  route 0.170ns (48.106%))
  Logic Levels:           1  (LUT3=1)
  Clock Path Skew:        0.022ns (DCD - SCD - CPR)
    Destination Clock Delay (DCD):    0.432ns
    Source Clock Delay      (SCD):    0.410ns
    Clock Pessimism Removal (CPR):    -0.000ns
  Clock Uncertainty:      0.200ns  ((TSJ^2 + TIJ^2)^1/2 + DJ) / 2 + PE + UU
    Total System Jitter     (TSJ):    0.000ns
    Total Input Jitter      (TIJ):    0.000ns
    Discrete Jitter          (DJ):    0.000ns
    Phase Error              (PE):    0.000ns
    User Uncertainty         (UU):    0.200ns

    Location             Delay type                Incr(ns)  Path(ns)    Netlist Resource(s)
  -------------------------------------------------------------------    -------------------
                         (clock aclk rise edge)       0.000     0.000 r  
                                                      0.000     0.000 r  aclk (IN)
                         net (fo=939, unset)          0.410     0.410    u_tile_core/u_controller/aclk
    SLICE_X27Y50         FDCE                                         r  u_tile_core/u_controller/top_bank_r_reg[0]/C
  -------------------------------------------------------------------    -------------------
    SLICE_X27Y50         FDCE (Prop_fdce_C_Q)         0.141     0.551 r  u_tile_core/u_controller/top_bank_r_reg[0]/Q
                         net (fo=3, routed)           0.170     0.721    u_tile_core/u_controller/top_bank_r_reg[1]_0[0]
    SLICE_X27Y50         LUT3 (Prop_lut3_I0_O)        0.042     0.763 r  u_tile_core/u_controller/top_bank_r[1]_i_2/O
                         net (fo=1, routed)           0.000     0.763    u_tile_core/u_controller/top_bank_r[1]
    SLICE_X27Y50         FDCE                                         r  u_tile_core/u_controller/top_bank_r_reg[1]/D
  -------------------------------------------------------------------    -------------------

                         (clock aclk rise edge)       0.000     0.000 r  
                                                      0.000     0.000 r  aclk (IN)
                         net (fo=939, unset)          0.432     0.432    u_tile_core/u_controller/aclk
    SLICE_X27Y50         FDCE                                         r  u_tile_core/u_controller/top_bank_r_reg[1]/C
                         clock pessimism              0.000     0.432    
                         clock uncertainty            0.200     0.632    
    SLICE_X27Y50         FDCE (Hold_fdce_C_D)         0.107     0.739    u_tile_core/u_controller/top_bank_r_reg[1]
  -------------------------------------------------------------------
                         required time                         -0.739    
                         arrival time                           0.763    
  -------------------------------------------------------------------
                         slack                                  0.024    

Slack (MET) :             0.028ns  (arrival time - required time)
  Source:                 u_tile_core/u_datapath/gen_acc_bank[0].u_acc/acc_o_reg[15]/C
                            (rising edge-triggered cell FDCE clocked by aclk  {rise@0.000ns fall@5.000ns period=10.000ns})
  Destination:            u_tile_core/u_datapath/result_data_r_reg[15]/D
                            (rising edge-triggered cell FDCE clocked by aclk  {rise@0.000ns fall@5.000ns period=10.000ns})
  Path Group:             aclk
  Path Type:              Hold (Min at Fast Process Corner)
  Requirement:            0.000ns  (aclk rise@0.000ns - aclk rise@0.000ns)
  Data Path Delay:        0.355ns  (logic 0.249ns (70.157%)  route 0.106ns (29.843%))
  Logic Levels:           2  (CARRY4=1 LUT2=1)
  Clock Path Skew:        0.022ns (DCD - SCD - CPR)
    Destination Clock Delay (DCD):    0.432ns
    Source Clock Delay      (SCD):    0.410ns
    Clock Pessimism Removal (CPR):    -0.000ns
  Clock Uncertainty:      0.200ns  ((TSJ^2 + TIJ^2)^1/2 + DJ) / 2 + PE + UU
    Total System Jitter     (TSJ):    0.000ns
    Total Input Jitter      (TIJ):    0.000ns
    Discrete Jitter          (DJ):    0.000ns
    Phase Error              (PE):    0.000ns
    User Uncertainty         (UU):    0.200ns

    Location             Delay type                Incr(ns)  Path(ns)    Netlist Resource(s)
  -------------------------------------------------------------------    -------------------
                         (clock aclk rise edge)       0.000     0.000 r  
                                                      0.000     0.000 r  aclk (IN)
                         net (fo=939, unset)          0.410     0.410    u_tile_core/u_datapath/gen_acc_bank[0].u_acc/aclk
    SLICE_X25Y42         FDCE                                         r  u_tile_core/u_datapath/gen_acc_bank[0].u_acc/acc_o_reg[15]/C
  -------------------------------------------------------------------    -------------------
    SLICE_X25Y42         FDCE (Prop_fdce_C_Q)         0.141     0.551 r  u_tile_core/u_datapath/gen_acc_bank[0].u_acc/acc_o_reg[15]/Q
                         net (fo=3, routed)           0.106     0.657    u_tile_core/u_datapath/gen_acc_bank[0].u_acc/acc_o_reg[15]
    SLICE_X24Y42         LUT2 (Prop_lut2_I0_O)        0.045     0.702 r  u_tile_core/u_datapath/gen_acc_bank[0].u_acc/acc_o0_carry__2_i_1/O
                         net (fo=1, routed)           0.000     0.702    u_tile_core/u_datapath/gen_acc_bank[0].u_acc/acc_o0_carry__2_i_1_n_0
    SLICE_X24Y42         CARRY4 (Prop_carry4_S[3]_O[3])
                                                      0.063     0.765 r  u_tile_core/u_datapath/gen_acc_bank[0].u_acc/acc_o0_carry__2/O[3]
                         net (fo=1, routed)           0.000     0.765    u_tile_core/u_datapath/atv_data_w[15]
    SLICE_X24Y42         FDCE                                         r  u_tile_core/u_datapath/result_data_r_reg[15]/D
  -------------------------------------------------------------------    -------------------

                         (clock aclk rise edge)       0.000     0.000 r  
                                                      0.000     0.000 r  aclk (IN)
                         net (fo=939, unset)          0.432     0.432    u_tile_core/u_datapath/aclk
    SLICE_X24Y42         FDCE                                         r  u_tile_core/u_datapath/result_data_r_reg[15]/C
                         clock pessimism              0.000     0.432    
                         clock uncertainty            0.200     0.632    
    SLICE_X24Y42         FDCE (Hold_fdce_C_D)         0.105     0.737    u_tile_core/u_datapath/result_data_r_reg[15]
  -------------------------------------------------------------------
                         required time                         -0.737    
                         arrival time                           0.765    
  -------------------------------------------------------------------
                         slack                                  0.028    

Slack (MET) :             0.029ns  (arrival time - required time)
  Source:                 u_tile_core/u_datapath/gen_acc_bank[0].u_acc/acc_o_reg[31]/C
                            (rising edge-triggered cell FDCE clocked by aclk  {rise@0.000ns fall@5.000ns period=10.000ns})
  Destination:            u_tile_core/u_datapath/result_data_r_reg[31]/D
                            (rising edge-triggered cell FDCE clocked by aclk  {rise@0.000ns fall@5.000ns period=10.000ns})
  Path Group:             aclk
  Path Type:              Hold (Min at Fast Process Corner)
  Requirement:            0.000ns  (aclk rise@0.000ns - aclk rise@0.000ns)
  Data Path Delay:        0.355ns  (logic 0.249ns (70.116%)  route 0.106ns (29.884%))
  Logic Levels:           2  (CARRY4=1 LUT2=1)
  Clock Path Skew:        0.022ns (DCD - SCD - CPR)
    Destination Clock Delay (DCD):    0.432ns
    Source Clock Delay      (SCD):    0.410ns
    Clock Pessimism Removal (CPR):    -0.000ns
  Clock Uncertainty:      0.200ns  ((TSJ^2 + TIJ^2)^1/2 + DJ) / 2 + PE + UU
    Total System Jitter     (TSJ):    0.000ns
    Total Input Jitter      (TIJ):    0.000ns
    Discrete Jitter          (DJ):    0.000ns
    Phase Error              (PE):    0.000ns
    User Uncertainty         (UU):    0.200ns

    Location             Delay type                Incr(ns)  Path(ns)    Netlist Resource(s)
  -------------------------------------------------------------------    -------------------
                         (clock aclk rise edge)       0.000     0.000 r  
                                                      0.000     0.000 r  aclk (IN)
                         net (fo=939, unset)          0.410     0.410    u_tile_core/u_datapath/gen_acc_bank[0].u_acc/aclk
    SLICE_X25Y46         FDCE                                         r  u_tile_core/u_datapath/gen_acc_bank[0].u_acc/acc_o_reg[31]/C
  -------------------------------------------------------------------    -------------------
    SLICE_X25Y46         FDCE (Prop_fdce_C_Q)         0.141     0.551 r  u_tile_core/u_datapath/gen_acc_bank[0].u_acc/acc_o_reg[31]/Q
                         net (fo=2, routed)           0.106     0.657    u_tile_core/u_datapath/gen_acc_bank[0].u_acc/acc_o_reg[31]
    SLICE_X24Y46         LUT2 (Prop_lut2_I1_O)        0.045     0.702 r  u_tile_core/u_datapath/gen_acc_bank[0].u_acc/acc_o0_carry__6_i_1/O
                         net (fo=1, routed)           0.000     0.702    u_tile_core/u_datapath/gen_acc_bank[0].u_acc/acc_o0_carry__6_i_1_n_0
    SLICE_X24Y46         CARRY4 (Prop_carry4_S[3]_O[3])
                                                      0.063     0.765 r  u_tile_core/u_datapath/gen_acc_bank[0].u_acc/acc_o0_carry__6/O[3]
                         net (fo=1, routed)           0.000     0.765    u_tile_core/u_datapath/atv_data_w[31]
    SLICE_X24Y46         FDCE                                         r  u_tile_core/u_datapath/result_data_r_reg[31]/D
  -------------------------------------------------------------------    -------------------

                         (clock aclk rise edge)       0.000     0.000 r  
                                                      0.000     0.000 r  aclk (IN)
                         net (fo=939, unset)          0.432     0.432    u_tile_core/u_datapath/aclk
    SLICE_X24Y46         FDCE                                         r  u_tile_core/u_datapath/result_data_r_reg[31]/C
                         clock pessimism              0.000     0.432    
                         clock uncertainty            0.200     0.632    
    SLICE_X24Y46         FDCE (Hold_fdce_C_D)         0.105     0.737    u_tile_core/u_datapath/result_data_r_reg[31]
  -------------------------------------------------------------------
                         required time                         -0.737    
                         arrival time                           0.765    
  -------------------------------------------------------------------
                         slack                                  0.029    

Slack (MET) :             0.029ns  (arrival time - required time)
  Source:                 u_tile_core/u_controller/initial_rows_r_reg[0]/C
                            (rising edge-triggered cell FDCE clocked by aclk  {rise@0.000ns fall@5.000ns period=10.000ns})
  Destination:            u_tile_core/u_controller/initial_rows_r_reg[1]/D
                            (rising edge-triggered cell FDCE clocked by aclk  {rise@0.000ns fall@5.000ns period=10.000ns})
  Path Group:             aclk
  Path Type:              Hold (Min at Fast Process Corner)
  Requirement:            0.000ns  (aclk rise@0.000ns - aclk rise@0.000ns)
  Data Path Delay:        0.381ns  (logic 0.207ns (54.301%)  route 0.174ns (45.699%))
  Logic Levels:           1  (LUT5=1)
  Clock Path Skew:        0.022ns (DCD - SCD - CPR)
    Destination Clock Delay (DCD):    0.432ns
    Source Clock Delay      (SCD):    0.410ns
    Clock Pessimism Removal (CPR):    -0.000ns
  Clock Uncertainty:      0.200ns  ((TSJ^2 + TIJ^2)^1/2 + DJ) / 2 + PE + UU
    Total System Jitter     (TSJ):    0.000ns
    Total Input Jitter      (TIJ):    0.000ns
    Discrete Jitter          (DJ):    0.000ns
    Phase Error              (PE):    0.000ns
    User Uncertainty         (UU):    0.200ns

    Location             Delay type                Incr(ns)  Path(ns)    Netlist Resource(s)
  -------------------------------------------------------------------    -------------------
                         (clock aclk rise edge)       0.000     0.000 r  
                                                      0.000     0.000 r  aclk (IN)
                         net (fo=939, unset)          0.410     0.410    u_tile_core/u_controller/aclk
    SLICE_X32Y51         FDCE                                         r  u_tile_core/u_controller/initial_rows_r_reg[0]/C
  -------------------------------------------------------------------    -------------------
    SLICE_X32Y51         FDCE (Prop_fdce_C_Q)         0.164     0.574 r  u_tile_core/u_controller/initial_rows_r_reg[0]/Q
                         net (fo=3, routed)           0.174     0.748    u_tile_core/u_controller/initial_rows_r_reg_n_0_[0]
    SLICE_X32Y51         LUT5 (Prop_lut5_I1_O)        0.043     0.791 r  u_tile_core/u_controller/initial_rows_r[1]_i_1/O
                         net (fo=1, routed)           0.000     0.791    u_tile_core/u_controller/initial_rows_r[1]_i_1_n_0
    SLICE_X32Y51         FDCE                                         r  u_tile_core/u_controller/initial_rows_r_reg[1]/D
  -------------------------------------------------------------------    -------------------

                         (clock aclk rise edge)       0.000     0.000 r  
                                                      0.000     0.000 r  aclk (IN)
                         net (fo=939, unset)          0.432     0.432    u_tile_core/u_controller/aclk
    SLICE_X32Y51         FDCE                                         r  u_tile_core/u_controller/initial_rows_r_reg[1]/C
                         clock pessimism              0.000     0.432    
                         clock uncertainty            0.200     0.632    
    SLICE_X32Y51         FDCE (Hold_fdce_C_D)         0.131     0.763    u_tile_core/u_controller/initial_rows_r_reg[1]
  -------------------------------------------------------------------
                         required time                         -0.763    
                         arrival time                           0.791    
  -------------------------------------------------------------------
                         slack                                  0.029    

Slack (MET) :             0.029ns  (arrival time - required time)
  Source:                 layer_bias_r_reg[5]/C
                            (rising edge-triggered cell FDCE clocked by aclk  {rise@0.000ns fall@5.000ns period=10.000ns})
  Destination:            u_psum_buffer/bias_r_reg[5]/D
                            (rising edge-triggered cell FDCE clocked by aclk  {rise@0.000ns fall@5.000ns period=10.000ns})
  Path Group:             aclk
  Path Type:              Hold (Min at Fast Process Corner)
  Requirement:            0.000ns  (aclk rise@0.000ns - aclk rise@0.000ns)
  Data Path Delay:        0.268ns  (logic 0.148ns (55.273%)  route 0.120ns (44.727%))
  Logic Levels:           0  
  Clock Path Skew:        0.022ns (DCD - SCD - CPR)
    Destination Clock Delay (DCD):    0.432ns
    Source Clock Delay      (SCD):    0.410ns
    Clock Pessimism Removal (CPR):    -0.000ns
  Clock Uncertainty:      0.200ns  ((TSJ^2 + TIJ^2)^1/2 + DJ) / 2 + PE + UU
    Total System Jitter     (TSJ):    0.000ns
    Total Input Jitter      (TIJ):    0.000ns
    Discrete Jitter          (DJ):    0.000ns
    Phase Error              (PE):    0.000ns
    User Uncertainty         (UU):    0.200ns

    Location             Delay type                Incr(ns)  Path(ns)    Netlist Resource(s)
  -------------------------------------------------------------------    -------------------
                         (clock aclk rise edge)       0.000     0.000 r  
                                                      0.000     0.000 r  aclk (IN)
                         net (fo=939, unset)          0.410     0.410    aclk
    SLICE_X20Y43         FDCE                                         r  layer_bias_r_reg[5]/C
  -------------------------------------------------------------------    -------------------
    SLICE_X20Y43         FDCE (Prop_fdce_C_Q)         0.148     0.558 r  layer_bias_r_reg[5]/Q
                         net (fo=1, routed)           0.120     0.678    u_psum_buffer/bias_r_reg[31]_0[5]
    SLICE_X21Y43         FDCE                                         r  u_psum_buffer/bias_r_reg[5]/D
  -------------------------------------------------------------------    -------------------

                         (clock aclk rise edge)       0.000     0.000 r  
                                                      0.000     0.000 r  aclk (IN)
                         net (fo=939, unset)          0.432     0.432    u_psum_buffer/aclk
    SLICE_X21Y43         FDCE                                         r  u_psum_buffer/bias_r_reg[5]/C
                         clock pessimism              0.000     0.432    
                         clock uncertainty            0.200     0.632    
    SLICE_X21Y43         FDCE (Hold_fdce_C_D)         0.017     0.649    u_psum_buffer/bias_r_reg[5]
  -------------------------------------------------------------------
                         required time                         -0.649    
                         arrival time                           0.678    
  -------------------------------------------------------------------
                         slack                                  0.029    

Slack (MET) :             0.031ns  (arrival time - required time)
  Source:                 u_tile_core/u_datapath/at_addr_r_reg[0]/C
                            (rising edge-triggered cell FDCE clocked by aclk  {rise@0.000ns fall@5.000ns period=10.000ns})
  Destination:            u_tile_core/u_datapath/result_addr_r_reg[0]/D
                            (rising edge-triggered cell FDCE clocked by aclk  {rise@0.000ns fall@5.000ns period=10.000ns})
  Path Group:             aclk
  Path Type:              Hold (Min at Fast Process Corner)
  Requirement:            0.000ns  (aclk rise@0.000ns - aclk rise@0.000ns)
  Data Path Delay:        0.311ns  (logic 0.141ns (45.322%)  route 0.170ns (54.678%))
  Logic Levels:           0  
  Clock Path Skew:        0.022ns (DCD - SCD - CPR)
    Destination Clock Delay (DCD):    0.432ns
    Source Clock Delay      (SCD):    0.410ns
    Clock Pessimism Removal (CPR):    -0.000ns
  Clock Uncertainty:      0.200ns  ((TSJ^2 + TIJ^2)^1/2 + DJ) / 2 + PE + UU
    Total System Jitter     (TSJ):    0.000ns
    Total Input Jitter      (TIJ):    0.000ns
    Discrete Jitter          (DJ):    0.000ns
    Phase Error              (PE):    0.000ns
    User Uncertainty         (UU):    0.200ns

    Location             Delay type                Incr(ns)  Path(ns)    Netlist Resource(s)
  -------------------------------------------------------------------    -------------------
                         (clock aclk rise edge)       0.000     0.000 r  
                                                      0.000     0.000 r  aclk (IN)
                         net (fo=939, unset)          0.410     0.410    u_tile_core/u_datapath/aclk
    SLICE_X27Y53         FDCE                                         r  u_tile_core/u_datapath/at_addr_r_reg[0]/C
  -------------------------------------------------------------------    -------------------
    SLICE_X27Y53         FDCE (Prop_fdce_C_Q)         0.141     0.551 r  u_tile_core/u_datapath/at_addr_r_reg[0]/Q
                         net (fo=1, routed)           0.170     0.721    u_tile_core/u_datapath/at_addr_r[0]
    SLICE_X26Y50         FDCE                                         r  u_tile_core/u_datapath/result_addr_r_reg[0]/D
  -------------------------------------------------------------------    -------------------

                         (clock aclk rise edge)       0.000     0.000 r  
                                                      0.000     0.000 r  aclk (IN)
                         net (fo=939, unset)          0.432     0.432    u_tile_core/u_datapath/aclk
    SLICE_X26Y50         FDCE                                         r  u_tile_core/u_datapath/result_addr_r_reg[0]/C
                         clock pessimism              0.000     0.432    
                         clock uncertainty            0.200     0.632    
    SLICE_X26Y50         FDCE (Hold_fdce_C_D)         0.059     0.691    u_tile_core/u_datapath/result_addr_r_reg[0]
  -------------------------------------------------------------------
                         required time                         -0.691    
                         arrival time                           0.721    
  -------------------------------------------------------------------
                         slack                                  0.031    

Slack (MET) :             0.033ns  (arrival time - required time)
  Source:                 u_tile_core/u_input_loader/bank_r_reg[0]/C
                            (rising edge-triggered cell FDCE clocked by aclk  {rise@0.000ns fall@5.000ns period=10.000ns})
  Destination:            u_tile_core/u_input_loader/bank_r_reg[1]/D
                            (rising edge-triggered cell FDCE clocked by aclk  {rise@0.000ns fall@5.000ns period=10.000ns})
  Path Group:             aclk
  Path Type:              Hold (Min at Fast Process Corner)
  Requirement:            0.000ns  (aclk rise@0.000ns - aclk rise@0.000ns)
  Data Path Delay:        0.361ns  (logic 0.183ns (50.649%)  route 0.178ns (49.351%))
  Logic Levels:           1  (LUT4=1)
  Clock Path Skew:        0.022ns (DCD - SCD - CPR)
    Destination Clock Delay (DCD):    0.432ns
    Source Clock Delay      (SCD):    0.410ns
    Clock Pessimism Removal (CPR):    -0.000ns
  Clock Uncertainty:      0.200ns  ((TSJ^2 + TIJ^2)^1/2 + DJ) / 2 + PE + UU
    Total System Jitter     (TSJ):    0.000ns
    Total Input Jitter      (TIJ):    0.000ns
    Discrete Jitter          (DJ):    0.000ns
    Phase Error              (PE):    0.000ns
    User Uncertainty         (UU):    0.200ns

    Location             Delay type                Incr(ns)  Path(ns)    Netlist Resource(s)
  -------------------------------------------------------------------    -------------------
                         (clock aclk rise edge)       0.000     0.000 r  
                                                      0.000     0.000 r  aclk (IN)
                         net (fo=939, unset)          0.410     0.410    u_tile_core/u_input_loader/aclk
    SLICE_X31Y48         FDCE                                         r  u_tile_core/u_input_loader/bank_r_reg[0]/C
  -------------------------------------------------------------------    -------------------
    SLICE_X31Y48         FDCE (Prop_fdce_C_Q)         0.141     0.551 r  u_tile_core/u_input_loader/bank_r_reg[0]/Q
                         net (fo=5, routed)           0.178     0.729    u_tile_core/u_input_loader/bank_r[0]
    SLICE_X31Y48         LUT4 (Prop_lut4_I0_O)        0.042     0.771 r  u_tile_core/u_input_loader/bank_r[1]_i_1/O
                         net (fo=1, routed)           0.000     0.771    u_tile_core/u_input_loader/bank_r[1]_i_1_n_0
    SLICE_X31Y48         FDCE                                         r  u_tile_core/u_input_loader/bank_r_reg[1]/D
  -------------------------------------------------------------------    -------------------

                         (clock aclk rise edge)       0.000     0.000 r  
                                                      0.000     0.000 r  aclk (IN)
                         net (fo=939, unset)          0.432     0.432    u_tile_core/u_input_loader/aclk
    SLICE_X31Y48         FDCE                                         r  u_tile_core/u_input_loader/bank_r_reg[1]/C
                         clock pessimism              0.000     0.432    
                         clock uncertainty            0.200     0.632    
    SLICE_X31Y48         FDCE (Hold_fdce_C_D)         0.107     0.739    u_tile_core/u_input_loader/bank_r_reg[1]
  -------------------------------------------------------------------
                         required time                         -0.739    
                         arrival time                           0.771    
  -------------------------------------------------------------------
                         slack                                  0.033    

Slack (MET) :             0.034ns  (arrival time - required time)
  Source:                 u_tile_core/u_controller/read_col_r_reg[3]/C
                            (rising edge-triggered cell FDCE clocked by aclk  {rise@0.000ns fall@5.000ns period=10.000ns})
  Destination:            u_tile_core/u_controller/read_col_r_reg[4]/D
                            (rising edge-triggered cell FDCE clocked by aclk  {rise@0.000ns fall@5.000ns period=10.000ns})
  Path Group:             aclk
  Path Type:              Hold (Min at Fast Process Corner)
  Requirement:            0.000ns  (aclk rise@0.000ns - aclk rise@0.000ns)
  Data Path Delay:        0.346ns  (logic 0.186ns (53.721%)  route 0.160ns (46.279%))
  Logic Levels:           1  (LUT6=1)
  Clock Path Skew:        0.022ns (DCD - SCD - CPR)
    Destination Clock Delay (DCD):    0.432ns
    Source Clock Delay      (SCD):    0.410ns
    Clock Pessimism Removal (CPR):    -0.000ns
  Clock Uncertainty:      0.200ns  ((TSJ^2 + TIJ^2)^1/2 + DJ) / 2 + PE + UU
    Total System Jitter     (TSJ):    0.000ns
    Total Input Jitter      (TIJ):    0.000ns
    Discrete Jitter          (DJ):    0.000ns
    Phase Error              (PE):    0.000ns
    User Uncertainty         (UU):    0.200ns

    Location             Delay type                Incr(ns)  Path(ns)    Netlist Resource(s)
  -------------------------------------------------------------------    -------------------
                         (clock aclk rise edge)       0.000     0.000 r  
                                                      0.000     0.000 r  aclk (IN)
                         net (fo=939, unset)          0.410     0.410    u_tile_core/u_controller/aclk
    SLICE_X28Y49         FDCE                                         r  u_tile_core/u_controller/read_col_r_reg[3]/C
  -------------------------------------------------------------------    -------------------
    SLICE_X28Y49         FDCE (Prop_fdce_C_Q)         0.141     0.551 r  u_tile_core/u_controller/read_col_r_reg[3]/Q
                         net (fo=28, routed)          0.160     0.711    u_tile_core/u_controller/read_col_r_reg[4]_0[3]
    SLICE_X29Y49         LUT6 (Prop_lut6_I1_O)        0.045     0.756 r  u_tile_core/u_controller/read_col_r[4]_i_2/O
                         net (fo=1, routed)           0.000     0.756    u_tile_core/u_controller/read_col_r[4]_i_2_n_0
    SLICE_X29Y49         FDCE                                         r  u_tile_core/u_controller/read_col_r_reg[4]/D
  -------------------------------------------------------------------    -------------------

                         (clock aclk rise edge)       0.000     0.000 r  
                                                      0.000     0.000 r  aclk (IN)
                         net (fo=939, unset)          0.432     0.432    u_tile_core/u_controller/aclk
    SLICE_X29Y49         FDCE                                         r  u_tile_core/u_controller/read_col_r_reg[4]/C
                         clock pessimism              0.000     0.432    
                         clock uncertainty            0.200     0.632    
    SLICE_X29Y49         FDCE (Hold_fdce_C_D)         0.091     0.723    u_tile_core/u_controller/read_col_r_reg[4]
  -------------------------------------------------------------------
                         required time                         -0.723    
                         arrival time                           0.756    
  -------------------------------------------------------------------
                         slack                                  0.034    

Slack (MET) :             0.034ns  (arrival time - required time)
  Source:                 aw_pending_r_reg/C
                            (rising edge-triggered cell FDCE clocked by aclk  {rise@0.000ns fall@5.000ns period=10.000ns})
  Destination:            w_pending_r_reg/D
                            (rising edge-triggered cell FDCE clocked by aclk  {rise@0.000ns fall@5.000ns period=10.000ns})
  Path Group:             aclk
  Path Type:              Hold (Min at Fast Process Corner)
  Requirement:            0.000ns  (aclk rise@0.000ns - aclk rise@0.000ns)
  Data Path Delay:        0.362ns  (logic 0.183ns (50.505%)  route 0.179ns (49.495%))
  Logic Levels:           1  (LUT5=1)
  Clock Path Skew:        0.022ns (DCD - SCD - CPR)
    Destination Clock Delay (DCD):    0.432ns
    Source Clock Delay      (SCD):    0.410ns
    Clock Pessimism Removal (CPR):    -0.000ns
  Clock Uncertainty:      0.200ns  ((TSJ^2 + TIJ^2)^1/2 + DJ) / 2 + PE + UU
    Total System Jitter     (TSJ):    0.000ns
    Total Input Jitter      (TIJ):    0.000ns
    Discrete Jitter          (DJ):    0.000ns
    Phase Error              (PE):    0.000ns
    User Uncertainty         (UU):    0.200ns

    Location             Delay type                Incr(ns)  Path(ns)    Netlist Resource(s)
  -------------------------------------------------------------------    -------------------
                         (clock aclk rise edge)       0.000     0.000 r  
                                                      0.000     0.000 r  aclk (IN)
                         net (fo=939, unset)          0.410     0.410    aclk
    SLICE_X45Y55         FDCE                                         r  aw_pending_r_reg/C
  -------------------------------------------------------------------    -------------------
    SLICE_X45Y55         FDCE (Prop_fdce_C_Q)         0.141     0.551 f  aw_pending_r_reg/Q
                         net (fo=9, routed)           0.179     0.730    aw_pending_r_reg_n_0
    SLICE_X45Y55         LUT5 (Prop_lut5_I4_O)        0.042     0.772 r  w_pending_r_i_1/O
                         net (fo=1, routed)           0.000     0.772    w_pending_r_i_1_n_0
    SLICE_X45Y55         FDCE                                         r  w_pending_r_reg/D
  -------------------------------------------------------------------    -------------------

                         (clock aclk rise edge)       0.000     0.000 r  
                                                      0.000     0.000 r  aclk (IN)
                         net (fo=939, unset)          0.432     0.432    aclk
    SLICE_X45Y55         FDCE                                         r  w_pending_r_reg/C
                         clock pessimism              0.000     0.432    
                         clock uncertainty            0.200     0.632    
    SLICE_X45Y55         FDCE (Hold_fdce_C_D)         0.107     0.739    w_pending_r_reg
  -------------------------------------------------------------------
                         required time                         -0.739    
                         arrival time                           0.772    
  -------------------------------------------------------------------
                         slack                                  0.034    

Slack (MET) :             0.035ns  (arrival time - required time)
  Source:                 u_psum_buffer/bias_r_reg[9]/C
                            (rising edge-triggered cell FDCE clocked by aclk  {rise@0.000ns fall@5.000ns period=10.000ns})
  Destination:            u_psum_buffer/result_data_r_reg[9]/D
                            (rising edge-triggered cell FDCE clocked by aclk  {rise@0.000ns fall@5.000ns period=10.000ns})
  Path Group:             aclk
  Path Type:              Hold (Min at Fast Process Corner)
  Requirement:            0.000ns  (aclk rise@0.000ns - aclk rise@0.000ns)
  Data Path Delay:        0.358ns  (logic 0.251ns (70.086%)  route 0.107ns (29.914%))
  Logic Levels:           2  (CARRY4=1 LUT4=1)
  Clock Path Skew:        0.022ns (DCD - SCD - CPR)
    Destination Clock Delay (DCD):    0.432ns
    Source Clock Delay      (SCD):    0.410ns
    Clock Pessimism Removal (CPR):    -0.000ns
  Clock Uncertainty:      0.200ns  ((TSJ^2 + TIJ^2)^1/2 + DJ) / 2 + PE + UU
    Total System Jitter     (TSJ):    0.000ns
    Total Input Jitter      (TIJ):    0.000ns
    Discrete Jitter          (DJ):    0.000ns
    Phase Error              (PE):    0.000ns
    User Uncertainty         (UU):    0.200ns

    Location             Delay type                Incr(ns)  Path(ns)    Netlist Resource(s)
  -------------------------------------------------------------------    -------------------
                         (clock aclk rise edge)       0.000     0.000 r  
                                                      0.000     0.000 r  aclk (IN)
                         net (fo=939, unset)          0.410     0.410    u_psum_buffer/aclk
    SLICE_X21Y44         FDCE                                         r  u_psum_buffer/bias_r_reg[9]/C
  -------------------------------------------------------------------    -------------------
    SLICE_X21Y44         FDCE (Prop_fdce_C_Q)         0.141     0.551 r  u_psum_buffer/bias_r_reg[9]/Q
                         net (fo=1, routed)           0.107     0.658    u_psum_buffer/bias_r[9]
    SLICE_X23Y44         LUT4 (Prop_lut4_I3_O)        0.045     0.703 r  u_psum_buffer/psum_mem_r_reg_i_33/O
                         net (fo=1, routed)           0.000     0.703    u_psum_buffer/psum_mem_r_reg_i_33_n_0
    SLICE_X23Y44         CARRY4 (Prop_carry4_S[1]_O[1])
                                                      0.065     0.768 r  u_psum_buffer/psum_mem_r_reg_i_7/O[1]
                         net (fo=2, routed)           0.000     0.768    u_psum_buffer/accumulated_w[9]
    SLICE_X23Y44         FDCE                                         r  u_psum_buffer/result_data_r_reg[9]/D
  -------------------------------------------------------------------    -------------------

                         (clock aclk rise edge)       0.000     0.000 r  
                                                      0.000     0.000 r  aclk (IN)
                         net (fo=939, unset)          0.432     0.432    u_psum_buffer/aclk
    SLICE_X23Y44         FDCE                                         r  u_psum_buffer/result_data_r_reg[9]/C
                         clock pessimism              0.000     0.432    
                         clock uncertainty            0.200     0.632    
    SLICE_X23Y44         FDCE (Hold_fdce_C_D)         0.102     0.734    u_psum_buffer/result_data_r_reg[9]
  -------------------------------------------------------------------
                         required time                         -0.734    
                         arrival time                           0.768    
  -------------------------------------------------------------------
                         slack                                  0.035    

Slack (MET) :             0.036ns  (arrival time - required time)
  Source:                 u_tile_core/u_datapath/at_sum_r_reg[5]/C
                            (rising edge-triggered cell FDCE clocked by aclk  {rise@0.000ns fall@5.000ns period=10.000ns})
  Destination:            u_tile_core/u_datapath/result_data_r_reg[5]/D
                            (rising edge-triggered cell FDCE clocked by aclk  {rise@0.000ns fall@5.000ns period=10.000ns})
  Path Group:             aclk
  Path Type:              Hold (Min at Fast Process Corner)
  Requirement:            0.000ns  (aclk rise@0.000ns - aclk rise@0.000ns)
  Data Path Delay:        0.362ns  (logic 0.251ns (69.256%)  route 0.111ns (30.744%))
  Logic Levels:           2  (CARRY4=1 LUT2=1)
  Clock Path Skew:        0.022ns (DCD - SCD - CPR)
    Destination Clock Delay (DCD):    0.432ns
    Source Clock Delay      (SCD):    0.410ns
    Clock Pessimism Removal (CPR):    -0.000ns
  Clock Uncertainty:      0.200ns  ((TSJ^2 + TIJ^2)^1/2 + DJ) / 2 + PE + UU
    Total System Jitter     (TSJ):    0.000ns
    Total Input Jitter      (TIJ):    0.000ns
    Discrete Jitter          (DJ):    0.000ns
    Phase Error              (PE):    0.000ns
    User Uncertainty         (UU):    0.200ns

    Location             Delay type                Incr(ns)  Path(ns)    Netlist Resource(s)
  -------------------------------------------------------------------    -------------------
                         (clock aclk rise edge)       0.000     0.000 r  
                                                      0.000     0.000 r  aclk (IN)
                         net (fo=939, unset)          0.410     0.410    u_tile_core/u_datapath/aclk
    SLICE_X27Y40         FDCE                                         r  u_tile_core/u_datapath/at_sum_r_reg[5]/C
  -------------------------------------------------------------------    -------------------
    SLICE_X27Y40         FDCE (Prop_fdce_C_Q)         0.141     0.551 r  u_tile_core/u_datapath/at_sum_r_reg[5]/Q
                         net (fo=3, routed)           0.111     0.663    u_tile_core/u_datapath/gen_acc_bank[0].u_acc/Q[5]
    SLICE_X24Y40         LUT2 (Prop_lut2_I1_O)        0.045     0.708 r  u_tile_core/u_datapath/gen_acc_bank[0].u_acc/acc_o0_carry__0_i_3/O
                         net (fo=1, routed)           0.000     0.708    u_tile_core/u_datapath/gen_acc_bank[0].u_acc/acc_o0_carry__0_i_3_n_0
    SLICE_X24Y40         CARRY4 (Prop_carry4_S[1]_O[1])
                                                      0.065     0.773 r  u_tile_core/u_datapath/gen_acc_bank[0].u_acc/acc_o0_carry__0/O[1]
                         net (fo=1, routed)           0.000     0.773    u_tile_core/u_datapath/atv_data_w[5]
    SLICE_X24Y40         FDCE                                         r  u_tile_core/u_datapath/result_data_r_reg[5]/D
  -------------------------------------------------------------------    -------------------

                         (clock aclk rise edge)       0.000     0.000 r  
                                                      0.000     0.000 r  aclk (IN)
                         net (fo=939, unset)          0.432     0.432    u_tile_core/u_datapath/aclk
    SLICE_X24Y40         FDCE                                         r  u_tile_core/u_datapath/result_data_r_reg[5]/C
                         clock pessimism              0.000     0.432    
                         clock uncertainty            0.200     0.632    
    SLICE_X24Y40         FDCE (Hold_fdce_C_D)         0.105     0.737    u_tile_core/u_datapath/result_data_r_reg[5]
  -------------------------------------------------------------------
                         required time                         -0.737    
                         arrival time                           0.773    
  -------------------------------------------------------------------
                         slack                                  0.036    

Slack (MET) :             0.037ns  (arrival time - required time)
  Source:                 layer_bias_r_reg[31]/C
                            (rising edge-triggered cell FDCE clocked by aclk  {rise@0.000ns fall@5.000ns period=10.000ns})
  Destination:            u_psum_buffer/bias_r_reg[31]/D
                            (rising edge-triggered cell FDCE clocked by aclk  {rise@0.000ns fall@5.000ns period=10.000ns})
  Path Group:             aclk
  Path Type:              Hold (Min at Fast Process Corner)
  Requirement:            0.000ns  (aclk rise@0.000ns - aclk rise@0.000ns)
  Data Path Delay:        0.280ns  (logic 0.128ns (45.648%)  route 0.152ns (54.352%))
  Logic Levels:           0  
  Clock Path Skew:        0.022ns (DCD - SCD - CPR)
    Destination Clock Delay (DCD):    0.432ns
    Source Clock Delay      (SCD):    0.410ns
    Clock Pessimism Removal (CPR):    -0.000ns
  Clock Uncertainty:      0.200ns  ((TSJ^2 + TIJ^2)^1/2 + DJ) / 2 + PE + UU
    Total System Jitter     (TSJ):    0.000ns
    Total Input Jitter      (TIJ):    0.000ns
    Discrete Jitter          (DJ):    0.000ns
    Phase Error              (PE):    0.000ns
    User Uncertainty         (UU):    0.200ns

    Location             Delay type                Incr(ns)  Path(ns)    Netlist Resource(s)
  -------------------------------------------------------------------    -------------------
                         (clock aclk rise edge)       0.000     0.000 r  
                                                      0.000     0.000 r  aclk (IN)
                         net (fo=939, unset)          0.410     0.410    aclk
    SLICE_X25Y49         FDCE                                         r  layer_bias_r_reg[31]/C
  -------------------------------------------------------------------    -------------------
    SLICE_X25Y49         FDCE (Prop_fdce_C_Q)         0.128     0.538 r  layer_bias_r_reg[31]/Q
                         net (fo=1, routed)           0.152     0.691    u_psum_buffer/bias_r_reg[31]_0[31]
    SLICE_X24Y48         FDCE                                         r  u_psum_buffer/bias_r_reg[31]/D
  -------------------------------------------------------------------    -------------------

                         (clock aclk rise edge)       0.000     0.000 r  
                                                      0.000     0.000 r  aclk (IN)
                         net (fo=939, unset)          0.432     0.432    u_psum_buffer/aclk
    SLICE_X24Y48         FDCE                                         r  u_psum_buffer/bias_r_reg[31]/C
                         clock pessimism              0.000     0.432    
                         clock uncertainty            0.200     0.632    
    SLICE_X24Y48         FDCE (Hold_fdce_C_D)         0.022     0.654    u_psum_buffer/bias_r_reg[31]
  -------------------------------------------------------------------
                         required time                         -0.654    
                         arrival time                           0.691    
  -------------------------------------------------------------------
                         slack                                  0.037    

Slack (MET) :             0.037ns  (arrival time - required time)
  Source:                 u_tile_core/u_datapath/at_sum_r_reg[10]/C
                            (rising edge-triggered cell FDCE clocked by aclk  {rise@0.000ns fall@5.000ns period=10.000ns})
  Destination:            u_tile_core/u_datapath/result_data_r_reg[10]/D
                            (rising edge-triggered cell FDCE clocked by aclk  {rise@0.000ns fall@5.000ns period=10.000ns})
  Path Group:             aclk
  Path Type:              Hold (Min at Fast Process Corner)
  Requirement:            0.000ns  (aclk rise@0.000ns - aclk rise@0.000ns)
  Data Path Delay:        0.363ns  (logic 0.252ns (69.338%)  route 0.111ns (30.662%))
  Logic Levels:           2  (CARRY4=1 LUT2=1)
  Clock Path Skew:        0.022ns (DCD - SCD - CPR)
    Destination Clock Delay (DCD):    0.432ns
    Source Clock Delay      (SCD):    0.410ns
    Clock Pessimism Removal (CPR):    -0.000ns
  Clock Uncertainty:      0.200ns  ((TSJ^2 + TIJ^2)^1/2 + DJ) / 2 + PE + UU
    Total System Jitter     (TSJ):    0.000ns
    Total Input Jitter      (TIJ):    0.000ns
    Discrete Jitter          (DJ):    0.000ns
    Phase Error              (PE):    0.000ns
    User Uncertainty         (UU):    0.200ns

    Location             Delay type                Incr(ns)  Path(ns)    Netlist Resource(s)
  -------------------------------------------------------------------    -------------------
                         (clock aclk rise edge)       0.000     0.000 r  
                                                      0.000     0.000 r  aclk (IN)
                         net (fo=939, unset)          0.410     0.410    u_tile_core/u_datapath/aclk
    SLICE_X27Y41         FDCE                                         r  u_tile_core/u_datapath/at_sum_r_reg[10]/C
  -------------------------------------------------------------------    -------------------
    SLICE_X27Y41         FDCE (Prop_fdce_C_Q)         0.141     0.551 r  u_tile_core/u_datapath/at_sum_r_reg[10]/Q
                         net (fo=3, routed)           0.111     0.663    u_tile_core/u_datapath/gen_acc_bank[0].u_acc/Q[10]
    SLICE_X24Y41         LUT2 (Prop_lut2_I1_O)        0.045     0.708 r  u_tile_core/u_datapath/gen_acc_bank[0].u_acc/acc_o0_carry__1_i_2/O
                         net (fo=1, routed)           0.000     0.708    u_tile_core/u_datapath/gen_acc_bank[0].u_acc/acc_o0_carry__1_i_2_n_0
    SLICE_X24Y41         CARRY4 (Prop_carry4_S[2]_O[2])
                                                      0.066     0.774 r  u_tile_core/u_datapath/gen_acc_bank[0].u_acc/acc_o0_carry__1/O[2]
                         net (fo=1, routed)           0.000     0.774    u_tile_core/u_datapath/atv_data_w[10]
    SLICE_X24Y41         FDCE                                         r  u_tile_core/u_datapath/result_data_r_reg[10]/D
  -------------------------------------------------------------------    -------------------

                         (clock aclk rise edge)       0.000     0.000 r  
                                                      0.000     0.000 r  aclk (IN)
                         net (fo=939, unset)          0.432     0.432    u_tile_core/u_datapath/aclk
    SLICE_X24Y41         FDCE                                         r  u_tile_core/u_datapath/result_data_r_reg[10]/C
                         clock pessimism              0.000     0.432    
                         clock uncertainty            0.200     0.632    
    SLICE_X24Y41         FDCE (Hold_fdce_C_D)         0.105     0.737    u_tile_core/u_datapath/result_data_r_reg[10]
  -------------------------------------------------------------------
                         required time                         -0.737    
                         arrival time                           0.774    
  -------------------------------------------------------------------
                         slack                                  0.037    

Slack (MET) :             0.037ns  (arrival time - required time)
  Source:                 u_tile_core/u_datapath/at_sum_r_reg[14]/C
                            (rising edge-triggered cell FDCE clocked by aclk  {rise@0.000ns fall@5.000ns period=10.000ns})
  Destination:            u_tile_core/u_datapath/result_data_r_reg[14]/D
                            (rising edge-triggered cell FDCE clocked by aclk  {rise@0.000ns fall@5.000ns period=10.000ns})
  Path Group:             aclk
  Path Type:              Hold (Min at Fast Process Corner)
  Requirement:            0.000ns  (aclk rise@0.000ns - aclk rise@0.000ns)
  Data Path Delay:        0.363ns  (logic 0.252ns (69.338%)  route 0.111ns (30.662%))
  Logic Levels:           2  (CARRY4=1 LUT2=1)
  Clock Path Skew:        0.022ns (DCD - SCD - CPR)
    Destination Clock Delay (DCD):    0.432ns
    Source Clock Delay      (SCD):    0.410ns
    Clock Pessimism Removal (CPR):    -0.000ns
  Clock Uncertainty:      0.200ns  ((TSJ^2 + TIJ^2)^1/2 + DJ) / 2 + PE + UU
    Total System Jitter     (TSJ):    0.000ns
    Total Input Jitter      (TIJ):    0.000ns
    Discrete Jitter          (DJ):    0.000ns
    Phase Error              (PE):    0.000ns
    User Uncertainty         (UU):    0.200ns

    Location             Delay type                Incr(ns)  Path(ns)    Netlist Resource(s)
  -------------------------------------------------------------------    -------------------
                         (clock aclk rise edge)       0.000     0.000 r  
                                                      0.000     0.000 r  aclk (IN)
                         net (fo=939, unset)          0.410     0.410    u_tile_core/u_datapath/aclk
    SLICE_X27Y42         FDCE                                         r  u_tile_core/u_datapath/at_sum_r_reg[14]/C
  -------------------------------------------------------------------    -------------------
    SLICE_X27Y42         FDCE (Prop_fdce_C_Q)         0.141     0.551 r  u_tile_core/u_datapath/at_sum_r_reg[14]/Q
                         net (fo=3, routed)           0.111     0.663    u_tile_core/u_datapath/gen_acc_bank[0].u_acc/Q[14]
    SLICE_X24Y42         LUT2 (Prop_lut2_I1_O)        0.045     0.708 r  u_tile_core/u_datapath/gen_acc_bank[0].u_acc/acc_o0_carry__2_i_2/O
                         net (fo=1, routed)           0.000     0.708    u_tile_core/u_datapath/gen_acc_bank[0].u_acc/acc_o0_carry__2_i_2_n_0
    SLICE_X24Y42         CARRY4 (Prop_carry4_S[2]_O[2])
                                                      0.066     0.774 r  u_tile_core/u_datapath/gen_acc_bank[0].u_acc/acc_o0_carry__2/O[2]
                         net (fo=1, routed)           0.000     0.774    u_tile_core/u_datapath/atv_data_w[14]
    SLICE_X24Y42         FDCE                                         r  u_tile_core/u_datapath/result_data_r_reg[14]/D
  -------------------------------------------------------------------    -------------------

                         (clock aclk rise edge)       0.000     0.000 r  
                                                      0.000     0.000 r  aclk (IN)
                         net (fo=939, unset)          0.432     0.432    u_tile_core/u_datapath/aclk
    SLICE_X24Y42         FDCE                                         r  u_tile_core/u_datapath/result_data_r_reg[14]/C
                         clock pessimism              0.000     0.432    
                         clock uncertainty            0.200     0.632    
    SLICE_X24Y42         FDCE (Hold_fdce_C_D)         0.105     0.737    u_tile_core/u_datapath/result_data_r_reg[14]
  -------------------------------------------------------------------
                         required time                         -0.737    
                         arrival time                           0.774    
  -------------------------------------------------------------------
                         slack                                  0.037    

Slack (MET) :             0.037ns  (arrival time - required time)
  Source:                 u_tile_core/u_datapath/at_sum_r_reg[18]/C
                            (rising edge-triggered cell FDCE clocked by aclk  {rise@0.000ns fall@5.000ns period=10.000ns})
  Destination:            u_tile_core/u_datapath/result_data_r_reg[18]/D
                            (rising edge-triggered cell FDCE clocked by aclk  {rise@0.000ns fall@5.000ns period=10.000ns})
  Path Group:             aclk
  Path Type:              Hold (Min at Fast Process Corner)
  Requirement:            0.000ns  (aclk rise@0.000ns - aclk rise@0.000ns)
  Data Path Delay:        0.363ns  (logic 0.252ns (69.338%)  route 0.111ns (30.662%))
  Logic Levels:           2  (CARRY4=1 LUT2=1)
  Clock Path Skew:        0.022ns (DCD - SCD - CPR)
    Destination Clock Delay (DCD):    0.432ns
    Source Clock Delay      (SCD):    0.410ns
    Clock Pessimism Removal (CPR):    -0.000ns
  Clock Uncertainty:      0.200ns  ((TSJ^2 + TIJ^2)^1/2 + DJ) / 2 + PE + UU
    Total System Jitter     (TSJ):    0.000ns
    Total Input Jitter      (TIJ):    0.000ns
    Discrete Jitter          (DJ):    0.000ns
    Phase Error              (PE):    0.000ns
    User Uncertainty         (UU):    0.200ns

    Location             Delay type                Incr(ns)  Path(ns)    Netlist Resource(s)
  -------------------------------------------------------------------    -------------------
                         (clock aclk rise edge)       0.000     0.000 r  
                                                      0.000     0.000 r  aclk (IN)
                         net (fo=939, unset)          0.410     0.410    u_tile_core/u_datapath/aclk
    SLICE_X27Y43         FDCE                                         r  u_tile_core/u_datapath/at_sum_r_reg[18]/C
  -------------------------------------------------------------------    -------------------
    SLICE_X27Y43         FDCE (Prop_fdce_C_Q)         0.141     0.551 r  u_tile_core/u_datapath/at_sum_r_reg[18]/Q
                         net (fo=3, routed)           0.111     0.663    u_tile_core/u_datapath/gen_acc_bank[0].u_acc/Q[18]
    SLICE_X24Y43         LUT2 (Prop_lut2_I1_O)        0.045     0.708 r  u_tile_core/u_datapath/gen_acc_bank[0].u_acc/acc_o0_carry__3_i_2/O
                         net (fo=1, routed)           0.000     0.708    u_tile_core/u_datapath/gen_acc_bank[0].u_acc/acc_o0_carry__3_i_2_n_0
    SLICE_X24Y43         CARRY4 (Prop_carry4_S[2]_O[2])
                                                      0.066     0.774 r  u_tile_core/u_datapath/gen_acc_bank[0].u_acc/acc_o0_carry__3/O[2]
                         net (fo=1, routed)           0.000     0.774    u_tile_core/u_datapath/atv_data_w[18]
    SLICE_X24Y43         FDCE                                         r  u_tile_core/u_datapath/result_data_r_reg[18]/D
  -------------------------------------------------------------------    -------------------

                         (clock aclk rise edge)       0.000     0.000 r  
                                                      0.000     0.000 r  aclk (IN)
                         net (fo=939, unset)          0.432     0.432    u_tile_core/u_datapath/aclk
    SLICE_X24Y43         FDCE                                         r  u_tile_core/u_datapath/result_data_r_reg[18]/C
                         clock pessimism              0.000     0.432    
                         clock uncertainty            0.200     0.632    
    SLICE_X24Y43         FDCE (Hold_fdce_C_D)         0.105     0.737    u_tile_core/u_datapath/result_data_r_reg[18]
  -------------------------------------------------------------------
                         required time                         -0.737    
                         arrival time                           0.774    
  -------------------------------------------------------------------
                         slack                                  0.037    

Slack (MET) :             0.037ns  (arrival time - required time)
  Source:                 u_tile_core/u_datapath/at_sum_r_reg[22]/C
                            (rising edge-triggered cell FDCE clocked by aclk  {rise@0.000ns fall@5.000ns period=10.000ns})
  Destination:            u_tile_core/u_datapath/result_data_r_reg[22]/D
                            (rising edge-triggered cell FDCE clocked by aclk  {rise@0.000ns fall@5.000ns period=10.000ns})
  Path Group:             aclk
  Path Type:              Hold (Min at Fast Process Corner)
  Requirement:            0.000ns  (aclk rise@0.000ns - aclk rise@0.000ns)
  Data Path Delay:        0.363ns  (logic 0.252ns (69.338%)  route 0.111ns (30.662%))
  Logic Levels:           2  (CARRY4=1 LUT2=1)
  Clock Path Skew:        0.022ns (DCD - SCD - CPR)
    Destination Clock Delay (DCD):    0.432ns
    Source Clock Delay      (SCD):    0.410ns
    Clock Pessimism Removal (CPR):    -0.000ns
  Clock Uncertainty:      0.200ns  ((TSJ^2 + TIJ^2)^1/2 + DJ) / 2 + PE + UU
    Total System Jitter     (TSJ):    0.000ns
    Total Input Jitter      (TIJ):    0.000ns
    Discrete Jitter          (DJ):    0.000ns
    Phase Error              (PE):    0.000ns
    User Uncertainty         (UU):    0.200ns

    Location             Delay type                Incr(ns)  Path(ns)    Netlist Resource(s)
  -------------------------------------------------------------------    -------------------
                         (clock aclk rise edge)       0.000     0.000 r  
                                                      0.000     0.000 r  aclk (IN)
                         net (fo=939, unset)          0.410     0.410    u_tile_core/u_datapath/aclk
    SLICE_X27Y44         FDCE                                         r  u_tile_core/u_datapath/at_sum_r_reg[22]/C
  -------------------------------------------------------------------    -------------------
    SLICE_X27Y44         FDCE (Prop_fdce_C_Q)         0.141     0.551 r  u_tile_core/u_datapath/at_sum_r_reg[22]/Q
                         net (fo=3, routed)           0.111     0.663    u_tile_core/u_datapath/gen_acc_bank[0].u_acc/Q[22]
    SLICE_X24Y44         LUT2 (Prop_lut2_I1_O)        0.045     0.708 r  u_tile_core/u_datapath/gen_acc_bank[0].u_acc/acc_o0_carry__4_i_2/O
                         net (fo=1, routed)           0.000     0.708    u_tile_core/u_datapath/gen_acc_bank[0].u_acc/acc_o0_carry__4_i_2_n_0
    SLICE_X24Y44         CARRY4 (Prop_carry4_S[2]_O[2])
                                                      0.066     0.774 r  u_tile_core/u_datapath/gen_acc_bank[0].u_acc/acc_o0_carry__4/O[2]
                         net (fo=1, routed)           0.000     0.774    u_tile_core/u_datapath/atv_data_w[22]
    SLICE_X24Y44         FDCE                                         r  u_tile_core/u_datapath/result_data_r_reg[22]/D
  -------------------------------------------------------------------    -------------------

                         (clock aclk rise edge)       0.000     0.000 r  
                                                      0.000     0.000 r  aclk (IN)
                         net (fo=939, unset)          0.432     0.432    u_tile_core/u_datapath/aclk
    SLICE_X24Y44         FDCE                                         r  u_tile_core/u_datapath/result_data_r_reg[22]/C
                         clock pessimism              0.000     0.432    
                         clock uncertainty            0.200     0.632    
    SLICE_X24Y44         FDCE (Hold_fdce_C_D)         0.105     0.737    u_tile_core/u_datapath/result_data_r_reg[22]
  -------------------------------------------------------------------
                         required time                         -0.737    
                         arrival time                           0.774    
  -------------------------------------------------------------------
                         slack                                  0.037    

Slack (MET) :             0.037ns  (arrival time - required time)
  Source:                 u_tile_core/u_datapath/at_sum_r_reg[2]/C
                            (rising edge-triggered cell FDCE clocked by aclk  {rise@0.000ns fall@5.000ns period=10.000ns})
  Destination:            u_tile_core/u_datapath/result_data_r_reg[2]/D
                            (rising edge-triggered cell FDCE clocked by aclk  {rise@0.000ns fall@5.000ns period=10.000ns})
  Path Group:             aclk
  Path Type:              Hold (Min at Fast Process Corner)
  Requirement:            0.000ns  (aclk rise@0.000ns - aclk rise@0.000ns)
  Data Path Delay:        0.363ns  (logic 0.252ns (69.338%)  route 0.111ns (30.662%))
  Logic Levels:           2  (CARRY4=1 LUT2=1)
  Clock Path Skew:        0.022ns (DCD - SCD - CPR)
    Destination Clock Delay (DCD):    0.432ns
    Source Clock Delay      (SCD):    0.410ns
    Clock Pessimism Removal (CPR):    -0.000ns
  Clock Uncertainty:      0.200ns  ((TSJ^2 + TIJ^2)^1/2 + DJ) / 2 + PE + UU
    Total System Jitter     (TSJ):    0.000ns
    Total Input Jitter      (TIJ):    0.000ns
    Discrete Jitter          (DJ):    0.000ns
    Phase Error              (PE):    0.000ns
    User Uncertainty         (UU):    0.200ns

    Location             Delay type                Incr(ns)  Path(ns)    Netlist Resource(s)
  -------------------------------------------------------------------    -------------------
                         (clock aclk rise edge)       0.000     0.000 r  
                                                      0.000     0.000 r  aclk (IN)
                         net (fo=939, unset)          0.410     0.410    u_tile_core/u_datapath/aclk
    SLICE_X27Y39         FDCE                                         r  u_tile_core/u_datapath/at_sum_r_reg[2]/C
  -------------------------------------------------------------------    -------------------
    SLICE_X27Y39         FDCE (Prop_fdce_C_Q)         0.141     0.551 r  u_tile_core/u_datapath/at_sum_r_reg[2]/Q
                         net (fo=3, routed)           0.111     0.663    u_tile_core/u_datapath/gen_acc_bank[0].u_acc/Q[2]
    SLICE_X24Y39         LUT2 (Prop_lut2_I1_O)        0.045     0.708 r  u_tile_core/u_datapath/gen_acc_bank[0].u_acc/acc_o0_carry_i_2/O
                         net (fo=1, routed)           0.000     0.708    u_tile_core/u_datapath/gen_acc_bank[0].u_acc/acc_o0_carry_i_2_n_0
    SLICE_X24Y39         CARRY4 (Prop_carry4_S[2]_O[2])
                                                      0.066     0.774 r  u_tile_core/u_datapath/gen_acc_bank[0].u_acc/acc_o0_carry/O[2]
                         net (fo=1, routed)           0.000     0.774    u_tile_core/u_datapath/atv_data_w[2]
    SLICE_X24Y39         FDCE                                         r  u_tile_core/u_datapath/result_data_r_reg[2]/D
  -------------------------------------------------------------------    -------------------

                         (clock aclk rise edge)       0.000     0.000 r  
                                                      0.000     0.000 r  aclk (IN)
                         net (fo=939, unset)          0.432     0.432    u_tile_core/u_datapath/aclk
    SLICE_X24Y39         FDCE                                         r  u_tile_core/u_datapath/result_data_r_reg[2]/C
                         clock pessimism              0.000     0.432    
                         clock uncertainty            0.200     0.632    
    SLICE_X24Y39         FDCE (Hold_fdce_C_D)         0.105     0.737    u_tile_core/u_datapath/result_data_r_reg[2]
  -------------------------------------------------------------------
                         required time                         -0.737    
                         arrival time                           0.774    
  -------------------------------------------------------------------
                         slack                                  0.037    





Pulse Width Checks
--------------------------------------------------------------------------------------
Clock Name:         aclk
Waveform(ns):       { 0.000 5.000 }
Period(ns):         10.000
Sources:            { aclk }

Check Type        Corner  Lib Pin             Reference Pin  Required(ns)  Actual(ns)  Slack(ns)  Location      Pin
Min Period        n/a     RAMB36E1/CLKARDCLK  n/a            2.944         10.000      7.056      RAMB36_X1Y9   u_psum_buffer/psum_mem_r_reg/CLKARDCLK
Min Period        n/a     RAMB18E1/CLKARDCLK  n/a            2.944         10.000      7.056      RAMB18_X2Y14  u_tile_core/u_weight_mem/gen_weight_bram_lane[0].mem_r_reg/CLKARDCLK
Min Period        n/a     RAMB18E1/CLKARDCLK  n/a            2.944         10.000      7.056      RAMB18_X1Y15  u_tile_core/u_weight_mem/gen_weight_bram_lane[1].mem_r_reg/CLKARDCLK
Min Period        n/a     RAMB18E1/CLKARDCLK  n/a            2.944         10.000      7.056      RAMB18_X0Y14  u_tile_core/u_weight_mem/gen_weight_bram_lane[2].mem_r_reg/CLKARDCLK
Min Period        n/a     RAMB18E1/CLKARDCLK  n/a            2.944         10.000      7.056      RAMB18_X0Y12  u_tile_core/u_weight_mem/gen_weight_bram_lane[3].mem_r_reg/CLKARDCLK
Min Period        n/a     RAMB18E1/CLKARDCLK  n/a            2.944         10.000      7.056      RAMB18_X1Y12  u_tile_core/u_weight_mem/gen_weight_bram_lane[4].mem_r_reg/CLKARDCLK
Min Period        n/a     RAMB18E1/CLKARDCLK  n/a            2.944         10.000      7.056      RAMB18_X1Y16  u_tile_core/u_weight_mem/gen_weight_bram_lane[5].mem_r_reg/CLKARDCLK
Min Period        n/a     RAMB18E1/CLKARDCLK  n/a            2.944         10.000      7.056      RAMB18_X2Y16  u_tile_core/u_weight_mem/gen_weight_bram_lane[6].mem_r_reg/CLKARDCLK
Min Period        n/a     RAMB18E1/CLKARDCLK  n/a            2.944         10.000      7.056      RAMB18_X2Y17  u_tile_core/u_weight_mem/gen_weight_bram_lane[7].mem_r_reg/CLKARDCLK
Min Period        n/a     RAMB18E1/CLKARDCLK  n/a            2.944         10.000      7.056      RAMB18_X1Y14  u_tile_core/u_weight_mem/gen_weight_bram_lane[8].mem_r_reg/CLKARDCLK
Min Period        n/a     RAMB36E1/CLKBWRCLK  n/a            2.576         10.000      7.424      RAMB36_X1Y9   u_psum_buffer/psum_mem_r_reg/CLKBWRCLK
Min Period        n/a     RAMB18E1/CLKBWRCLK  n/a            2.576         10.000      7.424      RAMB18_X2Y14  u_tile_core/u_weight_mem/gen_weight_bram_lane[0].mem_r_reg/CLKBWRCLK
Min Period        n/a     RAMB18E1/CLKBWRCLK  n/a            2.576         10.000      7.424      RAMB18_X1Y15  u_tile_core/u_weight_mem/gen_weight_bram_lane[1].mem_r_reg/CLKBWRCLK
Min Period        n/a     RAMB18E1/CLKBWRCLK  n/a            2.576         10.000      7.424      RAMB18_X0Y14  u_tile_core/u_weight_mem/gen_weight_bram_lane[2].mem_r_reg/CLKBWRCLK
Min Period        n/a     RAMB18E1/CLKBWRCLK  n/a            2.576         10.000      7.424      RAMB18_X0Y12  u_tile_core/u_weight_mem/gen_weight_bram_lane[3].mem_r_reg/CLKBWRCLK
Min Period        n/a     RAMB18E1/CLKBWRCLK  n/a            2.576         10.000      7.424      RAMB18_X1Y12  u_tile_core/u_weight_mem/gen_weight_bram_lane[4].mem_r_reg/CLKBWRCLK
Min Period        n/a     RAMB18E1/CLKBWRCLK  n/a            2.576         10.000      7.424      RAMB18_X1Y16  u_tile_core/u_weight_mem/gen_weight_bram_lane[5].mem_r_reg/CLKBWRCLK
Min Period        n/a     RAMB18E1/CLKBWRCLK  n/a            2.576         10.000      7.424      RAMB18_X2Y16  u_tile_core/u_weight_mem/gen_weight_bram_lane[6].mem_r_reg/CLKBWRCLK
Min Period        n/a     RAMB18E1/CLKBWRCLK  n/a            2.576         10.000      7.424      RAMB18_X2Y17  u_tile_core/u_weight_mem/gen_weight_bram_lane[7].mem_r_reg/CLKBWRCLK
Min Period        n/a     RAMB18E1/CLKBWRCLK  n/a            2.576         10.000      7.424      RAMB18_X1Y14  u_tile_core/u_weight_mem/gen_weight_bram_lane[8].mem_r_reg/CLKBWRCLK
Low Pulse Width   Slow    RAMD32/CLK          n/a            1.250         5.000       3.750      SLICE_X22Y43  u_output_fifo/data_mem_r_reg_0_15_0_5/RAMA/CLK
Low Pulse Width   Fast    RAMD32/CLK          n/a            1.250         5.000       3.750      SLICE_X22Y43  u_output_fifo/data_mem_r_reg_0_15_0_5/RAMA/CLK
Low Pulse Width   Slow    RAMD32/CLK          n/a            1.250         5.000       3.750      SLICE_X22Y43  u_output_fifo/data_mem_r_reg_0_15_0_5/RAMA_D1/CLK
Low Pulse Width   Fast    RAMD32/CLK          n/a            1.250         5.000       3.750      SLICE_X22Y43  u_output_fifo/data_mem_r_reg_0_15_0_5/RAMA_D1/CLK
Low Pulse Width   Slow    RAMD32/CLK          n/a            1.250         5.000       3.750      SLICE_X22Y43  u_output_fifo/data_mem_r_reg_0_15_0_5/RAMB/CLK
Low Pulse Width   Fast    RAMD32/CLK          n/a            1.250         5.000       3.750      SLICE_X22Y43  u_output_fifo/data_mem_r_reg_0_15_0_5/RAMB/CLK
Low Pulse Width   Slow    RAMD32/CLK          n/a            1.250         5.000       3.750      SLICE_X22Y43  u_output_fifo/data_mem_r_reg_0_15_0_5/RAMB_D1/CLK
Low Pulse Width   Fast    RAMD32/CLK          n/a            1.250         5.000       3.750      SLICE_X22Y43  u_output_fifo/data_mem_r_reg_0_15_0_5/RAMB_D1/CLK
Low Pulse Width   Slow    RAMD32/CLK          n/a            1.250         5.000       3.750      SLICE_X22Y43  u_output_fifo/data_mem_r_reg_0_15_0_5/RAMC/CLK
Low Pulse Width   Fast    RAMD32/CLK          n/a            1.250         5.000       3.750      SLICE_X22Y43  u_output_fifo/data_mem_r_reg_0_15_0_5/RAMC/CLK
Low Pulse Width   Slow    RAMD32/CLK          n/a            1.250         5.000       3.750      SLICE_X22Y43  u_output_fifo/data_mem_r_reg_0_15_0_5/RAMC_D1/CLK
Low Pulse Width   Fast    RAMD32/CLK          n/a            1.250         5.000       3.750      SLICE_X22Y43  u_output_fifo/data_mem_r_reg_0_15_0_5/RAMC_D1/CLK
Low Pulse Width   Slow    RAMS32/CLK          n/a            1.250         5.000       3.750      SLICE_X22Y43  u_output_fifo/data_mem_r_reg_0_15_0_5/RAMD/CLK
Low Pulse Width   Fast    RAMS32/CLK          n/a            1.250         5.000       3.750      SLICE_X22Y43  u_output_fifo/data_mem_r_reg_0_15_0_5/RAMD/CLK
Low Pulse Width   Slow    RAMS32/CLK          n/a            1.250         5.000       3.750      SLICE_X22Y43  u_output_fifo/data_mem_r_reg_0_15_0_5/RAMD_D1/CLK
Low Pulse Width   Fast    RAMS32/CLK          n/a            1.250         5.000       3.750      SLICE_X22Y43  u_output_fifo/data_mem_r_reg_0_15_0_5/RAMD_D1/CLK
Low Pulse Width   Slow    RAMD32/CLK          n/a            1.250         5.000       3.750      SLICE_X22Y45  u_output_fifo/data_mem_r_reg_0_15_12_17/RAMA/CLK
Low Pulse Width   Fast    RAMD32/CLK          n/a            1.250         5.000       3.750      SLICE_X22Y45  u_output_fifo/data_mem_r_reg_0_15_12_17/RAMA/CLK
Low Pulse Width   Slow    RAMD32/CLK          n/a            1.250         5.000       3.750      SLICE_X22Y45  u_output_fifo/data_mem_r_reg_0_15_12_17/RAMA_D1/CLK
Low Pulse Width   Fast    RAMD32/CLK          n/a            1.250         5.000       3.750      SLICE_X22Y45  u_output_fifo/data_mem_r_reg_0_15_12_17/RAMA_D1/CLK
High Pulse Width  Slow    RAMD32/CLK          n/a            1.250         5.000       3.750      SLICE_X22Y43  u_output_fifo/data_mem_r_reg_0_15_0_5/RAMA/CLK
High Pulse Width  Fast    RAMD32/CLK          n/a            1.250         5.000       3.750      SLICE_X22Y43  u_output_fifo/data_mem_r_reg_0_15_0_5/RAMA/CLK
High Pulse Width  Slow    RAMD32/CLK          n/a            1.250         5.000       3.750      SLICE_X22Y43  u_output_fifo/data_mem_r_reg_0_15_0_5/RAMA_D1/CLK
High Pulse Width  Fast    RAMD32/CLK          n/a            1.250         5.000       3.750      SLICE_X22Y43  u_output_fifo/data_mem_r_reg_0_15_0_5/RAMA_D1/CLK
High Pulse Width  Slow    RAMD32/CLK          n/a            1.250         5.000       3.750      SLICE_X22Y43  u_output_fifo/data_mem_r_reg_0_15_0_5/RAMB/CLK
High Pulse Width  Fast    RAMD32/CLK          n/a            1.250         5.000       3.750      SLICE_X22Y43  u_output_fifo/data_mem_r_reg_0_15_0_5/RAMB/CLK
High Pulse Width  Slow    RAMD32/CLK          n/a            1.250         5.000       3.750      SLICE_X22Y43  u_output_fifo/data_mem_r_reg_0_15_0_5/RAMB_D1/CLK
High Pulse Width  Fast    RAMD32/CLK          n/a            1.250         5.000       3.750      SLICE_X22Y43  u_output_fifo/data_mem_r_reg_0_15_0_5/RAMB_D1/CLK
High Pulse Width  Slow    RAMD32/CLK          n/a            1.250         5.000       3.750      SLICE_X22Y43  u_output_fifo/data_mem_r_reg_0_15_0_5/RAMC/CLK
High Pulse Width  Fast    RAMD32/CLK          n/a            1.250         5.000       3.750      SLICE_X22Y43  u_output_fifo/data_mem_r_reg_0_15_0_5/RAMC/CLK
High Pulse Width  Slow    RAMD32/CLK          n/a            1.250         5.000       3.750      SLICE_X22Y43  u_output_fifo/data_mem_r_reg_0_15_0_5/RAMC_D1/CLK
High Pulse Width  Fast    RAMD32/CLK          n/a            1.250         5.000       3.750      SLICE_X22Y43  u_output_fifo/data_mem_r_reg_0_15_0_5/RAMC_D1/CLK
High Pulse Width  Slow    RAMS32/CLK          n/a            1.250         5.000       3.750      SLICE_X22Y43  u_output_fifo/data_mem_r_reg_0_15_0_5/RAMD/CLK
High Pulse Width  Fast    RAMS32/CLK          n/a            1.250         5.000       3.750      SLICE_X22Y43  u_output_fifo/data_mem_r_reg_0_15_0_5/RAMD/CLK
High Pulse Width  Slow    RAMS32/CLK          n/a            1.250         5.000       3.750      SLICE_X22Y43  u_output_fifo/data_mem_r_reg_0_15_0_5/RAMD_D1/CLK
High Pulse Width  Fast    RAMS32/CLK          n/a            1.250         5.000       3.750      SLICE_X22Y43  u_output_fifo/data_mem_r_reg_0_15_0_5/RAMD_D1/CLK
High Pulse Width  Slow    RAMD32/CLK          n/a            1.250         5.000       3.750      SLICE_X22Y45  u_output_fifo/data_mem_r_reg_0_15_12_17/RAMA/CLK
High Pulse Width  Fast    RAMD32/CLK          n/a            1.250         5.000       3.750      SLICE_X22Y45  u_output_fifo/data_mem_r_reg_0_15_12_17/RAMA/CLK
High Pulse Width  Slow    RAMD32/CLK          n/a            1.250         5.000       3.750      SLICE_X22Y45  u_output_fifo/data_mem_r_reg_0_15_12_17/RAMA_D1/CLK
High Pulse Width  Fast    RAMD32/CLK          n/a            1.250         5.000       3.750      SLICE_X22Y45  u_output_fifo/data_mem_r_reg_0_15_12_17/RAMA_D1/CLK



---------------------------------------------------------------------------------------------------
Path Group:  **async_default**
From Clock:  aclk
  To Clock:  aclk

Setup :            0  Failing Endpoints,  Worst Slack        2.511ns,  Total Violation        0.000ns
Hold  :            0  Failing Endpoints,  Worst Slack        1.015ns,  Total Violation        0.000ns
---------------------------------------------------------------------------------------------------


Max Delay Paths
--------------------------------------------------------------------------------------
Slack (MET) :             2.511ns  (required time - arrival time)
  Source:                 s_axi_bvalid_reg/C
                            (rising edge-triggered cell FDCE clocked by aclk  {rise@0.000ns fall@5.000ns period=10.000ns})
  Destination:            u_tile_core/u_datapath/mul_stage_r_reg[3][0]/CLR
                            (recovery check against rising-edge clock aclk  {rise@0.000ns fall@5.000ns period=10.000ns})
  Path Group:             **async_default**
  Path Type:              Recovery (Max at Slow Process Corner)
  Requirement:            10.000ns  (aclk rise@10.000ns - aclk rise@0.000ns)
  Data Path Delay:        6.684ns  (logic 1.214ns (18.162%)  route 5.470ns (81.838%))
  Logic Levels:           4  (LUT2=1 LUT4=1 LUT5=1 LUT6=1)
  Clock Path Skew:        -0.049ns (DCD - SCD + CPR)
    Destination Clock Delay (DCD):    0.924ns = ( 10.924 - 10.000 ) 
    Source Clock Delay      (SCD):    0.973ns
    Clock Pessimism Removal (CPR):    0.000ns
  Clock Uncertainty:      0.235ns  ((TSJ^2 + TIJ^2)^1/2 + DJ) / 2 + PE + UU
    Total System Jitter     (TSJ):    0.071ns
    Total Input Jitter      (TIJ):    0.000ns
    Discrete Jitter          (DJ):    0.000ns
    Phase Error              (PE):    0.000ns
    User Uncertainty         (UU):    0.200ns

    Location             Delay type                Incr(ns)  Path(ns)    Netlist Resource(s)
  -------------------------------------------------------------------    -------------------
                         (clock aclk rise edge)       0.000     0.000 r  
                                                      0.000     0.000 r  aclk (IN)
                         net (fo=939, unset)          0.973     0.973    aclk
    SLICE_X45Y56         FDCE                                         r  s_axi_bvalid_reg/C
  -------------------------------------------------------------------    -------------------
    SLICE_X45Y56         FDCE (Prop_fdce_C_Q)         0.456     1.429 r  s_axi_bvalid_reg/Q
                         net (fo=8, routed)           1.010     2.439    u_output_fifo/state_r[2]_i_5_0
    SLICE_X45Y56         LUT5 (Prop_lut5_I4_O)        0.152     2.591 f  u_output_fifo/state_r[2]_i_7/O
                         net (fo=2, routed)           0.826     3.418    u_output_fifo/p_38_in
    SLICE_X44Y56         LUT6 (Prop_lut6_I3_O)        0.332     3.750 f  u_output_fifo/done_sticky_r_i_7/O
                         net (fo=6, routed)           0.616     4.366    u_output_fifo/wstrb_r_reg[0]
    SLICE_X43Y52         LUT4 (Prop_lut4_I3_O)        0.124     4.490 f  u_output_fifo/done_sticky_r_i_2/O
                         net (fo=49, routed)          0.846     5.336    u_tile_core/u_datapath/gen_acc_bank[0].u_acc/acc_o_reg[31]_0
    SLICE_X37Y53         LUT2 (Prop_lut2_I0_O)        0.150     5.486 f  u_tile_core/u_datapath/gen_acc_bank[0].u_acc/FSM_onehot_state_r[7]_i_2/O
                         net (fo=592, routed)         2.171     7.657    u_tile_core/u_datapath/aresetn_0
    SLICE_X20Y30         FDCE                                         f  u_tile_core/u_datapath/mul_stage_r_reg[3][0]/CLR
  -------------------------------------------------------------------    -------------------

                         (clock aclk rise edge)      10.000    10.000 r  
                                                      0.000    10.000 r  aclk (IN)
                         net (fo=939, unset)          0.924    10.924    u_tile_core/u_datapath/aclk
    SLICE_X20Y30         FDCE                                         r  u_tile_core/u_datapath/mul_stage_r_reg[3][0]/C
                         clock pessimism              0.000    10.924    
                         clock uncertainty           -0.235    10.689    
    SLICE_X20Y30         FDCE (Recov_fdce_C_CLR)     -0.521    10.168    u_tile_core/u_datapath/mul_stage_r_reg[3][0]
  -------------------------------------------------------------------
                         required time                         10.168    
                         arrival time                          -7.657    
  -------------------------------------------------------------------
                         slack                                  2.511    

Slack (MET) :             2.511ns  (required time - arrival time)
  Source:                 s_axi_bvalid_reg/C
                            (rising edge-triggered cell FDCE clocked by aclk  {rise@0.000ns fall@5.000ns period=10.000ns})
  Destination:            u_tile_core/u_datapath/mul_stage_r_reg[3][1]/CLR
                            (recovery check against rising-edge clock aclk  {rise@0.000ns fall@5.000ns period=10.000ns})
  Path Group:             **async_default**
  Path Type:              Recovery (Max at Slow Process Corner)
  Requirement:            10.000ns  (aclk rise@10.000ns - aclk rise@0.000ns)
  Data Path Delay:        6.684ns  (logic 1.214ns (18.162%)  route 5.470ns (81.838%))
  Logic Levels:           4  (LUT2=1 LUT4=1 LUT5=1 LUT6=1)
  Clock Path Skew:        -0.049ns (DCD - SCD + CPR)
    Destination Clock Delay (DCD):    0.924ns = ( 10.924 - 10.000 ) 
    Source Clock Delay      (SCD):    0.973ns
    Clock Pessimism Removal (CPR):    0.000ns
  Clock Uncertainty:      0.235ns  ((TSJ^2 + TIJ^2)^1/2 + DJ) / 2 + PE + UU
    Total System Jitter     (TSJ):    0.071ns
    Total Input Jitter      (TIJ):    0.000ns
    Discrete Jitter          (DJ):    0.000ns
    Phase Error              (PE):    0.000ns
    User Uncertainty         (UU):    0.200ns

    Location             Delay type                Incr(ns)  Path(ns)    Netlist Resource(s)
  -------------------------------------------------------------------    -------------------
                         (clock aclk rise edge)       0.000     0.000 r  
                                                      0.000     0.000 r  aclk (IN)
                         net (fo=939, unset)          0.973     0.973    aclk
    SLICE_X45Y56         FDCE                                         r  s_axi_bvalid_reg/C
  -------------------------------------------------------------------    -------------------
    SLICE_X45Y56         FDCE (Prop_fdce_C_Q)         0.456     1.429 r  s_axi_bvalid_reg/Q
                         net (fo=8, routed)           1.010     2.439    u_output_fifo/state_r[2]_i_5_0
    SLICE_X45Y56         LUT5 (Prop_lut5_I4_O)        0.152     2.591 f  u_output_fifo/state_r[2]_i_7/O
                         net (fo=2, routed)           0.826     3.418    u_output_fifo/p_38_in
    SLICE_X44Y56         LUT6 (Prop_lut6_I3_O)        0.332     3.750 f  u_output_fifo/done_sticky_r_i_7/O
                         net (fo=6, routed)           0.616     4.366    u_output_fifo/wstrb_r_reg[0]
    SLICE_X43Y52         LUT4 (Prop_lut4_I3_O)        0.124     4.490 f  u_output_fifo/done_sticky_r_i_2/O
                         net (fo=49, routed)          0.846     5.336    u_tile_core/u_datapath/gen_acc_bank[0].u_acc/acc_o_reg[31]_0
    SLICE_X37Y53         LUT2 (Prop_lut2_I0_O)        0.150     5.486 f  u_tile_core/u_datapath/gen_acc_bank[0].u_acc/FSM_onehot_state_r[7]_i_2/O
                         net (fo=592, routed)         2.171     7.657    u_tile_core/u_datapath/aresetn_0
    SLICE_X20Y30         FDCE                                         f  u_tile_core/u_datapath/mul_stage_r_reg[3][1]/CLR
  -------------------------------------------------------------------    -------------------

                         (clock aclk rise edge)      10.000    10.000 r  
                                                      0.000    10.000 r  aclk (IN)
                         net (fo=939, unset)          0.924    10.924    u_tile_core/u_datapath/aclk
    SLICE_X20Y30         FDCE                                         r  u_tile_core/u_datapath/mul_stage_r_reg[3][1]/C
                         clock pessimism              0.000    10.924    
                         clock uncertainty           -0.235    10.689    
    SLICE_X20Y30         FDCE (Recov_fdce_C_CLR)     -0.521    10.168    u_tile_core/u_datapath/mul_stage_r_reg[3][1]
  -------------------------------------------------------------------
                         required time                         10.168    
                         arrival time                          -7.657    
  -------------------------------------------------------------------
                         slack                                  2.511    

Slack (MET) :             2.511ns  (required time - arrival time)
  Source:                 s_axi_bvalid_reg/C
                            (rising edge-triggered cell FDCE clocked by aclk  {rise@0.000ns fall@5.000ns period=10.000ns})
  Destination:            u_tile_core/u_datapath/mul_stage_r_reg[3][2]/CLR
                            (recovery check against rising-edge clock aclk  {rise@0.000ns fall@5.000ns period=10.000ns})
  Path Group:             **async_default**
  Path Type:              Recovery (Max at Slow Process Corner)
  Requirement:            10.000ns  (aclk rise@10.000ns - aclk rise@0.000ns)
  Data Path Delay:        6.684ns  (logic 1.214ns (18.162%)  route 5.470ns (81.838%))
  Logic Levels:           4  (LUT2=1 LUT4=1 LUT5=1 LUT6=1)
  Clock Path Skew:        -0.049ns (DCD - SCD + CPR)
    Destination Clock Delay (DCD):    0.924ns = ( 10.924 - 10.000 ) 
    Source Clock Delay      (SCD):    0.973ns
    Clock Pessimism Removal (CPR):    0.000ns
  Clock Uncertainty:      0.235ns  ((TSJ^2 + TIJ^2)^1/2 + DJ) / 2 + PE + UU
    Total System Jitter     (TSJ):    0.071ns
    Total Input Jitter      (TIJ):    0.000ns
    Discrete Jitter          (DJ):    0.000ns
    Phase Error              (PE):    0.000ns
    User Uncertainty         (UU):    0.200ns

    Location             Delay type                Incr(ns)  Path(ns)    Netlist Resource(s)
  -------------------------------------------------------------------    -------------------
                         (clock aclk rise edge)       0.000     0.000 r  
                                                      0.000     0.000 r  aclk (IN)
                         net (fo=939, unset)          0.973     0.973    aclk
    SLICE_X45Y56         FDCE                                         r  s_axi_bvalid_reg/C
  -------------------------------------------------------------------    -------------------
    SLICE_X45Y56         FDCE (Prop_fdce_C_Q)         0.456     1.429 r  s_axi_bvalid_reg/Q
                         net (fo=8, routed)           1.010     2.439    u_output_fifo/state_r[2]_i_5_0
    SLICE_X45Y56         LUT5 (Prop_lut5_I4_O)        0.152     2.591 f  u_output_fifo/state_r[2]_i_7/O
                         net (fo=2, routed)           0.826     3.418    u_output_fifo/p_38_in
    SLICE_X44Y56         LUT6 (Prop_lut6_I3_O)        0.332     3.750 f  u_output_fifo/done_sticky_r_i_7/O
                         net (fo=6, routed)           0.616     4.366    u_output_fifo/wstrb_r_reg[0]
    SLICE_X43Y52         LUT4 (Prop_lut4_I3_O)        0.124     4.490 f  u_output_fifo/done_sticky_r_i_2/O
                         net (fo=49, routed)          0.846     5.336    u_tile_core/u_datapath/gen_acc_bank[0].u_acc/acc_o_reg[31]_0
    SLICE_X37Y53         LUT2 (Prop_lut2_I0_O)        0.150     5.486 f  u_tile_core/u_datapath/gen_acc_bank[0].u_acc/FSM_onehot_state_r[7]_i_2/O
                         net (fo=592, routed)         2.171     7.657    u_tile_core/u_datapath/aresetn_0
    SLICE_X20Y30         FDCE                                         f  u_tile_core/u_datapath/mul_stage_r_reg[3][2]/CLR
  -------------------------------------------------------------------    -------------------

                         (clock aclk rise edge)      10.000    10.000 r  
                                                      0.000    10.000 r  aclk (IN)
                         net (fo=939, unset)          0.924    10.924    u_tile_core/u_datapath/aclk
    SLICE_X20Y30         FDCE                                         r  u_tile_core/u_datapath/mul_stage_r_reg[3][2]/C
                         clock pessimism              0.000    10.924    
                         clock uncertainty           -0.235    10.689    
    SLICE_X20Y30         FDCE (Recov_fdce_C_CLR)     -0.521    10.168    u_tile_core/u_datapath/mul_stage_r_reg[3][2]
  -------------------------------------------------------------------
                         required time                         10.168    
                         arrival time                          -7.657    
  -------------------------------------------------------------------
                         slack                                  2.511    

Slack (MET) :             2.535ns  (required time - arrival time)
  Source:                 s_axi_bvalid_reg/C
                            (rising edge-triggered cell FDCE clocked by aclk  {rise@0.000ns fall@5.000ns period=10.000ns})
  Destination:            u_tile_core/u_datapath/mul_stage_r_reg[3][10]/CLR
                            (recovery check against rising-edge clock aclk  {rise@0.000ns fall@5.000ns period=10.000ns})
  Path Group:             **async_default**
  Path Type:              Recovery (Max at Slow Process Corner)
  Requirement:            10.000ns  (aclk rise@10.000ns - aclk rise@0.000ns)
  Data Path Delay:        6.574ns  (logic 1.214ns (18.466%)  route 5.360ns (81.535%))
  Logic Levels:           4  (LUT2=1 LUT4=1 LUT5=1 LUT6=1)
  Clock Path Skew:        -0.049ns (DCD - SCD + CPR)
    Destination Clock Delay (DCD):    0.924ns = ( 10.924 - 10.000 ) 
    Source Clock Delay      (SCD):    0.973ns
    Clock Pessimism Removal (CPR):    0.000ns
  Clock Uncertainty:      0.235ns  ((TSJ^2 + TIJ^2)^1/2 + DJ) / 2 + PE + UU
    Total System Jitter     (TSJ):    0.071ns
    Total Input Jitter      (TIJ):    0.000ns
    Discrete Jitter          (DJ):    0.000ns
    Phase Error              (PE):    0.000ns
    User Uncertainty         (UU):    0.200ns

    Location             Delay type                Incr(ns)  Path(ns)    Netlist Resource(s)
  -------------------------------------------------------------------    -------------------
                         (clock aclk rise edge)       0.000     0.000 r  
                                                      0.000     0.000 r  aclk (IN)
                         net (fo=939, unset)          0.973     0.973    aclk
    SLICE_X45Y56         FDCE                                         r  s_axi_bvalid_reg/C
  -------------------------------------------------------------------    -------------------
    SLICE_X45Y56         FDCE (Prop_fdce_C_Q)         0.456     1.429 r  s_axi_bvalid_reg/Q
                         net (fo=8, routed)           1.010     2.439    u_output_fifo/state_r[2]_i_5_0
    SLICE_X45Y56         LUT5 (Prop_lut5_I4_O)        0.152     2.591 f  u_output_fifo/state_r[2]_i_7/O
                         net (fo=2, routed)           0.826     3.418    u_output_fifo/p_38_in
    SLICE_X44Y56         LUT6 (Prop_lut6_I3_O)        0.332     3.750 f  u_output_fifo/done_sticky_r_i_7/O
                         net (fo=6, routed)           0.616     4.366    u_output_fifo/wstrb_r_reg[0]
    SLICE_X43Y52         LUT4 (Prop_lut4_I3_O)        0.124     4.490 f  u_output_fifo/done_sticky_r_i_2/O
                         net (fo=49, routed)          0.846     5.336    u_tile_core/u_datapath/gen_acc_bank[0].u_acc/acc_o_reg[31]_0
    SLICE_X37Y53         LUT2 (Prop_lut2_I0_O)        0.150     5.486 f  u_tile_core/u_datapath/gen_acc_bank[0].u_acc/FSM_onehot_state_r[7]_i_2/O
                         net (fo=592, routed)         2.062     7.547    u_tile_core/u_datapath/aresetn_0
    SLICE_X19Y32         FDCE                                         f  u_tile_core/u_datapath/mul_stage_r_reg[3][10]/CLR
  -------------------------------------------------------------------    -------------------

                         (clock aclk rise edge)      10.000    10.000 r  
                                                      0.000    10.000 r  aclk (IN)
                         net (fo=939, unset)          0.924    10.924    u_tile_core/u_datapath/aclk
    SLICE_X19Y32         FDCE                                         r  u_tile_core/u_datapath/mul_stage_r_reg[3][10]/C
                         clock pessimism              0.000    10.924    
                         clock uncertainty           -0.235    10.689    
    SLICE_X19Y32         FDCE (Recov_fdce_C_CLR)     -0.607    10.082    u_tile_core/u_datapath/mul_stage_r_reg[3][10]
  -------------------------------------------------------------------
                         required time                         10.082    
                         arrival time                          -7.547    
  -------------------------------------------------------------------
                         slack                                  2.535    

Slack (MET) :             2.535ns  (required time - arrival time)
  Source:                 s_axi_bvalid_reg/C
                            (rising edge-triggered cell FDCE clocked by aclk  {rise@0.000ns fall@5.000ns period=10.000ns})
  Destination:            u_tile_core/u_datapath/mul_stage_r_reg[3][11]/CLR
                            (recovery check against rising-edge clock aclk  {rise@0.000ns fall@5.000ns period=10.000ns})
  Path Group:             **async_default**
  Path Type:              Recovery (Max at Slow Process Corner)
  Requirement:            10.000ns  (aclk rise@10.000ns - aclk rise@0.000ns)
  Data Path Delay:        6.574ns  (logic 1.214ns (18.466%)  route 5.360ns (81.535%))
  Logic Levels:           4  (LUT2=1 LUT4=1 LUT5=1 LUT6=1)
  Clock Path Skew:        -0.049ns (DCD - SCD + CPR)
    Destination Clock Delay (DCD):    0.924ns = ( 10.924 - 10.000 ) 
    Source Clock Delay      (SCD):    0.973ns
    Clock Pessimism Removal (CPR):    0.000ns
  Clock Uncertainty:      0.235ns  ((TSJ^2 + TIJ^2)^1/2 + DJ) / 2 + PE + UU
    Total System Jitter     (TSJ):    0.071ns
    Total Input Jitter      (TIJ):    0.000ns
    Discrete Jitter          (DJ):    0.000ns
    Phase Error              (PE):    0.000ns
    User Uncertainty         (UU):    0.200ns

    Location             Delay type                Incr(ns)  Path(ns)    Netlist Resource(s)
  -------------------------------------------------------------------    -------------------
                         (clock aclk rise edge)       0.000     0.000 r  
                                                      0.000     0.000 r  aclk (IN)
                         net (fo=939, unset)          0.973     0.973    aclk
    SLICE_X45Y56         FDCE                                         r  s_axi_bvalid_reg/C
  -------------------------------------------------------------------    -------------------
    SLICE_X45Y56         FDCE (Prop_fdce_C_Q)         0.456     1.429 r  s_axi_bvalid_reg/Q
                         net (fo=8, routed)           1.010     2.439    u_output_fifo/state_r[2]_i_5_0
    SLICE_X45Y56         LUT5 (Prop_lut5_I4_O)        0.152     2.591 f  u_output_fifo/state_r[2]_i_7/O
                         net (fo=2, routed)           0.826     3.418    u_output_fifo/p_38_in
    SLICE_X44Y56         LUT6 (Prop_lut6_I3_O)        0.332     3.750 f  u_output_fifo/done_sticky_r_i_7/O
                         net (fo=6, routed)           0.616     4.366    u_output_fifo/wstrb_r_reg[0]
    SLICE_X43Y52         LUT4 (Prop_lut4_I3_O)        0.124     4.490 f  u_output_fifo/done_sticky_r_i_2/O
                         net (fo=49, routed)          0.846     5.336    u_tile_core/u_datapath/gen_acc_bank[0].u_acc/acc_o_reg[31]_0
    SLICE_X37Y53         LUT2 (Prop_lut2_I0_O)        0.150     5.486 f  u_tile_core/u_datapath/gen_acc_bank[0].u_acc/FSM_onehot_state_r[7]_i_2/O
                         net (fo=592, routed)         2.062     7.547    u_tile_core/u_datapath/aresetn_0
    SLICE_X19Y32         FDCE                                         f  u_tile_core/u_datapath/mul_stage_r_reg[3][11]/CLR
  -------------------------------------------------------------------    -------------------

                         (clock aclk rise edge)      10.000    10.000 r  
                                                      0.000    10.000 r  aclk (IN)
                         net (fo=939, unset)          0.924    10.924    u_tile_core/u_datapath/aclk
    SLICE_X19Y32         FDCE                                         r  u_tile_core/u_datapath/mul_stage_r_reg[3][11]/C
                         clock pessimism              0.000    10.924    
                         clock uncertainty           -0.235    10.689    
    SLICE_X19Y32         FDCE (Recov_fdce_C_CLR)     -0.607    10.082    u_tile_core/u_datapath/mul_stage_r_reg[3][11]
  -------------------------------------------------------------------
                         required time                         10.082    
                         arrival time                          -7.547    
  -------------------------------------------------------------------
                         slack                                  2.535    

Slack (MET) :             2.535ns  (required time - arrival time)
  Source:                 s_axi_bvalid_reg/C
                            (rising edge-triggered cell FDCE clocked by aclk  {rise@0.000ns fall@5.000ns period=10.000ns})
  Destination:            u_tile_core/u_datapath/mul_stage_r_reg[3][8]/CLR
                            (recovery check against rising-edge clock aclk  {rise@0.000ns fall@5.000ns period=10.000ns})
  Path Group:             **async_default**
  Path Type:              Recovery (Max at Slow Process Corner)
  Requirement:            10.000ns  (aclk rise@10.000ns - aclk rise@0.000ns)
  Data Path Delay:        6.574ns  (logic 1.214ns (18.466%)  route 5.360ns (81.535%))
  Logic Levels:           4  (LUT2=1 LUT4=1 LUT5=1 LUT6=1)
  Clock Path Skew:        -0.049ns (DCD - SCD + CPR)
    Destination Clock Delay (DCD):    0.924ns = ( 10.924 - 10.000 ) 
    Source Clock Delay      (SCD):    0.973ns
    Clock Pessimism Removal (CPR):    0.000ns
  Clock Uncertainty:      0.235ns  ((TSJ^2 + TIJ^2)^1/2 + DJ) / 2 + PE + UU
    Total System Jitter     (TSJ):    0.071ns
    Total Input Jitter      (TIJ):    0.000ns
    Discrete Jitter          (DJ):    0.000ns
    Phase Error              (PE):    0.000ns
    User Uncertainty         (UU):    0.200ns

    Location             Delay type                Incr(ns)  Path(ns)    Netlist Resource(s)
  -------------------------------------------------------------------    -------------------
                         (clock aclk rise edge)       0.000     0.000 r  
                                                      0.000     0.000 r  aclk (IN)
                         net (fo=939, unset)          0.973     0.973    aclk
    SLICE_X45Y56         FDCE                                         r  s_axi_bvalid_reg/C
  -------------------------------------------------------------------    -------------------
    SLICE_X45Y56         FDCE (Prop_fdce_C_Q)         0.456     1.429 r  s_axi_bvalid_reg/Q
                         net (fo=8, routed)           1.010     2.439    u_output_fifo/state_r[2]_i_5_0
    SLICE_X45Y56         LUT5 (Prop_lut5_I4_O)        0.152     2.591 f  u_output_fifo/state_r[2]_i_7/O
                         net (fo=2, routed)           0.826     3.418    u_output_fifo/p_38_in
    SLICE_X44Y56         LUT6 (Prop_lut6_I3_O)        0.332     3.750 f  u_output_fifo/done_sticky_r_i_7/O
                         net (fo=6, routed)           0.616     4.366    u_output_fifo/wstrb_r_reg[0]
    SLICE_X43Y52         LUT4 (Prop_lut4_I3_O)        0.124     4.490 f  u_output_fifo/done_sticky_r_i_2/O
                         net (fo=49, routed)          0.846     5.336    u_tile_core/u_datapath/gen_acc_bank[0].u_acc/acc_o_reg[31]_0
    SLICE_X37Y53         LUT2 (Prop_lut2_I0_O)        0.150     5.486 f  u_tile_core/u_datapath/gen_acc_bank[0].u_acc/FSM_onehot_state_r[7]_i_2/O
                         net (fo=592, routed)         2.062     7.547    u_tile_core/u_datapath/aresetn_0
    SLICE_X19Y32         FDCE                                         f  u_tile_core/u_datapath/mul_stage_r_reg[3][8]/CLR
  -------------------------------------------------------------------    -------------------

                         (clock aclk rise edge)      10.000    10.000 r  
                                                      0.000    10.000 r  aclk (IN)
                         net (fo=939, unset)          0.924    10.924    u_tile_core/u_datapath/aclk
    SLICE_X19Y32         FDCE                                         r  u_tile_core/u_datapath/mul_stage_r_reg[3][8]/C
                         clock pessimism              0.000    10.924    
                         clock uncertainty           -0.235    10.689    
    SLICE_X19Y32         FDCE (Recov_fdce_C_CLR)     -0.607    10.082    u_tile_core/u_datapath/mul_stage_r_reg[3][8]
  -------------------------------------------------------------------
                         required time                         10.082    
                         arrival time                          -7.547    
  -------------------------------------------------------------------
                         slack                                  2.535    

Slack (MET) :             2.535ns  (required time - arrival time)
  Source:                 s_axi_bvalid_reg/C
                            (rising edge-triggered cell FDCE clocked by aclk  {rise@0.000ns fall@5.000ns period=10.000ns})
  Destination:            u_tile_core/u_datapath/mul_stage_r_reg[3][9]/CLR
                            (recovery check against rising-edge clock aclk  {rise@0.000ns fall@5.000ns period=10.000ns})
  Path Group:             **async_default**
  Path Type:              Recovery (Max at Slow Process Corner)
  Requirement:            10.000ns  (aclk rise@10.000ns - aclk rise@0.000ns)
  Data Path Delay:        6.574ns  (logic 1.214ns (18.466%)  route 5.360ns (81.535%))
  Logic Levels:           4  (LUT2=1 LUT4=1 LUT5=1 LUT6=1)
  Clock Path Skew:        -0.049ns (DCD - SCD + CPR)
    Destination Clock Delay (DCD):    0.924ns = ( 10.924 - 10.000 ) 
    Source Clock Delay      (SCD):    0.973ns
    Clock Pessimism Removal (CPR):    0.000ns
  Clock Uncertainty:      0.235ns  ((TSJ^2 + TIJ^2)^1/2 + DJ) / 2 + PE + UU
    Total System Jitter     (TSJ):    0.071ns
    Total Input Jitter      (TIJ):    0.000ns
    Discrete Jitter          (DJ):    0.000ns
    Phase Error              (PE):    0.000ns
    User Uncertainty         (UU):    0.200ns

    Location             Delay type                Incr(ns)  Path(ns)    Netlist Resource(s)
  -------------------------------------------------------------------    -------------------
                         (clock aclk rise edge)       0.000     0.000 r  
                                                      0.000     0.000 r  aclk (IN)
                         net (fo=939, unset)          0.973     0.973    aclk
    SLICE_X45Y56         FDCE                                         r  s_axi_bvalid_reg/C
  -------------------------------------------------------------------    -------------------
    SLICE_X45Y56         FDCE (Prop_fdce_C_Q)         0.456     1.429 r  s_axi_bvalid_reg/Q
                         net (fo=8, routed)           1.010     2.439    u_output_fifo/state_r[2]_i_5_0
    SLICE_X45Y56         LUT5 (Prop_lut5_I4_O)        0.152     2.591 f  u_output_fifo/state_r[2]_i_7/O
                         net (fo=2, routed)           0.826     3.418    u_output_fifo/p_38_in
    SLICE_X44Y56         LUT6 (Prop_lut6_I3_O)        0.332     3.750 f  u_output_fifo/done_sticky_r_i_7/O
                         net (fo=6, routed)           0.616     4.366    u_output_fifo/wstrb_r_reg[0]
    SLICE_X43Y52         LUT4 (Prop_lut4_I3_O)        0.124     4.490 f  u_output_fifo/done_sticky_r_i_2/O
                         net (fo=49, routed)          0.846     5.336    u_tile_core/u_datapath/gen_acc_bank[0].u_acc/acc_o_reg[31]_0
    SLICE_X37Y53         LUT2 (Prop_lut2_I0_O)        0.150     5.486 f  u_tile_core/u_datapath/gen_acc_bank[0].u_acc/FSM_onehot_state_r[7]_i_2/O
                         net (fo=592, routed)         2.062     7.547    u_tile_core/u_datapath/aresetn_0
    SLICE_X19Y32         FDCE                                         f  u_tile_core/u_datapath/mul_stage_r_reg[3][9]/CLR
  -------------------------------------------------------------------    -------------------

                         (clock aclk rise edge)      10.000    10.000 r  
                                                      0.000    10.000 r  aclk (IN)
                         net (fo=939, unset)          0.924    10.924    u_tile_core/u_datapath/aclk
    SLICE_X19Y32         FDCE                                         r  u_tile_core/u_datapath/mul_stage_r_reg[3][9]/C
                         clock pessimism              0.000    10.924    
                         clock uncertainty           -0.235    10.689    
    SLICE_X19Y32         FDCE (Recov_fdce_C_CLR)     -0.607    10.082    u_tile_core/u_datapath/mul_stage_r_reg[3][9]
  -------------------------------------------------------------------
                         required time                         10.082    
                         arrival time                          -7.547    
  -------------------------------------------------------------------
                         slack                                  2.535    

Slack (MET) :             2.612ns  (required time - arrival time)
  Source:                 s_axi_bvalid_reg/C
                            (rising edge-triggered cell FDCE clocked by aclk  {rise@0.000ns fall@5.000ns period=10.000ns})
  Destination:            u_psum_buffer/bias_r_reg[0]/CLR
                            (recovery check against rising-edge clock aclk  {rise@0.000ns fall@5.000ns period=10.000ns})
  Path Group:             **async_default**
  Path Type:              Recovery (Max at Slow Process Corner)
  Requirement:            10.000ns  (aclk rise@10.000ns - aclk rise@0.000ns)
  Data Path Delay:        6.497ns  (logic 1.214ns (18.686%)  route 5.283ns (81.314%))
  Logic Levels:           4  (LUT2=1 LUT4=1 LUT5=1 LUT6=1)
  Clock Path Skew:        -0.049ns (DCD - SCD + CPR)
    Destination Clock Delay (DCD):    0.924ns = ( 10.924 - 10.000 ) 
    Source Clock Delay      (SCD):    0.973ns
    Clock Pessimism Removal (CPR):    0.000ns
  Clock Uncertainty:      0.235ns  ((TSJ^2 + TIJ^2)^1/2 + DJ) / 2 + PE + UU
    Total System Jitter     (TSJ):    0.071ns
    Total Input Jitter      (TIJ):    0.000ns
    Discrete Jitter          (DJ):    0.000ns
    Phase Error              (PE):    0.000ns
    User Uncertainty         (UU):    0.200ns

    Location             Delay type                Incr(ns)  Path(ns)    Netlist Resource(s)
  -------------------------------------------------------------------    -------------------
                         (clock aclk rise edge)       0.000     0.000 r  
                                                      0.000     0.000 r  aclk (IN)
                         net (fo=939, unset)          0.973     0.973    aclk
    SLICE_X45Y56         FDCE                                         r  s_axi_bvalid_reg/C
  -------------------------------------------------------------------    -------------------
    SLICE_X45Y56         FDCE (Prop_fdce_C_Q)         0.456     1.429 r  s_axi_bvalid_reg/Q
                         net (fo=8, routed)           1.010     2.439    u_output_fifo/state_r[2]_i_5_0
    SLICE_X45Y56         LUT5 (Prop_lut5_I4_O)        0.152     2.591 f  u_output_fifo/state_r[2]_i_7/O
                         net (fo=2, routed)           0.826     3.418    u_output_fifo/p_38_in
    SLICE_X44Y56         LUT6 (Prop_lut6_I3_O)        0.332     3.750 f  u_output_fifo/done_sticky_r_i_7/O
                         net (fo=6, routed)           0.616     4.366    u_output_fifo/wstrb_r_reg[0]
    SLICE_X43Y52         LUT4 (Prop_lut4_I3_O)        0.124     4.490 f  u_output_fifo/done_sticky_r_i_2/O
                         net (fo=49, routed)          0.846     5.336    u_tile_core/u_datapath/gen_acc_bank[0].u_acc/acc_o_reg[31]_0
    SLICE_X37Y53         LUT2 (Prop_lut2_I0_O)        0.150     5.486 f  u_tile_core/u_datapath/gen_acc_bank[0].u_acc/FSM_onehot_state_r[7]_i_2/O
                         net (fo=592, routed)         1.984     7.470    u_psum_buffer/result_last_r_reg_0
    SLICE_X21Y43         FDCE                                         f  u_psum_buffer/bias_r_reg[0]/CLR
  -------------------------------------------------------------------    -------------------

                         (clock aclk rise edge)      10.000    10.000 r  
                                                      0.000    10.000 r  aclk (IN)
                         net (fo=939, unset)          0.924    10.924    u_psum_buffer/aclk
    SLICE_X21Y43         FDCE                                         r  u_psum_buffer/bias_r_reg[0]/C
                         clock pessimism              0.000    10.924    
                         clock uncertainty           -0.235    10.689    
    SLICE_X21Y43         FDCE (Recov_fdce_C_CLR)     -0.607    10.082    u_psum_buffer/bias_r_reg[0]
  -------------------------------------------------------------------
                         required time                         10.082    
                         arrival time                          -7.470    
  -------------------------------------------------------------------
                         slack                                  2.612    

Slack (MET) :             2.612ns  (required time - arrival time)
  Source:                 s_axi_bvalid_reg/C
                            (rising edge-triggered cell FDCE clocked by aclk  {rise@0.000ns fall@5.000ns period=10.000ns})
  Destination:            u_psum_buffer/bias_r_reg[1]/CLR
                            (recovery check against rising-edge clock aclk  {rise@0.000ns fall@5.000ns period=10.000ns})
  Path Group:             **async_default**
  Path Type:              Recovery (Max at Slow Process Corner)
  Requirement:            10.000ns  (aclk rise@10.000ns - aclk rise@0.000ns)
  Data Path Delay:        6.497ns  (logic 1.214ns (18.686%)  route 5.283ns (81.314%))
  Logic Levels:           4  (LUT2=1 LUT4=1 LUT5=1 LUT6=1)
  Clock Path Skew:        -0.049ns (DCD - SCD + CPR)
    Destination Clock Delay (DCD):    0.924ns = ( 10.924 - 10.000 ) 
    Source Clock Delay      (SCD):    0.973ns
    Clock Pessimism Removal (CPR):    0.000ns
  Clock Uncertainty:      0.235ns  ((TSJ^2 + TIJ^2)^1/2 + DJ) / 2 + PE + UU
    Total System Jitter     (TSJ):    0.071ns
    Total Input Jitter      (TIJ):    0.000ns
    Discrete Jitter          (DJ):    0.000ns
    Phase Error              (PE):    0.000ns
    User Uncertainty         (UU):    0.200ns

    Location             Delay type                Incr(ns)  Path(ns)    Netlist Resource(s)
  -------------------------------------------------------------------    -------------------
                         (clock aclk rise edge)       0.000     0.000 r  
                                                      0.000     0.000 r  aclk (IN)
                         net (fo=939, unset)          0.973     0.973    aclk
    SLICE_X45Y56         FDCE                                         r  s_axi_bvalid_reg/C
  -------------------------------------------------------------------    -------------------
    SLICE_X45Y56         FDCE (Prop_fdce_C_Q)         0.456     1.429 r  s_axi_bvalid_reg/Q
                         net (fo=8, routed)           1.010     2.439    u_output_fifo/state_r[2]_i_5_0
    SLICE_X45Y56         LUT5 (Prop_lut5_I4_O)        0.152     2.591 f  u_output_fifo/state_r[2]_i_7/O
                         net (fo=2, routed)           0.826     3.418    u_output_fifo/p_38_in
    SLICE_X44Y56         LUT6 (Prop_lut6_I3_O)        0.332     3.750 f  u_output_fifo/done_sticky_r_i_7/O
                         net (fo=6, routed)           0.616     4.366    u_output_fifo/wstrb_r_reg[0]
    SLICE_X43Y52         LUT4 (Prop_lut4_I3_O)        0.124     4.490 f  u_output_fifo/done_sticky_r_i_2/O
                         net (fo=49, routed)          0.846     5.336    u_tile_core/u_datapath/gen_acc_bank[0].u_acc/acc_o_reg[31]_0
    SLICE_X37Y53         LUT2 (Prop_lut2_I0_O)        0.150     5.486 f  u_tile_core/u_datapath/gen_acc_bank[0].u_acc/FSM_onehot_state_r[7]_i_2/O
                         net (fo=592, routed)         1.984     7.470    u_psum_buffer/result_last_r_reg_0
    SLICE_X21Y43         FDCE                                         f  u_psum_buffer/bias_r_reg[1]/CLR
  -------------------------------------------------------------------    -------------------

                         (clock aclk rise edge)      10.000    10.000 r  
                                                      0.000    10.000 r  aclk (IN)
                         net (fo=939, unset)          0.924    10.924    u_psum_buffer/aclk
    SLICE_X21Y43         FDCE                                         r  u_psum_buffer/bias_r_reg[1]/C
                         clock pessimism              0.000    10.924    
                         clock uncertainty           -0.235    10.689    
    SLICE_X21Y43         FDCE (Recov_fdce_C_CLR)     -0.607    10.082    u_psum_buffer/bias_r_reg[1]
  -------------------------------------------------------------------
                         required time                         10.082    
                         arrival time                          -7.470    
  -------------------------------------------------------------------
                         slack                                  2.612    

Slack (MET) :             2.612ns  (required time - arrival time)
  Source:                 s_axi_bvalid_reg/C
                            (rising edge-triggered cell FDCE clocked by aclk  {rise@0.000ns fall@5.000ns period=10.000ns})
  Destination:            u_psum_buffer/bias_r_reg[2]/CLR
                            (recovery check against rising-edge clock aclk  {rise@0.000ns fall@5.000ns period=10.000ns})
  Path Group:             **async_default**
  Path Type:              Recovery (Max at Slow Process Corner)
  Requirement:            10.000ns  (aclk rise@10.000ns - aclk rise@0.000ns)
  Data Path Delay:        6.497ns  (logic 1.214ns (18.686%)  route 5.283ns (81.314%))
  Logic Levels:           4  (LUT2=1 LUT4=1 LUT5=1 LUT6=1)
  Clock Path Skew:        -0.049ns (DCD - SCD + CPR)
    Destination Clock Delay (DCD):    0.924ns = ( 10.924 - 10.000 ) 
    Source Clock Delay      (SCD):    0.973ns
    Clock Pessimism Removal (CPR):    0.000ns
  Clock Uncertainty:      0.235ns  ((TSJ^2 + TIJ^2)^1/2 + DJ) / 2 + PE + UU
    Total System Jitter     (TSJ):    0.071ns
    Total Input Jitter      (TIJ):    0.000ns
    Discrete Jitter          (DJ):    0.000ns
    Phase Error              (PE):    0.000ns
    User Uncertainty         (UU):    0.200ns

    Location             Delay type                Incr(ns)  Path(ns)    Netlist Resource(s)
  -------------------------------------------------------------------    -------------------
                         (clock aclk rise edge)       0.000     0.000 r  
                                                      0.000     0.000 r  aclk (IN)
                         net (fo=939, unset)          0.973     0.973    aclk
    SLICE_X45Y56         FDCE                                         r  s_axi_bvalid_reg/C
  -------------------------------------------------------------------    -------------------
    SLICE_X45Y56         FDCE (Prop_fdce_C_Q)         0.456     1.429 r  s_axi_bvalid_reg/Q
                         net (fo=8, routed)           1.010     2.439    u_output_fifo/state_r[2]_i_5_0
    SLICE_X45Y56         LUT5 (Prop_lut5_I4_O)        0.152     2.591 f  u_output_fifo/state_r[2]_i_7/O
                         net (fo=2, routed)           0.826     3.418    u_output_fifo/p_38_in
    SLICE_X44Y56         LUT6 (Prop_lut6_I3_O)        0.332     3.750 f  u_output_fifo/done_sticky_r_i_7/O
                         net (fo=6, routed)           0.616     4.366    u_output_fifo/wstrb_r_reg[0]
    SLICE_X43Y52         LUT4 (Prop_lut4_I3_O)        0.124     4.490 f  u_output_fifo/done_sticky_r_i_2/O
                         net (fo=49, routed)          0.846     5.336    u_tile_core/u_datapath/gen_acc_bank[0].u_acc/acc_o_reg[31]_0
    SLICE_X37Y53         LUT2 (Prop_lut2_I0_O)        0.150     5.486 f  u_tile_core/u_datapath/gen_acc_bank[0].u_acc/FSM_onehot_state_r[7]_i_2/O
                         net (fo=592, routed)         1.984     7.470    u_psum_buffer/result_last_r_reg_0
    SLICE_X21Y43         FDCE                                         f  u_psum_buffer/bias_r_reg[2]/CLR
  -------------------------------------------------------------------    -------------------

                         (clock aclk rise edge)      10.000    10.000 r  
                                                      0.000    10.000 r  aclk (IN)
                         net (fo=939, unset)          0.924    10.924    u_psum_buffer/aclk
    SLICE_X21Y43         FDCE                                         r  u_psum_buffer/bias_r_reg[2]/C
                         clock pessimism              0.000    10.924    
                         clock uncertainty           -0.235    10.689    
    SLICE_X21Y43         FDCE (Recov_fdce_C_CLR)     -0.607    10.082    u_psum_buffer/bias_r_reg[2]
  -------------------------------------------------------------------
                         required time                         10.082    
                         arrival time                          -7.470    
  -------------------------------------------------------------------
                         slack                                  2.612    

Slack (MET) :             2.612ns  (required time - arrival time)
  Source:                 s_axi_bvalid_reg/C
                            (rising edge-triggered cell FDCE clocked by aclk  {rise@0.000ns fall@5.000ns period=10.000ns})
  Destination:            u_psum_buffer/bias_r_reg[3]/CLR
                            (recovery check against rising-edge clock aclk  {rise@0.000ns fall@5.000ns period=10.000ns})
  Path Group:             **async_default**
  Path Type:              Recovery (Max at Slow Process Corner)
  Requirement:            10.000ns  (aclk rise@10.000ns - aclk rise@0.000ns)
  Data Path Delay:        6.497ns  (logic 1.214ns (18.686%)  route 5.283ns (81.314%))
  Logic Levels:           4  (LUT2=1 LUT4=1 LUT5=1 LUT6=1)
  Clock Path Skew:        -0.049ns (DCD - SCD + CPR)
    Destination Clock Delay (DCD):    0.924ns = ( 10.924 - 10.000 ) 
    Source Clock Delay      (SCD):    0.973ns
    Clock Pessimism Removal (CPR):    0.000ns
  Clock Uncertainty:      0.235ns  ((TSJ^2 + TIJ^2)^1/2 + DJ) / 2 + PE + UU
    Total System Jitter     (TSJ):    0.071ns
    Total Input Jitter      (TIJ):    0.000ns
    Discrete Jitter          (DJ):    0.000ns
    Phase Error              (PE):    0.000ns
    User Uncertainty         (UU):    0.200ns

    Location             Delay type                Incr(ns)  Path(ns)    Netlist Resource(s)
  -------------------------------------------------------------------    -------------------
                         (clock aclk rise edge)       0.000     0.000 r  
                                                      0.000     0.000 r  aclk (IN)
                         net (fo=939, unset)          0.973     0.973    aclk
    SLICE_X45Y56         FDCE                                         r  s_axi_bvalid_reg/C
  -------------------------------------------------------------------    -------------------
    SLICE_X45Y56         FDCE (Prop_fdce_C_Q)         0.456     1.429 r  s_axi_bvalid_reg/Q
                         net (fo=8, routed)           1.010     2.439    u_output_fifo/state_r[2]_i_5_0
    SLICE_X45Y56         LUT5 (Prop_lut5_I4_O)        0.152     2.591 f  u_output_fifo/state_r[2]_i_7/O
                         net (fo=2, routed)           0.826     3.418    u_output_fifo/p_38_in
    SLICE_X44Y56         LUT6 (Prop_lut6_I3_O)        0.332     3.750 f  u_output_fifo/done_sticky_r_i_7/O
                         net (fo=6, routed)           0.616     4.366    u_output_fifo/wstrb_r_reg[0]
    SLICE_X43Y52         LUT4 (Prop_lut4_I3_O)        0.124     4.490 f  u_output_fifo/done_sticky_r_i_2/O
                         net (fo=49, routed)          0.846     5.336    u_tile_core/u_datapath/gen_acc_bank[0].u_acc/acc_o_reg[31]_0
    SLICE_X37Y53         LUT2 (Prop_lut2_I0_O)        0.150     5.486 f  u_tile_core/u_datapath/gen_acc_bank[0].u_acc/FSM_onehot_state_r[7]_i_2/O
                         net (fo=592, routed)         1.984     7.470    u_psum_buffer/result_last_r_reg_0
    SLICE_X21Y43         FDCE                                         f  u_psum_buffer/bias_r_reg[3]/CLR
  -------------------------------------------------------------------    -------------------

                         (clock aclk rise edge)      10.000    10.000 r  
                                                      0.000    10.000 r  aclk (IN)
                         net (fo=939, unset)          0.924    10.924    u_psum_buffer/aclk
    SLICE_X21Y43         FDCE                                         r  u_psum_buffer/bias_r_reg[3]/C
                         clock pessimism              0.000    10.924    
                         clock uncertainty           -0.235    10.689    
    SLICE_X21Y43         FDCE (Recov_fdce_C_CLR)     -0.607    10.082    u_psum_buffer/bias_r_reg[3]
  -------------------------------------------------------------------
                         required time                         10.082    
                         arrival time                          -7.470    
  -------------------------------------------------------------------
                         slack                                  2.612    

Slack (MET) :             2.612ns  (required time - arrival time)
  Source:                 s_axi_bvalid_reg/C
                            (rising edge-triggered cell FDCE clocked by aclk  {rise@0.000ns fall@5.000ns period=10.000ns})
  Destination:            u_psum_buffer/bias_r_reg[4]/CLR
                            (recovery check against rising-edge clock aclk  {rise@0.000ns fall@5.000ns period=10.000ns})
  Path Group:             **async_default**
  Path Type:              Recovery (Max at Slow Process Corner)
  Requirement:            10.000ns  (aclk rise@10.000ns - aclk rise@0.000ns)
  Data Path Delay:        6.497ns  (logic 1.214ns (18.686%)  route 5.283ns (81.314%))
  Logic Levels:           4  (LUT2=1 LUT4=1 LUT5=1 LUT6=1)
  Clock Path Skew:        -0.049ns (DCD - SCD + CPR)
    Destination Clock Delay (DCD):    0.924ns = ( 10.924 - 10.000 ) 
    Source Clock Delay      (SCD):    0.973ns
    Clock Pessimism Removal (CPR):    0.000ns
  Clock Uncertainty:      0.235ns  ((TSJ^2 + TIJ^2)^1/2 + DJ) / 2 + PE + UU
    Total System Jitter     (TSJ):    0.071ns
    Total Input Jitter      (TIJ):    0.000ns
    Discrete Jitter          (DJ):    0.000ns
    Phase Error              (PE):    0.000ns
    User Uncertainty         (UU):    0.200ns

    Location             Delay type                Incr(ns)  Path(ns)    Netlist Resource(s)
  -------------------------------------------------------------------    -------------------
                         (clock aclk rise edge)       0.000     0.000 r  
                                                      0.000     0.000 r  aclk (IN)
                         net (fo=939, unset)          0.973     0.973    aclk
    SLICE_X45Y56         FDCE                                         r  s_axi_bvalid_reg/C
  -------------------------------------------------------------------    -------------------
    SLICE_X45Y56         FDCE (Prop_fdce_C_Q)         0.456     1.429 r  s_axi_bvalid_reg/Q
                         net (fo=8, routed)           1.010     2.439    u_output_fifo/state_r[2]_i_5_0
    SLICE_X45Y56         LUT5 (Prop_lut5_I4_O)        0.152     2.591 f  u_output_fifo/state_r[2]_i_7/O
                         net (fo=2, routed)           0.826     3.418    u_output_fifo/p_38_in
    SLICE_X44Y56         LUT6 (Prop_lut6_I3_O)        0.332     3.750 f  u_output_fifo/done_sticky_r_i_7/O
                         net (fo=6, routed)           0.616     4.366    u_output_fifo/wstrb_r_reg[0]
    SLICE_X43Y52         LUT4 (Prop_lut4_I3_O)        0.124     4.490 f  u_output_fifo/done_sticky_r_i_2/O
                         net (fo=49, routed)          0.846     5.336    u_tile_core/u_datapath/gen_acc_bank[0].u_acc/acc_o_reg[31]_0
    SLICE_X37Y53         LUT2 (Prop_lut2_I0_O)        0.150     5.486 f  u_tile_core/u_datapath/gen_acc_bank[0].u_acc/FSM_onehot_state_r[7]_i_2/O
                         net (fo=592, routed)         1.984     7.470    u_psum_buffer/result_last_r_reg_0
    SLICE_X21Y43         FDCE                                         f  u_psum_buffer/bias_r_reg[4]/CLR
  -------------------------------------------------------------------    -------------------

                         (clock aclk rise edge)      10.000    10.000 r  
                                                      0.000    10.000 r  aclk (IN)
                         net (fo=939, unset)          0.924    10.924    u_psum_buffer/aclk
    SLICE_X21Y43         FDCE                                         r  u_psum_buffer/bias_r_reg[4]/C
                         clock pessimism              0.000    10.924    
                         clock uncertainty           -0.235    10.689    
    SLICE_X21Y43         FDCE (Recov_fdce_C_CLR)     -0.607    10.082    u_psum_buffer/bias_r_reg[4]
  -------------------------------------------------------------------
                         required time                         10.082    
                         arrival time                          -7.470    
  -------------------------------------------------------------------
                         slack                                  2.612    

Slack (MET) :             2.612ns  (required time - arrival time)
  Source:                 s_axi_bvalid_reg/C
                            (rising edge-triggered cell FDCE clocked by aclk  {rise@0.000ns fall@5.000ns period=10.000ns})
  Destination:            u_psum_buffer/bias_r_reg[5]/CLR
                            (recovery check against rising-edge clock aclk  {rise@0.000ns fall@5.000ns period=10.000ns})
  Path Group:             **async_default**
  Path Type:              Recovery (Max at Slow Process Corner)
  Requirement:            10.000ns  (aclk rise@10.000ns - aclk rise@0.000ns)
  Data Path Delay:        6.497ns  (logic 1.214ns (18.686%)  route 5.283ns (81.314%))
  Logic Levels:           4  (LUT2=1 LUT4=1 LUT5=1 LUT6=1)
  Clock Path Skew:        -0.049ns (DCD - SCD + CPR)
    Destination Clock Delay (DCD):    0.924ns = ( 10.924 - 10.000 ) 
    Source Clock Delay      (SCD):    0.973ns
    Clock Pessimism Removal (CPR):    0.000ns
  Clock Uncertainty:      0.235ns  ((TSJ^2 + TIJ^2)^1/2 + DJ) / 2 + PE + UU
    Total System Jitter     (TSJ):    0.071ns
    Total Input Jitter      (TIJ):    0.000ns
    Discrete Jitter          (DJ):    0.000ns
    Phase Error              (PE):    0.000ns
    User Uncertainty         (UU):    0.200ns

    Location             Delay type                Incr(ns)  Path(ns)    Netlist Resource(s)
  -------------------------------------------------------------------    -------------------
                         (clock aclk rise edge)       0.000     0.000 r  
                                                      0.000     0.000 r  aclk (IN)
                         net (fo=939, unset)          0.973     0.973    aclk
    SLICE_X45Y56         FDCE                                         r  s_axi_bvalid_reg/C
  -------------------------------------------------------------------    -------------------
    SLICE_X45Y56         FDCE (Prop_fdce_C_Q)         0.456     1.429 r  s_axi_bvalid_reg/Q
                         net (fo=8, routed)           1.010     2.439    u_output_fifo/state_r[2]_i_5_0
    SLICE_X45Y56         LUT5 (Prop_lut5_I4_O)        0.152     2.591 f  u_output_fifo/state_r[2]_i_7/O
                         net (fo=2, routed)           0.826     3.418    u_output_fifo/p_38_in
    SLICE_X44Y56         LUT6 (Prop_lut6_I3_O)        0.332     3.750 f  u_output_fifo/done_sticky_r_i_7/O
                         net (fo=6, routed)           0.616     4.366    u_output_fifo/wstrb_r_reg[0]
    SLICE_X43Y52         LUT4 (Prop_lut4_I3_O)        0.124     4.490 f  u_output_fifo/done_sticky_r_i_2/O
                         net (fo=49, routed)          0.846     5.336    u_tile_core/u_datapath/gen_acc_bank[0].u_acc/acc_o_reg[31]_0
    SLICE_X37Y53         LUT2 (Prop_lut2_I0_O)        0.150     5.486 f  u_tile_core/u_datapath/gen_acc_bank[0].u_acc/FSM_onehot_state_r[7]_i_2/O
                         net (fo=592, routed)         1.984     7.470    u_psum_buffer/result_last_r_reg_0
    SLICE_X21Y43         FDCE                                         f  u_psum_buffer/bias_r_reg[5]/CLR
  -------------------------------------------------------------------    -------------------

                         (clock aclk rise edge)      10.000    10.000 r  
                                                      0.000    10.000 r  aclk (IN)
                         net (fo=939, unset)          0.924    10.924    u_psum_buffer/aclk
    SLICE_X21Y43         FDCE                                         r  u_psum_buffer/bias_r_reg[5]/C
                         clock pessimism              0.000    10.924    
                         clock uncertainty           -0.235    10.689    
    SLICE_X21Y43         FDCE (Recov_fdce_C_CLR)     -0.607    10.082    u_psum_buffer/bias_r_reg[5]
  -------------------------------------------------------------------
                         required time                         10.082    
                         arrival time                          -7.470    
  -------------------------------------------------------------------
                         slack                                  2.612    

Slack (MET) :             2.612ns  (required time - arrival time)
  Source:                 s_axi_bvalid_reg/C
                            (rising edge-triggered cell FDCE clocked by aclk  {rise@0.000ns fall@5.000ns period=10.000ns})
  Destination:            u_psum_buffer/bias_r_reg[6]/CLR
                            (recovery check against rising-edge clock aclk  {rise@0.000ns fall@5.000ns period=10.000ns})
  Path Group:             **async_default**
  Path Type:              Recovery (Max at Slow Process Corner)
  Requirement:            10.000ns  (aclk rise@10.000ns - aclk rise@0.000ns)
  Data Path Delay:        6.497ns  (logic 1.214ns (18.686%)  route 5.283ns (81.314%))
  Logic Levels:           4  (LUT2=1 LUT4=1 LUT5=1 LUT6=1)
  Clock Path Skew:        -0.049ns (DCD - SCD + CPR)
    Destination Clock Delay (DCD):    0.924ns = ( 10.924 - 10.000 ) 
    Source Clock Delay      (SCD):    0.973ns
    Clock Pessimism Removal (CPR):    0.000ns
  Clock Uncertainty:      0.235ns  ((TSJ^2 + TIJ^2)^1/2 + DJ) / 2 + PE + UU
    Total System Jitter     (TSJ):    0.071ns
    Total Input Jitter      (TIJ):    0.000ns
    Discrete Jitter          (DJ):    0.000ns
    Phase Error              (PE):    0.000ns
    User Uncertainty         (UU):    0.200ns

    Location             Delay type                Incr(ns)  Path(ns)    Netlist Resource(s)
  -------------------------------------------------------------------    -------------------
                         (clock aclk rise edge)       0.000     0.000 r  
                                                      0.000     0.000 r  aclk (IN)
                         net (fo=939, unset)          0.973     0.973    aclk
    SLICE_X45Y56         FDCE                                         r  s_axi_bvalid_reg/C
  -------------------------------------------------------------------    -------------------
    SLICE_X45Y56         FDCE (Prop_fdce_C_Q)         0.456     1.429 r  s_axi_bvalid_reg/Q
                         net (fo=8, routed)           1.010     2.439    u_output_fifo/state_r[2]_i_5_0
    SLICE_X45Y56         LUT5 (Prop_lut5_I4_O)        0.152     2.591 f  u_output_fifo/state_r[2]_i_7/O
                         net (fo=2, routed)           0.826     3.418    u_output_fifo/p_38_in
    SLICE_X44Y56         LUT6 (Prop_lut6_I3_O)        0.332     3.750 f  u_output_fifo/done_sticky_r_i_7/O
                         net (fo=6, routed)           0.616     4.366    u_output_fifo/wstrb_r_reg[0]
    SLICE_X43Y52         LUT4 (Prop_lut4_I3_O)        0.124     4.490 f  u_output_fifo/done_sticky_r_i_2/O
                         net (fo=49, routed)          0.846     5.336    u_tile_core/u_datapath/gen_acc_bank[0].u_acc/acc_o_reg[31]_0
    SLICE_X37Y53         LUT2 (Prop_lut2_I0_O)        0.150     5.486 f  u_tile_core/u_datapath/gen_acc_bank[0].u_acc/FSM_onehot_state_r[7]_i_2/O
                         net (fo=592, routed)         1.984     7.470    u_psum_buffer/result_last_r_reg_0
    SLICE_X21Y43         FDCE                                         f  u_psum_buffer/bias_r_reg[6]/CLR
  -------------------------------------------------------------------    -------------------

                         (clock aclk rise edge)      10.000    10.000 r  
                                                      0.000    10.000 r  aclk (IN)
                         net (fo=939, unset)          0.924    10.924    u_psum_buffer/aclk
    SLICE_X21Y43         FDCE                                         r  u_psum_buffer/bias_r_reg[6]/C
                         clock pessimism              0.000    10.924    
                         clock uncertainty           -0.235    10.689    
    SLICE_X21Y43         FDCE (Recov_fdce_C_CLR)     -0.607    10.082    u_psum_buffer/bias_r_reg[6]
  -------------------------------------------------------------------
                         required time                         10.082    
                         arrival time                          -7.470    
  -------------------------------------------------------------------
                         slack                                  2.612    

Slack (MET) :             2.612ns  (required time - arrival time)
  Source:                 s_axi_bvalid_reg/C
                            (rising edge-triggered cell FDCE clocked by aclk  {rise@0.000ns fall@5.000ns period=10.000ns})
  Destination:            u_psum_buffer/bias_r_reg[7]/CLR
                            (recovery check against rising-edge clock aclk  {rise@0.000ns fall@5.000ns period=10.000ns})
  Path Group:             **async_default**
  Path Type:              Recovery (Max at Slow Process Corner)
  Requirement:            10.000ns  (aclk rise@10.000ns - aclk rise@0.000ns)
  Data Path Delay:        6.497ns  (logic 1.214ns (18.686%)  route 5.283ns (81.314%))
  Logic Levels:           4  (LUT2=1 LUT4=1 LUT5=1 LUT6=1)
  Clock Path Skew:        -0.049ns (DCD - SCD + CPR)
    Destination Clock Delay (DCD):    0.924ns = ( 10.924 - 10.000 ) 
    Source Clock Delay      (SCD):    0.973ns
    Clock Pessimism Removal (CPR):    0.000ns
  Clock Uncertainty:      0.235ns  ((TSJ^2 + TIJ^2)^1/2 + DJ) / 2 + PE + UU
    Total System Jitter     (TSJ):    0.071ns
    Total Input Jitter      (TIJ):    0.000ns
    Discrete Jitter          (DJ):    0.000ns
    Phase Error              (PE):    0.000ns
    User Uncertainty         (UU):    0.200ns

    Location             Delay type                Incr(ns)  Path(ns)    Netlist Resource(s)
  -------------------------------------------------------------------    -------------------
                         (clock aclk rise edge)       0.000     0.000 r  
                                                      0.000     0.000 r  aclk (IN)
                         net (fo=939, unset)          0.973     0.973    aclk
    SLICE_X45Y56         FDCE                                         r  s_axi_bvalid_reg/C
  -------------------------------------------------------------------    -------------------
    SLICE_X45Y56         FDCE (Prop_fdce_C_Q)         0.456     1.429 r  s_axi_bvalid_reg/Q
                         net (fo=8, routed)           1.010     2.439    u_output_fifo/state_r[2]_i_5_0
    SLICE_X45Y56         LUT5 (Prop_lut5_I4_O)        0.152     2.591 f  u_output_fifo/state_r[2]_i_7/O
                         net (fo=2, routed)           0.826     3.418    u_output_fifo/p_38_in
    SLICE_X44Y56         LUT6 (Prop_lut6_I3_O)        0.332     3.750 f  u_output_fifo/done_sticky_r_i_7/O
                         net (fo=6, routed)           0.616     4.366    u_output_fifo/wstrb_r_reg[0]
    SLICE_X43Y52         LUT4 (Prop_lut4_I3_O)        0.124     4.490 f  u_output_fifo/done_sticky_r_i_2/O
                         net (fo=49, routed)          0.846     5.336    u_tile_core/u_datapath/gen_acc_bank[0].u_acc/acc_o_reg[31]_0
    SLICE_X37Y53         LUT2 (Prop_lut2_I0_O)        0.150     5.486 f  u_tile_core/u_datapath/gen_acc_bank[0].u_acc/FSM_onehot_state_r[7]_i_2/O
                         net (fo=592, routed)         1.984     7.470    u_psum_buffer/result_last_r_reg_0
    SLICE_X21Y43         FDCE                                         f  u_psum_buffer/bias_r_reg[7]/CLR
  -------------------------------------------------------------------    -------------------

                         (clock aclk rise edge)      10.000    10.000 r  
                                                      0.000    10.000 r  aclk (IN)
                         net (fo=939, unset)          0.924    10.924    u_psum_buffer/aclk
    SLICE_X21Y43         FDCE                                         r  u_psum_buffer/bias_r_reg[7]/C
                         clock pessimism              0.000    10.924    
                         clock uncertainty           -0.235    10.689    
    SLICE_X21Y43         FDCE (Recov_fdce_C_CLR)     -0.607    10.082    u_psum_buffer/bias_r_reg[7]
  -------------------------------------------------------------------
                         required time                         10.082    
                         arrival time                          -7.470    
  -------------------------------------------------------------------
                         slack                                  2.612    

Slack (MET) :             2.642ns  (required time - arrival time)
  Source:                 s_axi_bvalid_reg/C
                            (rising edge-triggered cell FDCE clocked by aclk  {rise@0.000ns fall@5.000ns period=10.000ns})
  Destination:            u_tile_core/u_datapath/mul_stage_r_reg[2][12]/CLR
                            (recovery check against rising-edge clock aclk  {rise@0.000ns fall@5.000ns period=10.000ns})
  Path Group:             **async_default**
  Path Type:              Recovery (Max at Slow Process Corner)
  Requirement:            10.000ns  (aclk rise@10.000ns - aclk rise@0.000ns)
  Data Path Delay:        6.467ns  (logic 1.214ns (18.771%)  route 5.253ns (81.229%))
  Logic Levels:           4  (LUT2=1 LUT4=1 LUT5=1 LUT6=1)
  Clock Path Skew:        -0.049ns (DCD - SCD + CPR)
    Destination Clock Delay (DCD):    0.924ns = ( 10.924 - 10.000 ) 
    Source Clock Delay      (SCD):    0.973ns
    Clock Pessimism Removal (CPR):    0.000ns
  Clock Uncertainty:      0.235ns  ((TSJ^2 + TIJ^2)^1/2 + DJ) / 2 + PE + UU
    Total System Jitter     (TSJ):    0.071ns
    Total Input Jitter      (TIJ):    0.000ns
    Discrete Jitter          (DJ):    0.000ns
    Phase Error              (PE):    0.000ns
    User Uncertainty         (UU):    0.200ns

    Location             Delay type                Incr(ns)  Path(ns)    Netlist Resource(s)
  -------------------------------------------------------------------    -------------------
                         (clock aclk rise edge)       0.000     0.000 r  
                                                      0.000     0.000 r  aclk (IN)
                         net (fo=939, unset)          0.973     0.973    aclk
    SLICE_X45Y56         FDCE                                         r  s_axi_bvalid_reg/C
  -------------------------------------------------------------------    -------------------
    SLICE_X45Y56         FDCE (Prop_fdce_C_Q)         0.456     1.429 r  s_axi_bvalid_reg/Q
                         net (fo=8, routed)           1.010     2.439    u_output_fifo/state_r[2]_i_5_0
    SLICE_X45Y56         LUT5 (Prop_lut5_I4_O)        0.152     2.591 f  u_output_fifo/state_r[2]_i_7/O
                         net (fo=2, routed)           0.826     3.418    u_output_fifo/p_38_in
    SLICE_X44Y56         LUT6 (Prop_lut6_I3_O)        0.332     3.750 f  u_output_fifo/done_sticky_r_i_7/O
                         net (fo=6, routed)           0.616     4.366    u_output_fifo/wstrb_r_reg[0]
    SLICE_X43Y52         LUT4 (Prop_lut4_I3_O)        0.124     4.490 f  u_output_fifo/done_sticky_r_i_2/O
                         net (fo=49, routed)          0.846     5.336    u_tile_core/u_datapath/gen_acc_bank[0].u_acc/acc_o_reg[31]_0
    SLICE_X37Y53         LUT2 (Prop_lut2_I0_O)        0.150     5.486 f  u_tile_core/u_datapath/gen_acc_bank[0].u_acc/FSM_onehot_state_r[7]_i_2/O
                         net (fo=592, routed)         1.954     7.440    u_tile_core/u_datapath/aresetn_0
    SLICE_X17Y37         FDCE                                         f  u_tile_core/u_datapath/mul_stage_r_reg[2][12]/CLR
  -------------------------------------------------------------------    -------------------

                         (clock aclk rise edge)      10.000    10.000 r  
                                                      0.000    10.000 r  aclk (IN)
                         net (fo=939, unset)          0.924    10.924    u_tile_core/u_datapath/aclk
    SLICE_X17Y37         FDCE                                         r  u_tile_core/u_datapath/mul_stage_r_reg[2][12]/C
                         clock pessimism              0.000    10.924    
                         clock uncertainty           -0.235    10.689    
    SLICE_X17Y37         FDCE (Recov_fdce_C_CLR)     -0.607    10.082    u_tile_core/u_datapath/mul_stage_r_reg[2][12]
  -------------------------------------------------------------------
                         required time                         10.082    
                         arrival time                          -7.440    
  -------------------------------------------------------------------
                         slack                                  2.642    

Slack (MET) :             2.642ns  (required time - arrival time)
  Source:                 s_axi_bvalid_reg/C
                            (rising edge-triggered cell FDCE clocked by aclk  {rise@0.000ns fall@5.000ns period=10.000ns})
  Destination:            u_tile_core/u_datapath/mul_stage_r_reg[2][13]/CLR
                            (recovery check against rising-edge clock aclk  {rise@0.000ns fall@5.000ns period=10.000ns})
  Path Group:             **async_default**
  Path Type:              Recovery (Max at Slow Process Corner)
  Requirement:            10.000ns  (aclk rise@10.000ns - aclk rise@0.000ns)
  Data Path Delay:        6.467ns  (logic 1.214ns (18.771%)  route 5.253ns (81.229%))
  Logic Levels:           4  (LUT2=1 LUT4=1 LUT5=1 LUT6=1)
  Clock Path Skew:        -0.049ns (DCD - SCD + CPR)
    Destination Clock Delay (DCD):    0.924ns = ( 10.924 - 10.000 ) 
    Source Clock Delay      (SCD):    0.973ns
    Clock Pessimism Removal (CPR):    0.000ns
  Clock Uncertainty:      0.235ns  ((TSJ^2 + TIJ^2)^1/2 + DJ) / 2 + PE + UU
    Total System Jitter     (TSJ):    0.071ns
    Total Input Jitter      (TIJ):    0.000ns
    Discrete Jitter          (DJ):    0.000ns
    Phase Error              (PE):    0.000ns
    User Uncertainty         (UU):    0.200ns

    Location             Delay type                Incr(ns)  Path(ns)    Netlist Resource(s)
  -------------------------------------------------------------------    -------------------
                         (clock aclk rise edge)       0.000     0.000 r  
                                                      0.000     0.000 r  aclk (IN)
                         net (fo=939, unset)          0.973     0.973    aclk
    SLICE_X45Y56         FDCE                                         r  s_axi_bvalid_reg/C
  -------------------------------------------------------------------    -------------------
    SLICE_X45Y56         FDCE (Prop_fdce_C_Q)         0.456     1.429 r  s_axi_bvalid_reg/Q
                         net (fo=8, routed)           1.010     2.439    u_output_fifo/state_r[2]_i_5_0
    SLICE_X45Y56         LUT5 (Prop_lut5_I4_O)        0.152     2.591 f  u_output_fifo/state_r[2]_i_7/O
                         net (fo=2, routed)           0.826     3.418    u_output_fifo/p_38_in
    SLICE_X44Y56         LUT6 (Prop_lut6_I3_O)        0.332     3.750 f  u_output_fifo/done_sticky_r_i_7/O
                         net (fo=6, routed)           0.616     4.366    u_output_fifo/wstrb_r_reg[0]
    SLICE_X43Y52         LUT4 (Prop_lut4_I3_O)        0.124     4.490 f  u_output_fifo/done_sticky_r_i_2/O
                         net (fo=49, routed)          0.846     5.336    u_tile_core/u_datapath/gen_acc_bank[0].u_acc/acc_o_reg[31]_0
    SLICE_X37Y53         LUT2 (Prop_lut2_I0_O)        0.150     5.486 f  u_tile_core/u_datapath/gen_acc_bank[0].u_acc/FSM_onehot_state_r[7]_i_2/O
                         net (fo=592, routed)         1.954     7.440    u_tile_core/u_datapath/aresetn_0
    SLICE_X17Y37         FDCE                                         f  u_tile_core/u_datapath/mul_stage_r_reg[2][13]/CLR
  -------------------------------------------------------------------    -------------------

                         (clock aclk rise edge)      10.000    10.000 r  
                                                      0.000    10.000 r  aclk (IN)
                         net (fo=939, unset)          0.924    10.924    u_tile_core/u_datapath/aclk
    SLICE_X17Y37         FDCE                                         r  u_tile_core/u_datapath/mul_stage_r_reg[2][13]/C
                         clock pessimism              0.000    10.924    
                         clock uncertainty           -0.235    10.689    
    SLICE_X17Y37         FDCE (Recov_fdce_C_CLR)     -0.607    10.082    u_tile_core/u_datapath/mul_stage_r_reg[2][13]
  -------------------------------------------------------------------
                         required time                         10.082    
                         arrival time                          -7.440    
  -------------------------------------------------------------------
                         slack                                  2.642    

Slack (MET) :             2.642ns  (required time - arrival time)
  Source:                 s_axi_bvalid_reg/C
                            (rising edge-triggered cell FDCE clocked by aclk  {rise@0.000ns fall@5.000ns period=10.000ns})
  Destination:            u_tile_core/u_datapath/mul_stage_r_reg[2][14]/CLR
                            (recovery check against rising-edge clock aclk  {rise@0.000ns fall@5.000ns period=10.000ns})
  Path Group:             **async_default**
  Path Type:              Recovery (Max at Slow Process Corner)
  Requirement:            10.000ns  (aclk rise@10.000ns - aclk rise@0.000ns)
  Data Path Delay:        6.467ns  (logic 1.214ns (18.771%)  route 5.253ns (81.229%))
  Logic Levels:           4  (LUT2=1 LUT4=1 LUT5=1 LUT6=1)
  Clock Path Skew:        -0.049ns (DCD - SCD + CPR)
    Destination Clock Delay (DCD):    0.924ns = ( 10.924 - 10.000 ) 
    Source Clock Delay      (SCD):    0.973ns
    Clock Pessimism Removal (CPR):    0.000ns
  Clock Uncertainty:      0.235ns  ((TSJ^2 + TIJ^2)^1/2 + DJ) / 2 + PE + UU
    Total System Jitter     (TSJ):    0.071ns
    Total Input Jitter      (TIJ):    0.000ns
    Discrete Jitter          (DJ):    0.000ns
    Phase Error              (PE):    0.000ns
    User Uncertainty         (UU):    0.200ns

    Location             Delay type                Incr(ns)  Path(ns)    Netlist Resource(s)
  -------------------------------------------------------------------    -------------------
                         (clock aclk rise edge)       0.000     0.000 r  
                                                      0.000     0.000 r  aclk (IN)
                         net (fo=939, unset)          0.973     0.973    aclk
    SLICE_X45Y56         FDCE                                         r  s_axi_bvalid_reg/C
  -------------------------------------------------------------------    -------------------
    SLICE_X45Y56         FDCE (Prop_fdce_C_Q)         0.456     1.429 r  s_axi_bvalid_reg/Q
                         net (fo=8, routed)           1.010     2.439    u_output_fifo/state_r[2]_i_5_0
    SLICE_X45Y56         LUT5 (Prop_lut5_I4_O)        0.152     2.591 f  u_output_fifo/state_r[2]_i_7/O
                         net (fo=2, routed)           0.826     3.418    u_output_fifo/p_38_in
    SLICE_X44Y56         LUT6 (Prop_lut6_I3_O)        0.332     3.750 f  u_output_fifo/done_sticky_r_i_7/O
                         net (fo=6, routed)           0.616     4.366    u_output_fifo/wstrb_r_reg[0]
    SLICE_X43Y52         LUT4 (Prop_lut4_I3_O)        0.124     4.490 f  u_output_fifo/done_sticky_r_i_2/O
                         net (fo=49, routed)          0.846     5.336    u_tile_core/u_datapath/gen_acc_bank[0].u_acc/acc_o_reg[31]_0
    SLICE_X37Y53         LUT2 (Prop_lut2_I0_O)        0.150     5.486 f  u_tile_core/u_datapath/gen_acc_bank[0].u_acc/FSM_onehot_state_r[7]_i_2/O
                         net (fo=592, routed)         1.954     7.440    u_tile_core/u_datapath/aresetn_0
    SLICE_X17Y37         FDCE                                         f  u_tile_core/u_datapath/mul_stage_r_reg[2][14]/CLR
  -------------------------------------------------------------------    -------------------

                         (clock aclk rise edge)      10.000    10.000 r  
                                                      0.000    10.000 r  aclk (IN)
                         net (fo=939, unset)          0.924    10.924    u_tile_core/u_datapath/aclk
    SLICE_X17Y37         FDCE                                         r  u_tile_core/u_datapath/mul_stage_r_reg[2][14]/C
                         clock pessimism              0.000    10.924    
                         clock uncertainty           -0.235    10.689    
    SLICE_X17Y37         FDCE (Recov_fdce_C_CLR)     -0.607    10.082    u_tile_core/u_datapath/mul_stage_r_reg[2][14]
  -------------------------------------------------------------------
                         required time                         10.082    
                         arrival time                          -7.440    
  -------------------------------------------------------------------
                         slack                                  2.642    

Slack (MET) :             2.642ns  (required time - arrival time)
  Source:                 s_axi_bvalid_reg/C
                            (rising edge-triggered cell FDCE clocked by aclk  {rise@0.000ns fall@5.000ns period=10.000ns})
  Destination:            u_tile_core/u_datapath/mul_stage_r_reg[2][15]/CLR
                            (recovery check against rising-edge clock aclk  {rise@0.000ns fall@5.000ns period=10.000ns})
  Path Group:             **async_default**
  Path Type:              Recovery (Max at Slow Process Corner)
  Requirement:            10.000ns  (aclk rise@10.000ns - aclk rise@0.000ns)
  Data Path Delay:        6.467ns  (logic 1.214ns (18.771%)  route 5.253ns (81.229%))
  Logic Levels:           4  (LUT2=1 LUT4=1 LUT5=1 LUT6=1)
  Clock Path Skew:        -0.049ns (DCD - SCD + CPR)
    Destination Clock Delay (DCD):    0.924ns = ( 10.924 - 10.000 ) 
    Source Clock Delay      (SCD):    0.973ns
    Clock Pessimism Removal (CPR):    0.000ns
  Clock Uncertainty:      0.235ns  ((TSJ^2 + TIJ^2)^1/2 + DJ) / 2 + PE + UU
    Total System Jitter     (TSJ):    0.071ns
    Total Input Jitter      (TIJ):    0.000ns
    Discrete Jitter          (DJ):    0.000ns
    Phase Error              (PE):    0.000ns
    User Uncertainty         (UU):    0.200ns

    Location             Delay type                Incr(ns)  Path(ns)    Netlist Resource(s)
  -------------------------------------------------------------------    -------------------
                         (clock aclk rise edge)       0.000     0.000 r  
                                                      0.000     0.000 r  aclk (IN)
                         net (fo=939, unset)          0.973     0.973    aclk
    SLICE_X45Y56         FDCE                                         r  s_axi_bvalid_reg/C
  -------------------------------------------------------------------    -------------------
    SLICE_X45Y56         FDCE (Prop_fdce_C_Q)         0.456     1.429 r  s_axi_bvalid_reg/Q
                         net (fo=8, routed)           1.010     2.439    u_output_fifo/state_r[2]_i_5_0
    SLICE_X45Y56         LUT5 (Prop_lut5_I4_O)        0.152     2.591 f  u_output_fifo/state_r[2]_i_7/O
                         net (fo=2, routed)           0.826     3.418    u_output_fifo/p_38_in
    SLICE_X44Y56         LUT6 (Prop_lut6_I3_O)        0.332     3.750 f  u_output_fifo/done_sticky_r_i_7/O
                         net (fo=6, routed)           0.616     4.366    u_output_fifo/wstrb_r_reg[0]
    SLICE_X43Y52         LUT4 (Prop_lut4_I3_O)        0.124     4.490 f  u_output_fifo/done_sticky_r_i_2/O
                         net (fo=49, routed)          0.846     5.336    u_tile_core/u_datapath/gen_acc_bank[0].u_acc/acc_o_reg[31]_0
    SLICE_X37Y53         LUT2 (Prop_lut2_I0_O)        0.150     5.486 f  u_tile_core/u_datapath/gen_acc_bank[0].u_acc/FSM_onehot_state_r[7]_i_2/O
                         net (fo=592, routed)         1.954     7.440    u_tile_core/u_datapath/aresetn_0
    SLICE_X17Y37         FDCE                                         f  u_tile_core/u_datapath/mul_stage_r_reg[2][15]/CLR
  -------------------------------------------------------------------    -------------------

                         (clock aclk rise edge)      10.000    10.000 r  
                                                      0.000    10.000 r  aclk (IN)
                         net (fo=939, unset)          0.924    10.924    u_tile_core/u_datapath/aclk
    SLICE_X17Y37         FDCE                                         r  u_tile_core/u_datapath/mul_stage_r_reg[2][15]/C
                         clock pessimism              0.000    10.924    
                         clock uncertainty           -0.235    10.689    
    SLICE_X17Y37         FDCE (Recov_fdce_C_CLR)     -0.607    10.082    u_tile_core/u_datapath/mul_stage_r_reg[2][15]
  -------------------------------------------------------------------
                         required time                         10.082    
                         arrival time                          -7.440    
  -------------------------------------------------------------------
                         slack                                  2.642    

Slack (MET) :             2.668ns  (required time - arrival time)
  Source:                 s_axi_bvalid_reg/C
                            (rising edge-triggered cell FDCE clocked by aclk  {rise@0.000ns fall@5.000ns period=10.000ns})
  Destination:            u_tile_core/u_datapath/mul_stage_r_reg[3][4]/CLR
                            (recovery check against rising-edge clock aclk  {rise@0.000ns fall@5.000ns period=10.000ns})
  Path Group:             **async_default**
  Path Type:              Recovery (Max at Slow Process Corner)
  Requirement:            10.000ns  (aclk rise@10.000ns - aclk rise@0.000ns)
  Data Path Delay:        6.441ns  (logic 1.214ns (18.849%)  route 5.227ns (81.151%))
  Logic Levels:           4  (LUT2=1 LUT4=1 LUT5=1 LUT6=1)
  Clock Path Skew:        -0.049ns (DCD - SCD + CPR)
    Destination Clock Delay (DCD):    0.924ns = ( 10.924 - 10.000 ) 
    Source Clock Delay      (SCD):    0.973ns
    Clock Pessimism Removal (CPR):    0.000ns
  Clock Uncertainty:      0.235ns  ((TSJ^2 + TIJ^2)^1/2 + DJ) / 2 + PE + UU
    Total System Jitter     (TSJ):    0.071ns
    Total Input Jitter      (TIJ):    0.000ns
    Discrete Jitter          (DJ):    0.000ns
    Phase Error              (PE):    0.000ns
    User Uncertainty         (UU):    0.200ns

    Location             Delay type                Incr(ns)  Path(ns)    Netlist Resource(s)
  -------------------------------------------------------------------    -------------------
                         (clock aclk rise edge)       0.000     0.000 r  
                                                      0.000     0.000 r  aclk (IN)
                         net (fo=939, unset)          0.973     0.973    aclk
    SLICE_X45Y56         FDCE                                         r  s_axi_bvalid_reg/C
  -------------------------------------------------------------------    -------------------
    SLICE_X45Y56         FDCE (Prop_fdce_C_Q)         0.456     1.429 r  s_axi_bvalid_reg/Q
                         net (fo=8, routed)           1.010     2.439    u_output_fifo/state_r[2]_i_5_0
    SLICE_X45Y56         LUT5 (Prop_lut5_I4_O)        0.152     2.591 f  u_output_fifo/state_r[2]_i_7/O
                         net (fo=2, routed)           0.826     3.418    u_output_fifo/p_38_in
    SLICE_X44Y56         LUT6 (Prop_lut6_I3_O)        0.332     3.750 f  u_output_fifo/done_sticky_r_i_7/O
                         net (fo=6, routed)           0.616     4.366    u_output_fifo/wstrb_r_reg[0]
    SLICE_X43Y52         LUT4 (Prop_lut4_I3_O)        0.124     4.490 f  u_output_fifo/done_sticky_r_i_2/O
                         net (fo=49, routed)          0.846     5.336    u_tile_core/u_datapath/gen_acc_bank[0].u_acc/acc_o_reg[31]_0
    SLICE_X37Y53         LUT2 (Prop_lut2_I0_O)        0.150     5.486 f  u_tile_core/u_datapath/gen_acc_bank[0].u_acc/FSM_onehot_state_r[7]_i_2/O
                         net (fo=592, routed)         1.928     7.414    u_tile_core/u_datapath/aresetn_0
    SLICE_X19Y31         FDCE                                         f  u_tile_core/u_datapath/mul_stage_r_reg[3][4]/CLR
  -------------------------------------------------------------------    -------------------

                         (clock aclk rise edge)      10.000    10.000 r  
                                                      0.000    10.000 r  aclk (IN)
                         net (fo=939, unset)          0.924    10.924    u_tile_core/u_datapath/aclk
    SLICE_X19Y31         FDCE                                         r  u_tile_core/u_datapath/mul_stage_r_reg[3][4]/C
                         clock pessimism              0.000    10.924    
                         clock uncertainty           -0.235    10.689    
    SLICE_X19Y31         FDCE (Recov_fdce_C_CLR)     -0.607    10.082    u_tile_core/u_datapath/mul_stage_r_reg[3][4]
  -------------------------------------------------------------------
                         required time                         10.082    
                         arrival time                          -7.414    
  -------------------------------------------------------------------
                         slack                                  2.668    





Min Delay Paths
--------------------------------------------------------------------------------------
Slack (MET) :             1.015ns  (arrival time - required time)
  Source:                 wdata_r_reg[2]/C
                            (rising edge-triggered cell FDCE clocked by aclk  {rise@0.000ns fall@5.000ns period=10.000ns})
  Destination:            u_psum_buffer/last_channel_r_reg/CLR
                            (removal check against rising-edge clock aclk  {rise@0.000ns fall@5.000ns period=10.000ns})
  Path Group:             **async_default**
  Path Type:              Removal (Min at Fast Process Corner)
  Requirement:            0.000ns  (aclk rise@0.000ns - aclk rise@0.000ns)
  Data Path Delay:        1.107ns  (logic 0.228ns (20.588%)  route 0.879ns (79.412%))
  Logic Levels:           2  (LUT2=1 LUT4=1)
  Clock Path Skew:        0.022ns (DCD - SCD - CPR)
    Destination Clock Delay (DCD):    0.432ns
    Source Clock Delay      (SCD):    0.410ns
    Clock Pessimism Removal (CPR):    -0.000ns
  Clock Uncertainty:      0.200ns  ((TSJ^2 + TIJ^2)^1/2 + DJ) / 2 + PE + UU
    Total System Jitter     (TSJ):    0.000ns
    Total Input Jitter      (TIJ):    0.000ns
    Discrete Jitter          (DJ):    0.000ns
    Phase Error              (PE):    0.000ns
    User Uncertainty         (UU):    0.200ns

    Location             Delay type                Incr(ns)  Path(ns)    Netlist Resource(s)
  -------------------------------------------------------------------    -------------------
                         (clock aclk rise edge)       0.000     0.000 r  
                                                      0.000     0.000 r  aclk (IN)
                         net (fo=939, unset)          0.410     0.410    aclk
    SLICE_X44Y52         FDCE                                         r  wdata_r_reg[2]/C
  -------------------------------------------------------------------    -------------------
    SLICE_X44Y52         FDCE (Prop_fdce_C_Q)         0.141     0.551 f  wdata_r_reg[2]/Q
                         net (fo=3, routed)           0.296     0.847    u_output_fifo/stream_out_count_r_reg[0]_0[1]
    SLICE_X43Y52         LUT4 (Prop_lut4_I2_O)        0.045     0.892 f  u_output_fifo/done_sticky_r_i_2/O
                         net (fo=49, routed)          0.330     1.222    u_tile_core/u_datapath/gen_acc_bank[0].u_acc/acc_o_reg[31]_0
    SLICE_X37Y53         LUT2 (Prop_lut2_I0_O)        0.042     1.264 f  u_tile_core/u_datapath/gen_acc_bank[0].u_acc/FSM_onehot_state_r[7]_i_2/O
                         net (fo=592, routed)         0.254     1.518    u_psum_buffer/result_last_r_reg_0
    SLICE_X42Y50         FDCE                                         f  u_psum_buffer/last_channel_r_reg/CLR
  -------------------------------------------------------------------    -------------------

                         (clock aclk rise edge)       0.000     0.000 r  
                                                      0.000     0.000 r  aclk (IN)
                         net (fo=939, unset)          0.432     0.432    u_psum_buffer/aclk
    SLICE_X42Y50         FDCE                                         r  u_psum_buffer/last_channel_r_reg/C
                         clock pessimism              0.000     0.432    
                         clock uncertainty            0.200     0.632    
    SLICE_X42Y50         FDCE (Remov_fdce_C_CLR)     -0.129     0.503    u_psum_buffer/last_channel_r_reg
  -------------------------------------------------------------------
                         required time                         -0.503    
                         arrival time                           1.518    
  -------------------------------------------------------------------
                         slack                                  1.015    

Slack (MET) :             1.100ns  (arrival time - required time)
  Source:                 wdata_r_reg[2]/C
                            (rising edge-triggered cell FDCE clocked by aclk  {rise@0.000ns fall@5.000ns period=10.000ns})
  Destination:            u_tile_core/u_controller/output_col_r_reg[0]/CLR
                            (removal check against rising-edge clock aclk  {rise@0.000ns fall@5.000ns period=10.000ns})
  Path Group:             **async_default**
  Path Type:              Removal (Min at Fast Process Corner)
  Requirement:            0.000ns  (aclk rise@0.000ns - aclk rise@0.000ns)
  Data Path Delay:        1.193ns  (logic 0.228ns (19.117%)  route 0.965ns (80.883%))
  Logic Levels:           2  (LUT2=1 LUT4=1)
  Clock Path Skew:        0.022ns (DCD - SCD - CPR)
    Destination Clock Delay (DCD):    0.432ns
    Source Clock Delay      (SCD):    0.410ns
    Clock Pessimism Removal (CPR):    -0.000ns
  Clock Uncertainty:      0.200ns  ((TSJ^2 + TIJ^2)^1/2 + DJ) / 2 + PE + UU
    Total System Jitter     (TSJ):    0.000ns
    Total Input Jitter      (TIJ):    0.000ns
    Discrete Jitter          (DJ):    0.000ns
    Phase Error              (PE):    0.000ns
    User Uncertainty         (UU):    0.200ns

    Location             Delay type                Incr(ns)  Path(ns)    Netlist Resource(s)
  -------------------------------------------------------------------    -------------------
                         (clock aclk rise edge)       0.000     0.000 r  
                                                      0.000     0.000 r  aclk (IN)
                         net (fo=939, unset)          0.410     0.410    aclk
    SLICE_X44Y52         FDCE                                         r  wdata_r_reg[2]/C
  -------------------------------------------------------------------    -------------------
    SLICE_X44Y52         FDCE (Prop_fdce_C_Q)         0.141     0.551 f  wdata_r_reg[2]/Q
                         net (fo=3, routed)           0.296     0.847    u_output_fifo/stream_out_count_r_reg[0]_0[1]
    SLICE_X43Y52         LUT4 (Prop_lut4_I2_O)        0.045     0.892 f  u_output_fifo/done_sticky_r_i_2/O
                         net (fo=49, routed)          0.330     1.222    u_tile_core/u_datapath/gen_acc_bank[0].u_acc/acc_o_reg[31]_0
    SLICE_X37Y53         LUT2 (Prop_lut2_I0_O)        0.042     1.264 f  u_tile_core/u_datapath/gen_acc_bank[0].u_acc/FSM_onehot_state_r[7]_i_2/O
                         net (fo=592, routed)         0.339     1.603    u_tile_core/u_controller/output_addr_r_reg[9]_1
    SLICE_X32Y54         FDCE                                         f  u_tile_core/u_controller/output_col_r_reg[0]/CLR
  -------------------------------------------------------------------    -------------------

                         (clock aclk rise edge)       0.000     0.000 r  
                                                      0.000     0.000 r  aclk (IN)
                         net (fo=939, unset)          0.432     0.432    u_tile_core/u_controller/aclk
    SLICE_X32Y54         FDCE                                         r  u_tile_core/u_controller/output_col_r_reg[0]/C
                         clock pessimism              0.000     0.432    
                         clock uncertainty            0.200     0.632    
    SLICE_X32Y54         FDCE (Remov_fdce_C_CLR)     -0.129     0.503    u_tile_core/u_controller/output_col_r_reg[0]
  -------------------------------------------------------------------
                         required time                         -0.503    
                         arrival time                           1.603    
  -------------------------------------------------------------------
                         slack                                  1.100    

Slack (MET) :             1.100ns  (arrival time - required time)
  Source:                 wdata_r_reg[2]/C
                            (rising edge-triggered cell FDCE clocked by aclk  {rise@0.000ns fall@5.000ns period=10.000ns})
  Destination:            u_tile_core/u_controller/output_col_r_reg[2]/CLR
                            (removal check against rising-edge clock aclk  {rise@0.000ns fall@5.000ns period=10.000ns})
  Path Group:             **async_default**
  Path Type:              Removal (Min at Fast Process Corner)
  Requirement:            0.000ns  (aclk rise@0.000ns - aclk rise@0.000ns)
  Data Path Delay:        1.193ns  (logic 0.228ns (19.117%)  route 0.965ns (80.883%))
  Logic Levels:           2  (LUT2=1 LUT4=1)
  Clock Path Skew:        0.022ns (DCD - SCD - CPR)
    Destination Clock Delay (DCD):    0.432ns
    Source Clock Delay      (SCD):    0.410ns
    Clock Pessimism Removal (CPR):    -0.000ns
  Clock Uncertainty:      0.200ns  ((TSJ^2 + TIJ^2)^1/2 + DJ) / 2 + PE + UU
    Total System Jitter     (TSJ):    0.000ns
    Total Input Jitter      (TIJ):    0.000ns
    Discrete Jitter          (DJ):    0.000ns
    Phase Error              (PE):    0.000ns
    User Uncertainty         (UU):    0.200ns

    Location             Delay type                Incr(ns)  Path(ns)    Netlist Resource(s)
  -------------------------------------------------------------------    -------------------
                         (clock aclk rise edge)       0.000     0.000 r  
                                                      0.000     0.000 r  aclk (IN)
                         net (fo=939, unset)          0.410     0.410    aclk
    SLICE_X44Y52         FDCE                                         r  wdata_r_reg[2]/C
  -------------------------------------------------------------------    -------------------
    SLICE_X44Y52         FDCE (Prop_fdce_C_Q)         0.141     0.551 f  wdata_r_reg[2]/Q
                         net (fo=3, routed)           0.296     0.847    u_output_fifo/stream_out_count_r_reg[0]_0[1]
    SLICE_X43Y52         LUT4 (Prop_lut4_I2_O)        0.045     0.892 f  u_output_fifo/done_sticky_r_i_2/O
                         net (fo=49, routed)          0.330     1.222    u_tile_core/u_datapath/gen_acc_bank[0].u_acc/acc_o_reg[31]_0
    SLICE_X37Y53         LUT2 (Prop_lut2_I0_O)        0.042     1.264 f  u_tile_core/u_datapath/gen_acc_bank[0].u_acc/FSM_onehot_state_r[7]_i_2/O
                         net (fo=592, routed)         0.339     1.603    u_tile_core/u_controller/output_addr_r_reg[9]_1
    SLICE_X32Y54         FDCE                                         f  u_tile_core/u_controller/output_col_r_reg[2]/CLR
  -------------------------------------------------------------------    -------------------

                         (clock aclk rise edge)       0.000     0.000 r  
                                                      0.000     0.000 r  aclk (IN)
                         net (fo=939, unset)          0.432     0.432    u_tile_core/u_controller/aclk
    SLICE_X32Y54         FDCE                                         r  u_tile_core/u_controller/output_col_r_reg[2]/C
                         clock pessimism              0.000     0.432    
                         clock uncertainty            0.200     0.632    
    SLICE_X32Y54         FDCE (Remov_fdce_C_CLR)     -0.129     0.503    u_tile_core/u_controller/output_col_r_reg[2]
  -------------------------------------------------------------------
                         required time                         -0.503    
                         arrival time                           1.603    
  -------------------------------------------------------------------
                         slack                                  1.100    

Slack (MET) :             1.125ns  (arrival time - required time)
  Source:                 wdata_r_reg[2]/C
                            (rising edge-triggered cell FDCE clocked by aclk  {rise@0.000ns fall@5.000ns period=10.000ns})
  Destination:            u_tile_core/u_controller/output_col_r_reg[1]/CLR
                            (removal check against rising-edge clock aclk  {rise@0.000ns fall@5.000ns period=10.000ns})
  Path Group:             **async_default**
  Path Type:              Removal (Min at Fast Process Corner)
  Requirement:            0.000ns  (aclk rise@0.000ns - aclk rise@0.000ns)
  Data Path Delay:        1.193ns  (logic 0.228ns (19.117%)  route 0.965ns (80.883%))
  Logic Levels:           2  (LUT2=1 LUT4=1)
  Clock Path Skew:        0.022ns (DCD - SCD - CPR)
    Destination Clock Delay (DCD):    0.432ns
    Source Clock Delay      (SCD):    0.410ns
    Clock Pessimism Removal (CPR):    -0.000ns
  Clock Uncertainty:      0.200ns  ((TSJ^2 + TIJ^2)^1/2 + DJ) / 2 + PE + UU
    Total System Jitter     (TSJ):    0.000ns
    Total Input Jitter      (TIJ):    0.000ns
    Discrete Jitter          (DJ):    0.000ns
    Phase Error              (PE):    0.000ns
    User Uncertainty         (UU):    0.200ns

    Location             Delay type                Incr(ns)  Path(ns)    Netlist Resource(s)
  -------------------------------------------------------------------    -------------------
                         (clock aclk rise edge)       0.000     0.000 r  
                                                      0.000     0.000 r  aclk (IN)
                         net (fo=939, unset)          0.410     0.410    aclk
    SLICE_X44Y52         FDCE                                         r  wdata_r_reg[2]/C
  -------------------------------------------------------------------    -------------------
    SLICE_X44Y52         FDCE (Prop_fdce_C_Q)         0.141     0.551 f  wdata_r_reg[2]/Q
                         net (fo=3, routed)           0.296     0.847    u_output_fifo/stream_out_count_r_reg[0]_0[1]
    SLICE_X43Y52         LUT4 (Prop_lut4_I2_O)        0.045     0.892 f  u_output_fifo/done_sticky_r_i_2/O
                         net (fo=49, routed)          0.330     1.222    u_tile_core/u_datapath/gen_acc_bank[0].u_acc/acc_o_reg[31]_0
    SLICE_X37Y53         LUT2 (Prop_lut2_I0_O)        0.042     1.264 f  u_tile_core/u_datapath/gen_acc_bank[0].u_acc/FSM_onehot_state_r[7]_i_2/O
                         net (fo=592, routed)         0.339     1.603    u_tile_core/u_controller/output_addr_r_reg[9]_1
    SLICE_X33Y54         FDCE                                         f  u_tile_core/u_controller/output_col_r_reg[1]/CLR
  -------------------------------------------------------------------    -------------------

                         (clock aclk rise edge)       0.000     0.000 r  
                                                      0.000     0.000 r  aclk (IN)
                         net (fo=939, unset)          0.432     0.432    u_tile_core/u_controller/aclk
    SLICE_X33Y54         FDCE                                         r  u_tile_core/u_controller/output_col_r_reg[1]/C
                         clock pessimism              0.000     0.432    
                         clock uncertainty            0.200     0.632    
    SLICE_X33Y54         FDCE (Remov_fdce_C_CLR)     -0.154     0.478    u_tile_core/u_controller/output_col_r_reg[1]
  -------------------------------------------------------------------
                         required time                         -0.478    
                         arrival time                           1.603    
  -------------------------------------------------------------------
                         slack                                  1.125    

Slack (MET) :             1.125ns  (arrival time - required time)
  Source:                 wdata_r_reg[2]/C
                            (rising edge-triggered cell FDCE clocked by aclk  {rise@0.000ns fall@5.000ns period=10.000ns})
  Destination:            u_tile_core/u_controller/output_col_r_reg[3]/CLR
                            (removal check against rising-edge clock aclk  {rise@0.000ns fall@5.000ns period=10.000ns})
  Path Group:             **async_default**
  Path Type:              Removal (Min at Fast Process Corner)
  Requirement:            0.000ns  (aclk rise@0.000ns - aclk rise@0.000ns)
  Data Path Delay:        1.193ns  (logic 0.228ns (19.117%)  route 0.965ns (80.883%))
  Logic Levels:           2  (LUT2=1 LUT4=1)
  Clock Path Skew:        0.022ns (DCD - SCD - CPR)
    Destination Clock Delay (DCD):    0.432ns
    Source Clock Delay      (SCD):    0.410ns
    Clock Pessimism Removal (CPR):    -0.000ns
  Clock Uncertainty:      0.200ns  ((TSJ^2 + TIJ^2)^1/2 + DJ) / 2 + PE + UU
    Total System Jitter     (TSJ):    0.000ns
    Total Input Jitter      (TIJ):    0.000ns
    Discrete Jitter          (DJ):    0.000ns
    Phase Error              (PE):    0.000ns
    User Uncertainty         (UU):    0.200ns

    Location             Delay type                Incr(ns)  Path(ns)    Netlist Resource(s)
  -------------------------------------------------------------------    -------------------
                         (clock aclk rise edge)       0.000     0.000 r  
                                                      0.000     0.000 r  aclk (IN)
                         net (fo=939, unset)          0.410     0.410    aclk
    SLICE_X44Y52         FDCE                                         r  wdata_r_reg[2]/C
  -------------------------------------------------------------------    -------------------
    SLICE_X44Y52         FDCE (Prop_fdce_C_Q)         0.141     0.551 f  wdata_r_reg[2]/Q
                         net (fo=3, routed)           0.296     0.847    u_output_fifo/stream_out_count_r_reg[0]_0[1]
    SLICE_X43Y52         LUT4 (Prop_lut4_I2_O)        0.045     0.892 f  u_output_fifo/done_sticky_r_i_2/O
                         net (fo=49, routed)          0.330     1.222    u_tile_core/u_datapath/gen_acc_bank[0].u_acc/acc_o_reg[31]_0
    SLICE_X37Y53         LUT2 (Prop_lut2_I0_O)        0.042     1.264 f  u_tile_core/u_datapath/gen_acc_bank[0].u_acc/FSM_onehot_state_r[7]_i_2/O
                         net (fo=592, routed)         0.339     1.603    u_tile_core/u_controller/output_addr_r_reg[9]_1
    SLICE_X33Y54         FDCE                                         f  u_tile_core/u_controller/output_col_r_reg[3]/CLR
  -------------------------------------------------------------------    -------------------

                         (clock aclk rise edge)       0.000     0.000 r  
                                                      0.000     0.000 r  aclk (IN)
                         net (fo=939, unset)          0.432     0.432    u_tile_core/u_controller/aclk
    SLICE_X33Y54         FDCE                                         r  u_tile_core/u_controller/output_col_r_reg[3]/C
                         clock pessimism              0.000     0.432    
                         clock uncertainty            0.200     0.632    
    SLICE_X33Y54         FDCE (Remov_fdce_C_CLR)     -0.154     0.478    u_tile_core/u_controller/output_col_r_reg[3]
  -------------------------------------------------------------------
                         required time                         -0.478    
                         arrival time                           1.603    
  -------------------------------------------------------------------
                         slack                                  1.125    

Slack (MET) :             1.125ns  (arrival time - required time)
  Source:                 wdata_r_reg[2]/C
                            (rising edge-triggered cell FDCE clocked by aclk  {rise@0.000ns fall@5.000ns period=10.000ns})
  Destination:            u_tile_core/u_controller/output_col_r_reg[4]/CLR
                            (removal check against rising-edge clock aclk  {rise@0.000ns fall@5.000ns period=10.000ns})
  Path Group:             **async_default**
  Path Type:              Removal (Min at Fast Process Corner)
  Requirement:            0.000ns  (aclk rise@0.000ns - aclk rise@0.000ns)
  Data Path Delay:        1.193ns  (logic 0.228ns (19.117%)  route 0.965ns (80.883%))
  Logic Levels:           2  (LUT2=1 LUT4=1)
  Clock Path Skew:        0.022ns (DCD - SCD - CPR)
    Destination Clock Delay (DCD):    0.432ns
    Source Clock Delay      (SCD):    0.410ns
    Clock Pessimism Removal (CPR):    -0.000ns
  Clock Uncertainty:      0.200ns  ((TSJ^2 + TIJ^2)^1/2 + DJ) / 2 + PE + UU
    Total System Jitter     (TSJ):    0.000ns
    Total Input Jitter      (TIJ):    0.000ns
    Discrete Jitter          (DJ):    0.000ns
    Phase Error              (PE):    0.000ns
    User Uncertainty         (UU):    0.200ns

    Location             Delay type                Incr(ns)  Path(ns)    Netlist Resource(s)
  -------------------------------------------------------------------    -------------------
                         (clock aclk rise edge)       0.000     0.000 r  
                                                      0.000     0.000 r  aclk (IN)
                         net (fo=939, unset)          0.410     0.410    aclk
    SLICE_X44Y52         FDCE                                         r  wdata_r_reg[2]/C
  -------------------------------------------------------------------    -------------------
    SLICE_X44Y52         FDCE (Prop_fdce_C_Q)         0.141     0.551 f  wdata_r_reg[2]/Q
                         net (fo=3, routed)           0.296     0.847    u_output_fifo/stream_out_count_r_reg[0]_0[1]
    SLICE_X43Y52         LUT4 (Prop_lut4_I2_O)        0.045     0.892 f  u_output_fifo/done_sticky_r_i_2/O
                         net (fo=49, routed)          0.330     1.222    u_tile_core/u_datapath/gen_acc_bank[0].u_acc/acc_o_reg[31]_0
    SLICE_X37Y53         LUT2 (Prop_lut2_I0_O)        0.042     1.264 f  u_tile_core/u_datapath/gen_acc_bank[0].u_acc/FSM_onehot_state_r[7]_i_2/O
                         net (fo=592, routed)         0.339     1.603    u_tile_core/u_controller/output_addr_r_reg[9]_1
    SLICE_X33Y54         FDCE                                         f  u_tile_core/u_controller/output_col_r_reg[4]/CLR
  -------------------------------------------------------------------    -------------------

                         (clock aclk rise edge)       0.000     0.000 r  
                                                      0.000     0.000 r  aclk (IN)
                         net (fo=939, unset)          0.432     0.432    u_tile_core/u_controller/aclk
    SLICE_X33Y54         FDCE                                         r  u_tile_core/u_controller/output_col_r_reg[4]/C
                         clock pessimism              0.000     0.432    
                         clock uncertainty            0.200     0.632    
    SLICE_X33Y54         FDCE (Remov_fdce_C_CLR)     -0.154     0.478    u_tile_core/u_controller/output_col_r_reg[4]
  -------------------------------------------------------------------
                         required time                         -0.478    
                         arrival time                           1.603    
  -------------------------------------------------------------------
                         slack                                  1.125    

Slack (MET) :             1.131ns  (arrival time - required time)
  Source:                 wdata_r_reg[2]/C
                            (rising edge-triggered cell FDCE clocked by aclk  {rise@0.000ns fall@5.000ns period=10.000ns})
  Destination:            u_tile_core/u_window_generator/bot_prev1_r_reg[6]/CLR
                            (removal check against rising-edge clock aclk  {rise@0.000ns fall@5.000ns period=10.000ns})
  Path Group:             **async_default**
  Path Type:              Removal (Min at Fast Process Corner)
  Requirement:            0.000ns  (aclk rise@0.000ns - aclk rise@0.000ns)
  Data Path Delay:        1.224ns  (logic 0.228ns (18.626%)  route 0.996ns (81.374%))
  Logic Levels:           2  (LUT2=1 LUT4=1)
  Clock Path Skew:        0.022ns (DCD - SCD - CPR)
    Destination Clock Delay (DCD):    0.432ns
    Source Clock Delay      (SCD):    0.410ns
    Clock Pessimism Removal (CPR):    -0.000ns
  Clock Uncertainty:      0.200ns  ((TSJ^2 + TIJ^2)^1/2 + DJ) / 2 + PE + UU
    Total System Jitter     (TSJ):    0.000ns
    Total Input Jitter      (TIJ):    0.000ns
    Discrete Jitter          (DJ):    0.000ns
    Phase Error              (PE):    0.000ns
    User Uncertainty         (UU):    0.200ns

    Location             Delay type                Incr(ns)  Path(ns)    Netlist Resource(s)
  -------------------------------------------------------------------    -------------------
                         (clock aclk rise edge)       0.000     0.000 r  
                                                      0.000     0.000 r  aclk (IN)
                         net (fo=939, unset)          0.410     0.410    aclk
    SLICE_X44Y52         FDCE                                         r  wdata_r_reg[2]/C
  -------------------------------------------------------------------    -------------------
    SLICE_X44Y52         FDCE (Prop_fdce_C_Q)         0.141     0.551 f  wdata_r_reg[2]/Q
                         net (fo=3, routed)           0.296     0.847    u_output_fifo/stream_out_count_r_reg[0]_0[1]
    SLICE_X43Y52         LUT4 (Prop_lut4_I2_O)        0.045     0.892 f  u_output_fifo/done_sticky_r_i_2/O
                         net (fo=49, routed)          0.330     1.222    u_tile_core/u_datapath/gen_acc_bank[0].u_acc/acc_o_reg[31]_0
    SLICE_X37Y53         LUT2 (Prop_lut2_I0_O)        0.042     1.264 f  u_tile_core/u_datapath/gen_acc_bank[0].u_acc/FSM_onehot_state_r[7]_i_2/O
                         net (fo=592, routed)         0.370     1.634    u_tile_core/u_window_generator/column_count_r_reg[4]_0
    SLICE_X34Y45         FDCE                                         f  u_tile_core/u_window_generator/bot_prev1_r_reg[6]/CLR
  -------------------------------------------------------------------    -------------------

                         (clock aclk rise edge)       0.000     0.000 r  
                                                      0.000     0.000 r  aclk (IN)
                         net (fo=939, unset)          0.432     0.432    u_tile_core/u_window_generator/aclk
    SLICE_X34Y45         FDCE                                         r  u_tile_core/u_window_generator/bot_prev1_r_reg[6]/C
                         clock pessimism              0.000     0.432    
                         clock uncertainty            0.200     0.632    
    SLICE_X34Y45         FDCE (Remov_fdce_C_CLR)     -0.129     0.503    u_tile_core/u_window_generator/bot_prev1_r_reg[6]
  -------------------------------------------------------------------
                         required time                         -0.503    
                         arrival time                           1.634    
  -------------------------------------------------------------------
                         slack                                  1.131    

Slack (MET) :             1.131ns  (arrival time - required time)
  Source:                 wdata_r_reg[2]/C
                            (rising edge-triggered cell FDCE clocked by aclk  {rise@0.000ns fall@5.000ns period=10.000ns})
  Destination:            u_tile_core/u_window_generator/bot_prev1_r_reg[7]/CLR
                            (removal check against rising-edge clock aclk  {rise@0.000ns fall@5.000ns period=10.000ns})
  Path Group:             **async_default**
  Path Type:              Removal (Min at Fast Process Corner)
  Requirement:            0.000ns  (aclk rise@0.000ns - aclk rise@0.000ns)
  Data Path Delay:        1.224ns  (logic 0.228ns (18.626%)  route 0.996ns (81.374%))
  Logic Levels:           2  (LUT2=1 LUT4=1)
  Clock Path Skew:        0.022ns (DCD - SCD - CPR)
    Destination Clock Delay (DCD):    0.432ns
    Source Clock Delay      (SCD):    0.410ns
    Clock Pessimism Removal (CPR):    -0.000ns
  Clock Uncertainty:      0.200ns  ((TSJ^2 + TIJ^2)^1/2 + DJ) / 2 + PE + UU
    Total System Jitter     (TSJ):    0.000ns
    Total Input Jitter      (TIJ):    0.000ns
    Discrete Jitter          (DJ):    0.000ns
    Phase Error              (PE):    0.000ns
    User Uncertainty         (UU):    0.200ns

    Location             Delay type                Incr(ns)  Path(ns)    Netlist Resource(s)
  -------------------------------------------------------------------    -------------------
                         (clock aclk rise edge)       0.000     0.000 r  
                                                      0.000     0.000 r  aclk (IN)
                         net (fo=939, unset)          0.410     0.410    aclk
    SLICE_X44Y52         FDCE                                         r  wdata_r_reg[2]/C
  -------------------------------------------------------------------    -------------------
    SLICE_X44Y52         FDCE (Prop_fdce_C_Q)         0.141     0.551 f  wdata_r_reg[2]/Q
                         net (fo=3, routed)           0.296     0.847    u_output_fifo/stream_out_count_r_reg[0]_0[1]
    SLICE_X43Y52         LUT4 (Prop_lut4_I2_O)        0.045     0.892 f  u_output_fifo/done_sticky_r_i_2/O
                         net (fo=49, routed)          0.330     1.222    u_tile_core/u_datapath/gen_acc_bank[0].u_acc/acc_o_reg[31]_0
    SLICE_X37Y53         LUT2 (Prop_lut2_I0_O)        0.042     1.264 f  u_tile_core/u_datapath/gen_acc_bank[0].u_acc/FSM_onehot_state_r[7]_i_2/O
                         net (fo=592, routed)         0.370     1.634    u_tile_core/u_window_generator/column_count_r_reg[4]_0
    SLICE_X34Y45         FDCE                                         f  u_tile_core/u_window_generator/bot_prev1_r_reg[7]/CLR
  -------------------------------------------------------------------    -------------------

                         (clock aclk rise edge)       0.000     0.000 r  
                                                      0.000     0.000 r  aclk (IN)
                         net (fo=939, unset)          0.432     0.432    u_tile_core/u_window_generator/aclk
    SLICE_X34Y45         FDCE                                         r  u_tile_core/u_window_generator/bot_prev1_r_reg[7]/C
                         clock pessimism              0.000     0.432    
                         clock uncertainty            0.200     0.632    
    SLICE_X34Y45         FDCE (Remov_fdce_C_CLR)     -0.129     0.503    u_tile_core/u_window_generator/bot_prev1_r_reg[7]
  -------------------------------------------------------------------
                         required time                         -0.503    
                         arrival time                           1.634    
  -------------------------------------------------------------------
                         slack                                  1.131    

Slack (MET) :             1.131ns  (arrival time - required time)
  Source:                 wdata_r_reg[2]/C
                            (rising edge-triggered cell FDCE clocked by aclk  {rise@0.000ns fall@5.000ns period=10.000ns})
  Destination:            u_tile_core/u_window_generator/bot_prev2_r_reg[6]/CLR
                            (removal check against rising-edge clock aclk  {rise@0.000ns fall@5.000ns period=10.000ns})
  Path Group:             **async_default**
  Path Type:              Removal (Min at Fast Process Corner)
  Requirement:            0.000ns  (aclk rise@0.000ns - aclk rise@0.000ns)
  Data Path Delay:        1.224ns  (logic 0.228ns (18.626%)  route 0.996ns (81.374%))
  Logic Levels:           2  (LUT2=1 LUT4=1)
  Clock Path Skew:        0.022ns (DCD - SCD - CPR)
    Destination Clock Delay (DCD):    0.432ns
    Source Clock Delay      (SCD):    0.410ns
    Clock Pessimism Removal (CPR):    -0.000ns
  Clock Uncertainty:      0.200ns  ((TSJ^2 + TIJ^2)^1/2 + DJ) / 2 + PE + UU
    Total System Jitter     (TSJ):    0.000ns
    Total Input Jitter      (TIJ):    0.000ns
    Discrete Jitter          (DJ):    0.000ns
    Phase Error              (PE):    0.000ns
    User Uncertainty         (UU):    0.200ns

    Location             Delay type                Incr(ns)  Path(ns)    Netlist Resource(s)
  -------------------------------------------------------------------    -------------------
                         (clock aclk rise edge)       0.000     0.000 r  
                                                      0.000     0.000 r  aclk (IN)
                         net (fo=939, unset)          0.410     0.410    aclk
    SLICE_X44Y52         FDCE                                         r  wdata_r_reg[2]/C
  -------------------------------------------------------------------    -------------------
    SLICE_X44Y52         FDCE (Prop_fdce_C_Q)         0.141     0.551 f  wdata_r_reg[2]/Q
                         net (fo=3, routed)           0.296     0.847    u_output_fifo/stream_out_count_r_reg[0]_0[1]
    SLICE_X43Y52         LUT4 (Prop_lut4_I2_O)        0.045     0.892 f  u_output_fifo/done_sticky_r_i_2/O
                         net (fo=49, routed)          0.330     1.222    u_tile_core/u_datapath/gen_acc_bank[0].u_acc/acc_o_reg[31]_0
    SLICE_X37Y53         LUT2 (Prop_lut2_I0_O)        0.042     1.264 f  u_tile_core/u_datapath/gen_acc_bank[0].u_acc/FSM_onehot_state_r[7]_i_2/O
                         net (fo=592, routed)         0.370     1.634    u_tile_core/u_window_generator/column_count_r_reg[4]_0
    SLICE_X34Y45         FDCE                                         f  u_tile_core/u_window_generator/bot_prev2_r_reg[6]/CLR
  -------------------------------------------------------------------    -------------------

                         (clock aclk rise edge)       0.000     0.000 r  
                                                      0.000     0.000 r  aclk (IN)
                         net (fo=939, unset)          0.432     0.432    u_tile_core/u_window_generator/aclk
    SLICE_X34Y45         FDCE                                         r  u_tile_core/u_window_generator/bot_prev2_r_reg[6]/C
                         clock pessimism              0.000     0.432    
                         clock uncertainty            0.200     0.632    
    SLICE_X34Y45         FDCE (Remov_fdce_C_CLR)     -0.129     0.503    u_tile_core/u_window_generator/bot_prev2_r_reg[6]
  -------------------------------------------------------------------
                         required time                         -0.503    
                         arrival time                           1.634    
  -------------------------------------------------------------------
                         slack                                  1.131    

Slack (MET) :             1.131ns  (arrival time - required time)
  Source:                 wdata_r_reg[2]/C
                            (rising edge-triggered cell FDCE clocked by aclk  {rise@0.000ns fall@5.000ns period=10.000ns})
  Destination:            u_tile_core/u_window_generator/bot_prev2_r_reg[7]/CLR
                            (removal check against rising-edge clock aclk  {rise@0.000ns fall@5.000ns period=10.000ns})
  Path Group:             **async_default**
  Path Type:              Removal (Min at Fast Process Corner)
  Requirement:            0.000ns  (aclk rise@0.000ns - aclk rise@0.000ns)
  Data Path Delay:        1.224ns  (logic 0.228ns (18.626%)  route 0.996ns (81.374%))
  Logic Levels:           2  (LUT2=1 LUT4=1)
  Clock Path Skew:        0.022ns (DCD - SCD - CPR)
    Destination Clock Delay (DCD):    0.432ns
    Source Clock Delay      (SCD):    0.410ns
    Clock Pessimism Removal (CPR):    -0.000ns
  Clock Uncertainty:      0.200ns  ((TSJ^2 + TIJ^2)^1/2 + DJ) / 2 + PE + UU
    Total System Jitter     (TSJ):    0.000ns
    Total Input Jitter      (TIJ):    0.000ns
    Discrete Jitter          (DJ):    0.000ns
    Phase Error              (PE):    0.000ns
    User Uncertainty         (UU):    0.200ns

    Location             Delay type                Incr(ns)  Path(ns)    Netlist Resource(s)
  -------------------------------------------------------------------    -------------------
                         (clock aclk rise edge)       0.000     0.000 r  
                                                      0.000     0.000 r  aclk (IN)
                         net (fo=939, unset)          0.410     0.410    aclk
    SLICE_X44Y52         FDCE                                         r  wdata_r_reg[2]/C
  -------------------------------------------------------------------    -------------------
    SLICE_X44Y52         FDCE (Prop_fdce_C_Q)         0.141     0.551 f  wdata_r_reg[2]/Q
                         net (fo=3, routed)           0.296     0.847    u_output_fifo/stream_out_count_r_reg[0]_0[1]
    SLICE_X43Y52         LUT4 (Prop_lut4_I2_O)        0.045     0.892 f  u_output_fifo/done_sticky_r_i_2/O
                         net (fo=49, routed)          0.330     1.222    u_tile_core/u_datapath/gen_acc_bank[0].u_acc/acc_o_reg[31]_0
    SLICE_X37Y53         LUT2 (Prop_lut2_I0_O)        0.042     1.264 f  u_tile_core/u_datapath/gen_acc_bank[0].u_acc/FSM_onehot_state_r[7]_i_2/O
                         net (fo=592, routed)         0.370     1.634    u_tile_core/u_window_generator/column_count_r_reg[4]_0
    SLICE_X34Y45         FDCE                                         f  u_tile_core/u_window_generator/bot_prev2_r_reg[7]/CLR
  -------------------------------------------------------------------    -------------------

                         (clock aclk rise edge)       0.000     0.000 r  
                                                      0.000     0.000 r  aclk (IN)
                         net (fo=939, unset)          0.432     0.432    u_tile_core/u_window_generator/aclk
    SLICE_X34Y45         FDCE                                         r  u_tile_core/u_window_generator/bot_prev2_r_reg[7]/C
                         clock pessimism              0.000     0.432    
                         clock uncertainty            0.200     0.632    
    SLICE_X34Y45         FDCE (Remov_fdce_C_CLR)     -0.129     0.503    u_tile_core/u_window_generator/bot_prev2_r_reg[7]
  -------------------------------------------------------------------
                         required time                         -0.503    
                         arrival time                           1.634    
  -------------------------------------------------------------------
                         slack                                  1.131    

Slack (MET) :             1.146ns  (arrival time - required time)
  Source:                 wdata_r_reg[2]/C
                            (rising edge-triggered cell FDCE clocked by aclk  {rise@0.000ns fall@5.000ns period=10.000ns})
  Destination:            u_tile_core/u_input_loader/row_r_reg[2]/CLR
                            (removal check against rising-edge clock aclk  {rise@0.000ns fall@5.000ns period=10.000ns})
  Path Group:             **async_default**
  Path Type:              Removal (Min at Fast Process Corner)
  Requirement:            0.000ns  (aclk rise@0.000ns - aclk rise@0.000ns)
  Data Path Delay:        1.238ns  (logic 0.228ns (18.410%)  route 1.010ns (81.590%))
  Logic Levels:           2  (LUT2=1 LUT4=1)
  Clock Path Skew:        0.022ns (DCD - SCD - CPR)
    Destination Clock Delay (DCD):    0.432ns
    Source Clock Delay      (SCD):    0.410ns
    Clock Pessimism Removal (CPR):    -0.000ns
  Clock Uncertainty:      0.200ns  ((TSJ^2 + TIJ^2)^1/2 + DJ) / 2 + PE + UU
    Total System Jitter     (TSJ):    0.000ns
    Total Input Jitter      (TIJ):    0.000ns
    Discrete Jitter          (DJ):    0.000ns
    Phase Error              (PE):    0.000ns
    User Uncertainty         (UU):    0.200ns

    Location             Delay type                Incr(ns)  Path(ns)    Netlist Resource(s)
  -------------------------------------------------------------------    -------------------
                         (clock aclk rise edge)       0.000     0.000 r  
                                                      0.000     0.000 r  aclk (IN)
                         net (fo=939, unset)          0.410     0.410    aclk
    SLICE_X44Y52         FDCE                                         r  wdata_r_reg[2]/C
  -------------------------------------------------------------------    -------------------
    SLICE_X44Y52         FDCE (Prop_fdce_C_Q)         0.141     0.551 f  wdata_r_reg[2]/Q
                         net (fo=3, routed)           0.296     0.847    u_output_fifo/stream_out_count_r_reg[0]_0[1]
    SLICE_X43Y52         LUT4 (Prop_lut4_I2_O)        0.045     0.892 f  u_output_fifo/done_sticky_r_i_2/O
                         net (fo=49, routed)          0.330     1.222    u_tile_core/u_datapath/gen_acc_bank[0].u_acc/acc_o_reg[31]_0
    SLICE_X37Y53         LUT2 (Prop_lut2_I0_O)        0.042     1.264 f  u_tile_core/u_datapath/gen_acc_bank[0].u_acc/FSM_onehot_state_r[7]_i_2/O
                         net (fo=592, routed)         0.385     1.649    u_tile_core/u_input_loader/row_r_reg[0]_0
    SLICE_X32Y50         FDCE                                         f  u_tile_core/u_input_loader/row_r_reg[2]/CLR
  -------------------------------------------------------------------    -------------------

                         (clock aclk rise edge)       0.000     0.000 r  
                                                      0.000     0.000 r  aclk (IN)
                         net (fo=939, unset)          0.432     0.432    u_tile_core/u_input_loader/aclk
    SLICE_X32Y50         FDCE                                         r  u_tile_core/u_input_loader/row_r_reg[2]/C
                         clock pessimism              0.000     0.432    
                         clock uncertainty            0.200     0.632    
    SLICE_X32Y50         FDCE (Remov_fdce_C_CLR)     -0.129     0.503    u_tile_core/u_input_loader/row_r_reg[2]
  -------------------------------------------------------------------
                         required time                         -0.503    
                         arrival time                           1.649    
  -------------------------------------------------------------------
                         slack                                  1.146    

Slack (MET) :             1.146ns  (arrival time - required time)
  Source:                 wdata_r_reg[2]/C
                            (rising edge-triggered cell FDCE clocked by aclk  {rise@0.000ns fall@5.000ns period=10.000ns})
  Destination:            u_tile_core/u_input_loader/row_r_reg[3]/CLR
                            (removal check against rising-edge clock aclk  {rise@0.000ns fall@5.000ns period=10.000ns})
  Path Group:             **async_default**
  Path Type:              Removal (Min at Fast Process Corner)
  Requirement:            0.000ns  (aclk rise@0.000ns - aclk rise@0.000ns)
  Data Path Delay:        1.238ns  (logic 0.228ns (18.410%)  route 1.010ns (81.590%))
  Logic Levels:           2  (LUT2=1 LUT4=1)
  Clock Path Skew:        0.022ns (DCD - SCD - CPR)
    Destination Clock Delay (DCD):    0.432ns
    Source Clock Delay      (SCD):    0.410ns
    Clock Pessimism Removal (CPR):    -0.000ns
  Clock Uncertainty:      0.200ns  ((TSJ^2 + TIJ^2)^1/2 + DJ) / 2 + PE + UU
    Total System Jitter     (TSJ):    0.000ns
    Total Input Jitter      (TIJ):    0.000ns
    Discrete Jitter          (DJ):    0.000ns
    Phase Error              (PE):    0.000ns
    User Uncertainty         (UU):    0.200ns

    Location             Delay type                Incr(ns)  Path(ns)    Netlist Resource(s)
  -------------------------------------------------------------------    -------------------
                         (clock aclk rise edge)       0.000     0.000 r  
                                                      0.000     0.000 r  aclk (IN)
                         net (fo=939, unset)          0.410     0.410    aclk
    SLICE_X44Y52         FDCE                                         r  wdata_r_reg[2]/C
  -------------------------------------------------------------------    -------------------
    SLICE_X44Y52         FDCE (Prop_fdce_C_Q)         0.141     0.551 f  wdata_r_reg[2]/Q
                         net (fo=3, routed)           0.296     0.847    u_output_fifo/stream_out_count_r_reg[0]_0[1]
    SLICE_X43Y52         LUT4 (Prop_lut4_I2_O)        0.045     0.892 f  u_output_fifo/done_sticky_r_i_2/O
                         net (fo=49, routed)          0.330     1.222    u_tile_core/u_datapath/gen_acc_bank[0].u_acc/acc_o_reg[31]_0
    SLICE_X37Y53         LUT2 (Prop_lut2_I0_O)        0.042     1.264 f  u_tile_core/u_datapath/gen_acc_bank[0].u_acc/FSM_onehot_state_r[7]_i_2/O
                         net (fo=592, routed)         0.385     1.649    u_tile_core/u_input_loader/row_r_reg[0]_0
    SLICE_X32Y50         FDCE                                         f  u_tile_core/u_input_loader/row_r_reg[3]/CLR
  -------------------------------------------------------------------    -------------------

                         (clock aclk rise edge)       0.000     0.000 r  
                                                      0.000     0.000 r  aclk (IN)
                         net (fo=939, unset)          0.432     0.432    u_tile_core/u_input_loader/aclk
    SLICE_X32Y50         FDCE                                         r  u_tile_core/u_input_loader/row_r_reg[3]/C
                         clock pessimism              0.000     0.432    
                         clock uncertainty            0.200     0.632    
    SLICE_X32Y50         FDCE (Remov_fdce_C_CLR)     -0.129     0.503    u_tile_core/u_input_loader/row_r_reg[3]
  -------------------------------------------------------------------
                         required time                         -0.503    
                         arrival time                           1.649    
  -------------------------------------------------------------------
                         slack                                  1.146    

Slack (MET) :             1.146ns  (arrival time - required time)
  Source:                 wdata_r_reg[2]/C
                            (rising edge-triggered cell FDCE clocked by aclk  {rise@0.000ns fall@5.000ns period=10.000ns})
  Destination:            u_tile_core/u_input_loader/row_r_reg[4]/CLR
                            (removal check against rising-edge clock aclk  {rise@0.000ns fall@5.000ns period=10.000ns})
  Path Group:             **async_default**
  Path Type:              Removal (Min at Fast Process Corner)
  Requirement:            0.000ns  (aclk rise@0.000ns - aclk rise@0.000ns)
  Data Path Delay:        1.238ns  (logic 0.228ns (18.410%)  route 1.010ns (81.590%))
  Logic Levels:           2  (LUT2=1 LUT4=1)
  Clock Path Skew:        0.022ns (DCD - SCD - CPR)
    Destination Clock Delay (DCD):    0.432ns
    Source Clock Delay      (SCD):    0.410ns
    Clock Pessimism Removal (CPR):    -0.000ns
  Clock Uncertainty:      0.200ns  ((TSJ^2 + TIJ^2)^1/2 + DJ) / 2 + PE + UU
    Total System Jitter     (TSJ):    0.000ns
    Total Input Jitter      (TIJ):    0.000ns
    Discrete Jitter          (DJ):    0.000ns
    Phase Error              (PE):    0.000ns
    User Uncertainty         (UU):    0.200ns

    Location             Delay type                Incr(ns)  Path(ns)    Netlist Resource(s)
  -------------------------------------------------------------------    -------------------
                         (clock aclk rise edge)       0.000     0.000 r  
                                                      0.000     0.000 r  aclk (IN)
                         net (fo=939, unset)          0.410     0.410    aclk
    SLICE_X44Y52         FDCE                                         r  wdata_r_reg[2]/C
  -------------------------------------------------------------------    -------------------
    SLICE_X44Y52         FDCE (Prop_fdce_C_Q)         0.141     0.551 f  wdata_r_reg[2]/Q
                         net (fo=3, routed)           0.296     0.847    u_output_fifo/stream_out_count_r_reg[0]_0[1]
    SLICE_X43Y52         LUT4 (Prop_lut4_I2_O)        0.045     0.892 f  u_output_fifo/done_sticky_r_i_2/O
                         net (fo=49, routed)          0.330     1.222    u_tile_core/u_datapath/gen_acc_bank[0].u_acc/acc_o_reg[31]_0
    SLICE_X37Y53         LUT2 (Prop_lut2_I0_O)        0.042     1.264 f  u_tile_core/u_datapath/gen_acc_bank[0].u_acc/FSM_onehot_state_r[7]_i_2/O
                         net (fo=592, routed)         0.385     1.649    u_tile_core/u_input_loader/row_r_reg[0]_0
    SLICE_X32Y50         FDCE                                         f  u_tile_core/u_input_loader/row_r_reg[4]/CLR
  -------------------------------------------------------------------    -------------------

                         (clock aclk rise edge)       0.000     0.000 r  
                                                      0.000     0.000 r  aclk (IN)
                         net (fo=939, unset)          0.432     0.432    u_tile_core/u_input_loader/aclk
    SLICE_X32Y50         FDCE                                         r  u_tile_core/u_input_loader/row_r_reg[4]/C
                         clock pessimism              0.000     0.432    
                         clock uncertainty            0.200     0.632    
    SLICE_X32Y50         FDCE (Remov_fdce_C_CLR)     -0.129     0.503    u_tile_core/u_input_loader/row_r_reg[4]
  -------------------------------------------------------------------
                         required time                         -0.503    
                         arrival time                           1.649    
  -------------------------------------------------------------------
                         slack                                  1.146    

Slack (MET) :             1.164ns  (arrival time - required time)
  Source:                 wdata_r_reg[2]/C
                            (rising edge-triggered cell FDCE clocked by aclk  {rise@0.000ns fall@5.000ns period=10.000ns})
  Destination:            u_tile_core/u_controller/initial_rows_r_reg[0]/CLR
                            (removal check against rising-edge clock aclk  {rise@0.000ns fall@5.000ns period=10.000ns})
  Path Group:             **async_default**
  Path Type:              Removal (Min at Fast Process Corner)
  Requirement:            0.000ns  (aclk rise@0.000ns - aclk rise@0.000ns)
  Data Path Delay:        1.257ns  (logic 0.228ns (18.142%)  route 1.029ns (81.858%))
  Logic Levels:           2  (LUT2=1 LUT4=1)
  Clock Path Skew:        0.022ns (DCD - SCD - CPR)
    Destination Clock Delay (DCD):    0.432ns
    Source Clock Delay      (SCD):    0.410ns
    Clock Pessimism Removal (CPR):    -0.000ns
  Clock Uncertainty:      0.200ns  ((TSJ^2 + TIJ^2)^1/2 + DJ) / 2 + PE + UU
    Total System Jitter     (TSJ):    0.000ns
    Total Input Jitter      (TIJ):    0.000ns
    Discrete Jitter          (DJ):    0.000ns
    Phase Error              (PE):    0.000ns
    User Uncertainty         (UU):    0.200ns

    Location             Delay type                Incr(ns)  Path(ns)    Netlist Resource(s)
  -------------------------------------------------------------------    -------------------
                         (clock aclk rise edge)       0.000     0.000 r  
                                                      0.000     0.000 r  aclk (IN)
                         net (fo=939, unset)          0.410     0.410    aclk
    SLICE_X44Y52         FDCE                                         r  wdata_r_reg[2]/C
  -------------------------------------------------------------------    -------------------
    SLICE_X44Y52         FDCE (Prop_fdce_C_Q)         0.141     0.551 f  wdata_r_reg[2]/Q
                         net (fo=3, routed)           0.296     0.847    u_output_fifo/stream_out_count_r_reg[0]_0[1]
    SLICE_X43Y52         LUT4 (Prop_lut4_I2_O)        0.045     0.892 f  u_output_fifo/done_sticky_r_i_2/O
                         net (fo=49, routed)          0.330     1.222    u_tile_core/u_datapath/gen_acc_bank[0].u_acc/acc_o_reg[31]_0
    SLICE_X37Y53         LUT2 (Prop_lut2_I0_O)        0.042     1.264 f  u_tile_core/u_datapath/gen_acc_bank[0].u_acc/FSM_onehot_state_r[7]_i_2/O
                         net (fo=592, routed)         0.403     1.667    u_tile_core/u_controller/output_addr_r_reg[9]_1
    SLICE_X32Y51         FDCE                                         f  u_tile_core/u_controller/initial_rows_r_reg[0]/CLR
  -------------------------------------------------------------------    -------------------

                         (clock aclk rise edge)       0.000     0.000 r  
                                                      0.000     0.000 r  aclk (IN)
                         net (fo=939, unset)          0.432     0.432    u_tile_core/u_controller/aclk
    SLICE_X32Y51         FDCE                                         r  u_tile_core/u_controller/initial_rows_r_reg[0]/C
                         clock pessimism              0.000     0.432    
                         clock uncertainty            0.200     0.632    
    SLICE_X32Y51         FDCE (Remov_fdce_C_CLR)     -0.129     0.503    u_tile_core/u_controller/initial_rows_r_reg[0]
  -------------------------------------------------------------------
                         required time                         -0.503    
                         arrival time                           1.667    
  -------------------------------------------------------------------
                         slack                                  1.164    

Slack (MET) :             1.164ns  (arrival time - required time)
  Source:                 wdata_r_reg[2]/C
                            (rising edge-triggered cell FDCE clocked by aclk  {rise@0.000ns fall@5.000ns period=10.000ns})
  Destination:            u_tile_core/u_controller/initial_rows_r_reg[1]/CLR
                            (removal check against rising-edge clock aclk  {rise@0.000ns fall@5.000ns period=10.000ns})
  Path Group:             **async_default**
  Path Type:              Removal (Min at Fast Process Corner)
  Requirement:            0.000ns  (aclk rise@0.000ns - aclk rise@0.000ns)
  Data Path Delay:        1.257ns  (logic 0.228ns (18.142%)  route 1.029ns (81.858%))
  Logic Levels:           2  (LUT2=1 LUT4=1)
  Clock Path Skew:        0.022ns (DCD - SCD - CPR)
    Destination Clock Delay (DCD):    0.432ns
    Source Clock Delay      (SCD):    0.410ns
    Clock Pessimism Removal (CPR):    -0.000ns
  Clock Uncertainty:      0.200ns  ((TSJ^2 + TIJ^2)^1/2 + DJ) / 2 + PE + UU
    Total System Jitter     (TSJ):    0.000ns
    Total Input Jitter      (TIJ):    0.000ns
    Discrete Jitter          (DJ):    0.000ns
    Phase Error              (PE):    0.000ns
    User Uncertainty         (UU):    0.200ns

    Location             Delay type                Incr(ns)  Path(ns)    Netlist Resource(s)
  -------------------------------------------------------------------    -------------------
                         (clock aclk rise edge)       0.000     0.000 r  
                                                      0.000     0.000 r  aclk (IN)
                         net (fo=939, unset)          0.410     0.410    aclk
    SLICE_X44Y52         FDCE                                         r  wdata_r_reg[2]/C
  -------------------------------------------------------------------    -------------------
    SLICE_X44Y52         FDCE (Prop_fdce_C_Q)         0.141     0.551 f  wdata_r_reg[2]/Q
                         net (fo=3, routed)           0.296     0.847    u_output_fifo/stream_out_count_r_reg[0]_0[1]
    SLICE_X43Y52         LUT4 (Prop_lut4_I2_O)        0.045     0.892 f  u_output_fifo/done_sticky_r_i_2/O
                         net (fo=49, routed)          0.330     1.222    u_tile_core/u_datapath/gen_acc_bank[0].u_acc/acc_o_reg[31]_0
    SLICE_X37Y53         LUT2 (Prop_lut2_I0_O)        0.042     1.264 f  u_tile_core/u_datapath/gen_acc_bank[0].u_acc/FSM_onehot_state_r[7]_i_2/O
                         net (fo=592, routed)         0.403     1.667    u_tile_core/u_controller/output_addr_r_reg[9]_1
    SLICE_X32Y51         FDCE                                         f  u_tile_core/u_controller/initial_rows_r_reg[1]/CLR
  -------------------------------------------------------------------    -------------------

                         (clock aclk rise edge)       0.000     0.000 r  
                                                      0.000     0.000 r  aclk (IN)
                         net (fo=939, unset)          0.432     0.432    u_tile_core/u_controller/aclk
    SLICE_X32Y51         FDCE                                         r  u_tile_core/u_controller/initial_rows_r_reg[1]/C
                         clock pessimism              0.000     0.432    
                         clock uncertainty            0.200     0.632    
    SLICE_X32Y51         FDCE (Remov_fdce_C_CLR)     -0.129     0.503    u_tile_core/u_controller/initial_rows_r_reg[1]
  -------------------------------------------------------------------
                         required time                         -0.503    
                         arrival time                           1.667    
  -------------------------------------------------------------------
                         slack                                  1.164    

Slack (MET) :             1.171ns  (arrival time - required time)
  Source:                 wdata_r_reg[2]/C
                            (rising edge-triggered cell FDCE clocked by aclk  {rise@0.000ns fall@5.000ns period=10.000ns})
  Destination:            u_tile_core/u_input_loader/row_r_reg[0]/CLR
                            (removal check against rising-edge clock aclk  {rise@0.000ns fall@5.000ns period=10.000ns})
  Path Group:             **async_default**
  Path Type:              Removal (Min at Fast Process Corner)
  Requirement:            0.000ns  (aclk rise@0.000ns - aclk rise@0.000ns)
  Data Path Delay:        1.238ns  (logic 0.228ns (18.410%)  route 1.010ns (81.590%))
  Logic Levels:           2  (LUT2=1 LUT4=1)
  Clock Path Skew:        0.022ns (DCD - SCD - CPR)
    Destination Clock Delay (DCD):    0.432ns
    Source Clock Delay      (SCD):    0.410ns
    Clock Pessimism Removal (CPR):    -0.000ns
  Clock Uncertainty:      0.200ns  ((TSJ^2 + TIJ^2)^1/2 + DJ) / 2 + PE + UU
    Total System Jitter     (TSJ):    0.000ns
    Total Input Jitter      (TIJ):    0.000ns
    Discrete Jitter          (DJ):    0.000ns
    Phase Error              (PE):    0.000ns
    User Uncertainty         (UU):    0.200ns

    Location             Delay type                Incr(ns)  Path(ns)    Netlist Resource(s)
  -------------------------------------------------------------------    -------------------
                         (clock aclk rise edge)       0.000     0.000 r  
                                                      0.000     0.000 r  aclk (IN)
                         net (fo=939, unset)          0.410     0.410    aclk
    SLICE_X44Y52         FDCE                                         r  wdata_r_reg[2]/C
  -------------------------------------------------------------------    -------------------
    SLICE_X44Y52         FDCE (Prop_fdce_C_Q)         0.141     0.551 f  wdata_r_reg[2]/Q
                         net (fo=3, routed)           0.296     0.847    u_output_fifo/stream_out_count_r_reg[0]_0[1]
    SLICE_X43Y52         LUT4 (Prop_lut4_I2_O)        0.045     0.892 f  u_output_fifo/done_sticky_r_i_2/O
                         net (fo=49, routed)          0.330     1.222    u_tile_core/u_datapath/gen_acc_bank[0].u_acc/acc_o_reg[31]_0
    SLICE_X37Y53         LUT2 (Prop_lut2_I0_O)        0.042     1.264 f  u_tile_core/u_datapath/gen_acc_bank[0].u_acc/FSM_onehot_state_r[7]_i_2/O
                         net (fo=592, routed)         0.385     1.649    u_tile_core/u_input_loader/row_r_reg[0]_0
    SLICE_X33Y50         FDCE                                         f  u_tile_core/u_input_loader/row_r_reg[0]/CLR
  -------------------------------------------------------------------    -------------------

                         (clock aclk rise edge)       0.000     0.000 r  
                                                      0.000     0.000 r  aclk (IN)
                         net (fo=939, unset)          0.432     0.432    u_tile_core/u_input_loader/aclk
    SLICE_X33Y50         FDCE                                         r  u_tile_core/u_input_loader/row_r_reg[0]/C
                         clock pessimism              0.000     0.432    
                         clock uncertainty            0.200     0.632    
    SLICE_X33Y50         FDCE (Remov_fdce_C_CLR)     -0.154     0.478    u_tile_core/u_input_loader/row_r_reg[0]
  -------------------------------------------------------------------
                         required time                         -0.478    
                         arrival time                           1.649    
  -------------------------------------------------------------------
                         slack                                  1.171    

Slack (MET) :             1.171ns  (arrival time - required time)
  Source:                 wdata_r_reg[2]/C
                            (rising edge-triggered cell FDCE clocked by aclk  {rise@0.000ns fall@5.000ns period=10.000ns})
  Destination:            u_tile_core/u_input_loader/row_r_reg[1]/CLR
                            (removal check against rising-edge clock aclk  {rise@0.000ns fall@5.000ns period=10.000ns})
  Path Group:             **async_default**
  Path Type:              Removal (Min at Fast Process Corner)
  Requirement:            0.000ns  (aclk rise@0.000ns - aclk rise@0.000ns)
  Data Path Delay:        1.238ns  (logic 0.228ns (18.410%)  route 1.010ns (81.590%))
  Logic Levels:           2  (LUT2=1 LUT4=1)
  Clock Path Skew:        0.022ns (DCD - SCD - CPR)
    Destination Clock Delay (DCD):    0.432ns
    Source Clock Delay      (SCD):    0.410ns
    Clock Pessimism Removal (CPR):    -0.000ns
  Clock Uncertainty:      0.200ns  ((TSJ^2 + TIJ^2)^1/2 + DJ) / 2 + PE + UU
    Total System Jitter     (TSJ):    0.000ns
    Total Input Jitter      (TIJ):    0.000ns
    Discrete Jitter          (DJ):    0.000ns
    Phase Error              (PE):    0.000ns
    User Uncertainty         (UU):    0.200ns

    Location             Delay type                Incr(ns)  Path(ns)    Netlist Resource(s)
  -------------------------------------------------------------------    -------------------
                         (clock aclk rise edge)       0.000     0.000 r  
                                                      0.000     0.000 r  aclk (IN)
                         net (fo=939, unset)          0.410     0.410    aclk
    SLICE_X44Y52         FDCE                                         r  wdata_r_reg[2]/C
  -------------------------------------------------------------------    -------------------
    SLICE_X44Y52         FDCE (Prop_fdce_C_Q)         0.141     0.551 f  wdata_r_reg[2]/Q
                         net (fo=3, routed)           0.296     0.847    u_output_fifo/stream_out_count_r_reg[0]_0[1]
    SLICE_X43Y52         LUT4 (Prop_lut4_I2_O)        0.045     0.892 f  u_output_fifo/done_sticky_r_i_2/O
                         net (fo=49, routed)          0.330     1.222    u_tile_core/u_datapath/gen_acc_bank[0].u_acc/acc_o_reg[31]_0
    SLICE_X37Y53         LUT2 (Prop_lut2_I0_O)        0.042     1.264 f  u_tile_core/u_datapath/gen_acc_bank[0].u_acc/FSM_onehot_state_r[7]_i_2/O
                         net (fo=592, routed)         0.385     1.649    u_tile_core/u_input_loader/row_r_reg[0]_0
    SLICE_X33Y50         FDCE                                         f  u_tile_core/u_input_loader/row_r_reg[1]/CLR
  -------------------------------------------------------------------    -------------------

                         (clock aclk rise edge)       0.000     0.000 r  
                                                      0.000     0.000 r  aclk (IN)
                         net (fo=939, unset)          0.432     0.432    u_tile_core/u_input_loader/aclk
    SLICE_X33Y50         FDCE                                         r  u_tile_core/u_input_loader/row_r_reg[1]/C
                         clock pessimism              0.000     0.432    
                         clock uncertainty            0.200     0.632    
    SLICE_X33Y50         FDCE (Remov_fdce_C_CLR)     -0.154     0.478    u_tile_core/u_input_loader/row_r_reg[1]
  -------------------------------------------------------------------
                         required time                         -0.478    
                         arrival time                           1.649    
  -------------------------------------------------------------------
                         slack                                  1.171    

Slack (MET) :             1.204ns  (arrival time - required time)
  Source:                 wdata_r_reg[2]/C
                            (rising edge-triggered cell FDCE clocked by aclk  {rise@0.000ns fall@5.000ns period=10.000ns})
  Destination:            u_tile_core/u_controller/done_o_reg/CLR
                            (removal check against rising-edge clock aclk  {rise@0.000ns fall@5.000ns period=10.000ns})
  Path Group:             **async_default**
  Path Type:              Removal (Min at Fast Process Corner)
  Requirement:            0.000ns  (aclk rise@0.000ns - aclk rise@0.000ns)
  Data Path Delay:        1.297ns  (logic 0.228ns (17.585%)  route 1.069ns (82.415%))
  Logic Levels:           2  (LUT2=1 LUT4=1)
  Clock Path Skew:        0.022ns (DCD - SCD - CPR)
    Destination Clock Delay (DCD):    0.432ns
    Source Clock Delay      (SCD):    0.410ns
    Clock Pessimism Removal (CPR):    -0.000ns
  Clock Uncertainty:      0.200ns  ((TSJ^2 + TIJ^2)^1/2 + DJ) / 2 + PE + UU
    Total System Jitter     (TSJ):    0.000ns
    Total Input Jitter      (TIJ):    0.000ns
    Discrete Jitter          (DJ):    0.000ns
    Phase Error              (PE):    0.000ns
    User Uncertainty         (UU):    0.200ns

    Location             Delay type                Incr(ns)  Path(ns)    Netlist Resource(s)
  -------------------------------------------------------------------    -------------------
                         (clock aclk rise edge)       0.000     0.000 r  
                                                      0.000     0.000 r  aclk (IN)
                         net (fo=939, unset)          0.410     0.410    aclk
    SLICE_X44Y52         FDCE                                         r  wdata_r_reg[2]/C
  -------------------------------------------------------------------    -------------------
    SLICE_X44Y52         FDCE (Prop_fdce_C_Q)         0.141     0.551 f  wdata_r_reg[2]/Q
                         net (fo=3, routed)           0.296     0.847    u_output_fifo/stream_out_count_r_reg[0]_0[1]
    SLICE_X43Y52         LUT4 (Prop_lut4_I2_O)        0.045     0.892 f  u_output_fifo/done_sticky_r_i_2/O
                         net (fo=49, routed)          0.330     1.222    u_tile_core/u_datapath/gen_acc_bank[0].u_acc/acc_o_reg[31]_0
    SLICE_X37Y53         LUT2 (Prop_lut2_I0_O)        0.042     1.264 f  u_tile_core/u_datapath/gen_acc_bank[0].u_acc/FSM_onehot_state_r[7]_i_2/O
                         net (fo=592, routed)         0.443     1.707    u_tile_core/u_controller/output_addr_r_reg[9]_1
    SLICE_X34Y50         FDCE                                         f  u_tile_core/u_controller/done_o_reg/CLR
  -------------------------------------------------------------------    -------------------

                         (clock aclk rise edge)       0.000     0.000 r  
                                                      0.000     0.000 r  aclk (IN)
                         net (fo=939, unset)          0.432     0.432    u_tile_core/u_controller/aclk
    SLICE_X34Y50         FDCE                                         r  u_tile_core/u_controller/done_o_reg/C
                         clock pessimism              0.000     0.432    
                         clock uncertainty            0.200     0.632    
    SLICE_X34Y50         FDCE (Remov_fdce_C_CLR)     -0.129     0.503    u_tile_core/u_controller/done_o_reg
  -------------------------------------------------------------------
                         required time                         -0.503    
                         arrival time                           1.707    
  -------------------------------------------------------------------
                         slack                                  1.204    

Slack (MET) :             1.208ns  (arrival time - required time)
  Source:                 wdata_r_reg[2]/C
                            (rising edge-triggered cell FDCE clocked by aclk  {rise@0.000ns fall@5.000ns period=10.000ns})
  Destination:            u_tile_core/u_input_loader/col_r_reg[0]/CLR
                            (removal check against rising-edge clock aclk  {rise@0.000ns fall@5.000ns period=10.000ns})
  Path Group:             **async_default**
  Path Type:              Removal (Min at Fast Process Corner)
  Requirement:            0.000ns  (aclk rise@0.000ns - aclk rise@0.000ns)
  Data Path Delay:        1.301ns  (logic 0.228ns (17.531%)  route 1.073ns (82.469%))
  Logic Levels:           2  (LUT2=1 LUT4=1)
  Clock Path Skew:        0.022ns (DCD - SCD - CPR)
    Destination Clock Delay (DCD):    0.432ns
    Source Clock Delay      (SCD):    0.410ns
    Clock Pessimism Removal (CPR):    -0.000ns
  Clock Uncertainty:      0.200ns  ((TSJ^2 + TIJ^2)^1/2 + DJ) / 2 + PE + UU
    Total System Jitter     (TSJ):    0.000ns
    Total Input Jitter      (TIJ):    0.000ns
    Discrete Jitter          (DJ):    0.000ns
    Phase Error              (PE):    0.000ns
    User Uncertainty         (UU):    0.200ns

    Location             Delay type                Incr(ns)  Path(ns)    Netlist Resource(s)
  -------------------------------------------------------------------    -------------------
                         (clock aclk rise edge)       0.000     0.000 r  
                                                      0.000     0.000 r  aclk (IN)
                         net (fo=939, unset)          0.410     0.410    aclk
    SLICE_X44Y52         FDCE                                         r  wdata_r_reg[2]/C
  -------------------------------------------------------------------    -------------------
    SLICE_X44Y52         FDCE (Prop_fdce_C_Q)         0.141     0.551 f  wdata_r_reg[2]/Q
                         net (fo=3, routed)           0.296     0.847    u_output_fifo/stream_out_count_r_reg[0]_0[1]
    SLICE_X43Y52         LUT4 (Prop_lut4_I2_O)        0.045     0.892 f  u_output_fifo/done_sticky_r_i_2/O
                         net (fo=49, routed)          0.330     1.222    u_tile_core/u_datapath/gen_acc_bank[0].u_acc/acc_o_reg[31]_0
    SLICE_X37Y53         LUT2 (Prop_lut2_I0_O)        0.042     1.264 f  u_tile_core/u_datapath/gen_acc_bank[0].u_acc/FSM_onehot_state_r[7]_i_2/O
                         net (fo=592, routed)         0.447     1.711    u_tile_core/u_input_loader/row_r_reg[0]_0
    SLICE_X32Y48         FDCE                                         f  u_tile_core/u_input_loader/col_r_reg[0]/CLR
  -------------------------------------------------------------------    -------------------

                         (clock aclk rise edge)       0.000     0.000 r  
                                                      0.000     0.000 r  aclk (IN)
                         net (fo=939, unset)          0.432     0.432    u_tile_core/u_input_loader/aclk
    SLICE_X32Y48         FDCE                                         r  u_tile_core/u_input_loader/col_r_reg[0]/C
                         clock pessimism              0.000     0.432    
                         clock uncertainty            0.200     0.632    
    SLICE_X32Y48         FDCE (Remov_fdce_C_CLR)     -0.129     0.503    u_tile_core/u_input_loader/col_r_reg[0]
  -------------------------------------------------------------------
                         required time                         -0.503    
                         arrival time                           1.711    
  -------------------------------------------------------------------
                         slack                                  1.208    

Slack (MET) :             1.208ns  (arrival time - required time)
  Source:                 wdata_r_reg[2]/C
                            (rising edge-triggered cell FDCE clocked by aclk  {rise@0.000ns fall@5.000ns period=10.000ns})
  Destination:            u_tile_core/u_input_loader/col_r_reg[1]/CLR
                            (removal check against rising-edge clock aclk  {rise@0.000ns fall@5.000ns period=10.000ns})
  Path Group:             **async_default**
  Path Type:              Removal (Min at Fast Process Corner)
  Requirement:            0.000ns  (aclk rise@0.000ns - aclk rise@0.000ns)
  Data Path Delay:        1.301ns  (logic 0.228ns (17.531%)  route 1.073ns (82.469%))
  Logic Levels:           2  (LUT2=1 LUT4=1)
  Clock Path Skew:        0.022ns (DCD - SCD - CPR)
    Destination Clock Delay (DCD):    0.432ns
    Source Clock Delay      (SCD):    0.410ns
    Clock Pessimism Removal (CPR):    -0.000ns
  Clock Uncertainty:      0.200ns  ((TSJ^2 + TIJ^2)^1/2 + DJ) / 2 + PE + UU
    Total System Jitter     (TSJ):    0.000ns
    Total Input Jitter      (TIJ):    0.000ns
    Discrete Jitter          (DJ):    0.000ns
    Phase Error              (PE):    0.000ns
    User Uncertainty         (UU):    0.200ns

    Location             Delay type                Incr(ns)  Path(ns)    Netlist Resource(s)
  -------------------------------------------------------------------    -------------------
                         (clock aclk rise edge)       0.000     0.000 r  
                                                      0.000     0.000 r  aclk (IN)
                         net (fo=939, unset)          0.410     0.410    aclk
    SLICE_X44Y52         FDCE                                         r  wdata_r_reg[2]/C
  -------------------------------------------------------------------    -------------------
    SLICE_X44Y52         FDCE (Prop_fdce_C_Q)         0.141     0.551 f  wdata_r_reg[2]/Q
                         net (fo=3, routed)           0.296     0.847    u_output_fifo/stream_out_count_r_reg[0]_0[1]
    SLICE_X43Y52         LUT4 (Prop_lut4_I2_O)        0.045     0.892 f  u_output_fifo/done_sticky_r_i_2/O
                         net (fo=49, routed)          0.330     1.222    u_tile_core/u_datapath/gen_acc_bank[0].u_acc/acc_o_reg[31]_0
    SLICE_X37Y53         LUT2 (Prop_lut2_I0_O)        0.042     1.264 f  u_tile_core/u_datapath/gen_acc_bank[0].u_acc/FSM_onehot_state_r[7]_i_2/O
                         net (fo=592, routed)         0.447     1.711    u_tile_core/u_input_loader/row_r_reg[0]_0
    SLICE_X32Y48         FDCE                                         f  u_tile_core/u_input_loader/col_r_reg[1]/CLR
  -------------------------------------------------------------------    -------------------

                         (clock aclk rise edge)       0.000     0.000 r  
                                                      0.000     0.000 r  aclk (IN)
                         net (fo=939, unset)          0.432     0.432    u_tile_core/u_input_loader/aclk
    SLICE_X32Y48         FDCE                                         r  u_tile_core/u_input_loader/col_r_reg[1]/C
                         clock pessimism              0.000     0.432    
                         clock uncertainty            0.200     0.632    
    SLICE_X32Y48         FDCE (Remov_fdce_C_CLR)     -0.129     0.503    u_tile_core/u_input_loader/col_r_reg[1]
  -------------------------------------------------------------------
                         required time                         -0.503    
                         arrival time                           1.711    
  -------------------------------------------------------------------
                         slack                                  1.208    





--------------------------------------------------------------------------------------
Path Group:  (none)
From Clock:  aclk
  To Clock:  

Max Delay            73 Endpoints
Min Delay            73 Endpoints
--------------------------------------------------------------------------------------


Max Delay Paths
--------------------------------------------------------------------------------------
Slack:                    inf
  Source:                 u_output_fifo/read_ptr_r_reg[3]/C
                            (rising edge-triggered cell FDCE clocked by aclk  {rise@0.000ns fall@5.000ns period=10.000ns})
  Destination:            m_axis_tdata[4]
                            (output port)
  Path Group:             (none)
  Path Type:              Max at Slow Process Corner
  Data Path Delay:        3.650ns  (logic 0.744ns (20.382%)  route 2.906ns (79.618%))
  Logic Levels:           1  (RAMD32=1)
  Clock Uncertainty:      0.225ns  ((TSJ^2 + TIJ^2)^1/2 + DJ) / 2 + PE + UU
    Total System Jitter     (TSJ):    0.050ns
    Total Input Jitter      (TIJ):    0.000ns
    Discrete Jitter          (DJ):    0.000ns
    Phase Error              (PE):    0.000ns
    User Uncertainty         (UU):    0.200ns

    Location             Delay type                Incr(ns)  Path(ns)    Netlist Resource(s)
  -------------------------------------------------------------------    -------------------
                         (clock aclk rise edge)       0.000     0.000 r  
                                                      0.000     0.000 r  aclk (IN)
                         net (fo=939, unset)          0.973     0.973    u_output_fifo/aclk
    SLICE_X21Y49         FDCE                                         r  u_output_fifo/read_ptr_r_reg[3]/C
  -------------------------------------------------------------------    -------------------
    SLICE_X21Y49         FDCE (Prop_fdce_C_Q)         0.419     1.392 r  u_output_fifo/read_ptr_r_reg[3]/Q
                         net (fo=34, routed)          1.933     3.325    u_output_fifo/data_mem_r_reg_0_15_0_5/ADDRC3
    SLICE_X22Y43         RAMD32 (Prop_ramd32_RADR3_O)
                                                      0.325     3.650 r  u_output_fifo/data_mem_r_reg_0_15_0_5/RAMC/O
                         net (fo=0)                   0.973     4.623    m_axis_tdata[4]
                                                                      r  m_axis_tdata[4] (OUT)
  -------------------------------------------------------------------    -------------------

Slack:                    inf
  Source:                 u_output_fifo/read_ptr_r_reg[3]/C
                            (rising edge-triggered cell FDCE clocked by aclk  {rise@0.000ns fall@5.000ns period=10.000ns})
  Destination:            m_axis_tdata[5]
                            (output port)
  Path Group:             (none)
  Path Type:              Max at Slow Process Corner
  Data Path Delay:        3.621ns  (logic 0.715ns (19.744%)  route 2.906ns (80.256%))
  Logic Levels:           1  (RAMD32=1)
  Clock Uncertainty:      0.225ns  ((TSJ^2 + TIJ^2)^1/2 + DJ) / 2 + PE + UU
    Total System Jitter     (TSJ):    0.050ns
    Total Input Jitter      (TIJ):    0.000ns
    Discrete Jitter          (DJ):    0.000ns
    Phase Error              (PE):    0.000ns
    User Uncertainty         (UU):    0.200ns

    Location             Delay type                Incr(ns)  Path(ns)    Netlist Resource(s)
  -------------------------------------------------------------------    -------------------
                         (clock aclk rise edge)       0.000     0.000 r  
                                                      0.000     0.000 r  aclk (IN)
                         net (fo=939, unset)          0.973     0.973    u_output_fifo/aclk
    SLICE_X21Y49         FDCE                                         r  u_output_fifo/read_ptr_r_reg[3]/C
  -------------------------------------------------------------------    -------------------
    SLICE_X21Y49         FDCE (Prop_fdce_C_Q)         0.419     1.392 r  u_output_fifo/read_ptr_r_reg[3]/Q
                         net (fo=34, routed)          1.933     3.325    u_output_fifo/data_mem_r_reg_0_15_0_5/ADDRC3
    SLICE_X22Y43         RAMD32 (Prop_ramd32_RADR3_O)
                                                      0.296     3.621 r  u_output_fifo/data_mem_r_reg_0_15_0_5/RAMC_D1/O
                         net (fo=0)                   0.973     4.594    m_axis_tdata[5]
                                                                      r  m_axis_tdata[5] (OUT)
  -------------------------------------------------------------------    -------------------

Slack:                    inf
  Source:                 u_output_fifo/read_ptr_r_reg[3]/C
                            (rising edge-triggered cell FDCE clocked by aclk  {rise@0.000ns fall@5.000ns period=10.000ns})
  Destination:            m_axis_tdata[0]
                            (output port)
  Path Group:             (none)
  Path Type:              Max at Slow Process Corner
  Data Path Delay:        3.461ns  (logic 0.741ns (21.410%)  route 2.720ns (78.590%))
  Logic Levels:           1  (RAMD32=1)
  Clock Uncertainty:      0.225ns  ((TSJ^2 + TIJ^2)^1/2 + DJ) / 2 + PE + UU
    Total System Jitter     (TSJ):    0.050ns
    Total Input Jitter      (TIJ):    0.000ns
    Discrete Jitter          (DJ):    0.000ns
    Phase Error              (PE):    0.000ns
    User Uncertainty         (UU):    0.200ns

    Location             Delay type                Incr(ns)  Path(ns)    Netlist Resource(s)
  -------------------------------------------------------------------    -------------------
                         (clock aclk rise edge)       0.000     0.000 r  
                                                      0.000     0.000 r  aclk (IN)
                         net (fo=939, unset)          0.973     0.973    u_output_fifo/aclk
    SLICE_X21Y49         FDCE                                         r  u_output_fifo/read_ptr_r_reg[3]/C
  -------------------------------------------------------------------    -------------------
    SLICE_X21Y49         FDCE (Prop_fdce_C_Q)         0.419     1.392 r  u_output_fifo/read_ptr_r_reg[3]/Q
                         net (fo=34, routed)          1.747     3.139    u_output_fifo/data_mem_r_reg_0_15_0_5/ADDRA3
    SLICE_X22Y43         RAMD32 (Prop_ramd32_RADR3_O)
                                                      0.322     3.461 r  u_output_fifo/data_mem_r_reg_0_15_0_5/RAMA/O
                         net (fo=0)                   0.973     4.434    m_axis_tdata[0]
                                                                      r  m_axis_tdata[0] (OUT)
  -------------------------------------------------------------------    -------------------

Slack:                    inf
  Source:                 u_output_fifo/read_ptr_r_reg[3]/C
                            (rising edge-triggered cell FDCE clocked by aclk  {rise@0.000ns fall@5.000ns period=10.000ns})
  Destination:            m_axis_tdata[2]
                            (output port)
  Path Group:             (none)
  Path Type:              Max at Slow Process Corner
  Data Path Delay:        3.458ns  (logic 0.741ns (21.428%)  route 2.717ns (78.572%))
  Logic Levels:           1  (RAMD32=1)
  Clock Uncertainty:      0.225ns  ((TSJ^2 + TIJ^2)^1/2 + DJ) / 2 + PE + UU
    Total System Jitter     (TSJ):    0.050ns
    Total Input Jitter      (TIJ):    0.000ns
    Discrete Jitter          (DJ):    0.000ns
    Phase Error              (PE):    0.000ns
    User Uncertainty         (UU):    0.200ns

    Location             Delay type                Incr(ns)  Path(ns)    Netlist Resource(s)
  -------------------------------------------------------------------    -------------------
                         (clock aclk rise edge)       0.000     0.000 r  
                                                      0.000     0.000 r  aclk (IN)
                         net (fo=939, unset)          0.973     0.973    u_output_fifo/aclk
    SLICE_X21Y49         FDCE                                         r  u_output_fifo/read_ptr_r_reg[3]/C
  -------------------------------------------------------------------    -------------------
    SLICE_X21Y49         FDCE (Prop_fdce_C_Q)         0.419     1.392 r  u_output_fifo/read_ptr_r_reg[3]/Q
                         net (fo=34, routed)          1.744     3.136    u_output_fifo/data_mem_r_reg_0_15_0_5/ADDRB3
    SLICE_X22Y43         RAMD32 (Prop_ramd32_RADR3_O)
                                                      0.322     3.458 r  u_output_fifo/data_mem_r_reg_0_15_0_5/RAMB/O
                         net (fo=0)                   0.973     4.431    m_axis_tdata[2]
                                                                      r  m_axis_tdata[2] (OUT)
  -------------------------------------------------------------------    -------------------

Slack:                    inf
  Source:                 u_output_fifo/read_ptr_r_reg[3]/C
                            (rising edge-triggered cell FDCE clocked by aclk  {rise@0.000ns fall@5.000ns period=10.000ns})
  Destination:            m_axis_tdata[1]
                            (output port)
  Path Group:             (none)
  Path Type:              Max at Slow Process Corner
  Data Path Delay:        3.435ns  (logic 0.715ns (20.815%)  route 2.720ns (79.185%))
  Logic Levels:           1  (RAMD32=1)
  Clock Uncertainty:      0.225ns  ((TSJ^2 + TIJ^2)^1/2 + DJ) / 2 + PE + UU
    Total System Jitter     (TSJ):    0.050ns
    Total Input Jitter      (TIJ):    0.000ns
    Discrete Jitter          (DJ):    0.000ns
    Phase Error              (PE):    0.000ns
    User Uncertainty         (UU):    0.200ns

    Location             Delay type                Incr(ns)  Path(ns)    Netlist Resource(s)
  -------------------------------------------------------------------    -------------------
                         (clock aclk rise edge)       0.000     0.000 r  
                                                      0.000     0.000 r  aclk (IN)
                         net (fo=939, unset)          0.973     0.973    u_output_fifo/aclk
    SLICE_X21Y49         FDCE                                         r  u_output_fifo/read_ptr_r_reg[3]/C
  -------------------------------------------------------------------    -------------------
    SLICE_X21Y49         FDCE (Prop_fdce_C_Q)         0.419     1.392 r  u_output_fifo/read_ptr_r_reg[3]/Q
                         net (fo=34, routed)          1.747     3.139    u_output_fifo/data_mem_r_reg_0_15_0_5/ADDRA3
    SLICE_X22Y43         RAMD32 (Prop_ramd32_RADR3_O)
                                                      0.296     3.435 r  u_output_fifo/data_mem_r_reg_0_15_0_5/RAMA_D1/O
                         net (fo=0)                   0.973     4.408    m_axis_tdata[1]
                                                                      r  m_axis_tdata[1] (OUT)
  -------------------------------------------------------------------    -------------------

Slack:                    inf
  Source:                 u_output_fifo/read_ptr_r_reg[3]/C
                            (rising edge-triggered cell FDCE clocked by aclk  {rise@0.000ns fall@5.000ns period=10.000ns})
  Destination:            m_axis_tdata[3]
                            (output port)
  Path Group:             (none)
  Path Type:              Max at Slow Process Corner
  Data Path Delay:        3.432ns  (logic 0.715ns (20.833%)  route 2.717ns (79.167%))
  Logic Levels:           1  (RAMD32=1)
  Clock Uncertainty:      0.225ns  ((TSJ^2 + TIJ^2)^1/2 + DJ) / 2 + PE + UU
    Total System Jitter     (TSJ):    0.050ns
    Total Input Jitter      (TIJ):    0.000ns
    Discrete Jitter          (DJ):    0.000ns
    Phase Error              (PE):    0.000ns
    User Uncertainty         (UU):    0.200ns

    Location             Delay type                Incr(ns)  Path(ns)    Netlist Resource(s)
  -------------------------------------------------------------------    -------------------
                         (clock aclk rise edge)       0.000     0.000 r  
                                                      0.000     0.000 r  aclk (IN)
                         net (fo=939, unset)          0.973     0.973    u_output_fifo/aclk
    SLICE_X21Y49         FDCE                                         r  u_output_fifo/read_ptr_r_reg[3]/C
  -------------------------------------------------------------------    -------------------
    SLICE_X21Y49         FDCE (Prop_fdce_C_Q)         0.419     1.392 r  u_output_fifo/read_ptr_r_reg[3]/Q
                         net (fo=34, routed)          1.744     3.136    u_output_fifo/data_mem_r_reg_0_15_0_5/ADDRB3
    SLICE_X22Y43         RAMD32 (Prop_ramd32_RADR3_O)
                                                      0.296     3.432 r  u_output_fifo/data_mem_r_reg_0_15_0_5/RAMB_D1/O
                         net (fo=0)                   0.973     4.405    m_axis_tdata[3]
                                                                      r  m_axis_tdata[3] (OUT)
  -------------------------------------------------------------------    -------------------

Slack:                    inf
  Source:                 u_output_fifo/read_ptr_r_reg[3]/C
                            (rising edge-triggered cell FDCE clocked by aclk  {rise@0.000ns fall@5.000ns period=10.000ns})
  Destination:            m_axis_tdata[20]
                            (output port)
  Path Group:             (none)
  Path Type:              Max at Slow Process Corner
  Data Path Delay:        3.418ns  (logic 0.741ns (21.679%)  route 2.677ns (78.321%))
  Logic Levels:           1  (RAMD32=1)
  Clock Uncertainty:      0.225ns  ((TSJ^2 + TIJ^2)^1/2 + DJ) / 2 + PE + UU
    Total System Jitter     (TSJ):    0.050ns
    Total Input Jitter      (TIJ):    0.000ns
    Discrete Jitter          (DJ):    0.000ns
    Phase Error              (PE):    0.000ns
    User Uncertainty         (UU):    0.200ns

    Location             Delay type                Incr(ns)  Path(ns)    Netlist Resource(s)
  -------------------------------------------------------------------    -------------------
                         (clock aclk rise edge)       0.000     0.000 r  
                                                      0.000     0.000 r  aclk (IN)
                         net (fo=939, unset)          0.973     0.973    u_output_fifo/aclk
    SLICE_X21Y49         FDCE                                         r  u_output_fifo/read_ptr_r_reg[3]/C
  -------------------------------------------------------------------    -------------------
    SLICE_X21Y49         FDCE (Prop_fdce_C_Q)         0.419     1.392 r  u_output_fifo/read_ptr_r_reg[3]/Q
                         net (fo=34, routed)          1.704     3.096    u_output_fifo/data_mem_r_reg_0_15_18_23/ADDRB3
    SLICE_X22Y47         RAMD32 (Prop_ramd32_RADR3_O)
                                                      0.322     3.418 r  u_output_fifo/data_mem_r_reg_0_15_18_23/RAMB/O
                         net (fo=0)                   0.973     4.391    m_axis_tdata[20]
                                                                      r  m_axis_tdata[20] (OUT)
  -------------------------------------------------------------------    -------------------

Slack:                    inf
  Source:                 u_output_fifo/read_ptr_r_reg[3]/C
                            (rising edge-triggered cell FDCE clocked by aclk  {rise@0.000ns fall@5.000ns period=10.000ns})
  Destination:            m_axis_tdata[21]
                            (output port)
  Path Group:             (none)
  Path Type:              Max at Slow Process Corner
  Data Path Delay:        3.392ns  (logic 0.715ns (21.079%)  route 2.677ns (78.921%))
  Logic Levels:           1  (RAMD32=1)
  Clock Uncertainty:      0.225ns  ((TSJ^2 + TIJ^2)^1/2 + DJ) / 2 + PE + UU
    Total System Jitter     (TSJ):    0.050ns
    Total Input Jitter      (TIJ):    0.000ns
    Discrete Jitter          (DJ):    0.000ns
    Phase Error              (PE):    0.000ns
    User Uncertainty         (UU):    0.200ns

    Location             Delay type                Incr(ns)  Path(ns)    Netlist Resource(s)
  -------------------------------------------------------------------    -------------------
                         (clock aclk rise edge)       0.000     0.000 r  
                                                      0.000     0.000 r  aclk (IN)
                         net (fo=939, unset)          0.973     0.973    u_output_fifo/aclk
    SLICE_X21Y49         FDCE                                         r  u_output_fifo/read_ptr_r_reg[3]/C
  -------------------------------------------------------------------    -------------------
    SLICE_X21Y49         FDCE (Prop_fdce_C_Q)         0.419     1.392 r  u_output_fifo/read_ptr_r_reg[3]/Q
                         net (fo=34, routed)          1.704     3.096    u_output_fifo/data_mem_r_reg_0_15_18_23/ADDRB3
    SLICE_X22Y47         RAMD32 (Prop_ramd32_RADR3_O)
                                                      0.296     3.392 r  u_output_fifo/data_mem_r_reg_0_15_18_23/RAMB_D1/O
                         net (fo=0)                   0.973     4.365    m_axis_tdata[21]
                                                                      r  m_axis_tdata[21] (OUT)
  -------------------------------------------------------------------    -------------------

Slack:                    inf
  Source:                 u_output_fifo/read_ptr_r_reg[1]/C
                            (rising edge-triggered cell FDCE clocked by aclk  {rise@0.000ns fall@5.000ns period=10.000ns})
  Destination:            m_axis_tdata[12]
                            (output port)
  Path Group:             (none)
  Path Type:              Max at Slow Process Corner
  Data Path Delay:        3.371ns  (logic 0.740ns (21.949%)  route 2.631ns (78.051%))
  Logic Levels:           1  (RAMD32=1)
  Clock Uncertainty:      0.225ns  ((TSJ^2 + TIJ^2)^1/2 + DJ) / 2 + PE + UU
    Total System Jitter     (TSJ):    0.050ns
    Total Input Jitter      (TIJ):    0.000ns
    Discrete Jitter          (DJ):    0.000ns
    Phase Error              (PE):    0.000ns
    User Uncertainty         (UU):    0.200ns

    Location             Delay type                Incr(ns)  Path(ns)    Netlist Resource(s)
  -------------------------------------------------------------------    -------------------
                         (clock aclk rise edge)       0.000     0.000 r  
                                                      0.000     0.000 r  aclk (IN)
                         net (fo=939, unset)          0.973     0.973    u_output_fifo/aclk
    SLICE_X21Y49         FDCE                                         r  u_output_fifo/read_ptr_r_reg[1]/C
  -------------------------------------------------------------------    -------------------
    SLICE_X21Y49         FDCE (Prop_fdce_C_Q)         0.419     1.392 r  u_output_fifo/read_ptr_r_reg[1]/Q
                         net (fo=36, routed)          1.658     3.050    u_output_fifo/data_mem_r_reg_0_15_12_17/ADDRA1
    SLICE_X22Y45         RAMD32 (Prop_ramd32_RADR1_O)
                                                      0.321     3.371 r  u_output_fifo/data_mem_r_reg_0_15_12_17/RAMA/O
                         net (fo=0)                   0.973     4.344    m_axis_tdata[12]
                                                                      r  m_axis_tdata[12] (OUT)
  -------------------------------------------------------------------    -------------------

Slack:                    inf
  Source:                 u_output_fifo/read_ptr_r_reg[1]/C
                            (rising edge-triggered cell FDCE clocked by aclk  {rise@0.000ns fall@5.000ns period=10.000ns})
  Destination:            m_axis_tdata[14]
                            (output port)
  Path Group:             (none)
  Path Type:              Max at Slow Process Corner
  Data Path Delay:        3.369ns  (logic 0.746ns (22.140%)  route 2.623ns (77.860%))
  Logic Levels:           1  (RAMD32=1)
  Clock Uncertainty:      0.225ns  ((TSJ^2 + TIJ^2)^1/2 + DJ) / 2 + PE + UU
    Total System Jitter     (TSJ):    0.050ns
    Total Input Jitter      (TIJ):    0.000ns
    Discrete Jitter          (DJ):    0.000ns
    Phase Error              (PE):    0.000ns
    User Uncertainty         (UU):    0.200ns

    Location             Delay type                Incr(ns)  Path(ns)    Netlist Resource(s)
  -------------------------------------------------------------------    -------------------
                         (clock aclk rise edge)       0.000     0.000 r  
                                                      0.000     0.000 r  aclk (IN)
                         net (fo=939, unset)          0.973     0.973    u_output_fifo/aclk
    SLICE_X21Y49         FDCE                                         r  u_output_fifo/read_ptr_r_reg[1]/C
  -------------------------------------------------------------------    -------------------
    SLICE_X21Y49         FDCE (Prop_fdce_C_Q)         0.419     1.392 r  u_output_fifo/read_ptr_r_reg[1]/Q
                         net (fo=36, routed)          1.650     3.042    u_output_fifo/data_mem_r_reg_0_15_12_17/ADDRB1
    SLICE_X22Y45         RAMD32 (Prop_ramd32_RADR1_O)
                                                      0.327     3.369 r  u_output_fifo/data_mem_r_reg_0_15_12_17/RAMB/O
                         net (fo=0)                   0.973     4.342    m_axis_tdata[14]
                                                                      r  m_axis_tdata[14] (OUT)
  -------------------------------------------------------------------    -------------------

Slack:                    inf
  Source:                 u_output_fifo/read_ptr_r_reg[1]/C
                            (rising edge-triggered cell FDCE clocked by aclk  {rise@0.000ns fall@5.000ns period=10.000ns})
  Destination:            m_axis_tdata[13]
                            (output port)
  Path Group:             (none)
  Path Type:              Max at Slow Process Corner
  Data Path Delay:        3.349ns  (logic 0.718ns (21.437%)  route 2.631ns (78.563%))
  Logic Levels:           1  (RAMD32=1)
  Clock Uncertainty:      0.225ns  ((TSJ^2 + TIJ^2)^1/2 + DJ) / 2 + PE + UU
    Total System Jitter     (TSJ):    0.050ns
    Total Input Jitter      (TIJ):    0.000ns
    Discrete Jitter          (DJ):    0.000ns
    Phase Error              (PE):    0.000ns
    User Uncertainty         (UU):    0.200ns

    Location             Delay type                Incr(ns)  Path(ns)    Netlist Resource(s)
  -------------------------------------------------------------------    -------------------
                         (clock aclk rise edge)       0.000     0.000 r  
                                                      0.000     0.000 r  aclk (IN)
                         net (fo=939, unset)          0.973     0.973    u_output_fifo/aclk
    SLICE_X21Y49         FDCE                                         r  u_output_fifo/read_ptr_r_reg[1]/C
  -------------------------------------------------------------------    -------------------
    SLICE_X21Y49         FDCE (Prop_fdce_C_Q)         0.419     1.392 r  u_output_fifo/read_ptr_r_reg[1]/Q
                         net (fo=36, routed)          1.658     3.050    u_output_fifo/data_mem_r_reg_0_15_12_17/ADDRA1
    SLICE_X22Y45         RAMD32 (Prop_ramd32_RADR1_O)
                                                      0.299     3.349 r  u_output_fifo/data_mem_r_reg_0_15_12_17/RAMA_D1/O
                         net (fo=0)                   0.973     4.322    m_axis_tdata[13]
                                                                      r  m_axis_tdata[13] (OUT)
  -------------------------------------------------------------------    -------------------

Slack:                    inf
  Source:                 u_output_fifo/read_ptr_r_reg[1]/C
                            (rising edge-triggered cell FDCE clocked by aclk  {rise@0.000ns fall@5.000ns period=10.000ns})
  Destination:            m_axis_tdata[15]
                            (output port)
  Path Group:             (none)
  Path Type:              Max at Slow Process Corner
  Data Path Delay:        3.341ns  (logic 0.718ns (21.488%)  route 2.623ns (78.512%))
  Logic Levels:           1  (RAMD32=1)
  Clock Uncertainty:      0.225ns  ((TSJ^2 + TIJ^2)^1/2 + DJ) / 2 + PE + UU
    Total System Jitter     (TSJ):    0.050ns
    Total Input Jitter      (TIJ):    0.000ns
    Discrete Jitter          (DJ):    0.000ns
    Phase Error              (PE):    0.000ns
    User Uncertainty         (UU):    0.200ns

    Location             Delay type                Incr(ns)  Path(ns)    Netlist Resource(s)
  -------------------------------------------------------------------    -------------------
                         (clock aclk rise edge)       0.000     0.000 r  
                                                      0.000     0.000 r  aclk (IN)
                         net (fo=939, unset)          0.973     0.973    u_output_fifo/aclk
    SLICE_X21Y49         FDCE                                         r  u_output_fifo/read_ptr_r_reg[1]/C
  -------------------------------------------------------------------    -------------------
    SLICE_X21Y49         FDCE (Prop_fdce_C_Q)         0.419     1.392 r  u_output_fifo/read_ptr_r_reg[1]/Q
                         net (fo=36, routed)          1.650     3.042    u_output_fifo/data_mem_r_reg_0_15_12_17/ADDRB1
    SLICE_X22Y45         RAMD32 (Prop_ramd32_RADR1_O)
                                                      0.299     3.341 r  u_output_fifo/data_mem_r_reg_0_15_12_17/RAMB_D1/O
                         net (fo=0)                   0.973     4.314    m_axis_tdata[15]
                                                                      r  m_axis_tdata[15] (OUT)
  -------------------------------------------------------------------    -------------------

Slack:                    inf
  Source:                 u_output_fifo/read_ptr_r_reg[3]/C
                            (rising edge-triggered cell FDCE clocked by aclk  {rise@0.000ns fall@5.000ns period=10.000ns})
  Destination:            m_axis_tdata[6]
                            (output port)
  Path Group:             (none)
  Path Type:              Max at Slow Process Corner
  Data Path Delay:        3.312ns  (logic 0.741ns (22.373%)  route 2.571ns (77.627%))
  Logic Levels:           1  (RAMD32=1)
  Clock Uncertainty:      0.225ns  ((TSJ^2 + TIJ^2)^1/2 + DJ) / 2 + PE + UU
    Total System Jitter     (TSJ):    0.050ns
    Total Input Jitter      (TIJ):    0.000ns
    Discrete Jitter          (DJ):    0.000ns
    Phase Error              (PE):    0.000ns
    User Uncertainty         (UU):    0.200ns

    Location             Delay type                Incr(ns)  Path(ns)    Netlist Resource(s)
  -------------------------------------------------------------------    -------------------
                         (clock aclk rise edge)       0.000     0.000 r  
                                                      0.000     0.000 r  aclk (IN)
                         net (fo=939, unset)          0.973     0.973    u_output_fifo/aclk
    SLICE_X21Y49         FDCE                                         r  u_output_fifo/read_ptr_r_reg[3]/C
  -------------------------------------------------------------------    -------------------
    SLICE_X21Y49         FDCE (Prop_fdce_C_Q)         0.419     1.392 r  u_output_fifo/read_ptr_r_reg[3]/Q
                         net (fo=34, routed)          1.598     2.990    u_output_fifo/data_mem_r_reg_0_15_6_11/ADDRA3
    SLICE_X22Y44         RAMD32 (Prop_ramd32_RADR3_O)
                                                      0.322     3.312 r  u_output_fifo/data_mem_r_reg_0_15_6_11/RAMA/O
                         net (fo=0)                   0.973     4.285    m_axis_tdata[6]
                                                                      r  m_axis_tdata[6] (OUT)
  -------------------------------------------------------------------    -------------------

Slack:                    inf
  Source:                 u_output_fifo/read_ptr_r_reg[3]/C
                            (rising edge-triggered cell FDCE clocked by aclk  {rise@0.000ns fall@5.000ns period=10.000ns})
  Destination:            m_axis_tdata[8]
                            (output port)
  Path Group:             (none)
  Path Type:              Max at Slow Process Corner
  Data Path Delay:        3.309ns  (logic 0.741ns (22.394%)  route 2.568ns (77.606%))
  Logic Levels:           1  (RAMD32=1)
  Clock Uncertainty:      0.225ns  ((TSJ^2 + TIJ^2)^1/2 + DJ) / 2 + PE + UU
    Total System Jitter     (TSJ):    0.050ns
    Total Input Jitter      (TIJ):    0.000ns
    Discrete Jitter          (DJ):    0.000ns
    Phase Error              (PE):    0.000ns
    User Uncertainty         (UU):    0.200ns

    Location             Delay type                Incr(ns)  Path(ns)    Netlist Resource(s)
  -------------------------------------------------------------------    -------------------
                         (clock aclk rise edge)       0.000     0.000 r  
                                                      0.000     0.000 r  aclk (IN)
                         net (fo=939, unset)          0.973     0.973    u_output_fifo/aclk
    SLICE_X21Y49         FDCE                                         r  u_output_fifo/read_ptr_r_reg[3]/C
  -------------------------------------------------------------------    -------------------
    SLICE_X21Y49         FDCE (Prop_fdce_C_Q)         0.419     1.392 r  u_output_fifo/read_ptr_r_reg[3]/Q
                         net (fo=34, routed)          1.595     2.987    u_output_fifo/data_mem_r_reg_0_15_6_11/ADDRB3
    SLICE_X22Y44         RAMD32 (Prop_ramd32_RADR3_O)
                                                      0.322     3.309 r  u_output_fifo/data_mem_r_reg_0_15_6_11/RAMB/O
                         net (fo=0)                   0.973     4.282    m_axis_tdata[8]
                                                                      r  m_axis_tdata[8] (OUT)
  -------------------------------------------------------------------    -------------------

Slack:                    inf
  Source:                 u_output_fifo/read_ptr_r_reg[3]/C
                            (rising edge-triggered cell FDCE clocked by aclk  {rise@0.000ns fall@5.000ns period=10.000ns})
  Destination:            m_axis_tdata[7]
                            (output port)
  Path Group:             (none)
  Path Type:              Max at Slow Process Corner
  Data Path Delay:        3.286ns  (logic 0.715ns (21.759%)  route 2.571ns (78.241%))
  Logic Levels:           1  (RAMD32=1)
  Clock Uncertainty:      0.225ns  ((TSJ^2 + TIJ^2)^1/2 + DJ) / 2 + PE + UU
    Total System Jitter     (TSJ):    0.050ns
    Total Input Jitter      (TIJ):    0.000ns
    Discrete Jitter          (DJ):    0.000ns
    Phase Error              (PE):    0.000ns
    User Uncertainty         (UU):    0.200ns

    Location             Delay type                Incr(ns)  Path(ns)    Netlist Resource(s)
  -------------------------------------------------------------------    -------------------
                         (clock aclk rise edge)       0.000     0.000 r  
                                                      0.000     0.000 r  aclk (IN)
                         net (fo=939, unset)          0.973     0.973    u_output_fifo/aclk
    SLICE_X21Y49         FDCE                                         r  u_output_fifo/read_ptr_r_reg[3]/C
  -------------------------------------------------------------------    -------------------
    SLICE_X21Y49         FDCE (Prop_fdce_C_Q)         0.419     1.392 r  u_output_fifo/read_ptr_r_reg[3]/Q
                         net (fo=34, routed)          1.598     2.990    u_output_fifo/data_mem_r_reg_0_15_6_11/ADDRA3
    SLICE_X22Y44         RAMD32 (Prop_ramd32_RADR3_O)
                                                      0.296     3.286 r  u_output_fifo/data_mem_r_reg_0_15_6_11/RAMA_D1/O
                         net (fo=0)                   0.973     4.259    m_axis_tdata[7]
                                                                      r  m_axis_tdata[7] (OUT)
  -------------------------------------------------------------------    -------------------

Slack:                    inf
  Source:                 u_output_fifo/read_ptr_r_reg[3]/C
                            (rising edge-triggered cell FDCE clocked by aclk  {rise@0.000ns fall@5.000ns period=10.000ns})
  Destination:            m_axis_tdata[9]
                            (output port)
  Path Group:             (none)
  Path Type:              Max at Slow Process Corner
  Data Path Delay:        3.283ns  (logic 0.715ns (21.779%)  route 2.568ns (78.221%))
  Logic Levels:           1  (RAMD32=1)
  Clock Uncertainty:      0.225ns  ((TSJ^2 + TIJ^2)^1/2 + DJ) / 2 + PE + UU
    Total System Jitter     (TSJ):    0.050ns
    Total Input Jitter      (TIJ):    0.000ns
    Discrete Jitter          (DJ):    0.000ns
    Phase Error              (PE):    0.000ns
    User Uncertainty         (UU):    0.200ns

    Location             Delay type                Incr(ns)  Path(ns)    Netlist Resource(s)
  -------------------------------------------------------------------    -------------------
                         (clock aclk rise edge)       0.000     0.000 r  
                                                      0.000     0.000 r  aclk (IN)
                         net (fo=939, unset)          0.973     0.973    u_output_fifo/aclk
    SLICE_X21Y49         FDCE                                         r  u_output_fifo/read_ptr_r_reg[3]/C
  -------------------------------------------------------------------    -------------------
    SLICE_X21Y49         FDCE (Prop_fdce_C_Q)         0.419     1.392 r  u_output_fifo/read_ptr_r_reg[3]/Q
                         net (fo=34, routed)          1.595     2.987    u_output_fifo/data_mem_r_reg_0_15_6_11/ADDRB3
    SLICE_X22Y44         RAMD32 (Prop_ramd32_RADR3_O)
                                                      0.296     3.283 r  u_output_fifo/data_mem_r_reg_0_15_6_11/RAMB_D1/O
                         net (fo=0)                   0.973     4.256    m_axis_tdata[9]
                                                                      r  m_axis_tdata[9] (OUT)
  -------------------------------------------------------------------    -------------------

Slack:                    inf
  Source:                 state_r_reg[1]/C
                            (rising edge-triggered cell FDCE clocked by aclk  {rise@0.000ns fall@5.000ns period=10.000ns})
  Destination:            s_axis_tready
                            (output port)
  Path Group:             (none)
  Path Type:              Max at Slow Process Corner
  Data Path Delay:        3.053ns  (logic 0.642ns (21.031%)  route 2.411ns (78.969%))
  Logic Levels:           1  (LUT6=1)
  Clock Uncertainty:      0.225ns  ((TSJ^2 + TIJ^2)^1/2 + DJ) / 2 + PE + UU
    Total System Jitter     (TSJ):    0.050ns
    Total Input Jitter      (TIJ):    0.000ns
    Discrete Jitter          (DJ):    0.000ns
    Phase Error              (PE):    0.000ns
    User Uncertainty         (UU):    0.200ns

    Location             Delay type                Incr(ns)  Path(ns)    Netlist Resource(s)
  -------------------------------------------------------------------    -------------------
                         (clock aclk rise edge)       0.000     0.000 r  
                                                      0.000     0.000 r  aclk (IN)
                         net (fo=939, unset)          0.973     0.973    aclk
    SLICE_X36Y51         FDCE                                         r  state_r_reg[1]/C
  -------------------------------------------------------------------    -------------------
    SLICE_X36Y51         FDCE (Prop_fdce_C_Q)         0.518     1.491 f  state_r_reg[1]/Q
                         net (fo=35, routed)          1.438     2.929    u_tile_core/u_controller/total_ic_r_reg[0]_1
    SLICE_X32Y49         LUT6 (Prop_lut6_I0_O)        0.124     3.053 r  u_tile_core/u_controller/s_axis_tready_INST_0/O
                         net (fo=0)                   0.973     4.026    s_axis_tready
                                                                      r  s_axis_tready (OUT)
  -------------------------------------------------------------------    -------------------

Slack:                    inf
  Source:                 u_output_fifo/read_ptr_r_reg[2]/C
                            (rising edge-triggered cell FDCE clocked by aclk  {rise@0.000ns fall@5.000ns period=10.000ns})
  Destination:            m_axis_tdata[18]
                            (output port)
  Path Group:             (none)
  Path Type:              Max at Slow Process Corner
  Data Path Delay:        3.052ns  (logic 0.604ns (19.792%)  route 2.448ns (80.208%))
  Logic Levels:           1  (RAMD32=1)
  Clock Uncertainty:      0.225ns  ((TSJ^2 + TIJ^2)^1/2 + DJ) / 2 + PE + UU
    Total System Jitter     (TSJ):    0.050ns
    Total Input Jitter      (TIJ):    0.000ns
    Discrete Jitter          (DJ):    0.000ns
    Phase Error              (PE):    0.000ns
    User Uncertainty         (UU):    0.200ns

    Location             Delay type                Incr(ns)  Path(ns)    Netlist Resource(s)
  -------------------------------------------------------------------    -------------------
                         (clock aclk rise edge)       0.000     0.000 r  
                                                      0.000     0.000 r  aclk (IN)
                         net (fo=939, unset)          0.973     0.973    u_output_fifo/aclk
    SLICE_X21Y49         FDCE                                         r  u_output_fifo/read_ptr_r_reg[2]/C
  -------------------------------------------------------------------    -------------------
    SLICE_X21Y49         FDCE (Prop_fdce_C_Q)         0.456     1.429 r  u_output_fifo/read_ptr_r_reg[2]/Q
                         net (fo=35, routed)          1.475     2.904    u_output_fifo/data_mem_r_reg_0_15_18_23/ADDRA2
    SLICE_X22Y47         RAMD32 (Prop_ramd32_RADR2_O)
                                                      0.148     3.052 r  u_output_fifo/data_mem_r_reg_0_15_18_23/RAMA/O
                         net (fo=0)                   0.973     4.025    m_axis_tdata[18]
                                                                      r  m_axis_tdata[18] (OUT)
  -------------------------------------------------------------------    -------------------

Slack:                    inf
  Source:                 u_output_fifo/read_ptr_r_reg[2]/C
                            (rising edge-triggered cell FDCE clocked by aclk  {rise@0.000ns fall@5.000ns period=10.000ns})
  Destination:            m_axis_tdata[10]
                            (output port)
  Path Group:             (none)
  Path Type:              Max at Slow Process Corner
  Data Path Delay:        3.033ns  (logic 0.609ns (20.077%)  route 2.424ns (79.923%))
  Logic Levels:           1  (RAMD32=1)
  Clock Uncertainty:      0.225ns  ((TSJ^2 + TIJ^2)^1/2 + DJ) / 2 + PE + UU
    Total System Jitter     (TSJ):    0.050ns
    Total Input Jitter      (TIJ):    0.000ns
    Discrete Jitter          (DJ):    0.000ns
    Phase Error              (PE):    0.000ns
    User Uncertainty         (UU):    0.200ns

    Location             Delay type                Incr(ns)  Path(ns)    Netlist Resource(s)
  -------------------------------------------------------------------    -------------------
                         (clock aclk rise edge)       0.000     0.000 r  
                                                      0.000     0.000 r  aclk (IN)
                         net (fo=939, unset)          0.973     0.973    u_output_fifo/aclk
    SLICE_X21Y49         FDCE                                         r  u_output_fifo/read_ptr_r_reg[2]/C
  -------------------------------------------------------------------    -------------------
    SLICE_X21Y49         FDCE (Prop_fdce_C_Q)         0.456     1.429 r  u_output_fifo/read_ptr_r_reg[2]/Q
                         net (fo=35, routed)          1.451     2.880    u_output_fifo/data_mem_r_reg_0_15_6_11/ADDRC2
    SLICE_X22Y44         RAMD32 (Prop_ramd32_RADR2_O)
                                                      0.153     3.033 r  u_output_fifo/data_mem_r_reg_0_15_6_11/RAMC/O
                         net (fo=0)                   0.973     4.006    m_axis_tdata[10]
                                                                      r  m_axis_tdata[10] (OUT)
  -------------------------------------------------------------------    -------------------

Slack:                    inf
  Source:                 u_output_fifo/read_ptr_r_reg[2]/C
                            (rising edge-triggered cell FDCE clocked by aclk  {rise@0.000ns fall@5.000ns period=10.000ns})
  Destination:            m_axis_tdata[19]
                            (output port)
  Path Group:             (none)
  Path Type:              Max at Slow Process Corner
  Data Path Delay:        3.028ns  (logic 0.580ns (19.157%)  route 2.448ns (80.843%))
  Logic Levels:           1  (RAMD32=1)
  Clock Uncertainty:      0.225ns  ((TSJ^2 + TIJ^2)^1/2 + DJ) / 2 + PE + UU
    Total System Jitter     (TSJ):    0.050ns
    Total Input Jitter      (TIJ):    0.000ns
    Discrete Jitter          (DJ):    0.000ns
    Phase Error              (PE):    0.000ns
    User Uncertainty         (UU):    0.200ns

    Location             Delay type                Incr(ns)  Path(ns)    Netlist Resource(s)
  -------------------------------------------------------------------    -------------------
                         (clock aclk rise edge)       0.000     0.000 r  
                                                      0.000     0.000 r  aclk (IN)
                         net (fo=939, unset)          0.973     0.973    u_output_fifo/aclk
    SLICE_X21Y49         FDCE                                         r  u_output_fifo/read_ptr_r_reg[2]/C
  -------------------------------------------------------------------    -------------------
    SLICE_X21Y49         FDCE (Prop_fdce_C_Q)         0.456     1.429 r  u_output_fifo/read_ptr_r_reg[2]/Q
                         net (fo=35, routed)          1.475     2.904    u_output_fifo/data_mem_r_reg_0_15_18_23/ADDRA2
    SLICE_X22Y47         RAMD32 (Prop_ramd32_RADR2_O)
                                                      0.124     3.028 r  u_output_fifo/data_mem_r_reg_0_15_18_23/RAMA_D1/O
                         net (fo=0)                   0.973     4.001    m_axis_tdata[19]
                                                                      r  m_axis_tdata[19] (OUT)
  -------------------------------------------------------------------    -------------------





Min Delay Paths
--------------------------------------------------------------------------------------
Slack:                    inf
  Source:                 done_sticky_r_reg/C
                            (rising edge-triggered cell FDCE clocked by aclk  {rise@0.000ns fall@5.000ns period=10.000ns})
  Destination:            irq
                            (output port)
  Path Group:             (none)
  Path Type:              Min at Fast Process Corner
  Data Path Delay:        0.551ns  (logic 0.141ns (25.583%)  route 0.410ns (74.417%))
  Logic Levels:           0  
  Clock Uncertainty:      0.225ns  ((TSJ^2 + TIJ^2)^1/2 + DJ) / 2 + PE + UU
    Total System Jitter     (TSJ):    0.050ns
    Total Input Jitter      (TIJ):    0.000ns
    Discrete Jitter          (DJ):    0.000ns
    Phase Error              (PE):    0.000ns
    User Uncertainty         (UU):    0.200ns

    Location             Delay type                Incr(ns)  Path(ns)    Netlist Resource(s)
  -------------------------------------------------------------------    -------------------
                         (clock aclk rise edge)       0.000     0.000 r  
                                                      0.000     0.000 r  aclk (IN)
                         net (fo=939, unset)          0.410     0.410    aclk
    SLICE_X37Y51         FDCE                                         r  done_sticky_r_reg/C
  -------------------------------------------------------------------    -------------------
    SLICE_X37Y51         FDCE (Prop_fdce_C_Q)         0.141     0.551 r  done_sticky_r_reg/Q
                         net (fo=2, unset)            0.410     0.961    irq
                                                                      r  irq (OUT)
  -------------------------------------------------------------------    -------------------

Slack:                    inf
  Source:                 s_axi_bvalid_reg/C
                            (rising edge-triggered cell FDCE clocked by aclk  {rise@0.000ns fall@5.000ns period=10.000ns})
  Destination:            s_axi_bvalid
                            (output port)
  Path Group:             (none)
  Path Type:              Min at Fast Process Corner
  Data Path Delay:        0.551ns  (logic 0.141ns (25.583%)  route 0.410ns (74.417%))
  Logic Levels:           0  
  Clock Uncertainty:      0.225ns  ((TSJ^2 + TIJ^2)^1/2 + DJ) / 2 + PE + UU
    Total System Jitter     (TSJ):    0.050ns
    Total Input Jitter      (TIJ):    0.000ns
    Discrete Jitter          (DJ):    0.000ns
    Phase Error              (PE):    0.000ns
    User Uncertainty         (UU):    0.200ns

    Location             Delay type                Incr(ns)  Path(ns)    Netlist Resource(s)
  -------------------------------------------------------------------    -------------------
                         (clock aclk rise edge)       0.000     0.000 r  
                                                      0.000     0.000 r  aclk (IN)
                         net (fo=939, unset)          0.410     0.410    aclk
    SLICE_X45Y56         FDCE                                         r  s_axi_bvalid_reg/C
  -------------------------------------------------------------------    -------------------
    SLICE_X45Y56         FDCE (Prop_fdce_C_Q)         0.141     0.551 r  s_axi_bvalid_reg/Q
                         net (fo=8, unset)            0.410     0.961    s_axi_bvalid
                                                                      r  s_axi_bvalid (OUT)
  -------------------------------------------------------------------    -------------------

Slack:                    inf
  Source:                 s_axi_rdata_reg[0]/C
                            (rising edge-triggered cell FDCE clocked by aclk  {rise@0.000ns fall@5.000ns period=10.000ns})
  Destination:            s_axi_rdata[0]
                            (output port)
  Path Group:             (none)
  Path Type:              Min at Fast Process Corner
  Data Path Delay:        0.551ns  (logic 0.141ns (25.583%)  route 0.410ns (74.417%))
  Logic Levels:           0  
  Clock Uncertainty:      0.225ns  ((TSJ^2 + TIJ^2)^1/2 + DJ) / 2 + PE + UU
    Total System Jitter     (TSJ):    0.050ns
    Total Input Jitter      (TIJ):    0.000ns
    Discrete Jitter          (DJ):    0.000ns
    Phase Error              (PE):    0.000ns
    User Uncertainty         (UU):    0.200ns

    Location             Delay type                Incr(ns)  Path(ns)    Netlist Resource(s)
  -------------------------------------------------------------------    -------------------
                         (clock aclk rise edge)       0.000     0.000 r  
                                                      0.000     0.000 r  aclk (IN)
                         net (fo=939, unset)          0.410     0.410    aclk
    SLICE_X41Y48         FDCE                                         r  s_axi_rdata_reg[0]/C
  -------------------------------------------------------------------    -------------------
    SLICE_X41Y48         FDCE (Prop_fdce_C_Q)         0.141     0.551 r  s_axi_rdata_reg[0]/Q
                         net (fo=0)                   0.410     0.961    s_axi_rdata[0]
                                                                      r  s_axi_rdata[0] (OUT)
  -------------------------------------------------------------------    -------------------

Slack:                    inf
  Source:                 s_axi_rdata_reg[10]/C
                            (rising edge-triggered cell FDCE clocked by aclk  {rise@0.000ns fall@5.000ns period=10.000ns})
  Destination:            s_axi_rdata[10]
                            (output port)
  Path Group:             (none)
  Path Type:              Min at Fast Process Corner
  Data Path Delay:        0.551ns  (logic 0.141ns (25.583%)  route 0.410ns (74.417%))
  Logic Levels:           0  
  Clock Uncertainty:      0.225ns  ((TSJ^2 + TIJ^2)^1/2 + DJ) / 2 + PE + UU
    Total System Jitter     (TSJ):    0.050ns
    Total Input Jitter      (TIJ):    0.000ns
    Discrete Jitter          (DJ):    0.000ns
    Phase Error              (PE):    0.000ns
    User Uncertainty         (UU):    0.200ns

    Location             Delay type                Incr(ns)  Path(ns)    Netlist Resource(s)
  -------------------------------------------------------------------    -------------------
                         (clock aclk rise edge)       0.000     0.000 r  
                                                      0.000     0.000 r  aclk (IN)
                         net (fo=939, unset)          0.410     0.410    aclk
    SLICE_X39Y51         FDCE                                         r  s_axi_rdata_reg[10]/C
  -------------------------------------------------------------------    -------------------
    SLICE_X39Y51         FDCE (Prop_fdce_C_Q)         0.141     0.551 r  s_axi_rdata_reg[10]/Q
                         net (fo=0)                   0.410     0.961    s_axi_rdata[10]
                                                                      r  s_axi_rdata[10] (OUT)
  -------------------------------------------------------------------    -------------------

Slack:                    inf
  Source:                 s_axi_rdata_reg[14]/C
                            (rising edge-triggered cell FDCE clocked by aclk  {rise@0.000ns fall@5.000ns period=10.000ns})
  Destination:            s_axi_rdata[14]
                            (output port)
  Path Group:             (none)
  Path Type:              Min at Fast Process Corner
  Data Path Delay:        0.551ns  (logic 0.141ns (25.583%)  route 0.410ns (74.417%))
  Logic Levels:           0  
  Clock Uncertainty:      0.225ns  ((TSJ^2 + TIJ^2)^1/2 + DJ) / 2 + PE + UU
    Total System Jitter     (TSJ):    0.050ns
    Total Input Jitter      (TIJ):    0.000ns
    Discrete Jitter          (DJ):    0.000ns
    Phase Error              (PE):    0.000ns
    User Uncertainty         (UU):    0.200ns

    Location             Delay type                Incr(ns)  Path(ns)    Netlist Resource(s)
  -------------------------------------------------------------------    -------------------
                         (clock aclk rise edge)       0.000     0.000 r  
                                                      0.000     0.000 r  aclk (IN)
                         net (fo=939, unset)          0.410     0.410    aclk
    SLICE_X43Y52         FDCE                                         r  s_axi_rdata_reg[14]/C
  -------------------------------------------------------------------    -------------------
    SLICE_X43Y52         FDCE (Prop_fdce_C_Q)         0.141     0.551 r  s_axi_rdata_reg[14]/Q
                         net (fo=0)                   0.410     0.961    s_axi_rdata[14]
                                                                      r  s_axi_rdata[14] (OUT)
  -------------------------------------------------------------------    -------------------

Slack:                    inf
  Source:                 s_axi_rdata_reg[15]/C
                            (rising edge-triggered cell FDCE clocked by aclk  {rise@0.000ns fall@5.000ns period=10.000ns})
  Destination:            s_axi_rdata[15]
                            (output port)
  Path Group:             (none)
  Path Type:              Min at Fast Process Corner
  Data Path Delay:        0.551ns  (logic 0.141ns (25.583%)  route 0.410ns (74.417%))
  Logic Levels:           0  
  Clock Uncertainty:      0.225ns  ((TSJ^2 + TIJ^2)^1/2 + DJ) / 2 + PE + UU
    Total System Jitter     (TSJ):    0.050ns
    Total Input Jitter      (TIJ):    0.000ns
    Discrete Jitter          (DJ):    0.000ns
    Phase Error              (PE):    0.000ns
    User Uncertainty         (UU):    0.200ns

    Location             Delay type                Incr(ns)  Path(ns)    Netlist Resource(s)
  -------------------------------------------------------------------    -------------------
                         (clock aclk rise edge)       0.000     0.000 r  
                                                      0.000     0.000 r  aclk (IN)
                         net (fo=939, unset)          0.410     0.410    aclk
    SLICE_X43Y52         FDCE                                         r  s_axi_rdata_reg[15]/C
  -------------------------------------------------------------------    -------------------
    SLICE_X43Y52         FDCE (Prop_fdce_C_Q)         0.141     0.551 r  s_axi_rdata_reg[15]/Q
                         net (fo=0)                   0.410     0.961    s_axi_rdata[15]
                                                                      r  s_axi_rdata[15] (OUT)
  -------------------------------------------------------------------    -------------------

Slack:                    inf
  Source:                 s_axi_rdata_reg[16]/C
                            (rising edge-triggered cell FDCE clocked by aclk  {rise@0.000ns fall@5.000ns period=10.000ns})
  Destination:            s_axi_rdata[16]
                            (output port)
  Path Group:             (none)
  Path Type:              Min at Fast Process Corner
  Data Path Delay:        0.551ns  (logic 0.141ns (25.583%)  route 0.410ns (74.417%))
  Logic Levels:           0  
  Clock Uncertainty:      0.225ns  ((TSJ^2 + TIJ^2)^1/2 + DJ) / 2 + PE + UU
    Total System Jitter     (TSJ):    0.050ns
    Total Input Jitter      (TIJ):    0.000ns
    Discrete Jitter          (DJ):    0.000ns
    Phase Error              (PE):    0.000ns
    User Uncertainty         (UU):    0.200ns

    Location             Delay type                Incr(ns)  Path(ns)    Netlist Resource(s)
  -------------------------------------------------------------------    -------------------
                         (clock aclk rise edge)       0.000     0.000 r  
                                                      0.000     0.000 r  aclk (IN)
                         net (fo=939, unset)          0.410     0.410    aclk
    SLICE_X41Y53         FDCE                                         r  s_axi_rdata_reg[16]/C
  -------------------------------------------------------------------    -------------------
    SLICE_X41Y53         FDCE (Prop_fdce_C_Q)         0.141     0.551 r  s_axi_rdata_reg[16]/Q
                         net (fo=0)                   0.410     0.961    s_axi_rdata[16]
                                                                      r  s_axi_rdata[16] (OUT)
  -------------------------------------------------------------------    -------------------

Slack:                    inf
  Source:                 s_axi_rdata_reg[17]/C
                            (rising edge-triggered cell FDCE clocked by aclk  {rise@0.000ns fall@5.000ns period=10.000ns})
  Destination:            s_axi_rdata[17]
                            (output port)
  Path Group:             (none)
  Path Type:              Min at Fast Process Corner
  Data Path Delay:        0.551ns  (logic 0.141ns (25.583%)  route 0.410ns (74.417%))
  Logic Levels:           0  
  Clock Uncertainty:      0.225ns  ((TSJ^2 + TIJ^2)^1/2 + DJ) / 2 + PE + UU
    Total System Jitter     (TSJ):    0.050ns
    Total Input Jitter      (TIJ):    0.000ns
    Discrete Jitter          (DJ):    0.000ns
    Phase Error              (PE):    0.000ns
    User Uncertainty         (UU):    0.200ns

    Location             Delay type                Incr(ns)  Path(ns)    Netlist Resource(s)
  -------------------------------------------------------------------    -------------------
                         (clock aclk rise edge)       0.000     0.000 r  
                                                      0.000     0.000 r  aclk (IN)
                         net (fo=939, unset)          0.410     0.410    aclk
    SLICE_X41Y53         FDCE                                         r  s_axi_rdata_reg[17]/C
  -------------------------------------------------------------------    -------------------
    SLICE_X41Y53         FDCE (Prop_fdce_C_Q)         0.141     0.551 r  s_axi_rdata_reg[17]/Q
                         net (fo=0)                   0.410     0.961    s_axi_rdata[17]
                                                                      r  s_axi_rdata[17] (OUT)
  -------------------------------------------------------------------    -------------------

Slack:                    inf
  Source:                 s_axi_rdata_reg[18]/C
                            (rising edge-triggered cell FDCE clocked by aclk  {rise@0.000ns fall@5.000ns period=10.000ns})
  Destination:            s_axi_rdata[18]
                            (output port)
  Path Group:             (none)
  Path Type:              Min at Fast Process Corner
  Data Path Delay:        0.551ns  (logic 0.141ns (25.583%)  route 0.410ns (74.417%))
  Logic Levels:           0  
  Clock Uncertainty:      0.225ns  ((TSJ^2 + TIJ^2)^1/2 + DJ) / 2 + PE + UU
    Total System Jitter     (TSJ):    0.050ns
    Total Input Jitter      (TIJ):    0.000ns
    Discrete Jitter          (DJ):    0.000ns
    Phase Error              (PE):    0.000ns
    User Uncertainty         (UU):    0.200ns

    Location             Delay type                Incr(ns)  Path(ns)    Netlist Resource(s)
  -------------------------------------------------------------------    -------------------
                         (clock aclk rise edge)       0.000     0.000 r  
                                                      0.000     0.000 r  aclk (IN)
                         net (fo=939, unset)          0.410     0.410    aclk
    SLICE_X41Y53         FDCE                                         r  s_axi_rdata_reg[18]/C
  -------------------------------------------------------------------    -------------------
    SLICE_X41Y53         FDCE (Prop_fdce_C_Q)         0.141     0.551 r  s_axi_rdata_reg[18]/Q
                         net (fo=0)                   0.410     0.961    s_axi_rdata[18]
                                                                      r  s_axi_rdata[18] (OUT)
  -------------------------------------------------------------------    -------------------

Slack:                    inf
  Source:                 s_axi_rdata_reg[19]/C
                            (rising edge-triggered cell FDCE clocked by aclk  {rise@0.000ns fall@5.000ns period=10.000ns})
  Destination:            s_axi_rdata[19]
                            (output port)
  Path Group:             (none)
  Path Type:              Min at Fast Process Corner
  Data Path Delay:        0.551ns  (logic 0.141ns (25.583%)  route 0.410ns (74.417%))
  Logic Levels:           0  
  Clock Uncertainty:      0.225ns  ((TSJ^2 + TIJ^2)^1/2 + DJ) / 2 + PE + UU
    Total System Jitter     (TSJ):    0.050ns
    Total Input Jitter      (TIJ):    0.000ns
    Discrete Jitter          (DJ):    0.000ns
    Phase Error              (PE):    0.000ns
    User Uncertainty         (UU):    0.200ns

    Location             Delay type                Incr(ns)  Path(ns)    Netlist Resource(s)
  -------------------------------------------------------------------    -------------------
                         (clock aclk rise edge)       0.000     0.000 r  
                                                      0.000     0.000 r  aclk (IN)
                         net (fo=939, unset)          0.410     0.410    aclk
    SLICE_X41Y53         FDCE                                         r  s_axi_rdata_reg[19]/C
  -------------------------------------------------------------------    -------------------
    SLICE_X41Y53         FDCE (Prop_fdce_C_Q)         0.141     0.551 r  s_axi_rdata_reg[19]/Q
                         net (fo=0)                   0.410     0.961    s_axi_rdata[19]
                                                                      r  s_axi_rdata[19] (OUT)
  -------------------------------------------------------------------    -------------------

Slack:                    inf
  Source:                 s_axi_rdata_reg[1]/C
                            (rising edge-triggered cell FDCE clocked by aclk  {rise@0.000ns fall@5.000ns period=10.000ns})
  Destination:            s_axi_rdata[1]
                            (output port)
  Path Group:             (none)
  Path Type:              Min at Fast Process Corner
  Data Path Delay:        0.551ns  (logic 0.141ns (25.583%)  route 0.410ns (74.417%))
  Logic Levels:           0  
  Clock Uncertainty:      0.225ns  ((TSJ^2 + TIJ^2)^1/2 + DJ) / 2 + PE + UU
    Total System Jitter     (TSJ):    0.050ns
    Total Input Jitter      (TIJ):    0.000ns
    Discrete Jitter          (DJ):    0.000ns
    Phase Error              (PE):    0.000ns
    User Uncertainty         (UU):    0.200ns

    Location             Delay type                Incr(ns)  Path(ns)    Netlist Resource(s)
  -------------------------------------------------------------------    -------------------
                         (clock aclk rise edge)       0.000     0.000 r  
                                                      0.000     0.000 r  aclk (IN)
                         net (fo=939, unset)          0.410     0.410    aclk
    SLICE_X41Y48         FDCE                                         r  s_axi_rdata_reg[1]/C
  -------------------------------------------------------------------    -------------------
    SLICE_X41Y48         FDCE (Prop_fdce_C_Q)         0.141     0.551 r  s_axi_rdata_reg[1]/Q
                         net (fo=0)                   0.410     0.961    s_axi_rdata[1]
                                                                      r  s_axi_rdata[1] (OUT)
  -------------------------------------------------------------------    -------------------

Slack:                    inf
  Source:                 s_axi_rdata_reg[20]/C
                            (rising edge-triggered cell FDCE clocked by aclk  {rise@0.000ns fall@5.000ns period=10.000ns})
  Destination:            s_axi_rdata[20]
                            (output port)
  Path Group:             (none)
  Path Type:              Min at Fast Process Corner
  Data Path Delay:        0.551ns  (logic 0.141ns (25.583%)  route 0.410ns (74.417%))
  Logic Levels:           0  
  Clock Uncertainty:      0.225ns  ((TSJ^2 + TIJ^2)^1/2 + DJ) / 2 + PE + UU
    Total System Jitter     (TSJ):    0.050ns
    Total Input Jitter      (TIJ):    0.000ns
    Discrete Jitter          (DJ):    0.000ns
    Phase Error              (PE):    0.000ns
    User Uncertainty         (UU):    0.200ns

    Location             Delay type                Incr(ns)  Path(ns)    Netlist Resource(s)
  -------------------------------------------------------------------    -------------------
                         (clock aclk rise edge)       0.000     0.000 r  
                                                      0.000     0.000 r  aclk (IN)
                         net (fo=939, unset)          0.410     0.410    aclk
    SLICE_X39Y55         FDCE                                         r  s_axi_rdata_reg[20]/C
  -------------------------------------------------------------------    -------------------
    SLICE_X39Y55         FDCE (Prop_fdce_C_Q)         0.141     0.551 r  s_axi_rdata_reg[20]/Q
                         net (fo=0)                   0.410     0.961    s_axi_rdata[20]
                                                                      r  s_axi_rdata[20] (OUT)
  -------------------------------------------------------------------    -------------------

Slack:                    inf
  Source:                 s_axi_rdata_reg[21]/C
                            (rising edge-triggered cell FDCE clocked by aclk  {rise@0.000ns fall@5.000ns period=10.000ns})
  Destination:            s_axi_rdata[21]
                            (output port)
  Path Group:             (none)
  Path Type:              Min at Fast Process Corner
  Data Path Delay:        0.551ns  (logic 0.141ns (25.583%)  route 0.410ns (74.417%))
  Logic Levels:           0  
  Clock Uncertainty:      0.225ns  ((TSJ^2 + TIJ^2)^1/2 + DJ) / 2 + PE + UU
    Total System Jitter     (TSJ):    0.050ns
    Total Input Jitter      (TIJ):    0.000ns
    Discrete Jitter          (DJ):    0.000ns
    Phase Error              (PE):    0.000ns
    User Uncertainty         (UU):    0.200ns

    Location             Delay type                Incr(ns)  Path(ns)    Netlist Resource(s)
  -------------------------------------------------------------------    -------------------
                         (clock aclk rise edge)       0.000     0.000 r  
                                                      0.000     0.000 r  aclk (IN)
                         net (fo=939, unset)          0.410     0.410    aclk
    SLICE_X41Y54         FDCE                                         r  s_axi_rdata_reg[21]/C
  -------------------------------------------------------------------    -------------------
    SLICE_X41Y54         FDCE (Prop_fdce_C_Q)         0.141     0.551 r  s_axi_rdata_reg[21]/Q
                         net (fo=0)                   0.410     0.961    s_axi_rdata[21]
                                                                      r  s_axi_rdata[21] (OUT)
  -------------------------------------------------------------------    -------------------

Slack:                    inf
  Source:                 s_axi_rdata_reg[22]/C
                            (rising edge-triggered cell FDCE clocked by aclk  {rise@0.000ns fall@5.000ns period=10.000ns})
  Destination:            s_axi_rdata[22]
                            (output port)
  Path Group:             (none)
  Path Type:              Min at Fast Process Corner
  Data Path Delay:        0.551ns  (logic 0.141ns (25.583%)  route 0.410ns (74.417%))
  Logic Levels:           0  
  Clock Uncertainty:      0.225ns  ((TSJ^2 + TIJ^2)^1/2 + DJ) / 2 + PE + UU
    Total System Jitter     (TSJ):    0.050ns
    Total Input Jitter      (TIJ):    0.000ns
    Discrete Jitter          (DJ):    0.000ns
    Phase Error              (PE):    0.000ns
    User Uncertainty         (UU):    0.200ns

    Location             Delay type                Incr(ns)  Path(ns)    Netlist Resource(s)
  -------------------------------------------------------------------    -------------------
                         (clock aclk rise edge)       0.000     0.000 r  
                                                      0.000     0.000 r  aclk (IN)
                         net (fo=939, unset)          0.410     0.410    aclk
    SLICE_X41Y54         FDCE                                         r  s_axi_rdata_reg[22]/C
  -------------------------------------------------------------------    -------------------
    SLICE_X41Y54         FDCE (Prop_fdce_C_Q)         0.141     0.551 r  s_axi_rdata_reg[22]/Q
                         net (fo=0)                   0.410     0.961    s_axi_rdata[22]
                                                                      r  s_axi_rdata[22] (OUT)
  -------------------------------------------------------------------    -------------------

Slack:                    inf
  Source:                 s_axi_rdata_reg[23]/C
                            (rising edge-triggered cell FDCE clocked by aclk  {rise@0.000ns fall@5.000ns period=10.000ns})
  Destination:            s_axi_rdata[23]
                            (output port)
  Path Group:             (none)
  Path Type:              Min at Fast Process Corner
  Data Path Delay:        0.551ns  (logic 0.141ns (25.583%)  route 0.410ns (74.417%))
  Logic Levels:           0  
  Clock Uncertainty:      0.225ns  ((TSJ^2 + TIJ^2)^1/2 + DJ) / 2 + PE + UU
    Total System Jitter     (TSJ):    0.050ns
    Total Input Jitter      (TIJ):    0.000ns
    Discrete Jitter          (DJ):    0.000ns
    Phase Error              (PE):    0.000ns
    User Uncertainty         (UU):    0.200ns

    Location             Delay type                Incr(ns)  Path(ns)    Netlist Resource(s)
  -------------------------------------------------------------------    -------------------
                         (clock aclk rise edge)       0.000     0.000 r  
                                                      0.000     0.000 r  aclk (IN)
                         net (fo=939, unset)          0.410     0.410    aclk
    SLICE_X41Y54         FDCE                                         r  s_axi_rdata_reg[23]/C
  -------------------------------------------------------------------    -------------------
    SLICE_X41Y54         FDCE (Prop_fdce_C_Q)         0.141     0.551 r  s_axi_rdata_reg[23]/Q
                         net (fo=0)                   0.410     0.961    s_axi_rdata[23]
                                                                      r  s_axi_rdata[23] (OUT)
  -------------------------------------------------------------------    -------------------

Slack:                    inf
  Source:                 s_axi_rdata_reg[24]/C
                            (rising edge-triggered cell FDCE clocked by aclk  {rise@0.000ns fall@5.000ns period=10.000ns})
  Destination:            s_axi_rdata[24]
                            (output port)
  Path Group:             (none)
  Path Type:              Min at Fast Process Corner
  Data Path Delay:        0.551ns  (logic 0.141ns (25.583%)  route 0.410ns (74.417%))
  Logic Levels:           0  
  Clock Uncertainty:      0.225ns  ((TSJ^2 + TIJ^2)^1/2 + DJ) / 2 + PE + UU
    Total System Jitter     (TSJ):    0.050ns
    Total Input Jitter      (TIJ):    0.000ns
    Discrete Jitter          (DJ):    0.000ns
    Phase Error              (PE):    0.000ns
    User Uncertainty         (UU):    0.200ns

    Location             Delay type                Incr(ns)  Path(ns)    Netlist Resource(s)
  -------------------------------------------------------------------    -------------------
                         (clock aclk rise edge)       0.000     0.000 r  
                                                      0.000     0.000 r  aclk (IN)
                         net (fo=939, unset)          0.410     0.410    aclk
    SLICE_X41Y54         FDCE                                         r  s_axi_rdata_reg[24]/C
  -------------------------------------------------------------------    -------------------
    SLICE_X41Y54         FDCE (Prop_fdce_C_Q)         0.141     0.551 r  s_axi_rdata_reg[24]/Q
                         net (fo=0)                   0.410     0.961    s_axi_rdata[24]
                                                                      r  s_axi_rdata[24] (OUT)
  -------------------------------------------------------------------    -------------------

Slack:                    inf
  Source:                 s_axi_rdata_reg[25]/C
                            (rising edge-triggered cell FDCE clocked by aclk  {rise@0.000ns fall@5.000ns period=10.000ns})
  Destination:            s_axi_rdata[25]
                            (output port)
  Path Group:             (none)
  Path Type:              Min at Fast Process Corner
  Data Path Delay:        0.551ns  (logic 0.141ns (25.583%)  route 0.410ns (74.417%))
  Logic Levels:           0  
  Clock Uncertainty:      0.225ns  ((TSJ^2 + TIJ^2)^1/2 + DJ) / 2 + PE + UU
    Total System Jitter     (TSJ):    0.050ns
    Total Input Jitter      (TIJ):    0.000ns
    Discrete Jitter          (DJ):    0.000ns
    Phase Error              (PE):    0.000ns
    User Uncertainty         (UU):    0.200ns

    Location             Delay type                Incr(ns)  Path(ns)    Netlist Resource(s)
  -------------------------------------------------------------------    -------------------
                         (clock aclk rise edge)       0.000     0.000 r  
                                                      0.000     0.000 r  aclk (IN)
                         net (fo=939, unset)          0.410     0.410    aclk
    SLICE_X39Y55         FDCE                                         r  s_axi_rdata_reg[25]/C
  -------------------------------------------------------------------    -------------------
    SLICE_X39Y55         FDCE (Prop_fdce_C_Q)         0.141     0.551 r  s_axi_rdata_reg[25]/Q
                         net (fo=0)                   0.410     0.961    s_axi_rdata[25]
                                                                      r  s_axi_rdata[25] (OUT)
  -------------------------------------------------------------------    -------------------

Slack:                    inf
  Source:                 s_axi_rdata_reg[28]/C
                            (rising edge-triggered cell FDCE clocked by aclk  {rise@0.000ns fall@5.000ns period=10.000ns})
  Destination:            s_axi_rdata[28]
                            (output port)
  Path Group:             (none)
  Path Type:              Min at Fast Process Corner
  Data Path Delay:        0.551ns  (logic 0.141ns (25.583%)  route 0.410ns (74.417%))
  Logic Levels:           0  
  Clock Uncertainty:      0.225ns  ((TSJ^2 + TIJ^2)^1/2 + DJ) / 2 + PE + UU
    Total System Jitter     (TSJ):    0.050ns
    Total Input Jitter      (TIJ):    0.000ns
    Discrete Jitter          (DJ):    0.000ns
    Phase Error              (PE):    0.000ns
    User Uncertainty         (UU):    0.200ns

    Location             Delay type                Incr(ns)  Path(ns)    Netlist Resource(s)
  -------------------------------------------------------------------    -------------------
                         (clock aclk rise edge)       0.000     0.000 r  
                                                      0.000     0.000 r  aclk (IN)
                         net (fo=939, unset)          0.410     0.410    aclk
    SLICE_X39Y55         FDCE                                         r  s_axi_rdata_reg[28]/C
  -------------------------------------------------------------------    -------------------
    SLICE_X39Y55         FDCE (Prop_fdce_C_Q)         0.141     0.551 r  s_axi_rdata_reg[28]/Q
                         net (fo=0)                   0.410     0.961    s_axi_rdata[28]
                                                                      r  s_axi_rdata[28] (OUT)
  -------------------------------------------------------------------    -------------------

Slack:                    inf
  Source:                 s_axi_rdata_reg[29]/C
                            (rising edge-triggered cell FDCE clocked by aclk  {rise@0.000ns fall@5.000ns period=10.000ns})
  Destination:            s_axi_rdata[29]
                            (output port)
  Path Group:             (none)
  Path Type:              Min at Fast Process Corner
  Data Path Delay:        0.551ns  (logic 0.141ns (25.583%)  route 0.410ns (74.417%))
  Logic Levels:           0  
  Clock Uncertainty:      0.225ns  ((TSJ^2 + TIJ^2)^1/2 + DJ) / 2 + PE + UU
    Total System Jitter     (TSJ):    0.050ns
    Total Input Jitter      (TIJ):    0.000ns
    Discrete Jitter          (DJ):    0.000ns
    Phase Error              (PE):    0.000ns
    User Uncertainty         (UU):    0.200ns

    Location             Delay type                Incr(ns)  Path(ns)    Netlist Resource(s)
  -------------------------------------------------------------------    -------------------
                         (clock aclk rise edge)       0.000     0.000 r  
                                                      0.000     0.000 r  aclk (IN)
                         net (fo=939, unset)          0.410     0.410    aclk
    SLICE_X39Y56         FDCE                                         r  s_axi_rdata_reg[29]/C
  -------------------------------------------------------------------    -------------------
    SLICE_X39Y56         FDCE (Prop_fdce_C_Q)         0.141     0.551 r  s_axi_rdata_reg[29]/Q
                         net (fo=0)                   0.410     0.961    s_axi_rdata[29]
                                                                      r  s_axi_rdata[29] (OUT)
  -------------------------------------------------------------------    -------------------

Slack:                    inf
  Source:                 s_axi_rdata_reg[2]/C
                            (rising edge-triggered cell FDCE clocked by aclk  {rise@0.000ns fall@5.000ns period=10.000ns})
  Destination:            s_axi_rdata[2]
                            (output port)
  Path Group:             (none)
  Path Type:              Min at Fast Process Corner
  Data Path Delay:        0.551ns  (logic 0.141ns (25.583%)  route 0.410ns (74.417%))
  Logic Levels:           0  
  Clock Uncertainty:      0.225ns  ((TSJ^2 + TIJ^2)^1/2 + DJ) / 2 + PE + UU
    Total System Jitter     (TSJ):    0.050ns
    Total Input Jitter      (TIJ):    0.000ns
    Discrete Jitter          (DJ):    0.000ns
    Phase Error              (PE):    0.000ns
    User Uncertainty         (UU):    0.200ns

    Location             Delay type                Incr(ns)  Path(ns)    Netlist Resource(s)
  -------------------------------------------------------------------    -------------------
                         (clock aclk rise edge)       0.000     0.000 r  
                                                      0.000     0.000 r  aclk (IN)
                         net (fo=939, unset)          0.410     0.410    aclk
    SLICE_X40Y48         FDCE                                         r  s_axi_rdata_reg[2]/C
  -------------------------------------------------------------------    -------------------
    SLICE_X40Y48         FDCE (Prop_fdce_C_Q)         0.141     0.551 r  s_axi_rdata_reg[2]/Q
                         net (fo=0)                   0.410     0.961    s_axi_rdata[2]
                                                                      r  s_axi_rdata[2] (OUT)
  -------------------------------------------------------------------    -------------------





--------------------------------------------------------------------------------------
Path Group:  (none)
From Clock:  
  To Clock:  aclk

Max Delay          1461 Endpoints
Min Delay          1461 Endpoints
--------------------------------------------------------------------------------------


Max Delay Paths
--------------------------------------------------------------------------------------
Slack:                    inf
  Source:                 s_axi_wvalid
                            (input port)
  Destination:            u_tile_core/u_datapath/mul_stage_r_reg[3][0]/CLR
                            (recovery check against rising-edge clock aclk  {rise@0.000ns fall@5.000ns period=10.000ns})
  Path Group:             (none)
  Path Type:              Recovery (Max at Slow Process Corner)
  Data Path Delay:        6.191ns  (logic 0.758ns (12.244%)  route 5.433ns (87.756%))
  Logic Levels:           4  (LUT2=1 LUT4=1 LUT5=1 LUT6=1)
  Clock Path Skew:        0.924ns (DCD - SCD + CPR)
    Destination Clock Delay (DCD):    0.924ns
    Source Clock Delay      (SCD):    0.000ns
    Clock Pessimism Removal (CPR):    0.000ns
  Clock Uncertainty:      0.225ns  ((TSJ^2 + TIJ^2)^1/2 + DJ) / 2 + PE + UU
    Total System Jitter     (TSJ):    0.050ns
    Total Input Jitter      (TIJ):    0.000ns
    Discrete Jitter          (DJ):    0.000ns
    Phase Error              (PE):    0.000ns
    User Uncertainty         (UU):    0.200ns

    Location             Delay type                Incr(ns)  Path(ns)    Netlist Resource(s)
  -------------------------------------------------------------------    -------------------
                                                      0.000     0.000 f  s_axi_wvalid (IN)
                         net (fo=4, unset)            0.973     0.973    u_output_fifo/s_axi_wvalid
    SLICE_X45Y56         LUT5 (Prop_lut5_I3_O)        0.152     1.125 f  u_output_fifo/state_r[2]_i_7/O
                         net (fo=2, routed)           0.826     1.951    u_output_fifo/p_38_in
    SLICE_X44Y56         LUT6 (Prop_lut6_I3_O)        0.332     2.283 f  u_output_fifo/done_sticky_r_i_7/O
                         net (fo=6, routed)           0.616     2.899    u_output_fifo/wstrb_r_reg[0]
    SLICE_X43Y52         LUT4 (Prop_lut4_I3_O)        0.124     3.023 f  u_output_fifo/done_sticky_r_i_2/O
                         net (fo=49, routed)          0.846     3.870    u_tile_core/u_datapath/gen_acc_bank[0].u_acc/acc_o_reg[31]_0
    SLICE_X37Y53         LUT2 (Prop_lut2_I0_O)        0.150     4.020 f  u_tile_core/u_datapath/gen_acc_bank[0].u_acc/FSM_onehot_state_r[7]_i_2/O
                         net (fo=592, routed)         2.171     6.191    u_tile_core/u_datapath/aresetn_0
    SLICE_X20Y30         FDCE                                         f  u_tile_core/u_datapath/mul_stage_r_reg[3][0]/CLR
  -------------------------------------------------------------------    -------------------

                         (clock aclk rise edge)       0.000     0.000 r  
                                                      0.000     0.000 r  aclk (IN)
                         net (fo=939, unset)          0.924     0.924    u_tile_core/u_datapath/aclk
    SLICE_X20Y30         FDCE                                         r  u_tile_core/u_datapath/mul_stage_r_reg[3][0]/C

Slack:                    inf
  Source:                 s_axi_wvalid
                            (input port)
  Destination:            u_tile_core/u_datapath/mul_stage_r_reg[3][1]/CLR
                            (recovery check against rising-edge clock aclk  {rise@0.000ns fall@5.000ns period=10.000ns})
  Path Group:             (none)
  Path Type:              Recovery (Max at Slow Process Corner)
  Data Path Delay:        6.191ns  (logic 0.758ns (12.244%)  route 5.433ns (87.756%))
  Logic Levels:           4  (LUT2=1 LUT4=1 LUT5=1 LUT6=1)
  Clock Path Skew:        0.924ns (DCD - SCD + CPR)
    Destination Clock Delay (DCD):    0.924ns
    Source Clock Delay      (SCD):    0.000ns
    Clock Pessimism Removal (CPR):    0.000ns
  Clock Uncertainty:      0.225ns  ((TSJ^2 + TIJ^2)^1/2 + DJ) / 2 + PE + UU
    Total System Jitter     (TSJ):    0.050ns
    Total Input Jitter      (TIJ):    0.000ns
    Discrete Jitter          (DJ):    0.000ns
    Phase Error              (PE):    0.000ns
    User Uncertainty         (UU):    0.200ns

    Location             Delay type                Incr(ns)  Path(ns)    Netlist Resource(s)
  -------------------------------------------------------------------    -------------------
                                                      0.000     0.000 f  s_axi_wvalid (IN)
                         net (fo=4, unset)            0.973     0.973    u_output_fifo/s_axi_wvalid
    SLICE_X45Y56         LUT5 (Prop_lut5_I3_O)        0.152     1.125 f  u_output_fifo/state_r[2]_i_7/O
                         net (fo=2, routed)           0.826     1.951    u_output_fifo/p_38_in
    SLICE_X44Y56         LUT6 (Prop_lut6_I3_O)        0.332     2.283 f  u_output_fifo/done_sticky_r_i_7/O
                         net (fo=6, routed)           0.616     2.899    u_output_fifo/wstrb_r_reg[0]
    SLICE_X43Y52         LUT4 (Prop_lut4_I3_O)        0.124     3.023 f  u_output_fifo/done_sticky_r_i_2/O
                         net (fo=49, routed)          0.846     3.870    u_tile_core/u_datapath/gen_acc_bank[0].u_acc/acc_o_reg[31]_0
    SLICE_X37Y53         LUT2 (Prop_lut2_I0_O)        0.150     4.020 f  u_tile_core/u_datapath/gen_acc_bank[0].u_acc/FSM_onehot_state_r[7]_i_2/O
                         net (fo=592, routed)         2.171     6.191    u_tile_core/u_datapath/aresetn_0
    SLICE_X20Y30         FDCE                                         f  u_tile_core/u_datapath/mul_stage_r_reg[3][1]/CLR
  -------------------------------------------------------------------    -------------------

                         (clock aclk rise edge)       0.000     0.000 r  
                                                      0.000     0.000 r  aclk (IN)
                         net (fo=939, unset)          0.924     0.924    u_tile_core/u_datapath/aclk
    SLICE_X20Y30         FDCE                                         r  u_tile_core/u_datapath/mul_stage_r_reg[3][1]/C

Slack:                    inf
  Source:                 s_axi_wvalid
                            (input port)
  Destination:            u_tile_core/u_datapath/mul_stage_r_reg[3][2]/CLR
                            (recovery check against rising-edge clock aclk  {rise@0.000ns fall@5.000ns period=10.000ns})
  Path Group:             (none)
  Path Type:              Recovery (Max at Slow Process Corner)
  Data Path Delay:        6.191ns  (logic 0.758ns (12.244%)  route 5.433ns (87.756%))
  Logic Levels:           4  (LUT2=1 LUT4=1 LUT5=1 LUT6=1)
  Clock Path Skew:        0.924ns (DCD - SCD + CPR)
    Destination Clock Delay (DCD):    0.924ns
    Source Clock Delay      (SCD):    0.000ns
    Clock Pessimism Removal (CPR):    0.000ns
  Clock Uncertainty:      0.225ns  ((TSJ^2 + TIJ^2)^1/2 + DJ) / 2 + PE + UU
    Total System Jitter     (TSJ):    0.050ns
    Total Input Jitter      (TIJ):    0.000ns
    Discrete Jitter          (DJ):    0.000ns
    Phase Error              (PE):    0.000ns
    User Uncertainty         (UU):    0.200ns

    Location             Delay type                Incr(ns)  Path(ns)    Netlist Resource(s)
  -------------------------------------------------------------------    -------------------
                                                      0.000     0.000 f  s_axi_wvalid (IN)
                         net (fo=4, unset)            0.973     0.973    u_output_fifo/s_axi_wvalid
    SLICE_X45Y56         LUT5 (Prop_lut5_I3_O)        0.152     1.125 f  u_output_fifo/state_r[2]_i_7/O
                         net (fo=2, routed)           0.826     1.951    u_output_fifo/p_38_in
    SLICE_X44Y56         LUT6 (Prop_lut6_I3_O)        0.332     2.283 f  u_output_fifo/done_sticky_r_i_7/O
                         net (fo=6, routed)           0.616     2.899    u_output_fifo/wstrb_r_reg[0]
    SLICE_X43Y52         LUT4 (Prop_lut4_I3_O)        0.124     3.023 f  u_output_fifo/done_sticky_r_i_2/O
                         net (fo=49, routed)          0.846     3.870    u_tile_core/u_datapath/gen_acc_bank[0].u_acc/acc_o_reg[31]_0
    SLICE_X37Y53         LUT2 (Prop_lut2_I0_O)        0.150     4.020 f  u_tile_core/u_datapath/gen_acc_bank[0].u_acc/FSM_onehot_state_r[7]_i_2/O
                         net (fo=592, routed)         2.171     6.191    u_tile_core/u_datapath/aresetn_0
    SLICE_X20Y30         FDCE                                         f  u_tile_core/u_datapath/mul_stage_r_reg[3][2]/CLR
  -------------------------------------------------------------------    -------------------

                         (clock aclk rise edge)       0.000     0.000 r  
                                                      0.000     0.000 r  aclk (IN)
                         net (fo=939, unset)          0.924     0.924    u_tile_core/u_datapath/aclk
    SLICE_X20Y30         FDCE                                         r  u_tile_core/u_datapath/mul_stage_r_reg[3][2]/C

Slack:                    inf
  Source:                 s_axi_wvalid
                            (input port)
  Destination:            u_output_fifo/read_ptr_r_reg[0]/CE
                            (rising edge-triggered cell FDCE clocked by aclk  {rise@0.000ns fall@5.000ns period=10.000ns})
  Path Group:             (none)
  Path Type:              Setup (Max at Slow Process Corner)
  Data Path Delay:        6.107ns  (logic 0.885ns (14.492%)  route 5.222ns (85.508%))
  Logic Levels:           5  (LUT3=1 LUT4=1 LUT5=1 LUT6=2)
  Clock Path Skew:        0.924ns (DCD - SCD + CPR)
    Destination Clock Delay (DCD):    0.924ns
    Source Clock Delay      (SCD):    0.000ns
    Clock Pessimism Removal (CPR):    0.000ns
  Clock Uncertainty:      0.225ns  ((TSJ^2 + TIJ^2)^1/2 + DJ) / 2 + PE + UU
    Total System Jitter     (TSJ):    0.050ns
    Total Input Jitter      (TIJ):    0.000ns
    Discrete Jitter          (DJ):    0.000ns
    Phase Error              (PE):    0.000ns
    User Uncertainty         (UU):    0.200ns

    Location             Delay type                Incr(ns)  Path(ns)    Netlist Resource(s)
  -------------------------------------------------------------------    -------------------
                                                      0.000     0.000 r  s_axi_wvalid (IN)
                         net (fo=4, unset)            0.973     0.973    u_output_fifo/s_axi_wvalid
    SLICE_X45Y56         LUT5 (Prop_lut5_I3_O)        0.152     1.125 r  u_output_fifo/state_r[2]_i_7/O
                         net (fo=2, routed)           0.826     1.951    u_output_fifo/p_38_in
    SLICE_X44Y56         LUT6 (Prop_lut6_I3_O)        0.332     2.283 r  u_output_fifo/done_sticky_r_i_7/O
                         net (fo=6, routed)           0.616     2.899    u_output_fifo/wstrb_r_reg[0]
    SLICE_X43Y52         LUT4 (Prop_lut4_I3_O)        0.124     3.023 r  u_output_fifo/done_sticky_r_i_2/O
                         net (fo=49, routed)          0.643     3.666    u_output_fifo/s_axi_wdata[2]
    SLICE_X36Y51         LUT6 (Prop_lut6_I0_O)        0.124     3.790 r  u_output_fifo/data_mem_r_reg_0_15_30_31_i_2/O
                         net (fo=17, routed)          1.381     5.171    u_output_fifo/fifo_clear_w
    SLICE_X29Y53         LUT3 (Prop_lut3_I0_O)        0.153     5.324 r  u_output_fifo/read_ptr_r[3]_i_1/O
                         net (fo=4, routed)           0.782     6.107    u_output_fifo/read_ptr_r[3]_i_1_n_0
    SLICE_X21Y49         FDCE                                         r  u_output_fifo/read_ptr_r_reg[0]/CE
  -------------------------------------------------------------------    -------------------

                         (clock aclk rise edge)       0.000     0.000 r  
                                                      0.000     0.000 r  aclk (IN)
                         net (fo=939, unset)          0.924     0.924    u_output_fifo/aclk
    SLICE_X21Y49         FDCE                                         r  u_output_fifo/read_ptr_r_reg[0]/C

Slack:                    inf
  Source:                 s_axi_wvalid
                            (input port)
  Destination:            u_output_fifo/read_ptr_r_reg[1]/CE
                            (rising edge-triggered cell FDCE clocked by aclk  {rise@0.000ns fall@5.000ns period=10.000ns})
  Path Group:             (none)
  Path Type:              Setup (Max at Slow Process Corner)
  Data Path Delay:        6.107ns  (logic 0.885ns (14.492%)  route 5.222ns (85.508%))
  Logic Levels:           5  (LUT3=1 LUT4=1 LUT5=1 LUT6=2)
  Clock Path Skew:        0.924ns (DCD - SCD + CPR)
    Destination Clock Delay (DCD):    0.924ns
    Source Clock Delay      (SCD):    0.000ns
    Clock Pessimism Removal (CPR):    0.000ns
  Clock Uncertainty:      0.225ns  ((TSJ^2 + TIJ^2)^1/2 + DJ) / 2 + PE + UU
    Total System Jitter     (TSJ):    0.050ns
    Total Input Jitter      (TIJ):    0.000ns
    Discrete Jitter          (DJ):    0.000ns
    Phase Error              (PE):    0.000ns
    User Uncertainty         (UU):    0.200ns

    Location             Delay type                Incr(ns)  Path(ns)    Netlist Resource(s)
  -------------------------------------------------------------------    -------------------
                                                      0.000     0.000 r  s_axi_wvalid (IN)
                         net (fo=4, unset)            0.973     0.973    u_output_fifo/s_axi_wvalid
    SLICE_X45Y56         LUT5 (Prop_lut5_I3_O)        0.152     1.125 r  u_output_fifo/state_r[2]_i_7/O
                         net (fo=2, routed)           0.826     1.951    u_output_fifo/p_38_in
    SLICE_X44Y56         LUT6 (Prop_lut6_I3_O)        0.332     2.283 r  u_output_fifo/done_sticky_r_i_7/O
                         net (fo=6, routed)           0.616     2.899    u_output_fifo/wstrb_r_reg[0]
    SLICE_X43Y52         LUT4 (Prop_lut4_I3_O)        0.124     3.023 r  u_output_fifo/done_sticky_r_i_2/O
                         net (fo=49, routed)          0.643     3.666    u_output_fifo/s_axi_wdata[2]
    SLICE_X36Y51         LUT6 (Prop_lut6_I0_O)        0.124     3.790 r  u_output_fifo/data_mem_r_reg_0_15_30_31_i_2/O
                         net (fo=17, routed)          1.381     5.171    u_output_fifo/fifo_clear_w
    SLICE_X29Y53         LUT3 (Prop_lut3_I0_O)        0.153     5.324 r  u_output_fifo/read_ptr_r[3]_i_1/O
                         net (fo=4, routed)           0.782     6.107    u_output_fifo/read_ptr_r[3]_i_1_n_0
    SLICE_X21Y49         FDCE                                         r  u_output_fifo/read_ptr_r_reg[1]/CE
  -------------------------------------------------------------------    -------------------

                         (clock aclk rise edge)       0.000     0.000 r  
                                                      0.000     0.000 r  aclk (IN)
                         net (fo=939, unset)          0.924     0.924    u_output_fifo/aclk
    SLICE_X21Y49         FDCE                                         r  u_output_fifo/read_ptr_r_reg[1]/C

Slack:                    inf
  Source:                 s_axi_wvalid
                            (input port)
  Destination:            u_output_fifo/read_ptr_r_reg[2]/CE
                            (rising edge-triggered cell FDCE clocked by aclk  {rise@0.000ns fall@5.000ns period=10.000ns})
  Path Group:             (none)
  Path Type:              Setup (Max at Slow Process Corner)
  Data Path Delay:        6.107ns  (logic 0.885ns (14.492%)  route 5.222ns (85.508%))
  Logic Levels:           5  (LUT3=1 LUT4=1 LUT5=1 LUT6=2)
  Clock Path Skew:        0.924ns (DCD - SCD + CPR)
    Destination Clock Delay (DCD):    0.924ns
    Source Clock Delay      (SCD):    0.000ns
    Clock Pessimism Removal (CPR):    0.000ns
  Clock Uncertainty:      0.225ns  ((TSJ^2 + TIJ^2)^1/2 + DJ) / 2 + PE + UU
    Total System Jitter     (TSJ):    0.050ns
    Total Input Jitter      (TIJ):    0.000ns
    Discrete Jitter          (DJ):    0.000ns
    Phase Error              (PE):    0.000ns
    User Uncertainty         (UU):    0.200ns

    Location             Delay type                Incr(ns)  Path(ns)    Netlist Resource(s)
  -------------------------------------------------------------------    -------------------
                                                      0.000     0.000 r  s_axi_wvalid (IN)
                         net (fo=4, unset)            0.973     0.973    u_output_fifo/s_axi_wvalid
    SLICE_X45Y56         LUT5 (Prop_lut5_I3_O)        0.152     1.125 r  u_output_fifo/state_r[2]_i_7/O
                         net (fo=2, routed)           0.826     1.951    u_output_fifo/p_38_in
    SLICE_X44Y56         LUT6 (Prop_lut6_I3_O)        0.332     2.283 r  u_output_fifo/done_sticky_r_i_7/O
                         net (fo=6, routed)           0.616     2.899    u_output_fifo/wstrb_r_reg[0]
    SLICE_X43Y52         LUT4 (Prop_lut4_I3_O)        0.124     3.023 r  u_output_fifo/done_sticky_r_i_2/O
                         net (fo=49, routed)          0.643     3.666    u_output_fifo/s_axi_wdata[2]
    SLICE_X36Y51         LUT6 (Prop_lut6_I0_O)        0.124     3.790 r  u_output_fifo/data_mem_r_reg_0_15_30_31_i_2/O
                         net (fo=17, routed)          1.381     5.171    u_output_fifo/fifo_clear_w
    SLICE_X29Y53         LUT3 (Prop_lut3_I0_O)        0.153     5.324 r  u_output_fifo/read_ptr_r[3]_i_1/O
                         net (fo=4, routed)           0.782     6.107    u_output_fifo/read_ptr_r[3]_i_1_n_0
    SLICE_X21Y49         FDCE                                         r  u_output_fifo/read_ptr_r_reg[2]/CE
  -------------------------------------------------------------------    -------------------

                         (clock aclk rise edge)       0.000     0.000 r  
                                                      0.000     0.000 r  aclk (IN)
                         net (fo=939, unset)          0.924     0.924    u_output_fifo/aclk
    SLICE_X21Y49         FDCE                                         r  u_output_fifo/read_ptr_r_reg[2]/C

Slack:                    inf
  Source:                 s_axi_wvalid
                            (input port)
  Destination:            u_output_fifo/read_ptr_r_reg[3]/CE
                            (rising edge-triggered cell FDCE clocked by aclk  {rise@0.000ns fall@5.000ns period=10.000ns})
  Path Group:             (none)
  Path Type:              Setup (Max at Slow Process Corner)
  Data Path Delay:        6.107ns  (logic 0.885ns (14.492%)  route 5.222ns (85.508%))
  Logic Levels:           5  (LUT3=1 LUT4=1 LUT5=1 LUT6=2)
  Clock Path Skew:        0.924ns (DCD - SCD + CPR)
    Destination Clock Delay (DCD):    0.924ns
    Source Clock Delay      (SCD):    0.000ns
    Clock Pessimism Removal (CPR):    0.000ns
  Clock Uncertainty:      0.225ns  ((TSJ^2 + TIJ^2)^1/2 + DJ) / 2 + PE + UU
    Total System Jitter     (TSJ):    0.050ns
    Total Input Jitter      (TIJ):    0.000ns
    Discrete Jitter          (DJ):    0.000ns
    Phase Error              (PE):    0.000ns
    User Uncertainty         (UU):    0.200ns

    Location             Delay type                Incr(ns)  Path(ns)    Netlist Resource(s)
  -------------------------------------------------------------------    -------------------
                                                      0.000     0.000 r  s_axi_wvalid (IN)
                         net (fo=4, unset)            0.973     0.973    u_output_fifo/s_axi_wvalid
    SLICE_X45Y56         LUT5 (Prop_lut5_I3_O)        0.152     1.125 r  u_output_fifo/state_r[2]_i_7/O
                         net (fo=2, routed)           0.826     1.951    u_output_fifo/p_38_in
    SLICE_X44Y56         LUT6 (Prop_lut6_I3_O)        0.332     2.283 r  u_output_fifo/done_sticky_r_i_7/O
                         net (fo=6, routed)           0.616     2.899    u_output_fifo/wstrb_r_reg[0]
    SLICE_X43Y52         LUT4 (Prop_lut4_I3_O)        0.124     3.023 r  u_output_fifo/done_sticky_r_i_2/O
                         net (fo=49, routed)          0.643     3.666    u_output_fifo/s_axi_wdata[2]
    SLICE_X36Y51         LUT6 (Prop_lut6_I0_O)        0.124     3.790 r  u_output_fifo/data_mem_r_reg_0_15_30_31_i_2/O
                         net (fo=17, routed)          1.381     5.171    u_output_fifo/fifo_clear_w
    SLICE_X29Y53         LUT3 (Prop_lut3_I0_O)        0.153     5.324 r  u_output_fifo/read_ptr_r[3]_i_1/O
                         net (fo=4, routed)           0.782     6.107    u_output_fifo/read_ptr_r[3]_i_1_n_0
    SLICE_X21Y49         FDCE                                         r  u_output_fifo/read_ptr_r_reg[3]/CE
  -------------------------------------------------------------------    -------------------

                         (clock aclk rise edge)       0.000     0.000 r  
                                                      0.000     0.000 r  aclk (IN)
                         net (fo=939, unset)          0.924     0.924    u_output_fifo/aclk
    SLICE_X21Y49         FDCE                                         r  u_output_fifo/read_ptr_r_reg[3]/C

Slack:                    inf
  Source:                 s_axi_wvalid
                            (input port)
  Destination:            u_tile_core/u_datapath/mul_stage_r_reg[3][10]/CLR
                            (recovery check against rising-edge clock aclk  {rise@0.000ns fall@5.000ns period=10.000ns})
  Path Group:             (none)
  Path Type:              Recovery (Max at Slow Process Corner)
  Data Path Delay:        6.081ns  (logic 0.758ns (12.465%)  route 5.323ns (87.535%))
  Logic Levels:           4  (LUT2=1 LUT4=1 LUT5=1 LUT6=1)
  Clock Path Skew:        0.924ns (DCD - SCD + CPR)
    Destination Clock Delay (DCD):    0.924ns
    Source Clock Delay      (SCD):    0.000ns
    Clock Pessimism Removal (CPR):    0.000ns
  Clock Uncertainty:      0.225ns  ((TSJ^2 + TIJ^2)^1/2 + DJ) / 2 + PE + UU
    Total System Jitter     (TSJ):    0.050ns
    Total Input Jitter      (TIJ):    0.000ns
    Discrete Jitter          (DJ):    0.000ns
    Phase Error              (PE):    0.000ns
    User Uncertainty         (UU):    0.200ns

    Location             Delay type                Incr(ns)  Path(ns)    Netlist Resource(s)
  -------------------------------------------------------------------    -------------------
                                                      0.000     0.000 f  s_axi_wvalid (IN)
                         net (fo=4, unset)            0.973     0.973    u_output_fifo/s_axi_wvalid
    SLICE_X45Y56         LUT5 (Prop_lut5_I3_O)        0.152     1.125 f  u_output_fifo/state_r[2]_i_7/O
                         net (fo=2, routed)           0.826     1.951    u_output_fifo/p_38_in
    SLICE_X44Y56         LUT6 (Prop_lut6_I3_O)        0.332     2.283 f  u_output_fifo/done_sticky_r_i_7/O
                         net (fo=6, routed)           0.616     2.899    u_output_fifo/wstrb_r_reg[0]
    SLICE_X43Y52         LUT4 (Prop_lut4_I3_O)        0.124     3.023 f  u_output_fifo/done_sticky_r_i_2/O
                         net (fo=49, routed)          0.846     3.870    u_tile_core/u_datapath/gen_acc_bank[0].u_acc/acc_o_reg[31]_0
    SLICE_X37Y53         LUT2 (Prop_lut2_I0_O)        0.150     4.020 f  u_tile_core/u_datapath/gen_acc_bank[0].u_acc/FSM_onehot_state_r[7]_i_2/O
                         net (fo=592, routed)         2.062     6.081    u_tile_core/u_datapath/aresetn_0
    SLICE_X19Y32         FDCE                                         f  u_tile_core/u_datapath/mul_stage_r_reg[3][10]/CLR
  -------------------------------------------------------------------    -------------------

                         (clock aclk rise edge)       0.000     0.000 r  
                                                      0.000     0.000 r  aclk (IN)
                         net (fo=939, unset)          0.924     0.924    u_tile_core/u_datapath/aclk
    SLICE_X19Y32         FDCE                                         r  u_tile_core/u_datapath/mul_stage_r_reg[3][10]/C

Slack:                    inf
  Source:                 s_axi_wvalid
                            (input port)
  Destination:            u_tile_core/u_datapath/mul_stage_r_reg[3][11]/CLR
                            (recovery check against rising-edge clock aclk  {rise@0.000ns fall@5.000ns period=10.000ns})
  Path Group:             (none)
  Path Type:              Recovery (Max at Slow Process Corner)
  Data Path Delay:        6.081ns  (logic 0.758ns (12.465%)  route 5.323ns (87.535%))
  Logic Levels:           4  (LUT2=1 LUT4=1 LUT5=1 LUT6=1)
  Clock Path Skew:        0.924ns (DCD - SCD + CPR)
    Destination Clock Delay (DCD):    0.924ns
    Source Clock Delay      (SCD):    0.000ns
    Clock Pessimism Removal (CPR):    0.000ns
  Clock Uncertainty:      0.225ns  ((TSJ^2 + TIJ^2)^1/2 + DJ) / 2 + PE + UU
    Total System Jitter     (TSJ):    0.050ns
    Total Input Jitter      (TIJ):    0.000ns
    Discrete Jitter          (DJ):    0.000ns
    Phase Error              (PE):    0.000ns
    User Uncertainty         (UU):    0.200ns

    Location             Delay type                Incr(ns)  Path(ns)    Netlist Resource(s)
  -------------------------------------------------------------------    -------------------
                                                      0.000     0.000 f  s_axi_wvalid (IN)
                         net (fo=4, unset)            0.973     0.973    u_output_fifo/s_axi_wvalid
    SLICE_X45Y56         LUT5 (Prop_lut5_I3_O)        0.152     1.125 f  u_output_fifo/state_r[2]_i_7/O
                         net (fo=2, routed)           0.826     1.951    u_output_fifo/p_38_in
    SLICE_X44Y56         LUT6 (Prop_lut6_I3_O)        0.332     2.283 f  u_output_fifo/done_sticky_r_i_7/O
                         net (fo=6, routed)           0.616     2.899    u_output_fifo/wstrb_r_reg[0]
    SLICE_X43Y52         LUT4 (Prop_lut4_I3_O)        0.124     3.023 f  u_output_fifo/done_sticky_r_i_2/O
                         net (fo=49, routed)          0.846     3.870    u_tile_core/u_datapath/gen_acc_bank[0].u_acc/acc_o_reg[31]_0
    SLICE_X37Y53         LUT2 (Prop_lut2_I0_O)        0.150     4.020 f  u_tile_core/u_datapath/gen_acc_bank[0].u_acc/FSM_onehot_state_r[7]_i_2/O
                         net (fo=592, routed)         2.062     6.081    u_tile_core/u_datapath/aresetn_0
    SLICE_X19Y32         FDCE                                         f  u_tile_core/u_datapath/mul_stage_r_reg[3][11]/CLR
  -------------------------------------------------------------------    -------------------

                         (clock aclk rise edge)       0.000     0.000 r  
                                                      0.000     0.000 r  aclk (IN)
                         net (fo=939, unset)          0.924     0.924    u_tile_core/u_datapath/aclk
    SLICE_X19Y32         FDCE                                         r  u_tile_core/u_datapath/mul_stage_r_reg[3][11]/C

Slack:                    inf
  Source:                 s_axi_wvalid
                            (input port)
  Destination:            u_tile_core/u_datapath/mul_stage_r_reg[3][8]/CLR
                            (recovery check against rising-edge clock aclk  {rise@0.000ns fall@5.000ns period=10.000ns})
  Path Group:             (none)
  Path Type:              Recovery (Max at Slow Process Corner)
  Data Path Delay:        6.081ns  (logic 0.758ns (12.465%)  route 5.323ns (87.535%))
  Logic Levels:           4  (LUT2=1 LUT4=1 LUT5=1 LUT6=1)
  Clock Path Skew:        0.924ns (DCD - SCD + CPR)
    Destination Clock Delay (DCD):    0.924ns
    Source Clock Delay      (SCD):    0.000ns
    Clock Pessimism Removal (CPR):    0.000ns
  Clock Uncertainty:      0.225ns  ((TSJ^2 + TIJ^2)^1/2 + DJ) / 2 + PE + UU
    Total System Jitter     (TSJ):    0.050ns
    Total Input Jitter      (TIJ):    0.000ns
    Discrete Jitter          (DJ):    0.000ns
    Phase Error              (PE):    0.000ns
    User Uncertainty         (UU):    0.200ns

    Location             Delay type                Incr(ns)  Path(ns)    Netlist Resource(s)
  -------------------------------------------------------------------    -------------------
                                                      0.000     0.000 f  s_axi_wvalid (IN)
                         net (fo=4, unset)            0.973     0.973    u_output_fifo/s_axi_wvalid
    SLICE_X45Y56         LUT5 (Prop_lut5_I3_O)        0.152     1.125 f  u_output_fifo/state_r[2]_i_7/O
                         net (fo=2, routed)           0.826     1.951    u_output_fifo/p_38_in
    SLICE_X44Y56         LUT6 (Prop_lut6_I3_O)        0.332     2.283 f  u_output_fifo/done_sticky_r_i_7/O
                         net (fo=6, routed)           0.616     2.899    u_output_fifo/wstrb_r_reg[0]
    SLICE_X43Y52         LUT4 (Prop_lut4_I3_O)        0.124     3.023 f  u_output_fifo/done_sticky_r_i_2/O
                         net (fo=49, routed)          0.846     3.870    u_tile_core/u_datapath/gen_acc_bank[0].u_acc/acc_o_reg[31]_0
    SLICE_X37Y53         LUT2 (Prop_lut2_I0_O)        0.150     4.020 f  u_tile_core/u_datapath/gen_acc_bank[0].u_acc/FSM_onehot_state_r[7]_i_2/O
                         net (fo=592, routed)         2.062     6.081    u_tile_core/u_datapath/aresetn_0
    SLICE_X19Y32         FDCE                                         f  u_tile_core/u_datapath/mul_stage_r_reg[3][8]/CLR
  -------------------------------------------------------------------    -------------------

                         (clock aclk rise edge)       0.000     0.000 r  
                                                      0.000     0.000 r  aclk (IN)
                         net (fo=939, unset)          0.924     0.924    u_tile_core/u_datapath/aclk
    SLICE_X19Y32         FDCE                                         r  u_tile_core/u_datapath/mul_stage_r_reg[3][8]/C

Slack:                    inf
  Source:                 s_axi_wvalid
                            (input port)
  Destination:            u_tile_core/u_datapath/mul_stage_r_reg[3][9]/CLR
                            (recovery check against rising-edge clock aclk  {rise@0.000ns fall@5.000ns period=10.000ns})
  Path Group:             (none)
  Path Type:              Recovery (Max at Slow Process Corner)
  Data Path Delay:        6.081ns  (logic 0.758ns (12.465%)  route 5.323ns (87.535%))
  Logic Levels:           4  (LUT2=1 LUT4=1 LUT5=1 LUT6=1)
  Clock Path Skew:        0.924ns (DCD - SCD + CPR)
    Destination Clock Delay (DCD):    0.924ns
    Source Clock Delay      (SCD):    0.000ns
    Clock Pessimism Removal (CPR):    0.000ns
  Clock Uncertainty:      0.225ns  ((TSJ^2 + TIJ^2)^1/2 + DJ) / 2 + PE + UU
    Total System Jitter     (TSJ):    0.050ns
    Total Input Jitter      (TIJ):    0.000ns
    Discrete Jitter          (DJ):    0.000ns
    Phase Error              (PE):    0.000ns
    User Uncertainty         (UU):    0.200ns

    Location             Delay type                Incr(ns)  Path(ns)    Netlist Resource(s)
  -------------------------------------------------------------------    -------------------
                                                      0.000     0.000 f  s_axi_wvalid (IN)
                         net (fo=4, unset)            0.973     0.973    u_output_fifo/s_axi_wvalid
    SLICE_X45Y56         LUT5 (Prop_lut5_I3_O)        0.152     1.125 f  u_output_fifo/state_r[2]_i_7/O
                         net (fo=2, routed)           0.826     1.951    u_output_fifo/p_38_in
    SLICE_X44Y56         LUT6 (Prop_lut6_I3_O)        0.332     2.283 f  u_output_fifo/done_sticky_r_i_7/O
                         net (fo=6, routed)           0.616     2.899    u_output_fifo/wstrb_r_reg[0]
    SLICE_X43Y52         LUT4 (Prop_lut4_I3_O)        0.124     3.023 f  u_output_fifo/done_sticky_r_i_2/O
                         net (fo=49, routed)          0.846     3.870    u_tile_core/u_datapath/gen_acc_bank[0].u_acc/acc_o_reg[31]_0
    SLICE_X37Y53         LUT2 (Prop_lut2_I0_O)        0.150     4.020 f  u_tile_core/u_datapath/gen_acc_bank[0].u_acc/FSM_onehot_state_r[7]_i_2/O
                         net (fo=592, routed)         2.062     6.081    u_tile_core/u_datapath/aresetn_0
    SLICE_X19Y32         FDCE                                         f  u_tile_core/u_datapath/mul_stage_r_reg[3][9]/CLR
  -------------------------------------------------------------------    -------------------

                         (clock aclk rise edge)       0.000     0.000 r  
                                                      0.000     0.000 r  aclk (IN)
                         net (fo=939, unset)          0.924     0.924    u_tile_core/u_datapath/aclk
    SLICE_X19Y32         FDCE                                         r  u_tile_core/u_datapath/mul_stage_r_reg[3][9]/C

Slack:                    inf
  Source:                 s_axi_wvalid
                            (input port)
  Destination:            u_output_fifo/data_mem_r_reg_0_15_0_5/RAMA/WE
                            (rising edge-triggered cell RAMD32 clocked by aclk  {rise@0.000ns fall@5.000ns period=10.000ns})
  Path Group:             (none)
  Path Type:              Setup (Max at Slow Process Corner)
  Data Path Delay:        6.071ns  (logic 0.856ns (14.099%)  route 5.215ns (85.901%))
  Logic Levels:           5  (LUT4=2 LUT5=1 LUT6=2)
  Clock Path Skew:        0.924ns (DCD - SCD + CPR)
    Destination Clock Delay (DCD):    0.924ns
    Source Clock Delay      (SCD):    0.000ns
    Clock Pessimism Removal (CPR):    0.000ns
  Clock Uncertainty:      0.225ns  ((TSJ^2 + TIJ^2)^1/2 + DJ) / 2 + PE + UU
    Total System Jitter     (TSJ):    0.050ns
    Total Input Jitter      (TIJ):    0.000ns
    Discrete Jitter          (DJ):    0.000ns
    Phase Error              (PE):    0.000ns
    User Uncertainty         (UU):    0.200ns

    Location             Delay type                Incr(ns)  Path(ns)    Netlist Resource(s)
  -------------------------------------------------------------------    -------------------
                                                      0.000     0.000 f  s_axi_wvalid (IN)
                         net (fo=4, unset)            0.973     0.973    u_output_fifo/s_axi_wvalid
    SLICE_X45Y56         LUT5 (Prop_lut5_I3_O)        0.152     1.125 f  u_output_fifo/state_r[2]_i_7/O
                         net (fo=2, routed)           0.826     1.951    u_output_fifo/p_38_in
    SLICE_X44Y56         LUT6 (Prop_lut6_I3_O)        0.332     2.283 f  u_output_fifo/done_sticky_r_i_7/O
                         net (fo=6, routed)           0.616     2.899    u_output_fifo/wstrb_r_reg[0]
    SLICE_X43Y52         LUT4 (Prop_lut4_I3_O)        0.124     3.023 f  u_output_fifo/done_sticky_r_i_2/O
                         net (fo=49, routed)          0.643     3.666    u_output_fifo/s_axi_wdata[2]
    SLICE_X36Y51         LUT6 (Prop_lut6_I0_O)        0.124     3.790 f  u_output_fifo/data_mem_r_reg_0_15_30_31_i_2/O
                         net (fo=17, routed)          1.074     4.864    u_output_fifo/fifo_clear_w
    SLICE_X26Y51         LUT4 (Prop_lut4_I0_O)        0.124     4.988 r  u_output_fifo/data_mem_r_reg_0_15_30_31_i_1/O
                         net (fo=46, routed)          1.083     6.071    u_output_fifo/data_mem_r_reg_0_15_0_5/WE
    SLICE_X22Y43         RAMD32                                       r  u_output_fifo/data_mem_r_reg_0_15_0_5/RAMA/WE
  -------------------------------------------------------------------    -------------------

                         (clock aclk rise edge)       0.000     0.000 r  
                                                      0.000     0.000 r  aclk (IN)
                         net (fo=939, unset)          0.924     0.924    u_output_fifo/data_mem_r_reg_0_15_0_5/WCLK
    SLICE_X22Y43         RAMD32                                       r  u_output_fifo/data_mem_r_reg_0_15_0_5/RAMA/CLK

Slack:                    inf
  Source:                 s_axi_wvalid
                            (input port)
  Destination:            u_output_fifo/data_mem_r_reg_0_15_0_5/RAMA_D1/WE
                            (rising edge-triggered cell RAMD32 clocked by aclk  {rise@0.000ns fall@5.000ns period=10.000ns})
  Path Group:             (none)
  Path Type:              Setup (Max at Slow Process Corner)
  Data Path Delay:        6.071ns  (logic 0.856ns (14.099%)  route 5.215ns (85.901%))
  Logic Levels:           5  (LUT4=2 LUT5=1 LUT6=2)
  Clock Path Skew:        0.924ns (DCD - SCD + CPR)
    Destination Clock Delay (DCD):    0.924ns
    Source Clock Delay      (SCD):    0.000ns
    Clock Pessimism Removal (CPR):    0.000ns
  Clock Uncertainty:      0.225ns  ((TSJ^2 + TIJ^2)^1/2 + DJ) / 2 + PE + UU
    Total System Jitter     (TSJ):    0.050ns
    Total Input Jitter      (TIJ):    0.000ns
    Discrete Jitter          (DJ):    0.000ns
    Phase Error              (PE):    0.000ns
    User Uncertainty         (UU):    0.200ns

    Location             Delay type                Incr(ns)  Path(ns)    Netlist Resource(s)
  -------------------------------------------------------------------    -------------------
                                                      0.000     0.000 f  s_axi_wvalid (IN)
                         net (fo=4, unset)            0.973     0.973    u_output_fifo/s_axi_wvalid
    SLICE_X45Y56         LUT5 (Prop_lut5_I3_O)        0.152     1.125 f  u_output_fifo/state_r[2]_i_7/O
                         net (fo=2, routed)           0.826     1.951    u_output_fifo/p_38_in
    SLICE_X44Y56         LUT6 (Prop_lut6_I3_O)        0.332     2.283 f  u_output_fifo/done_sticky_r_i_7/O
                         net (fo=6, routed)           0.616     2.899    u_output_fifo/wstrb_r_reg[0]
    SLICE_X43Y52         LUT4 (Prop_lut4_I3_O)        0.124     3.023 f  u_output_fifo/done_sticky_r_i_2/O
                         net (fo=49, routed)          0.643     3.666    u_output_fifo/s_axi_wdata[2]
    SLICE_X36Y51         LUT6 (Prop_lut6_I0_O)        0.124     3.790 f  u_output_fifo/data_mem_r_reg_0_15_30_31_i_2/O
                         net (fo=17, routed)          1.074     4.864    u_output_fifo/fifo_clear_w
    SLICE_X26Y51         LUT4 (Prop_lut4_I0_O)        0.124     4.988 r  u_output_fifo/data_mem_r_reg_0_15_30_31_i_1/O
                         net (fo=46, routed)          1.083     6.071    u_output_fifo/data_mem_r_reg_0_15_0_5/WE
    SLICE_X22Y43         RAMD32                                       r  u_output_fifo/data_mem_r_reg_0_15_0_5/RAMA_D1/WE
  -------------------------------------------------------------------    -------------------

                         (clock aclk rise edge)       0.000     0.000 r  
                                                      0.000     0.000 r  aclk (IN)
                         net (fo=939, unset)          0.924     0.924    u_output_fifo/data_mem_r_reg_0_15_0_5/WCLK
    SLICE_X22Y43         RAMD32                                       r  u_output_fifo/data_mem_r_reg_0_15_0_5/RAMA_D1/CLK

Slack:                    inf
  Source:                 s_axi_wvalid
                            (input port)
  Destination:            u_output_fifo/data_mem_r_reg_0_15_0_5/RAMB/WE
                            (rising edge-triggered cell RAMD32 clocked by aclk  {rise@0.000ns fall@5.000ns period=10.000ns})
  Path Group:             (none)
  Path Type:              Setup (Max at Slow Process Corner)
  Data Path Delay:        6.071ns  (logic 0.856ns (14.099%)  route 5.215ns (85.901%))
  Logic Levels:           5  (LUT4=2 LUT5=1 LUT6=2)
  Clock Path Skew:        0.924ns (DCD - SCD + CPR)
    Destination Clock Delay (DCD):    0.924ns
    Source Clock Delay      (SCD):    0.000ns
    Clock Pessimism Removal (CPR):    0.000ns
  Clock Uncertainty:      0.225ns  ((TSJ^2 + TIJ^2)^1/2 + DJ) / 2 + PE + UU
    Total System Jitter     (TSJ):    0.050ns
    Total Input Jitter      (TIJ):    0.000ns
    Discrete Jitter          (DJ):    0.000ns
    Phase Error              (PE):    0.000ns
    User Uncertainty         (UU):    0.200ns

    Location             Delay type                Incr(ns)  Path(ns)    Netlist Resource(s)
  -------------------------------------------------------------------    -------------------
                                                      0.000     0.000 f  s_axi_wvalid (IN)
                         net (fo=4, unset)            0.973     0.973    u_output_fifo/s_axi_wvalid
    SLICE_X45Y56         LUT5 (Prop_lut5_I3_O)        0.152     1.125 f  u_output_fifo/state_r[2]_i_7/O
                         net (fo=2, routed)           0.826     1.951    u_output_fifo/p_38_in
    SLICE_X44Y56         LUT6 (Prop_lut6_I3_O)        0.332     2.283 f  u_output_fifo/done_sticky_r_i_7/O
                         net (fo=6, routed)           0.616     2.899    u_output_fifo/wstrb_r_reg[0]
    SLICE_X43Y52         LUT4 (Prop_lut4_I3_O)        0.124     3.023 f  u_output_fifo/done_sticky_r_i_2/O
                         net (fo=49, routed)          0.643     3.666    u_output_fifo/s_axi_wdata[2]
    SLICE_X36Y51         LUT6 (Prop_lut6_I0_O)        0.124     3.790 f  u_output_fifo/data_mem_r_reg_0_15_30_31_i_2/O
                         net (fo=17, routed)          1.074     4.864    u_output_fifo/fifo_clear_w
    SLICE_X26Y51         LUT4 (Prop_lut4_I0_O)        0.124     4.988 r  u_output_fifo/data_mem_r_reg_0_15_30_31_i_1/O
                         net (fo=46, routed)          1.083     6.071    u_output_fifo/data_mem_r_reg_0_15_0_5/WE
    SLICE_X22Y43         RAMD32                                       r  u_output_fifo/data_mem_r_reg_0_15_0_5/RAMB/WE
  -------------------------------------------------------------------    -------------------

                         (clock aclk rise edge)       0.000     0.000 r  
                                                      0.000     0.000 r  aclk (IN)
                         net (fo=939, unset)          0.924     0.924    u_output_fifo/data_mem_r_reg_0_15_0_5/WCLK
    SLICE_X22Y43         RAMD32                                       r  u_output_fifo/data_mem_r_reg_0_15_0_5/RAMB/CLK

Slack:                    inf
  Source:                 s_axi_wvalid
                            (input port)
  Destination:            u_output_fifo/data_mem_r_reg_0_15_0_5/RAMB_D1/WE
                            (rising edge-triggered cell RAMD32 clocked by aclk  {rise@0.000ns fall@5.000ns period=10.000ns})
  Path Group:             (none)
  Path Type:              Setup (Max at Slow Process Corner)
  Data Path Delay:        6.071ns  (logic 0.856ns (14.099%)  route 5.215ns (85.901%))
  Logic Levels:           5  (LUT4=2 LUT5=1 LUT6=2)
  Clock Path Skew:        0.924ns (DCD - SCD + CPR)
    Destination Clock Delay (DCD):    0.924ns
    Source Clock Delay      (SCD):    0.000ns
    Clock Pessimism Removal (CPR):    0.000ns
  Clock Uncertainty:      0.225ns  ((TSJ^2 + TIJ^2)^1/2 + DJ) / 2 + PE + UU
    Total System Jitter     (TSJ):    0.050ns
    Total Input Jitter      (TIJ):    0.000ns
    Discrete Jitter          (DJ):    0.000ns
    Phase Error              (PE):    0.000ns
    User Uncertainty         (UU):    0.200ns

    Location             Delay type                Incr(ns)  Path(ns)    Netlist Resource(s)
  -------------------------------------------------------------------    -------------------
                                                      0.000     0.000 f  s_axi_wvalid (IN)
                         net (fo=4, unset)            0.973     0.973    u_output_fifo/s_axi_wvalid
    SLICE_X45Y56         LUT5 (Prop_lut5_I3_O)        0.152     1.125 f  u_output_fifo/state_r[2]_i_7/O
                         net (fo=2, routed)           0.826     1.951    u_output_fifo/p_38_in
    SLICE_X44Y56         LUT6 (Prop_lut6_I3_O)        0.332     2.283 f  u_output_fifo/done_sticky_r_i_7/O
                         net (fo=6, routed)           0.616     2.899    u_output_fifo/wstrb_r_reg[0]
    SLICE_X43Y52         LUT4 (Prop_lut4_I3_O)        0.124     3.023 f  u_output_fifo/done_sticky_r_i_2/O
                         net (fo=49, routed)          0.643     3.666    u_output_fifo/s_axi_wdata[2]
    SLICE_X36Y51         LUT6 (Prop_lut6_I0_O)        0.124     3.790 f  u_output_fifo/data_mem_r_reg_0_15_30_31_i_2/O
                         net (fo=17, routed)          1.074     4.864    u_output_fifo/fifo_clear_w
    SLICE_X26Y51         LUT4 (Prop_lut4_I0_O)        0.124     4.988 r  u_output_fifo/data_mem_r_reg_0_15_30_31_i_1/O
                         net (fo=46, routed)          1.083     6.071    u_output_fifo/data_mem_r_reg_0_15_0_5/WE
    SLICE_X22Y43         RAMD32                                       r  u_output_fifo/data_mem_r_reg_0_15_0_5/RAMB_D1/WE
  -------------------------------------------------------------------    -------------------

                         (clock aclk rise edge)       0.000     0.000 r  
                                                      0.000     0.000 r  aclk (IN)
                         net (fo=939, unset)          0.924     0.924    u_output_fifo/data_mem_r_reg_0_15_0_5/WCLK
    SLICE_X22Y43         RAMD32                                       r  u_output_fifo/data_mem_r_reg_0_15_0_5/RAMB_D1/CLK

Slack:                    inf
  Source:                 s_axi_wvalid
                            (input port)
  Destination:            u_output_fifo/data_mem_r_reg_0_15_0_5/RAMC/WE
                            (rising edge-triggered cell RAMD32 clocked by aclk  {rise@0.000ns fall@5.000ns period=10.000ns})
  Path Group:             (none)
  Path Type:              Setup (Max at Slow Process Corner)
  Data Path Delay:        6.071ns  (logic 0.856ns (14.099%)  route 5.215ns (85.901%))
  Logic Levels:           5  (LUT4=2 LUT5=1 LUT6=2)
  Clock Path Skew:        0.924ns (DCD - SCD + CPR)
    Destination Clock Delay (DCD):    0.924ns
    Source Clock Delay      (SCD):    0.000ns
    Clock Pessimism Removal (CPR):    0.000ns
  Clock Uncertainty:      0.225ns  ((TSJ^2 + TIJ^2)^1/2 + DJ) / 2 + PE + UU
    Total System Jitter     (TSJ):    0.050ns
    Total Input Jitter      (TIJ):    0.000ns
    Discrete Jitter          (DJ):    0.000ns
    Phase Error              (PE):    0.000ns
    User Uncertainty         (UU):    0.200ns

    Location             Delay type                Incr(ns)  Path(ns)    Netlist Resource(s)
  -------------------------------------------------------------------    -------------------
                                                      0.000     0.000 f  s_axi_wvalid (IN)
                         net (fo=4, unset)            0.973     0.973    u_output_fifo/s_axi_wvalid
    SLICE_X45Y56         LUT5 (Prop_lut5_I3_O)        0.152     1.125 f  u_output_fifo/state_r[2]_i_7/O
                         net (fo=2, routed)           0.826     1.951    u_output_fifo/p_38_in
    SLICE_X44Y56         LUT6 (Prop_lut6_I3_O)        0.332     2.283 f  u_output_fifo/done_sticky_r_i_7/O
                         net (fo=6, routed)           0.616     2.899    u_output_fifo/wstrb_r_reg[0]
    SLICE_X43Y52         LUT4 (Prop_lut4_I3_O)        0.124     3.023 f  u_output_fifo/done_sticky_r_i_2/O
                         net (fo=49, routed)          0.643     3.666    u_output_fifo/s_axi_wdata[2]
    SLICE_X36Y51         LUT6 (Prop_lut6_I0_O)        0.124     3.790 f  u_output_fifo/data_mem_r_reg_0_15_30_31_i_2/O
                         net (fo=17, routed)          1.074     4.864    u_output_fifo/fifo_clear_w
    SLICE_X26Y51         LUT4 (Prop_lut4_I0_O)        0.124     4.988 r  u_output_fifo/data_mem_r_reg_0_15_30_31_i_1/O
                         net (fo=46, routed)          1.083     6.071    u_output_fifo/data_mem_r_reg_0_15_0_5/WE
    SLICE_X22Y43         RAMD32                                       r  u_output_fifo/data_mem_r_reg_0_15_0_5/RAMC/WE
  -------------------------------------------------------------------    -------------------

                         (clock aclk rise edge)       0.000     0.000 r  
                                                      0.000     0.000 r  aclk (IN)
                         net (fo=939, unset)          0.924     0.924    u_output_fifo/data_mem_r_reg_0_15_0_5/WCLK
    SLICE_X22Y43         RAMD32                                       r  u_output_fifo/data_mem_r_reg_0_15_0_5/RAMC/CLK

Slack:                    inf
  Source:                 s_axi_wvalid
                            (input port)
  Destination:            u_output_fifo/data_mem_r_reg_0_15_0_5/RAMC_D1/WE
                            (rising edge-triggered cell RAMD32 clocked by aclk  {rise@0.000ns fall@5.000ns period=10.000ns})
  Path Group:             (none)
  Path Type:              Setup (Max at Slow Process Corner)
  Data Path Delay:        6.071ns  (logic 0.856ns (14.099%)  route 5.215ns (85.901%))
  Logic Levels:           5  (LUT4=2 LUT5=1 LUT6=2)
  Clock Path Skew:        0.924ns (DCD - SCD + CPR)
    Destination Clock Delay (DCD):    0.924ns
    Source Clock Delay      (SCD):    0.000ns
    Clock Pessimism Removal (CPR):    0.000ns
  Clock Uncertainty:      0.225ns  ((TSJ^2 + TIJ^2)^1/2 + DJ) / 2 + PE + UU
    Total System Jitter     (TSJ):    0.050ns
    Total Input Jitter      (TIJ):    0.000ns
    Discrete Jitter          (DJ):    0.000ns
    Phase Error              (PE):    0.000ns
    User Uncertainty         (UU):    0.200ns

    Location             Delay type                Incr(ns)  Path(ns)    Netlist Resource(s)
  -------------------------------------------------------------------    -------------------
                                                      0.000     0.000 f  s_axi_wvalid (IN)
                         net (fo=4, unset)            0.973     0.973    u_output_fifo/s_axi_wvalid
    SLICE_X45Y56         LUT5 (Prop_lut5_I3_O)        0.152     1.125 f  u_output_fifo/state_r[2]_i_7/O
                         net (fo=2, routed)           0.826     1.951    u_output_fifo/p_38_in
    SLICE_X44Y56         LUT6 (Prop_lut6_I3_O)        0.332     2.283 f  u_output_fifo/done_sticky_r_i_7/O
                         net (fo=6, routed)           0.616     2.899    u_output_fifo/wstrb_r_reg[0]
    SLICE_X43Y52         LUT4 (Prop_lut4_I3_O)        0.124     3.023 f  u_output_fifo/done_sticky_r_i_2/O
                         net (fo=49, routed)          0.643     3.666    u_output_fifo/s_axi_wdata[2]
    SLICE_X36Y51         LUT6 (Prop_lut6_I0_O)        0.124     3.790 f  u_output_fifo/data_mem_r_reg_0_15_30_31_i_2/O
                         net (fo=17, routed)          1.074     4.864    u_output_fifo/fifo_clear_w
    SLICE_X26Y51         LUT4 (Prop_lut4_I0_O)        0.124     4.988 r  u_output_fifo/data_mem_r_reg_0_15_30_31_i_1/O
                         net (fo=46, routed)          1.083     6.071    u_output_fifo/data_mem_r_reg_0_15_0_5/WE
    SLICE_X22Y43         RAMD32                                       r  u_output_fifo/data_mem_r_reg_0_15_0_5/RAMC_D1/WE
  -------------------------------------------------------------------    -------------------

                         (clock aclk rise edge)       0.000     0.000 r  
                                                      0.000     0.000 r  aclk (IN)
                         net (fo=939, unset)          0.924     0.924    u_output_fifo/data_mem_r_reg_0_15_0_5/WCLK
    SLICE_X22Y43         RAMD32                                       r  u_output_fifo/data_mem_r_reg_0_15_0_5/RAMC_D1/CLK

Slack:                    inf
  Source:                 s_axi_wvalid
                            (input port)
  Destination:            u_output_fifo/data_mem_r_reg_0_15_0_5/RAMD/WE
                            (rising edge-triggered cell RAMS32 clocked by aclk  {rise@0.000ns fall@5.000ns period=10.000ns})
  Path Group:             (none)
  Path Type:              Setup (Max at Slow Process Corner)
  Data Path Delay:        6.071ns  (logic 0.856ns (14.099%)  route 5.215ns (85.901%))
  Logic Levels:           5  (LUT4=2 LUT5=1 LUT6=2)
  Clock Path Skew:        0.924ns (DCD - SCD + CPR)
    Destination Clock Delay (DCD):    0.924ns
    Source Clock Delay      (SCD):    0.000ns
    Clock Pessimism Removal (CPR):    0.000ns
  Clock Uncertainty:      0.225ns  ((TSJ^2 + TIJ^2)^1/2 + DJ) / 2 + PE + UU
    Total System Jitter     (TSJ):    0.050ns
    Total Input Jitter      (TIJ):    0.000ns
    Discrete Jitter          (DJ):    0.000ns
    Phase Error              (PE):    0.000ns
    User Uncertainty         (UU):    0.200ns

    Location             Delay type                Incr(ns)  Path(ns)    Netlist Resource(s)
  -------------------------------------------------------------------    -------------------
                                                      0.000     0.000 f  s_axi_wvalid (IN)
                         net (fo=4, unset)            0.973     0.973    u_output_fifo/s_axi_wvalid
    SLICE_X45Y56         LUT5 (Prop_lut5_I3_O)        0.152     1.125 f  u_output_fifo/state_r[2]_i_7/O
                         net (fo=2, routed)           0.826     1.951    u_output_fifo/p_38_in
    SLICE_X44Y56         LUT6 (Prop_lut6_I3_O)        0.332     2.283 f  u_output_fifo/done_sticky_r_i_7/O
                         net (fo=6, routed)           0.616     2.899    u_output_fifo/wstrb_r_reg[0]
    SLICE_X43Y52         LUT4 (Prop_lut4_I3_O)        0.124     3.023 f  u_output_fifo/done_sticky_r_i_2/O
                         net (fo=49, routed)          0.643     3.666    u_output_fifo/s_axi_wdata[2]
    SLICE_X36Y51         LUT6 (Prop_lut6_I0_O)        0.124     3.790 f  u_output_fifo/data_mem_r_reg_0_15_30_31_i_2/O
                         net (fo=17, routed)          1.074     4.864    u_output_fifo/fifo_clear_w
    SLICE_X26Y51         LUT4 (Prop_lut4_I0_O)        0.124     4.988 r  u_output_fifo/data_mem_r_reg_0_15_30_31_i_1/O
                         net (fo=46, routed)          1.083     6.071    u_output_fifo/data_mem_r_reg_0_15_0_5/WE
    SLICE_X22Y43         RAMS32                                       r  u_output_fifo/data_mem_r_reg_0_15_0_5/RAMD/WE
  -------------------------------------------------------------------    -------------------

                         (clock aclk rise edge)       0.000     0.000 r  
                                                      0.000     0.000 r  aclk (IN)
                         net (fo=939, unset)          0.924     0.924    u_output_fifo/data_mem_r_reg_0_15_0_5/WCLK
    SLICE_X22Y43         RAMS32                                       r  u_output_fifo/data_mem_r_reg_0_15_0_5/RAMD/CLK

Slack:                    inf
  Source:                 s_axi_wvalid
                            (input port)
  Destination:            u_output_fifo/data_mem_r_reg_0_15_0_5/RAMD_D1/WE
                            (rising edge-triggered cell RAMS32 clocked by aclk  {rise@0.000ns fall@5.000ns period=10.000ns})
  Path Group:             (none)
  Path Type:              Setup (Max at Slow Process Corner)
  Data Path Delay:        6.071ns  (logic 0.856ns (14.099%)  route 5.215ns (85.901%))
  Logic Levels:           5  (LUT4=2 LUT5=1 LUT6=2)
  Clock Path Skew:        0.924ns (DCD - SCD + CPR)
    Destination Clock Delay (DCD):    0.924ns
    Source Clock Delay      (SCD):    0.000ns
    Clock Pessimism Removal (CPR):    0.000ns
  Clock Uncertainty:      0.225ns  ((TSJ^2 + TIJ^2)^1/2 + DJ) / 2 + PE + UU
    Total System Jitter     (TSJ):    0.050ns
    Total Input Jitter      (TIJ):    0.000ns
    Discrete Jitter          (DJ):    0.000ns
    Phase Error              (PE):    0.000ns
    User Uncertainty         (UU):    0.200ns

    Location             Delay type                Incr(ns)  Path(ns)    Netlist Resource(s)
  -------------------------------------------------------------------    -------------------
                                                      0.000     0.000 f  s_axi_wvalid (IN)
                         net (fo=4, unset)            0.973     0.973    u_output_fifo/s_axi_wvalid
    SLICE_X45Y56         LUT5 (Prop_lut5_I3_O)        0.152     1.125 f  u_output_fifo/state_r[2]_i_7/O
                         net (fo=2, routed)           0.826     1.951    u_output_fifo/p_38_in
    SLICE_X44Y56         LUT6 (Prop_lut6_I3_O)        0.332     2.283 f  u_output_fifo/done_sticky_r_i_7/O
                         net (fo=6, routed)           0.616     2.899    u_output_fifo/wstrb_r_reg[0]
    SLICE_X43Y52         LUT4 (Prop_lut4_I3_O)        0.124     3.023 f  u_output_fifo/done_sticky_r_i_2/O
                         net (fo=49, routed)          0.643     3.666    u_output_fifo/s_axi_wdata[2]
    SLICE_X36Y51         LUT6 (Prop_lut6_I0_O)        0.124     3.790 f  u_output_fifo/data_mem_r_reg_0_15_30_31_i_2/O
                         net (fo=17, routed)          1.074     4.864    u_output_fifo/fifo_clear_w
    SLICE_X26Y51         LUT4 (Prop_lut4_I0_O)        0.124     4.988 r  u_output_fifo/data_mem_r_reg_0_15_30_31_i_1/O
                         net (fo=46, routed)          1.083     6.071    u_output_fifo/data_mem_r_reg_0_15_0_5/WE
    SLICE_X22Y43         RAMS32                                       r  u_output_fifo/data_mem_r_reg_0_15_0_5/RAMD_D1/WE
  -------------------------------------------------------------------    -------------------

                         (clock aclk rise edge)       0.000     0.000 r  
                                                      0.000     0.000 r  aclk (IN)
                         net (fo=939, unset)          0.924     0.924    u_output_fifo/data_mem_r_reg_0_15_0_5/WCLK
    SLICE_X22Y43         RAMS32                                       r  u_output_fifo/data_mem_r_reg_0_15_0_5/RAMD_D1/CLK

Slack:                    inf
  Source:                 s_axi_wvalid
                            (input port)
  Destination:            u_psum_buffer/bias_r_reg[0]/CLR
                            (recovery check against rising-edge clock aclk  {rise@0.000ns fall@5.000ns period=10.000ns})
  Path Group:             (none)
  Path Type:              Recovery (Max at Slow Process Corner)
  Data Path Delay:        6.004ns  (logic 0.758ns (12.626%)  route 5.246ns (87.374%))
  Logic Levels:           4  (LUT2=1 LUT4=1 LUT5=1 LUT6=1)
  Clock Path Skew:        0.924ns (DCD - SCD + CPR)
    Destination Clock Delay (DCD):    0.924ns
    Source Clock Delay      (SCD):    0.000ns
    Clock Pessimism Removal (CPR):    0.000ns
  Clock Uncertainty:      0.225ns  ((TSJ^2 + TIJ^2)^1/2 + DJ) / 2 + PE + UU
    Total System Jitter     (TSJ):    0.050ns
    Total Input Jitter      (TIJ):    0.000ns
    Discrete Jitter          (DJ):    0.000ns
    Phase Error              (PE):    0.000ns
    User Uncertainty         (UU):    0.200ns

    Location             Delay type                Incr(ns)  Path(ns)    Netlist Resource(s)
  -------------------------------------------------------------------    -------------------
                                                      0.000     0.000 f  s_axi_wvalid (IN)
                         net (fo=4, unset)            0.973     0.973    u_output_fifo/s_axi_wvalid
    SLICE_X45Y56         LUT5 (Prop_lut5_I3_O)        0.152     1.125 f  u_output_fifo/state_r[2]_i_7/O
                         net (fo=2, routed)           0.826     1.951    u_output_fifo/p_38_in
    SLICE_X44Y56         LUT6 (Prop_lut6_I3_O)        0.332     2.283 f  u_output_fifo/done_sticky_r_i_7/O
                         net (fo=6, routed)           0.616     2.899    u_output_fifo/wstrb_r_reg[0]
    SLICE_X43Y52         LUT4 (Prop_lut4_I3_O)        0.124     3.023 f  u_output_fifo/done_sticky_r_i_2/O
                         net (fo=49, routed)          0.846     3.870    u_tile_core/u_datapath/gen_acc_bank[0].u_acc/acc_o_reg[31]_0
    SLICE_X37Y53         LUT2 (Prop_lut2_I0_O)        0.150     4.020 f  u_tile_core/u_datapath/gen_acc_bank[0].u_acc/FSM_onehot_state_r[7]_i_2/O
                         net (fo=592, routed)         1.984     6.004    u_psum_buffer/result_last_r_reg_0
    SLICE_X21Y43         FDCE                                         f  u_psum_buffer/bias_r_reg[0]/CLR
  -------------------------------------------------------------------    -------------------

                         (clock aclk rise edge)       0.000     0.000 r  
                                                      0.000     0.000 r  aclk (IN)
                         net (fo=939, unset)          0.924     0.924    u_psum_buffer/aclk
    SLICE_X21Y43         FDCE                                         r  u_psum_buffer/bias_r_reg[0]/C





Min Delay Paths
--------------------------------------------------------------------------------------
Slack:                    inf
  Source:                 s_axi_awaddr[2]
                            (input port)
  Destination:            awaddr_r_reg[2]/D
                            (rising edge-triggered cell FDCE clocked by aclk  {rise@0.000ns fall@5.000ns period=10.000ns})
  Path Group:             (none)
  Path Type:              Hold (Min at Fast Process Corner)
  Data Path Delay:        0.410ns  (logic 0.000ns (0.000%)  route 0.410ns (100.000%))
  Logic Levels:           0  
  Clock Path Skew:        0.432ns (DCD - SCD - CPR)
    Destination Clock Delay (DCD):    0.432ns
    Source Clock Delay      (SCD):    0.000ns
    Clock Pessimism Removal (CPR):    -0.000ns

    Location             Delay type                Incr(ns)  Path(ns)    Netlist Resource(s)
  -------------------------------------------------------------------    -------------------
                                                      0.000     0.000 r  s_axi_awaddr[2] (IN)
                         net (fo=1, unset)            0.410     0.410    s_axi_awaddr[2]
    SLICE_X44Y56         FDCE                                         r  awaddr_r_reg[2]/D
  -------------------------------------------------------------------    -------------------

                         (clock aclk rise edge)       0.000     0.000 r  
                                                      0.000     0.000 r  aclk (IN)
                         net (fo=939, unset)          0.432     0.432    aclk
    SLICE_X44Y56         FDCE                                         r  awaddr_r_reg[2]/C

Slack:                    inf
  Source:                 s_axi_awaddr[3]
                            (input port)
  Destination:            awaddr_r_reg[3]/D
                            (rising edge-triggered cell FDCE clocked by aclk  {rise@0.000ns fall@5.000ns period=10.000ns})
  Path Group:             (none)
  Path Type:              Hold (Min at Fast Process Corner)
  Data Path Delay:        0.410ns  (logic 0.000ns (0.000%)  route 0.410ns (100.000%))
  Logic Levels:           0  
  Clock Path Skew:        0.432ns (DCD - SCD - CPR)
    Destination Clock Delay (DCD):    0.432ns
    Source Clock Delay      (SCD):    0.000ns
    Clock Pessimism Removal (CPR):    -0.000ns

    Location             Delay type                Incr(ns)  Path(ns)    Netlist Resource(s)
  -------------------------------------------------------------------    -------------------
                                                      0.000     0.000 r  s_axi_awaddr[3] (IN)
                         net (fo=1, unset)            0.410     0.410    s_axi_awaddr[3]
    SLICE_X44Y56         FDCE                                         r  awaddr_r_reg[3]/D
  -------------------------------------------------------------------    -------------------

                         (clock aclk rise edge)       0.000     0.000 r  
                                                      0.000     0.000 r  aclk (IN)
                         net (fo=939, unset)          0.432     0.432    aclk
    SLICE_X44Y56         FDCE                                         r  awaddr_r_reg[3]/C

Slack:                    inf
  Source:                 s_axi_awaddr[4]
                            (input port)
  Destination:            awaddr_r_reg[4]/D
                            (rising edge-triggered cell FDCE clocked by aclk  {rise@0.000ns fall@5.000ns period=10.000ns})
  Path Group:             (none)
  Path Type:              Hold (Min at Fast Process Corner)
  Data Path Delay:        0.410ns  (logic 0.000ns (0.000%)  route 0.410ns (100.000%))
  Logic Levels:           0  
  Clock Path Skew:        0.432ns (DCD - SCD - CPR)
    Destination Clock Delay (DCD):    0.432ns
    Source Clock Delay      (SCD):    0.000ns
    Clock Pessimism Removal (CPR):    -0.000ns

    Location             Delay type                Incr(ns)  Path(ns)    Netlist Resource(s)
  -------------------------------------------------------------------    -------------------
                                                      0.000     0.000 r  s_axi_awaddr[4] (IN)
                         net (fo=2, unset)            0.410     0.410    s_axi_awaddr[4]
    SLICE_X44Y56         FDCE                                         r  awaddr_r_reg[4]/D
  -------------------------------------------------------------------    -------------------

                         (clock aclk rise edge)       0.000     0.000 r  
                                                      0.000     0.000 r  aclk (IN)
                         net (fo=939, unset)          0.432     0.432    aclk
    SLICE_X44Y56         FDCE                                         r  awaddr_r_reg[4]/C

Slack:                    inf
  Source:                 s_axi_awaddr[5]
                            (input port)
  Destination:            awaddr_r_reg[5]/D
                            (rising edge-triggered cell FDCE clocked by aclk  {rise@0.000ns fall@5.000ns period=10.000ns})
  Path Group:             (none)
  Path Type:              Hold (Min at Fast Process Corner)
  Data Path Delay:        0.410ns  (logic 0.000ns (0.000%)  route 0.410ns (100.000%))
  Logic Levels:           0  
  Clock Path Skew:        0.432ns (DCD - SCD - CPR)
    Destination Clock Delay (DCD):    0.432ns
    Source Clock Delay      (SCD):    0.000ns
    Clock Pessimism Removal (CPR):    -0.000ns

    Location             Delay type                Incr(ns)  Path(ns)    Netlist Resource(s)
  -------------------------------------------------------------------    -------------------
                                                      0.000     0.000 r  s_axi_awaddr[5] (IN)
                         net (fo=2, unset)            0.410     0.410    s_axi_awaddr[5]
    SLICE_X44Y56         FDCE                                         r  awaddr_r_reg[5]/D
  -------------------------------------------------------------------    -------------------

                         (clock aclk rise edge)       0.000     0.000 r  
                                                      0.000     0.000 r  aclk (IN)
                         net (fo=939, unset)          0.432     0.432    aclk
    SLICE_X44Y56         FDCE                                         r  awaddr_r_reg[5]/C

Slack:                    inf
  Source:                 s_axis_tdata[0]
                            (input port)
  Destination:            layer_bias_r_reg[0]/D
                            (rising edge-triggered cell FDCE clocked by aclk  {rise@0.000ns fall@5.000ns period=10.000ns})
  Path Group:             (none)
  Path Type:              Hold (Min at Fast Process Corner)
  Data Path Delay:        0.410ns  (logic 0.000ns (0.000%)  route 0.410ns (100.000%))
  Logic Levels:           0  
  Clock Path Skew:        0.432ns (DCD - SCD - CPR)
    Destination Clock Delay (DCD):    0.432ns
    Source Clock Delay      (SCD):    0.000ns
    Clock Pessimism Removal (CPR):    -0.000ns

    Location             Delay type                Incr(ns)  Path(ns)    Netlist Resource(s)
  -------------------------------------------------------------------    -------------------
                                                      0.000     0.000 r  s_axis_tdata[0] (IN)
                         net (fo=12, unset)           0.410     0.410    s_axis_tdata[0]
    SLICE_X20Y43         FDCE                                         r  layer_bias_r_reg[0]/D
  -------------------------------------------------------------------    -------------------

                         (clock aclk rise edge)       0.000     0.000 r  
                                                      0.000     0.000 r  aclk (IN)
                         net (fo=939, unset)          0.432     0.432    aclk
    SLICE_X20Y43         FDCE                                         r  layer_bias_r_reg[0]/C

Slack:                    inf
  Source:                 s_axis_tdata[10]
                            (input port)
  Destination:            layer_bias_r_reg[10]/D
                            (rising edge-triggered cell FDCE clocked by aclk  {rise@0.000ns fall@5.000ns period=10.000ns})
  Path Group:             (none)
  Path Type:              Hold (Min at Fast Process Corner)
  Data Path Delay:        0.410ns  (logic 0.000ns (0.000%)  route 0.410ns (100.000%))
  Logic Levels:           0  
  Clock Path Skew:        0.432ns (DCD - SCD - CPR)
    Destination Clock Delay (DCD):    0.432ns
    Source Clock Delay      (SCD):    0.000ns
    Clock Pessimism Removal (CPR):    -0.000ns

    Location             Delay type                Incr(ns)  Path(ns)    Netlist Resource(s)
  -------------------------------------------------------------------    -------------------
                                                      0.000     0.000 r  s_axis_tdata[10] (IN)
                         net (fo=0)                   0.410     0.410    s_axis_tdata[10]
    SLICE_X20Y44         FDCE                                         r  layer_bias_r_reg[10]/D
  -------------------------------------------------------------------    -------------------

                         (clock aclk rise edge)       0.000     0.000 r  
                                                      0.000     0.000 r  aclk (IN)
                         net (fo=939, unset)          0.432     0.432    aclk
    SLICE_X20Y44         FDCE                                         r  layer_bias_r_reg[10]/C

Slack:                    inf
  Source:                 s_axis_tdata[11]
                            (input port)
  Destination:            layer_bias_r_reg[11]/D
                            (rising edge-triggered cell FDCE clocked by aclk  {rise@0.000ns fall@5.000ns period=10.000ns})
  Path Group:             (none)
  Path Type:              Hold (Min at Fast Process Corner)
  Data Path Delay:        0.410ns  (logic 0.000ns (0.000%)  route 0.410ns (100.000%))
  Logic Levels:           0  
  Clock Path Skew:        0.432ns (DCD - SCD - CPR)
    Destination Clock Delay (DCD):    0.432ns
    Source Clock Delay      (SCD):    0.000ns
    Clock Pessimism Removal (CPR):    -0.000ns

    Location             Delay type                Incr(ns)  Path(ns)    Netlist Resource(s)
  -------------------------------------------------------------------    -------------------
                                                      0.000     0.000 r  s_axis_tdata[11] (IN)
                         net (fo=0)                   0.410     0.410    s_axis_tdata[11]
    SLICE_X20Y44         FDCE                                         r  layer_bias_r_reg[11]/D
  -------------------------------------------------------------------    -------------------

                         (clock aclk rise edge)       0.000     0.000 r  
                                                      0.000     0.000 r  aclk (IN)
                         net (fo=939, unset)          0.432     0.432    aclk
    SLICE_X20Y44         FDCE                                         r  layer_bias_r_reg[11]/C

Slack:                    inf
  Source:                 s_axis_tdata[12]
                            (input port)
  Destination:            layer_bias_r_reg[12]/D
                            (rising edge-triggered cell FDCE clocked by aclk  {rise@0.000ns fall@5.000ns period=10.000ns})
  Path Group:             (none)
  Path Type:              Hold (Min at Fast Process Corner)
  Data Path Delay:        0.410ns  (logic 0.000ns (0.000%)  route 0.410ns (100.000%))
  Logic Levels:           0  
  Clock Path Skew:        0.432ns (DCD - SCD - CPR)
    Destination Clock Delay (DCD):    0.432ns
    Source Clock Delay      (SCD):    0.000ns
    Clock Pessimism Removal (CPR):    -0.000ns

    Location             Delay type                Incr(ns)  Path(ns)    Netlist Resource(s)
  -------------------------------------------------------------------    -------------------
                                                      0.000     0.000 r  s_axis_tdata[12] (IN)
                         net (fo=0)                   0.410     0.410    s_axis_tdata[12]
    SLICE_X20Y46         FDCE                                         r  layer_bias_r_reg[12]/D
  -------------------------------------------------------------------    -------------------

                         (clock aclk rise edge)       0.000     0.000 r  
                                                      0.000     0.000 r  aclk (IN)
                         net (fo=939, unset)          0.432     0.432    aclk
    SLICE_X20Y46         FDCE                                         r  layer_bias_r_reg[12]/C

Slack:                    inf
  Source:                 s_axis_tdata[13]
                            (input port)
  Destination:            layer_bias_r_reg[13]/D
                            (rising edge-triggered cell FDCE clocked by aclk  {rise@0.000ns fall@5.000ns period=10.000ns})
  Path Group:             (none)
  Path Type:              Hold (Min at Fast Process Corner)
  Data Path Delay:        0.410ns  (logic 0.000ns (0.000%)  route 0.410ns (100.000%))
  Logic Levels:           0  
  Clock Path Skew:        0.432ns (DCD - SCD - CPR)
    Destination Clock Delay (DCD):    0.432ns
    Source Clock Delay      (SCD):    0.000ns
    Clock Pessimism Removal (CPR):    -0.000ns

    Location             Delay type                Incr(ns)  Path(ns)    Netlist Resource(s)
  -------------------------------------------------------------------    -------------------
                                                      0.000     0.000 r  s_axis_tdata[13] (IN)
                         net (fo=0)                   0.410     0.410    s_axis_tdata[13]
    SLICE_X31Y45         FDCE                                         r  layer_bias_r_reg[13]/D
  -------------------------------------------------------------------    -------------------

                         (clock aclk rise edge)       0.000     0.000 r  
                                                      0.000     0.000 r  aclk (IN)
                         net (fo=939, unset)          0.432     0.432    aclk
    SLICE_X31Y45         FDCE                                         r  layer_bias_r_reg[13]/C

Slack:                    inf
  Source:                 s_axis_tdata[14]
                            (input port)
  Destination:            layer_bias_r_reg[14]/D
                            (rising edge-triggered cell FDCE clocked by aclk  {rise@0.000ns fall@5.000ns period=10.000ns})
  Path Group:             (none)
  Path Type:              Hold (Min at Fast Process Corner)
  Data Path Delay:        0.410ns  (logic 0.000ns (0.000%)  route 0.410ns (100.000%))
  Logic Levels:           0  
  Clock Path Skew:        0.432ns (DCD - SCD - CPR)
    Destination Clock Delay (DCD):    0.432ns
    Source Clock Delay      (SCD):    0.000ns
    Clock Pessimism Removal (CPR):    -0.000ns

    Location             Delay type                Incr(ns)  Path(ns)    Netlist Resource(s)
  -------------------------------------------------------------------    -------------------
                                                      0.000     0.000 r  s_axis_tdata[14] (IN)
                         net (fo=0)                   0.410     0.410    s_axis_tdata[14]
    SLICE_X28Y48         FDCE                                         r  layer_bias_r_reg[14]/D
  -------------------------------------------------------------------    -------------------

                         (clock aclk rise edge)       0.000     0.000 r  
                                                      0.000     0.000 r  aclk (IN)
                         net (fo=939, unset)          0.432     0.432    aclk
    SLICE_X28Y48         FDCE                                         r  layer_bias_r_reg[14]/C

Slack:                    inf
  Source:                 s_axis_tdata[15]
                            (input port)
  Destination:            layer_bias_r_reg[15]/D
                            (rising edge-triggered cell FDCE clocked by aclk  {rise@0.000ns fall@5.000ns period=10.000ns})
  Path Group:             (none)
  Path Type:              Hold (Min at Fast Process Corner)
  Data Path Delay:        0.410ns  (logic 0.000ns (0.000%)  route 0.410ns (100.000%))
  Logic Levels:           0  
  Clock Path Skew:        0.432ns (DCD - SCD - CPR)
    Destination Clock Delay (DCD):    0.432ns
    Source Clock Delay      (SCD):    0.000ns
    Clock Pessimism Removal (CPR):    -0.000ns

    Location             Delay type                Incr(ns)  Path(ns)    Netlist Resource(s)
  -------------------------------------------------------------------    -------------------
                                                      0.000     0.000 r  s_axis_tdata[15] (IN)
                         net (fo=0)                   0.410     0.410    s_axis_tdata[15]
    SLICE_X20Y46         FDCE                                         r  layer_bias_r_reg[15]/D
  -------------------------------------------------------------------    -------------------

                         (clock aclk rise edge)       0.000     0.000 r  
                                                      0.000     0.000 r  aclk (IN)
                         net (fo=939, unset)          0.432     0.432    aclk
    SLICE_X20Y46         FDCE                                         r  layer_bias_r_reg[15]/C

Slack:                    inf
  Source:                 s_axis_tdata[16]
                            (input port)
  Destination:            layer_bias_r_reg[16]/D
                            (rising edge-triggered cell FDCE clocked by aclk  {rise@0.000ns fall@5.000ns period=10.000ns})
  Path Group:             (none)
  Path Type:              Hold (Min at Fast Process Corner)
  Data Path Delay:        0.410ns  (logic 0.000ns (0.000%)  route 0.410ns (100.000%))
  Logic Levels:           0  
  Clock Path Skew:        0.432ns (DCD - SCD - CPR)
    Destination Clock Delay (DCD):    0.432ns
    Source Clock Delay      (SCD):    0.000ns
    Clock Pessimism Removal (CPR):    -0.000ns

    Location             Delay type                Incr(ns)  Path(ns)    Netlist Resource(s)
  -------------------------------------------------------------------    -------------------
                                                      0.000     0.000 r  s_axis_tdata[16] (IN)
                         net (fo=0)                   0.410     0.410    s_axis_tdata[16]
    SLICE_X21Y45         FDCE                                         r  layer_bias_r_reg[16]/D
  -------------------------------------------------------------------    -------------------

                         (clock aclk rise edge)       0.000     0.000 r  
                                                      0.000     0.000 r  aclk (IN)
                         net (fo=939, unset)          0.432     0.432    aclk
    SLICE_X21Y45         FDCE                                         r  layer_bias_r_reg[16]/C

Slack:                    inf
  Source:                 s_axis_tdata[17]
                            (input port)
  Destination:            layer_bias_r_reg[17]/D
                            (rising edge-triggered cell FDCE clocked by aclk  {rise@0.000ns fall@5.000ns period=10.000ns})
  Path Group:             (none)
  Path Type:              Hold (Min at Fast Process Corner)
  Data Path Delay:        0.410ns  (logic 0.000ns (0.000%)  route 0.410ns (100.000%))
  Logic Levels:           0  
  Clock Path Skew:        0.432ns (DCD - SCD - CPR)
    Destination Clock Delay (DCD):    0.432ns
    Source Clock Delay      (SCD):    0.000ns
    Clock Pessimism Removal (CPR):    -0.000ns

    Location             Delay type                Incr(ns)  Path(ns)    Netlist Resource(s)
  -------------------------------------------------------------------    -------------------
                                                      0.000     0.000 r  s_axis_tdata[17] (IN)
                         net (fo=0)                   0.410     0.410    s_axis_tdata[17]
    SLICE_X21Y47         FDCE                                         r  layer_bias_r_reg[17]/D
  -------------------------------------------------------------------    -------------------

                         (clock aclk rise edge)       0.000     0.000 r  
                                                      0.000     0.000 r  aclk (IN)
                         net (fo=939, unset)          0.432     0.432    aclk
    SLICE_X21Y47         FDCE                                         r  layer_bias_r_reg[17]/C

Slack:                    inf
  Source:                 s_axis_tdata[18]
                            (input port)
  Destination:            layer_bias_r_reg[18]/D
                            (rising edge-triggered cell FDCE clocked by aclk  {rise@0.000ns fall@5.000ns period=10.000ns})
  Path Group:             (none)
  Path Type:              Hold (Min at Fast Process Corner)
  Data Path Delay:        0.410ns  (logic 0.000ns (0.000%)  route 0.410ns (100.000%))
  Logic Levels:           0  
  Clock Path Skew:        0.432ns (DCD - SCD - CPR)
    Destination Clock Delay (DCD):    0.432ns
    Source Clock Delay      (SCD):    0.000ns
    Clock Pessimism Removal (CPR):    -0.000ns

    Location             Delay type                Incr(ns)  Path(ns)    Netlist Resource(s)
  -------------------------------------------------------------------    -------------------
                                                      0.000     0.000 r  s_axis_tdata[18] (IN)
                         net (fo=0)                   0.410     0.410    s_axis_tdata[18]
    SLICE_X25Y49         FDCE                                         r  layer_bias_r_reg[18]/D
  -------------------------------------------------------------------    -------------------

                         (clock aclk rise edge)       0.000     0.000 r  
                                                      0.000     0.000 r  aclk (IN)
                         net (fo=939, unset)          0.432     0.432    aclk
    SLICE_X25Y49         FDCE                                         r  layer_bias_r_reg[18]/C

Slack:                    inf
  Source:                 s_axis_tdata[19]
                            (input port)
  Destination:            layer_bias_r_reg[19]/D
                            (rising edge-triggered cell FDCE clocked by aclk  {rise@0.000ns fall@5.000ns period=10.000ns})
  Path Group:             (none)
  Path Type:              Hold (Min at Fast Process Corner)
  Data Path Delay:        0.410ns  (logic 0.000ns (0.000%)  route 0.410ns (100.000%))
  Logic Levels:           0  
  Clock Path Skew:        0.432ns (DCD - SCD - CPR)
    Destination Clock Delay (DCD):    0.432ns
    Source Clock Delay      (SCD):    0.000ns
    Clock Pessimism Removal (CPR):    -0.000ns

    Location             Delay type                Incr(ns)  Path(ns)    Netlist Resource(s)
  -------------------------------------------------------------------    -------------------
                                                      0.000     0.000 r  s_axis_tdata[19] (IN)
                         net (fo=0)                   0.410     0.410    s_axis_tdata[19]
    SLICE_X21Y45         FDCE                                         r  layer_bias_r_reg[19]/D
  -------------------------------------------------------------------    -------------------

                         (clock aclk rise edge)       0.000     0.000 r  
                                                      0.000     0.000 r  aclk (IN)
                         net (fo=939, unset)          0.432     0.432    aclk
    SLICE_X21Y45         FDCE                                         r  layer_bias_r_reg[19]/C

Slack:                    inf
  Source:                 s_axis_tdata[1]
                            (input port)
  Destination:            layer_bias_r_reg[1]/D
                            (rising edge-triggered cell FDCE clocked by aclk  {rise@0.000ns fall@5.000ns period=10.000ns})
  Path Group:             (none)
  Path Type:              Hold (Min at Fast Process Corner)
  Data Path Delay:        0.410ns  (logic 0.000ns (0.000%)  route 0.410ns (100.000%))
  Logic Levels:           0  
  Clock Path Skew:        0.432ns (DCD - SCD - CPR)
    Destination Clock Delay (DCD):    0.432ns
    Source Clock Delay      (SCD):    0.000ns
    Clock Pessimism Removal (CPR):    -0.000ns

    Location             Delay type                Incr(ns)  Path(ns)    Netlist Resource(s)
  -------------------------------------------------------------------    -------------------
                                                      0.000     0.000 r  s_axis_tdata[1] (IN)
                         net (fo=12, unset)           0.410     0.410    s_axis_tdata[1]
    SLICE_X20Y43         FDCE                                         r  layer_bias_r_reg[1]/D
  -------------------------------------------------------------------    -------------------

                         (clock aclk rise edge)       0.000     0.000 r  
                                                      0.000     0.000 r  aclk (IN)
                         net (fo=939, unset)          0.432     0.432    aclk
    SLICE_X20Y43         FDCE                                         r  layer_bias_r_reg[1]/C

Slack:                    inf
  Source:                 s_axis_tdata[20]
                            (input port)
  Destination:            layer_bias_r_reg[20]/D
                            (rising edge-triggered cell FDCE clocked by aclk  {rise@0.000ns fall@5.000ns period=10.000ns})
  Path Group:             (none)
  Path Type:              Hold (Min at Fast Process Corner)
  Data Path Delay:        0.410ns  (logic 0.000ns (0.000%)  route 0.410ns (100.000%))
  Logic Levels:           0  
  Clock Path Skew:        0.432ns (DCD - SCD - CPR)
    Destination Clock Delay (DCD):    0.432ns
    Source Clock Delay      (SCD):    0.000ns
    Clock Pessimism Removal (CPR):    -0.000ns

    Location             Delay type                Incr(ns)  Path(ns)    Netlist Resource(s)
  -------------------------------------------------------------------    -------------------
                                                      0.000     0.000 r  s_axis_tdata[20] (IN)
                         net (fo=0)                   0.410     0.410    s_axis_tdata[20]
    SLICE_X25Y49         FDCE                                         r  layer_bias_r_reg[20]/D
  -------------------------------------------------------------------    -------------------

                         (clock aclk rise edge)       0.000     0.000 r  
                                                      0.000     0.000 r  aclk (IN)
                         net (fo=939, unset)          0.432     0.432    aclk
    SLICE_X25Y49         FDCE                                         r  layer_bias_r_reg[20]/C

Slack:                    inf
  Source:                 s_axis_tdata[21]
                            (input port)
  Destination:            layer_bias_r_reg[21]/D
                            (rising edge-triggered cell FDCE clocked by aclk  {rise@0.000ns fall@5.000ns period=10.000ns})
  Path Group:             (none)
  Path Type:              Hold (Min at Fast Process Corner)
  Data Path Delay:        0.410ns  (logic 0.000ns (0.000%)  route 0.410ns (100.000%))
  Logic Levels:           0  
  Clock Path Skew:        0.432ns (DCD - SCD - CPR)
    Destination Clock Delay (DCD):    0.432ns
    Source Clock Delay      (SCD):    0.000ns
    Clock Pessimism Removal (CPR):    -0.000ns

    Location             Delay type                Incr(ns)  Path(ns)    Netlist Resource(s)
  -------------------------------------------------------------------    -------------------
                                                      0.000     0.000 r  s_axis_tdata[21] (IN)
                         net (fo=0)                   0.410     0.410    s_axis_tdata[21]
    SLICE_X21Y47         FDCE                                         r  layer_bias_r_reg[21]/D
  -------------------------------------------------------------------    -------------------

                         (clock aclk rise edge)       0.000     0.000 r  
                                                      0.000     0.000 r  aclk (IN)
                         net (fo=939, unset)          0.432     0.432    aclk
    SLICE_X21Y47         FDCE                                         r  layer_bias_r_reg[21]/C

Slack:                    inf
  Source:                 s_axis_tdata[22]
                            (input port)
  Destination:            layer_bias_r_reg[22]/D
                            (rising edge-triggered cell FDCE clocked by aclk  {rise@0.000ns fall@5.000ns period=10.000ns})
  Path Group:             (none)
  Path Type:              Hold (Min at Fast Process Corner)
  Data Path Delay:        0.410ns  (logic 0.000ns (0.000%)  route 0.410ns (100.000%))
  Logic Levels:           0  
  Clock Path Skew:        0.432ns (DCD - SCD - CPR)
    Destination Clock Delay (DCD):    0.432ns
    Source Clock Delay      (SCD):    0.000ns
    Clock Pessimism Removal (CPR):    -0.000ns

    Location             Delay type                Incr(ns)  Path(ns)    Netlist Resource(s)
  -------------------------------------------------------------------    -------------------
                                                      0.000     0.000 r  s_axis_tdata[22] (IN)
                         net (fo=0)                   0.410     0.410    s_axis_tdata[22]
    SLICE_X21Y47         FDCE                                         r  layer_bias_r_reg[22]/D
  -------------------------------------------------------------------    -------------------

                         (clock aclk rise edge)       0.000     0.000 r  
                                                      0.000     0.000 r  aclk (IN)
                         net (fo=939, unset)          0.432     0.432    aclk
    SLICE_X21Y47         FDCE                                         r  layer_bias_r_reg[22]/C

Slack:                    inf
  Source:                 s_axis_tdata[23]
                            (input port)
  Destination:            layer_bias_r_reg[23]/D
                            (rising edge-triggered cell FDCE clocked by aclk  {rise@0.000ns fall@5.000ns period=10.000ns})
  Path Group:             (none)
  Path Type:              Hold (Min at Fast Process Corner)
  Data Path Delay:        0.410ns  (logic 0.000ns (0.000%)  route 0.410ns (100.000%))
  Logic Levels:           0  
  Clock Path Skew:        0.432ns (DCD - SCD - CPR)
    Destination Clock Delay (DCD):    0.432ns
    Source Clock Delay      (SCD):    0.000ns
    Clock Pessimism Removal (CPR):    -0.000ns

    Location             Delay type                Incr(ns)  Path(ns)    Netlist Resource(s)
  -------------------------------------------------------------------    -------------------
                                                      0.000     0.000 r  s_axis_tdata[23] (IN)
                         net (fo=0)                   0.410     0.410    s_axis_tdata[23]
    SLICE_X25Y49         FDCE                                         r  layer_bias_r_reg[23]/D
  -------------------------------------------------------------------    -------------------

                         (clock aclk rise edge)       0.000     0.000 r  
                                                      0.000     0.000 r  aclk (IN)
                         net (fo=939, unset)          0.432     0.432    aclk
    SLICE_X25Y49         FDCE                                         r  layer_bias_r_reg[23]/C





