Copyright 1986-2022 Xilinx, Inc. All Rights Reserved. Copyright 2022-2024 Advanced Micro Devices, Inc. All Rights Reserved.
---------------------------------------------------------------------------------------------------------------------------------------------------------------------------------------------------------------------------------------
| Tool Version : Vivado v.2024.1 (win64) Build 5076996 Wed May 22 18:37:14 MDT 2024
| Date         : Wed Aug 12 14:24:02 2026
| Host         : HANYUL-GALAXYBOOK4-PRO running 64-bit major release  (build 9200)
| Command      : report_timing_summary -delay_type min_max -report_unconstrained -check_timing_verbose -max_paths 20 -file {C:/Users/hanyu/Documents/CNN Accelerator/CNN_YOLO_AI_accelerator/reports/tile_conv_ooc/timing_summary.rpt}
| Design       : top_single_conv_tile_axi
| Device       : 7z020-clg400
| Speed File   : -1  PRODUCTION 1.12 2019-11-22
| Design State : Routed
---------------------------------------------------------------------------------------------------------------------------------------------------------------------------------------------------------------------------------------

Timing Summary Report

------------------------------------------------------------------------------------------------
| Timer Settings
| --------------
------------------------------------------------------------------------------------------------

  Enable Multi Corner Analysis               :  Yes
  Enable Pessimism Removal                   :  Yes
  Pessimism Removal Resolution               :  Nearest Common Node
  Enable Input Delay Default Clock           :  No
  Enable Preset / Clear Arcs                 :  No
  Disable Flight Delays                      :  No
  Ignore I/O Paths                           :  No
  Timing Early Launch at Borrowing Latches   :  No
  Borrow Time for Max Delay Exceptions       :  Yes
  Merge Timing Exceptions                    :  Yes
  Inter-SLR Compensation                     :  Conservative

  Corner  Analyze    Analyze    
  Name    Max Paths  Min Paths  
  ------  ---------  ---------  
  Slow    Yes        Yes        
  Fast    Yes        Yes        


------------------------------------------------------------------------------------------------
| Report Methodology
| ------------------
------------------------------------------------------------------------------------------------

No report available as report_methodology has not been run prior. Run report_methodology on the current design for the summary of methodology violations.



check_timing report

Table of Contents
-----------------
1. checking no_clock (0)
2. checking constant_clock (0)
3. checking pulse_width_clock (0)
4. checking unconstrained_internal_endpoints (0)
5. checking no_input_delay (54)
6. checking no_output_delay (73)
7. checking multiple_clock (0)
8. checking generated_clocks (0)
9. checking loops (0)
10. checking partial_input_delay (0)
11. checking partial_output_delay (0)
12. checking latch_loops (0)

1. checking no_clock (0)
------------------------
 There are 0 register/latch pins with no clock.


2. checking constant_clock (0)
------------------------------
 There are 0 register/latch pins with constant_clock.


3. checking pulse_width_clock (0)
---------------------------------
 There are 0 register/latch pins which need pulse_width check


4. checking unconstrained_internal_endpoints (0)
------------------------------------------------
 There are 0 pins that are not constrained for maximum delay.

 There are 0 pins that are not constrained for maximum delay due to constant clock.


5. checking no_input_delay (54)
-------------------------------
 There are 54 input ports with no input delay specified. (HIGH)

aresetn
m_axis_tready
s_axi_araddr[2]
s_axi_araddr[3]
s_axi_araddr[4]
s_axi_araddr[5]
s_axi_arvalid
s_axi_awaddr[2]
s_axi_awaddr[3]
s_axi_awaddr[4]
s_axi_awaddr[5]
s_axi_awvalid
s_axi_bready
s_axi_rready
s_axi_wdata[0]
s_axi_wdata[1]
s_axi_wdata[2]
s_axi_wdata[3]
s_axi_wstrb[0]
s_axi_wvalid
s_axis_tdata[0]
s_axis_tdata[10]
s_axis_tdata[11]
s_axis_tdata[12]
s_axis_tdata[13]
s_axis_tdata[14]
s_axis_tdata[15]
s_axis_tdata[16]
s_axis_tdata[17]
s_axis_tdata[18]
s_axis_tdata[19]
s_axis_tdata[1]
s_axis_tdata[20]
s_axis_tdata[21]
s_axis_tdata[22]
s_axis_tdata[23]
s_axis_tdata[24]
s_axis_tdata[25]
s_axis_tdata[26]
s_axis_tdata[27]
s_axis_tdata[28]
s_axis_tdata[29]
s_axis_tdata[2]
s_axis_tdata[30]
s_axis_tdata[31]
s_axis_tdata[3]
s_axis_tdata[4]
s_axis_tdata[5]
s_axis_tdata[6]
s_axis_tdata[7]
s_axis_tdata[8]
s_axis_tdata[9]
s_axis_tlast
s_axis_tvalid

 There are 0 input ports with no input delay but user has a false path constraint.


6. checking no_output_delay (73)
--------------------------------
 There are 73 ports with no output delay specified. (HIGH)

irq
m_axis_tdata[0]
m_axis_tdata[10]
m_axis_tdata[11]
m_axis_tdata[12]
m_axis_tdata[13]
m_axis_tdata[14]
m_axis_tdata[15]
m_axis_tdata[16]
m_axis_tdata[17]
m_axis_tdata[18]
m_axis_tdata[19]
m_axis_tdata[1]
m_axis_tdata[20]
m_axis_tdata[21]
m_axis_tdata[22]
m_axis_tdata[23]
m_axis_tdata[24]
m_axis_tdata[25]
m_axis_tdata[26]
m_axis_tdata[27]
m_axis_tdata[28]
m_axis_tdata[29]
m_axis_tdata[2]
m_axis_tdata[30]
m_axis_tdata[31]
m_axis_tdata[3]
m_axis_tdata[4]
m_axis_tdata[5]
m_axis_tdata[6]
m_axis_tdata[7]
m_axis_tdata[8]
m_axis_tdata[9]
m_axis_tlast
m_axis_tvalid
s_axi_arready
s_axi_awready
s_axi_bvalid
s_axi_rdata[0]
s_axi_rdata[10]
s_axi_rdata[11]
s_axi_rdata[12]
s_axi_rdata[13]
s_axi_rdata[14]
s_axi_rdata[15]
s_axi_rdata[16]
s_axi_rdata[17]
s_axi_rdata[18]
s_axi_rdata[19]
s_axi_rdata[1]
s_axi_rdata[20]
s_axi_rdata[21]
s_axi_rdata[22]
s_axi_rdata[23]
s_axi_rdata[24]
s_axi_rdata[25]
s_axi_rdata[26]
s_axi_rdata[27]
s_axi_rdata[28]
s_axi_rdata[29]
s_axi_rdata[2]
s_axi_rdata[30]
s_axi_rdata[31]
s_axi_rdata[3]
s_axi_rdata[4]
s_axi_rdata[5]
s_axi_rdata[6]
s_axi_rdata[7]
s_axi_rdata[8]
s_axi_rdata[9]
s_axi_rvalid
s_axi_wready
s_axis_tready

 There are 0 ports with no output delay but user has a false path constraint

 There are 0 ports with no output delay but with a timing clock defined on it or propagating through it


7. checking multiple_clock (0)
------------------------------
 There are 0 register/latch pins with multiple clocks.


8. checking generated_clocks (0)
--------------------------------
 There are 0 generated clocks that are not connected to a clock source.


9. checking loops (0)
---------------------
 There are 0 combinational loops in the design.


10. checking partial_input_delay (0)
------------------------------------
 There are 0 input ports with partial input delay specified.


11. checking partial_output_delay (0)
-------------------------------------
 There are 0 ports with partial output delay specified.


12. checking latch_loops (0)
----------------------------
 There are 0 combinational latch loops in the design through latch input



------------------------------------------------------------------------------------------------
| Design Timing Summary
| ---------------------
------------------------------------------------------------------------------------------------

    WNS(ns)      TNS(ns)  TNS Failing Endpoints  TNS Total Endpoints      WHS(ns)      THS(ns)  THS Failing Endpoints  THS Total Endpoints     WPWS(ns)     TPWS(ns)  TPWS Failing Endpoints  TPWS Total Endpoints  
    -------      -------  ---------------------  -------------------      -------      -------  ---------------------  -------------------     --------     --------  ----------------------  --------------------  
      1.138        0.000                      0                 2293        0.011        0.000                      0                 2293        3.750        0.000                       0                   805  


All user specified timing constraints are met.


------------------------------------------------------------------------------------------------
| Clock Summary
| -------------
------------------------------------------------------------------------------------------------

Clock  Waveform(ns)       Period(ns)      Frequency(MHz)
-----  ------------       ----------      --------------
aclk   {0.000 5.000}      10.000          100.000         


------------------------------------------------------------------------------------------------
| Intra Clock Table
| -----------------
------------------------------------------------------------------------------------------------

Clock             WNS(ns)      TNS(ns)  TNS Failing Endpoints  TNS Total Endpoints      WHS(ns)      THS(ns)  THS Failing Endpoints  THS Total Endpoints     WPWS(ns)     TPWS(ns)  TPWS Failing Endpoints  TPWS Total Endpoints  
-----             -------      -------  ---------------------  -------------------      -------      -------  ---------------------  -------------------     --------     --------  ----------------------  --------------------  
aclk                1.138        0.000                      0                 1815        0.011        0.000                      0                 1815        3.750        0.000                       0                   805  


------------------------------------------------------------------------------------------------
| Inter Clock Table
| -----------------
------------------------------------------------------------------------------------------------

From Clock    To Clock          WNS(ns)      TNS(ns)  TNS Failing Endpoints  TNS Total Endpoints      WHS(ns)      THS(ns)  THS Failing Endpoints  THS Total Endpoints  
----------    --------          -------      -------  ---------------------  -------------------      -------      -------  ---------------------  -------------------  


------------------------------------------------------------------------------------------------
| Other Path Groups Table
| -----------------------
------------------------------------------------------------------------------------------------

Path Group         From Clock         To Clock               WNS(ns)      TNS(ns)  TNS Failing Endpoints  TNS Total Endpoints      WHS(ns)      THS(ns)  THS Failing Endpoints  THS Total Endpoints  
----------         ----------         --------               -------      -------  ---------------------  -------------------      -------      -------  ---------------------  -------------------  
**async_default**  aclk               aclk                     3.283        0.000                      0                  478        1.244        0.000                      0                  478  


------------------------------------------------------------------------------------------------
| User Ignored Path Table
| -----------------------
------------------------------------------------------------------------------------------------

Path Group    From Clock    To Clock    
----------    ----------    --------    


------------------------------------------------------------------------------------------------
| Unconstrained Path Table
| ------------------------
------------------------------------------------------------------------------------------------

Path Group    From Clock    To Clock    
----------    ----------    --------    
(none)        aclk                        
(none)                      aclk          


------------------------------------------------------------------------------------------------
| Timing Details
| --------------
------------------------------------------------------------------------------------------------


---------------------------------------------------------------------------------------------------
From Clock:  aclk
  To Clock:  aclk

Setup :            0  Failing Endpoints,  Worst Slack        1.138ns,  Total Violation        0.000ns
Hold  :            0  Failing Endpoints,  Worst Slack        0.011ns,  Total Violation        0.000ns
PW    :            0  Failing Endpoints,  Worst Slack        3.750ns,  Total Violation        0.000ns
---------------------------------------------------------------------------------------------------


Max Delay Paths
--------------------------------------------------------------------------------------
Slack (MET) :             1.138ns  (required time - arrival time)
  Source:                 u_tile_core/u_weight_mem/gen_weight_bram_lane[3].mem_r_reg/CLKBWRCLK
                            (rising edge-triggered cell RAMB18E1 clocked by aclk  {rise@0.000ns fall@5.000ns period=10.000ns})
  Destination:            u_tile_core/u_datapath/mul_stage_r_reg[3][13]/D
                            (rising edge-triggered cell FDCE clocked by aclk  {rise@0.000ns fall@5.000ns period=10.000ns})
  Path Group:             aclk
  Path Type:              Setup (Max at Slow Process Corner)
  Requirement:            10.000ns  (aclk rise@10.000ns - aclk rise@0.000ns)
  Data Path Delay:        8.640ns  (logic 4.805ns (55.611%)  route 3.835ns (44.389%))
  Logic Levels:           7  (CARRY4=4 LUT3=1 LUT4=1 LUT6=1)
  Clock Path Skew:        -0.049ns (DCD - SCD + CPR)
    Destination Clock Delay (DCD):    0.924ns = ( 10.924 - 10.000 ) 
    Source Clock Delay      (SCD):    0.973ns
    Clock Pessimism Removal (CPR):    0.000ns
  Clock Uncertainty:      0.235ns  ((TSJ^2 + TIJ^2)^1/2 + DJ) / 2 + PE + UU
    Total System Jitter     (TSJ):    0.071ns
    Total Input Jitter      (TIJ):    0.000ns
    Discrete Jitter          (DJ):    0.000ns
    Phase Error              (PE):    0.000ns
    User Uncertainty         (UU):    0.200ns

    Location             Delay type                Incr(ns)  Path(ns)    Netlist Resource(s)
  -------------------------------------------------------------------    -------------------
                         (clock aclk rise edge)       0.000     0.000 r  
                                                      0.000     0.000 r  aclk (IN)
                         net (fo=804, unset)          0.973     0.973    u_tile_core/u_weight_mem/aclk
    RAMB18_X3Y29         RAMB18E1                                     r  u_tile_core/u_weight_mem/gen_weight_bram_lane[3].mem_r_reg/CLKBWRCLK
  -------------------------------------------------------------------    -------------------
    RAMB18_X3Y29         RAMB18E1 (Prop_ramb18e1_CLKBWRCLK_DOBDO[1])
                                                      2.454     3.427 r  u_tile_core/u_weight_mem/gen_weight_bram_lane[3].mem_r_reg/DOBDO[1]
                         net (fo=17, routed)          1.393     4.820    u_tile_core/u_datapath/gen_mlt_lane[3].u_mlt/weight_window_w[1]
    SLICE_X53Y68         LUT6 (Prop_lut6_I0_O)        0.124     4.944 r  u_tile_core/u_datapath/gen_mlt_lane[3].u_mlt/mul_stage_r[3][2]_i_2/O
                         net (fo=1, routed)           0.751     5.695    u_tile_core/u_datapath/gen_mlt_lane[3].u_mlt/mul_stage_r[3][2]_i_2_n_0
    SLICE_X53Y69         CARRY4 (Prop_carry4_DI[3]_CO[3])
                                                      0.385     6.080 r  u_tile_core/u_datapath/gen_mlt_lane[3].u_mlt/mul_stage_r_reg[3][2]_i_1/CO[3]
                         net (fo=1, routed)           0.000     6.080    u_tile_core/u_datapath/gen_mlt_lane[3].u_mlt/mul_stage_r_reg[3][2]_i_1_n_0
    SLICE_X53Y70         CARRY4 (Prop_carry4_CI_O[3])
                                                      0.313     6.393 r  u_tile_core/u_datapath/gen_mlt_lane[3].u_mlt/mul_stage_r_reg[3][11]_i_13/O[3]
                         net (fo=2, routed)           0.857     7.251    u_tile_core/u_datapath/gen_mlt_lane[3].u_mlt/mul_stage_r_reg[3][11]_i_13_n_4
    SLICE_X55Y70         LUT3 (Prop_lut3_I2_O)        0.331     7.582 r  u_tile_core/u_datapath/gen_mlt_lane[3].u_mlt/mul_stage_r[3][11]_i_5/O
                         net (fo=2, routed)           0.834     8.415    u_tile_core/u_datapath/gen_mlt_lane[3].u_mlt/mul_stage_r[3][11]_i_5_n_0
    SLICE_X55Y71         LUT4 (Prop_lut4_I3_O)        0.332     8.747 r  u_tile_core/u_datapath/gen_mlt_lane[3].u_mlt/mul_stage_r[3][11]_i_9/O
                         net (fo=1, routed)           0.000     8.747    u_tile_core/u_datapath/gen_mlt_lane[3].u_mlt/mul_stage_r[3][11]_i_9_n_0
    SLICE_X55Y71         CARRY4 (Prop_carry4_S[0]_CO[3])
                                                      0.532     9.279 r  u_tile_core/u_datapath/gen_mlt_lane[3].u_mlt/mul_stage_r_reg[3][11]_i_1/CO[3]
                         net (fo=1, routed)           0.000     9.279    u_tile_core/u_datapath/gen_mlt_lane[3].u_mlt/mul_stage_r_reg[3][11]_i_1_n_0
    SLICE_X55Y72         CARRY4 (Prop_carry4_CI_O[1])
                                                      0.334     9.613 r  u_tile_core/u_datapath/gen_mlt_lane[3].u_mlt/mul_stage_r_reg[3][15]_i_1/O[1]
                         net (fo=1, routed)           0.000     9.613    u_tile_core/u_datapath/gen_mlt_lane[3].u_mlt_n_2
    SLICE_X55Y72         FDCE                                         r  u_tile_core/u_datapath/mul_stage_r_reg[3][13]/D
  -------------------------------------------------------------------    -------------------

                         (clock aclk rise edge)      10.000    10.000 r  
                                                      0.000    10.000 r  aclk (IN)
                         net (fo=804, unset)          0.924    10.924    u_tile_core/u_datapath/aclk
    SLICE_X55Y72         FDCE                                         r  u_tile_core/u_datapath/mul_stage_r_reg[3][13]/C
                         clock pessimism              0.000    10.924    
                         clock uncertainty           -0.235    10.689    
    SLICE_X55Y72         FDCE (Setup_fdce_C_D)        0.062    10.751    u_tile_core/u_datapath/mul_stage_r_reg[3][13]
  -------------------------------------------------------------------
                         required time                         10.751    
                         arrival time                          -9.613    
  -------------------------------------------------------------------
                         slack                                  1.138    

Slack (MET) :             1.159ns  (required time - arrival time)
  Source:                 u_tile_core/u_weight_mem/gen_weight_bram_lane[3].mem_r_reg/CLKBWRCLK
                            (rising edge-triggered cell RAMB18E1 clocked by aclk  {rise@0.000ns fall@5.000ns period=10.000ns})
  Destination:            u_tile_core/u_datapath/mul_stage_r_reg[3][15]/D
                            (rising edge-triggered cell FDCE clocked by aclk  {rise@0.000ns fall@5.000ns period=10.000ns})
  Path Group:             aclk
  Path Type:              Setup (Max at Slow Process Corner)
  Requirement:            10.000ns  (aclk rise@10.000ns - aclk rise@0.000ns)
  Data Path Delay:        8.619ns  (logic 4.784ns (55.503%)  route 3.835ns (44.497%))
  Logic Levels:           7  (CARRY4=4 LUT3=1 LUT4=1 LUT6=1)
  Clock Path Skew:        -0.049ns (DCD - SCD + CPR)
    Destination Clock Delay (DCD):    0.924ns = ( 10.924 - 10.000 ) 
    Source Clock Delay      (SCD):    0.973ns
    Clock Pessimism Removal (CPR):    0.000ns
  Clock Uncertainty:      0.235ns  ((TSJ^2 + TIJ^2)^1/2 + DJ) / 2 + PE + UU
    Total System Jitter     (TSJ):    0.071ns
    Total Input Jitter      (TIJ):    0.000ns
    Discrete Jitter          (DJ):    0.000ns
    Phase Error              (PE):    0.000ns
    User Uncertainty         (UU):    0.200ns

    Location             Delay type                Incr(ns)  Path(ns)    Netlist Resource(s)
  -------------------------------------------------------------------    -------------------
                         (clock aclk rise edge)       0.000     0.000 r  
                                                      0.000     0.000 r  aclk (IN)
                         net (fo=804, unset)          0.973     0.973    u_tile_core/u_weight_mem/aclk
    RAMB18_X3Y29         RAMB18E1                                     r  u_tile_core/u_weight_mem/gen_weight_bram_lane[3].mem_r_reg/CLKBWRCLK
  -------------------------------------------------------------------    -------------------
    RAMB18_X3Y29         RAMB18E1 (Prop_ramb18e1_CLKBWRCLK_DOBDO[1])
                                                      2.454     3.427 r  u_tile_core/u_weight_mem/gen_weight_bram_lane[3].mem_r_reg/DOBDO[1]
                         net (fo=17, routed)          1.393     4.820    u_tile_core/u_datapath/gen_mlt_lane[3].u_mlt/weight_window_w[1]
    SLICE_X53Y68         LUT6 (Prop_lut6_I0_O)        0.124     4.944 r  u_tile_core/u_datapath/gen_mlt_lane[3].u_mlt/mul_stage_r[3][2]_i_2/O
                         net (fo=1, routed)           0.751     5.695    u_tile_core/u_datapath/gen_mlt_lane[3].u_mlt/mul_stage_r[3][2]_i_2_n_0
    SLICE_X53Y69         CARRY4 (Prop_carry4_DI[3]_CO[3])
                                                      0.385     6.080 r  u_tile_core/u_datapath/gen_mlt_lane[3].u_mlt/mul_stage_r_reg[3][2]_i_1/CO[3]
                         net (fo=1, routed)           0.000     6.080    u_tile_core/u_datapath/gen_mlt_lane[3].u_mlt/mul_stage_r_reg[3][2]_i_1_n_0
    SLICE_X53Y70         CARRY4 (Prop_carry4_CI_O[3])
                                                      0.313     6.393 r  u_tile_core/u_datapath/gen_mlt_lane[3].u_mlt/mul_stage_r_reg[3][11]_i_13/O[3]
                         net (fo=2, routed)           0.857     7.251    u_tile_core/u_datapath/gen_mlt_lane[3].u_mlt/mul_stage_r_reg[3][11]_i_13_n_4
    SLICE_X55Y70         LUT3 (Prop_lut3_I2_O)        0.331     7.582 r  u_tile_core/u_datapath/gen_mlt_lane[3].u_mlt/mul_stage_r[3][11]_i_5/O
                         net (fo=2, routed)           0.834     8.415    u_tile_core/u_datapath/gen_mlt_lane[3].u_mlt/mul_stage_r[3][11]_i_5_n_0
    SLICE_X55Y71         LUT4 (Prop_lut4_I3_O)        0.332     8.747 r  u_tile_core/u_datapath/gen_mlt_lane[3].u_mlt/mul_stage_r[3][11]_i_9/O
                         net (fo=1, routed)           0.000     8.747    u_tile_core/u_datapath/gen_mlt_lane[3].u_mlt/mul_stage_r[3][11]_i_9_n_0
    SLICE_X55Y71         CARRY4 (Prop_carry4_S[0]_CO[3])
                                                      0.532     9.279 r  u_tile_core/u_datapath/gen_mlt_lane[3].u_mlt/mul_stage_r_reg[3][11]_i_1/CO[3]
                         net (fo=1, routed)           0.000     9.279    u_tile_core/u_datapath/gen_mlt_lane[3].u_mlt/mul_stage_r_reg[3][11]_i_1_n_0
    SLICE_X55Y72         CARRY4 (Prop_carry4_CI_O[3])
                                                      0.313     9.592 r  u_tile_core/u_datapath/gen_mlt_lane[3].u_mlt/mul_stage_r_reg[3][15]_i_1/O[3]
                         net (fo=1, routed)           0.000     9.592    u_tile_core/u_datapath/gen_mlt_lane[3].u_mlt_n_0
    SLICE_X55Y72         FDCE                                         r  u_tile_core/u_datapath/mul_stage_r_reg[3][15]/D
  -------------------------------------------------------------------    -------------------

                         (clock aclk rise edge)      10.000    10.000 r  
                                                      0.000    10.000 r  aclk (IN)
                         net (fo=804, unset)          0.924    10.924    u_tile_core/u_datapath/aclk
    SLICE_X55Y72         FDCE                                         r  u_tile_core/u_datapath/mul_stage_r_reg[3][15]/C
                         clock pessimism              0.000    10.924    
                         clock uncertainty           -0.235    10.689    
    SLICE_X55Y72         FDCE (Setup_fdce_C_D)        0.062    10.751    u_tile_core/u_datapath/mul_stage_r_reg[3][15]
  -------------------------------------------------------------------
                         required time                         10.751    
                         arrival time                          -9.592    
  -------------------------------------------------------------------
                         slack                                  1.159    

Slack (MET) :             1.196ns  (required time - arrival time)
  Source:                 u_tile_core/u_weight_mem/gen_weight_bram_lane[2].mem_r_reg/CLKBWRCLK
                            (rising edge-triggered cell RAMB18E1 clocked by aclk  {rise@0.000ns fall@5.000ns period=10.000ns})
  Destination:            u_tile_core/u_datapath/mul_stage_r_reg[2][13]/D
                            (rising edge-triggered cell FDCE clocked by aclk  {rise@0.000ns fall@5.000ns period=10.000ns})
  Path Group:             aclk
  Path Type:              Setup (Max at Slow Process Corner)
  Requirement:            10.000ns  (aclk rise@10.000ns - aclk rise@0.000ns)
  Data Path Delay:        8.582ns  (logic 5.204ns (60.636%)  route 3.378ns (39.364%))
  Logic Levels:           8  (CARRY4=4 LUT2=1 LUT3=1 LUT4=1 LUT6=1)
  Clock Path Skew:        -0.049ns (DCD - SCD + CPR)
    Destination Clock Delay (DCD):    0.924ns = ( 10.924 - 10.000 ) 
    Source Clock Delay      (SCD):    0.973ns
    Clock Pessimism Removal (CPR):    0.000ns
  Clock Uncertainty:      0.235ns  ((TSJ^2 + TIJ^2)^1/2 + DJ) / 2 + PE + UU
    Total System Jitter     (TSJ):    0.071ns
    Total Input Jitter      (TIJ):    0.000ns
    Discrete Jitter          (DJ):    0.000ns
    Phase Error              (PE):    0.000ns
    User Uncertainty         (UU):    0.200ns

    Location             Delay type                Incr(ns)  Path(ns)    Netlist Resource(s)
  -------------------------------------------------------------------    -------------------
                         (clock aclk rise edge)       0.000     0.000 r  
                                                      0.000     0.000 r  aclk (IN)
                         net (fo=804, unset)          0.973     0.973    u_tile_core/u_weight_mem/aclk
    RAMB18_X3Y30         RAMB18E1                                     r  u_tile_core/u_weight_mem/gen_weight_bram_lane[2].mem_r_reg/CLKBWRCLK
  -------------------------------------------------------------------    -------------------
    RAMB18_X3Y30         RAMB18E1 (Prop_ramb18e1_CLKBWRCLK_DOBDO[3])
                                                      2.454     3.427 f  u_tile_core/u_weight_mem/gen_weight_bram_lane[2].mem_r_reg/DOBDO[3]
                         net (fo=16, routed)          1.345     4.772    u_tile_core/u_datapath/gen_mlt_lane[2].u_mlt/weight_window_w[3]
    SLICE_X45Y71         LUT2 (Prop_lut2_I1_O)        0.150     4.922 r  u_tile_core/u_datapath/gen_mlt_lane[2].u_mlt/mul_stage_r[2][3]_i_10/O
                         net (fo=1, routed)           0.583     5.505    u_tile_core/u_window_generator/mul_stage_r_reg[2][3]_i_2
    SLICE_X49Y71         LUT6 (Prop_lut6_I1_O)        0.326     5.831 r  u_tile_core/u_window_generator/mul_stage_r[2][3]_i_6/O
                         net (fo=1, routed)           0.000     5.831    u_tile_core/u_datapath/gen_mlt_lane[2].u_mlt/mul_stage_r_reg[2][3][3]
    SLICE_X49Y71         CARRY4 (Prop_carry4_S[3]_CO[3])
                                                      0.401     6.232 r  u_tile_core/u_datapath/gen_mlt_lane[2].u_mlt/mul_stage_r_reg[2][3]_i_2/CO[3]
                         net (fo=1, routed)           0.000     6.232    u_tile_core/u_datapath/gen_mlt_lane[2].u_mlt/mul_stage_r_reg[2][3]_i_2_n_0
    SLICE_X49Y72         CARRY4 (Prop_carry4_CI_O[1])
                                                      0.334     6.566 r  u_tile_core/u_datapath/gen_mlt_lane[2].u_mlt/mul_stage_r_reg[2][11]_i_10/O[1]
                         net (fo=2, routed)           0.784     7.350    u_tile_core/u_datapath/gen_mlt_lane[2].u_mlt/mul_stage_r_reg[2][11]_i_10_n_6
    SLICE_X51Y71         LUT3 (Prop_lut3_I1_O)        0.329     7.679 r  u_tile_core/u_datapath/gen_mlt_lane[2].u_mlt/mul_stage_r[2][11]_i_4/O
                         net (fo=2, routed)           0.666     8.345    u_tile_core/u_datapath/gen_mlt_lane[2].u_mlt/mul_stage_r[2][11]_i_4_n_0
    SLICE_X51Y71         LUT4 (Prop_lut4_I3_O)        0.326     8.671 r  u_tile_core/u_datapath/gen_mlt_lane[2].u_mlt/mul_stage_r[2][11]_i_8/O
                         net (fo=1, routed)           0.000     8.671    u_tile_core/u_datapath/gen_mlt_lane[2].u_mlt/mul_stage_r[2][11]_i_8_n_0
    SLICE_X51Y71         CARRY4 (Prop_carry4_S[1]_CO[3])
                                                      0.550     9.221 r  u_tile_core/u_datapath/gen_mlt_lane[2].u_mlt/mul_stage_r_reg[2][11]_i_1/CO[3]
                         net (fo=1, routed)           0.000     9.221    u_tile_core/u_datapath/gen_mlt_lane[2].u_mlt/mul_stage_r_reg[2][11]_i_1_n_0
    SLICE_X51Y72         CARRY4 (Prop_carry4_CI_O[1])
                                                      0.334     9.555 r  u_tile_core/u_datapath/gen_mlt_lane[2].u_mlt/mul_stage_r_reg[2][15]_i_1/O[1]
                         net (fo=1, routed)           0.000     9.555    u_tile_core/u_datapath/gen_mlt_lane[2].u_mlt_n_2
    SLICE_X51Y72         FDCE                                         r  u_tile_core/u_datapath/mul_stage_r_reg[2][13]/D
  -------------------------------------------------------------------    -------------------

                         (clock aclk rise edge)      10.000    10.000 r  
                                                      0.000    10.000 r  aclk (IN)
                         net (fo=804, unset)          0.924    10.924    u_tile_core/u_datapath/aclk
    SLICE_X51Y72         FDCE                                         r  u_tile_core/u_datapath/mul_stage_r_reg[2][13]/C
                         clock pessimism              0.000    10.924    
                         clock uncertainty           -0.235    10.689    
    SLICE_X51Y72         FDCE (Setup_fdce_C_D)        0.062    10.751    u_tile_core/u_datapath/mul_stage_r_reg[2][13]
  -------------------------------------------------------------------
                         required time                         10.751    
                         arrival time                          -9.555    
  -------------------------------------------------------------------
                         slack                                  1.196    

Slack (MET) :             1.217ns  (required time - arrival time)
  Source:                 u_tile_core/u_weight_mem/gen_weight_bram_lane[2].mem_r_reg/CLKBWRCLK
                            (rising edge-triggered cell RAMB18E1 clocked by aclk  {rise@0.000ns fall@5.000ns period=10.000ns})
  Destination:            u_tile_core/u_datapath/mul_stage_r_reg[2][15]/D
                            (rising edge-triggered cell FDCE clocked by aclk  {rise@0.000ns fall@5.000ns period=10.000ns})
  Path Group:             aclk
  Path Type:              Setup (Max at Slow Process Corner)
  Requirement:            10.000ns  (aclk rise@10.000ns - aclk rise@0.000ns)
  Data Path Delay:        8.561ns  (logic 5.183ns (60.539%)  route 3.378ns (39.461%))
  Logic Levels:           8  (CARRY4=4 LUT2=1 LUT3=1 LUT4=1 LUT6=1)
  Clock Path Skew:        -0.049ns (DCD - SCD + CPR)
    Destination Clock Delay (DCD):    0.924ns = ( 10.924 - 10.000 ) 
    Source Clock Delay      (SCD):    0.973ns
    Clock Pessimism Removal (CPR):    0.000ns
  Clock Uncertainty:      0.235ns  ((TSJ^2 + TIJ^2)^1/2 + DJ) / 2 + PE + UU
    Total System Jitter     (TSJ):    0.071ns
    Total Input Jitter      (TIJ):    0.000ns
    Discrete Jitter          (DJ):    0.000ns
    Phase Error              (PE):    0.000ns
    User Uncertainty         (UU):    0.200ns

    Location             Delay type                Incr(ns)  Path(ns)    Netlist Resource(s)
  -------------------------------------------------------------------    -------------------
                         (clock aclk rise edge)       0.000     0.000 r  
                                                      0.000     0.000 r  aclk (IN)
                         net (fo=804, unset)          0.973     0.973    u_tile_core/u_weight_mem/aclk
    RAMB18_X3Y30         RAMB18E1                                     r  u_tile_core/u_weight_mem/gen_weight_bram_lane[2].mem_r_reg/CLKBWRCLK
  -------------------------------------------------------------------    -------------------
    RAMB18_X3Y30         RAMB18E1 (Prop_ramb18e1_CLKBWRCLK_DOBDO[3])
                                                      2.454     3.427 f  u_tile_core/u_weight_mem/gen_weight_bram_lane[2].mem_r_reg/DOBDO[3]
                         net (fo=16, routed)          1.345     4.772    u_tile_core/u_datapath/gen_mlt_lane[2].u_mlt/weight_window_w[3]
    SLICE_X45Y71         LUT2 (Prop_lut2_I1_O)        0.150     4.922 r  u_tile_core/u_datapath/gen_mlt_lane[2].u_mlt/mul_stage_r[2][3]_i_10/O
                         net (fo=1, routed)           0.583     5.505    u_tile_core/u_window_generator/mul_stage_r_reg[2][3]_i_2
    SLICE_X49Y71         LUT6 (Prop_lut6_I1_O)        0.326     5.831 r  u_tile_core/u_window_generator/mul_stage_r[2][3]_i_6/O
                         net (fo=1, routed)           0.000     5.831    u_tile_core/u_datapath/gen_mlt_lane[2].u_mlt/mul_stage_r_reg[2][3][3]
    SLICE_X49Y71         CARRY4 (Prop_carry4_S[3]_CO[3])
                                                      0.401     6.232 r  u_tile_core/u_datapath/gen_mlt_lane[2].u_mlt/mul_stage_r_reg[2][3]_i_2/CO[3]
                         net (fo=1, routed)           0.000     6.232    u_tile_core/u_datapath/gen_mlt_lane[2].u_mlt/mul_stage_r_reg[2][3]_i_2_n_0
    SLICE_X49Y72         CARRY4 (Prop_carry4_CI_O[1])
                                                      0.334     6.566 r  u_tile_core/u_datapath/gen_mlt_lane[2].u_mlt/mul_stage_r_reg[2][11]_i_10/O[1]
                         net (fo=2, routed)           0.784     7.350    u_tile_core/u_datapath/gen_mlt_lane[2].u_mlt/mul_stage_r_reg[2][11]_i_10_n_6
    SLICE_X51Y71         LUT3 (Prop_lut3_I1_O)        0.329     7.679 r  u_tile_core/u_datapath/gen_mlt_lane[2].u_mlt/mul_stage_r[2][11]_i_4/O
                         net (fo=2, routed)           0.666     8.345    u_tile_core/u_datapath/gen_mlt_lane[2].u_mlt/mul_stage_r[2][11]_i_4_n_0
    SLICE_X51Y71         LUT4 (Prop_lut4_I3_O)        0.326     8.671 r  u_tile_core/u_datapath/gen_mlt_lane[2].u_mlt/mul_stage_r[2][11]_i_8/O
                         net (fo=1, routed)           0.000     8.671    u_tile_core/u_datapath/gen_mlt_lane[2].u_mlt/mul_stage_r[2][11]_i_8_n_0
    SLICE_X51Y71         CARRY4 (Prop_carry4_S[1]_CO[3])
                                                      0.550     9.221 r  u_tile_core/u_datapath/gen_mlt_lane[2].u_mlt/mul_stage_r_reg[2][11]_i_1/CO[3]
                         net (fo=1, routed)           0.000     9.221    u_tile_core/u_datapath/gen_mlt_lane[2].u_mlt/mul_stage_r_reg[2][11]_i_1_n_0
    SLICE_X51Y72         CARRY4 (Prop_carry4_CI_O[3])
                                                      0.313     9.534 r  u_tile_core/u_datapath/gen_mlt_lane[2].u_mlt/mul_stage_r_reg[2][15]_i_1/O[3]
                         net (fo=1, routed)           0.000     9.534    u_tile_core/u_datapath/gen_mlt_lane[2].u_mlt_n_0
    SLICE_X51Y72         FDCE                                         r  u_tile_core/u_datapath/mul_stage_r_reg[2][15]/D
  -------------------------------------------------------------------    -------------------

                         (clock aclk rise edge)      10.000    10.000 r  
                                                      0.000    10.000 r  aclk (IN)
                         net (fo=804, unset)          0.924    10.924    u_tile_core/u_datapath/aclk
    SLICE_X51Y72         FDCE                                         r  u_tile_core/u_datapath/mul_stage_r_reg[2][15]/C
                         clock pessimism              0.000    10.924    
                         clock uncertainty           -0.235    10.689    
    SLICE_X51Y72         FDCE (Setup_fdce_C_D)        0.062    10.751    u_tile_core/u_datapath/mul_stage_r_reg[2][15]
  -------------------------------------------------------------------
                         required time                         10.751    
                         arrival time                          -9.534    
  -------------------------------------------------------------------
                         slack                                  1.217    

Slack (MET) :             1.233ns  (required time - arrival time)
  Source:                 u_tile_core/u_weight_mem/gen_weight_bram_lane[3].mem_r_reg/CLKBWRCLK
                            (rising edge-triggered cell RAMB18E1 clocked by aclk  {rise@0.000ns fall@5.000ns period=10.000ns})
  Destination:            u_tile_core/u_datapath/mul_stage_r_reg[3][14]/D
                            (rising edge-triggered cell FDCE clocked by aclk  {rise@0.000ns fall@5.000ns period=10.000ns})
  Path Group:             aclk
  Path Type:              Setup (Max at Slow Process Corner)
  Requirement:            10.000ns  (aclk rise@10.000ns - aclk rise@0.000ns)
  Data Path Delay:        8.545ns  (logic 4.710ns (55.117%)  route 3.835ns (44.883%))
  Logic Levels:           7  (CARRY4=4 LUT3=1 LUT4=1 LUT6=1)
  Clock Path Skew:        -0.049ns (DCD - SCD + CPR)
    Destination Clock Delay (DCD):    0.924ns = ( 10.924 - 10.000 ) 
    Source Clock Delay      (SCD):    0.973ns
    Clock Pessimism Removal (CPR):    0.000ns
  Clock Uncertainty:      0.235ns  ((TSJ^2 + TIJ^2)^1/2 + DJ) / 2 + PE + UU
    Total System Jitter     (TSJ):    0.071ns
    Total Input Jitter      (TIJ):    0.000ns
    Discrete Jitter          (DJ):    0.000ns
    Phase Error              (PE):    0.000ns
    User Uncertainty         (UU):    0.200ns

    Location             Delay type                Incr(ns)  Path(ns)    Netlist Resource(s)
  -------------------------------------------------------------------    -------------------
                         (clock aclk rise edge)       0.000     0.000 r  
                                                      0.000     0.000 r  aclk (IN)
                         net (fo=804, unset)          0.973     0.973    u_tile_core/u_weight_mem/aclk
    RAMB18_X3Y29         RAMB18E1                                     r  u_tile_core/u_weight_mem/gen_weight_bram_lane[3].mem_r_reg/CLKBWRCLK
  -------------------------------------------------------------------    -------------------
    RAMB18_X3Y29         RAMB18E1 (Prop_ramb18e1_CLKBWRCLK_DOBDO[1])
                                                      2.454     3.427 r  u_tile_core/u_weight_mem/gen_weight_bram_lane[3].mem_r_reg/DOBDO[1]
                         net (fo=17, routed)          1.393     4.820    u_tile_core/u_datapath/gen_mlt_lane[3].u_mlt/weight_window_w[1]
    SLICE_X53Y68         LUT6 (Prop_lut6_I0_O)        0.124     4.944 r  u_tile_core/u_datapath/gen_mlt_lane[3].u_mlt/mul_stage_r[3][2]_i_2/O
                         net (fo=1, routed)           0.751     5.695    u_tile_core/u_datapath/gen_mlt_lane[3].u_mlt/mul_stage_r[3][2]_i_2_n_0
    SLICE_X53Y69         CARRY4 (Prop_carry4_DI[3]_CO[3])
                                                      0.385     6.080 r  u_tile_core/u_datapath/gen_mlt_lane[3].u_mlt/mul_stage_r_reg[3][2]_i_1/CO[3]
                         net (fo=1, routed)           0.000     6.080    u_tile_core/u_datapath/gen_mlt_lane[3].u_mlt/mul_stage_r_reg[3][2]_i_1_n_0
    SLICE_X53Y70         CARRY4 (Prop_carry4_CI_O[3])
                                                      0.313     6.393 r  u_tile_core/u_datapath/gen_mlt_lane[3].u_mlt/mul_stage_r_reg[3][11]_i_13/O[3]
                         net (fo=2, routed)           0.857     7.251    u_tile_core/u_datapath/gen_mlt_lane[3].u_mlt/mul_stage_r_reg[3][11]_i_13_n_4
    SLICE_X55Y70         LUT3 (Prop_lut3_I2_O)        0.331     7.582 r  u_tile_core/u_datapath/gen_mlt_lane[3].u_mlt/mul_stage_r[3][11]_i_5/O
                         net (fo=2, routed)           0.834     8.415    u_tile_core/u_datapath/gen_mlt_lane[3].u_mlt/mul_stage_r[3][11]_i_5_n_0
    SLICE_X55Y71         LUT4 (Prop_lut4_I3_O)        0.332     8.747 r  u_tile_core/u_datapath/gen_mlt_lane[3].u_mlt/mul_stage_r[3][11]_i_9/O
                         net (fo=1, routed)           0.000     8.747    u_tile_core/u_datapath/gen_mlt_lane[3].u_mlt/mul_stage_r[3][11]_i_9_n_0
    SLICE_X55Y71         CARRY4 (Prop_carry4_S[0]_CO[3])
                                                      0.532     9.279 r  u_tile_core/u_datapath/gen_mlt_lane[3].u_mlt/mul_stage_r_reg[3][11]_i_1/CO[3]
                         net (fo=1, routed)           0.000     9.279    u_tile_core/u_datapath/gen_mlt_lane[3].u_mlt/mul_stage_r_reg[3][11]_i_1_n_0
    SLICE_X55Y72         CARRY4 (Prop_carry4_CI_O[2])
                                                      0.239     9.518 r  u_tile_core/u_datapath/gen_mlt_lane[3].u_mlt/mul_stage_r_reg[3][15]_i_1/O[2]
                         net (fo=1, routed)           0.000     9.518    u_tile_core/u_datapath/gen_mlt_lane[3].u_mlt_n_1
    SLICE_X55Y72         FDCE                                         r  u_tile_core/u_datapath/mul_stage_r_reg[3][14]/D
  -------------------------------------------------------------------    -------------------

                         (clock aclk rise edge)      10.000    10.000 r  
                                                      0.000    10.000 r  aclk (IN)
                         net (fo=804, unset)          0.924    10.924    u_tile_core/u_datapath/aclk
    SLICE_X55Y72         FDCE                                         r  u_tile_core/u_datapath/mul_stage_r_reg[3][14]/C
                         clock pessimism              0.000    10.924    
                         clock uncertainty           -0.235    10.689    
    SLICE_X55Y72         FDCE (Setup_fdce_C_D)        0.062    10.751    u_tile_core/u_datapath/mul_stage_r_reg[3][14]
  -------------------------------------------------------------------
                         required time                         10.751    
                         arrival time                          -9.518    
  -------------------------------------------------------------------
                         slack                                  1.233    

Slack (MET) :             1.249ns  (required time - arrival time)
  Source:                 u_tile_core/u_weight_mem/gen_weight_bram_lane[3].mem_r_reg/CLKBWRCLK
                            (rising edge-triggered cell RAMB18E1 clocked by aclk  {rise@0.000ns fall@5.000ns period=10.000ns})
  Destination:            u_tile_core/u_datapath/mul_stage_r_reg[3][12]/D
                            (rising edge-triggered cell FDCE clocked by aclk  {rise@0.000ns fall@5.000ns period=10.000ns})
  Path Group:             aclk
  Path Type:              Setup (Max at Slow Process Corner)
  Requirement:            10.000ns  (aclk rise@10.000ns - aclk rise@0.000ns)
  Data Path Delay:        8.529ns  (logic 4.694ns (55.033%)  route 3.835ns (44.967%))
  Logic Levels:           7  (CARRY4=4 LUT3=1 LUT4=1 LUT6=1)
  Clock Path Skew:        -0.049ns (DCD - SCD + CPR)
    Destination Clock Delay (DCD):    0.924ns = ( 10.924 - 10.000 ) 
    Source Clock Delay      (SCD):    0.973ns
    Clock Pessimism Removal (CPR):    0.000ns
  Clock Uncertainty:      0.235ns  ((TSJ^2 + TIJ^2)^1/2 + DJ) / 2 + PE + UU
    Total System Jitter     (TSJ):    0.071ns
    Total Input Jitter      (TIJ):    0.000ns
    Discrete Jitter          (DJ):    0.000ns
    Phase Error              (PE):    0.000ns
    User Uncertainty         (UU):    0.200ns

    Location             Delay type                Incr(ns)  Path(ns)    Netlist Resource(s)
  -------------------------------------------------------------------    -------------------
                         (clock aclk rise edge)       0.000     0.000 r  
                                                      0.000     0.000 r  aclk (IN)
                         net (fo=804, unset)          0.973     0.973    u_tile_core/u_weight_mem/aclk
    RAMB18_X3Y29         RAMB18E1                                     r  u_tile_core/u_weight_mem/gen_weight_bram_lane[3].mem_r_reg/CLKBWRCLK
  -------------------------------------------------------------------    -------------------
    RAMB18_X3Y29         RAMB18E1 (Prop_ramb18e1_CLKBWRCLK_DOBDO[1])
                                                      2.454     3.427 r  u_tile_core/u_weight_mem/gen_weight_bram_lane[3].mem_r_reg/DOBDO[1]
                         net (fo=17, routed)          1.393     4.820    u_tile_core/u_datapath/gen_mlt_lane[3].u_mlt/weight_window_w[1]
    SLICE_X53Y68         LUT6 (Prop_lut6_I0_O)        0.124     4.944 r  u_tile_core/u_datapath/gen_mlt_lane[3].u_mlt/mul_stage_r[3][2]_i_2/O
                         net (fo=1, routed)           0.751     5.695    u_tile_core/u_datapath/gen_mlt_lane[3].u_mlt/mul_stage_r[3][2]_i_2_n_0
    SLICE_X53Y69         CARRY4 (Prop_carry4_DI[3]_CO[3])
                                                      0.385     6.080 r  u_tile_core/u_datapath/gen_mlt_lane[3].u_mlt/mul_stage_r_reg[3][2]_i_1/CO[3]
                         net (fo=1, routed)           0.000     6.080    u_tile_core/u_datapath/gen_mlt_lane[3].u_mlt/mul_stage_r_reg[3][2]_i_1_n_0
    SLICE_X53Y70         CARRY4 (Prop_carry4_CI_O[3])
                                                      0.313     6.393 r  u_tile_core/u_datapath/gen_mlt_lane[3].u_mlt/mul_stage_r_reg[3][11]_i_13/O[3]
                         net (fo=2, routed)           0.857     7.251    u_tile_core/u_datapath/gen_mlt_lane[3].u_mlt/mul_stage_r_reg[3][11]_i_13_n_4
    SLICE_X55Y70         LUT3 (Prop_lut3_I2_O)        0.331     7.582 r  u_tile_core/u_datapath/gen_mlt_lane[3].u_mlt/mul_stage_r[3][11]_i_5/O
                         net (fo=2, routed)           0.834     8.415    u_tile_core/u_datapath/gen_mlt_lane[3].u_mlt/mul_stage_r[3][11]_i_5_n_0
    SLICE_X55Y71         LUT4 (Prop_lut4_I3_O)        0.332     8.747 r  u_tile_core/u_datapath/gen_mlt_lane[3].u_mlt/mul_stage_r[3][11]_i_9/O
                         net (fo=1, routed)           0.000     8.747    u_tile_core/u_datapath/gen_mlt_lane[3].u_mlt/mul_stage_r[3][11]_i_9_n_0
    SLICE_X55Y71         CARRY4 (Prop_carry4_S[0]_CO[3])
                                                      0.532     9.279 r  u_tile_core/u_datapath/gen_mlt_lane[3].u_mlt/mul_stage_r_reg[3][11]_i_1/CO[3]
                         net (fo=1, routed)           0.000     9.279    u_tile_core/u_datapath/gen_mlt_lane[3].u_mlt/mul_stage_r_reg[3][11]_i_1_n_0
    SLICE_X55Y72         CARRY4 (Prop_carry4_CI_O[0])
                                                      0.223     9.502 r  u_tile_core/u_datapath/gen_mlt_lane[3].u_mlt/mul_stage_r_reg[3][15]_i_1/O[0]
                         net (fo=1, routed)           0.000     9.502    u_tile_core/u_datapath/gen_mlt_lane[3].u_mlt_n_3
    SLICE_X55Y72         FDCE                                         r  u_tile_core/u_datapath/mul_stage_r_reg[3][12]/D
  -------------------------------------------------------------------    -------------------

                         (clock aclk rise edge)      10.000    10.000 r  
                                                      0.000    10.000 r  aclk (IN)
                         net (fo=804, unset)          0.924    10.924    u_tile_core/u_datapath/aclk
    SLICE_X55Y72         FDCE                                         r  u_tile_core/u_datapath/mul_stage_r_reg[3][12]/C
                         clock pessimism              0.000    10.924    
                         clock uncertainty           -0.235    10.689    
    SLICE_X55Y72         FDCE (Setup_fdce_C_D)        0.062    10.751    u_tile_core/u_datapath/mul_stage_r_reg[3][12]
  -------------------------------------------------------------------
                         required time                         10.751    
                         arrival time                          -9.502    
  -------------------------------------------------------------------
                         slack                                  1.249    

Slack (MET) :             1.291ns  (required time - arrival time)
  Source:                 u_tile_core/u_weight_mem/gen_weight_bram_lane[2].mem_r_reg/CLKBWRCLK
                            (rising edge-triggered cell RAMB18E1 clocked by aclk  {rise@0.000ns fall@5.000ns period=10.000ns})
  Destination:            u_tile_core/u_datapath/mul_stage_r_reg[2][14]/D
                            (rising edge-triggered cell FDCE clocked by aclk  {rise@0.000ns fall@5.000ns period=10.000ns})
  Path Group:             aclk
  Path Type:              Setup (Max at Slow Process Corner)
  Requirement:            10.000ns  (aclk rise@10.000ns - aclk rise@0.000ns)
  Data Path Delay:        8.487ns  (logic 5.109ns (60.195%)  route 3.378ns (39.805%))
  Logic Levels:           8  (CARRY4=4 LUT2=1 LUT3=1 LUT4=1 LUT6=1)
  Clock Path Skew:        -0.049ns (DCD - SCD + CPR)
    Destination Clock Delay (DCD):    0.924ns = ( 10.924 - 10.000 ) 
    Source Clock Delay      (SCD):    0.973ns
    Clock Pessimism Removal (CPR):    0.000ns
  Clock Uncertainty:      0.235ns  ((TSJ^2 + TIJ^2)^1/2 + DJ) / 2 + PE + UU
    Total System Jitter     (TSJ):    0.071ns
    Total Input Jitter      (TIJ):    0.000ns
    Discrete Jitter          (DJ):    0.000ns
    Phase Error              (PE):    0.000ns
    User Uncertainty         (UU):    0.200ns

    Location             Delay type                Incr(ns)  Path(ns)    Netlist Resource(s)
  -------------------------------------------------------------------    -------------------
                         (clock aclk rise edge)       0.000     0.000 r  
                                                      0.000     0.000 r  aclk (IN)
                         net (fo=804, unset)          0.973     0.973    u_tile_core/u_weight_mem/aclk
    RAMB18_X3Y30         RAMB18E1                                     r  u_tile_core/u_weight_mem/gen_weight_bram_lane[2].mem_r_reg/CLKBWRCLK
  -------------------------------------------------------------------    -------------------
    RAMB18_X3Y30         RAMB18E1 (Prop_ramb18e1_CLKBWRCLK_DOBDO[3])
                                                      2.454     3.427 f  u_tile_core/u_weight_mem/gen_weight_bram_lane[2].mem_r_reg/DOBDO[3]
                         net (fo=16, routed)          1.345     4.772    u_tile_core/u_datapath/gen_mlt_lane[2].u_mlt/weight_window_w[3]
    SLICE_X45Y71         LUT2 (Prop_lut2_I1_O)        0.150     4.922 r  u_tile_core/u_datapath/gen_mlt_lane[2].u_mlt/mul_stage_r[2][3]_i_10/O
                         net (fo=1, routed)           0.583     5.505    u_tile_core/u_window_generator/mul_stage_r_reg[2][3]_i_2
    SLICE_X49Y71         LUT6 (Prop_lut6_I1_O)        0.326     5.831 r  u_tile_core/u_window_generator/mul_stage_r[2][3]_i_6/O
                         net (fo=1, routed)           0.000     5.831    u_tile_core/u_datapath/gen_mlt_lane[2].u_mlt/mul_stage_r_reg[2][3][3]
    SLICE_X49Y71         CARRY4 (Prop_carry4_S[3]_CO[3])
                                                      0.401     6.232 r  u_tile_core/u_datapath/gen_mlt_lane[2].u_mlt/mul_stage_r_reg[2][3]_i_2/CO[3]
                         net (fo=1, routed)           0.000     6.232    u_tile_core/u_datapath/gen_mlt_lane[2].u_mlt/mul_stage_r_reg[2][3]_i_2_n_0
    SLICE_X49Y72         CARRY4 (Prop_carry4_CI_O[1])
                                                      0.334     6.566 r  u_tile_core/u_datapath/gen_mlt_lane[2].u_mlt/mul_stage_r_reg[2][11]_i_10/O[1]
                         net (fo=2, routed)           0.784     7.350    u_tile_core/u_datapath/gen_mlt_lane[2].u_mlt/mul_stage_r_reg[2][11]_i_10_n_6
    SLICE_X51Y71         LUT3 (Prop_lut3_I1_O)        0.329     7.679 r  u_tile_core/u_datapath/gen_mlt_lane[2].u_mlt/mul_stage_r[2][11]_i_4/O
                         net (fo=2, routed)           0.666     8.345    u_tile_core/u_datapath/gen_mlt_lane[2].u_mlt/mul_stage_r[2][11]_i_4_n_0
    SLICE_X51Y71         LUT4 (Prop_lut4_I3_O)        0.326     8.671 r  u_tile_core/u_datapath/gen_mlt_lane[2].u_mlt/mul_stage_r[2][11]_i_8/O
                         net (fo=1, routed)           0.000     8.671    u_tile_core/u_datapath/gen_mlt_lane[2].u_mlt/mul_stage_r[2][11]_i_8_n_0
    SLICE_X51Y71         CARRY4 (Prop_carry4_S[1]_CO[3])
                                                      0.550     9.221 r  u_tile_core/u_datapath/gen_mlt_lane[2].u_mlt/mul_stage_r_reg[2][11]_i_1/CO[3]
                         net (fo=1, routed)           0.000     9.221    u_tile_core/u_datapath/gen_mlt_lane[2].u_mlt/mul_stage_r_reg[2][11]_i_1_n_0
    SLICE_X51Y72         CARRY4 (Prop_carry4_CI_O[2])
                                                      0.239     9.460 r  u_tile_core/u_datapath/gen_mlt_lane[2].u_mlt/mul_stage_r_reg[2][15]_i_1/O[2]
                         net (fo=1, routed)           0.000     9.460    u_tile_core/u_datapath/gen_mlt_lane[2].u_mlt_n_1
    SLICE_X51Y72         FDCE                                         r  u_tile_core/u_datapath/mul_stage_r_reg[2][14]/D
  -------------------------------------------------------------------    -------------------

                         (clock aclk rise edge)      10.000    10.000 r  
                                                      0.000    10.000 r  aclk (IN)
                         net (fo=804, unset)          0.924    10.924    u_tile_core/u_datapath/aclk
    SLICE_X51Y72         FDCE                                         r  u_tile_core/u_datapath/mul_stage_r_reg[2][14]/C
                         clock pessimism              0.000    10.924    
                         clock uncertainty           -0.235    10.689    
    SLICE_X51Y72         FDCE (Setup_fdce_C_D)        0.062    10.751    u_tile_core/u_datapath/mul_stage_r_reg[2][14]
  -------------------------------------------------------------------
                         required time                         10.751    
                         arrival time                          -9.460    
  -------------------------------------------------------------------
                         slack                                  1.291    

Slack (MET) :             1.307ns  (required time - arrival time)
  Source:                 u_tile_core/u_weight_mem/gen_weight_bram_lane[2].mem_r_reg/CLKBWRCLK
                            (rising edge-triggered cell RAMB18E1 clocked by aclk  {rise@0.000ns fall@5.000ns period=10.000ns})
  Destination:            u_tile_core/u_datapath/mul_stage_r_reg[2][12]/D
                            (rising edge-triggered cell FDCE clocked by aclk  {rise@0.000ns fall@5.000ns period=10.000ns})
  Path Group:             aclk
  Path Type:              Setup (Max at Slow Process Corner)
  Requirement:            10.000ns  (aclk rise@10.000ns - aclk rise@0.000ns)
  Data Path Delay:        8.471ns  (logic 5.093ns (60.120%)  route 3.378ns (39.880%))
  Logic Levels:           8  (CARRY4=4 LUT2=1 LUT3=1 LUT4=1 LUT6=1)
  Clock Path Skew:        -0.049ns (DCD - SCD + CPR)
    Destination Clock Delay (DCD):    0.924ns = ( 10.924 - 10.000 ) 
    Source Clock Delay      (SCD):    0.973ns
    Clock Pessimism Removal (CPR):    0.000ns
  Clock Uncertainty:      0.235ns  ((TSJ^2 + TIJ^2)^1/2 + DJ) / 2 + PE + UU
    Total System Jitter     (TSJ):    0.071ns
    Total Input Jitter      (TIJ):    0.000ns
    Discrete Jitter          (DJ):    0.000ns
    Phase Error              (PE):    0.000ns
    User Uncertainty         (UU):    0.200ns

    Location             Delay type                Incr(ns)  Path(ns)    Netlist Resource(s)
  -------------------------------------------------------------------    -------------------
                         (clock aclk rise edge)       0.000     0.000 r  
                                                      0.000     0.000 r  aclk (IN)
                         net (fo=804, unset)          0.973     0.973    u_tile_core/u_weight_mem/aclk
    RAMB18_X3Y30         RAMB18E1                                     r  u_tile_core/u_weight_mem/gen_weight_bram_lane[2].mem_r_reg/CLKBWRCLK
  -------------------------------------------------------------------    -------------------
    RAMB18_X3Y30         RAMB18E1 (Prop_ramb18e1_CLKBWRCLK_DOBDO[3])
                                                      2.454     3.427 f  u_tile_core/u_weight_mem/gen_weight_bram_lane[2].mem_r_reg/DOBDO[3]
                         net (fo=16, routed)          1.345     4.772    u_tile_core/u_datapath/gen_mlt_lane[2].u_mlt/weight_window_w[3]
    SLICE_X45Y71         LUT2 (Prop_lut2_I1_O)        0.150     4.922 r  u_tile_core/u_datapath/gen_mlt_lane[2].u_mlt/mul_stage_r[2][3]_i_10/O
                         net (fo=1, routed)           0.583     5.505    u_tile_core/u_window_generator/mul_stage_r_reg[2][3]_i_2
    SLICE_X49Y71         LUT6 (Prop_lut6_I1_O)        0.326     5.831 r  u_tile_core/u_window_generator/mul_stage_r[2][3]_i_6/O
                         net (fo=1, routed)           0.000     5.831    u_tile_core/u_datapath/gen_mlt_lane[2].u_mlt/mul_stage_r_reg[2][3][3]
    SLICE_X49Y71         CARRY4 (Prop_carry4_S[3]_CO[3])
                                                      0.401     6.232 r  u_tile_core/u_datapath/gen_mlt_lane[2].u_mlt/mul_stage_r_reg[2][3]_i_2/CO[3]
                         net (fo=1, routed)           0.000     6.232    u_tile_core/u_datapath/gen_mlt_lane[2].u_mlt/mul_stage_r_reg[2][3]_i_2_n_0
    SLICE_X49Y72         CARRY4 (Prop_carry4_CI_O[1])
                                                      0.334     6.566 r  u_tile_core/u_datapath/gen_mlt_lane[2].u_mlt/mul_stage_r_reg[2][11]_i_10/O[1]
                         net (fo=2, routed)           0.784     7.350    u_tile_core/u_datapath/gen_mlt_lane[2].u_mlt/mul_stage_r_reg[2][11]_i_10_n_6
    SLICE_X51Y71         LUT3 (Prop_lut3_I1_O)        0.329     7.679 r  u_tile_core/u_datapath/gen_mlt_lane[2].u_mlt/mul_stage_r[2][11]_i_4/O
                         net (fo=2, routed)           0.666     8.345    u_tile_core/u_datapath/gen_mlt_lane[2].u_mlt/mul_stage_r[2][11]_i_4_n_0
    SLICE_X51Y71         LUT4 (Prop_lut4_I3_O)        0.326     8.671 r  u_tile_core/u_datapath/gen_mlt_lane[2].u_mlt/mul_stage_r[2][11]_i_8/O
                         net (fo=1, routed)           0.000     8.671    u_tile_core/u_datapath/gen_mlt_lane[2].u_mlt/mul_stage_r[2][11]_i_8_n_0
    SLICE_X51Y71         CARRY4 (Prop_carry4_S[1]_CO[3])
                                                      0.550     9.221 r  u_tile_core/u_datapath/gen_mlt_lane[2].u_mlt/mul_stage_r_reg[2][11]_i_1/CO[3]
                         net (fo=1, routed)           0.000     9.221    u_tile_core/u_datapath/gen_mlt_lane[2].u_mlt/mul_stage_r_reg[2][11]_i_1_n_0
    SLICE_X51Y72         CARRY4 (Prop_carry4_CI_O[0])
                                                      0.223     9.444 r  u_tile_core/u_datapath/gen_mlt_lane[2].u_mlt/mul_stage_r_reg[2][15]_i_1/O[0]
                         net (fo=1, routed)           0.000     9.444    u_tile_core/u_datapath/gen_mlt_lane[2].u_mlt_n_3
    SLICE_X51Y72         FDCE                                         r  u_tile_core/u_datapath/mul_stage_r_reg[2][12]/D
  -------------------------------------------------------------------    -------------------

                         (clock aclk rise edge)      10.000    10.000 r  
                                                      0.000    10.000 r  aclk (IN)
                         net (fo=804, unset)          0.924    10.924    u_tile_core/u_datapath/aclk
    SLICE_X51Y72         FDCE                                         r  u_tile_core/u_datapath/mul_stage_r_reg[2][12]/C
                         clock pessimism              0.000    10.924    
                         clock uncertainty           -0.235    10.689    
    SLICE_X51Y72         FDCE (Setup_fdce_C_D)        0.062    10.751    u_tile_core/u_datapath/mul_stage_r_reg[2][12]
  -------------------------------------------------------------------
                         required time                         10.751    
                         arrival time                          -9.444    
  -------------------------------------------------------------------
                         slack                                  1.307    

Slack (MET) :             1.326ns  (required time - arrival time)
  Source:                 u_tile_core/u_weight_mem/gen_weight_bram_lane[4].mem_r_reg/CLKBWRCLK
                            (rising edge-triggered cell RAMB18E1 clocked by aclk  {rise@0.000ns fall@5.000ns period=10.000ns})
  Destination:            u_tile_core/u_datapath/mul_stage_r_reg[4][13]/D
                            (rising edge-triggered cell FDCE clocked by aclk  {rise@0.000ns fall@5.000ns period=10.000ns})
  Path Group:             aclk
  Path Type:              Setup (Max at Slow Process Corner)
  Requirement:            10.000ns  (aclk rise@10.000ns - aclk rise@0.000ns)
  Data Path Delay:        8.499ns  (logic 4.817ns (56.681%)  route 3.682ns (43.319%))
  Logic Levels:           8  (CARRY4=4 LUT3=1 LUT4=1 LUT6=2)
  Clock Path Skew:        -0.049ns (DCD - SCD + CPR)
    Destination Clock Delay (DCD):    0.924ns = ( 10.924 - 10.000 ) 
    Source Clock Delay      (SCD):    0.973ns
    Clock Pessimism Removal (CPR):    0.000ns
  Clock Uncertainty:      0.235ns  ((TSJ^2 + TIJ^2)^1/2 + DJ) / 2 + PE + UU
    Total System Jitter     (TSJ):    0.071ns
    Total Input Jitter      (TIJ):    0.000ns
    Discrete Jitter          (DJ):    0.000ns
    Phase Error              (PE):    0.000ns
    User Uncertainty         (UU):    0.200ns

    Location             Delay type                Incr(ns)  Path(ns)    Netlist Resource(s)
  -------------------------------------------------------------------    -------------------
                         (clock aclk rise edge)       0.000     0.000 r  
                                                      0.000     0.000 r  aclk (IN)
                         net (fo=804, unset)          0.973     0.973    u_tile_core/u_weight_mem/aclk
    RAMB18_X3Y26         RAMB18E1                                     r  u_tile_core/u_weight_mem/gen_weight_bram_lane[4].mem_r_reg/CLKBWRCLK
  -------------------------------------------------------------------    -------------------
    RAMB18_X3Y26         RAMB18E1 (Prop_ramb18e1_CLKBWRCLK_DOBDO[2])
                                                      2.454     3.427 r  u_tile_core/u_weight_mem/gen_weight_bram_lane[4].mem_r_reg/DOBDO[2]
                         net (fo=16, routed)          1.382     4.809    u_tile_core/u_datapath/gen_mlt_lane[4].u_mlt/weight_window_w[2]
    SLICE_X65Y66         LUT6 (Prop_lut6_I0_O)        0.124     4.933 r  u_tile_core/u_datapath/gen_mlt_lane[4].u_mlt/mul_stage_r[4][11]_i_33/O
                         net (fo=2, routed)           0.644     5.577    u_tile_core/u_datapath/gen_mlt_lane[4].u_mlt/mul_stage_r[4][11]_i_33_n_0
    SLICE_X64Y66         LUT6 (Prop_lut6_I0_O)        0.124     5.701 r  u_tile_core/u_datapath/gen_mlt_lane[4].u_mlt/mul_stage_r[4][11]_i_37/O
                         net (fo=1, routed)           0.000     5.701    u_tile_core/u_datapath/gen_mlt_lane[4].u_mlt/mul_stage_r[4][11]_i_37_n_0
    SLICE_X64Y66         CARRY4 (Prop_carry4_S[3]_CO[3])
                                                      0.401     6.102 r  u_tile_core/u_datapath/gen_mlt_lane[4].u_mlt/mul_stage_r_reg[4][11]_i_13/CO[3]
                         net (fo=1, routed)           0.000     6.102    u_tile_core/u_datapath/gen_mlt_lane[4].u_mlt/mul_stage_r_reg[4][11]_i_13_n_0
    SLICE_X64Y67         CARRY4 (Prop_carry4_CI_O[1])
                                                      0.334     6.436 r  u_tile_core/u_datapath/gen_mlt_lane[4].u_mlt/mul_stage_r_reg[4][11]_i_11/O[1]
                         net (fo=2, routed)           0.796     7.232    u_tile_core/u_datapath/gen_mlt_lane[4].u_mlt/mul_stage_r_reg[4][11]_i_11_n_6
    SLICE_X62Y67         LUT3 (Prop_lut3_I2_O)        0.329     7.561 r  u_tile_core/u_datapath/gen_mlt_lane[4].u_mlt/mul_stage_r[4][11]_i_3/O
                         net (fo=2, routed)           0.859     8.421    u_tile_core/u_datapath/gen_mlt_lane[4].u_mlt/mul_stage_r[4][11]_i_3_n_0
    SLICE_X62Y67         LUT4 (Prop_lut4_I0_O)        0.348     8.769 r  u_tile_core/u_datapath/gen_mlt_lane[4].u_mlt/mul_stage_r[4][11]_i_7/O
                         net (fo=1, routed)           0.000     8.769    u_tile_core/u_datapath/gen_mlt_lane[4].u_mlt/mul_stage_r[4][11]_i_7_n_0
    SLICE_X62Y67         CARRY4 (Prop_carry4_S[2]_CO[3])
                                                      0.380     9.149 r  u_tile_core/u_datapath/gen_mlt_lane[4].u_mlt/mul_stage_r_reg[4][11]_i_1/CO[3]
                         net (fo=1, routed)           0.000     9.149    u_tile_core/u_datapath/gen_mlt_lane[4].u_mlt/mul_stage_r_reg[4][11]_i_1_n_0
    SLICE_X62Y68         CARRY4 (Prop_carry4_CI_O[1])
                                                      0.323     9.472 r  u_tile_core/u_datapath/gen_mlt_lane[4].u_mlt/mul_stage_r_reg[4][15]_i_1/O[1]
                         net (fo=1, routed)           0.000     9.472    u_tile_core/u_datapath/gen_mlt_lane[4].u_mlt_n_2
    SLICE_X62Y68         FDCE                                         r  u_tile_core/u_datapath/mul_stage_r_reg[4][13]/D
  -------------------------------------------------------------------    -------------------

                         (clock aclk rise edge)      10.000    10.000 r  
                                                      0.000    10.000 r  aclk (IN)
                         net (fo=804, unset)          0.924    10.924    u_tile_core/u_datapath/aclk
    SLICE_X62Y68         FDCE                                         r  u_tile_core/u_datapath/mul_stage_r_reg[4][13]/C
                         clock pessimism              0.000    10.924    
                         clock uncertainty           -0.235    10.689    
    SLICE_X62Y68         FDCE (Setup_fdce_C_D)        0.109    10.798    u_tile_core/u_datapath/mul_stage_r_reg[4][13]
  -------------------------------------------------------------------
                         required time                         10.798    
                         arrival time                          -9.472    
  -------------------------------------------------------------------
                         slack                                  1.326    

Slack (MET) :             1.334ns  (required time - arrival time)
  Source:                 u_tile_core/u_weight_mem/gen_weight_bram_lane[4].mem_r_reg/CLKBWRCLK
                            (rising edge-triggered cell RAMB18E1 clocked by aclk  {rise@0.000ns fall@5.000ns period=10.000ns})
  Destination:            u_tile_core/u_datapath/mul_stage_r_reg[4][15]/D
                            (rising edge-triggered cell FDCE clocked by aclk  {rise@0.000ns fall@5.000ns period=10.000ns})
  Path Group:             aclk
  Path Type:              Setup (Max at Slow Process Corner)
  Requirement:            10.000ns  (aclk rise@10.000ns - aclk rise@0.000ns)
  Data Path Delay:        8.491ns  (logic 4.809ns (56.640%)  route 3.682ns (43.360%))
  Logic Levels:           8  (CARRY4=4 LUT3=1 LUT4=1 LUT6=2)
  Clock Path Skew:        -0.049ns (DCD - SCD + CPR)
    Destination Clock Delay (DCD):    0.924ns = ( 10.924 - 10.000 ) 
    Source Clock Delay      (SCD):    0.973ns
    Clock Pessimism Removal (CPR):    0.000ns
  Clock Uncertainty:      0.235ns  ((TSJ^2 + TIJ^2)^1/2 + DJ) / 2 + PE + UU
    Total System Jitter     (TSJ):    0.071ns
    Total Input Jitter      (TIJ):    0.000ns
    Discrete Jitter          (DJ):    0.000ns
    Phase Error              (PE):    0.000ns
    User Uncertainty         (UU):    0.200ns

    Location             Delay type                Incr(ns)  Path(ns)    Netlist Resource(s)
  -------------------------------------------------------------------    -------------------
                         (clock aclk rise edge)       0.000     0.000 r  
                                                      0.000     0.000 r  aclk (IN)
                         net (fo=804, unset)          0.973     0.973    u_tile_core/u_weight_mem/aclk
    RAMB18_X3Y26         RAMB18E1                                     r  u_tile_core/u_weight_mem/gen_weight_bram_lane[4].mem_r_reg/CLKBWRCLK
  -------------------------------------------------------------------    -------------------
    RAMB18_X3Y26         RAMB18E1 (Prop_ramb18e1_CLKBWRCLK_DOBDO[2])
                                                      2.454     3.427 r  u_tile_core/u_weight_mem/gen_weight_bram_lane[4].mem_r_reg/DOBDO[2]
                         net (fo=16, routed)          1.382     4.809    u_tile_core/u_datapath/gen_mlt_lane[4].u_mlt/weight_window_w[2]
    SLICE_X65Y66         LUT6 (Prop_lut6_I0_O)        0.124     4.933 r  u_tile_core/u_datapath/gen_mlt_lane[4].u_mlt/mul_stage_r[4][11]_i_33/O
                         net (fo=2, routed)           0.644     5.577    u_tile_core/u_datapath/gen_mlt_lane[4].u_mlt/mul_stage_r[4][11]_i_33_n_0
    SLICE_X64Y66         LUT6 (Prop_lut6_I0_O)        0.124     5.701 r  u_tile_core/u_datapath/gen_mlt_lane[4].u_mlt/mul_stage_r[4][11]_i_37/O
                         net (fo=1, routed)           0.000     5.701    u_tile_core/u_datapath/gen_mlt_lane[4].u_mlt/mul_stage_r[4][11]_i_37_n_0
    SLICE_X64Y66         CARRY4 (Prop_carry4_S[3]_CO[3])
                                                      0.401     6.102 r  u_tile_core/u_datapath/gen_mlt_lane[4].u_mlt/mul_stage_r_reg[4][11]_i_13/CO[3]
                         net (fo=1, routed)           0.000     6.102    u_tile_core/u_datapath/gen_mlt_lane[4].u_mlt/mul_stage_r_reg[4][11]_i_13_n_0
    SLICE_X64Y67         CARRY4 (Prop_carry4_CI_O[1])
                                                      0.334     6.436 r  u_tile_core/u_datapath/gen_mlt_lane[4].u_mlt/mul_stage_r_reg[4][11]_i_11/O[1]
                         net (fo=2, routed)           0.796     7.232    u_tile_core/u_datapath/gen_mlt_lane[4].u_mlt/mul_stage_r_reg[4][11]_i_11_n_6
    SLICE_X62Y67         LUT3 (Prop_lut3_I2_O)        0.329     7.561 r  u_tile_core/u_datapath/gen_mlt_lane[4].u_mlt/mul_stage_r[4][11]_i_3/O
                         net (fo=2, routed)           0.859     8.421    u_tile_core/u_datapath/gen_mlt_lane[4].u_mlt/mul_stage_r[4][11]_i_3_n_0
    SLICE_X62Y67         LUT4 (Prop_lut4_I0_O)        0.348     8.769 r  u_tile_core/u_datapath/gen_mlt_lane[4].u_mlt/mul_stage_r[4][11]_i_7/O
                         net (fo=1, routed)           0.000     8.769    u_tile_core/u_datapath/gen_mlt_lane[4].u_mlt/mul_stage_r[4][11]_i_7_n_0
    SLICE_X62Y67         CARRY4 (Prop_carry4_S[2]_CO[3])
                                                      0.380     9.149 r  u_tile_core/u_datapath/gen_mlt_lane[4].u_mlt/mul_stage_r_reg[4][11]_i_1/CO[3]
                         net (fo=1, routed)           0.000     9.149    u_tile_core/u_datapath/gen_mlt_lane[4].u_mlt/mul_stage_r_reg[4][11]_i_1_n_0
    SLICE_X62Y68         CARRY4 (Prop_carry4_CI_O[3])
                                                      0.315     9.464 r  u_tile_core/u_datapath/gen_mlt_lane[4].u_mlt/mul_stage_r_reg[4][15]_i_1/O[3]
                         net (fo=1, routed)           0.000     9.464    u_tile_core/u_datapath/gen_mlt_lane[4].u_mlt_n_0
    SLICE_X62Y68         FDCE                                         r  u_tile_core/u_datapath/mul_stage_r_reg[4][15]/D
  -------------------------------------------------------------------    -------------------

                         (clock aclk rise edge)      10.000    10.000 r  
                                                      0.000    10.000 r  aclk (IN)
                         net (fo=804, unset)          0.924    10.924    u_tile_core/u_datapath/aclk
    SLICE_X62Y68         FDCE                                         r  u_tile_core/u_datapath/mul_stage_r_reg[4][15]/C
                         clock pessimism              0.000    10.924    
                         clock uncertainty           -0.235    10.689    
    SLICE_X62Y68         FDCE (Setup_fdce_C_D)        0.109    10.798    u_tile_core/u_datapath/mul_stage_r_reg[4][15]
  -------------------------------------------------------------------
                         required time                         10.798    
                         arrival time                          -9.464    
  -------------------------------------------------------------------
                         slack                                  1.334    

Slack (MET) :             1.350ns  (required time - arrival time)
  Source:                 u_tile_core/u_weight_mem/gen_weight_bram_lane[1].mem_r_reg/CLKBWRCLK
                            (rising edge-triggered cell RAMB18E1 clocked by aclk  {rise@0.000ns fall@5.000ns period=10.000ns})
  Destination:            u_tile_core/u_datapath/mul_stage_r_reg[1][13]/D
                            (rising edge-triggered cell FDCE clocked by aclk  {rise@0.000ns fall@5.000ns period=10.000ns})
  Path Group:             aclk
  Path Type:              Setup (Max at Slow Process Corner)
  Requirement:            10.000ns  (aclk rise@10.000ns - aclk rise@0.000ns)
  Data Path Delay:        8.428ns  (logic 5.045ns (59.859%)  route 3.383ns (40.141%))
  Logic Levels:           7  (CARRY4=4 LUT2=1 LUT3=1 LUT6=1)
  Clock Path Skew:        -0.049ns (DCD - SCD + CPR)
    Destination Clock Delay (DCD):    0.924ns = ( 10.924 - 10.000 ) 
    Source Clock Delay      (SCD):    0.973ns
    Clock Pessimism Removal (CPR):    0.000ns
  Clock Uncertainty:      0.235ns  ((TSJ^2 + TIJ^2)^1/2 + DJ) / 2 + PE + UU
    Total System Jitter     (TSJ):    0.071ns
    Total Input Jitter      (TIJ):    0.000ns
    Discrete Jitter          (DJ):    0.000ns
    Phase Error              (PE):    0.000ns
    User Uncertainty         (UU):    0.200ns

    Location             Delay type                Incr(ns)  Path(ns)    Netlist Resource(s)
  -------------------------------------------------------------------    -------------------
                         (clock aclk rise edge)       0.000     0.000 r  
                                                      0.000     0.000 r  aclk (IN)
                         net (fo=804, unset)          0.973     0.973    u_tile_core/u_weight_mem/aclk
    RAMB18_X3Y28         RAMB18E1                                     r  u_tile_core/u_weight_mem/gen_weight_bram_lane[1].mem_r_reg/CLKBWRCLK
  -------------------------------------------------------------------    -------------------
    RAMB18_X3Y28         RAMB18E1 (Prop_ramb18e1_CLKBWRCLK_DOBDO[3])
                                                      2.454     3.427 f  u_tile_core/u_weight_mem/gen_weight_bram_lane[1].mem_r_reg/DOBDO[3]
                         net (fo=16, routed)          1.357     4.784    u_tile_core/u_datapath/gen_mlt_lane[1].u_mlt/weight_window_w[3]
    SLICE_X63Y71         LUT2 (Prop_lut2_I1_O)        0.152     4.936 r  u_tile_core/u_datapath/gen_mlt_lane[1].u_mlt/mul_stage_r[1][3]_i_10/O
                         net (fo=1, routed)           0.571     5.507    u_tile_core/u_window_generator/mul_stage_r_reg[1][3]_i_2
    SLICE_X61Y71         LUT6 (Prop_lut6_I1_O)        0.332     5.839 r  u_tile_core/u_window_generator/mul_stage_r[1][3]_i_6/O
                         net (fo=1, routed)           0.000     5.839    u_tile_core/u_datapath/gen_mlt_lane[1].u_mlt/mul_stage_r_reg[1][3][3]
    SLICE_X61Y71         CARRY4 (Prop_carry4_S[3]_CO[3])
                                                      0.401     6.240 r  u_tile_core/u_datapath/gen_mlt_lane[1].u_mlt/mul_stage_r_reg[1][3]_i_2/CO[3]
                         net (fo=1, routed)           0.000     6.240    u_tile_core/u_datapath/gen_mlt_lane[1].u_mlt/mul_stage_r_reg[1][3]_i_2_n_0
    SLICE_X61Y72         CARRY4 (Prop_carry4_CI_O[1])
                                                      0.334     6.574 r  u_tile_core/u_datapath/gen_mlt_lane[1].u_mlt/mul_stage_r_reg[1][11]_i_10/O[1]
                         net (fo=2, routed)           0.793     7.367    u_tile_core/u_datapath/gen_mlt_lane[1].u_mlt/mul_stage_r_reg[1][11]_i_10_n_6
    SLICE_X60Y71         LUT3 (Prop_lut3_I1_O)        0.329     7.696 r  u_tile_core/u_datapath/gen_mlt_lane[1].u_mlt/mul_stage_r[1][11]_i_4/O
                         net (fo=2, routed)           0.662     8.358    u_tile_core/u_datapath/gen_mlt_lane[1].u_mlt/mul_stage_r[1][11]_i_4_n_0
    SLICE_X60Y71         CARRY4 (Prop_carry4_DI[1]_CO[3])
                                                      0.709     9.067 r  u_tile_core/u_datapath/gen_mlt_lane[1].u_mlt/mul_stage_r_reg[1][11]_i_1/CO[3]
                         net (fo=1, routed)           0.000     9.067    u_tile_core/u_datapath/gen_mlt_lane[1].u_mlt/mul_stage_r_reg[1][11]_i_1_n_0
    SLICE_X60Y72         CARRY4 (Prop_carry4_CI_O[1])
                                                      0.334     9.401 r  u_tile_core/u_datapath/gen_mlt_lane[1].u_mlt/mul_stage_r_reg[1][15]_i_1/O[1]
                         net (fo=1, routed)           0.000     9.401    u_tile_core/u_datapath/gen_mlt_lane[1].u_mlt_n_2
    SLICE_X60Y72         FDCE                                         r  u_tile_core/u_datapath/mul_stage_r_reg[1][13]/D
  -------------------------------------------------------------------    -------------------

                         (clock aclk rise edge)      10.000    10.000 r  
                                                      0.000    10.000 r  aclk (IN)
                         net (fo=804, unset)          0.924    10.924    u_tile_core/u_datapath/aclk
    SLICE_X60Y72         FDCE                                         r  u_tile_core/u_datapath/mul_stage_r_reg[1][13]/C
                         clock pessimism              0.000    10.924    
                         clock uncertainty           -0.235    10.689    
    SLICE_X60Y72         FDCE (Setup_fdce_C_D)        0.062    10.751    u_tile_core/u_datapath/mul_stage_r_reg[1][13]
  -------------------------------------------------------------------
                         required time                         10.751    
                         arrival time                          -9.401    
  -------------------------------------------------------------------
                         slack                                  1.350    

Slack (MET) :             1.371ns  (required time - arrival time)
  Source:                 u_tile_core/u_weight_mem/gen_weight_bram_lane[1].mem_r_reg/CLKBWRCLK
                            (rising edge-triggered cell RAMB18E1 clocked by aclk  {rise@0.000ns fall@5.000ns period=10.000ns})
  Destination:            u_tile_core/u_datapath/mul_stage_r_reg[1][15]/D
                            (rising edge-triggered cell FDCE clocked by aclk  {rise@0.000ns fall@5.000ns period=10.000ns})
  Path Group:             aclk
  Path Type:              Setup (Max at Slow Process Corner)
  Requirement:            10.000ns  (aclk rise@10.000ns - aclk rise@0.000ns)
  Data Path Delay:        8.407ns  (logic 5.024ns (59.759%)  route 3.383ns (40.241%))
  Logic Levels:           7  (CARRY4=4 LUT2=1 LUT3=1 LUT6=1)
  Clock Path Skew:        -0.049ns (DCD - SCD + CPR)
    Destination Clock Delay (DCD):    0.924ns = ( 10.924 - 10.000 ) 
    Source Clock Delay      (SCD):    0.973ns
    Clock Pessimism Removal (CPR):    0.000ns
  Clock Uncertainty:      0.235ns  ((TSJ^2 + TIJ^2)^1/2 + DJ) / 2 + PE + UU
    Total System Jitter     (TSJ):    0.071ns
    Total Input Jitter      (TIJ):    0.000ns
    Discrete Jitter          (DJ):    0.000ns
    Phase Error              (PE):    0.000ns
    User Uncertainty         (UU):    0.200ns

    Location             Delay type                Incr(ns)  Path(ns)    Netlist Resource(s)
  -------------------------------------------------------------------    -------------------
                         (clock aclk rise edge)       0.000     0.000 r  
                                                      0.000     0.000 r  aclk (IN)
                         net (fo=804, unset)          0.973     0.973    u_tile_core/u_weight_mem/aclk
    RAMB18_X3Y28         RAMB18E1                                     r  u_tile_core/u_weight_mem/gen_weight_bram_lane[1].mem_r_reg/CLKBWRCLK
  -------------------------------------------------------------------    -------------------
    RAMB18_X3Y28         RAMB18E1 (Prop_ramb18e1_CLKBWRCLK_DOBDO[3])
                                                      2.454     3.427 f  u_tile_core/u_weight_mem/gen_weight_bram_lane[1].mem_r_reg/DOBDO[3]
                         net (fo=16, routed)          1.357     4.784    u_tile_core/u_datapath/gen_mlt_lane[1].u_mlt/weight_window_w[3]
    SLICE_X63Y71         LUT2 (Prop_lut2_I1_O)        0.152     4.936 r  u_tile_core/u_datapath/gen_mlt_lane[1].u_mlt/mul_stage_r[1][3]_i_10/O
                         net (fo=1, routed)           0.571     5.507    u_tile_core/u_window_generator/mul_stage_r_reg[1][3]_i_2
    SLICE_X61Y71         LUT6 (Prop_lut6_I1_O)        0.332     5.839 r  u_tile_core/u_window_generator/mul_stage_r[1][3]_i_6/O
                         net (fo=1, routed)           0.000     5.839    u_tile_core/u_datapath/gen_mlt_lane[1].u_mlt/mul_stage_r_reg[1][3][3]
    SLICE_X61Y71         CARRY4 (Prop_carry4_S[3]_CO[3])
                                                      0.401     6.240 r  u_tile_core/u_datapath/gen_mlt_lane[1].u_mlt/mul_stage_r_reg[1][3]_i_2/CO[3]
                         net (fo=1, routed)           0.000     6.240    u_tile_core/u_datapath/gen_mlt_lane[1].u_mlt/mul_stage_r_reg[1][3]_i_2_n_0
    SLICE_X61Y72         CARRY4 (Prop_carry4_CI_O[1])
                                                      0.334     6.574 r  u_tile_core/u_datapath/gen_mlt_lane[1].u_mlt/mul_stage_r_reg[1][11]_i_10/O[1]
                         net (fo=2, routed)           0.793     7.367    u_tile_core/u_datapath/gen_mlt_lane[1].u_mlt/mul_stage_r_reg[1][11]_i_10_n_6
    SLICE_X60Y71         LUT3 (Prop_lut3_I1_O)        0.329     7.696 r  u_tile_core/u_datapath/gen_mlt_lane[1].u_mlt/mul_stage_r[1][11]_i_4/O
                         net (fo=2, routed)           0.662     8.358    u_tile_core/u_datapath/gen_mlt_lane[1].u_mlt/mul_stage_r[1][11]_i_4_n_0
    SLICE_X60Y71         CARRY4 (Prop_carry4_DI[1]_CO[3])
                                                      0.709     9.067 r  u_tile_core/u_datapath/gen_mlt_lane[1].u_mlt/mul_stage_r_reg[1][11]_i_1/CO[3]
                         net (fo=1, routed)           0.000     9.067    u_tile_core/u_datapath/gen_mlt_lane[1].u_mlt/mul_stage_r_reg[1][11]_i_1_n_0
    SLICE_X60Y72         CARRY4 (Prop_carry4_CI_O[3])
                                                      0.313     9.380 r  u_tile_core/u_datapath/gen_mlt_lane[1].u_mlt/mul_stage_r_reg[1][15]_i_1/O[3]
                         net (fo=1, routed)           0.000     9.380    u_tile_core/u_datapath/gen_mlt_lane[1].u_mlt_n_0
    SLICE_X60Y72         FDCE                                         r  u_tile_core/u_datapath/mul_stage_r_reg[1][15]/D
  -------------------------------------------------------------------    -------------------

                         (clock aclk rise edge)      10.000    10.000 r  
                                                      0.000    10.000 r  aclk (IN)
                         net (fo=804, unset)          0.924    10.924    u_tile_core/u_datapath/aclk
    SLICE_X60Y72         FDCE                                         r  u_tile_core/u_datapath/mul_stage_r_reg[1][15]/C
                         clock pessimism              0.000    10.924    
                         clock uncertainty           -0.235    10.689    
    SLICE_X60Y72         FDCE (Setup_fdce_C_D)        0.062    10.751    u_tile_core/u_datapath/mul_stage_r_reg[1][15]
  -------------------------------------------------------------------
                         required time                         10.751    
                         arrival time                          -9.380    
  -------------------------------------------------------------------
                         slack                                  1.371    

Slack (MET) :             1.398ns  (required time - arrival time)
  Source:                 u_tile_core/u_weight_mem/gen_weight_bram_lane[3].mem_r_reg/CLKBWRCLK
                            (rising edge-triggered cell RAMB18E1 clocked by aclk  {rise@0.000ns fall@5.000ns period=10.000ns})
  Destination:            u_tile_core/u_datapath/mul_stage_r_reg[3][11]/D
                            (rising edge-triggered cell FDCE clocked by aclk  {rise@0.000ns fall@5.000ns period=10.000ns})
  Path Group:             aclk
  Path Type:              Setup (Max at Slow Process Corner)
  Requirement:            10.000ns  (aclk rise@10.000ns - aclk rise@0.000ns)
  Data Path Delay:        8.380ns  (logic 4.545ns (54.234%)  route 3.835ns (45.766%))
  Logic Levels:           6  (CARRY4=3 LUT3=1 LUT4=1 LUT6=1)
  Clock Path Skew:        -0.049ns (DCD - SCD + CPR)
    Destination Clock Delay (DCD):    0.924ns = ( 10.924 - 10.000 ) 
    Source Clock Delay      (SCD):    0.973ns
    Clock Pessimism Removal (CPR):    0.000ns
  Clock Uncertainty:      0.235ns  ((TSJ^2 + TIJ^2)^1/2 + DJ) / 2 + PE + UU
    Total System Jitter     (TSJ):    0.071ns
    Total Input Jitter      (TIJ):    0.000ns
    Discrete Jitter          (DJ):    0.000ns
    Phase Error              (PE):    0.000ns
    User Uncertainty         (UU):    0.200ns

    Location             Delay type                Incr(ns)  Path(ns)    Netlist Resource(s)
  -------------------------------------------------------------------    -------------------
                         (clock aclk rise edge)       0.000     0.000 r  
                                                      0.000     0.000 r  aclk (IN)
                         net (fo=804, unset)          0.973     0.973    u_tile_core/u_weight_mem/aclk
    RAMB18_X3Y29         RAMB18E1                                     r  u_tile_core/u_weight_mem/gen_weight_bram_lane[3].mem_r_reg/CLKBWRCLK
  -------------------------------------------------------------------    -------------------
    RAMB18_X3Y29         RAMB18E1 (Prop_ramb18e1_CLKBWRCLK_DOBDO[1])
                                                      2.454     3.427 r  u_tile_core/u_weight_mem/gen_weight_bram_lane[3].mem_r_reg/DOBDO[1]
                         net (fo=17, routed)          1.393     4.820    u_tile_core/u_datapath/gen_mlt_lane[3].u_mlt/weight_window_w[1]
    SLICE_X53Y68         LUT6 (Prop_lut6_I0_O)        0.124     4.944 r  u_tile_core/u_datapath/gen_mlt_lane[3].u_mlt/mul_stage_r[3][2]_i_2/O
                         net (fo=1, routed)           0.751     5.695    u_tile_core/u_datapath/gen_mlt_lane[3].u_mlt/mul_stage_r[3][2]_i_2_n_0
    SLICE_X53Y69         CARRY4 (Prop_carry4_DI[3]_CO[3])
                                                      0.385     6.080 r  u_tile_core/u_datapath/gen_mlt_lane[3].u_mlt/mul_stage_r_reg[3][2]_i_1/CO[3]
                         net (fo=1, routed)           0.000     6.080    u_tile_core/u_datapath/gen_mlt_lane[3].u_mlt/mul_stage_r_reg[3][2]_i_1_n_0
    SLICE_X53Y70         CARRY4 (Prop_carry4_CI_O[3])
                                                      0.313     6.393 r  u_tile_core/u_datapath/gen_mlt_lane[3].u_mlt/mul_stage_r_reg[3][11]_i_13/O[3]
                         net (fo=2, routed)           0.857     7.251    u_tile_core/u_datapath/gen_mlt_lane[3].u_mlt/mul_stage_r_reg[3][11]_i_13_n_4
    SLICE_X55Y70         LUT3 (Prop_lut3_I2_O)        0.331     7.582 r  u_tile_core/u_datapath/gen_mlt_lane[3].u_mlt/mul_stage_r[3][11]_i_5/O
                         net (fo=2, routed)           0.834     8.415    u_tile_core/u_datapath/gen_mlt_lane[3].u_mlt/mul_stage_r[3][11]_i_5_n_0
    SLICE_X55Y71         LUT4 (Prop_lut4_I3_O)        0.332     8.747 r  u_tile_core/u_datapath/gen_mlt_lane[3].u_mlt/mul_stage_r[3][11]_i_9/O
                         net (fo=1, routed)           0.000     8.747    u_tile_core/u_datapath/gen_mlt_lane[3].u_mlt/mul_stage_r[3][11]_i_9_n_0
    SLICE_X55Y71         CARRY4 (Prop_carry4_S[0]_O[3])
                                                      0.606     9.353 r  u_tile_core/u_datapath/gen_mlt_lane[3].u_mlt/mul_stage_r_reg[3][11]_i_1/O[3]
                         net (fo=1, routed)           0.000     9.353    u_tile_core/u_datapath/gen_mlt_lane[3].u_mlt_n_4
    SLICE_X55Y71         FDCE                                         r  u_tile_core/u_datapath/mul_stage_r_reg[3][11]/D
  -------------------------------------------------------------------    -------------------

                         (clock aclk rise edge)      10.000    10.000 r  
                                                      0.000    10.000 r  aclk (IN)
                         net (fo=804, unset)          0.924    10.924    u_tile_core/u_datapath/aclk
    SLICE_X55Y71         FDCE                                         r  u_tile_core/u_datapath/mul_stage_r_reg[3][11]/C
                         clock pessimism              0.000    10.924    
                         clock uncertainty           -0.235    10.689    
    SLICE_X55Y71         FDCE (Setup_fdce_C_D)        0.062    10.751    u_tile_core/u_datapath/mul_stage_r_reg[3][11]
  -------------------------------------------------------------------
                         required time                         10.751    
                         arrival time                          -9.353    
  -------------------------------------------------------------------
                         slack                                  1.398    

Slack (MET) :             1.410ns  (required time - arrival time)
  Source:                 u_tile_core/u_weight_mem/gen_weight_bram_lane[4].mem_r_reg/CLKBWRCLK
                            (rising edge-triggered cell RAMB18E1 clocked by aclk  {rise@0.000ns fall@5.000ns period=10.000ns})
  Destination:            u_tile_core/u_datapath/mul_stage_r_reg[4][14]/D
                            (rising edge-triggered cell FDCE clocked by aclk  {rise@0.000ns fall@5.000ns period=10.000ns})
  Path Group:             aclk
  Path Type:              Setup (Max at Slow Process Corner)
  Requirement:            10.000ns  (aclk rise@10.000ns - aclk rise@0.000ns)
  Data Path Delay:        8.415ns  (logic 4.733ns (56.248%)  route 3.682ns (43.752%))
  Logic Levels:           8  (CARRY4=4 LUT3=1 LUT4=1 LUT6=2)
  Clock Path Skew:        -0.049ns (DCD - SCD + CPR)
    Destination Clock Delay (DCD):    0.924ns = ( 10.924 - 10.000 ) 
    Source Clock Delay      (SCD):    0.973ns
    Clock Pessimism Removal (CPR):    0.000ns
  Clock Uncertainty:      0.235ns  ((TSJ^2 + TIJ^2)^1/2 + DJ) / 2 + PE + UU
    Total System Jitter     (TSJ):    0.071ns
    Total Input Jitter      (TIJ):    0.000ns
    Discrete Jitter          (DJ):    0.000ns
    Phase Error              (PE):    0.000ns
    User Uncertainty         (UU):    0.200ns

    Location             Delay type                Incr(ns)  Path(ns)    Netlist Resource(s)
  -------------------------------------------------------------------    -------------------
                         (clock aclk rise edge)       0.000     0.000 r  
                                                      0.000     0.000 r  aclk (IN)
                         net (fo=804, unset)          0.973     0.973    u_tile_core/u_weight_mem/aclk
    RAMB18_X3Y26         RAMB18E1                                     r  u_tile_core/u_weight_mem/gen_weight_bram_lane[4].mem_r_reg/CLKBWRCLK
  -------------------------------------------------------------------    -------------------
    RAMB18_X3Y26         RAMB18E1 (Prop_ramb18e1_CLKBWRCLK_DOBDO[2])
                                                      2.454     3.427 r  u_tile_core/u_weight_mem/gen_weight_bram_lane[4].mem_r_reg/DOBDO[2]
                         net (fo=16, routed)          1.382     4.809    u_tile_core/u_datapath/gen_mlt_lane[4].u_mlt/weight_window_w[2]
    SLICE_X65Y66         LUT6 (Prop_lut6_I0_O)        0.124     4.933 r  u_tile_core/u_datapath/gen_mlt_lane[4].u_mlt/mul_stage_r[4][11]_i_33/O
                         net (fo=2, routed)           0.644     5.577    u_tile_core/u_datapath/gen_mlt_lane[4].u_mlt/mul_stage_r[4][11]_i_33_n_0
    SLICE_X64Y66         LUT6 (Prop_lut6_I0_O)        0.124     5.701 r  u_tile_core/u_datapath/gen_mlt_lane[4].u_mlt/mul_stage_r[4][11]_i_37/O
                         net (fo=1, routed)           0.000     5.701    u_tile_core/u_datapath/gen_mlt_lane[4].u_mlt/mul_stage_r[4][11]_i_37_n_0
    SLICE_X64Y66         CARRY4 (Prop_carry4_S[3]_CO[3])
                                                      0.401     6.102 r  u_tile_core/u_datapath/gen_mlt_lane[4].u_mlt/mul_stage_r_reg[4][11]_i_13/CO[3]
                         net (fo=1, routed)           0.000     6.102    u_tile_core/u_datapath/gen_mlt_lane[4].u_mlt/mul_stage_r_reg[4][11]_i_13_n_0
    SLICE_X64Y67         CARRY4 (Prop_carry4_CI_O[1])
                                                      0.334     6.436 r  u_tile_core/u_datapath/gen_mlt_lane[4].u_mlt/mul_stage_r_reg[4][11]_i_11/O[1]
                         net (fo=2, routed)           0.796     7.232    u_tile_core/u_datapath/gen_mlt_lane[4].u_mlt/mul_stage_r_reg[4][11]_i_11_n_6
    SLICE_X62Y67         LUT3 (Prop_lut3_I2_O)        0.329     7.561 r  u_tile_core/u_datapath/gen_mlt_lane[4].u_mlt/mul_stage_r[4][11]_i_3/O
                         net (fo=2, routed)           0.859     8.421    u_tile_core/u_datapath/gen_mlt_lane[4].u_mlt/mul_stage_r[4][11]_i_3_n_0
    SLICE_X62Y67         LUT4 (Prop_lut4_I0_O)        0.348     8.769 r  u_tile_core/u_datapath/gen_mlt_lane[4].u_mlt/mul_stage_r[4][11]_i_7/O
                         net (fo=1, routed)           0.000     8.769    u_tile_core/u_datapath/gen_mlt_lane[4].u_mlt/mul_stage_r[4][11]_i_7_n_0
    SLICE_X62Y67         CARRY4 (Prop_carry4_S[2]_CO[3])
                                                      0.380     9.149 r  u_tile_core/u_datapath/gen_mlt_lane[4].u_mlt/mul_stage_r_reg[4][11]_i_1/CO[3]
                         net (fo=1, routed)           0.000     9.149    u_tile_core/u_datapath/gen_mlt_lane[4].u_mlt/mul_stage_r_reg[4][11]_i_1_n_0
    SLICE_X62Y68         CARRY4 (Prop_carry4_CI_O[2])
                                                      0.239     9.388 r  u_tile_core/u_datapath/gen_mlt_lane[4].u_mlt/mul_stage_r_reg[4][15]_i_1/O[2]
                         net (fo=1, routed)           0.000     9.388    u_tile_core/u_datapath/gen_mlt_lane[4].u_mlt_n_1
    SLICE_X62Y68         FDCE                                         r  u_tile_core/u_datapath/mul_stage_r_reg[4][14]/D
  -------------------------------------------------------------------    -------------------

                         (clock aclk rise edge)      10.000    10.000 r  
                                                      0.000    10.000 r  aclk (IN)
                         net (fo=804, unset)          0.924    10.924    u_tile_core/u_datapath/aclk
    SLICE_X62Y68         FDCE                                         r  u_tile_core/u_datapath/mul_stage_r_reg[4][14]/C
                         clock pessimism              0.000    10.924    
                         clock uncertainty           -0.235    10.689    
    SLICE_X62Y68         FDCE (Setup_fdce_C_D)        0.109    10.798    u_tile_core/u_datapath/mul_stage_r_reg[4][14]
  -------------------------------------------------------------------
                         required time                         10.798    
                         arrival time                          -9.388    
  -------------------------------------------------------------------
                         slack                                  1.410    

Slack (MET) :             1.420ns  (required time - arrival time)
  Source:                 u_tile_core/u_weight_mem/gen_weight_bram_lane[7].mem_r_reg/CLKBWRCLK
                            (rising edge-triggered cell RAMB18E1 clocked by aclk  {rise@0.000ns fall@5.000ns period=10.000ns})
  Destination:            u_tile_core/u_datapath/mul_stage_r_reg[7][13]/D
                            (rising edge-triggered cell FDCE clocked by aclk  {rise@0.000ns fall@5.000ns period=10.000ns})
  Path Group:             aclk
  Path Type:              Setup (Max at Slow Process Corner)
  Requirement:            10.000ns  (aclk rise@10.000ns - aclk rise@0.000ns)
  Data Path Delay:        8.358ns  (logic 4.805ns (57.492%)  route 3.553ns (42.508%))
  Logic Levels:           7  (CARRY4=4 LUT3=1 LUT4=1 LUT6=1)
  Clock Path Skew:        -0.049ns (DCD - SCD + CPR)
    Destination Clock Delay (DCD):    0.924ns = ( 10.924 - 10.000 ) 
    Source Clock Delay      (SCD):    0.973ns
    Clock Pessimism Removal (CPR):    0.000ns
  Clock Uncertainty:      0.235ns  ((TSJ^2 + TIJ^2)^1/2 + DJ) / 2 + PE + UU
    Total System Jitter     (TSJ):    0.071ns
    Total Input Jitter      (TIJ):    0.000ns
    Discrete Jitter          (DJ):    0.000ns
    Phase Error              (PE):    0.000ns
    User Uncertainty         (UU):    0.200ns

    Location             Delay type                Incr(ns)  Path(ns)    Netlist Resource(s)
  -------------------------------------------------------------------    -------------------
                         (clock aclk rise edge)       0.000     0.000 r  
                                                      0.000     0.000 r  aclk (IN)
                         net (fo=804, unset)          0.973     0.973    u_tile_core/u_weight_mem/aclk
    RAMB18_X3Y23         RAMB18E1                                     r  u_tile_core/u_weight_mem/gen_weight_bram_lane[7].mem_r_reg/CLKBWRCLK
  -------------------------------------------------------------------    -------------------
    RAMB18_X3Y23         RAMB18E1 (Prop_ramb18e1_CLKBWRCLK_DOBDO[2])
                                                      2.454     3.427 r  u_tile_core/u_weight_mem/gen_weight_bram_lane[7].mem_r_reg/DOBDO[2]
                         net (fo=16, routed)          1.477     4.904    u_tile_core/u_datapath/gen_mlt_lane[7].u_mlt/weight_window_w[2]
    SLICE_X49Y60         LUT6 (Prop_lut6_I2_O)        0.124     5.028 r  u_tile_core/u_datapath/gen_mlt_lane[7].u_mlt/mul_stage_r[7][2]_i_2/O
                         net (fo=1, routed)           0.615     5.643    u_tile_core/u_datapath/gen_mlt_lane[7].u_mlt/mul_stage_r[7][2]_i_2_n_0
    SLICE_X48Y60         CARRY4 (Prop_carry4_DI[3]_CO[3])
                                                      0.385     6.028 r  u_tile_core/u_datapath/gen_mlt_lane[7].u_mlt/mul_stage_r_reg[7][2]_i_1/CO[3]
                         net (fo=1, routed)           0.000     6.028    u_tile_core/u_datapath/gen_mlt_lane[7].u_mlt/mul_stage_r_reg[7][2]_i_1_n_0
    SLICE_X48Y61         CARRY4 (Prop_carry4_CI_O[3])
                                                      0.313     6.341 r  u_tile_core/u_datapath/gen_mlt_lane[7].u_mlt/mul_stage_r_reg[7][11]_i_13/O[3]
                         net (fo=2, routed)           0.641     6.982    u_tile_core/u_datapath/gen_mlt_lane[7].u_mlt/mul_stage_r_reg[7][11]_i_13_n_4
    SLICE_X49Y61         LUT3 (Prop_lut3_I2_O)        0.331     7.313 r  u_tile_core/u_datapath/gen_mlt_lane[7].u_mlt/mul_stage_r[7][11]_i_5/O
                         net (fo=2, routed)           0.819     8.133    u_tile_core/u_datapath/gen_mlt_lane[7].u_mlt/mul_stage_r[7][11]_i_5_n_0
    SLICE_X49Y62         LUT4 (Prop_lut4_I3_O)        0.332     8.465 r  u_tile_core/u_datapath/gen_mlt_lane[7].u_mlt/mul_stage_r[7][11]_i_9/O
                         net (fo=1, routed)           0.000     8.465    u_tile_core/u_datapath/gen_mlt_lane[7].u_mlt/mul_stage_r[7][11]_i_9_n_0
    SLICE_X49Y62         CARRY4 (Prop_carry4_S[0]_CO[3])
                                                      0.532     8.997 r  u_tile_core/u_datapath/gen_mlt_lane[7].u_mlt/mul_stage_r_reg[7][11]_i_1/CO[3]
                         net (fo=1, routed)           0.000     8.997    u_tile_core/u_datapath/gen_mlt_lane[7].u_mlt/mul_stage_r_reg[7][11]_i_1_n_0
    SLICE_X49Y63         CARRY4 (Prop_carry4_CI_O[1])
                                                      0.334     9.331 r  u_tile_core/u_datapath/gen_mlt_lane[7].u_mlt/mul_stage_r_reg[7][15]_i_1/O[1]
                         net (fo=1, routed)           0.000     9.331    u_tile_core/u_datapath/gen_mlt_lane[7].u_mlt_n_2
    SLICE_X49Y63         FDCE                                         r  u_tile_core/u_datapath/mul_stage_r_reg[7][13]/D
  -------------------------------------------------------------------    -------------------

                         (clock aclk rise edge)      10.000    10.000 r  
                                                      0.000    10.000 r  aclk (IN)
                         net (fo=804, unset)          0.924    10.924    u_tile_core/u_datapath/aclk
    SLICE_X49Y63         FDCE                                         r  u_tile_core/u_datapath/mul_stage_r_reg[7][13]/C
                         clock pessimism              0.000    10.924    
                         clock uncertainty           -0.235    10.689    
    SLICE_X49Y63         FDCE (Setup_fdce_C_D)        0.062    10.751    u_tile_core/u_datapath/mul_stage_r_reg[7][13]
  -------------------------------------------------------------------
                         required time                         10.751    
                         arrival time                          -9.331    
  -------------------------------------------------------------------
                         slack                                  1.420    

Slack (MET) :             1.430ns  (required time - arrival time)
  Source:                 u_tile_core/u_weight_mem/gen_weight_bram_lane[4].mem_r_reg/CLKBWRCLK
                            (rising edge-triggered cell RAMB18E1 clocked by aclk  {rise@0.000ns fall@5.000ns period=10.000ns})
  Destination:            u_tile_core/u_datapath/mul_stage_r_reg[4][12]/D
                            (rising edge-triggered cell FDCE clocked by aclk  {rise@0.000ns fall@5.000ns period=10.000ns})
  Path Group:             aclk
  Path Type:              Setup (Max at Slow Process Corner)
  Requirement:            10.000ns  (aclk rise@10.000ns - aclk rise@0.000ns)
  Data Path Delay:        8.395ns  (logic 4.713ns (56.144%)  route 3.682ns (43.856%))
  Logic Levels:           8  (CARRY4=4 LUT3=1 LUT4=1 LUT6=2)
  Clock Path Skew:        -0.049ns (DCD - SCD + CPR)
    Destination Clock Delay (DCD):    0.924ns = ( 10.924 - 10.000 ) 
    Source Clock Delay      (SCD):    0.973ns
    Clock Pessimism Removal (CPR):    0.000ns
  Clock Uncertainty:      0.235ns  ((TSJ^2 + TIJ^2)^1/2 + DJ) / 2 + PE + UU
    Total System Jitter     (TSJ):    0.071ns
    Total Input Jitter      (TIJ):    0.000ns
    Discrete Jitter          (DJ):    0.000ns
    Phase Error              (PE):    0.000ns
    User Uncertainty         (UU):    0.200ns

    Location             Delay type                Incr(ns)  Path(ns)    Netlist Resource(s)
  -------------------------------------------------------------------    -------------------
                         (clock aclk rise edge)       0.000     0.000 r  
                                                      0.000     0.000 r  aclk (IN)
                         net (fo=804, unset)          0.973     0.973    u_tile_core/u_weight_mem/aclk
    RAMB18_X3Y26         RAMB18E1                                     r  u_tile_core/u_weight_mem/gen_weight_bram_lane[4].mem_r_reg/CLKBWRCLK
  -------------------------------------------------------------------    -------------------
    RAMB18_X3Y26         RAMB18E1 (Prop_ramb18e1_CLKBWRCLK_DOBDO[2])
                                                      2.454     3.427 r  u_tile_core/u_weight_mem/gen_weight_bram_lane[4].mem_r_reg/DOBDO[2]
                         net (fo=16, routed)          1.382     4.809    u_tile_core/u_datapath/gen_mlt_lane[4].u_mlt/weight_window_w[2]
    SLICE_X65Y66         LUT6 (Prop_lut6_I0_O)        0.124     4.933 r  u_tile_core/u_datapath/gen_mlt_lane[4].u_mlt/mul_stage_r[4][11]_i_33/O
                         net (fo=2, routed)           0.644     5.577    u_tile_core/u_datapath/gen_mlt_lane[4].u_mlt/mul_stage_r[4][11]_i_33_n_0
    SLICE_X64Y66         LUT6 (Prop_lut6_I0_O)        0.124     5.701 r  u_tile_core/u_datapath/gen_mlt_lane[4].u_mlt/mul_stage_r[4][11]_i_37/O
                         net (fo=1, routed)           0.000     5.701    u_tile_core/u_datapath/gen_mlt_lane[4].u_mlt/mul_stage_r[4][11]_i_37_n_0
    SLICE_X64Y66         CARRY4 (Prop_carry4_S[3]_CO[3])
                                                      0.401     6.102 r  u_tile_core/u_datapath/gen_mlt_lane[4].u_mlt/mul_stage_r_reg[4][11]_i_13/CO[3]
                         net (fo=1, routed)           0.000     6.102    u_tile_core/u_datapath/gen_mlt_lane[4].u_mlt/mul_stage_r_reg[4][11]_i_13_n_0
    SLICE_X64Y67         CARRY4 (Prop_carry4_CI_O[1])
                                                      0.334     6.436 r  u_tile_core/u_datapath/gen_mlt_lane[4].u_mlt/mul_stage_r_reg[4][11]_i_11/O[1]
                         net (fo=2, routed)           0.796     7.232    u_tile_core/u_datapath/gen_mlt_lane[4].u_mlt/mul_stage_r_reg[4][11]_i_11_n_6
    SLICE_X62Y67         LUT3 (Prop_lut3_I2_O)        0.329     7.561 r  u_tile_core/u_datapath/gen_mlt_lane[4].u_mlt/mul_stage_r[4][11]_i_3/O
                         net (fo=2, routed)           0.859     8.421    u_tile_core/u_datapath/gen_mlt_lane[4].u_mlt/mul_stage_r[4][11]_i_3_n_0
    SLICE_X62Y67         LUT4 (Prop_lut4_I0_O)        0.348     8.769 r  u_tile_core/u_datapath/gen_mlt_lane[4].u_mlt/mul_stage_r[4][11]_i_7/O
                         net (fo=1, routed)           0.000     8.769    u_tile_core/u_datapath/gen_mlt_lane[4].u_mlt/mul_stage_r[4][11]_i_7_n_0
    SLICE_X62Y67         CARRY4 (Prop_carry4_S[2]_CO[3])
                                                      0.380     9.149 r  u_tile_core/u_datapath/gen_mlt_lane[4].u_mlt/mul_stage_r_reg[4][11]_i_1/CO[3]
                         net (fo=1, routed)           0.000     9.149    u_tile_core/u_datapath/gen_mlt_lane[4].u_mlt/mul_stage_r_reg[4][11]_i_1_n_0
    SLICE_X62Y68         CARRY4 (Prop_carry4_CI_O[0])
                                                      0.219     9.368 r  u_tile_core/u_datapath/gen_mlt_lane[4].u_mlt/mul_stage_r_reg[4][15]_i_1/O[0]
                         net (fo=1, routed)           0.000     9.368    u_tile_core/u_datapath/gen_mlt_lane[4].u_mlt_n_3
    SLICE_X62Y68         FDCE                                         r  u_tile_core/u_datapath/mul_stage_r_reg[4][12]/D
  -------------------------------------------------------------------    -------------------

                         (clock aclk rise edge)      10.000    10.000 r  
                                                      0.000    10.000 r  aclk (IN)
                         net (fo=804, unset)          0.924    10.924    u_tile_core/u_datapath/aclk
    SLICE_X62Y68         FDCE                                         r  u_tile_core/u_datapath/mul_stage_r_reg[4][12]/C
                         clock pessimism              0.000    10.924    
                         clock uncertainty           -0.235    10.689    
    SLICE_X62Y68         FDCE (Setup_fdce_C_D)        0.109    10.798    u_tile_core/u_datapath/mul_stage_r_reg[4][12]
  -------------------------------------------------------------------
                         required time                         10.798    
                         arrival time                          -9.368    
  -------------------------------------------------------------------
                         slack                                  1.430    

Slack (MET) :             1.437ns  (required time - arrival time)
  Source:                 u_tile_core/u_weight_mem/gen_weight_bram_lane[6].mem_r_reg/CLKBWRCLK
                            (rising edge-triggered cell RAMB18E1 clocked by aclk  {rise@0.000ns fall@5.000ns period=10.000ns})
  Destination:            u_tile_core/u_datapath/mul_stage_r_reg[6][13]/D
                            (rising edge-triggered cell FDCE clocked by aclk  {rise@0.000ns fall@5.000ns period=10.000ns})
  Path Group:             aclk
  Path Type:              Setup (Max at Slow Process Corner)
  Requirement:            10.000ns  (aclk rise@10.000ns - aclk rise@0.000ns)
  Data Path Delay:        8.341ns  (logic 5.077ns (60.866%)  route 3.264ns (39.134%))
  Logic Levels:           8  (CARRY4=4 LUT2=1 LUT3=1 LUT4=1 LUT6=1)
  Clock Path Skew:        -0.049ns (DCD - SCD + CPR)
    Destination Clock Delay (DCD):    0.924ns = ( 10.924 - 10.000 ) 
    Source Clock Delay      (SCD):    0.973ns
    Clock Pessimism Removal (CPR):    0.000ns
  Clock Uncertainty:      0.235ns  ((TSJ^2 + TIJ^2)^1/2 + DJ) / 2 + PE + UU
    Total System Jitter     (TSJ):    0.071ns
    Total Input Jitter      (TIJ):    0.000ns
    Discrete Jitter          (DJ):    0.000ns
    Phase Error              (PE):    0.000ns
    User Uncertainty         (UU):    0.200ns

    Location             Delay type                Incr(ns)  Path(ns)    Netlist Resource(s)
  -------------------------------------------------------------------    -------------------
                         (clock aclk rise edge)       0.000     0.000 r  
                                                      0.000     0.000 r  aclk (IN)
                         net (fo=804, unset)          0.973     0.973    u_tile_core/u_weight_mem/aclk
    RAMB18_X3Y24         RAMB18E1                                     r  u_tile_core/u_weight_mem/gen_weight_bram_lane[6].mem_r_reg/CLKBWRCLK
  -------------------------------------------------------------------    -------------------
    RAMB18_X3Y24         RAMB18E1 (Prop_ramb18e1_CLKBWRCLK_DOBDO[3])
                                                      2.454     3.427 f  u_tile_core/u_weight_mem/gen_weight_bram_lane[6].mem_r_reg/DOBDO[3]
                         net (fo=16, routed)          1.258     4.685    u_tile_core/u_datapath/gen_mlt_lane[6].u_mlt/weight_window_w[3]
    SLICE_X54Y58         LUT2 (Prop_lut2_I1_O)        0.150     4.835 r  u_tile_core/u_datapath/gen_mlt_lane[6].u_mlt/mul_stage_r[6][3]_i_10/O
                         net (fo=1, routed)           0.449     5.284    u_tile_core/u_window_generator/mul_stage_r_reg[6][3]_i_2
    SLICE_X55Y57         LUT6 (Prop_lut6_I1_O)        0.328     5.612 r  u_tile_core/u_window_generator/mul_stage_r[6][3]_i_6/O
                         net (fo=1, routed)           0.000     5.612    u_tile_core/u_datapath/gen_mlt_lane[6].u_mlt/mul_stage_r_reg[6][3][3]
    SLICE_X55Y57         CARRY4 (Prop_carry4_S[3]_CO[3])
                                                      0.401     6.013 r  u_tile_core/u_datapath/gen_mlt_lane[6].u_mlt/mul_stage_r_reg[6][3]_i_2/CO[3]
                         net (fo=1, routed)           0.000     6.013    u_tile_core/u_datapath/gen_mlt_lane[6].u_mlt/mul_stage_r_reg[6][3]_i_2_n_0
    SLICE_X55Y58         CARRY4 (Prop_carry4_CI_O[0])
                                                      0.222     6.235 r  u_tile_core/u_datapath/gen_mlt_lane[6].u_mlt/mul_stage_r_reg[6][11]_i_10/O[0]
                         net (fo=2, routed)           0.744     6.979    u_tile_core/u_datapath/gen_mlt_lane[6].u_mlt/mul_stage_r_reg[6][11]_i_10_n_7
    SLICE_X56Y60         LUT3 (Prop_lut3_I1_O)        0.324     7.303 r  u_tile_core/u_datapath/gen_mlt_lane[6].u_mlt/mul_stage_r[6][11]_i_5/O
                         net (fo=2, routed)           0.813     8.116    u_tile_core/u_datapath/gen_mlt_lane[6].u_mlt/mul_stage_r[6][11]_i_5_n_0
    SLICE_X56Y61         LUT4 (Prop_lut4_I3_O)        0.332     8.448 r  u_tile_core/u_datapath/gen_mlt_lane[6].u_mlt/mul_stage_r[6][11]_i_9/O
                         net (fo=1, routed)           0.000     8.448    u_tile_core/u_datapath/gen_mlt_lane[6].u_mlt/mul_stage_r[6][11]_i_9_n_0
    SLICE_X56Y61         CARRY4 (Prop_carry4_S[0]_CO[3])
                                                      0.532     8.980 r  u_tile_core/u_datapath/gen_mlt_lane[6].u_mlt/mul_stage_r_reg[6][11]_i_1/CO[3]
                         net (fo=1, routed)           0.000     8.980    u_tile_core/u_datapath/gen_mlt_lane[6].u_mlt/mul_stage_r_reg[6][11]_i_1_n_0
    SLICE_X56Y62         CARRY4 (Prop_carry4_CI_O[1])
                                                      0.334     9.314 r  u_tile_core/u_datapath/gen_mlt_lane[6].u_mlt/mul_stage_r_reg[6][15]_i_1/O[1]
                         net (fo=1, routed)           0.000     9.314    u_tile_core/u_datapath/gen_mlt_lane[6].u_mlt_n_2
    SLICE_X56Y62         FDCE                                         r  u_tile_core/u_datapath/mul_stage_r_reg[6][13]/D
  -------------------------------------------------------------------    -------------------

                         (clock aclk rise edge)      10.000    10.000 r  
                                                      0.000    10.000 r  aclk (IN)
                         net (fo=804, unset)          0.924    10.924    u_tile_core/u_datapath/aclk
    SLICE_X56Y62         FDCE                                         r  u_tile_core/u_datapath/mul_stage_r_reg[6][13]/C
                         clock pessimism              0.000    10.924    
                         clock uncertainty           -0.235    10.689    
    SLICE_X56Y62         FDCE (Setup_fdce_C_D)        0.062    10.751    u_tile_core/u_datapath/mul_stage_r_reg[6][13]
  -------------------------------------------------------------------
                         required time                         10.751    
                         arrival time                          -9.314    
  -------------------------------------------------------------------
                         slack                                  1.437    

Slack (MET) :             1.440ns  (required time - arrival time)
  Source:                 u_tile_core/u_weight_mem/gen_weight_bram_lane[2].mem_r_reg/CLKBWRCLK
                            (rising edge-triggered cell RAMB18E1 clocked by aclk  {rise@0.000ns fall@5.000ns period=10.000ns})
  Destination:            u_tile_core/u_datapath/mul_stage_r_reg[2][11]/D
                            (rising edge-triggered cell FDCE clocked by aclk  {rise@0.000ns fall@5.000ns period=10.000ns})
  Path Group:             aclk
  Path Type:              Setup (Max at Slow Process Corner)
  Requirement:            10.000ns  (aclk rise@10.000ns - aclk rise@0.000ns)
  Data Path Delay:        8.338ns  (logic 4.960ns (59.484%)  route 3.378ns (40.516%))
  Logic Levels:           7  (CARRY4=3 LUT2=1 LUT3=1 LUT4=1 LUT6=1)
  Clock Path Skew:        -0.049ns (DCD - SCD + CPR)
    Destination Clock Delay (DCD):    0.924ns = ( 10.924 - 10.000 ) 
    Source Clock Delay      (SCD):    0.973ns
    Clock Pessimism Removal (CPR):    0.000ns
  Clock Uncertainty:      0.235ns  ((TSJ^2 + TIJ^2)^1/2 + DJ) / 2 + PE + UU
    Total System Jitter     (TSJ):    0.071ns
    Total Input Jitter      (TIJ):    0.000ns
    Discrete Jitter          (DJ):    0.000ns
    Phase Error              (PE):    0.000ns
    User Uncertainty         (UU):    0.200ns

    Location             Delay type                Incr(ns)  Path(ns)    Netlist Resource(s)
  -------------------------------------------------------------------    -------------------
                         (clock aclk rise edge)       0.000     0.000 r  
                                                      0.000     0.000 r  aclk (IN)
                         net (fo=804, unset)          0.973     0.973    u_tile_core/u_weight_mem/aclk
    RAMB18_X3Y30         RAMB18E1                                     r  u_tile_core/u_weight_mem/gen_weight_bram_lane[2].mem_r_reg/CLKBWRCLK
  -------------------------------------------------------------------    -------------------
    RAMB18_X3Y30         RAMB18E1 (Prop_ramb18e1_CLKBWRCLK_DOBDO[3])
                                                      2.454     3.427 f  u_tile_core/u_weight_mem/gen_weight_bram_lane[2].mem_r_reg/DOBDO[3]
                         net (fo=16, routed)          1.345     4.772    u_tile_core/u_datapath/gen_mlt_lane[2].u_mlt/weight_window_w[3]
    SLICE_X45Y71         LUT2 (Prop_lut2_I1_O)        0.150     4.922 r  u_tile_core/u_datapath/gen_mlt_lane[2].u_mlt/mul_stage_r[2][3]_i_10/O
                         net (fo=1, routed)           0.583     5.505    u_tile_core/u_window_generator/mul_stage_r_reg[2][3]_i_2
    SLICE_X49Y71         LUT6 (Prop_lut6_I1_O)        0.326     5.831 r  u_tile_core/u_window_generator/mul_stage_r[2][3]_i_6/O
                         net (fo=1, routed)           0.000     5.831    u_tile_core/u_datapath/gen_mlt_lane[2].u_mlt/mul_stage_r_reg[2][3][3]
    SLICE_X49Y71         CARRY4 (Prop_carry4_S[3]_CO[3])
                                                      0.401     6.232 r  u_tile_core/u_datapath/gen_mlt_lane[2].u_mlt/mul_stage_r_reg[2][3]_i_2/CO[3]
                         net (fo=1, routed)           0.000     6.232    u_tile_core/u_datapath/gen_mlt_lane[2].u_mlt/mul_stage_r_reg[2][3]_i_2_n_0
    SLICE_X49Y72         CARRY4 (Prop_carry4_CI_O[1])
                                                      0.334     6.566 r  u_tile_core/u_datapath/gen_mlt_lane[2].u_mlt/mul_stage_r_reg[2][11]_i_10/O[1]
                         net (fo=2, routed)           0.784     7.350    u_tile_core/u_datapath/gen_mlt_lane[2].u_mlt/mul_stage_r_reg[2][11]_i_10_n_6
    SLICE_X51Y71         LUT3 (Prop_lut3_I1_O)        0.329     7.679 r  u_tile_core/u_datapath/gen_mlt_lane[2].u_mlt/mul_stage_r[2][11]_i_4/O
                         net (fo=2, routed)           0.666     8.345    u_tile_core/u_datapath/gen_mlt_lane[2].u_mlt/mul_stage_r[2][11]_i_4_n_0
    SLICE_X51Y71         LUT4 (Prop_lut4_I3_O)        0.326     8.671 r  u_tile_core/u_datapath/gen_mlt_lane[2].u_mlt/mul_stage_r[2][11]_i_8/O
                         net (fo=1, routed)           0.000     8.671    u_tile_core/u_datapath/gen_mlt_lane[2].u_mlt/mul_stage_r[2][11]_i_8_n_0
    SLICE_X51Y71         CARRY4 (Prop_carry4_S[1]_O[3])
                                                      0.640     9.311 r  u_tile_core/u_datapath/gen_mlt_lane[2].u_mlt/mul_stage_r_reg[2][11]_i_1/O[3]
                         net (fo=1, routed)           0.000     9.311    u_tile_core/u_datapath/gen_mlt_lane[2].u_mlt_n_4
    SLICE_X51Y71         FDCE                                         r  u_tile_core/u_datapath/mul_stage_r_reg[2][11]/D
  -------------------------------------------------------------------    -------------------

                         (clock aclk rise edge)      10.000    10.000 r  
                                                      0.000    10.000 r  aclk (IN)
                         net (fo=804, unset)          0.924    10.924    u_tile_core/u_datapath/aclk
    SLICE_X51Y71         FDCE                                         r  u_tile_core/u_datapath/mul_stage_r_reg[2][11]/C
                         clock pessimism              0.000    10.924    
                         clock uncertainty           -0.235    10.689    
    SLICE_X51Y71         FDCE (Setup_fdce_C_D)        0.062    10.751    u_tile_core/u_datapath/mul_stage_r_reg[2][11]
  -------------------------------------------------------------------
                         required time                         10.751    
                         arrival time                          -9.311    
  -------------------------------------------------------------------
                         slack                                  1.440    

Slack (MET) :             1.441ns  (required time - arrival time)
  Source:                 u_tile_core/u_weight_mem/gen_weight_bram_lane[7].mem_r_reg/CLKBWRCLK
                            (rising edge-triggered cell RAMB18E1 clocked by aclk  {rise@0.000ns fall@5.000ns period=10.000ns})
  Destination:            u_tile_core/u_datapath/mul_stage_r_reg[7][15]/D
                            (rising edge-triggered cell FDCE clocked by aclk  {rise@0.000ns fall@5.000ns period=10.000ns})
  Path Group:             aclk
  Path Type:              Setup (Max at Slow Process Corner)
  Requirement:            10.000ns  (aclk rise@10.000ns - aclk rise@0.000ns)
  Data Path Delay:        8.337ns  (logic 4.784ns (57.385%)  route 3.553ns (42.615%))
  Logic Levels:           7  (CARRY4=4 LUT3=1 LUT4=1 LUT6=1)
  Clock Path Skew:        -0.049ns (DCD - SCD + CPR)
    Destination Clock Delay (DCD):    0.924ns = ( 10.924 - 10.000 ) 
    Source Clock Delay      (SCD):    0.973ns
    Clock Pessimism Removal (CPR):    0.000ns
  Clock Uncertainty:      0.235ns  ((TSJ^2 + TIJ^2)^1/2 + DJ) / 2 + PE + UU
    Total System Jitter     (TSJ):    0.071ns
    Total Input Jitter      (TIJ):    0.000ns
    Discrete Jitter          (DJ):    0.000ns
    Phase Error              (PE):    0.000ns
    User Uncertainty         (UU):    0.200ns

    Location             Delay type                Incr(ns)  Path(ns)    Netlist Resource(s)
  -------------------------------------------------------------------    -------------------
                         (clock aclk rise edge)       0.000     0.000 r  
                                                      0.000     0.000 r  aclk (IN)
                         net (fo=804, unset)          0.973     0.973    u_tile_core/u_weight_mem/aclk
    RAMB18_X3Y23         RAMB18E1                                     r  u_tile_core/u_weight_mem/gen_weight_bram_lane[7].mem_r_reg/CLKBWRCLK
  -------------------------------------------------------------------    -------------------
    RAMB18_X3Y23         RAMB18E1 (Prop_ramb18e1_CLKBWRCLK_DOBDO[2])
                                                      2.454     3.427 r  u_tile_core/u_weight_mem/gen_weight_bram_lane[7].mem_r_reg/DOBDO[2]
                         net (fo=16, routed)          1.477     4.904    u_tile_core/u_datapath/gen_mlt_lane[7].u_mlt/weight_window_w[2]
    SLICE_X49Y60         LUT6 (Prop_lut6_I2_O)        0.124     5.028 r  u_tile_core/u_datapath/gen_mlt_lane[7].u_mlt/mul_stage_r[7][2]_i_2/O
                         net (fo=1, routed)           0.615     5.643    u_tile_core/u_datapath/gen_mlt_lane[7].u_mlt/mul_stage_r[7][2]_i_2_n_0
    SLICE_X48Y60         CARRY4 (Prop_carry4_DI[3]_CO[3])
                                                      0.385     6.028 r  u_tile_core/u_datapath/gen_mlt_lane[7].u_mlt/mul_stage_r_reg[7][2]_i_1/CO[3]
                         net (fo=1, routed)           0.000     6.028    u_tile_core/u_datapath/gen_mlt_lane[7].u_mlt/mul_stage_r_reg[7][2]_i_1_n_0
    SLICE_X48Y61         CARRY4 (Prop_carry4_CI_O[3])
                                                      0.313     6.341 r  u_tile_core/u_datapath/gen_mlt_lane[7].u_mlt/mul_stage_r_reg[7][11]_i_13/O[3]
                         net (fo=2, routed)           0.641     6.982    u_tile_core/u_datapath/gen_mlt_lane[7].u_mlt/mul_stage_r_reg[7][11]_i_13_n_4
    SLICE_X49Y61         LUT3 (Prop_lut3_I2_O)        0.331     7.313 r  u_tile_core/u_datapath/gen_mlt_lane[7].u_mlt/mul_stage_r[7][11]_i_5/O
                         net (fo=2, routed)           0.819     8.133    u_tile_core/u_datapath/gen_mlt_lane[7].u_mlt/mul_stage_r[7][11]_i_5_n_0
    SLICE_X49Y62         LUT4 (Prop_lut4_I3_O)        0.332     8.465 r  u_tile_core/u_datapath/gen_mlt_lane[7].u_mlt/mul_stage_r[7][11]_i_9/O
                         net (fo=1, routed)           0.000     8.465    u_tile_core/u_datapath/gen_mlt_lane[7].u_mlt/mul_stage_r[7][11]_i_9_n_0
    SLICE_X49Y62         CARRY4 (Prop_carry4_S[0]_CO[3])
                                                      0.532     8.997 r  u_tile_core/u_datapath/gen_mlt_lane[7].u_mlt/mul_stage_r_reg[7][11]_i_1/CO[3]
                         net (fo=1, routed)           0.000     8.997    u_tile_core/u_datapath/gen_mlt_lane[7].u_mlt/mul_stage_r_reg[7][11]_i_1_n_0
    SLICE_X49Y63         CARRY4 (Prop_carry4_CI_O[3])
                                                      0.313     9.310 r  u_tile_core/u_datapath/gen_mlt_lane[7].u_mlt/mul_stage_r_reg[7][15]_i_1/O[3]
                         net (fo=1, routed)           0.000     9.310    u_tile_core/u_datapath/gen_mlt_lane[7].u_mlt_n_0
    SLICE_X49Y63         FDCE                                         r  u_tile_core/u_datapath/mul_stage_r_reg[7][15]/D
  -------------------------------------------------------------------    -------------------

                         (clock aclk rise edge)      10.000    10.000 r  
                                                      0.000    10.000 r  aclk (IN)
                         net (fo=804, unset)          0.924    10.924    u_tile_core/u_datapath/aclk
    SLICE_X49Y63         FDCE                                         r  u_tile_core/u_datapath/mul_stage_r_reg[7][15]/C
                         clock pessimism              0.000    10.924    
                         clock uncertainty           -0.235    10.689    
    SLICE_X49Y63         FDCE (Setup_fdce_C_D)        0.062    10.751    u_tile_core/u_datapath/mul_stage_r_reg[7][15]
  -------------------------------------------------------------------
                         required time                         10.751    
                         arrival time                          -9.310    
  -------------------------------------------------------------------
                         slack                                  1.441    

Slack (MET) :             1.445ns  (required time - arrival time)
  Source:                 u_tile_core/u_weight_mem/gen_weight_bram_lane[1].mem_r_reg/CLKBWRCLK
                            (rising edge-triggered cell RAMB18E1 clocked by aclk  {rise@0.000ns fall@5.000ns period=10.000ns})
  Destination:            u_tile_core/u_datapath/mul_stage_r_reg[1][14]/D
                            (rising edge-triggered cell FDCE clocked by aclk  {rise@0.000ns fall@5.000ns period=10.000ns})
  Path Group:             aclk
  Path Type:              Setup (Max at Slow Process Corner)
  Requirement:            10.000ns  (aclk rise@10.000ns - aclk rise@0.000ns)
  Data Path Delay:        8.333ns  (logic 4.950ns (59.401%)  route 3.383ns (40.599%))
  Logic Levels:           7  (CARRY4=4 LUT2=1 LUT3=1 LUT6=1)
  Clock Path Skew:        -0.049ns (DCD - SCD + CPR)
    Destination Clock Delay (DCD):    0.924ns = ( 10.924 - 10.000 ) 
    Source Clock Delay      (SCD):    0.973ns
    Clock Pessimism Removal (CPR):    0.000ns
  Clock Uncertainty:      0.235ns  ((TSJ^2 + TIJ^2)^1/2 + DJ) / 2 + PE + UU
    Total System Jitter     (TSJ):    0.071ns
    Total Input Jitter      (TIJ):    0.000ns
    Discrete Jitter          (DJ):    0.000ns
    Phase Error              (PE):    0.000ns
    User Uncertainty         (UU):    0.200ns

    Location             Delay type                Incr(ns)  Path(ns)    Netlist Resource(s)
  -------------------------------------------------------------------    -------------------
                         (clock aclk rise edge)       0.000     0.000 r  
                                                      0.000     0.000 r  aclk (IN)
                         net (fo=804, unset)          0.973     0.973    u_tile_core/u_weight_mem/aclk
    RAMB18_X3Y28         RAMB18E1                                     r  u_tile_core/u_weight_mem/gen_weight_bram_lane[1].mem_r_reg/CLKBWRCLK
  -------------------------------------------------------------------    -------------------
    RAMB18_X3Y28         RAMB18E1 (Prop_ramb18e1_CLKBWRCLK_DOBDO[3])
                                                      2.454     3.427 f  u_tile_core/u_weight_mem/gen_weight_bram_lane[1].mem_r_reg/DOBDO[3]
                         net (fo=16, routed)          1.357     4.784    u_tile_core/u_datapath/gen_mlt_lane[1].u_mlt/weight_window_w[3]
    SLICE_X63Y71         LUT2 (Prop_lut2_I1_O)        0.152     4.936 r  u_tile_core/u_datapath/gen_mlt_lane[1].u_mlt/mul_stage_r[1][3]_i_10/O
                         net (fo=1, routed)           0.571     5.507    u_tile_core/u_window_generator/mul_stage_r_reg[1][3]_i_2
    SLICE_X61Y71         LUT6 (Prop_lut6_I1_O)        0.332     5.839 r  u_tile_core/u_window_generator/mul_stage_r[1][3]_i_6/O
                         net (fo=1, routed)           0.000     5.839    u_tile_core/u_datapath/gen_mlt_lane[1].u_mlt/mul_stage_r_reg[1][3][3]
    SLICE_X61Y71         CARRY4 (Prop_carry4_S[3]_CO[3])
                                                      0.401     6.240 r  u_tile_core/u_datapath/gen_mlt_lane[1].u_mlt/mul_stage_r_reg[1][3]_i_2/CO[3]
                         net (fo=1, routed)           0.000     6.240    u_tile_core/u_datapath/gen_mlt_lane[1].u_mlt/mul_stage_r_reg[1][3]_i_2_n_0
    SLICE_X61Y72         CARRY4 (Prop_carry4_CI_O[1])
                                                      0.334     6.574 r  u_tile_core/u_datapath/gen_mlt_lane[1].u_mlt/mul_stage_r_reg[1][11]_i_10/O[1]
                         net (fo=2, routed)           0.793     7.367    u_tile_core/u_datapath/gen_mlt_lane[1].u_mlt/mul_stage_r_reg[1][11]_i_10_n_6
    SLICE_X60Y71         LUT3 (Prop_lut3_I1_O)        0.329     7.696 r  u_tile_core/u_datapath/gen_mlt_lane[1].u_mlt/mul_stage_r[1][11]_i_4/O
                         net (fo=2, routed)           0.662     8.358    u_tile_core/u_datapath/gen_mlt_lane[1].u_mlt/mul_stage_r[1][11]_i_4_n_0
    SLICE_X60Y71         CARRY4 (Prop_carry4_DI[1]_CO[3])
                                                      0.709     9.067 r  u_tile_core/u_datapath/gen_mlt_lane[1].u_mlt/mul_stage_r_reg[1][11]_i_1/CO[3]
                         net (fo=1, routed)           0.000     9.067    u_tile_core/u_datapath/gen_mlt_lane[1].u_mlt/mul_stage_r_reg[1][11]_i_1_n_0
    SLICE_X60Y72         CARRY4 (Prop_carry4_CI_O[2])
                                                      0.239     9.306 r  u_tile_core/u_datapath/gen_mlt_lane[1].u_mlt/mul_stage_r_reg[1][15]_i_1/O[2]
                         net (fo=1, routed)           0.000     9.306    u_tile_core/u_datapath/gen_mlt_lane[1].u_mlt_n_1
    SLICE_X60Y72         FDCE                                         r  u_tile_core/u_datapath/mul_stage_r_reg[1][14]/D
  -------------------------------------------------------------------    -------------------

                         (clock aclk rise edge)      10.000    10.000 r  
                                                      0.000    10.000 r  aclk (IN)
                         net (fo=804, unset)          0.924    10.924    u_tile_core/u_datapath/aclk
    SLICE_X60Y72         FDCE                                         r  u_tile_core/u_datapath/mul_stage_r_reg[1][14]/C
                         clock pessimism              0.000    10.924    
                         clock uncertainty           -0.235    10.689    
    SLICE_X60Y72         FDCE (Setup_fdce_C_D)        0.062    10.751    u_tile_core/u_datapath/mul_stage_r_reg[1][14]
  -------------------------------------------------------------------
                         required time                         10.751    
                         arrival time                          -9.306    
  -------------------------------------------------------------------
                         slack                                  1.445    





Min Delay Paths
--------------------------------------------------------------------------------------
Slack (MET) :             0.011ns  (arrival time - required time)
  Source:                 u_tile_core/u_datapath/at_addr_r_reg[7]/C
                            (rising edge-triggered cell FDCE clocked by aclk  {rise@0.000ns fall@5.000ns period=10.000ns})
  Destination:            u_tile_core/u_datapath/result_addr_r_reg[7]/D
                            (rising edge-triggered cell FDCE clocked by aclk  {rise@0.000ns fall@5.000ns period=10.000ns})
  Path Group:             aclk
  Path Type:              Hold (Min at Fast Process Corner)
  Requirement:            0.000ns  (aclk rise@0.000ns - aclk rise@0.000ns)
  Data Path Delay:        0.307ns  (logic 0.164ns (53.396%)  route 0.143ns (46.604%))
  Logic Levels:           0  
  Clock Path Skew:        0.022ns (DCD - SCD - CPR)
    Destination Clock Delay (DCD):    0.432ns
    Source Clock Delay      (SCD):    0.410ns
    Clock Pessimism Removal (CPR):    -0.000ns
  Clock Uncertainty:      0.200ns  ((TSJ^2 + TIJ^2)^1/2 + DJ) / 2 + PE + UU
    Total System Jitter     (TSJ):    0.000ns
    Total Input Jitter      (TIJ):    0.000ns
    Discrete Jitter          (DJ):    0.000ns
    Phase Error              (PE):    0.000ns
    User Uncertainty         (UU):    0.200ns

    Location             Delay type                Incr(ns)  Path(ns)    Netlist Resource(s)
  -------------------------------------------------------------------    -------------------
                         (clock aclk rise edge)       0.000     0.000 r  
                                                      0.000     0.000 r  aclk (IN)
                         net (fo=804, unset)          0.410     0.410    u_tile_core/u_datapath/aclk
    SLICE_X50Y85         FDCE                                         r  u_tile_core/u_datapath/at_addr_r_reg[7]/C
  -------------------------------------------------------------------    -------------------
    SLICE_X50Y85         FDCE (Prop_fdce_C_Q)         0.164     0.574 r  u_tile_core/u_datapath/at_addr_r_reg[7]/Q
                         net (fo=1, routed)           0.143     0.717    u_tile_core/u_datapath/at_addr_r[7]
    SLICE_X51Y84         FDCE                                         r  u_tile_core/u_datapath/result_addr_r_reg[7]/D
  -------------------------------------------------------------------    -------------------

                         (clock aclk rise edge)       0.000     0.000 r  
                                                      0.000     0.000 r  aclk (IN)
                         net (fo=804, unset)          0.432     0.432    u_tile_core/u_datapath/aclk
    SLICE_X51Y84         FDCE                                         r  u_tile_core/u_datapath/result_addr_r_reg[7]/C
                         clock pessimism              0.000     0.432    
                         clock uncertainty            0.200     0.632    
    SLICE_X51Y84         FDCE (Hold_fdce_C_D)         0.075     0.707    u_tile_core/u_datapath/result_addr_r_reg[7]
  -------------------------------------------------------------------
                         required time                         -0.707    
                         arrival time                           0.717    
  -------------------------------------------------------------------
                         slack                                  0.011    

Slack (MET) :             0.011ns  (arrival time - required time)
  Source:                 u_tile_core/u_datapath/at_addr_r_reg[9]/C
                            (rising edge-triggered cell FDCE clocked by aclk  {rise@0.000ns fall@5.000ns period=10.000ns})
  Destination:            u_tile_core/u_datapath/result_addr_r_reg[9]/D
                            (rising edge-triggered cell FDCE clocked by aclk  {rise@0.000ns fall@5.000ns period=10.000ns})
  Path Group:             aclk
  Path Type:              Hold (Min at Fast Process Corner)
  Requirement:            0.000ns  (aclk rise@0.000ns - aclk rise@0.000ns)
  Data Path Delay:        0.308ns  (logic 0.164ns (53.223%)  route 0.144ns (46.777%))
  Logic Levels:           0  
  Clock Path Skew:        0.022ns (DCD - SCD - CPR)
    Destination Clock Delay (DCD):    0.432ns
    Source Clock Delay      (SCD):    0.410ns
    Clock Pessimism Removal (CPR):    -0.000ns
  Clock Uncertainty:      0.200ns  ((TSJ^2 + TIJ^2)^1/2 + DJ) / 2 + PE + UU
    Total System Jitter     (TSJ):    0.000ns
    Total Input Jitter      (TIJ):    0.000ns
    Discrete Jitter          (DJ):    0.000ns
    Phase Error              (PE):    0.000ns
    User Uncertainty         (UU):    0.200ns

    Location             Delay type                Incr(ns)  Path(ns)    Netlist Resource(s)
  -------------------------------------------------------------------    -------------------
                         (clock aclk rise edge)       0.000     0.000 r  
                                                      0.000     0.000 r  aclk (IN)
                         net (fo=804, unset)          0.410     0.410    u_tile_core/u_datapath/aclk
    SLICE_X50Y85         FDCE                                         r  u_tile_core/u_datapath/at_addr_r_reg[9]/C
  -------------------------------------------------------------------    -------------------
    SLICE_X50Y85         FDCE (Prop_fdce_C_Q)         0.164     0.574 r  u_tile_core/u_datapath/at_addr_r_reg[9]/Q
                         net (fo=1, routed)           0.144     0.718    u_tile_core/u_datapath/at_addr_r[9]
    SLICE_X51Y84         FDCE                                         r  u_tile_core/u_datapath/result_addr_r_reg[9]/D
  -------------------------------------------------------------------    -------------------

                         (clock aclk rise edge)       0.000     0.000 r  
                                                      0.000     0.000 r  aclk (IN)
                         net (fo=804, unset)          0.432     0.432    u_tile_core/u_datapath/aclk
    SLICE_X51Y84         FDCE                                         r  u_tile_core/u_datapath/result_addr_r_reg[9]/C
                         clock pessimism              0.000     0.432    
                         clock uncertainty            0.200     0.632    
    SLICE_X51Y84         FDCE (Hold_fdce_C_D)         0.076     0.708    u_tile_core/u_datapath/result_addr_r_reg[9]
  -------------------------------------------------------------------
                         required time                         -0.708    
                         arrival time                           0.718    
  -------------------------------------------------------------------
                         slack                                  0.011    

Slack (MET) :             0.014ns  (arrival time - required time)
  Source:                 u_tile_core/u_window_generator/mid_prev2_r_reg[1]/C
                            (rising edge-triggered cell FDCE clocked by aclk  {rise@0.000ns fall@5.000ns period=10.000ns})
  Destination:            u_tile_core/u_window_generator/window_r_reg[25]/D
                            (rising edge-triggered cell FDCE clocked by aclk  {rise@0.000ns fall@5.000ns period=10.000ns})
  Path Group:             aclk
  Path Type:              Hold (Min at Fast Process Corner)
  Requirement:            0.000ns  (aclk rise@0.000ns - aclk rise@0.000ns)
  Data Path Delay:        0.252ns  (logic 0.148ns (58.729%)  route 0.104ns (41.271%))
  Logic Levels:           0  
  Clock Path Skew:        0.022ns (DCD - SCD - CPR)
    Destination Clock Delay (DCD):    0.432ns
    Source Clock Delay      (SCD):    0.410ns
    Clock Pessimism Removal (CPR):    -0.000ns
  Clock Uncertainty:      0.200ns  ((TSJ^2 + TIJ^2)^1/2 + DJ) / 2 + PE + UU
    Total System Jitter     (TSJ):    0.000ns
    Total Input Jitter      (TIJ):    0.000ns
    Discrete Jitter          (DJ):    0.000ns
    Phase Error              (PE):    0.000ns
    User Uncertainty         (UU):    0.200ns

    Location             Delay type                Incr(ns)  Path(ns)    Netlist Resource(s)
  -------------------------------------------------------------------    -------------------
                         (clock aclk rise edge)       0.000     0.000 r  
                                                      0.000     0.000 r  aclk (IN)
                         net (fo=804, unset)          0.410     0.410    u_tile_core/u_window_generator/aclk
    SLICE_X62Y70         FDCE                                         r  u_tile_core/u_window_generator/mid_prev2_r_reg[1]/C
  -------------------------------------------------------------------    -------------------
    SLICE_X62Y70         FDCE (Prop_fdce_C_Q)         0.148     0.558 r  u_tile_core/u_window_generator/mid_prev2_r_reg[1]/Q
                         net (fo=1, routed)           0.104     0.662    u_tile_core/u_window_generator/mid_prev2_r[1]
    SLICE_X61Y70         FDCE                                         r  u_tile_core/u_window_generator/window_r_reg[25]/D
  -------------------------------------------------------------------    -------------------

                         (clock aclk rise edge)       0.000     0.000 r  
                                                      0.000     0.000 r  aclk (IN)
                         net (fo=804, unset)          0.432     0.432    u_tile_core/u_window_generator/aclk
    SLICE_X61Y70         FDCE                                         r  u_tile_core/u_window_generator/window_r_reg[25]/C
                         clock pessimism              0.000     0.432    
                         clock uncertainty            0.200     0.632    
    SLICE_X61Y70         FDCE (Hold_fdce_C_D)         0.016     0.648    u_tile_core/u_window_generator/window_r_reg[25]
  -------------------------------------------------------------------
                         required time                         -0.648    
                         arrival time                           0.662    
  -------------------------------------------------------------------
                         slack                                  0.014    

Slack (MET) :             0.019ns  (arrival time - required time)
  Source:                 u_tile_core/u_bias_mem/mem_r_reg[0]/C
                            (rising edge-triggered cell FDRE clocked by aclk  {rise@0.000ns fall@5.000ns period=10.000ns})
  Destination:            u_tile_core/u_bias_mem/read_data_r_reg[0]/D
                            (rising edge-triggered cell FDRE clocked by aclk  {rise@0.000ns fall@5.000ns period=10.000ns})
  Path Group:             aclk
  Path Type:              Hold (Min at Fast Process Corner)
  Requirement:            0.000ns  (aclk rise@0.000ns - aclk rise@0.000ns)
  Data Path Delay:        0.300ns  (logic 0.141ns (47.045%)  route 0.159ns (52.955%))
  Logic Levels:           0  
  Clock Path Skew:        0.022ns (DCD - SCD - CPR)
    Destination Clock Delay (DCD):    0.432ns
    Source Clock Delay      (SCD):    0.410ns
    Clock Pessimism Removal (CPR):    -0.000ns
  Clock Uncertainty:      0.200ns  ((TSJ^2 + TIJ^2)^1/2 + DJ) / 2 + PE + UU
    Total System Jitter     (TSJ):    0.000ns
    Total Input Jitter      (TIJ):    0.000ns
    Discrete Jitter          (DJ):    0.000ns
    Phase Error              (PE):    0.000ns
    User Uncertainty         (UU):    0.200ns

    Location             Delay type                Incr(ns)  Path(ns)    Netlist Resource(s)
  -------------------------------------------------------------------    -------------------
                         (clock aclk rise edge)       0.000     0.000 r  
                                                      0.000     0.000 r  aclk (IN)
                         net (fo=804, unset)          0.410     0.410    u_tile_core/u_bias_mem/aclk
    SLICE_X44Y69         FDRE                                         r  u_tile_core/u_bias_mem/mem_r_reg[0]/C
  -------------------------------------------------------------------    -------------------
    SLICE_X44Y69         FDRE (Prop_fdre_C_Q)         0.141     0.551 r  u_tile_core/u_bias_mem/mem_r_reg[0]/Q
                         net (fo=1, routed)           0.159     0.710    u_tile_core/u_bias_mem/mem_r[0]
    SLICE_X46Y69         FDRE                                         r  u_tile_core/u_bias_mem/read_data_r_reg[0]/D
  -------------------------------------------------------------------    -------------------

                         (clock aclk rise edge)       0.000     0.000 r  
                                                      0.000     0.000 r  aclk (IN)
                         net (fo=804, unset)          0.432     0.432    u_tile_core/u_bias_mem/aclk
    SLICE_X46Y69         FDRE                                         r  u_tile_core/u_bias_mem/read_data_r_reg[0]/C
                         clock pessimism              0.000     0.432    
                         clock uncertainty            0.200     0.632    
    SLICE_X46Y69         FDRE (Hold_fdre_C_D)         0.059     0.691    u_tile_core/u_bias_mem/read_data_r_reg[0]
  -------------------------------------------------------------------
                         required time                         -0.691    
                         arrival time                           0.710    
  -------------------------------------------------------------------
                         slack                                  0.019    

Slack (MET) :             0.022ns  (arrival time - required time)
  Source:                 u_tile_core/u_controller/initial_rows_r_reg[0]/C
                            (rising edge-triggered cell FDCE clocked by aclk  {rise@0.000ns fall@5.000ns period=10.000ns})
  Destination:            u_tile_core/u_controller/initial_rows_r_reg[1]/D
                            (rising edge-triggered cell FDCE clocked by aclk  {rise@0.000ns fall@5.000ns period=10.000ns})
  Path Group:             aclk
  Path Type:              Hold (Min at Fast Process Corner)
  Requirement:            0.000ns  (aclk rise@0.000ns - aclk rise@0.000ns)
  Data Path Delay:        0.350ns  (logic 0.183ns (52.255%)  route 0.167ns (47.745%))
  Logic Levels:           1  (LUT5=1)
  Clock Path Skew:        0.022ns (DCD - SCD - CPR)
    Destination Clock Delay (DCD):    0.432ns
    Source Clock Delay      (SCD):    0.410ns
    Clock Pessimism Removal (CPR):    -0.000ns
  Clock Uncertainty:      0.200ns  ((TSJ^2 + TIJ^2)^1/2 + DJ) / 2 + PE + UU
    Total System Jitter     (TSJ):    0.000ns
    Total Input Jitter      (TIJ):    0.000ns
    Discrete Jitter          (DJ):    0.000ns
    Phase Error              (PE):    0.000ns
    User Uncertainty         (UU):    0.200ns

    Location             Delay type                Incr(ns)  Path(ns)    Netlist Resource(s)
  -------------------------------------------------------------------    -------------------
                         (clock aclk rise edge)       0.000     0.000 r  
                                                      0.000     0.000 r  aclk (IN)
                         net (fo=804, unset)          0.410     0.410    u_tile_core/u_controller/aclk
    SLICE_X55Y75         FDCE                                         r  u_tile_core/u_controller/initial_rows_r_reg[0]/C
  -------------------------------------------------------------------    -------------------
    SLICE_X55Y75         FDCE (Prop_fdce_C_Q)         0.141     0.551 r  u_tile_core/u_controller/initial_rows_r_reg[0]/Q
                         net (fo=3, routed)           0.167     0.718    u_tile_core/u_controller/initial_rows_r_reg_n_0_[0]
    SLICE_X55Y75         LUT5 (Prop_lut5_I1_O)        0.042     0.760 r  u_tile_core/u_controller/initial_rows_r[1]_i_1/O
                         net (fo=1, routed)           0.000     0.760    u_tile_core/u_controller/initial_rows_r[1]_i_1_n_0
    SLICE_X55Y75         FDCE                                         r  u_tile_core/u_controller/initial_rows_r_reg[1]/D
  -------------------------------------------------------------------    -------------------

                         (clock aclk rise edge)       0.000     0.000 r  
                                                      0.000     0.000 r  aclk (IN)
                         net (fo=804, unset)          0.432     0.432    u_tile_core/u_controller/aclk
    SLICE_X55Y75         FDCE                                         r  u_tile_core/u_controller/initial_rows_r_reg[1]/C
                         clock pessimism              0.000     0.432    
                         clock uncertainty            0.200     0.632    
    SLICE_X55Y75         FDCE (Hold_fdce_C_D)         0.107     0.739    u_tile_core/u_controller/initial_rows_r_reg[1]
  -------------------------------------------------------------------
                         required time                         -0.739    
                         arrival time                           0.760    
  -------------------------------------------------------------------
                         slack                                  0.022    

Slack (MET) :             0.022ns  (arrival time - required time)
  Source:                 u_tile_core/u_bias_mem/mem_r_reg[27]/C
                            (rising edge-triggered cell FDRE clocked by aclk  {rise@0.000ns fall@5.000ns period=10.000ns})
  Destination:            u_tile_core/u_bias_mem/read_data_r_reg[27]/D
                            (rising edge-triggered cell FDRE clocked by aclk  {rise@0.000ns fall@5.000ns period=10.000ns})
  Path Group:             aclk
  Path Type:              Hold (Min at Fast Process Corner)
  Requirement:            0.000ns  (aclk rise@0.000ns - aclk rise@0.000ns)
  Data Path Delay:        0.303ns  (logic 0.141ns (46.493%)  route 0.162ns (53.507%))
  Logic Levels:           0  
  Clock Path Skew:        0.022ns (DCD - SCD - CPR)
    Destination Clock Delay (DCD):    0.432ns
    Source Clock Delay      (SCD):    0.410ns
    Clock Pessimism Removal (CPR):    -0.000ns
  Clock Uncertainty:      0.200ns  ((TSJ^2 + TIJ^2)^1/2 + DJ) / 2 + PE + UU
    Total System Jitter     (TSJ):    0.000ns
    Total Input Jitter      (TIJ):    0.000ns
    Discrete Jitter          (DJ):    0.000ns
    Phase Error              (PE):    0.000ns
    User Uncertainty         (UU):    0.200ns

    Location             Delay type                Incr(ns)  Path(ns)    Netlist Resource(s)
  -------------------------------------------------------------------    -------------------
                         (clock aclk rise edge)       0.000     0.000 r  
                                                      0.000     0.000 r  aclk (IN)
                         net (fo=804, unset)          0.410     0.410    u_tile_core/u_bias_mem/aclk
    SLICE_X45Y74         FDRE                                         r  u_tile_core/u_bias_mem/mem_r_reg[27]/C
  -------------------------------------------------------------------    -------------------
    SLICE_X45Y74         FDRE (Prop_fdre_C_Q)         0.141     0.551 r  u_tile_core/u_bias_mem/mem_r_reg[27]/Q
                         net (fo=1, routed)           0.162     0.713    u_tile_core/u_bias_mem/mem_r[27]
    SLICE_X46Y74         FDRE                                         r  u_tile_core/u_bias_mem/read_data_r_reg[27]/D
  -------------------------------------------------------------------    -------------------

                         (clock aclk rise edge)       0.000     0.000 r  
                                                      0.000     0.000 r  aclk (IN)
                         net (fo=804, unset)          0.432     0.432    u_tile_core/u_bias_mem/aclk
    SLICE_X46Y74         FDRE                                         r  u_tile_core/u_bias_mem/read_data_r_reg[27]/C
                         clock pessimism              0.000     0.432    
                         clock uncertainty            0.200     0.632    
    SLICE_X46Y74         FDRE (Hold_fdre_C_D)         0.060     0.692    u_tile_core/u_bias_mem/read_data_r_reg[27]
  -------------------------------------------------------------------
                         required time                         -0.692    
                         arrival time                           0.713    
  -------------------------------------------------------------------
                         slack                                  0.022    

Slack (MET) :             0.024ns  (arrival time - required time)
  Source:                 u_tile_core/u_controller/top_bank_r_reg[0]/C
                            (rising edge-triggered cell FDCE clocked by aclk  {rise@0.000ns fall@5.000ns period=10.000ns})
  Destination:            u_tile_core/u_controller/top_bank_r_reg[1]/D
                            (rising edge-triggered cell FDCE clocked by aclk  {rise@0.000ns fall@5.000ns period=10.000ns})
  Path Group:             aclk
  Path Type:              Hold (Min at Fast Process Corner)
  Requirement:            0.000ns  (aclk rise@0.000ns - aclk rise@0.000ns)
  Data Path Delay:        0.353ns  (logic 0.183ns (51.894%)  route 0.170ns (48.106%))
  Logic Levels:           1  (LUT3=1)
  Clock Path Skew:        0.022ns (DCD - SCD - CPR)
    Destination Clock Delay (DCD):    0.432ns
    Source Clock Delay      (SCD):    0.410ns
    Clock Pessimism Removal (CPR):    -0.000ns
  Clock Uncertainty:      0.200ns  ((TSJ^2 + TIJ^2)^1/2 + DJ) / 2 + PE + UU
    Total System Jitter     (TSJ):    0.000ns
    Total Input Jitter      (TIJ):    0.000ns
    Discrete Jitter          (DJ):    0.000ns
    Phase Error              (PE):    0.000ns
    User Uncertainty         (UU):    0.200ns

    Location             Delay type                Incr(ns)  Path(ns)    Netlist Resource(s)
  -------------------------------------------------------------------    -------------------
                         (clock aclk rise edge)       0.000     0.000 r  
                                                      0.000     0.000 r  aclk (IN)
                         net (fo=804, unset)          0.410     0.410    u_tile_core/u_controller/aclk
    SLICE_X55Y74         FDCE                                         r  u_tile_core/u_controller/top_bank_r_reg[0]/C
  -------------------------------------------------------------------    -------------------
    SLICE_X55Y74         FDCE (Prop_fdce_C_Q)         0.141     0.551 r  u_tile_core/u_controller/top_bank_r_reg[0]/Q
                         net (fo=3, routed)           0.170     0.721    u_tile_core/u_controller/top_bank_r_reg[1]_0[0]
    SLICE_X55Y74         LUT3 (Prop_lut3_I0_O)        0.042     0.763 r  u_tile_core/u_controller/top_bank_r[1]_i_2/O
                         net (fo=1, routed)           0.000     0.763    u_tile_core/u_controller/top_bank_r[1]
    SLICE_X55Y74         FDCE                                         r  u_tile_core/u_controller/top_bank_r_reg[1]/D
  -------------------------------------------------------------------    -------------------

                         (clock aclk rise edge)       0.000     0.000 r  
                                                      0.000     0.000 r  aclk (IN)
                         net (fo=804, unset)          0.432     0.432    u_tile_core/u_controller/aclk
    SLICE_X55Y74         FDCE                                         r  u_tile_core/u_controller/top_bank_r_reg[1]/C
                         clock pessimism              0.000     0.432    
                         clock uncertainty            0.200     0.632    
    SLICE_X55Y74         FDCE (Hold_fdce_C_D)         0.107     0.739    u_tile_core/u_controller/top_bank_r_reg[1]
  -------------------------------------------------------------------
                         required time                         -0.739    
                         arrival time                           0.763    
  -------------------------------------------------------------------
                         slack                                  0.024    

Slack (MET) :             0.025ns  (arrival time - required time)
  Source:                 u_tile_core/u_bias_mem/mem_r_reg[2]/C
                            (rising edge-triggered cell FDRE clocked by aclk  {rise@0.000ns fall@5.000ns period=10.000ns})
  Destination:            u_tile_core/u_bias_mem/read_data_r_reg[2]/D
                            (rising edge-triggered cell FDRE clocked by aclk  {rise@0.000ns fall@5.000ns period=10.000ns})
  Path Group:             aclk
  Path Type:              Hold (Min at Fast Process Corner)
  Requirement:            0.000ns  (aclk rise@0.000ns - aclk rise@0.000ns)
  Data Path Delay:        0.316ns  (logic 0.141ns (44.606%)  route 0.175ns (55.394%))
  Logic Levels:           0  
  Clock Path Skew:        0.022ns (DCD - SCD - CPR)
    Destination Clock Delay (DCD):    0.432ns
    Source Clock Delay      (SCD):    0.410ns
    Clock Pessimism Removal (CPR):    -0.000ns
  Clock Uncertainty:      0.200ns  ((TSJ^2 + TIJ^2)^1/2 + DJ) / 2 + PE + UU
    Total System Jitter     (TSJ):    0.000ns
    Total Input Jitter      (TIJ):    0.000ns
    Discrete Jitter          (DJ):    0.000ns
    Phase Error              (PE):    0.000ns
    User Uncertainty         (UU):    0.200ns

    Location             Delay type                Incr(ns)  Path(ns)    Netlist Resource(s)
  -------------------------------------------------------------------    -------------------
                         (clock aclk rise edge)       0.000     0.000 r  
                                                      0.000     0.000 r  aclk (IN)
                         net (fo=804, unset)          0.410     0.410    u_tile_core/u_bias_mem/aclk
    SLICE_X44Y67         FDRE                                         r  u_tile_core/u_bias_mem/mem_r_reg[2]/C
  -------------------------------------------------------------------    -------------------
    SLICE_X44Y67         FDRE (Prop_fdre_C_Q)         0.141     0.551 r  u_tile_core/u_bias_mem/mem_r_reg[2]/Q
                         net (fo=1, routed)           0.175     0.726    u_tile_core/u_bias_mem/mem_r[2]
    SLICE_X45Y67         FDRE                                         r  u_tile_core/u_bias_mem/read_data_r_reg[2]/D
  -------------------------------------------------------------------    -------------------

                         (clock aclk rise edge)       0.000     0.000 r  
                                                      0.000     0.000 r  aclk (IN)
                         net (fo=804, unset)          0.432     0.432    u_tile_core/u_bias_mem/aclk
    SLICE_X45Y67         FDRE                                         r  u_tile_core/u_bias_mem/read_data_r_reg[2]/C
                         clock pessimism              0.000     0.432    
                         clock uncertainty            0.200     0.632    
    SLICE_X45Y67         FDRE (Hold_fdre_C_D)         0.070     0.702    u_tile_core/u_bias_mem/read_data_r_reg[2]
  -------------------------------------------------------------------
                         required time                         -0.702    
                         arrival time                           0.726    
  -------------------------------------------------------------------
                         slack                                  0.025    

Slack (MET) :             0.026ns  (arrival time - required time)
  Source:                 param_count_r_reg[0]/C
                            (rising edge-triggered cell FDCE clocked by aclk  {rise@0.000ns fall@5.000ns period=10.000ns})
  Destination:            param_count_r_reg[3]/D
                            (rising edge-triggered cell FDCE clocked by aclk  {rise@0.000ns fall@5.000ns period=10.000ns})
  Path Group:             aclk
  Path Type:              Hold (Min at Fast Process Corner)
  Requirement:            0.000ns  (aclk rise@0.000ns - aclk rise@0.000ns)
  Data Path Delay:        0.354ns  (logic 0.184ns (51.942%)  route 0.170ns (48.058%))
  Logic Levels:           1  (LUT5=1)
  Clock Path Skew:        0.022ns (DCD - SCD - CPR)
    Destination Clock Delay (DCD):    0.432ns
    Source Clock Delay      (SCD):    0.410ns
    Clock Pessimism Removal (CPR):    -0.000ns
  Clock Uncertainty:      0.200ns  ((TSJ^2 + TIJ^2)^1/2 + DJ) / 2 + PE + UU
    Total System Jitter     (TSJ):    0.000ns
    Total Input Jitter      (TIJ):    0.000ns
    Discrete Jitter          (DJ):    0.000ns
    Phase Error              (PE):    0.000ns
    User Uncertainty         (UU):    0.200ns

    Location             Delay type                Incr(ns)  Path(ns)    Netlist Resource(s)
  -------------------------------------------------------------------    -------------------
                         (clock aclk rise edge)       0.000     0.000 r  
                                                      0.000     0.000 r  aclk (IN)
                         net (fo=804, unset)          0.410     0.410    aclk
    SLICE_X55Y76         FDCE                                         r  param_count_r_reg[0]/C
  -------------------------------------------------------------------    -------------------
    SLICE_X55Y76         FDCE (Prop_fdce_C_Q)         0.141     0.551 r  param_count_r_reg[0]/Q
                         net (fo=15, routed)          0.170     0.721    param_count_r_reg_n_0_[0]
    SLICE_X55Y76         LUT5 (Prop_lut5_I3_O)        0.043     0.764 r  param_count_r[3]_i_2/O
                         net (fo=1, routed)           0.000     0.764    param_count_r[3]_i_2_n_0
    SLICE_X55Y76         FDCE                                         r  param_count_r_reg[3]/D
  -------------------------------------------------------------------    -------------------

                         (clock aclk rise edge)       0.000     0.000 r  
                                                      0.000     0.000 r  aclk (IN)
                         net (fo=804, unset)          0.432     0.432    aclk
    SLICE_X55Y76         FDCE                                         r  param_count_r_reg[3]/C
                         clock pessimism              0.000     0.432    
                         clock uncertainty            0.200     0.632    
    SLICE_X55Y76         FDCE (Hold_fdce_C_D)         0.107     0.739    param_count_r_reg[3]
  -------------------------------------------------------------------
                         required time                         -0.739    
                         arrival time                           0.764    
  -------------------------------------------------------------------
                         slack                                  0.026    

Slack (MET) :             0.027ns  (arrival time - required time)
  Source:                 u_tile_core/u_line_buffer/bank1_read_r_reg[3]/C
                            (rising edge-triggered cell FDRE clocked by aclk  {rise@0.000ns fall@5.000ns period=10.000ns})
  Destination:            u_tile_core/u_line_buffer/column_o_reg[3]/D
                            (rising edge-triggered cell FDCE clocked by aclk  {rise@0.000ns fall@5.000ns period=10.000ns})
  Path Group:             aclk
  Path Type:              Hold (Min at Fast Process Corner)
  Requirement:            0.000ns  (aclk rise@0.000ns - aclk rise@0.000ns)
  Data Path Delay:        0.356ns  (logic 0.210ns (58.988%)  route 0.146ns (41.012%))
  Logic Levels:           1  (LUT5=1)
  Clock Path Skew:        0.022ns (DCD - SCD - CPR)
    Destination Clock Delay (DCD):    0.432ns
    Source Clock Delay      (SCD):    0.410ns
    Clock Pessimism Removal (CPR):    -0.000ns
  Clock Uncertainty:      0.200ns  ((TSJ^2 + TIJ^2)^1/2 + DJ) / 2 + PE + UU
    Total System Jitter     (TSJ):    0.000ns
    Total Input Jitter      (TIJ):    0.000ns
    Discrete Jitter          (DJ):    0.000ns
    Phase Error              (PE):    0.000ns
    User Uncertainty         (UU):    0.200ns

    Location             Delay type                Incr(ns)  Path(ns)    Netlist Resource(s)
  -------------------------------------------------------------------    -------------------
                         (clock aclk rise edge)       0.000     0.000 r  
                                                      0.000     0.000 r  aclk (IN)
                         net (fo=804, unset)          0.410     0.410    u_tile_core/u_line_buffer/aclk
    SLICE_X62Y72         FDRE                                         r  u_tile_core/u_line_buffer/bank1_read_r_reg[3]/C
  -------------------------------------------------------------------    -------------------
    SLICE_X62Y72         FDRE (Prop_fdre_C_Q)         0.164     0.574 r  u_tile_core/u_line_buffer/bank1_read_r_reg[3]/Q
                         net (fo=3, routed)           0.146     0.720    u_tile_core/u_line_buffer/bank1_read_r[3]
    SLICE_X63Y72         LUT5 (Prop_lut5_I2_O)        0.046     0.766 r  u_tile_core/u_line_buffer/column_o[3]_i_1/O
                         net (fo=1, routed)           0.000     0.766    u_tile_core/u_line_buffer/p_0_in_0[3]
    SLICE_X63Y72         FDCE                                         r  u_tile_core/u_line_buffer/column_o_reg[3]/D
  -------------------------------------------------------------------    -------------------

                         (clock aclk rise edge)       0.000     0.000 r  
                                                      0.000     0.000 r  aclk (IN)
                         net (fo=804, unset)          0.432     0.432    u_tile_core/u_line_buffer/aclk
    SLICE_X63Y72         FDCE                                         r  u_tile_core/u_line_buffer/column_o_reg[3]/C
                         clock pessimism              0.000     0.432    
                         clock uncertainty            0.200     0.632    
    SLICE_X63Y72         FDCE (Hold_fdce_C_D)         0.107     0.739    u_tile_core/u_line_buffer/column_o_reg[3]
  -------------------------------------------------------------------
                         required time                         -0.739    
                         arrival time                           0.766    
  -------------------------------------------------------------------
                         slack                                  0.027    

Slack (MET) :             0.032ns  (arrival time - required time)
  Source:                 u_tile_core/u_window_generator/top_prev1_r_reg[4]/C
                            (rising edge-triggered cell FDCE clocked by aclk  {rise@0.000ns fall@5.000ns period=10.000ns})
  Destination:            u_tile_core/u_window_generator/window_r_reg[12]/D
                            (rising edge-triggered cell FDCE clocked by aclk  {rise@0.000ns fall@5.000ns period=10.000ns})
  Path Group:             aclk
  Path Type:              Hold (Min at Fast Process Corner)
  Requirement:            0.000ns  (aclk rise@0.000ns - aclk rise@0.000ns)
  Data Path Delay:        0.320ns  (logic 0.141ns (44.116%)  route 0.179ns (55.884%))
  Logic Levels:           0  
  Clock Path Skew:        0.022ns (DCD - SCD - CPR)
    Destination Clock Delay (DCD):    0.432ns
    Source Clock Delay      (SCD):    0.410ns
    Clock Pessimism Removal (CPR):    -0.000ns
  Clock Uncertainty:      0.200ns  ((TSJ^2 + TIJ^2)^1/2 + DJ) / 2 + PE + UU
    Total System Jitter     (TSJ):    0.000ns
    Total Input Jitter      (TIJ):    0.000ns
    Discrete Jitter          (DJ):    0.000ns
    Phase Error              (PE):    0.000ns
    User Uncertainty         (UU):    0.200ns

    Location             Delay type                Incr(ns)  Path(ns)    Netlist Resource(s)
  -------------------------------------------------------------------    -------------------
                         (clock aclk rise edge)       0.000     0.000 r  
                                                      0.000     0.000 r  aclk (IN)
                         net (fo=804, unset)          0.410     0.410    u_tile_core/u_window_generator/aclk
    SLICE_X64Y70         FDCE                                         r  u_tile_core/u_window_generator/top_prev1_r_reg[4]/C
  -------------------------------------------------------------------    -------------------
    SLICE_X64Y70         FDCE (Prop_fdce_C_Q)         0.141     0.551 r  u_tile_core/u_window_generator/top_prev1_r_reg[4]/Q
                         net (fo=2, routed)           0.179     0.730    u_tile_core/u_window_generator/top_prev1_r[4]
    SLICE_X63Y70         FDCE                                         r  u_tile_core/u_window_generator/window_r_reg[12]/D
  -------------------------------------------------------------------    -------------------

                         (clock aclk rise edge)       0.000     0.000 r  
                                                      0.000     0.000 r  aclk (IN)
                         net (fo=804, unset)          0.432     0.432    u_tile_core/u_window_generator/aclk
    SLICE_X63Y70         FDCE                                         r  u_tile_core/u_window_generator/window_r_reg[12]/C
                         clock pessimism              0.000     0.432    
                         clock uncertainty            0.200     0.632    
    SLICE_X63Y70         FDCE (Hold_fdce_C_D)         0.066     0.698    u_tile_core/u_window_generator/window_r_reg[12]
  -------------------------------------------------------------------
                         required time                         -0.698    
                         arrival time                           0.730    
  -------------------------------------------------------------------
                         slack                                  0.032    

Slack (MET) :             0.033ns  (arrival time - required time)
  Source:                 u_tile_core/u_controller/output_row_r_reg[2]/C
                            (rising edge-triggered cell FDCE clocked by aclk  {rise@0.000ns fall@5.000ns period=10.000ns})
  Destination:            u_tile_core/u_controller/output_row_r_reg[3]/D
                            (rising edge-triggered cell FDCE clocked by aclk  {rise@0.000ns fall@5.000ns period=10.000ns})
  Path Group:             aclk
  Path Type:              Hold (Min at Fast Process Corner)
  Requirement:            0.000ns  (aclk rise@0.000ns - aclk rise@0.000ns)
  Data Path Delay:        0.361ns  (logic 0.183ns (50.678%)  route 0.178ns (49.322%))
  Logic Levels:           1  (LUT5=1)
  Clock Path Skew:        0.022ns (DCD - SCD - CPR)
    Destination Clock Delay (DCD):    0.432ns
    Source Clock Delay      (SCD):    0.410ns
    Clock Pessimism Removal (CPR):    -0.000ns
  Clock Uncertainty:      0.200ns  ((TSJ^2 + TIJ^2)^1/2 + DJ) / 2 + PE + UU
    Total System Jitter     (TSJ):    0.000ns
    Total Input Jitter      (TIJ):    0.000ns
    Discrete Jitter          (DJ):    0.000ns
    Phase Error              (PE):    0.000ns
    User Uncertainty         (UU):    0.200ns

    Location             Delay type                Incr(ns)  Path(ns)    Netlist Resource(s)
  -------------------------------------------------------------------    -------------------
                         (clock aclk rise edge)       0.000     0.000 r  
                                                      0.000     0.000 r  aclk (IN)
                         net (fo=804, unset)          0.410     0.410    u_tile_core/u_controller/aclk
    SLICE_X51Y75         FDCE                                         r  u_tile_core/u_controller/output_row_r_reg[2]/C
  -------------------------------------------------------------------    -------------------
    SLICE_X51Y75         FDCE (Prop_fdce_C_Q)         0.141     0.551 r  u_tile_core/u_controller/output_row_r_reg[2]/Q
                         net (fo=5, routed)           0.178     0.729    u_tile_core/u_controller/output_row_r_reg_n_0_[2]
    SLICE_X51Y75         LUT5 (Prop_lut5_I3_O)        0.042     0.771 r  u_tile_core/u_controller/output_row_r[3]_i_1/O
                         net (fo=1, routed)           0.000     0.771    u_tile_core/u_controller/output_row_r[3]
    SLICE_X51Y75         FDCE                                         r  u_tile_core/u_controller/output_row_r_reg[3]/D
  -------------------------------------------------------------------    -------------------

                         (clock aclk rise edge)       0.000     0.000 r  
                                                      0.000     0.000 r  aclk (IN)
                         net (fo=804, unset)          0.432     0.432    u_tile_core/u_controller/aclk
    SLICE_X51Y75         FDCE                                         r  u_tile_core/u_controller/output_row_r_reg[3]/C
                         clock pessimism              0.000     0.432    
                         clock uncertainty            0.200     0.632    
    SLICE_X51Y75         FDCE (Hold_fdce_C_D)         0.107     0.739    u_tile_core/u_controller/output_row_r_reg[3]
  -------------------------------------------------------------------
                         required time                         -0.739    
                         arrival time                           0.771    
  -------------------------------------------------------------------
                         slack                                  0.033    

Slack (MET) :             0.034ns  (arrival time - required time)
  Source:                 u_output_fifo/count_r_reg[0]/C
                            (rising edge-triggered cell FDCE clocked by aclk  {rise@0.000ns fall@5.000ns period=10.000ns})
  Destination:            u_output_fifo/count_r_reg[1]/D
                            (rising edge-triggered cell FDCE clocked by aclk  {rise@0.000ns fall@5.000ns period=10.000ns})
  Path Group:             aclk
  Path Type:              Hold (Min at Fast Process Corner)
  Requirement:            0.000ns  (aclk rise@0.000ns - aclk rise@0.000ns)
  Data Path Delay:        0.362ns  (logic 0.183ns (50.525%)  route 0.179ns (49.475%))
  Logic Levels:           1  (LUT5=1)
  Clock Path Skew:        0.022ns (DCD - SCD - CPR)
    Destination Clock Delay (DCD):    0.432ns
    Source Clock Delay      (SCD):    0.410ns
    Clock Pessimism Removal (CPR):    -0.000ns
  Clock Uncertainty:      0.200ns  ((TSJ^2 + TIJ^2)^1/2 + DJ) / 2 + PE + UU
    Total System Jitter     (TSJ):    0.000ns
    Total Input Jitter      (TIJ):    0.000ns
    Discrete Jitter          (DJ):    0.000ns
    Phase Error              (PE):    0.000ns
    User Uncertainty         (UU):    0.200ns

    Location             Delay type                Incr(ns)  Path(ns)    Netlist Resource(s)
  -------------------------------------------------------------------    -------------------
                         (clock aclk rise edge)       0.000     0.000 r  
                                                      0.000     0.000 r  aclk (IN)
                         net (fo=804, unset)          0.410     0.410    u_output_fifo/aclk
    SLICE_X53Y78         FDCE                                         r  u_output_fifo/count_r_reg[0]/C
  -------------------------------------------------------------------    -------------------
    SLICE_X53Y78         FDCE (Prop_fdce_C_Q)         0.141     0.551 r  u_output_fifo/count_r_reg[0]/Q
                         net (fo=8, routed)           0.179     0.730    u_output_fifo/fifo_level_w[0]
    SLICE_X53Y78         LUT5 (Prop_lut5_I4_O)        0.042     0.772 r  u_output_fifo/count_r[1]_i_1/O
                         net (fo=1, routed)           0.000     0.772    u_output_fifo/count_r[1]_i_1_n_0
    SLICE_X53Y78         FDCE                                         r  u_output_fifo/count_r_reg[1]/D
  -------------------------------------------------------------------    -------------------

                         (clock aclk rise edge)       0.000     0.000 r  
                                                      0.000     0.000 r  aclk (IN)
                         net (fo=804, unset)          0.432     0.432    u_output_fifo/aclk
    SLICE_X53Y78         FDCE                                         r  u_output_fifo/count_r_reg[1]/C
                         clock pessimism              0.000     0.432    
                         clock uncertainty            0.200     0.632    
    SLICE_X53Y78         FDCE (Hold_fdce_C_D)         0.107     0.739    u_output_fifo/count_r_reg[1]
  -------------------------------------------------------------------
                         required time                         -0.739    
                         arrival time                           0.772    
  -------------------------------------------------------------------
                         slack                                  0.034    

Slack (MET) :             0.034ns  (arrival time - required time)
  Source:                 u_tile_core/u_controller/output_col_r_reg[0]/C
                            (rising edge-triggered cell FDCE clocked by aclk  {rise@0.000ns fall@5.000ns period=10.000ns})
  Destination:            u_tile_core/u_controller/output_col_r_reg[2]/D
                            (rising edge-triggered cell FDCE clocked by aclk  {rise@0.000ns fall@5.000ns period=10.000ns})
  Path Group:             aclk
  Path Type:              Hold (Min at Fast Process Corner)
  Requirement:            0.000ns  (aclk rise@0.000ns - aclk rise@0.000ns)
  Data Path Delay:        0.362ns  (logic 0.183ns (50.505%)  route 0.179ns (49.495%))
  Logic Levels:           1  (LUT4=1)
  Clock Path Skew:        0.022ns (DCD - SCD - CPR)
    Destination Clock Delay (DCD):    0.432ns
    Source Clock Delay      (SCD):    0.410ns
    Clock Pessimism Removal (CPR):    -0.000ns
  Clock Uncertainty:      0.200ns  ((TSJ^2 + TIJ^2)^1/2 + DJ) / 2 + PE + UU
    Total System Jitter     (TSJ):    0.000ns
    Total Input Jitter      (TIJ):    0.000ns
    Discrete Jitter          (DJ):    0.000ns
    Phase Error              (PE):    0.000ns
    User Uncertainty         (UU):    0.200ns

    Location             Delay type                Incr(ns)  Path(ns)    Netlist Resource(s)
  -------------------------------------------------------------------    -------------------
                         (clock aclk rise edge)       0.000     0.000 r  
                                                      0.000     0.000 r  aclk (IN)
                         net (fo=804, unset)          0.410     0.410    u_tile_core/u_controller/aclk
    SLICE_X49Y76         FDCE                                         r  u_tile_core/u_controller/output_col_r_reg[0]/C
  -------------------------------------------------------------------    -------------------
    SLICE_X49Y76         FDCE (Prop_fdce_C_Q)         0.141     0.551 r  u_tile_core/u_controller/output_col_r_reg[0]/Q
                         net (fo=7, routed)           0.179     0.730    u_tile_core/u_controller/output_col_r_reg_n_0_[0]
    SLICE_X49Y76         LUT4 (Prop_lut4_I2_O)        0.042     0.772 r  u_tile_core/u_controller/output_col_r[2]_i_1/O
                         net (fo=1, routed)           0.000     0.772    u_tile_core/u_controller/output_col_r[2]
    SLICE_X49Y76         FDCE                                         r  u_tile_core/u_controller/output_col_r_reg[2]/D
  -------------------------------------------------------------------    -------------------

                         (clock aclk rise edge)       0.000     0.000 r  
                                                      0.000     0.000 r  aclk (IN)
                         net (fo=804, unset)          0.432     0.432    u_tile_core/u_controller/aclk
    SLICE_X49Y76         FDCE                                         r  u_tile_core/u_controller/output_col_r_reg[2]/C
                         clock pessimism              0.000     0.432    
                         clock uncertainty            0.200     0.632    
    SLICE_X49Y76         FDCE (Hold_fdce_C_D)         0.107     0.739    u_tile_core/u_controller/output_col_r_reg[2]
  -------------------------------------------------------------------
                         required time                         -0.739    
                         arrival time                           0.772    
  -------------------------------------------------------------------
                         slack                                  0.034    

Slack (MET) :             0.036ns  (arrival time - required time)
  Source:                 u_output_fifo/write_ptr_r_reg[0]/C
                            (rising edge-triggered cell FDCE clocked by aclk  {rise@0.000ns fall@5.000ns period=10.000ns})
  Destination:            u_output_fifo/write_ptr_r_reg[1]/D
                            (rising edge-triggered cell FDCE clocked by aclk  {rise@0.000ns fall@5.000ns period=10.000ns})
  Path Group:             aclk
  Path Type:              Hold (Min at Fast Process Corner)
  Requirement:            0.000ns  (aclk rise@0.000ns - aclk rise@0.000ns)
  Data Path Delay:        0.365ns  (logic 0.183ns (50.196%)  route 0.182ns (49.804%))
  Logic Levels:           1  (LUT3=1)
  Clock Path Skew:        0.022ns (DCD - SCD - CPR)
    Destination Clock Delay (DCD):    0.432ns
    Source Clock Delay      (SCD):    0.410ns
    Clock Pessimism Removal (CPR):    -0.000ns
  Clock Uncertainty:      0.200ns  ((TSJ^2 + TIJ^2)^1/2 + DJ) / 2 + PE + UU
    Total System Jitter     (TSJ):    0.000ns
    Total Input Jitter      (TIJ):    0.000ns
    Discrete Jitter          (DJ):    0.000ns
    Phase Error              (PE):    0.000ns
    User Uncertainty         (UU):    0.200ns

    Location             Delay type                Incr(ns)  Path(ns)    Netlist Resource(s)
  -------------------------------------------------------------------    -------------------
                         (clock aclk rise edge)       0.000     0.000 r  
                                                      0.000     0.000 r  aclk (IN)
                         net (fo=804, unset)          0.410     0.410    u_output_fifo/aclk
    SLICE_X47Y75         FDCE                                         r  u_output_fifo/write_ptr_r_reg[0]/C
  -------------------------------------------------------------------    -------------------
    SLICE_X47Y75         FDCE (Prop_fdce_C_Q)         0.141     0.551 r  u_output_fifo/write_ptr_r_reg[0]/Q
                         net (fo=53, routed)          0.182     0.733    u_output_fifo/write_ptr_r[0]
    SLICE_X47Y75         LUT3 (Prop_lut3_I0_O)        0.042     0.775 r  u_output_fifo/write_ptr_r[1]_i_1/O
                         net (fo=1, routed)           0.000     0.775    u_output_fifo/write_ptr_r[1]_i_1_n_0
    SLICE_X47Y75         FDCE                                         r  u_output_fifo/write_ptr_r_reg[1]/D
  -------------------------------------------------------------------    -------------------

                         (clock aclk rise edge)       0.000     0.000 r  
                                                      0.000     0.000 r  aclk (IN)
                         net (fo=804, unset)          0.432     0.432    u_output_fifo/aclk
    SLICE_X47Y75         FDCE                                         r  u_output_fifo/write_ptr_r_reg[1]/C
                         clock pessimism              0.000     0.432    
                         clock uncertainty            0.200     0.632    
    SLICE_X47Y75         FDCE (Hold_fdce_C_D)         0.107     0.739    u_output_fifo/write_ptr_r_reg[1]
  -------------------------------------------------------------------
                         required time                         -0.739    
                         arrival time                           0.775    
  -------------------------------------------------------------------
                         slack                                  0.036    

Slack (MET) :             0.037ns  (arrival time - required time)
  Source:                 u_tile_core/u_controller/output_addr_r_reg[5]/C
                            (rising edge-triggered cell FDCE clocked by aclk  {rise@0.000ns fall@5.000ns period=10.000ns})
  Destination:            u_tile_core/u_datapath/mlt_addr_r_reg[5]/D
                            (rising edge-triggered cell FDCE clocked by aclk  {rise@0.000ns fall@5.000ns period=10.000ns})
  Path Group:             aclk
  Path Type:              Hold (Min at Fast Process Corner)
  Requirement:            0.000ns  (aclk rise@0.000ns - aclk rise@0.000ns)
  Data Path Delay:        0.321ns  (logic 0.141ns (43.913%)  route 0.180ns (56.087%))
  Logic Levels:           0  
  Clock Path Skew:        0.022ns (DCD - SCD - CPR)
    Destination Clock Delay (DCD):    0.432ns
    Source Clock Delay      (SCD):    0.410ns
    Clock Pessimism Removal (CPR):    -0.000ns
  Clock Uncertainty:      0.200ns  ((TSJ^2 + TIJ^2)^1/2 + DJ) / 2 + PE + UU
    Total System Jitter     (TSJ):    0.000ns
    Total Input Jitter      (TIJ):    0.000ns
    Discrete Jitter          (DJ):    0.000ns
    Phase Error              (PE):    0.000ns
    User Uncertainty         (UU):    0.200ns

    Location             Delay type                Incr(ns)  Path(ns)    Netlist Resource(s)
  -------------------------------------------------------------------    -------------------
                         (clock aclk rise edge)       0.000     0.000 r  
                                                      0.000     0.000 r  aclk (IN)
                         net (fo=804, unset)          0.410     0.410    u_tile_core/u_controller/aclk
    SLICE_X53Y84         FDCE                                         r  u_tile_core/u_controller/output_addr_r_reg[5]/C
  -------------------------------------------------------------------    -------------------
    SLICE_X53Y84         FDCE (Prop_fdce_C_Q)         0.141     0.551 r  u_tile_core/u_controller/output_addr_r_reg[5]/Q
                         net (fo=3, routed)           0.180     0.731    u_tile_core/u_datapath/D[5]
    SLICE_X50Y83         FDCE                                         r  u_tile_core/u_datapath/mlt_addr_r_reg[5]/D
  -------------------------------------------------------------------    -------------------

                         (clock aclk rise edge)       0.000     0.000 r  
                                                      0.000     0.000 r  aclk (IN)
                         net (fo=804, unset)          0.432     0.432    u_tile_core/u_datapath/aclk
    SLICE_X50Y83         FDCE                                         r  u_tile_core/u_datapath/mlt_addr_r_reg[5]/C
                         clock pessimism              0.000     0.432    
                         clock uncertainty            0.200     0.632    
    SLICE_X50Y83         FDCE (Hold_fdce_C_D)         0.063     0.695    u_tile_core/u_datapath/mlt_addr_r_reg[5]
  -------------------------------------------------------------------
                         required time                         -0.695    
                         arrival time                           0.731    
  -------------------------------------------------------------------
                         slack                                  0.037    

Slack (MET) :             0.037ns  (arrival time - required time)
  Source:                 u_tile_core/u_line_buffer/bank0_r_reg_0_31_0_5/RAMC/CLK
                            (rising edge-triggered cell RAMD32 clocked by aclk  {rise@0.000ns fall@5.000ns period=10.000ns})
  Destination:            u_tile_core/u_line_buffer/bank0_read_r_reg[4]/D
                            (rising edge-triggered cell FDRE clocked by aclk  {rise@0.000ns fall@5.000ns period=10.000ns})
  Path Group:             aclk
  Path Type:              Hold (Min at Fast Process Corner)
  Requirement:            0.000ns  (aclk rise@0.000ns - aclk rise@0.000ns)
  Data Path Delay:        0.390ns  (logic 0.390ns (100.000%)  route 0.000ns (0.000%))
  Logic Levels:           0  
  Clock Path Skew:        0.022ns (DCD - SCD - CPR)
    Destination Clock Delay (DCD):    0.432ns
    Source Clock Delay      (SCD):    0.410ns
    Clock Pessimism Removal (CPR):    -0.000ns
  Clock Uncertainty:      0.200ns  ((TSJ^2 + TIJ^2)^1/2 + DJ) / 2 + PE + UU
    Total System Jitter     (TSJ):    0.000ns
    Total Input Jitter      (TIJ):    0.000ns
    Discrete Jitter          (DJ):    0.000ns
    Phase Error              (PE):    0.000ns
    User Uncertainty         (UU):    0.200ns

    Location             Delay type                Incr(ns)  Path(ns)    Netlist Resource(s)
  -------------------------------------------------------------------    -------------------
                         (clock aclk rise edge)       0.000     0.000 r  
                                                      0.000     0.000 r  aclk (IN)
                         net (fo=804, unset)          0.410     0.410    u_tile_core/u_line_buffer/bank0_r_reg_0_31_0_5/WCLK
    SLICE_X62Y73         RAMD32                                       r  u_tile_core/u_line_buffer/bank0_r_reg_0_31_0_5/RAMC/CLK
  -------------------------------------------------------------------    -------------------
    SLICE_X62Y73         RAMD32 (Prop_ramd32_CLK_O)
                                                      0.390     0.800 r  u_tile_core/u_line_buffer/bank0_r_reg_0_31_0_5/RAMC/O
                         net (fo=1, routed)           0.000     0.800    u_tile_core/u_line_buffer/bank0_read_r0[4]
    SLICE_X62Y73         FDRE                                         r  u_tile_core/u_line_buffer/bank0_read_r_reg[4]/D
  -------------------------------------------------------------------    -------------------

                         (clock aclk rise edge)       0.000     0.000 r  
                                                      0.000     0.000 r  aclk (IN)
                         net (fo=804, unset)          0.432     0.432    u_tile_core/u_line_buffer/aclk
    SLICE_X62Y73         FDRE                                         r  u_tile_core/u_line_buffer/bank0_read_r_reg[4]/C
                         clock pessimism              0.000     0.432    
                         clock uncertainty            0.200     0.632    
    SLICE_X62Y73         FDRE (Hold_fdre_C_D)         0.131     0.763    u_tile_core/u_line_buffer/bank0_read_r_reg[4]
  -------------------------------------------------------------------
                         required time                         -0.763    
                         arrival time                           0.800    
  -------------------------------------------------------------------
                         slack                                  0.037    

Slack (MET) :             0.037ns  (arrival time - required time)
  Source:                 u_tile_core/u_line_buffer/bank0_r_reg_0_31_6_7__0/DP/CLK
                            (rising edge-triggered cell RAMD32 clocked by aclk  {rise@0.000ns fall@5.000ns period=10.000ns})
  Destination:            u_tile_core/u_line_buffer/bank0_read_r_reg[7]/D
                            (rising edge-triggered cell FDRE clocked by aclk  {rise@0.000ns fall@5.000ns period=10.000ns})
  Path Group:             aclk
  Path Type:              Hold (Min at Fast Process Corner)
  Requirement:            0.000ns  (aclk rise@0.000ns - aclk rise@0.000ns)
  Data Path Delay:        0.390ns  (logic 0.390ns (100.000%)  route 0.000ns (0.000%))
  Logic Levels:           0  
  Clock Path Skew:        0.022ns (DCD - SCD - CPR)
    Destination Clock Delay (DCD):    0.432ns
    Source Clock Delay      (SCD):    0.410ns
    Clock Pessimism Removal (CPR):    -0.000ns
  Clock Uncertainty:      0.200ns  ((TSJ^2 + TIJ^2)^1/2 + DJ) / 2 + PE + UU
    Total System Jitter     (TSJ):    0.000ns
    Total Input Jitter      (TIJ):    0.000ns
    Discrete Jitter          (DJ):    0.000ns
    Phase Error              (PE):    0.000ns
    User Uncertainty         (UU):    0.200ns

    Location             Delay type                Incr(ns)  Path(ns)    Netlist Resource(s)
  -------------------------------------------------------------------    -------------------
                         (clock aclk rise edge)       0.000     0.000 r  
                                                      0.000     0.000 r  aclk (IN)
                         net (fo=804, unset)          0.410     0.410    u_tile_core/u_line_buffer/bank0_r_reg_0_31_6_7__0/WCLK
    SLICE_X58Y73         RAMD32                                       r  u_tile_core/u_line_buffer/bank0_r_reg_0_31_6_7__0/DP/CLK
  -------------------------------------------------------------------    -------------------
    SLICE_X58Y73         RAMD32 (Prop_ramd32_CLK_O)
                                                      0.390     0.800 r  u_tile_core/u_line_buffer/bank0_r_reg_0_31_6_7__0/DP/O
                         net (fo=1, routed)           0.000     0.800    u_tile_core/u_line_buffer/bank0_read_r0[7]
    SLICE_X58Y73         FDRE                                         r  u_tile_core/u_line_buffer/bank0_read_r_reg[7]/D
  -------------------------------------------------------------------    -------------------

                         (clock aclk rise edge)       0.000     0.000 r  
                                                      0.000     0.000 r  aclk (IN)
                         net (fo=804, unset)          0.432     0.432    u_tile_core/u_line_buffer/aclk
    SLICE_X58Y73         FDRE                                         r  u_tile_core/u_line_buffer/bank0_read_r_reg[7]/C
                         clock pessimism              0.000     0.432    
                         clock uncertainty            0.200     0.632    
    SLICE_X58Y73         FDRE (Hold_fdre_C_D)         0.131     0.763    u_tile_core/u_line_buffer/bank0_read_r_reg[7]
  -------------------------------------------------------------------
                         required time                         -0.763    
                         arrival time                           0.800    
  -------------------------------------------------------------------
                         slack                                  0.037    

Slack (MET) :             0.037ns  (arrival time - required time)
  Source:                 u_tile_core/u_line_buffer/bank1_r_reg_0_31_0_5/RAMC/CLK
                            (rising edge-triggered cell RAMD32 clocked by aclk  {rise@0.000ns fall@5.000ns period=10.000ns})
  Destination:            u_tile_core/u_line_buffer/bank1_read_r_reg[4]/D
                            (rising edge-triggered cell FDRE clocked by aclk  {rise@0.000ns fall@5.000ns period=10.000ns})
  Path Group:             aclk
  Path Type:              Hold (Min at Fast Process Corner)
  Requirement:            0.000ns  (aclk rise@0.000ns - aclk rise@0.000ns)
  Data Path Delay:        0.390ns  (logic 0.390ns (100.000%)  route 0.000ns (0.000%))
  Logic Levels:           0  
  Clock Path Skew:        0.022ns (DCD - SCD - CPR)
    Destination Clock Delay (DCD):    0.432ns
    Source Clock Delay      (SCD):    0.410ns
    Clock Pessimism Removal (CPR):    -0.000ns
  Clock Uncertainty:      0.200ns  ((TSJ^2 + TIJ^2)^1/2 + DJ) / 2 + PE + UU
    Total System Jitter     (TSJ):    0.000ns
    Total Input Jitter      (TIJ):    0.000ns
    Discrete Jitter          (DJ):    0.000ns
    Phase Error              (PE):    0.000ns
    User Uncertainty         (UU):    0.200ns

    Location             Delay type                Incr(ns)  Path(ns)    Netlist Resource(s)
  -------------------------------------------------------------------    -------------------
                         (clock aclk rise edge)       0.000     0.000 r  
                                                      0.000     0.000 r  aclk (IN)
                         net (fo=804, unset)          0.410     0.410    u_tile_core/u_line_buffer/bank1_r_reg_0_31_0_5/WCLK
    SLICE_X62Y72         RAMD32                                       r  u_tile_core/u_line_buffer/bank1_r_reg_0_31_0_5/RAMC/CLK
  -------------------------------------------------------------------    -------------------
    SLICE_X62Y72         RAMD32 (Prop_ramd32_CLK_O)
                                                      0.390     0.800 r  u_tile_core/u_line_buffer/bank1_r_reg_0_31_0_5/RAMC/O
                         net (fo=1, routed)           0.000     0.800    u_tile_core/u_line_buffer/bank1_read_r0[4]
    SLICE_X62Y72         FDRE                                         r  u_tile_core/u_line_buffer/bank1_read_r_reg[4]/D
  -------------------------------------------------------------------    -------------------

                         (clock aclk rise edge)       0.000     0.000 r  
                                                      0.000     0.000 r  aclk (IN)
                         net (fo=804, unset)          0.432     0.432    u_tile_core/u_line_buffer/aclk
    SLICE_X62Y72         FDRE                                         r  u_tile_core/u_line_buffer/bank1_read_r_reg[4]/C
                         clock pessimism              0.000     0.432    
                         clock uncertainty            0.200     0.632    
    SLICE_X62Y72         FDRE (Hold_fdre_C_D)         0.131     0.763    u_tile_core/u_line_buffer/bank1_read_r_reg[4]
  -------------------------------------------------------------------
                         required time                         -0.763    
                         arrival time                           0.800    
  -------------------------------------------------------------------
                         slack                                  0.037    

Slack (MET) :             0.037ns  (arrival time - required time)
  Source:                 u_tile_core/u_line_buffer/bank1_r_reg_0_31_6_7__0/DP/CLK
                            (rising edge-triggered cell RAMD32 clocked by aclk  {rise@0.000ns fall@5.000ns period=10.000ns})
  Destination:            u_tile_core/u_line_buffer/bank1_read_r_reg[7]/D
                            (rising edge-triggered cell FDRE clocked by aclk  {rise@0.000ns fall@5.000ns period=10.000ns})
  Path Group:             aclk
  Path Type:              Hold (Min at Fast Process Corner)
  Requirement:            0.000ns  (aclk rise@0.000ns - aclk rise@0.000ns)
  Data Path Delay:        0.390ns  (logic 0.390ns (100.000%)  route 0.000ns (0.000%))
  Logic Levels:           0  
  Clock Path Skew:        0.022ns (DCD - SCD - CPR)
    Destination Clock Delay (DCD):    0.432ns
    Source Clock Delay      (SCD):    0.410ns
    Clock Pessimism Removal (CPR):    -0.000ns
  Clock Uncertainty:      0.200ns  ((TSJ^2 + TIJ^2)^1/2 + DJ) / 2 + PE + UU
    Total System Jitter     (TSJ):    0.000ns
    Total Input Jitter      (TIJ):    0.000ns
    Discrete Jitter          (DJ):    0.000ns
    Phase Error              (PE):    0.000ns
    User Uncertainty         (UU):    0.200ns

    Location             Delay type                Incr(ns)  Path(ns)    Netlist Resource(s)
  -------------------------------------------------------------------    -------------------
                         (clock aclk rise edge)       0.000     0.000 r  
                                                      0.000     0.000 r  aclk (IN)
                         net (fo=804, unset)          0.410     0.410    u_tile_core/u_line_buffer/bank1_r_reg_0_31_6_7__0/WCLK
    SLICE_X58Y72         RAMD32                                       r  u_tile_core/u_line_buffer/bank1_r_reg_0_31_6_7__0/DP/CLK
  -------------------------------------------------------------------    -------------------
    SLICE_X58Y72         RAMD32 (Prop_ramd32_CLK_O)
                                                      0.390     0.800 r  u_tile_core/u_line_buffer/bank1_r_reg_0_31_6_7__0/DP/O
                         net (fo=1, routed)           0.000     0.800    u_tile_core/u_line_buffer/bank1_read_r0[7]
    SLICE_X58Y72         FDRE                                         r  u_tile_core/u_line_buffer/bank1_read_r_reg[7]/D
  -------------------------------------------------------------------    -------------------

                         (clock aclk rise edge)       0.000     0.000 r  
                                                      0.000     0.000 r  aclk (IN)
                         net (fo=804, unset)          0.432     0.432    u_tile_core/u_line_buffer/aclk
    SLICE_X58Y72         FDRE                                         r  u_tile_core/u_line_buffer/bank1_read_r_reg[7]/C
                         clock pessimism              0.000     0.432    
                         clock uncertainty            0.200     0.632    
    SLICE_X58Y72         FDRE (Hold_fdre_C_D)         0.131     0.763    u_tile_core/u_line_buffer/bank1_read_r_reg[7]
  -------------------------------------------------------------------
                         required time                         -0.763    
                         arrival time                           0.800    
  -------------------------------------------------------------------
                         slack                                  0.037    





Pulse Width Checks
--------------------------------------------------------------------------------------
Clock Name:         aclk
Waveform(ns):       { 0.000 5.000 }
Period(ns):         10.000
Sources:            { aclk }

Check Type        Corner  Lib Pin             Reference Pin  Required(ns)  Actual(ns)  Slack(ns)  Location      Pin
Min Period        n/a     RAMB18E1/CLKARDCLK  n/a            2.944         10.000      7.056      RAMB18_X3Y25  u_tile_core/u_weight_mem/gen_weight_bram_lane[0].mem_r_reg/CLKARDCLK
Min Period        n/a     RAMB18E1/CLKARDCLK  n/a            2.944         10.000      7.056      RAMB18_X3Y28  u_tile_core/u_weight_mem/gen_weight_bram_lane[1].mem_r_reg/CLKARDCLK
Min Period        n/a     RAMB18E1/CLKARDCLK  n/a            2.944         10.000      7.056      RAMB18_X3Y30  u_tile_core/u_weight_mem/gen_weight_bram_lane[2].mem_r_reg/CLKARDCLK
Min Period        n/a     RAMB18E1/CLKARDCLK  n/a            2.944         10.000      7.056      RAMB18_X3Y29  u_tile_core/u_weight_mem/gen_weight_bram_lane[3].mem_r_reg/CLKARDCLK
Min Period        n/a     RAMB18E1/CLKARDCLK  n/a            2.944         10.000      7.056      RAMB18_X3Y26  u_tile_core/u_weight_mem/gen_weight_bram_lane[4].mem_r_reg/CLKARDCLK
Min Period        n/a     RAMB18E1/CLKARDCLK  n/a            2.944         10.000      7.056      RAMB18_X3Y22  u_tile_core/u_weight_mem/gen_weight_bram_lane[5].mem_r_reg/CLKARDCLK
Min Period        n/a     RAMB18E1/CLKARDCLK  n/a            2.944         10.000      7.056      RAMB18_X3Y24  u_tile_core/u_weight_mem/gen_weight_bram_lane[6].mem_r_reg/CLKARDCLK
Min Period        n/a     RAMB18E1/CLKARDCLK  n/a            2.944         10.000      7.056      RAMB18_X3Y23  u_tile_core/u_weight_mem/gen_weight_bram_lane[7].mem_r_reg/CLKARDCLK
Min Period        n/a     RAMB18E1/CLKARDCLK  n/a            2.944         10.000      7.056      RAMB18_X3Y27  u_tile_core/u_weight_mem/gen_weight_bram_lane[8].mem_r_reg/CLKARDCLK
Min Period        n/a     RAMB18E1/CLKBWRCLK  n/a            2.576         10.000      7.424      RAMB18_X3Y25  u_tile_core/u_weight_mem/gen_weight_bram_lane[0].mem_r_reg/CLKBWRCLK
Min Period        n/a     RAMB18E1/CLKBWRCLK  n/a            2.576         10.000      7.424      RAMB18_X3Y28  u_tile_core/u_weight_mem/gen_weight_bram_lane[1].mem_r_reg/CLKBWRCLK
Min Period        n/a     RAMB18E1/CLKBWRCLK  n/a            2.576         10.000      7.424      RAMB18_X3Y30  u_tile_core/u_weight_mem/gen_weight_bram_lane[2].mem_r_reg/CLKBWRCLK
Min Period        n/a     RAMB18E1/CLKBWRCLK  n/a            2.576         10.000      7.424      RAMB18_X3Y29  u_tile_core/u_weight_mem/gen_weight_bram_lane[3].mem_r_reg/CLKBWRCLK
Min Period        n/a     RAMB18E1/CLKBWRCLK  n/a            2.576         10.000      7.424      RAMB18_X3Y26  u_tile_core/u_weight_mem/gen_weight_bram_lane[4].mem_r_reg/CLKBWRCLK
Min Period        n/a     RAMB18E1/CLKBWRCLK  n/a            2.576         10.000      7.424      RAMB18_X3Y22  u_tile_core/u_weight_mem/gen_weight_bram_lane[5].mem_r_reg/CLKBWRCLK
Min Period        n/a     RAMB18E1/CLKBWRCLK  n/a            2.576         10.000      7.424      RAMB18_X3Y24  u_tile_core/u_weight_mem/gen_weight_bram_lane[6].mem_r_reg/CLKBWRCLK
Min Period        n/a     RAMB18E1/CLKBWRCLK  n/a            2.576         10.000      7.424      RAMB18_X3Y23  u_tile_core/u_weight_mem/gen_weight_bram_lane[7].mem_r_reg/CLKBWRCLK
Min Period        n/a     RAMB18E1/CLKBWRCLK  n/a            2.576         10.000      7.424      RAMB18_X3Y27  u_tile_core/u_weight_mem/gen_weight_bram_lane[8].mem_r_reg/CLKBWRCLK
Min Period        n/a     FDCE/C              n/a            1.000         10.000      9.000      SLICE_X65Y80  aw_pending_r_reg/C
Min Period        n/a     FDCE/C              n/a            1.000         10.000      9.000      SLICE_X62Y79  awaddr_r_reg[2]/C
Low Pulse Width   Slow    RAMD32/CLK          n/a            1.250         5.000       3.750      SLICE_X46Y67  u_output_fifo/data_mem_r_reg_0_15_0_5/RAMA/CLK
Low Pulse Width   Fast    RAMD32/CLK          n/a            1.250         5.000       3.750      SLICE_X46Y67  u_output_fifo/data_mem_r_reg_0_15_0_5/RAMA/CLK
Low Pulse Width   Slow    RAMD32/CLK          n/a            1.250         5.000       3.750      SLICE_X46Y67  u_output_fifo/data_mem_r_reg_0_15_0_5/RAMA_D1/CLK
Low Pulse Width   Fast    RAMD32/CLK          n/a            1.250         5.000       3.750      SLICE_X46Y67  u_output_fifo/data_mem_r_reg_0_15_0_5/RAMA_D1/CLK
Low Pulse Width   Slow    RAMD32/CLK          n/a            1.250         5.000       3.750      SLICE_X46Y67  u_output_fifo/data_mem_r_reg_0_15_0_5/RAMB/CLK
Low Pulse Width   Fast    RAMD32/CLK          n/a            1.250         5.000       3.750      SLICE_X46Y67  u_output_fifo/data_mem_r_reg_0_15_0_5/RAMB/CLK
Low Pulse Width   Slow    RAMD32/CLK          n/a            1.250         5.000       3.750      SLICE_X46Y67  u_output_fifo/data_mem_r_reg_0_15_0_5/RAMB_D1/CLK
Low Pulse Width   Fast    RAMD32/CLK          n/a            1.250         5.000       3.750      SLICE_X46Y67  u_output_fifo/data_mem_r_reg_0_15_0_5/RAMB_D1/CLK
Low Pulse Width   Slow    RAMD32/CLK          n/a            1.250         5.000       3.750      SLICE_X46Y67  u_output_fifo/data_mem_r_reg_0_15_0_5/RAMC/CLK
Low Pulse Width   Fast    RAMD32/CLK          n/a            1.250         5.000       3.750      SLICE_X46Y67  u_output_fifo/data_mem_r_reg_0_15_0_5/RAMC/CLK
Low Pulse Width   Slow    RAMD32/CLK          n/a            1.250         5.000       3.750      SLICE_X46Y67  u_output_fifo/data_mem_r_reg_0_15_0_5/RAMC_D1/CLK
Low Pulse Width   Fast    RAMD32/CLK          n/a            1.250         5.000       3.750      SLICE_X46Y67  u_output_fifo/data_mem_r_reg_0_15_0_5/RAMC_D1/CLK
Low Pulse Width   Slow    RAMS32/CLK          n/a            1.250         5.000       3.750      SLICE_X46Y67  u_output_fifo/data_mem_r_reg_0_15_0_5/RAMD/CLK
Low Pulse Width   Fast    RAMS32/CLK          n/a            1.250         5.000       3.750      SLICE_X46Y67  u_output_fifo/data_mem_r_reg_0_15_0_5/RAMD/CLK
Low Pulse Width   Slow    RAMS32/CLK          n/a            1.250         5.000       3.750      SLICE_X46Y67  u_output_fifo/data_mem_r_reg_0_15_0_5/RAMD_D1/CLK
Low Pulse Width   Fast    RAMS32/CLK          n/a            1.250         5.000       3.750      SLICE_X46Y67  u_output_fifo/data_mem_r_reg_0_15_0_5/RAMD_D1/CLK
Low Pulse Width   Slow    RAMD32/CLK          n/a            1.250         5.000       3.750      SLICE_X46Y70  u_output_fifo/data_mem_r_reg_0_15_12_17/RAMA/CLK
Low Pulse Width   Fast    RAMD32/CLK          n/a            1.250         5.000       3.750      SLICE_X46Y70  u_output_fifo/data_mem_r_reg_0_15_12_17/RAMA/CLK
Low Pulse Width   Slow    RAMD32/CLK          n/a            1.250         5.000       3.750      SLICE_X46Y70  u_output_fifo/data_mem_r_reg_0_15_12_17/RAMA_D1/CLK
Low Pulse Width   Fast    RAMD32/CLK          n/a            1.250         5.000       3.750      SLICE_X46Y70  u_output_fifo/data_mem_r_reg_0_15_12_17/RAMA_D1/CLK
High Pulse Width  Slow    RAMD32/CLK          n/a            1.250         5.000       3.750      SLICE_X46Y67  u_output_fifo/data_mem_r_reg_0_15_0_5/RAMA/CLK
High Pulse Width  Fast    RAMD32/CLK          n/a            1.250         5.000       3.750      SLICE_X46Y67  u_output_fifo/data_mem_r_reg_0_15_0_5/RAMA/CLK
High Pulse Width  Slow    RAMD32/CLK          n/a            1.250         5.000       3.750      SLICE_X46Y67  u_output_fifo/data_mem_r_reg_0_15_0_5/RAMA_D1/CLK
High Pulse Width  Fast    RAMD32/CLK          n/a            1.250         5.000       3.750      SLICE_X46Y67  u_output_fifo/data_mem_r_reg_0_15_0_5/RAMA_D1/CLK
High Pulse Width  Slow    RAMD32/CLK          n/a            1.250         5.000       3.750      SLICE_X46Y67  u_output_fifo/data_mem_r_reg_0_15_0_5/RAMB/CLK
High Pulse Width  Fast    RAMD32/CLK          n/a            1.250         5.000       3.750      SLICE_X46Y67  u_output_fifo/data_mem_r_reg_0_15_0_5/RAMB/CLK
High Pulse Width  Slow    RAMD32/CLK          n/a            1.250         5.000       3.750      SLICE_X46Y67  u_output_fifo/data_mem_r_reg_0_15_0_5/RAMB_D1/CLK
High Pulse Width  Fast    RAMD32/CLK          n/a            1.250         5.000       3.750      SLICE_X46Y67  u_output_fifo/data_mem_r_reg_0_15_0_5/RAMB_D1/CLK
High Pulse Width  Slow    RAMD32/CLK          n/a            1.250         5.000       3.750      SLICE_X46Y67  u_output_fifo/data_mem_r_reg_0_15_0_5/RAMC/CLK
High Pulse Width  Fast    RAMD32/CLK          n/a            1.250         5.000       3.750      SLICE_X46Y67  u_output_fifo/data_mem_r_reg_0_15_0_5/RAMC/CLK
High Pulse Width  Slow    RAMD32/CLK          n/a            1.250         5.000       3.750      SLICE_X46Y67  u_output_fifo/data_mem_r_reg_0_15_0_5/RAMC_D1/CLK
High Pulse Width  Fast    RAMD32/CLK          n/a            1.250         5.000       3.750      SLICE_X46Y67  u_output_fifo/data_mem_r_reg_0_15_0_5/RAMC_D1/CLK
High Pulse Width  Slow    RAMS32/CLK          n/a            1.250         5.000       3.750      SLICE_X46Y67  u_output_fifo/data_mem_r_reg_0_15_0_5/RAMD/CLK
High Pulse Width  Fast    RAMS32/CLK          n/a            1.250         5.000       3.750      SLICE_X46Y67  u_output_fifo/data_mem_r_reg_0_15_0_5/RAMD/CLK
High Pulse Width  Slow    RAMS32/CLK          n/a            1.250         5.000       3.750      SLICE_X46Y67  u_output_fifo/data_mem_r_reg_0_15_0_5/RAMD_D1/CLK
High Pulse Width  Fast    RAMS32/CLK          n/a            1.250         5.000       3.750      SLICE_X46Y67  u_output_fifo/data_mem_r_reg_0_15_0_5/RAMD_D1/CLK
High Pulse Width  Slow    RAMD32/CLK          n/a            1.250         5.000       3.750      SLICE_X46Y70  u_output_fifo/data_mem_r_reg_0_15_12_17/RAMA/CLK
High Pulse Width  Fast    RAMD32/CLK          n/a            1.250         5.000       3.750      SLICE_X46Y70  u_output_fifo/data_mem_r_reg_0_15_12_17/RAMA/CLK
High Pulse Width  Slow    RAMD32/CLK          n/a            1.250         5.000       3.750      SLICE_X46Y70  u_output_fifo/data_mem_r_reg_0_15_12_17/RAMA_D1/CLK
High Pulse Width  Fast    RAMD32/CLK          n/a            1.250         5.000       3.750      SLICE_X46Y70  u_output_fifo/data_mem_r_reg_0_15_12_17/RAMA_D1/CLK



---------------------------------------------------------------------------------------------------
Path Group:  **async_default**
From Clock:  aclk
  To Clock:  aclk

Setup :            0  Failing Endpoints,  Worst Slack        3.283ns,  Total Violation        0.000ns
Hold  :            0  Failing Endpoints,  Worst Slack        1.244ns,  Total Violation        0.000ns
---------------------------------------------------------------------------------------------------


Max Delay Paths
--------------------------------------------------------------------------------------
Slack (MET) :             3.283ns  (required time - arrival time)
  Source:                 aw_pending_r_reg/C
                            (rising edge-triggered cell FDCE clocked by aclk  {rise@0.000ns fall@5.000ns period=10.000ns})
  Destination:            u_tile_core/u_datapath/mul_stage_r_reg[7][10]/CLR
                            (recovery check against rising-edge clock aclk  {rise@0.000ns fall@5.000ns period=10.000ns})
  Path Group:             **async_default**
  Path Type:              Recovery (Max at Slow Process Corner)
  Requirement:            10.000ns  (aclk rise@10.000ns - aclk rise@0.000ns)
  Data Path Delay:        5.825ns  (logic 0.857ns (14.713%)  route 4.968ns (85.287%))
  Logic Levels:           3  (LUT2=1 LUT4=1 LUT5=1)
  Clock Path Skew:        -0.049ns (DCD - SCD + CPR)
    Destination Clock Delay (DCD):    0.924ns = ( 10.924 - 10.000 ) 
    Source Clock Delay      (SCD):    0.973ns
    Clock Pessimism Removal (CPR):    0.000ns
  Clock Uncertainty:      0.235ns  ((TSJ^2 + TIJ^2)^1/2 + DJ) / 2 + PE + UU
    Total System Jitter     (TSJ):    0.071ns
    Total Input Jitter      (TIJ):    0.000ns
    Discrete Jitter          (DJ):    0.000ns
    Phase Error              (PE):    0.000ns
    User Uncertainty         (UU):    0.200ns

    Location             Delay type                Incr(ns)  Path(ns)    Netlist Resource(s)
  -------------------------------------------------------------------    -------------------
                         (clock aclk rise edge)       0.000     0.000 r  
                                                      0.000     0.000 r  aclk (IN)
                         net (fo=804, unset)          0.973     0.973    aclk
    SLICE_X65Y80         FDCE                                         r  aw_pending_r_reg/C
  -------------------------------------------------------------------    -------------------
    SLICE_X65Y80         FDCE (Prop_fdce_C_Q)         0.456     1.429 r  aw_pending_r_reg/Q
                         net (fo=11, routed)          0.890     2.319    u_tile_core/u_datapath/gen_acc_bank[0].u_acc/state_r[1]_i_2
    SLICE_X63Y80         LUT4 (Prop_lut4_I1_O)        0.124     2.443 r  u_tile_core/u_datapath/gen_acc_bank[0].u_acc/FSM_onehot_state_r[7]_i_6/O
                         net (fo=2, routed)           0.839     3.282    u_tile_core/u_datapath/gen_acc_bank[0].u_acc/s_axi_awvalid_1
    SLICE_X64Y80         LUT5 (Prop_lut5_I0_O)        0.124     3.406 r  u_tile_core/u_datapath/gen_acc_bank[0].u_acc/FSM_onehot_state_r[7]_i_5/O
                         net (fo=40, routed)          1.107     4.513    u_tile_core/u_datapath/gen_acc_bank[0].u_acc/s_axi_awvalid_0
    SLICE_X57Y79         LUT2 (Prop_lut2_I1_O)        0.153     4.666 f  u_tile_core/u_datapath/gen_acc_bank[0].u_acc/FSM_onehot_state_r[7]_i_2/O
                         net (fo=478, routed)         2.132     6.798    u_tile_core/u_datapath/aresetn_0
    SLICE_X49Y62         FDCE                                         f  u_tile_core/u_datapath/mul_stage_r_reg[7][10]/CLR
  -------------------------------------------------------------------    -------------------

                         (clock aclk rise edge)      10.000    10.000 r  
                                                      0.000    10.000 r  aclk (IN)
                         net (fo=804, unset)          0.924    10.924    u_tile_core/u_datapath/aclk
    SLICE_X49Y62         FDCE                                         r  u_tile_core/u_datapath/mul_stage_r_reg[7][10]/C
                         clock pessimism              0.000    10.924    
                         clock uncertainty           -0.235    10.689    
    SLICE_X49Y62         FDCE (Recov_fdce_C_CLR)     -0.608    10.081    u_tile_core/u_datapath/mul_stage_r_reg[7][10]
  -------------------------------------------------------------------
                         required time                         10.081    
                         arrival time                          -6.798    
  -------------------------------------------------------------------
                         slack                                  3.283    

Slack (MET) :             3.283ns  (required time - arrival time)
  Source:                 aw_pending_r_reg/C
                            (rising edge-triggered cell FDCE clocked by aclk  {rise@0.000ns fall@5.000ns period=10.000ns})
  Destination:            u_tile_core/u_datapath/mul_stage_r_reg[7][11]/CLR
                            (recovery check against rising-edge clock aclk  {rise@0.000ns fall@5.000ns period=10.000ns})
  Path Group:             **async_default**
  Path Type:              Recovery (Max at Slow Process Corner)
  Requirement:            10.000ns  (aclk rise@10.000ns - aclk rise@0.000ns)
  Data Path Delay:        5.825ns  (logic 0.857ns (14.713%)  route 4.968ns (85.287%))
  Logic Levels:           3  (LUT2=1 LUT4=1 LUT5=1)
  Clock Path Skew:        -0.049ns (DCD - SCD + CPR)
    Destination Clock Delay (DCD):    0.924ns = ( 10.924 - 10.000 ) 
    Source Clock Delay      (SCD):    0.973ns
    Clock Pessimism Removal (CPR):    0.000ns
  Clock Uncertainty:      0.235ns  ((TSJ^2 + TIJ^2)^1/2 + DJ) / 2 + PE + UU
    Total System Jitter     (TSJ):    0.071ns
    Total Input Jitter      (TIJ):    0.000ns
    Discrete Jitter          (DJ):    0.000ns
    Phase Error              (PE):    0.000ns
    User Uncertainty         (UU):    0.200ns

    Location             Delay type                Incr(ns)  Path(ns)    Netlist Resource(s)
  -------------------------------------------------------------------    -------------------
                         (clock aclk rise edge)       0.000     0.000 r  
                                                      0.000     0.000 r  aclk (IN)
                         net (fo=804, unset)          0.973     0.973    aclk
    SLICE_X65Y80         FDCE                                         r  aw_pending_r_reg/C
  -------------------------------------------------------------------    -------------------
    SLICE_X65Y80         FDCE (Prop_fdce_C_Q)         0.456     1.429 r  aw_pending_r_reg/Q
                         net (fo=11, routed)          0.890     2.319    u_tile_core/u_datapath/gen_acc_bank[0].u_acc/state_r[1]_i_2
    SLICE_X63Y80         LUT4 (Prop_lut4_I1_O)        0.124     2.443 r  u_tile_core/u_datapath/gen_acc_bank[0].u_acc/FSM_onehot_state_r[7]_i_6/O
                         net (fo=2, routed)           0.839     3.282    u_tile_core/u_datapath/gen_acc_bank[0].u_acc/s_axi_awvalid_1
    SLICE_X64Y80         LUT5 (Prop_lut5_I0_O)        0.124     3.406 r  u_tile_core/u_datapath/gen_acc_bank[0].u_acc/FSM_onehot_state_r[7]_i_5/O
                         net (fo=40, routed)          1.107     4.513    u_tile_core/u_datapath/gen_acc_bank[0].u_acc/s_axi_awvalid_0
    SLICE_X57Y79         LUT2 (Prop_lut2_I1_O)        0.153     4.666 f  u_tile_core/u_datapath/gen_acc_bank[0].u_acc/FSM_onehot_state_r[7]_i_2/O
                         net (fo=478, routed)         2.132     6.798    u_tile_core/u_datapath/aresetn_0
    SLICE_X49Y62         FDCE                                         f  u_tile_core/u_datapath/mul_stage_r_reg[7][11]/CLR
  -------------------------------------------------------------------    -------------------

                         (clock aclk rise edge)      10.000    10.000 r  
                                                      0.000    10.000 r  aclk (IN)
                         net (fo=804, unset)          0.924    10.924    u_tile_core/u_datapath/aclk
    SLICE_X49Y62         FDCE                                         r  u_tile_core/u_datapath/mul_stage_r_reg[7][11]/C
                         clock pessimism              0.000    10.924    
                         clock uncertainty           -0.235    10.689    
    SLICE_X49Y62         FDCE (Recov_fdce_C_CLR)     -0.608    10.081    u_tile_core/u_datapath/mul_stage_r_reg[7][11]
  -------------------------------------------------------------------
                         required time                         10.081    
                         arrival time                          -6.798    
  -------------------------------------------------------------------
                         slack                                  3.283    

Slack (MET) :             3.283ns  (required time - arrival time)
  Source:                 aw_pending_r_reg/C
                            (rising edge-triggered cell FDCE clocked by aclk  {rise@0.000ns fall@5.000ns period=10.000ns})
  Destination:            u_tile_core/u_datapath/mul_stage_r_reg[7][8]/CLR
                            (recovery check against rising-edge clock aclk  {rise@0.000ns fall@5.000ns period=10.000ns})
  Path Group:             **async_default**
  Path Type:              Recovery (Max at Slow Process Corner)
  Requirement:            10.000ns  (aclk rise@10.000ns - aclk rise@0.000ns)
  Data Path Delay:        5.825ns  (logic 0.857ns (14.713%)  route 4.968ns (85.287%))
  Logic Levels:           3  (LUT2=1 LUT4=1 LUT5=1)
  Clock Path Skew:        -0.049ns (DCD - SCD + CPR)
    Destination Clock Delay (DCD):    0.924ns = ( 10.924 - 10.000 ) 
    Source Clock Delay      (SCD):    0.973ns
    Clock Pessimism Removal (CPR):    0.000ns
  Clock Uncertainty:      0.235ns  ((TSJ^2 + TIJ^2)^1/2 + DJ) / 2 + PE + UU
    Total System Jitter     (TSJ):    0.071ns
    Total Input Jitter      (TIJ):    0.000ns
    Discrete Jitter          (DJ):    0.000ns
    Phase Error              (PE):    0.000ns
    User Uncertainty         (UU):    0.200ns

    Location             Delay type                Incr(ns)  Path(ns)    Netlist Resource(s)
  -------------------------------------------------------------------    -------------------
                         (clock aclk rise edge)       0.000     0.000 r  
                                                      0.000     0.000 r  aclk (IN)
                         net (fo=804, unset)          0.973     0.973    aclk
    SLICE_X65Y80         FDCE                                         r  aw_pending_r_reg/C
  -------------------------------------------------------------------    -------------------
    SLICE_X65Y80         FDCE (Prop_fdce_C_Q)         0.456     1.429 r  aw_pending_r_reg/Q
                         net (fo=11, routed)          0.890     2.319    u_tile_core/u_datapath/gen_acc_bank[0].u_acc/state_r[1]_i_2
    SLICE_X63Y80         LUT4 (Prop_lut4_I1_O)        0.124     2.443 r  u_tile_core/u_datapath/gen_acc_bank[0].u_acc/FSM_onehot_state_r[7]_i_6/O
                         net (fo=2, routed)           0.839     3.282    u_tile_core/u_datapath/gen_acc_bank[0].u_acc/s_axi_awvalid_1
    SLICE_X64Y80         LUT5 (Prop_lut5_I0_O)        0.124     3.406 r  u_tile_core/u_datapath/gen_acc_bank[0].u_acc/FSM_onehot_state_r[7]_i_5/O
                         net (fo=40, routed)          1.107     4.513    u_tile_core/u_datapath/gen_acc_bank[0].u_acc/s_axi_awvalid_0
    SLICE_X57Y79         LUT2 (Prop_lut2_I1_O)        0.153     4.666 f  u_tile_core/u_datapath/gen_acc_bank[0].u_acc/FSM_onehot_state_r[7]_i_2/O
                         net (fo=478, routed)         2.132     6.798    u_tile_core/u_datapath/aresetn_0
    SLICE_X49Y62         FDCE                                         f  u_tile_core/u_datapath/mul_stage_r_reg[7][8]/CLR
  -------------------------------------------------------------------    -------------------

                         (clock aclk rise edge)      10.000    10.000 r  
                                                      0.000    10.000 r  aclk (IN)
                         net (fo=804, unset)          0.924    10.924    u_tile_core/u_datapath/aclk
    SLICE_X49Y62         FDCE                                         r  u_tile_core/u_datapath/mul_stage_r_reg[7][8]/C
                         clock pessimism              0.000    10.924    
                         clock uncertainty           -0.235    10.689    
    SLICE_X49Y62         FDCE (Recov_fdce_C_CLR)     -0.608    10.081    u_tile_core/u_datapath/mul_stage_r_reg[7][8]
  -------------------------------------------------------------------
                         required time                         10.081    
                         arrival time                          -6.798    
  -------------------------------------------------------------------
                         slack                                  3.283    

Slack (MET) :             3.283ns  (required time - arrival time)
  Source:                 aw_pending_r_reg/C
                            (rising edge-triggered cell FDCE clocked by aclk  {rise@0.000ns fall@5.000ns period=10.000ns})
  Destination:            u_tile_core/u_datapath/mul_stage_r_reg[7][9]/CLR
                            (recovery check against rising-edge clock aclk  {rise@0.000ns fall@5.000ns period=10.000ns})
  Path Group:             **async_default**
  Path Type:              Recovery (Max at Slow Process Corner)
  Requirement:            10.000ns  (aclk rise@10.000ns - aclk rise@0.000ns)
  Data Path Delay:        5.825ns  (logic 0.857ns (14.713%)  route 4.968ns (85.287%))
  Logic Levels:           3  (LUT2=1 LUT4=1 LUT5=1)
  Clock Path Skew:        -0.049ns (DCD - SCD + CPR)
    Destination Clock Delay (DCD):    0.924ns = ( 10.924 - 10.000 ) 
    Source Clock Delay      (SCD):    0.973ns
    Clock Pessimism Removal (CPR):    0.000ns
  Clock Uncertainty:      0.235ns  ((TSJ^2 + TIJ^2)^1/2 + DJ) / 2 + PE + UU
    Total System Jitter     (TSJ):    0.071ns
    Total Input Jitter      (TIJ):    0.000ns
    Discrete Jitter          (DJ):    0.000ns
    Phase Error              (PE):    0.000ns
    User Uncertainty         (UU):    0.200ns

    Location             Delay type                Incr(ns)  Path(ns)    Netlist Resource(s)
  -------------------------------------------------------------------    -------------------
                         (clock aclk rise edge)       0.000     0.000 r  
                                                      0.000     0.000 r  aclk (IN)
                         net (fo=804, unset)          0.973     0.973    aclk
    SLICE_X65Y80         FDCE                                         r  aw_pending_r_reg/C
  -------------------------------------------------------------------    -------------------
    SLICE_X65Y80         FDCE (Prop_fdce_C_Q)         0.456     1.429 r  aw_pending_r_reg/Q
                         net (fo=11, routed)          0.890     2.319    u_tile_core/u_datapath/gen_acc_bank[0].u_acc/state_r[1]_i_2
    SLICE_X63Y80         LUT4 (Prop_lut4_I1_O)        0.124     2.443 r  u_tile_core/u_datapath/gen_acc_bank[0].u_acc/FSM_onehot_state_r[7]_i_6/O
                         net (fo=2, routed)           0.839     3.282    u_tile_core/u_datapath/gen_acc_bank[0].u_acc/s_axi_awvalid_1
    SLICE_X64Y80         LUT5 (Prop_lut5_I0_O)        0.124     3.406 r  u_tile_core/u_datapath/gen_acc_bank[0].u_acc/FSM_onehot_state_r[7]_i_5/O
                         net (fo=40, routed)          1.107     4.513    u_tile_core/u_datapath/gen_acc_bank[0].u_acc/s_axi_awvalid_0
    SLICE_X57Y79         LUT2 (Prop_lut2_I1_O)        0.153     4.666 f  u_tile_core/u_datapath/gen_acc_bank[0].u_acc/FSM_onehot_state_r[7]_i_2/O
                         net (fo=478, routed)         2.132     6.798    u_tile_core/u_datapath/aresetn_0
    SLICE_X49Y62         FDCE                                         f  u_tile_core/u_datapath/mul_stage_r_reg[7][9]/CLR
  -------------------------------------------------------------------    -------------------

                         (clock aclk rise edge)      10.000    10.000 r  
                                                      0.000    10.000 r  aclk (IN)
                         net (fo=804, unset)          0.924    10.924    u_tile_core/u_datapath/aclk
    SLICE_X49Y62         FDCE                                         r  u_tile_core/u_datapath/mul_stage_r_reg[7][9]/C
                         clock pessimism              0.000    10.924    
                         clock uncertainty           -0.235    10.689    
    SLICE_X49Y62         FDCE (Recov_fdce_C_CLR)     -0.608    10.081    u_tile_core/u_datapath/mul_stage_r_reg[7][9]
  -------------------------------------------------------------------
                         required time                         10.081    
                         arrival time                          -6.798    
  -------------------------------------------------------------------
                         slack                                  3.283    

Slack (MET) :             3.313ns  (required time - arrival time)
  Source:                 aw_pending_r_reg/C
                            (rising edge-triggered cell FDCE clocked by aclk  {rise@0.000ns fall@5.000ns period=10.000ns})
  Destination:            u_tile_core/u_datapath/mul_stage_r_reg[7][12]/CLR
                            (recovery check against rising-edge clock aclk  {rise@0.000ns fall@5.000ns period=10.000ns})
  Path Group:             **async_default**
  Path Type:              Recovery (Max at Slow Process Corner)
  Requirement:            10.000ns  (aclk rise@10.000ns - aclk rise@0.000ns)
  Data Path Delay:        5.795ns  (logic 0.857ns (14.788%)  route 4.938ns (85.212%))
  Logic Levels:           3  (LUT2=1 LUT4=1 LUT5=1)
  Clock Path Skew:        -0.049ns (DCD - SCD + CPR)
    Destination Clock Delay (DCD):    0.924ns = ( 10.924 - 10.000 ) 
    Source Clock Delay      (SCD):    0.973ns
    Clock Pessimism Removal (CPR):    0.000ns
  Clock Uncertainty:      0.235ns  ((TSJ^2 + TIJ^2)^1/2 + DJ) / 2 + PE + UU
    Total System Jitter     (TSJ):    0.071ns
    Total Input Jitter      (TIJ):    0.000ns
    Discrete Jitter          (DJ):    0.000ns
    Phase Error              (PE):    0.000ns
    User Uncertainty         (UU):    0.200ns

    Location             Delay type                Incr(ns)  Path(ns)    Netlist Resource(s)
  -------------------------------------------------------------------    -------------------
                         (clock aclk rise edge)       0.000     0.000 r  
                                                      0.000     0.000 r  aclk (IN)
                         net (fo=804, unset)          0.973     0.973    aclk
    SLICE_X65Y80         FDCE                                         r  aw_pending_r_reg/C
  -------------------------------------------------------------------    -------------------
    SLICE_X65Y80         FDCE (Prop_fdce_C_Q)         0.456     1.429 r  aw_pending_r_reg/Q
                         net (fo=11, routed)          0.890     2.319    u_tile_core/u_datapath/gen_acc_bank[0].u_acc/state_r[1]_i_2
    SLICE_X63Y80         LUT4 (Prop_lut4_I1_O)        0.124     2.443 r  u_tile_core/u_datapath/gen_acc_bank[0].u_acc/FSM_onehot_state_r[7]_i_6/O
                         net (fo=2, routed)           0.839     3.282    u_tile_core/u_datapath/gen_acc_bank[0].u_acc/s_axi_awvalid_1
    SLICE_X64Y80         LUT5 (Prop_lut5_I0_O)        0.124     3.406 r  u_tile_core/u_datapath/gen_acc_bank[0].u_acc/FSM_onehot_state_r[7]_i_5/O
                         net (fo=40, routed)          1.107     4.513    u_tile_core/u_datapath/gen_acc_bank[0].u_acc/s_axi_awvalid_0
    SLICE_X57Y79         LUT2 (Prop_lut2_I1_O)        0.153     4.666 f  u_tile_core/u_datapath/gen_acc_bank[0].u_acc/FSM_onehot_state_r[7]_i_2/O
                         net (fo=478, routed)         2.102     6.768    u_tile_core/u_datapath/aresetn_0
    SLICE_X49Y63         FDCE                                         f  u_tile_core/u_datapath/mul_stage_r_reg[7][12]/CLR
  -------------------------------------------------------------------    -------------------

                         (clock aclk rise edge)      10.000    10.000 r  
                                                      0.000    10.000 r  aclk (IN)
                         net (fo=804, unset)          0.924    10.924    u_tile_core/u_datapath/aclk
    SLICE_X49Y63         FDCE                                         r  u_tile_core/u_datapath/mul_stage_r_reg[7][12]/C
                         clock pessimism              0.000    10.924    
                         clock uncertainty           -0.235    10.689    
    SLICE_X49Y63         FDCE (Recov_fdce_C_CLR)     -0.608    10.081    u_tile_core/u_datapath/mul_stage_r_reg[7][12]
  -------------------------------------------------------------------
                         required time                         10.081    
                         arrival time                          -6.768    
  -------------------------------------------------------------------
                         slack                                  3.313    

Slack (MET) :             3.313ns  (required time - arrival time)
  Source:                 aw_pending_r_reg/C
                            (rising edge-triggered cell FDCE clocked by aclk  {rise@0.000ns fall@5.000ns period=10.000ns})
  Destination:            u_tile_core/u_datapath/mul_stage_r_reg[7][13]/CLR
                            (recovery check against rising-edge clock aclk  {rise@0.000ns fall@5.000ns period=10.000ns})
  Path Group:             **async_default**
  Path Type:              Recovery (Max at Slow Process Corner)
  Requirement:            10.000ns  (aclk rise@10.000ns - aclk rise@0.000ns)
  Data Path Delay:        5.795ns  (logic 0.857ns (14.788%)  route 4.938ns (85.212%))
  Logic Levels:           3  (LUT2=1 LUT4=1 LUT5=1)
  Clock Path Skew:        -0.049ns (DCD - SCD + CPR)
    Destination Clock Delay (DCD):    0.924ns = ( 10.924 - 10.000 ) 
    Source Clock Delay      (SCD):    0.973ns
    Clock Pessimism Removal (CPR):    0.000ns
  Clock Uncertainty:      0.235ns  ((TSJ^2 + TIJ^2)^1/2 + DJ) / 2 + PE + UU
    Total System Jitter     (TSJ):    0.071ns
    Total Input Jitter      (TIJ):    0.000ns
    Discrete Jitter          (DJ):    0.000ns
    Phase Error              (PE):    0.000ns
    User Uncertainty         (UU):    0.200ns

    Location             Delay type                Incr(ns)  Path(ns)    Netlist Resource(s)
  -------------------------------------------------------------------    -------------------
                         (clock aclk rise edge)       0.000     0.000 r  
                                                      0.000     0.000 r  aclk (IN)
                         net (fo=804, unset)          0.973     0.973    aclk
    SLICE_X65Y80         FDCE                                         r  aw_pending_r_reg/C
  -------------------------------------------------------------------    -------------------
    SLICE_X65Y80         FDCE (Prop_fdce_C_Q)         0.456     1.429 r  aw_pending_r_reg/Q
                         net (fo=11, routed)          0.890     2.319    u_tile_core/u_datapath/gen_acc_bank[0].u_acc/state_r[1]_i_2
    SLICE_X63Y80         LUT4 (Prop_lut4_I1_O)        0.124     2.443 r  u_tile_core/u_datapath/gen_acc_bank[0].u_acc/FSM_onehot_state_r[7]_i_6/O
                         net (fo=2, routed)           0.839     3.282    u_tile_core/u_datapath/gen_acc_bank[0].u_acc/s_axi_awvalid_1
    SLICE_X64Y80         LUT5 (Prop_lut5_I0_O)        0.124     3.406 r  u_tile_core/u_datapath/gen_acc_bank[0].u_acc/FSM_onehot_state_r[7]_i_5/O
                         net (fo=40, routed)          1.107     4.513    u_tile_core/u_datapath/gen_acc_bank[0].u_acc/s_axi_awvalid_0
    SLICE_X57Y79         LUT2 (Prop_lut2_I1_O)        0.153     4.666 f  u_tile_core/u_datapath/gen_acc_bank[0].u_acc/FSM_onehot_state_r[7]_i_2/O
                         net (fo=478, routed)         2.102     6.768    u_tile_core/u_datapath/aresetn_0
    SLICE_X49Y63         FDCE                                         f  u_tile_core/u_datapath/mul_stage_r_reg[7][13]/CLR
  -------------------------------------------------------------------    -------------------

                         (clock aclk rise edge)      10.000    10.000 r  
                                                      0.000    10.000 r  aclk (IN)
                         net (fo=804, unset)          0.924    10.924    u_tile_core/u_datapath/aclk
    SLICE_X49Y63         FDCE                                         r  u_tile_core/u_datapath/mul_stage_r_reg[7][13]/C
                         clock pessimism              0.000    10.924    
                         clock uncertainty           -0.235    10.689    
    SLICE_X49Y63         FDCE (Recov_fdce_C_CLR)     -0.608    10.081    u_tile_core/u_datapath/mul_stage_r_reg[7][13]
  -------------------------------------------------------------------
                         required time                         10.081    
                         arrival time                          -6.768    
  -------------------------------------------------------------------
                         slack                                  3.313    

Slack (MET) :             3.313ns  (required time - arrival time)
  Source:                 aw_pending_r_reg/C
                            (rising edge-triggered cell FDCE clocked by aclk  {rise@0.000ns fall@5.000ns period=10.000ns})
  Destination:            u_tile_core/u_datapath/mul_stage_r_reg[7][14]/CLR
                            (recovery check against rising-edge clock aclk  {rise@0.000ns fall@5.000ns period=10.000ns})
  Path Group:             **async_default**
  Path Type:              Recovery (Max at Slow Process Corner)
  Requirement:            10.000ns  (aclk rise@10.000ns - aclk rise@0.000ns)
  Data Path Delay:        5.795ns  (logic 0.857ns (14.788%)  route 4.938ns (85.212%))
  Logic Levels:           3  (LUT2=1 LUT4=1 LUT5=1)
  Clock Path Skew:        -0.049ns (DCD - SCD + CPR)
    Destination Clock Delay (DCD):    0.924ns = ( 10.924 - 10.000 ) 
    Source Clock Delay      (SCD):    0.973ns
    Clock Pessimism Removal (CPR):    0.000ns
  Clock Uncertainty:      0.235ns  ((TSJ^2 + TIJ^2)^1/2 + DJ) / 2 + PE + UU
    Total System Jitter     (TSJ):    0.071ns
    Total Input Jitter      (TIJ):    0.000ns
    Discrete Jitter          (DJ):    0.000ns
    Phase Error              (PE):    0.000ns
    User Uncertainty         (UU):    0.200ns

    Location             Delay type                Incr(ns)  Path(ns)    Netlist Resource(s)
  -------------------------------------------------------------------    -------------------
                         (clock aclk rise edge)       0.000     0.000 r  
                                                      0.000     0.000 r  aclk (IN)
                         net (fo=804, unset)          0.973     0.973    aclk
    SLICE_X65Y80         FDCE                                         r  aw_pending_r_reg/C
  -------------------------------------------------------------------    -------------------
    SLICE_X65Y80         FDCE (Prop_fdce_C_Q)         0.456     1.429 r  aw_pending_r_reg/Q
                         net (fo=11, routed)          0.890     2.319    u_tile_core/u_datapath/gen_acc_bank[0].u_acc/state_r[1]_i_2
    SLICE_X63Y80         LUT4 (Prop_lut4_I1_O)        0.124     2.443 r  u_tile_core/u_datapath/gen_acc_bank[0].u_acc/FSM_onehot_state_r[7]_i_6/O
                         net (fo=2, routed)           0.839     3.282    u_tile_core/u_datapath/gen_acc_bank[0].u_acc/s_axi_awvalid_1
    SLICE_X64Y80         LUT5 (Prop_lut5_I0_O)        0.124     3.406 r  u_tile_core/u_datapath/gen_acc_bank[0].u_acc/FSM_onehot_state_r[7]_i_5/O
                         net (fo=40, routed)          1.107     4.513    u_tile_core/u_datapath/gen_acc_bank[0].u_acc/s_axi_awvalid_0
    SLICE_X57Y79         LUT2 (Prop_lut2_I1_O)        0.153     4.666 f  u_tile_core/u_datapath/gen_acc_bank[0].u_acc/FSM_onehot_state_r[7]_i_2/O
                         net (fo=478, routed)         2.102     6.768    u_tile_core/u_datapath/aresetn_0
    SLICE_X49Y63         FDCE                                         f  u_tile_core/u_datapath/mul_stage_r_reg[7][14]/CLR
  -------------------------------------------------------------------    -------------------

                         (clock aclk rise edge)      10.000    10.000 r  
                                                      0.000    10.000 r  aclk (IN)
                         net (fo=804, unset)          0.924    10.924    u_tile_core/u_datapath/aclk
    SLICE_X49Y63         FDCE                                         r  u_tile_core/u_datapath/mul_stage_r_reg[7][14]/C
                         clock pessimism              0.000    10.924    
                         clock uncertainty           -0.235    10.689    
    SLICE_X49Y63         FDCE (Recov_fdce_C_CLR)     -0.608    10.081    u_tile_core/u_datapath/mul_stage_r_reg[7][14]
  -------------------------------------------------------------------
                         required time                         10.081    
                         arrival time                          -6.768    
  -------------------------------------------------------------------
                         slack                                  3.313    

Slack (MET) :             3.313ns  (required time - arrival time)
  Source:                 aw_pending_r_reg/C
                            (rising edge-triggered cell FDCE clocked by aclk  {rise@0.000ns fall@5.000ns period=10.000ns})
  Destination:            u_tile_core/u_datapath/mul_stage_r_reg[7][15]/CLR
                            (recovery check against rising-edge clock aclk  {rise@0.000ns fall@5.000ns period=10.000ns})
  Path Group:             **async_default**
  Path Type:              Recovery (Max at Slow Process Corner)
  Requirement:            10.000ns  (aclk rise@10.000ns - aclk rise@0.000ns)
  Data Path Delay:        5.795ns  (logic 0.857ns (14.788%)  route 4.938ns (85.212%))
  Logic Levels:           3  (LUT2=1 LUT4=1 LUT5=1)
  Clock Path Skew:        -0.049ns (DCD - SCD + CPR)
    Destination Clock Delay (DCD):    0.924ns = ( 10.924 - 10.000 ) 
    Source Clock Delay      (SCD):    0.973ns
    Clock Pessimism Removal (CPR):    0.000ns
  Clock Uncertainty:      0.235ns  ((TSJ^2 + TIJ^2)^1/2 + DJ) / 2 + PE + UU
    Total System Jitter     (TSJ):    0.071ns
    Total Input Jitter      (TIJ):    0.000ns
    Discrete Jitter          (DJ):    0.000ns
    Phase Error              (PE):    0.000ns
    User Uncertainty         (UU):    0.200ns

    Location             Delay type                Incr(ns)  Path(ns)    Netlist Resource(s)
  -------------------------------------------------------------------    -------------------
                         (clock aclk rise edge)       0.000     0.000 r  
                                                      0.000     0.000 r  aclk (IN)
                         net (fo=804, unset)          0.973     0.973    aclk
    SLICE_X65Y80         FDCE                                         r  aw_pending_r_reg/C
  -------------------------------------------------------------------    -------------------
    SLICE_X65Y80         FDCE (Prop_fdce_C_Q)         0.456     1.429 r  aw_pending_r_reg/Q
                         net (fo=11, routed)          0.890     2.319    u_tile_core/u_datapath/gen_acc_bank[0].u_acc/state_r[1]_i_2
    SLICE_X63Y80         LUT4 (Prop_lut4_I1_O)        0.124     2.443 r  u_tile_core/u_datapath/gen_acc_bank[0].u_acc/FSM_onehot_state_r[7]_i_6/O
                         net (fo=2, routed)           0.839     3.282    u_tile_core/u_datapath/gen_acc_bank[0].u_acc/s_axi_awvalid_1
    SLICE_X64Y80         LUT5 (Prop_lut5_I0_O)        0.124     3.406 r  u_tile_core/u_datapath/gen_acc_bank[0].u_acc/FSM_onehot_state_r[7]_i_5/O
                         net (fo=40, routed)          1.107     4.513    u_tile_core/u_datapath/gen_acc_bank[0].u_acc/s_axi_awvalid_0
    SLICE_X57Y79         LUT2 (Prop_lut2_I1_O)        0.153     4.666 f  u_tile_core/u_datapath/gen_acc_bank[0].u_acc/FSM_onehot_state_r[7]_i_2/O
                         net (fo=478, routed)         2.102     6.768    u_tile_core/u_datapath/aresetn_0
    SLICE_X49Y63         FDCE                                         f  u_tile_core/u_datapath/mul_stage_r_reg[7][15]/CLR
  -------------------------------------------------------------------    -------------------

                         (clock aclk rise edge)      10.000    10.000 r  
                                                      0.000    10.000 r  aclk (IN)
                         net (fo=804, unset)          0.924    10.924    u_tile_core/u_datapath/aclk
    SLICE_X49Y63         FDCE                                         r  u_tile_core/u_datapath/mul_stage_r_reg[7][15]/C
                         clock pessimism              0.000    10.924    
                         clock uncertainty           -0.235    10.689    
    SLICE_X49Y63         FDCE (Recov_fdce_C_CLR)     -0.608    10.081    u_tile_core/u_datapath/mul_stage_r_reg[7][15]
  -------------------------------------------------------------------
                         required time                         10.081    
                         arrival time                          -6.768    
  -------------------------------------------------------------------
                         slack                                  3.313    

Slack (MET) :             3.377ns  (required time - arrival time)
  Source:                 aw_pending_r_reg/C
                            (rising edge-triggered cell FDCE clocked by aclk  {rise@0.000ns fall@5.000ns period=10.000ns})
  Destination:            u_tile_core/u_datapath/mul_stage_r_reg[7][0]/CLR
                            (recovery check against rising-edge clock aclk  {rise@0.000ns fall@5.000ns period=10.000ns})
  Path Group:             **async_default**
  Path Type:              Recovery (Max at Slow Process Corner)
  Requirement:            10.000ns  (aclk rise@10.000ns - aclk rise@0.000ns)
  Data Path Delay:        5.731ns  (logic 0.857ns (14.954%)  route 4.874ns (85.046%))
  Logic Levels:           3  (LUT2=1 LUT4=1 LUT5=1)
  Clock Path Skew:        -0.049ns (DCD - SCD + CPR)
    Destination Clock Delay (DCD):    0.924ns = ( 10.924 - 10.000 ) 
    Source Clock Delay      (SCD):    0.973ns
    Clock Pessimism Removal (CPR):    0.000ns
  Clock Uncertainty:      0.235ns  ((TSJ^2 + TIJ^2)^1/2 + DJ) / 2 + PE + UU
    Total System Jitter     (TSJ):    0.071ns
    Total Input Jitter      (TIJ):    0.000ns
    Discrete Jitter          (DJ):    0.000ns
    Phase Error              (PE):    0.000ns
    User Uncertainty         (UU):    0.200ns

    Location             Delay type                Incr(ns)  Path(ns)    Netlist Resource(s)
  -------------------------------------------------------------------    -------------------
                         (clock aclk rise edge)       0.000     0.000 r  
                                                      0.000     0.000 r  aclk (IN)
                         net (fo=804, unset)          0.973     0.973    aclk
    SLICE_X65Y80         FDCE                                         r  aw_pending_r_reg/C
  -------------------------------------------------------------------    -------------------
    SLICE_X65Y80         FDCE (Prop_fdce_C_Q)         0.456     1.429 r  aw_pending_r_reg/Q
                         net (fo=11, routed)          0.890     2.319    u_tile_core/u_datapath/gen_acc_bank[0].u_acc/state_r[1]_i_2
    SLICE_X63Y80         LUT4 (Prop_lut4_I1_O)        0.124     2.443 r  u_tile_core/u_datapath/gen_acc_bank[0].u_acc/FSM_onehot_state_r[7]_i_6/O
                         net (fo=2, routed)           0.839     3.282    u_tile_core/u_datapath/gen_acc_bank[0].u_acc/s_axi_awvalid_1
    SLICE_X64Y80         LUT5 (Prop_lut5_I0_O)        0.124     3.406 r  u_tile_core/u_datapath/gen_acc_bank[0].u_acc/FSM_onehot_state_r[7]_i_5/O
                         net (fo=40, routed)          1.107     4.513    u_tile_core/u_datapath/gen_acc_bank[0].u_acc/s_axi_awvalid_0
    SLICE_X57Y79         LUT2 (Prop_lut2_I1_O)        0.153     4.666 f  u_tile_core/u_datapath/gen_acc_bank[0].u_acc/FSM_onehot_state_r[7]_i_2/O
                         net (fo=478, routed)         2.038     6.704    u_tile_core/u_datapath/aresetn_0
    SLICE_X48Y60         FDCE                                         f  u_tile_core/u_datapath/mul_stage_r_reg[7][0]/CLR
  -------------------------------------------------------------------    -------------------

                         (clock aclk rise edge)      10.000    10.000 r  
                                                      0.000    10.000 r  aclk (IN)
                         net (fo=804, unset)          0.924    10.924    u_tile_core/u_datapath/aclk
    SLICE_X48Y60         FDCE                                         r  u_tile_core/u_datapath/mul_stage_r_reg[7][0]/C
                         clock pessimism              0.000    10.924    
                         clock uncertainty           -0.235    10.689    
    SLICE_X48Y60         FDCE (Recov_fdce_C_CLR)     -0.608    10.081    u_tile_core/u_datapath/mul_stage_r_reg[7][0]
  -------------------------------------------------------------------
                         required time                         10.081    
                         arrival time                          -6.704    
  -------------------------------------------------------------------
                         slack                                  3.377    

Slack (MET) :             3.377ns  (required time - arrival time)
  Source:                 aw_pending_r_reg/C
                            (rising edge-triggered cell FDCE clocked by aclk  {rise@0.000ns fall@5.000ns period=10.000ns})
  Destination:            u_tile_core/u_datapath/mul_stage_r_reg[7][1]/CLR
                            (recovery check against rising-edge clock aclk  {rise@0.000ns fall@5.000ns period=10.000ns})
  Path Group:             **async_default**
  Path Type:              Recovery (Max at Slow Process Corner)
  Requirement:            10.000ns  (aclk rise@10.000ns - aclk rise@0.000ns)
  Data Path Delay:        5.731ns  (logic 0.857ns (14.954%)  route 4.874ns (85.046%))
  Logic Levels:           3  (LUT2=1 LUT4=1 LUT5=1)
  Clock Path Skew:        -0.049ns (DCD - SCD + CPR)
    Destination Clock Delay (DCD):    0.924ns = ( 10.924 - 10.000 ) 
    Source Clock Delay      (SCD):    0.973ns
    Clock Pessimism Removal (CPR):    0.000ns
  Clock Uncertainty:      0.235ns  ((TSJ^2 + TIJ^2)^1/2 + DJ) / 2 + PE + UU
    Total System Jitter     (TSJ):    0.071ns
    Total Input Jitter      (TIJ):    0.000ns
    Discrete Jitter          (DJ):    0.000ns
    Phase Error              (PE):    0.000ns
    User Uncertainty         (UU):    0.200ns

    Location             Delay type                Incr(ns)  Path(ns)    Netlist Resource(s)
  -------------------------------------------------------------------    -------------------
                         (clock aclk rise edge)       0.000     0.000 r  
                                                      0.000     0.000 r  aclk (IN)
                         net (fo=804, unset)          0.973     0.973    aclk
    SLICE_X65Y80         FDCE                                         r  aw_pending_r_reg/C
  -------------------------------------------------------------------    -------------------
    SLICE_X65Y80         FDCE (Prop_fdce_C_Q)         0.456     1.429 r  aw_pending_r_reg/Q
                         net (fo=11, routed)          0.890     2.319    u_tile_core/u_datapath/gen_acc_bank[0].u_acc/state_r[1]_i_2
    SLICE_X63Y80         LUT4 (Prop_lut4_I1_O)        0.124     2.443 r  u_tile_core/u_datapath/gen_acc_bank[0].u_acc/FSM_onehot_state_r[7]_i_6/O
                         net (fo=2, routed)           0.839     3.282    u_tile_core/u_datapath/gen_acc_bank[0].u_acc/s_axi_awvalid_1
    SLICE_X64Y80         LUT5 (Prop_lut5_I0_O)        0.124     3.406 r  u_tile_core/u_datapath/gen_acc_bank[0].u_acc/FSM_onehot_state_r[7]_i_5/O
                         net (fo=40, routed)          1.107     4.513    u_tile_core/u_datapath/gen_acc_bank[0].u_acc/s_axi_awvalid_0
    SLICE_X57Y79         LUT2 (Prop_lut2_I1_O)        0.153     4.666 f  u_tile_core/u_datapath/gen_acc_bank[0].u_acc/FSM_onehot_state_r[7]_i_2/O
                         net (fo=478, routed)         2.038     6.704    u_tile_core/u_datapath/aresetn_0
    SLICE_X48Y60         FDCE                                         f  u_tile_core/u_datapath/mul_stage_r_reg[7][1]/CLR
  -------------------------------------------------------------------    -------------------

                         (clock aclk rise edge)      10.000    10.000 r  
                                                      0.000    10.000 r  aclk (IN)
                         net (fo=804, unset)          0.924    10.924    u_tile_core/u_datapath/aclk
    SLICE_X48Y60         FDCE                                         r  u_tile_core/u_datapath/mul_stage_r_reg[7][1]/C
                         clock pessimism              0.000    10.924    
                         clock uncertainty           -0.235    10.689    
    SLICE_X48Y60         FDCE (Recov_fdce_C_CLR)     -0.608    10.081    u_tile_core/u_datapath/mul_stage_r_reg[7][1]
  -------------------------------------------------------------------
                         required time                         10.081    
                         arrival time                          -6.704    
  -------------------------------------------------------------------
                         slack                                  3.377    

Slack (MET) :             3.377ns  (required time - arrival time)
  Source:                 aw_pending_r_reg/C
                            (rising edge-triggered cell FDCE clocked by aclk  {rise@0.000ns fall@5.000ns period=10.000ns})
  Destination:            u_tile_core/u_datapath/mul_stage_r_reg[7][2]/CLR
                            (recovery check against rising-edge clock aclk  {rise@0.000ns fall@5.000ns period=10.000ns})
  Path Group:             **async_default**
  Path Type:              Recovery (Max at Slow Process Corner)
  Requirement:            10.000ns  (aclk rise@10.000ns - aclk rise@0.000ns)
  Data Path Delay:        5.731ns  (logic 0.857ns (14.954%)  route 4.874ns (85.046%))
  Logic Levels:           3  (LUT2=1 LUT4=1 LUT5=1)
  Clock Path Skew:        -0.049ns (DCD - SCD + CPR)
    Destination Clock Delay (DCD):    0.924ns = ( 10.924 - 10.000 ) 
    Source Clock Delay      (SCD):    0.973ns
    Clock Pessimism Removal (CPR):    0.000ns
  Clock Uncertainty:      0.235ns  ((TSJ^2 + TIJ^2)^1/2 + DJ) / 2 + PE + UU
    Total System Jitter     (TSJ):    0.071ns
    Total Input Jitter      (TIJ):    0.000ns
    Discrete Jitter          (DJ):    0.000ns
    Phase Error              (PE):    0.000ns
    User Uncertainty         (UU):    0.200ns

    Location             Delay type                Incr(ns)  Path(ns)    Netlist Resource(s)
  -------------------------------------------------------------------    -------------------
                         (clock aclk rise edge)       0.000     0.000 r  
                                                      0.000     0.000 r  aclk (IN)
                         net (fo=804, unset)          0.973     0.973    aclk
    SLICE_X65Y80         FDCE                                         r  aw_pending_r_reg/C
  -------------------------------------------------------------------    -------------------
    SLICE_X65Y80         FDCE (Prop_fdce_C_Q)         0.456     1.429 r  aw_pending_r_reg/Q
                         net (fo=11, routed)          0.890     2.319    u_tile_core/u_datapath/gen_acc_bank[0].u_acc/state_r[1]_i_2
    SLICE_X63Y80         LUT4 (Prop_lut4_I1_O)        0.124     2.443 r  u_tile_core/u_datapath/gen_acc_bank[0].u_acc/FSM_onehot_state_r[7]_i_6/O
                         net (fo=2, routed)           0.839     3.282    u_tile_core/u_datapath/gen_acc_bank[0].u_acc/s_axi_awvalid_1
    SLICE_X64Y80         LUT5 (Prop_lut5_I0_O)        0.124     3.406 r  u_tile_core/u_datapath/gen_acc_bank[0].u_acc/FSM_onehot_state_r[7]_i_5/O
                         net (fo=40, routed)          1.107     4.513    u_tile_core/u_datapath/gen_acc_bank[0].u_acc/s_axi_awvalid_0
    SLICE_X57Y79         LUT2 (Prop_lut2_I1_O)        0.153     4.666 f  u_tile_core/u_datapath/gen_acc_bank[0].u_acc/FSM_onehot_state_r[7]_i_2/O
                         net (fo=478, routed)         2.038     6.704    u_tile_core/u_datapath/aresetn_0
    SLICE_X48Y60         FDCE                                         f  u_tile_core/u_datapath/mul_stage_r_reg[7][2]/CLR
  -------------------------------------------------------------------    -------------------

                         (clock aclk rise edge)      10.000    10.000 r  
                                                      0.000    10.000 r  aclk (IN)
                         net (fo=804, unset)          0.924    10.924    u_tile_core/u_datapath/aclk
    SLICE_X48Y60         FDCE                                         r  u_tile_core/u_datapath/mul_stage_r_reg[7][2]/C
                         clock pessimism              0.000    10.924    
                         clock uncertainty           -0.235    10.689    
    SLICE_X48Y60         FDCE (Recov_fdce_C_CLR)     -0.608    10.081    u_tile_core/u_datapath/mul_stage_r_reg[7][2]
  -------------------------------------------------------------------
                         required time                         10.081    
                         arrival time                          -6.704    
  -------------------------------------------------------------------
                         slack                                  3.377    

Slack (MET) :             3.415ns  (required time - arrival time)
  Source:                 aw_pending_r_reg/C
                            (rising edge-triggered cell FDCE clocked by aclk  {rise@0.000ns fall@5.000ns period=10.000ns})
  Destination:            u_tile_core/u_datapath/mul_stage_r_reg[6][3]/CLR
                            (recovery check against rising-edge clock aclk  {rise@0.000ns fall@5.000ns period=10.000ns})
  Path Group:             **async_default**
  Path Type:              Recovery (Max at Slow Process Corner)
  Requirement:            10.000ns  (aclk rise@10.000ns - aclk rise@0.000ns)
  Data Path Delay:        5.693ns  (logic 0.857ns (15.054%)  route 4.836ns (84.946%))
  Logic Levels:           3  (LUT2=1 LUT4=1 LUT5=1)
  Clock Path Skew:        -0.049ns (DCD - SCD + CPR)
    Destination Clock Delay (DCD):    0.924ns = ( 10.924 - 10.000 ) 
    Source Clock Delay      (SCD):    0.973ns
    Clock Pessimism Removal (CPR):    0.000ns
  Clock Uncertainty:      0.235ns  ((TSJ^2 + TIJ^2)^1/2 + DJ) / 2 + PE + UU
    Total System Jitter     (TSJ):    0.071ns
    Total Input Jitter      (TIJ):    0.000ns
    Discrete Jitter          (DJ):    0.000ns
    Phase Error              (PE):    0.000ns
    User Uncertainty         (UU):    0.200ns

    Location             Delay type                Incr(ns)  Path(ns)    Netlist Resource(s)
  -------------------------------------------------------------------    -------------------
                         (clock aclk rise edge)       0.000     0.000 r  
                                                      0.000     0.000 r  aclk (IN)
                         net (fo=804, unset)          0.973     0.973    aclk
    SLICE_X65Y80         FDCE                                         r  aw_pending_r_reg/C
  -------------------------------------------------------------------    -------------------
    SLICE_X65Y80         FDCE (Prop_fdce_C_Q)         0.456     1.429 r  aw_pending_r_reg/Q
                         net (fo=11, routed)          0.890     2.319    u_tile_core/u_datapath/gen_acc_bank[0].u_acc/state_r[1]_i_2
    SLICE_X63Y80         LUT4 (Prop_lut4_I1_O)        0.124     2.443 r  u_tile_core/u_datapath/gen_acc_bank[0].u_acc/FSM_onehot_state_r[7]_i_6/O
                         net (fo=2, routed)           0.839     3.282    u_tile_core/u_datapath/gen_acc_bank[0].u_acc/s_axi_awvalid_1
    SLICE_X64Y80         LUT5 (Prop_lut5_I0_O)        0.124     3.406 r  u_tile_core/u_datapath/gen_acc_bank[0].u_acc/FSM_onehot_state_r[7]_i_5/O
                         net (fo=40, routed)          1.107     4.513    u_tile_core/u_datapath/gen_acc_bank[0].u_acc/s_axi_awvalid_0
    SLICE_X57Y79         LUT2 (Prop_lut2_I1_O)        0.153     4.666 f  u_tile_core/u_datapath/gen_acc_bank[0].u_acc/FSM_onehot_state_r[7]_i_2/O
                         net (fo=478, routed)         2.000     6.666    u_tile_core/u_datapath/aresetn_0
    SLICE_X56Y59         FDCE                                         f  u_tile_core/u_datapath/mul_stage_r_reg[6][3]/CLR
  -------------------------------------------------------------------    -------------------

                         (clock aclk rise edge)      10.000    10.000 r  
                                                      0.000    10.000 r  aclk (IN)
                         net (fo=804, unset)          0.924    10.924    u_tile_core/u_datapath/aclk
    SLICE_X56Y59         FDCE                                         r  u_tile_core/u_datapath/mul_stage_r_reg[6][3]/C
                         clock pessimism              0.000    10.924    
                         clock uncertainty           -0.235    10.689    
    SLICE_X56Y59         FDCE (Recov_fdce_C_CLR)     -0.608    10.081    u_tile_core/u_datapath/mul_stage_r_reg[6][3]
  -------------------------------------------------------------------
                         required time                         10.081    
                         arrival time                          -6.666    
  -------------------------------------------------------------------
                         slack                                  3.415    

Slack (MET) :             3.422ns  (required time - arrival time)
  Source:                 aw_pending_r_reg/C
                            (rising edge-triggered cell FDCE clocked by aclk  {rise@0.000ns fall@5.000ns period=10.000ns})
  Destination:            u_tile_core/u_datapath/gen_acc_bank[0].u_acc/acc_o_reg[4]/CLR
                            (recovery check against rising-edge clock aclk  {rise@0.000ns fall@5.000ns period=10.000ns})
  Path Group:             **async_default**
  Path Type:              Recovery (Max at Slow Process Corner)
  Requirement:            10.000ns  (aclk rise@10.000ns - aclk rise@0.000ns)
  Data Path Delay:        5.686ns  (logic 0.857ns (15.073%)  route 4.829ns (84.927%))
  Logic Levels:           3  (LUT2=1 LUT4=1 LUT5=1)
  Clock Path Skew:        -0.049ns (DCD - SCD + CPR)
    Destination Clock Delay (DCD):    0.924ns = ( 10.924 - 10.000 ) 
    Source Clock Delay      (SCD):    0.973ns
    Clock Pessimism Removal (CPR):    0.000ns
  Clock Uncertainty:      0.235ns  ((TSJ^2 + TIJ^2)^1/2 + DJ) / 2 + PE + UU
    Total System Jitter     (TSJ):    0.071ns
    Total Input Jitter      (TIJ):    0.000ns
    Discrete Jitter          (DJ):    0.000ns
    Phase Error              (PE):    0.000ns
    User Uncertainty         (UU):    0.200ns

    Location             Delay type                Incr(ns)  Path(ns)    Netlist Resource(s)
  -------------------------------------------------------------------    -------------------
                         (clock aclk rise edge)       0.000     0.000 r  
                                                      0.000     0.000 r  aclk (IN)
                         net (fo=804, unset)          0.973     0.973    aclk
    SLICE_X65Y80         FDCE                                         r  aw_pending_r_reg/C
  -------------------------------------------------------------------    -------------------
    SLICE_X65Y80         FDCE (Prop_fdce_C_Q)         0.456     1.429 r  aw_pending_r_reg/Q
                         net (fo=11, routed)          0.890     2.319    u_tile_core/u_datapath/gen_acc_bank[0].u_acc/state_r[1]_i_2
    SLICE_X63Y80         LUT4 (Prop_lut4_I1_O)        0.124     2.443 r  u_tile_core/u_datapath/gen_acc_bank[0].u_acc/FSM_onehot_state_r[7]_i_6/O
                         net (fo=2, routed)           0.839     3.282    u_tile_core/u_datapath/gen_acc_bank[0].u_acc/s_axi_awvalid_1
    SLICE_X64Y80         LUT5 (Prop_lut5_I0_O)        0.124     3.406 r  u_tile_core/u_datapath/gen_acc_bank[0].u_acc/FSM_onehot_state_r[7]_i_5/O
                         net (fo=40, routed)          1.107     4.513    u_tile_core/u_datapath/gen_acc_bank[0].u_acc/s_axi_awvalid_0
    SLICE_X57Y79         LUT2 (Prop_lut2_I1_O)        0.153     4.666 f  u_tile_core/u_datapath/gen_acc_bank[0].u_acc/FSM_onehot_state_r[7]_i_2/O
                         net (fo=478, routed)         1.993     6.659    u_tile_core/u_datapath/gen_acc_bank[0].u_acc/aresetn_0
    SLICE_X48Y68         FDCE                                         f  u_tile_core/u_datapath/gen_acc_bank[0].u_acc/acc_o_reg[4]/CLR
  -------------------------------------------------------------------    -------------------

                         (clock aclk rise edge)      10.000    10.000 r  
                                                      0.000    10.000 r  aclk (IN)
                         net (fo=804, unset)          0.924    10.924    u_tile_core/u_datapath/gen_acc_bank[0].u_acc/aclk
    SLICE_X48Y68         FDCE                                         r  u_tile_core/u_datapath/gen_acc_bank[0].u_acc/acc_o_reg[4]/C
                         clock pessimism              0.000    10.924    
                         clock uncertainty           -0.235    10.689    
    SLICE_X48Y68         FDCE (Recov_fdce_C_CLR)     -0.608    10.081    u_tile_core/u_datapath/gen_acc_bank[0].u_acc/acc_o_reg[4]
  -------------------------------------------------------------------
                         required time                         10.081    
                         arrival time                          -6.659    
  -------------------------------------------------------------------
                         slack                                  3.422    

Slack (MET) :             3.422ns  (required time - arrival time)
  Source:                 aw_pending_r_reg/C
                            (rising edge-triggered cell FDCE clocked by aclk  {rise@0.000ns fall@5.000ns period=10.000ns})
  Destination:            u_tile_core/u_datapath/gen_acc_bank[0].u_acc/acc_o_reg[5]/CLR
                            (recovery check against rising-edge clock aclk  {rise@0.000ns fall@5.000ns period=10.000ns})
  Path Group:             **async_default**
  Path Type:              Recovery (Max at Slow Process Corner)
  Requirement:            10.000ns  (aclk rise@10.000ns - aclk rise@0.000ns)
  Data Path Delay:        5.686ns  (logic 0.857ns (15.073%)  route 4.829ns (84.927%))
  Logic Levels:           3  (LUT2=1 LUT4=1 LUT5=1)
  Clock Path Skew:        -0.049ns (DCD - SCD + CPR)
    Destination Clock Delay (DCD):    0.924ns = ( 10.924 - 10.000 ) 
    Source Clock Delay      (SCD):    0.973ns
    Clock Pessimism Removal (CPR):    0.000ns
  Clock Uncertainty:      0.235ns  ((TSJ^2 + TIJ^2)^1/2 + DJ) / 2 + PE + UU
    Total System Jitter     (TSJ):    0.071ns
    Total Input Jitter      (TIJ):    0.000ns
    Discrete Jitter          (DJ):    0.000ns
    Phase Error              (PE):    0.000ns
    User Uncertainty         (UU):    0.200ns

    Location             Delay type                Incr(ns)  Path(ns)    Netlist Resource(s)
  -------------------------------------------------------------------    -------------------
                         (clock aclk rise edge)       0.000     0.000 r  
                                                      0.000     0.000 r  aclk (IN)
                         net (fo=804, unset)          0.973     0.973    aclk
    SLICE_X65Y80         FDCE                                         r  aw_pending_r_reg/C
  -------------------------------------------------------------------    -------------------
    SLICE_X65Y80         FDCE (Prop_fdce_C_Q)         0.456     1.429 r  aw_pending_r_reg/Q
                         net (fo=11, routed)          0.890     2.319    u_tile_core/u_datapath/gen_acc_bank[0].u_acc/state_r[1]_i_2
    SLICE_X63Y80         LUT4 (Prop_lut4_I1_O)        0.124     2.443 r  u_tile_core/u_datapath/gen_acc_bank[0].u_acc/FSM_onehot_state_r[7]_i_6/O
                         net (fo=2, routed)           0.839     3.282    u_tile_core/u_datapath/gen_acc_bank[0].u_acc/s_axi_awvalid_1
    SLICE_X64Y80         LUT5 (Prop_lut5_I0_O)        0.124     3.406 r  u_tile_core/u_datapath/gen_acc_bank[0].u_acc/FSM_onehot_state_r[7]_i_5/O
                         net (fo=40, routed)          1.107     4.513    u_tile_core/u_datapath/gen_acc_bank[0].u_acc/s_axi_awvalid_0
    SLICE_X57Y79         LUT2 (Prop_lut2_I1_O)        0.153     4.666 f  u_tile_core/u_datapath/gen_acc_bank[0].u_acc/FSM_onehot_state_r[7]_i_2/O
                         net (fo=478, routed)         1.993     6.659    u_tile_core/u_datapath/gen_acc_bank[0].u_acc/aresetn_0
    SLICE_X48Y68         FDCE                                         f  u_tile_core/u_datapath/gen_acc_bank[0].u_acc/acc_o_reg[5]/CLR
  -------------------------------------------------------------------    -------------------

                         (clock aclk rise edge)      10.000    10.000 r  
                                                      0.000    10.000 r  aclk (IN)
                         net (fo=804, unset)          0.924    10.924    u_tile_core/u_datapath/gen_acc_bank[0].u_acc/aclk
    SLICE_X48Y68         FDCE                                         r  u_tile_core/u_datapath/gen_acc_bank[0].u_acc/acc_o_reg[5]/C
                         clock pessimism              0.000    10.924    
                         clock uncertainty           -0.235    10.689    
    SLICE_X48Y68         FDCE (Recov_fdce_C_CLR)     -0.608    10.081    u_tile_core/u_datapath/gen_acc_bank[0].u_acc/acc_o_reg[5]
  -------------------------------------------------------------------
                         required time                         10.081    
                         arrival time                          -6.659    
  -------------------------------------------------------------------
                         slack                                  3.422    

Slack (MET) :             3.422ns  (required time - arrival time)
  Source:                 aw_pending_r_reg/C
                            (rising edge-triggered cell FDCE clocked by aclk  {rise@0.000ns fall@5.000ns period=10.000ns})
  Destination:            u_tile_core/u_datapath/gen_acc_bank[0].u_acc/acc_o_reg[6]/CLR
                            (recovery check against rising-edge clock aclk  {rise@0.000ns fall@5.000ns period=10.000ns})
  Path Group:             **async_default**
  Path Type:              Recovery (Max at Slow Process Corner)
  Requirement:            10.000ns  (aclk rise@10.000ns - aclk rise@0.000ns)
  Data Path Delay:        5.686ns  (logic 0.857ns (15.073%)  route 4.829ns (84.927%))
  Logic Levels:           3  (LUT2=1 LUT4=1 LUT5=1)
  Clock Path Skew:        -0.049ns (DCD - SCD + CPR)
    Destination Clock Delay (DCD):    0.924ns = ( 10.924 - 10.000 ) 
    Source Clock Delay      (SCD):    0.973ns
    Clock Pessimism Removal (CPR):    0.000ns
  Clock Uncertainty:      0.235ns  ((TSJ^2 + TIJ^2)^1/2 + DJ) / 2 + PE + UU
    Total System Jitter     (TSJ):    0.071ns
    Total Input Jitter      (TIJ):    0.000ns
    Discrete Jitter          (DJ):    0.000ns
    Phase Error              (PE):    0.000ns
    User Uncertainty         (UU):    0.200ns

    Location             Delay type                Incr(ns)  Path(ns)    Netlist Resource(s)
  -------------------------------------------------------------------    -------------------
                         (clock aclk rise edge)       0.000     0.000 r  
                                                      0.000     0.000 r  aclk (IN)
                         net (fo=804, unset)          0.973     0.973    aclk
    SLICE_X65Y80         FDCE                                         r  aw_pending_r_reg/C
  -------------------------------------------------------------------    -------------------
    SLICE_X65Y80         FDCE (Prop_fdce_C_Q)         0.456     1.429 r  aw_pending_r_reg/Q
                         net (fo=11, routed)          0.890     2.319    u_tile_core/u_datapath/gen_acc_bank[0].u_acc/state_r[1]_i_2
    SLICE_X63Y80         LUT4 (Prop_lut4_I1_O)        0.124     2.443 r  u_tile_core/u_datapath/gen_acc_bank[0].u_acc/FSM_onehot_state_r[7]_i_6/O
                         net (fo=2, routed)           0.839     3.282    u_tile_core/u_datapath/gen_acc_bank[0].u_acc/s_axi_awvalid_1
    SLICE_X64Y80         LUT5 (Prop_lut5_I0_O)        0.124     3.406 r  u_tile_core/u_datapath/gen_acc_bank[0].u_acc/FSM_onehot_state_r[7]_i_5/O
                         net (fo=40, routed)          1.107     4.513    u_tile_core/u_datapath/gen_acc_bank[0].u_acc/s_axi_awvalid_0
    SLICE_X57Y79         LUT2 (Prop_lut2_I1_O)        0.153     4.666 f  u_tile_core/u_datapath/gen_acc_bank[0].u_acc/FSM_onehot_state_r[7]_i_2/O
                         net (fo=478, routed)         1.993     6.659    u_tile_core/u_datapath/gen_acc_bank[0].u_acc/aresetn_0
    SLICE_X48Y68         FDCE                                         f  u_tile_core/u_datapath/gen_acc_bank[0].u_acc/acc_o_reg[6]/CLR
  -------------------------------------------------------------------    -------------------

                         (clock aclk rise edge)      10.000    10.000 r  
                                                      0.000    10.000 r  aclk (IN)
                         net (fo=804, unset)          0.924    10.924    u_tile_core/u_datapath/gen_acc_bank[0].u_acc/aclk
    SLICE_X48Y68         FDCE                                         r  u_tile_core/u_datapath/gen_acc_bank[0].u_acc/acc_o_reg[6]/C
                         clock pessimism              0.000    10.924    
                         clock uncertainty           -0.235    10.689    
    SLICE_X48Y68         FDCE (Recov_fdce_C_CLR)     -0.608    10.081    u_tile_core/u_datapath/gen_acc_bank[0].u_acc/acc_o_reg[6]
  -------------------------------------------------------------------
                         required time                         10.081    
                         arrival time                          -6.659    
  -------------------------------------------------------------------
                         slack                                  3.422    

Slack (MET) :             3.422ns  (required time - arrival time)
  Source:                 aw_pending_r_reg/C
                            (rising edge-triggered cell FDCE clocked by aclk  {rise@0.000ns fall@5.000ns period=10.000ns})
  Destination:            u_tile_core/u_datapath/gen_acc_bank[0].u_acc/acc_o_reg[7]/CLR
                            (recovery check against rising-edge clock aclk  {rise@0.000ns fall@5.000ns period=10.000ns})
  Path Group:             **async_default**
  Path Type:              Recovery (Max at Slow Process Corner)
  Requirement:            10.000ns  (aclk rise@10.000ns - aclk rise@0.000ns)
  Data Path Delay:        5.686ns  (logic 0.857ns (15.073%)  route 4.829ns (84.927%))
  Logic Levels:           3  (LUT2=1 LUT4=1 LUT5=1)
  Clock Path Skew:        -0.049ns (DCD - SCD + CPR)
    Destination Clock Delay (DCD):    0.924ns = ( 10.924 - 10.000 ) 
    Source Clock Delay      (SCD):    0.973ns
    Clock Pessimism Removal (CPR):    0.000ns
  Clock Uncertainty:      0.235ns  ((TSJ^2 + TIJ^2)^1/2 + DJ) / 2 + PE + UU
    Total System Jitter     (TSJ):    0.071ns
    Total Input Jitter      (TIJ):    0.000ns
    Discrete Jitter          (DJ):    0.000ns
    Phase Error              (PE):    0.000ns
    User Uncertainty         (UU):    0.200ns

    Location             Delay type                Incr(ns)  Path(ns)    Netlist Resource(s)
  -------------------------------------------------------------------    -------------------
                         (clock aclk rise edge)       0.000     0.000 r  
                                                      0.000     0.000 r  aclk (IN)
                         net (fo=804, unset)          0.973     0.973    aclk
    SLICE_X65Y80         FDCE                                         r  aw_pending_r_reg/C
  -------------------------------------------------------------------    -------------------
    SLICE_X65Y80         FDCE (Prop_fdce_C_Q)         0.456     1.429 r  aw_pending_r_reg/Q
                         net (fo=11, routed)          0.890     2.319    u_tile_core/u_datapath/gen_acc_bank[0].u_acc/state_r[1]_i_2
    SLICE_X63Y80         LUT4 (Prop_lut4_I1_O)        0.124     2.443 r  u_tile_core/u_datapath/gen_acc_bank[0].u_acc/FSM_onehot_state_r[7]_i_6/O
                         net (fo=2, routed)           0.839     3.282    u_tile_core/u_datapath/gen_acc_bank[0].u_acc/s_axi_awvalid_1
    SLICE_X64Y80         LUT5 (Prop_lut5_I0_O)        0.124     3.406 r  u_tile_core/u_datapath/gen_acc_bank[0].u_acc/FSM_onehot_state_r[7]_i_5/O
                         net (fo=40, routed)          1.107     4.513    u_tile_core/u_datapath/gen_acc_bank[0].u_acc/s_axi_awvalid_0
    SLICE_X57Y79         LUT2 (Prop_lut2_I1_O)        0.153     4.666 f  u_tile_core/u_datapath/gen_acc_bank[0].u_acc/FSM_onehot_state_r[7]_i_2/O
                         net (fo=478, routed)         1.993     6.659    u_tile_core/u_datapath/gen_acc_bank[0].u_acc/aresetn_0
    SLICE_X48Y68         FDCE                                         f  u_tile_core/u_datapath/gen_acc_bank[0].u_acc/acc_o_reg[7]/CLR
  -------------------------------------------------------------------    -------------------

                         (clock aclk rise edge)      10.000    10.000 r  
                                                      0.000    10.000 r  aclk (IN)
                         net (fo=804, unset)          0.924    10.924    u_tile_core/u_datapath/gen_acc_bank[0].u_acc/aclk
    SLICE_X48Y68         FDCE                                         r  u_tile_core/u_datapath/gen_acc_bank[0].u_acc/acc_o_reg[7]/C
                         clock pessimism              0.000    10.924    
                         clock uncertainty           -0.235    10.689    
    SLICE_X48Y68         FDCE (Recov_fdce_C_CLR)     -0.608    10.081    u_tile_core/u_datapath/gen_acc_bank[0].u_acc/acc_o_reg[7]
  -------------------------------------------------------------------
                         required time                         10.081    
                         arrival time                          -6.659    
  -------------------------------------------------------------------
                         slack                                  3.422    

Slack (MET) :             3.427ns  (required time - arrival time)
  Source:                 aw_pending_r_reg/C
                            (rising edge-triggered cell FDCE clocked by aclk  {rise@0.000ns fall@5.000ns period=10.000ns})
  Destination:            u_tile_core/u_datapath/mul_stage_r_reg[2][0]/CLR
                            (recovery check against rising-edge clock aclk  {rise@0.000ns fall@5.000ns period=10.000ns})
  Path Group:             **async_default**
  Path Type:              Recovery (Max at Slow Process Corner)
  Requirement:            10.000ns  (aclk rise@10.000ns - aclk rise@0.000ns)
  Data Path Delay:        5.681ns  (logic 0.857ns (15.085%)  route 4.824ns (84.915%))
  Logic Levels:           3  (LUT2=1 LUT4=1 LUT5=1)
  Clock Path Skew:        -0.049ns (DCD - SCD + CPR)
    Destination Clock Delay (DCD):    0.924ns = ( 10.924 - 10.000 ) 
    Source Clock Delay      (SCD):    0.973ns
    Clock Pessimism Removal (CPR):    0.000ns
  Clock Uncertainty:      0.235ns  ((TSJ^2 + TIJ^2)^1/2 + DJ) / 2 + PE + UU
    Total System Jitter     (TSJ):    0.071ns
    Total Input Jitter      (TIJ):    0.000ns
    Discrete Jitter          (DJ):    0.000ns
    Phase Error              (PE):    0.000ns
    User Uncertainty         (UU):    0.200ns

    Location             Delay type                Incr(ns)  Path(ns)    Netlist Resource(s)
  -------------------------------------------------------------------    -------------------
                         (clock aclk rise edge)       0.000     0.000 r  
                                                      0.000     0.000 r  aclk (IN)
                         net (fo=804, unset)          0.973     0.973    aclk
    SLICE_X65Y80         FDCE                                         r  aw_pending_r_reg/C
  -------------------------------------------------------------------    -------------------
    SLICE_X65Y80         FDCE (Prop_fdce_C_Q)         0.456     1.429 r  aw_pending_r_reg/Q
                         net (fo=11, routed)          0.890     2.319    u_tile_core/u_datapath/gen_acc_bank[0].u_acc/state_r[1]_i_2
    SLICE_X63Y80         LUT4 (Prop_lut4_I1_O)        0.124     2.443 r  u_tile_core/u_datapath/gen_acc_bank[0].u_acc/FSM_onehot_state_r[7]_i_6/O
                         net (fo=2, routed)           0.839     3.282    u_tile_core/u_datapath/gen_acc_bank[0].u_acc/s_axi_awvalid_1
    SLICE_X64Y80         LUT5 (Prop_lut5_I0_O)        0.124     3.406 r  u_tile_core/u_datapath/gen_acc_bank[0].u_acc/FSM_onehot_state_r[7]_i_5/O
                         net (fo=40, routed)          1.107     4.513    u_tile_core/u_datapath/gen_acc_bank[0].u_acc/s_axi_awvalid_0
    SLICE_X57Y79         LUT2 (Prop_lut2_I1_O)        0.153     4.666 f  u_tile_core/u_datapath/gen_acc_bank[0].u_acc/FSM_onehot_state_r[7]_i_2/O
                         net (fo=478, routed)         1.988     6.654    u_tile_core/u_datapath/aresetn_0
    SLICE_X49Y68         FDCE                                         f  u_tile_core/u_datapath/mul_stage_r_reg[2][0]/CLR
  -------------------------------------------------------------------    -------------------

                         (clock aclk rise edge)      10.000    10.000 r  
                                                      0.000    10.000 r  aclk (IN)
                         net (fo=804, unset)          0.924    10.924    u_tile_core/u_datapath/aclk
    SLICE_X49Y68         FDCE                                         r  u_tile_core/u_datapath/mul_stage_r_reg[2][0]/C
                         clock pessimism              0.000    10.924    
                         clock uncertainty           -0.235    10.689    
    SLICE_X49Y68         FDCE (Recov_fdce_C_CLR)     -0.608    10.081    u_tile_core/u_datapath/mul_stage_r_reg[2][0]
  -------------------------------------------------------------------
                         required time                         10.081    
                         arrival time                          -6.654    
  -------------------------------------------------------------------
                         slack                                  3.427    

Slack (MET) :             3.427ns  (required time - arrival time)
  Source:                 aw_pending_r_reg/C
                            (rising edge-triggered cell FDCE clocked by aclk  {rise@0.000ns fall@5.000ns period=10.000ns})
  Destination:            u_tile_core/u_datapath/mul_stage_r_reg[2][1]/CLR
                            (recovery check against rising-edge clock aclk  {rise@0.000ns fall@5.000ns period=10.000ns})
  Path Group:             **async_default**
  Path Type:              Recovery (Max at Slow Process Corner)
  Requirement:            10.000ns  (aclk rise@10.000ns - aclk rise@0.000ns)
  Data Path Delay:        5.681ns  (logic 0.857ns (15.085%)  route 4.824ns (84.915%))
  Logic Levels:           3  (LUT2=1 LUT4=1 LUT5=1)
  Clock Path Skew:        -0.049ns (DCD - SCD + CPR)
    Destination Clock Delay (DCD):    0.924ns = ( 10.924 - 10.000 ) 
    Source Clock Delay      (SCD):    0.973ns
    Clock Pessimism Removal (CPR):    0.000ns
  Clock Uncertainty:      0.235ns  ((TSJ^2 + TIJ^2)^1/2 + DJ) / 2 + PE + UU
    Total System Jitter     (TSJ):    0.071ns
    Total Input Jitter      (TIJ):    0.000ns
    Discrete Jitter          (DJ):    0.000ns
    Phase Error              (PE):    0.000ns
    User Uncertainty         (UU):    0.200ns

    Location             Delay type                Incr(ns)  Path(ns)    Netlist Resource(s)
  -------------------------------------------------------------------    -------------------
                         (clock aclk rise edge)       0.000     0.000 r  
                                                      0.000     0.000 r  aclk (IN)
                         net (fo=804, unset)          0.973     0.973    aclk
    SLICE_X65Y80         FDCE                                         r  aw_pending_r_reg/C
  -------------------------------------------------------------------    -------------------
    SLICE_X65Y80         FDCE (Prop_fdce_C_Q)         0.456     1.429 r  aw_pending_r_reg/Q
                         net (fo=11, routed)          0.890     2.319    u_tile_core/u_datapath/gen_acc_bank[0].u_acc/state_r[1]_i_2
    SLICE_X63Y80         LUT4 (Prop_lut4_I1_O)        0.124     2.443 r  u_tile_core/u_datapath/gen_acc_bank[0].u_acc/FSM_onehot_state_r[7]_i_6/O
                         net (fo=2, routed)           0.839     3.282    u_tile_core/u_datapath/gen_acc_bank[0].u_acc/s_axi_awvalid_1
    SLICE_X64Y80         LUT5 (Prop_lut5_I0_O)        0.124     3.406 r  u_tile_core/u_datapath/gen_acc_bank[0].u_acc/FSM_onehot_state_r[7]_i_5/O
                         net (fo=40, routed)          1.107     4.513    u_tile_core/u_datapath/gen_acc_bank[0].u_acc/s_axi_awvalid_0
    SLICE_X57Y79         LUT2 (Prop_lut2_I1_O)        0.153     4.666 f  u_tile_core/u_datapath/gen_acc_bank[0].u_acc/FSM_onehot_state_r[7]_i_2/O
                         net (fo=478, routed)         1.988     6.654    u_tile_core/u_datapath/aresetn_0
    SLICE_X49Y68         FDCE                                         f  u_tile_core/u_datapath/mul_stage_r_reg[2][1]/CLR
  -------------------------------------------------------------------    -------------------

                         (clock aclk rise edge)      10.000    10.000 r  
                                                      0.000    10.000 r  aclk (IN)
                         net (fo=804, unset)          0.924    10.924    u_tile_core/u_datapath/aclk
    SLICE_X49Y68         FDCE                                         r  u_tile_core/u_datapath/mul_stage_r_reg[2][1]/C
                         clock pessimism              0.000    10.924    
                         clock uncertainty           -0.235    10.689    
    SLICE_X49Y68         FDCE (Recov_fdce_C_CLR)     -0.608    10.081    u_tile_core/u_datapath/mul_stage_r_reg[2][1]
  -------------------------------------------------------------------
                         required time                         10.081    
                         arrival time                          -6.654    
  -------------------------------------------------------------------
                         slack                                  3.427    

Slack (MET) :             3.427ns  (required time - arrival time)
  Source:                 aw_pending_r_reg/C
                            (rising edge-triggered cell FDCE clocked by aclk  {rise@0.000ns fall@5.000ns period=10.000ns})
  Destination:            u_tile_core/u_datapath/mul_stage_r_reg[2][2]/CLR
                            (recovery check against rising-edge clock aclk  {rise@0.000ns fall@5.000ns period=10.000ns})
  Path Group:             **async_default**
  Path Type:              Recovery (Max at Slow Process Corner)
  Requirement:            10.000ns  (aclk rise@10.000ns - aclk rise@0.000ns)
  Data Path Delay:        5.681ns  (logic 0.857ns (15.085%)  route 4.824ns (84.915%))
  Logic Levels:           3  (LUT2=1 LUT4=1 LUT5=1)
  Clock Path Skew:        -0.049ns (DCD - SCD + CPR)
    Destination Clock Delay (DCD):    0.924ns = ( 10.924 - 10.000 ) 
    Source Clock Delay      (SCD):    0.973ns
    Clock Pessimism Removal (CPR):    0.000ns
  Clock Uncertainty:      0.235ns  ((TSJ^2 + TIJ^2)^1/2 + DJ) / 2 + PE + UU
    Total System Jitter     (TSJ):    0.071ns
    Total Input Jitter      (TIJ):    0.000ns
    Discrete Jitter          (DJ):    0.000ns
    Phase Error              (PE):    0.000ns
    User Uncertainty         (UU):    0.200ns

    Location             Delay type                Incr(ns)  Path(ns)    Netlist Resource(s)
  -------------------------------------------------------------------    -------------------
                         (clock aclk rise edge)       0.000     0.000 r  
                                                      0.000     0.000 r  aclk (IN)
                         net (fo=804, unset)          0.973     0.973    aclk
    SLICE_X65Y80         FDCE                                         r  aw_pending_r_reg/C
  -------------------------------------------------------------------    -------------------
    SLICE_X65Y80         FDCE (Prop_fdce_C_Q)         0.456     1.429 r  aw_pending_r_reg/Q
                         net (fo=11, routed)          0.890     2.319    u_tile_core/u_datapath/gen_acc_bank[0].u_acc/state_r[1]_i_2
    SLICE_X63Y80         LUT4 (Prop_lut4_I1_O)        0.124     2.443 r  u_tile_core/u_datapath/gen_acc_bank[0].u_acc/FSM_onehot_state_r[7]_i_6/O
                         net (fo=2, routed)           0.839     3.282    u_tile_core/u_datapath/gen_acc_bank[0].u_acc/s_axi_awvalid_1
    SLICE_X64Y80         LUT5 (Prop_lut5_I0_O)        0.124     3.406 r  u_tile_core/u_datapath/gen_acc_bank[0].u_acc/FSM_onehot_state_r[7]_i_5/O
                         net (fo=40, routed)          1.107     4.513    u_tile_core/u_datapath/gen_acc_bank[0].u_acc/s_axi_awvalid_0
    SLICE_X57Y79         LUT2 (Prop_lut2_I1_O)        0.153     4.666 f  u_tile_core/u_datapath/gen_acc_bank[0].u_acc/FSM_onehot_state_r[7]_i_2/O
                         net (fo=478, routed)         1.988     6.654    u_tile_core/u_datapath/aresetn_0
    SLICE_X49Y68         FDCE                                         f  u_tile_core/u_datapath/mul_stage_r_reg[2][2]/CLR
  -------------------------------------------------------------------    -------------------

                         (clock aclk rise edge)      10.000    10.000 r  
                                                      0.000    10.000 r  aclk (IN)
                         net (fo=804, unset)          0.924    10.924    u_tile_core/u_datapath/aclk
    SLICE_X49Y68         FDCE                                         r  u_tile_core/u_datapath/mul_stage_r_reg[2][2]/C
                         clock pessimism              0.000    10.924    
                         clock uncertainty           -0.235    10.689    
    SLICE_X49Y68         FDCE (Recov_fdce_C_CLR)     -0.608    10.081    u_tile_core/u_datapath/mul_stage_r_reg[2][2]
  -------------------------------------------------------------------
                         required time                         10.081    
                         arrival time                          -6.654    
  -------------------------------------------------------------------
                         slack                                  3.427    

Slack (MET) :             3.464ns  (required time - arrival time)
  Source:                 aw_pending_r_reg/C
                            (rising edge-triggered cell FDCE clocked by aclk  {rise@0.000ns fall@5.000ns period=10.000ns})
  Destination:            u_tile_core/u_datapath/mul_stage_r_reg[6][4]/CLR
                            (recovery check against rising-edge clock aclk  {rise@0.000ns fall@5.000ns period=10.000ns})
  Path Group:             **async_default**
  Path Type:              Recovery (Max at Slow Process Corner)
  Requirement:            10.000ns  (aclk rise@10.000ns - aclk rise@0.000ns)
  Data Path Delay:        5.644ns  (logic 0.857ns (15.185%)  route 4.787ns (84.815%))
  Logic Levels:           3  (LUT2=1 LUT4=1 LUT5=1)
  Clock Path Skew:        -0.049ns (DCD - SCD + CPR)
    Destination Clock Delay (DCD):    0.924ns = ( 10.924 - 10.000 ) 
    Source Clock Delay      (SCD):    0.973ns
    Clock Pessimism Removal (CPR):    0.000ns
  Clock Uncertainty:      0.235ns  ((TSJ^2 + TIJ^2)^1/2 + DJ) / 2 + PE + UU
    Total System Jitter     (TSJ):    0.071ns
    Total Input Jitter      (TIJ):    0.000ns
    Discrete Jitter          (DJ):    0.000ns
    Phase Error              (PE):    0.000ns
    User Uncertainty         (UU):    0.200ns

    Location             Delay type                Incr(ns)  Path(ns)    Netlist Resource(s)
  -------------------------------------------------------------------    -------------------
                         (clock aclk rise edge)       0.000     0.000 r  
                                                      0.000     0.000 r  aclk (IN)
                         net (fo=804, unset)          0.973     0.973    aclk
    SLICE_X65Y80         FDCE                                         r  aw_pending_r_reg/C
  -------------------------------------------------------------------    -------------------
    SLICE_X65Y80         FDCE (Prop_fdce_C_Q)         0.456     1.429 r  aw_pending_r_reg/Q
                         net (fo=11, routed)          0.890     2.319    u_tile_core/u_datapath/gen_acc_bank[0].u_acc/state_r[1]_i_2
    SLICE_X63Y80         LUT4 (Prop_lut4_I1_O)        0.124     2.443 r  u_tile_core/u_datapath/gen_acc_bank[0].u_acc/FSM_onehot_state_r[7]_i_6/O
                         net (fo=2, routed)           0.839     3.282    u_tile_core/u_datapath/gen_acc_bank[0].u_acc/s_axi_awvalid_1
    SLICE_X64Y80         LUT5 (Prop_lut5_I0_O)        0.124     3.406 r  u_tile_core/u_datapath/gen_acc_bank[0].u_acc/FSM_onehot_state_r[7]_i_5/O
                         net (fo=40, routed)          1.107     4.513    u_tile_core/u_datapath/gen_acc_bank[0].u_acc/s_axi_awvalid_0
    SLICE_X57Y79         LUT2 (Prop_lut2_I1_O)        0.153     4.666 f  u_tile_core/u_datapath/gen_acc_bank[0].u_acc/FSM_onehot_state_r[7]_i_2/O
                         net (fo=478, routed)         1.951     6.617    u_tile_core/u_datapath/aresetn_0
    SLICE_X56Y60         FDCE                                         f  u_tile_core/u_datapath/mul_stage_r_reg[6][4]/CLR
  -------------------------------------------------------------------    -------------------

                         (clock aclk rise edge)      10.000    10.000 r  
                                                      0.000    10.000 r  aclk (IN)
                         net (fo=804, unset)          0.924    10.924    u_tile_core/u_datapath/aclk
    SLICE_X56Y60         FDCE                                         r  u_tile_core/u_datapath/mul_stage_r_reg[6][4]/C
                         clock pessimism              0.000    10.924    
                         clock uncertainty           -0.235    10.689    
    SLICE_X56Y60         FDCE (Recov_fdce_C_CLR)     -0.608    10.081    u_tile_core/u_datapath/mul_stage_r_reg[6][4]
  -------------------------------------------------------------------
                         required time                         10.081    
                         arrival time                          -6.617    
  -------------------------------------------------------------------
                         slack                                  3.464    





Min Delay Paths
--------------------------------------------------------------------------------------
Slack (MET) :             1.244ns  (arrival time - required time)
  Source:                 awaddr_r_reg[4]/C
                            (rising edge-triggered cell FDCE clocked by aclk  {rise@0.000ns fall@5.000ns period=10.000ns})
  Destination:            u_tile_core/u_controller/FSM_onehot_state_r_reg[4]/CLR
                            (removal check against rising-edge clock aclk  {rise@0.000ns fall@5.000ns period=10.000ns})
  Path Group:             **async_default**
  Path Type:              Removal (Min at Fast Process Corner)
  Requirement:            0.000ns  (aclk rise@0.000ns - aclk rise@0.000ns)
  Data Path Delay:        1.333ns  (logic 0.299ns (22.425%)  route 1.034ns (77.575%))
  Logic Levels:           3  (LUT2=1 LUT5=1 LUT6=1)
  Clock Path Skew:        0.022ns (DCD - SCD - CPR)
    Destination Clock Delay (DCD):    0.432ns
    Source Clock Delay      (SCD):    0.410ns
    Clock Pessimism Removal (CPR):    -0.000ns
  Clock Uncertainty:      0.200ns  ((TSJ^2 + TIJ^2)^1/2 + DJ) / 2 + PE + UU
    Total System Jitter     (TSJ):    0.000ns
    Total Input Jitter      (TIJ):    0.000ns
    Discrete Jitter          (DJ):    0.000ns
    Phase Error              (PE):    0.000ns
    User Uncertainty         (UU):    0.200ns

    Location             Delay type                Incr(ns)  Path(ns)    Netlist Resource(s)
  -------------------------------------------------------------------    -------------------
                         (clock aclk rise edge)       0.000     0.000 r  
                                                      0.000     0.000 r  aclk (IN)
                         net (fo=804, unset)          0.410     0.410    aclk
    SLICE_X62Y79         FDCE                                         r  awaddr_r_reg[4]/C
  -------------------------------------------------------------------    -------------------
    SLICE_X62Y79         FDCE (Prop_fdce_C_Q)         0.164     0.574 r  awaddr_r_reg[4]/Q
                         net (fo=2, routed)           0.129     0.703    u_tile_core/u_datapath/gen_acc_bank[0].u_acc/state_r[1]_i_2_0[2]
    SLICE_X64Y80         LUT6 (Prop_lut6_I2_O)        0.045     0.748 r  u_tile_core/u_datapath/gen_acc_bank[0].u_acc/FSM_onehot_state_r[7]_i_9/O
                         net (fo=2, routed)           0.149     0.896    u_tile_core/u_datapath/gen_acc_bank[0].u_acc/s_axi_awaddr[5]
    SLICE_X64Y80         LUT5 (Prop_lut5_I3_O)        0.045     0.941 r  u_tile_core/u_datapath/gen_acc_bank[0].u_acc/FSM_onehot_state_r[7]_i_5/O
                         net (fo=40, routed)          0.450     1.392    u_tile_core/u_datapath/gen_acc_bank[0].u_acc/s_axi_awvalid_0
    SLICE_X57Y79         LUT2 (Prop_lut2_I1_O)        0.045     1.437 f  u_tile_core/u_datapath/gen_acc_bank[0].u_acc/FSM_onehot_state_r[7]_i_2/O
                         net (fo=478, routed)         0.307     1.743    u_tile_core/u_controller/FSM_onehot_state_r_reg[7]_0
    SLICE_X54Y76         FDCE                                         f  u_tile_core/u_controller/FSM_onehot_state_r_reg[4]/CLR
  -------------------------------------------------------------------    -------------------

                         (clock aclk rise edge)       0.000     0.000 r  
                                                      0.000     0.000 r  aclk (IN)
                         net (fo=804, unset)          0.432     0.432    u_tile_core/u_controller/aclk
    SLICE_X54Y76         FDCE                                         r  u_tile_core/u_controller/FSM_onehot_state_r_reg[4]/C
                         clock pessimism              0.000     0.432    
                         clock uncertainty            0.200     0.632    
    SLICE_X54Y76         FDCE (Remov_fdce_C_CLR)     -0.132     0.500    u_tile_core/u_controller/FSM_onehot_state_r_reg[4]
  -------------------------------------------------------------------
                         required time                         -0.500    
                         arrival time                           1.743    
  -------------------------------------------------------------------
                         slack                                  1.244    

Slack (MET) :             1.248ns  (arrival time - required time)
  Source:                 awaddr_r_reg[4]/C
                            (rising edge-triggered cell FDCE clocked by aclk  {rise@0.000ns fall@5.000ns period=10.000ns})
  Destination:            u_tile_core/u_controller/FSM_onehot_state_r_reg[0]/PRE
                            (removal check against rising-edge clock aclk  {rise@0.000ns fall@5.000ns period=10.000ns})
  Path Group:             **async_default**
  Path Type:              Removal (Min at Fast Process Corner)
  Requirement:            0.000ns  (aclk rise@0.000ns - aclk rise@0.000ns)
  Data Path Delay:        1.333ns  (logic 0.299ns (22.425%)  route 1.034ns (77.575%))
  Logic Levels:           3  (LUT2=1 LUT5=1 LUT6=1)
  Clock Path Skew:        0.022ns (DCD - SCD - CPR)
    Destination Clock Delay (DCD):    0.432ns
    Source Clock Delay      (SCD):    0.410ns
    Clock Pessimism Removal (CPR):    -0.000ns
  Clock Uncertainty:      0.200ns  ((TSJ^2 + TIJ^2)^1/2 + DJ) / 2 + PE + UU
    Total System Jitter     (TSJ):    0.000ns
    Total Input Jitter      (TIJ):    0.000ns
    Discrete Jitter          (DJ):    0.000ns
    Phase Error              (PE):    0.000ns
    User Uncertainty         (UU):    0.200ns

    Location             Delay type                Incr(ns)  Path(ns)    Netlist Resource(s)
  -------------------------------------------------------------------    -------------------
                         (clock aclk rise edge)       0.000     0.000 r  
                                                      0.000     0.000 r  aclk (IN)
                         net (fo=804, unset)          0.410     0.410    aclk
    SLICE_X62Y79         FDCE                                         r  awaddr_r_reg[4]/C
  -------------------------------------------------------------------    -------------------
    SLICE_X62Y79         FDCE (Prop_fdce_C_Q)         0.164     0.574 r  awaddr_r_reg[4]/Q
                         net (fo=2, routed)           0.129     0.703    u_tile_core/u_datapath/gen_acc_bank[0].u_acc/state_r[1]_i_2_0[2]
    SLICE_X64Y80         LUT6 (Prop_lut6_I2_O)        0.045     0.748 r  u_tile_core/u_datapath/gen_acc_bank[0].u_acc/FSM_onehot_state_r[7]_i_9/O
                         net (fo=2, routed)           0.149     0.896    u_tile_core/u_datapath/gen_acc_bank[0].u_acc/s_axi_awaddr[5]
    SLICE_X64Y80         LUT5 (Prop_lut5_I3_O)        0.045     0.941 r  u_tile_core/u_datapath/gen_acc_bank[0].u_acc/FSM_onehot_state_r[7]_i_5/O
                         net (fo=40, routed)          0.450     1.392    u_tile_core/u_datapath/gen_acc_bank[0].u_acc/s_axi_awvalid_0
    SLICE_X57Y79         LUT2 (Prop_lut2_I1_O)        0.045     1.437 f  u_tile_core/u_datapath/gen_acc_bank[0].u_acc/FSM_onehot_state_r[7]_i_2/O
                         net (fo=478, routed)         0.307     1.743    u_tile_core/u_controller/FSM_onehot_state_r_reg[7]_0
    SLICE_X54Y76         FDPE                                         f  u_tile_core/u_controller/FSM_onehot_state_r_reg[0]/PRE
  -------------------------------------------------------------------    -------------------

                         (clock aclk rise edge)       0.000     0.000 r  
                                                      0.000     0.000 r  aclk (IN)
                         net (fo=804, unset)          0.432     0.432    u_tile_core/u_controller/aclk
    SLICE_X54Y76         FDPE                                         r  u_tile_core/u_controller/FSM_onehot_state_r_reg[0]/C
                         clock pessimism              0.000     0.432    
                         clock uncertainty            0.200     0.632    
    SLICE_X54Y76         FDPE (Remov_fdpe_C_PRE)     -0.136     0.496    u_tile_core/u_controller/FSM_onehot_state_r_reg[0]
  -------------------------------------------------------------------
                         required time                         -0.496    
                         arrival time                           1.743    
  -------------------------------------------------------------------
                         slack                                  1.248    

Slack (MET) :             1.259ns  (arrival time - required time)
  Source:                 awaddr_r_reg[4]/C
                            (rising edge-triggered cell FDCE clocked by aclk  {rise@0.000ns fall@5.000ns period=10.000ns})
  Destination:            u_tile_core/u_window_generator/column_count_r_reg[0]/CLR
                            (removal check against rising-edge clock aclk  {rise@0.000ns fall@5.000ns period=10.000ns})
  Path Group:             **async_default**
  Path Type:              Removal (Min at Fast Process Corner)
  Requirement:            0.000ns  (aclk rise@0.000ns - aclk rise@0.000ns)
  Data Path Delay:        1.323ns  (logic 0.299ns (22.592%)  route 1.024ns (77.408%))
  Logic Levels:           3  (LUT2=1 LUT5=1 LUT6=1)
  Clock Path Skew:        0.022ns (DCD - SCD - CPR)
    Destination Clock Delay (DCD):    0.432ns
    Source Clock Delay      (SCD):    0.410ns
    Clock Pessimism Removal (CPR):    -0.000ns
  Clock Uncertainty:      0.200ns  ((TSJ^2 + TIJ^2)^1/2 + DJ) / 2 + PE + UU
    Total System Jitter     (TSJ):    0.000ns
    Total Input Jitter      (TIJ):    0.000ns
    Discrete Jitter          (DJ):    0.000ns
    Phase Error              (PE):    0.000ns
    User Uncertainty         (UU):    0.200ns

    Location             Delay type                Incr(ns)  Path(ns)    Netlist Resource(s)
  -------------------------------------------------------------------    -------------------
                         (clock aclk rise edge)       0.000     0.000 r  
                                                      0.000     0.000 r  aclk (IN)
                         net (fo=804, unset)          0.410     0.410    aclk
    SLICE_X62Y79         FDCE                                         r  awaddr_r_reg[4]/C
  -------------------------------------------------------------------    -------------------
    SLICE_X62Y79         FDCE (Prop_fdce_C_Q)         0.164     0.574 r  awaddr_r_reg[4]/Q
                         net (fo=2, routed)           0.129     0.703    u_tile_core/u_datapath/gen_acc_bank[0].u_acc/state_r[1]_i_2_0[2]
    SLICE_X64Y80         LUT6 (Prop_lut6_I2_O)        0.045     0.748 r  u_tile_core/u_datapath/gen_acc_bank[0].u_acc/FSM_onehot_state_r[7]_i_9/O
                         net (fo=2, routed)           0.149     0.896    u_tile_core/u_datapath/gen_acc_bank[0].u_acc/s_axi_awaddr[5]
    SLICE_X64Y80         LUT5 (Prop_lut5_I3_O)        0.045     0.941 r  u_tile_core/u_datapath/gen_acc_bank[0].u_acc/FSM_onehot_state_r[7]_i_5/O
                         net (fo=40, routed)          0.450     1.392    u_tile_core/u_datapath/gen_acc_bank[0].u_acc/s_axi_awvalid_0
    SLICE_X57Y79         LUT2 (Prop_lut2_I1_O)        0.045     1.437 f  u_tile_core/u_datapath/gen_acc_bank[0].u_acc/FSM_onehot_state_r[7]_i_2/O
                         net (fo=478, routed)         0.297     1.734    u_tile_core/u_window_generator/window_r_reg[0]_0
    SLICE_X64Y75         FDCE                                         f  u_tile_core/u_window_generator/column_count_r_reg[0]/CLR
  -------------------------------------------------------------------    -------------------

                         (clock aclk rise edge)       0.000     0.000 r  
                                                      0.000     0.000 r  aclk (IN)
                         net (fo=804, unset)          0.432     0.432    u_tile_core/u_window_generator/aclk
    SLICE_X64Y75         FDCE                                         r  u_tile_core/u_window_generator/column_count_r_reg[0]/C
                         clock pessimism              0.000     0.432    
                         clock uncertainty            0.200     0.632    
    SLICE_X64Y75         FDCE (Remov_fdce_C_CLR)     -0.157     0.475    u_tile_core/u_window_generator/column_count_r_reg[0]
  -------------------------------------------------------------------
                         required time                         -0.475    
                         arrival time                           1.734    
  -------------------------------------------------------------------
                         slack                                  1.259    

Slack (MET) :             1.259ns  (arrival time - required time)
  Source:                 awaddr_r_reg[4]/C
                            (rising edge-triggered cell FDCE clocked by aclk  {rise@0.000ns fall@5.000ns period=10.000ns})
  Destination:            u_tile_core/u_window_generator/column_count_r_reg[2]/CLR
                            (removal check against rising-edge clock aclk  {rise@0.000ns fall@5.000ns period=10.000ns})
  Path Group:             **async_default**
  Path Type:              Removal (Min at Fast Process Corner)
  Requirement:            0.000ns  (aclk rise@0.000ns - aclk rise@0.000ns)
  Data Path Delay:        1.323ns  (logic 0.299ns (22.592%)  route 1.024ns (77.408%))
  Logic Levels:           3  (LUT2=1 LUT5=1 LUT6=1)
  Clock Path Skew:        0.022ns (DCD - SCD - CPR)
    Destination Clock Delay (DCD):    0.432ns
    Source Clock Delay      (SCD):    0.410ns
    Clock Pessimism Removal (CPR):    -0.000ns
  Clock Uncertainty:      0.200ns  ((TSJ^2 + TIJ^2)^1/2 + DJ) / 2 + PE + UU
    Total System Jitter     (TSJ):    0.000ns
    Total Input Jitter      (TIJ):    0.000ns
    Discrete Jitter          (DJ):    0.000ns
    Phase Error              (PE):    0.000ns
    User Uncertainty         (UU):    0.200ns

    Location             Delay type                Incr(ns)  Path(ns)    Netlist Resource(s)
  -------------------------------------------------------------------    -------------------
                         (clock aclk rise edge)       0.000     0.000 r  
                                                      0.000     0.000 r  aclk (IN)
                         net (fo=804, unset)          0.410     0.410    aclk
    SLICE_X62Y79         FDCE                                         r  awaddr_r_reg[4]/C
  -------------------------------------------------------------------    -------------------
    SLICE_X62Y79         FDCE (Prop_fdce_C_Q)         0.164     0.574 r  awaddr_r_reg[4]/Q
                         net (fo=2, routed)           0.129     0.703    u_tile_core/u_datapath/gen_acc_bank[0].u_acc/state_r[1]_i_2_0[2]
    SLICE_X64Y80         LUT6 (Prop_lut6_I2_O)        0.045     0.748 r  u_tile_core/u_datapath/gen_acc_bank[0].u_acc/FSM_onehot_state_r[7]_i_9/O
                         net (fo=2, routed)           0.149     0.896    u_tile_core/u_datapath/gen_acc_bank[0].u_acc/s_axi_awaddr[5]
    SLICE_X64Y80         LUT5 (Prop_lut5_I3_O)        0.045     0.941 r  u_tile_core/u_datapath/gen_acc_bank[0].u_acc/FSM_onehot_state_r[7]_i_5/O
                         net (fo=40, routed)          0.450     1.392    u_tile_core/u_datapath/gen_acc_bank[0].u_acc/s_axi_awvalid_0
    SLICE_X57Y79         LUT2 (Prop_lut2_I1_O)        0.045     1.437 f  u_tile_core/u_datapath/gen_acc_bank[0].u_acc/FSM_onehot_state_r[7]_i_2/O
                         net (fo=478, routed)         0.297     1.734    u_tile_core/u_window_generator/window_r_reg[0]_0
    SLICE_X64Y75         FDCE                                         f  u_tile_core/u_window_generator/column_count_r_reg[2]/CLR
  -------------------------------------------------------------------    -------------------

                         (clock aclk rise edge)       0.000     0.000 r  
                                                      0.000     0.000 r  aclk (IN)
                         net (fo=804, unset)          0.432     0.432    u_tile_core/u_window_generator/aclk
    SLICE_X64Y75         FDCE                                         r  u_tile_core/u_window_generator/column_count_r_reg[2]/C
                         clock pessimism              0.000     0.432    
                         clock uncertainty            0.200     0.632    
    SLICE_X64Y75         FDCE (Remov_fdce_C_CLR)     -0.157     0.475    u_tile_core/u_window_generator/column_count_r_reg[2]
  -------------------------------------------------------------------
                         required time                         -0.475    
                         arrival time                           1.734    
  -------------------------------------------------------------------
                         slack                                  1.259    

Slack (MET) :             1.259ns  (arrival time - required time)
  Source:                 awaddr_r_reg[4]/C
                            (rising edge-triggered cell FDCE clocked by aclk  {rise@0.000ns fall@5.000ns period=10.000ns})
  Destination:            u_tile_core/u_window_generator/column_count_r_reg[3]/CLR
                            (removal check against rising-edge clock aclk  {rise@0.000ns fall@5.000ns period=10.000ns})
  Path Group:             **async_default**
  Path Type:              Removal (Min at Fast Process Corner)
  Requirement:            0.000ns  (aclk rise@0.000ns - aclk rise@0.000ns)
  Data Path Delay:        1.323ns  (logic 0.299ns (22.592%)  route 1.024ns (77.408%))
  Logic Levels:           3  (LUT2=1 LUT5=1 LUT6=1)
  Clock Path Skew:        0.022ns (DCD - SCD - CPR)
    Destination Clock Delay (DCD):    0.432ns
    Source Clock Delay      (SCD):    0.410ns
    Clock Pessimism Removal (CPR):    -0.000ns
  Clock Uncertainty:      0.200ns  ((TSJ^2 + TIJ^2)^1/2 + DJ) / 2 + PE + UU
    Total System Jitter     (TSJ):    0.000ns
    Total Input Jitter      (TIJ):    0.000ns
    Discrete Jitter          (DJ):    0.000ns
    Phase Error              (PE):    0.000ns
    User Uncertainty         (UU):    0.200ns

    Location             Delay type                Incr(ns)  Path(ns)    Netlist Resource(s)
  -------------------------------------------------------------------    -------------------
                         (clock aclk rise edge)       0.000     0.000 r  
                                                      0.000     0.000 r  aclk (IN)
                         net (fo=804, unset)          0.410     0.410    aclk
    SLICE_X62Y79         FDCE                                         r  awaddr_r_reg[4]/C
  -------------------------------------------------------------------    -------------------
    SLICE_X62Y79         FDCE (Prop_fdce_C_Q)         0.164     0.574 r  awaddr_r_reg[4]/Q
                         net (fo=2, routed)           0.129     0.703    u_tile_core/u_datapath/gen_acc_bank[0].u_acc/state_r[1]_i_2_0[2]
    SLICE_X64Y80         LUT6 (Prop_lut6_I2_O)        0.045     0.748 r  u_tile_core/u_datapath/gen_acc_bank[0].u_acc/FSM_onehot_state_r[7]_i_9/O
                         net (fo=2, routed)           0.149     0.896    u_tile_core/u_datapath/gen_acc_bank[0].u_acc/s_axi_awaddr[5]
    SLICE_X64Y80         LUT5 (Prop_lut5_I3_O)        0.045     0.941 r  u_tile_core/u_datapath/gen_acc_bank[0].u_acc/FSM_onehot_state_r[7]_i_5/O
                         net (fo=40, routed)          0.450     1.392    u_tile_core/u_datapath/gen_acc_bank[0].u_acc/s_axi_awvalid_0
    SLICE_X57Y79         LUT2 (Prop_lut2_I1_O)        0.045     1.437 f  u_tile_core/u_datapath/gen_acc_bank[0].u_acc/FSM_onehot_state_r[7]_i_2/O
                         net (fo=478, routed)         0.297     1.734    u_tile_core/u_window_generator/window_r_reg[0]_0
    SLICE_X64Y75         FDCE                                         f  u_tile_core/u_window_generator/column_count_r_reg[3]/CLR
  -------------------------------------------------------------------    -------------------

                         (clock aclk rise edge)       0.000     0.000 r  
                                                      0.000     0.000 r  aclk (IN)
                         net (fo=804, unset)          0.432     0.432    u_tile_core/u_window_generator/aclk
    SLICE_X64Y75         FDCE                                         r  u_tile_core/u_window_generator/column_count_r_reg[3]/C
                         clock pessimism              0.000     0.432    
                         clock uncertainty            0.200     0.632    
    SLICE_X64Y75         FDCE (Remov_fdce_C_CLR)     -0.157     0.475    u_tile_core/u_window_generator/column_count_r_reg[3]
  -------------------------------------------------------------------
                         required time                         -0.475    
                         arrival time                           1.734    
  -------------------------------------------------------------------
                         slack                                  1.259    

Slack (MET) :             1.259ns  (arrival time - required time)
  Source:                 awaddr_r_reg[4]/C
                            (rising edge-triggered cell FDCE clocked by aclk  {rise@0.000ns fall@5.000ns period=10.000ns})
  Destination:            u_tile_core/u_window_generator/column_count_r_reg[4]/CLR
                            (removal check against rising-edge clock aclk  {rise@0.000ns fall@5.000ns period=10.000ns})
  Path Group:             **async_default**
  Path Type:              Removal (Min at Fast Process Corner)
  Requirement:            0.000ns  (aclk rise@0.000ns - aclk rise@0.000ns)
  Data Path Delay:        1.323ns  (logic 0.299ns (22.592%)  route 1.024ns (77.408%))
  Logic Levels:           3  (LUT2=1 LUT5=1 LUT6=1)
  Clock Path Skew:        0.022ns (DCD - SCD - CPR)
    Destination Clock Delay (DCD):    0.432ns
    Source Clock Delay      (SCD):    0.410ns
    Clock Pessimism Removal (CPR):    -0.000ns
  Clock Uncertainty:      0.200ns  ((TSJ^2 + TIJ^2)^1/2 + DJ) / 2 + PE + UU
    Total System Jitter     (TSJ):    0.000ns
    Total Input Jitter      (TIJ):    0.000ns
    Discrete Jitter          (DJ):    0.000ns
    Phase Error              (PE):    0.000ns
    User Uncertainty         (UU):    0.200ns

    Location             Delay type                Incr(ns)  Path(ns)    Netlist Resource(s)
  -------------------------------------------------------------------    -------------------
                         (clock aclk rise edge)       0.000     0.000 r  
                                                      0.000     0.000 r  aclk (IN)
                         net (fo=804, unset)          0.410     0.410    aclk
    SLICE_X62Y79         FDCE                                         r  awaddr_r_reg[4]/C
  -------------------------------------------------------------------    -------------------
    SLICE_X62Y79         FDCE (Prop_fdce_C_Q)         0.164     0.574 r  awaddr_r_reg[4]/Q
                         net (fo=2, routed)           0.129     0.703    u_tile_core/u_datapath/gen_acc_bank[0].u_acc/state_r[1]_i_2_0[2]
    SLICE_X64Y80         LUT6 (Prop_lut6_I2_O)        0.045     0.748 r  u_tile_core/u_datapath/gen_acc_bank[0].u_acc/FSM_onehot_state_r[7]_i_9/O
                         net (fo=2, routed)           0.149     0.896    u_tile_core/u_datapath/gen_acc_bank[0].u_acc/s_axi_awaddr[5]
    SLICE_X64Y80         LUT5 (Prop_lut5_I3_O)        0.045     0.941 r  u_tile_core/u_datapath/gen_acc_bank[0].u_acc/FSM_onehot_state_r[7]_i_5/O
                         net (fo=40, routed)          0.450     1.392    u_tile_core/u_datapath/gen_acc_bank[0].u_acc/s_axi_awvalid_0
    SLICE_X57Y79         LUT2 (Prop_lut2_I1_O)        0.045     1.437 f  u_tile_core/u_datapath/gen_acc_bank[0].u_acc/FSM_onehot_state_r[7]_i_2/O
                         net (fo=478, routed)         0.297     1.734    u_tile_core/u_window_generator/window_r_reg[0]_0
    SLICE_X64Y75         FDCE                                         f  u_tile_core/u_window_generator/column_count_r_reg[4]/CLR
  -------------------------------------------------------------------    -------------------

                         (clock aclk rise edge)       0.000     0.000 r  
                                                      0.000     0.000 r  aclk (IN)
                         net (fo=804, unset)          0.432     0.432    u_tile_core/u_window_generator/aclk
    SLICE_X64Y75         FDCE                                         r  u_tile_core/u_window_generator/column_count_r_reg[4]/C
                         clock pessimism              0.000     0.432    
                         clock uncertainty            0.200     0.632    
    SLICE_X64Y75         FDCE (Remov_fdce_C_CLR)     -0.157     0.475    u_tile_core/u_window_generator/column_count_r_reg[4]
  -------------------------------------------------------------------
                         required time                         -0.475    
                         arrival time                           1.734    
  -------------------------------------------------------------------
                         slack                                  1.259    

Slack (MET) :             1.266ns  (arrival time - required time)
  Source:                 awaddr_r_reg[4]/C
                            (rising edge-triggered cell FDCE clocked by aclk  {rise@0.000ns fall@5.000ns period=10.000ns})
  Destination:            u_tile_core/u_input_loader/active_r_reg/CLR
                            (removal check against rising-edge clock aclk  {rise@0.000ns fall@5.000ns period=10.000ns})
  Path Group:             **async_default**
  Path Type:              Removal (Min at Fast Process Corner)
  Requirement:            0.000ns  (aclk rise@0.000ns - aclk rise@0.000ns)
  Data Path Delay:        1.330ns  (logic 0.299ns (22.478%)  route 1.031ns (77.522%))
  Logic Levels:           3  (LUT2=1 LUT5=1 LUT6=1)
  Clock Path Skew:        0.022ns (DCD - SCD - CPR)
    Destination Clock Delay (DCD):    0.432ns
    Source Clock Delay      (SCD):    0.410ns
    Clock Pessimism Removal (CPR):    -0.000ns
  Clock Uncertainty:      0.200ns  ((TSJ^2 + TIJ^2)^1/2 + DJ) / 2 + PE + UU
    Total System Jitter     (TSJ):    0.000ns
    Total Input Jitter      (TIJ):    0.000ns
    Discrete Jitter          (DJ):    0.000ns
    Phase Error              (PE):    0.000ns
    User Uncertainty         (UU):    0.200ns

    Location             Delay type                Incr(ns)  Path(ns)    Netlist Resource(s)
  -------------------------------------------------------------------    -------------------
                         (clock aclk rise edge)       0.000     0.000 r  
                                                      0.000     0.000 r  aclk (IN)
                         net (fo=804, unset)          0.410     0.410    aclk
    SLICE_X62Y79         FDCE                                         r  awaddr_r_reg[4]/C
  -------------------------------------------------------------------    -------------------
    SLICE_X62Y79         FDCE (Prop_fdce_C_Q)         0.164     0.574 r  awaddr_r_reg[4]/Q
                         net (fo=2, routed)           0.129     0.703    u_tile_core/u_datapath/gen_acc_bank[0].u_acc/state_r[1]_i_2_0[2]
    SLICE_X64Y80         LUT6 (Prop_lut6_I2_O)        0.045     0.748 r  u_tile_core/u_datapath/gen_acc_bank[0].u_acc/FSM_onehot_state_r[7]_i_9/O
                         net (fo=2, routed)           0.149     0.896    u_tile_core/u_datapath/gen_acc_bank[0].u_acc/s_axi_awaddr[5]
    SLICE_X64Y80         LUT5 (Prop_lut5_I3_O)        0.045     0.941 r  u_tile_core/u_datapath/gen_acc_bank[0].u_acc/FSM_onehot_state_r[7]_i_5/O
                         net (fo=40, routed)          0.450     1.392    u_tile_core/u_datapath/gen_acc_bank[0].u_acc/s_axi_awvalid_0
    SLICE_X57Y79         LUT2 (Prop_lut2_I1_O)        0.045     1.437 f  u_tile_core/u_datapath/gen_acc_bank[0].u_acc/FSM_onehot_state_r[7]_i_2/O
                         net (fo=478, routed)         0.304     1.740    u_tile_core/u_input_loader/bank_r_reg[0]_0
    SLICE_X57Y76         FDCE                                         f  u_tile_core/u_input_loader/active_r_reg/CLR
  -------------------------------------------------------------------    -------------------

                         (clock aclk rise edge)       0.000     0.000 r  
                                                      0.000     0.000 r  aclk (IN)
                         net (fo=804, unset)          0.432     0.432    u_tile_core/u_input_loader/aclk
    SLICE_X57Y76         FDCE                                         r  u_tile_core/u_input_loader/active_r_reg/C
                         clock pessimism              0.000     0.432    
                         clock uncertainty            0.200     0.632    
    SLICE_X57Y76         FDCE (Remov_fdce_C_CLR)     -0.157     0.475    u_tile_core/u_input_loader/active_r_reg
  -------------------------------------------------------------------
                         required time                         -0.475    
                         arrival time                           1.740    
  -------------------------------------------------------------------
                         slack                                  1.266    

Slack (MET) :             1.266ns  (arrival time - required time)
  Source:                 awaddr_r_reg[4]/C
                            (rising edge-triggered cell FDCE clocked by aclk  {rise@0.000ns fall@5.000ns period=10.000ns})
  Destination:            u_tile_core/u_input_loader/error_o_reg[0]/CLR
                            (removal check against rising-edge clock aclk  {rise@0.000ns fall@5.000ns period=10.000ns})
  Path Group:             **async_default**
  Path Type:              Removal (Min at Fast Process Corner)
  Requirement:            0.000ns  (aclk rise@0.000ns - aclk rise@0.000ns)
  Data Path Delay:        1.330ns  (logic 0.299ns (22.478%)  route 1.031ns (77.522%))
  Logic Levels:           3  (LUT2=1 LUT5=1 LUT6=1)
  Clock Path Skew:        0.022ns (DCD - SCD - CPR)
    Destination Clock Delay (DCD):    0.432ns
    Source Clock Delay      (SCD):    0.410ns
    Clock Pessimism Removal (CPR):    -0.000ns
  Clock Uncertainty:      0.200ns  ((TSJ^2 + TIJ^2)^1/2 + DJ) / 2 + PE + UU
    Total System Jitter     (TSJ):    0.000ns
    Total Input Jitter      (TIJ):    0.000ns
    Discrete Jitter          (DJ):    0.000ns
    Phase Error              (PE):    0.000ns
    User Uncertainty         (UU):    0.200ns

    Location             Delay type                Incr(ns)  Path(ns)    Netlist Resource(s)
  -------------------------------------------------------------------    -------------------
                         (clock aclk rise edge)       0.000     0.000 r  
                                                      0.000     0.000 r  aclk (IN)
                         net (fo=804, unset)          0.410     0.410    aclk
    SLICE_X62Y79         FDCE                                         r  awaddr_r_reg[4]/C
  -------------------------------------------------------------------    -------------------
    SLICE_X62Y79         FDCE (Prop_fdce_C_Q)         0.164     0.574 r  awaddr_r_reg[4]/Q
                         net (fo=2, routed)           0.129     0.703    u_tile_core/u_datapath/gen_acc_bank[0].u_acc/state_r[1]_i_2_0[2]
    SLICE_X64Y80         LUT6 (Prop_lut6_I2_O)        0.045     0.748 r  u_tile_core/u_datapath/gen_acc_bank[0].u_acc/FSM_onehot_state_r[7]_i_9/O
                         net (fo=2, routed)           0.149     0.896    u_tile_core/u_datapath/gen_acc_bank[0].u_acc/s_axi_awaddr[5]
    SLICE_X64Y80         LUT5 (Prop_lut5_I3_O)        0.045     0.941 r  u_tile_core/u_datapath/gen_acc_bank[0].u_acc/FSM_onehot_state_r[7]_i_5/O
                         net (fo=40, routed)          0.450     1.392    u_tile_core/u_datapath/gen_acc_bank[0].u_acc/s_axi_awvalid_0
    SLICE_X57Y79         LUT2 (Prop_lut2_I1_O)        0.045     1.437 f  u_tile_core/u_datapath/gen_acc_bank[0].u_acc/FSM_onehot_state_r[7]_i_2/O
                         net (fo=478, routed)         0.304     1.740    u_tile_core/u_input_loader/bank_r_reg[0]_0
    SLICE_X57Y76         FDCE                                         f  u_tile_core/u_input_loader/error_o_reg[0]/CLR
  -------------------------------------------------------------------    -------------------

                         (clock aclk rise edge)       0.000     0.000 r  
                                                      0.000     0.000 r  aclk (IN)
                         net (fo=804, unset)          0.432     0.432    u_tile_core/u_input_loader/aclk
    SLICE_X57Y76         FDCE                                         r  u_tile_core/u_input_loader/error_o_reg[0]/C
                         clock pessimism              0.000     0.432    
                         clock uncertainty            0.200     0.632    
    SLICE_X57Y76         FDCE (Remov_fdce_C_CLR)     -0.157     0.475    u_tile_core/u_input_loader/error_o_reg[0]
  -------------------------------------------------------------------
                         required time                         -0.475    
                         arrival time                           1.740    
  -------------------------------------------------------------------
                         slack                                  1.266    

Slack (MET) :             1.266ns  (arrival time - required time)
  Source:                 awaddr_r_reg[4]/C
                            (rising edge-triggered cell FDCE clocked by aclk  {rise@0.000ns fall@5.000ns period=10.000ns})
  Destination:            u_tile_core/u_input_loader/error_o_reg[1]/CLR
                            (removal check against rising-edge clock aclk  {rise@0.000ns fall@5.000ns period=10.000ns})
  Path Group:             **async_default**
  Path Type:              Removal (Min at Fast Process Corner)
  Requirement:            0.000ns  (aclk rise@0.000ns - aclk rise@0.000ns)
  Data Path Delay:        1.330ns  (logic 0.299ns (22.478%)  route 1.031ns (77.522%))
  Logic Levels:           3  (LUT2=1 LUT5=1 LUT6=1)
  Clock Path Skew:        0.022ns (DCD - SCD - CPR)
    Destination Clock Delay (DCD):    0.432ns
    Source Clock Delay      (SCD):    0.410ns
    Clock Pessimism Removal (CPR):    -0.000ns
  Clock Uncertainty:      0.200ns  ((TSJ^2 + TIJ^2)^1/2 + DJ) / 2 + PE + UU
    Total System Jitter     (TSJ):    0.000ns
    Total Input Jitter      (TIJ):    0.000ns
    Discrete Jitter          (DJ):    0.000ns
    Phase Error              (PE):    0.000ns
    User Uncertainty         (UU):    0.200ns

    Location             Delay type                Incr(ns)  Path(ns)    Netlist Resource(s)
  -------------------------------------------------------------------    -------------------
                         (clock aclk rise edge)       0.000     0.000 r  
                                                      0.000     0.000 r  aclk (IN)
                         net (fo=804, unset)          0.410     0.410    aclk
    SLICE_X62Y79         FDCE                                         r  awaddr_r_reg[4]/C
  -------------------------------------------------------------------    -------------------
    SLICE_X62Y79         FDCE (Prop_fdce_C_Q)         0.164     0.574 r  awaddr_r_reg[4]/Q
                         net (fo=2, routed)           0.129     0.703    u_tile_core/u_datapath/gen_acc_bank[0].u_acc/state_r[1]_i_2_0[2]
    SLICE_X64Y80         LUT6 (Prop_lut6_I2_O)        0.045     0.748 r  u_tile_core/u_datapath/gen_acc_bank[0].u_acc/FSM_onehot_state_r[7]_i_9/O
                         net (fo=2, routed)           0.149     0.896    u_tile_core/u_datapath/gen_acc_bank[0].u_acc/s_axi_awaddr[5]
    SLICE_X64Y80         LUT5 (Prop_lut5_I3_O)        0.045     0.941 r  u_tile_core/u_datapath/gen_acc_bank[0].u_acc/FSM_onehot_state_r[7]_i_5/O
                         net (fo=40, routed)          0.450     1.392    u_tile_core/u_datapath/gen_acc_bank[0].u_acc/s_axi_awvalid_0
    SLICE_X57Y79         LUT2 (Prop_lut2_I1_O)        0.045     1.437 f  u_tile_core/u_datapath/gen_acc_bank[0].u_acc/FSM_onehot_state_r[7]_i_2/O
                         net (fo=478, routed)         0.304     1.740    u_tile_core/u_input_loader/bank_r_reg[0]_0
    SLICE_X57Y76         FDCE                                         f  u_tile_core/u_input_loader/error_o_reg[1]/CLR
  -------------------------------------------------------------------    -------------------

                         (clock aclk rise edge)       0.000     0.000 r  
                                                      0.000     0.000 r  aclk (IN)
                         net (fo=804, unset)          0.432     0.432    u_tile_core/u_input_loader/aclk
    SLICE_X57Y76         FDCE                                         r  u_tile_core/u_input_loader/error_o_reg[1]/C
                         clock pessimism              0.000     0.432    
                         clock uncertainty            0.200     0.632    
    SLICE_X57Y76         FDCE (Remov_fdce_C_CLR)     -0.157     0.475    u_tile_core/u_input_loader/error_o_reg[1]
  -------------------------------------------------------------------
                         required time                         -0.475    
                         arrival time                           1.740    
  -------------------------------------------------------------------
                         slack                                  1.266    

Slack (MET) :             1.270ns  (arrival time - required time)
  Source:                 awaddr_r_reg[4]/C
                            (rising edge-triggered cell FDCE clocked by aclk  {rise@0.000ns fall@5.000ns period=10.000ns})
  Destination:            u_tile_core/u_controller/FSM_onehot_state_r_reg[2]/CLR
                            (removal check against rising-edge clock aclk  {rise@0.000ns fall@5.000ns period=10.000ns})
  Path Group:             **async_default**
  Path Type:              Removal (Min at Fast Process Corner)
  Requirement:            0.000ns  (aclk rise@0.000ns - aclk rise@0.000ns)
  Data Path Delay:        1.335ns  (logic 0.299ns (22.404%)  route 1.036ns (77.596%))
  Logic Levels:           3  (LUT2=1 LUT5=1 LUT6=1)
  Clock Path Skew:        0.022ns (DCD - SCD - CPR)
    Destination Clock Delay (DCD):    0.432ns
    Source Clock Delay      (SCD):    0.410ns
    Clock Pessimism Removal (CPR):    -0.000ns
  Clock Uncertainty:      0.200ns  ((TSJ^2 + TIJ^2)^1/2 + DJ) / 2 + PE + UU
    Total System Jitter     (TSJ):    0.000ns
    Total Input Jitter      (TIJ):    0.000ns
    Discrete Jitter          (DJ):    0.000ns
    Phase Error              (PE):    0.000ns
    User Uncertainty         (UU):    0.200ns

    Location             Delay type                Incr(ns)  Path(ns)    Netlist Resource(s)
  -------------------------------------------------------------------    -------------------
                         (clock aclk rise edge)       0.000     0.000 r  
                                                      0.000     0.000 r  aclk (IN)
                         net (fo=804, unset)          0.410     0.410    aclk
    SLICE_X62Y79         FDCE                                         r  awaddr_r_reg[4]/C
  -------------------------------------------------------------------    -------------------
    SLICE_X62Y79         FDCE (Prop_fdce_C_Q)         0.164     0.574 r  awaddr_r_reg[4]/Q
                         net (fo=2, routed)           0.129     0.703    u_tile_core/u_datapath/gen_acc_bank[0].u_acc/state_r[1]_i_2_0[2]
    SLICE_X64Y80         LUT6 (Prop_lut6_I2_O)        0.045     0.748 r  u_tile_core/u_datapath/gen_acc_bank[0].u_acc/FSM_onehot_state_r[7]_i_9/O
                         net (fo=2, routed)           0.149     0.896    u_tile_core/u_datapath/gen_acc_bank[0].u_acc/s_axi_awaddr[5]
    SLICE_X64Y80         LUT5 (Prop_lut5_I3_O)        0.045     0.941 r  u_tile_core/u_datapath/gen_acc_bank[0].u_acc/FSM_onehot_state_r[7]_i_5/O
                         net (fo=40, routed)          0.450     1.392    u_tile_core/u_datapath/gen_acc_bank[0].u_acc/s_axi_awvalid_0
    SLICE_X57Y79         LUT2 (Prop_lut2_I1_O)        0.045     1.437 f  u_tile_core/u_datapath/gen_acc_bank[0].u_acc/FSM_onehot_state_r[7]_i_2/O
                         net (fo=478, routed)         0.308     1.745    u_tile_core/u_controller/FSM_onehot_state_r_reg[7]_0
    SLICE_X56Y76         FDCE                                         f  u_tile_core/u_controller/FSM_onehot_state_r_reg[2]/CLR
  -------------------------------------------------------------------    -------------------

                         (clock aclk rise edge)       0.000     0.000 r  
                                                      0.000     0.000 r  aclk (IN)
                         net (fo=804, unset)          0.432     0.432    u_tile_core/u_controller/aclk
    SLICE_X56Y76         FDCE                                         r  u_tile_core/u_controller/FSM_onehot_state_r_reg[2]/C
                         clock pessimism              0.000     0.432    
                         clock uncertainty            0.200     0.632    
    SLICE_X56Y76         FDCE (Remov_fdce_C_CLR)     -0.157     0.475    u_tile_core/u_controller/FSM_onehot_state_r_reg[2]
  -------------------------------------------------------------------
                         required time                         -0.475    
                         arrival time                           1.745    
  -------------------------------------------------------------------
                         slack                                  1.270    

Slack (MET) :             1.270ns  (arrival time - required time)
  Source:                 awaddr_r_reg[4]/C
                            (rising edge-triggered cell FDCE clocked by aclk  {rise@0.000ns fall@5.000ns period=10.000ns})
  Destination:            u_tile_core/u_controller/FSM_onehot_state_r_reg[7]/CLR
                            (removal check against rising-edge clock aclk  {rise@0.000ns fall@5.000ns period=10.000ns})
  Path Group:             **async_default**
  Path Type:              Removal (Min at Fast Process Corner)
  Requirement:            0.000ns  (aclk rise@0.000ns - aclk rise@0.000ns)
  Data Path Delay:        1.335ns  (logic 0.299ns (22.404%)  route 1.036ns (77.596%))
  Logic Levels:           3  (LUT2=1 LUT5=1 LUT6=1)
  Clock Path Skew:        0.022ns (DCD - SCD - CPR)
    Destination Clock Delay (DCD):    0.432ns
    Source Clock Delay      (SCD):    0.410ns
    Clock Pessimism Removal (CPR):    -0.000ns
  Clock Uncertainty:      0.200ns  ((TSJ^2 + TIJ^2)^1/2 + DJ) / 2 + PE + UU
    Total System Jitter     (TSJ):    0.000ns
    Total Input Jitter      (TIJ):    0.000ns
    Discrete Jitter          (DJ):    0.000ns
    Phase Error              (PE):    0.000ns
    User Uncertainty         (UU):    0.200ns

    Location             Delay type                Incr(ns)  Path(ns)    Netlist Resource(s)
  -------------------------------------------------------------------    -------------------
                         (clock aclk rise edge)       0.000     0.000 r  
                                                      0.000     0.000 r  aclk (IN)
                         net (fo=804, unset)          0.410     0.410    aclk
    SLICE_X62Y79         FDCE                                         r  awaddr_r_reg[4]/C
  -------------------------------------------------------------------    -------------------
    SLICE_X62Y79         FDCE (Prop_fdce_C_Q)         0.164     0.574 r  awaddr_r_reg[4]/Q
                         net (fo=2, routed)           0.129     0.703    u_tile_core/u_datapath/gen_acc_bank[0].u_acc/state_r[1]_i_2_0[2]
    SLICE_X64Y80         LUT6 (Prop_lut6_I2_O)        0.045     0.748 r  u_tile_core/u_datapath/gen_acc_bank[0].u_acc/FSM_onehot_state_r[7]_i_9/O
                         net (fo=2, routed)           0.149     0.896    u_tile_core/u_datapath/gen_acc_bank[0].u_acc/s_axi_awaddr[5]
    SLICE_X64Y80         LUT5 (Prop_lut5_I3_O)        0.045     0.941 r  u_tile_core/u_datapath/gen_acc_bank[0].u_acc/FSM_onehot_state_r[7]_i_5/O
                         net (fo=40, routed)          0.450     1.392    u_tile_core/u_datapath/gen_acc_bank[0].u_acc/s_axi_awvalid_0
    SLICE_X57Y79         LUT2 (Prop_lut2_I1_O)        0.045     1.437 f  u_tile_core/u_datapath/gen_acc_bank[0].u_acc/FSM_onehot_state_r[7]_i_2/O
                         net (fo=478, routed)         0.308     1.745    u_tile_core/u_controller/FSM_onehot_state_r_reg[7]_0
    SLICE_X56Y76         FDCE                                         f  u_tile_core/u_controller/FSM_onehot_state_r_reg[7]/CLR
  -------------------------------------------------------------------    -------------------

                         (clock aclk rise edge)       0.000     0.000 r  
                                                      0.000     0.000 r  aclk (IN)
                         net (fo=804, unset)          0.432     0.432    u_tile_core/u_controller/aclk
    SLICE_X56Y76         FDCE                                         r  u_tile_core/u_controller/FSM_onehot_state_r_reg[7]/C
                         clock pessimism              0.000     0.432    
                         clock uncertainty            0.200     0.632    
    SLICE_X56Y76         FDCE (Remov_fdce_C_CLR)     -0.157     0.475    u_tile_core/u_controller/FSM_onehot_state_r_reg[7]
  -------------------------------------------------------------------
                         required time                         -0.475    
                         arrival time                           1.745    
  -------------------------------------------------------------------
                         slack                                  1.270    

Slack (MET) :             1.279ns  (arrival time - required time)
  Source:                 awaddr_r_reg[4]/C
                            (rising edge-triggered cell FDCE clocked by aclk  {rise@0.000ns fall@5.000ns period=10.000ns})
  Destination:            u_tile_core/u_controller/done_o_reg/CLR
                            (removal check against rising-edge clock aclk  {rise@0.000ns fall@5.000ns period=10.000ns})
  Path Group:             **async_default**
  Path Type:              Removal (Min at Fast Process Corner)
  Requirement:            0.000ns  (aclk rise@0.000ns - aclk rise@0.000ns)
  Data Path Delay:        1.343ns  (logic 0.299ns (22.258%)  route 1.044ns (77.742%))
  Logic Levels:           3  (LUT2=1 LUT5=1 LUT6=1)
  Clock Path Skew:        0.022ns (DCD - SCD - CPR)
    Destination Clock Delay (DCD):    0.432ns
    Source Clock Delay      (SCD):    0.410ns
    Clock Pessimism Removal (CPR):    -0.000ns
  Clock Uncertainty:      0.200ns  ((TSJ^2 + TIJ^2)^1/2 + DJ) / 2 + PE + UU
    Total System Jitter     (TSJ):    0.000ns
    Total Input Jitter      (TIJ):    0.000ns
    Discrete Jitter          (DJ):    0.000ns
    Phase Error              (PE):    0.000ns
    User Uncertainty         (UU):    0.200ns

    Location             Delay type                Incr(ns)  Path(ns)    Netlist Resource(s)
  -------------------------------------------------------------------    -------------------
                         (clock aclk rise edge)       0.000     0.000 r  
                                                      0.000     0.000 r  aclk (IN)
                         net (fo=804, unset)          0.410     0.410    aclk
    SLICE_X62Y79         FDCE                                         r  awaddr_r_reg[4]/C
  -------------------------------------------------------------------    -------------------
    SLICE_X62Y79         FDCE (Prop_fdce_C_Q)         0.164     0.574 r  awaddr_r_reg[4]/Q
                         net (fo=2, routed)           0.129     0.703    u_tile_core/u_datapath/gen_acc_bank[0].u_acc/state_r[1]_i_2_0[2]
    SLICE_X64Y80         LUT6 (Prop_lut6_I2_O)        0.045     0.748 r  u_tile_core/u_datapath/gen_acc_bank[0].u_acc/FSM_onehot_state_r[7]_i_9/O
                         net (fo=2, routed)           0.149     0.896    u_tile_core/u_datapath/gen_acc_bank[0].u_acc/s_axi_awaddr[5]
    SLICE_X64Y80         LUT5 (Prop_lut5_I3_O)        0.045     0.941 r  u_tile_core/u_datapath/gen_acc_bank[0].u_acc/FSM_onehot_state_r[7]_i_5/O
                         net (fo=40, routed)          0.450     1.392    u_tile_core/u_datapath/gen_acc_bank[0].u_acc/s_axi_awvalid_0
    SLICE_X57Y79         LUT2 (Prop_lut2_I1_O)        0.045     1.437 f  u_tile_core/u_datapath/gen_acc_bank[0].u_acc/FSM_onehot_state_r[7]_i_2/O
                         net (fo=478, routed)         0.317     1.754    u_tile_core/u_controller/FSM_onehot_state_r_reg[7]_0
    SLICE_X56Y75         FDCE                                         f  u_tile_core/u_controller/done_o_reg/CLR
  -------------------------------------------------------------------    -------------------

                         (clock aclk rise edge)       0.000     0.000 r  
                                                      0.000     0.000 r  aclk (IN)
                         net (fo=804, unset)          0.432     0.432    u_tile_core/u_controller/aclk
    SLICE_X56Y75         FDCE                                         r  u_tile_core/u_controller/done_o_reg/C
                         clock pessimism              0.000     0.432    
                         clock uncertainty            0.200     0.632    
    SLICE_X56Y75         FDCE (Remov_fdce_C_CLR)     -0.157     0.475    u_tile_core/u_controller/done_o_reg
  -------------------------------------------------------------------
                         required time                         -0.475    
                         arrival time                           1.754    
  -------------------------------------------------------------------
                         slack                                  1.279    

Slack (MET) :             1.317ns  (arrival time - required time)
  Source:                 awaddr_r_reg[4]/C
                            (rising edge-triggered cell FDCE clocked by aclk  {rise@0.000ns fall@5.000ns period=10.000ns})
  Destination:            u_tile_core/u_datapath/at_addr_r_reg[1]/CLR
                            (removal check against rising-edge clock aclk  {rise@0.000ns fall@5.000ns period=10.000ns})
  Path Group:             **async_default**
  Path Type:              Removal (Min at Fast Process Corner)
  Requirement:            0.000ns  (aclk rise@0.000ns - aclk rise@0.000ns)
  Data Path Delay:        1.407ns  (logic 0.299ns (21.250%)  route 1.108ns (78.750%))
  Logic Levels:           3  (LUT2=1 LUT5=1 LUT6=1)
  Clock Path Skew:        0.022ns (DCD - SCD - CPR)
    Destination Clock Delay (DCD):    0.432ns
    Source Clock Delay      (SCD):    0.410ns
    Clock Pessimism Removal (CPR):    -0.000ns
  Clock Uncertainty:      0.200ns  ((TSJ^2 + TIJ^2)^1/2 + DJ) / 2 + PE + UU
    Total System Jitter     (TSJ):    0.000ns
    Total Input Jitter      (TIJ):    0.000ns
    Discrete Jitter          (DJ):    0.000ns
    Phase Error              (PE):    0.000ns
    User Uncertainty         (UU):    0.200ns

    Location             Delay type                Incr(ns)  Path(ns)    Netlist Resource(s)
  -------------------------------------------------------------------    -------------------
                         (clock aclk rise edge)       0.000     0.000 r  
                                                      0.000     0.000 r  aclk (IN)
                         net (fo=804, unset)          0.410     0.410    aclk
    SLICE_X62Y79         FDCE                                         r  awaddr_r_reg[4]/C
  -------------------------------------------------------------------    -------------------
    SLICE_X62Y79         FDCE (Prop_fdce_C_Q)         0.164     0.574 r  awaddr_r_reg[4]/Q
                         net (fo=2, routed)           0.129     0.703    u_tile_core/u_datapath/gen_acc_bank[0].u_acc/state_r[1]_i_2_0[2]
    SLICE_X64Y80         LUT6 (Prop_lut6_I2_O)        0.045     0.748 r  u_tile_core/u_datapath/gen_acc_bank[0].u_acc/FSM_onehot_state_r[7]_i_9/O
                         net (fo=2, routed)           0.149     0.896    u_tile_core/u_datapath/gen_acc_bank[0].u_acc/s_axi_awaddr[5]
    SLICE_X64Y80         LUT5 (Prop_lut5_I3_O)        0.045     0.941 r  u_tile_core/u_datapath/gen_acc_bank[0].u_acc/FSM_onehot_state_r[7]_i_5/O
                         net (fo=40, routed)          0.450     1.392    u_tile_core/u_datapath/gen_acc_bank[0].u_acc/s_axi_awvalid_0
    SLICE_X57Y79         LUT2 (Prop_lut2_I1_O)        0.045     1.437 f  u_tile_core/u_datapath/gen_acc_bank[0].u_acc/FSM_onehot_state_r[7]_i_2/O
                         net (fo=478, routed)         0.380     1.817    u_tile_core/u_datapath/aresetn_0
    SLICE_X50Y83         FDCE                                         f  u_tile_core/u_datapath/at_addr_r_reg[1]/CLR
  -------------------------------------------------------------------    -------------------

                         (clock aclk rise edge)       0.000     0.000 r  
                                                      0.000     0.000 r  aclk (IN)
                         net (fo=804, unset)          0.432     0.432    u_tile_core/u_datapath/aclk
    SLICE_X50Y83         FDCE                                         r  u_tile_core/u_datapath/at_addr_r_reg[1]/C
                         clock pessimism              0.000     0.432    
                         clock uncertainty            0.200     0.632    
    SLICE_X50Y83         FDCE (Remov_fdce_C_CLR)     -0.132     0.500    u_tile_core/u_datapath/at_addr_r_reg[1]
  -------------------------------------------------------------------
                         required time                         -0.500    
                         arrival time                           1.817    
  -------------------------------------------------------------------
                         slack                                  1.317    

Slack (MET) :             1.317ns  (arrival time - required time)
  Source:                 awaddr_r_reg[4]/C
                            (rising edge-triggered cell FDCE clocked by aclk  {rise@0.000ns fall@5.000ns period=10.000ns})
  Destination:            u_tile_core/u_datapath/at_addr_r_reg[5]/CLR
                            (removal check against rising-edge clock aclk  {rise@0.000ns fall@5.000ns period=10.000ns})
  Path Group:             **async_default**
  Path Type:              Removal (Min at Fast Process Corner)
  Requirement:            0.000ns  (aclk rise@0.000ns - aclk rise@0.000ns)
  Data Path Delay:        1.407ns  (logic 0.299ns (21.250%)  route 1.108ns (78.750%))
  Logic Levels:           3  (LUT2=1 LUT5=1 LUT6=1)
  Clock Path Skew:        0.022ns (DCD - SCD - CPR)
    Destination Clock Delay (DCD):    0.432ns
    Source Clock Delay      (SCD):    0.410ns
    Clock Pessimism Removal (CPR):    -0.000ns
  Clock Uncertainty:      0.200ns  ((TSJ^2 + TIJ^2)^1/2 + DJ) / 2 + PE + UU
    Total System Jitter     (TSJ):    0.000ns
    Total Input Jitter      (TIJ):    0.000ns
    Discrete Jitter          (DJ):    0.000ns
    Phase Error              (PE):    0.000ns
    User Uncertainty         (UU):    0.200ns

    Location             Delay type                Incr(ns)  Path(ns)    Netlist Resource(s)
  -------------------------------------------------------------------    -------------------
                         (clock aclk rise edge)       0.000     0.000 r  
                                                      0.000     0.000 r  aclk (IN)
                         net (fo=804, unset)          0.410     0.410    aclk
    SLICE_X62Y79         FDCE                                         r  awaddr_r_reg[4]/C
  -------------------------------------------------------------------    -------------------
    SLICE_X62Y79         FDCE (Prop_fdce_C_Q)         0.164     0.574 r  awaddr_r_reg[4]/Q
                         net (fo=2, routed)           0.129     0.703    u_tile_core/u_datapath/gen_acc_bank[0].u_acc/state_r[1]_i_2_0[2]
    SLICE_X64Y80         LUT6 (Prop_lut6_I2_O)        0.045     0.748 r  u_tile_core/u_datapath/gen_acc_bank[0].u_acc/FSM_onehot_state_r[7]_i_9/O
                         net (fo=2, routed)           0.149     0.896    u_tile_core/u_datapath/gen_acc_bank[0].u_acc/s_axi_awaddr[5]
    SLICE_X64Y80         LUT5 (Prop_lut5_I3_O)        0.045     0.941 r  u_tile_core/u_datapath/gen_acc_bank[0].u_acc/FSM_onehot_state_r[7]_i_5/O
                         net (fo=40, routed)          0.450     1.392    u_tile_core/u_datapath/gen_acc_bank[0].u_acc/s_axi_awvalid_0
    SLICE_X57Y79         LUT2 (Prop_lut2_I1_O)        0.045     1.437 f  u_tile_core/u_datapath/gen_acc_bank[0].u_acc/FSM_onehot_state_r[7]_i_2/O
                         net (fo=478, routed)         0.380     1.817    u_tile_core/u_datapath/aresetn_0
    SLICE_X50Y83         FDCE                                         f  u_tile_core/u_datapath/at_addr_r_reg[5]/CLR
  -------------------------------------------------------------------    -------------------

                         (clock aclk rise edge)       0.000     0.000 r  
                                                      0.000     0.000 r  aclk (IN)
                         net (fo=804, unset)          0.432     0.432    u_tile_core/u_datapath/aclk
    SLICE_X50Y83         FDCE                                         r  u_tile_core/u_datapath/at_addr_r_reg[5]/C
                         clock pessimism              0.000     0.432    
                         clock uncertainty            0.200     0.632    
    SLICE_X50Y83         FDCE (Remov_fdce_C_CLR)     -0.132     0.500    u_tile_core/u_datapath/at_addr_r_reg[5]
  -------------------------------------------------------------------
                         required time                         -0.500    
                         arrival time                           1.817    
  -------------------------------------------------------------------
                         slack                                  1.317    

Slack (MET) :             1.317ns  (arrival time - required time)
  Source:                 awaddr_r_reg[4]/C
                            (rising edge-triggered cell FDCE clocked by aclk  {rise@0.000ns fall@5.000ns period=10.000ns})
  Destination:            u_tile_core/u_datapath/mlt_addr_r_reg[1]/CLR
                            (removal check against rising-edge clock aclk  {rise@0.000ns fall@5.000ns period=10.000ns})
  Path Group:             **async_default**
  Path Type:              Removal (Min at Fast Process Corner)
  Requirement:            0.000ns  (aclk rise@0.000ns - aclk rise@0.000ns)
  Data Path Delay:        1.407ns  (logic 0.299ns (21.250%)  route 1.108ns (78.750%))
  Logic Levels:           3  (LUT2=1 LUT5=1 LUT6=1)
  Clock Path Skew:        0.022ns (DCD - SCD - CPR)
    Destination Clock Delay (DCD):    0.432ns
    Source Clock Delay      (SCD):    0.410ns
    Clock Pessimism Removal (CPR):    -0.000ns
  Clock Uncertainty:      0.200ns  ((TSJ^2 + TIJ^2)^1/2 + DJ) / 2 + PE + UU
    Total System Jitter     (TSJ):    0.000ns
    Total Input Jitter      (TIJ):    0.000ns
    Discrete Jitter          (DJ):    0.000ns
    Phase Error              (PE):    0.000ns
    User Uncertainty         (UU):    0.200ns

    Location             Delay type                Incr(ns)  Path(ns)    Netlist Resource(s)
  -------------------------------------------------------------------    -------------------
                         (clock aclk rise edge)       0.000     0.000 r  
                                                      0.000     0.000 r  aclk (IN)
                         net (fo=804, unset)          0.410     0.410    aclk
    SLICE_X62Y79         FDCE                                         r  awaddr_r_reg[4]/C
  -------------------------------------------------------------------    -------------------
    SLICE_X62Y79         FDCE (Prop_fdce_C_Q)         0.164     0.574 r  awaddr_r_reg[4]/Q
                         net (fo=2, routed)           0.129     0.703    u_tile_core/u_datapath/gen_acc_bank[0].u_acc/state_r[1]_i_2_0[2]
    SLICE_X64Y80         LUT6 (Prop_lut6_I2_O)        0.045     0.748 r  u_tile_core/u_datapath/gen_acc_bank[0].u_acc/FSM_onehot_state_r[7]_i_9/O
                         net (fo=2, routed)           0.149     0.896    u_tile_core/u_datapath/gen_acc_bank[0].u_acc/s_axi_awaddr[5]
    SLICE_X64Y80         LUT5 (Prop_lut5_I3_O)        0.045     0.941 r  u_tile_core/u_datapath/gen_acc_bank[0].u_acc/FSM_onehot_state_r[7]_i_5/O
                         net (fo=40, routed)          0.450     1.392    u_tile_core/u_datapath/gen_acc_bank[0].u_acc/s_axi_awvalid_0
    SLICE_X57Y79         LUT2 (Prop_lut2_I1_O)        0.045     1.437 f  u_tile_core/u_datapath/gen_acc_bank[0].u_acc/FSM_onehot_state_r[7]_i_2/O
                         net (fo=478, routed)         0.380     1.817    u_tile_core/u_datapath/aresetn_0
    SLICE_X50Y83         FDCE                                         f  u_tile_core/u_datapath/mlt_addr_r_reg[1]/CLR
  -------------------------------------------------------------------    -------------------

                         (clock aclk rise edge)       0.000     0.000 r  
                                                      0.000     0.000 r  aclk (IN)
                         net (fo=804, unset)          0.432     0.432    u_tile_core/u_datapath/aclk
    SLICE_X50Y83         FDCE                                         r  u_tile_core/u_datapath/mlt_addr_r_reg[1]/C
                         clock pessimism              0.000     0.432    
                         clock uncertainty            0.200     0.632    
    SLICE_X50Y83         FDCE (Remov_fdce_C_CLR)     -0.132     0.500    u_tile_core/u_datapath/mlt_addr_r_reg[1]
  -------------------------------------------------------------------
                         required time                         -0.500    
                         arrival time                           1.817    
  -------------------------------------------------------------------
                         slack                                  1.317    

Slack (MET) :             1.317ns  (arrival time - required time)
  Source:                 awaddr_r_reg[4]/C
                            (rising edge-triggered cell FDCE clocked by aclk  {rise@0.000ns fall@5.000ns period=10.000ns})
  Destination:            u_tile_core/u_datapath/mlt_addr_r_reg[5]/CLR
                            (removal check against rising-edge clock aclk  {rise@0.000ns fall@5.000ns period=10.000ns})
  Path Group:             **async_default**
  Path Type:              Removal (Min at Fast Process Corner)
  Requirement:            0.000ns  (aclk rise@0.000ns - aclk rise@0.000ns)
  Data Path Delay:        1.407ns  (logic 0.299ns (21.250%)  route 1.108ns (78.750%))
  Logic Levels:           3  (LUT2=1 LUT5=1 LUT6=1)
  Clock Path Skew:        0.022ns (DCD - SCD - CPR)
    Destination Clock Delay (DCD):    0.432ns
    Source Clock Delay      (SCD):    0.410ns
    Clock Pessimism Removal (CPR):    -0.000ns
  Clock Uncertainty:      0.200ns  ((TSJ^2 + TIJ^2)^1/2 + DJ) / 2 + PE + UU
    Total System Jitter     (TSJ):    0.000ns
    Total Input Jitter      (TIJ):    0.000ns
    Discrete Jitter          (DJ):    0.000ns
    Phase Error              (PE):    0.000ns
    User Uncertainty         (UU):    0.200ns

    Location             Delay type                Incr(ns)  Path(ns)    Netlist Resource(s)
  -------------------------------------------------------------------    -------------------
                         (clock aclk rise edge)       0.000     0.000 r  
                                                      0.000     0.000 r  aclk (IN)
                         net (fo=804, unset)          0.410     0.410    aclk
    SLICE_X62Y79         FDCE                                         r  awaddr_r_reg[4]/C
  -------------------------------------------------------------------    -------------------
    SLICE_X62Y79         FDCE (Prop_fdce_C_Q)         0.164     0.574 r  awaddr_r_reg[4]/Q
                         net (fo=2, routed)           0.129     0.703    u_tile_core/u_datapath/gen_acc_bank[0].u_acc/state_r[1]_i_2_0[2]
    SLICE_X64Y80         LUT6 (Prop_lut6_I2_O)        0.045     0.748 r  u_tile_core/u_datapath/gen_acc_bank[0].u_acc/FSM_onehot_state_r[7]_i_9/O
                         net (fo=2, routed)           0.149     0.896    u_tile_core/u_datapath/gen_acc_bank[0].u_acc/s_axi_awaddr[5]
    SLICE_X64Y80         LUT5 (Prop_lut5_I3_O)        0.045     0.941 r  u_tile_core/u_datapath/gen_acc_bank[0].u_acc/FSM_onehot_state_r[7]_i_5/O
                         net (fo=40, routed)          0.450     1.392    u_tile_core/u_datapath/gen_acc_bank[0].u_acc/s_axi_awvalid_0
    SLICE_X57Y79         LUT2 (Prop_lut2_I1_O)        0.045     1.437 f  u_tile_core/u_datapath/gen_acc_bank[0].u_acc/FSM_onehot_state_r[7]_i_2/O
                         net (fo=478, routed)         0.380     1.817    u_tile_core/u_datapath/aresetn_0
    SLICE_X50Y83         FDCE                                         f  u_tile_core/u_datapath/mlt_addr_r_reg[5]/CLR
  -------------------------------------------------------------------    -------------------

                         (clock aclk rise edge)       0.000     0.000 r  
                                                      0.000     0.000 r  aclk (IN)
                         net (fo=804, unset)          0.432     0.432    u_tile_core/u_datapath/aclk
    SLICE_X50Y83         FDCE                                         r  u_tile_core/u_datapath/mlt_addr_r_reg[5]/C
                         clock pessimism              0.000     0.432    
                         clock uncertainty            0.200     0.632    
    SLICE_X50Y83         FDCE (Remov_fdce_C_CLR)     -0.132     0.500    u_tile_core/u_datapath/mlt_addr_r_reg[5]
  -------------------------------------------------------------------
                         required time                         -0.500    
                         arrival time                           1.817    
  -------------------------------------------------------------------
                         slack                                  1.317    

Slack (MET) :             1.320ns  (arrival time - required time)
  Source:                 awaddr_r_reg[4]/C
                            (rising edge-triggered cell FDCE clocked by aclk  {rise@0.000ns fall@5.000ns period=10.000ns})
  Destination:            u_tile_core/u_input_loader/col_r_reg[0]/CLR
                            (removal check against rising-edge clock aclk  {rise@0.000ns fall@5.000ns period=10.000ns})
  Path Group:             **async_default**
  Path Type:              Removal (Min at Fast Process Corner)
  Requirement:            0.000ns  (aclk rise@0.000ns - aclk rise@0.000ns)
  Data Path Delay:        1.409ns  (logic 0.299ns (21.219%)  route 1.110ns (78.781%))
  Logic Levels:           3  (LUT2=1 LUT5=1 LUT6=1)
  Clock Path Skew:        0.022ns (DCD - SCD - CPR)
    Destination Clock Delay (DCD):    0.432ns
    Source Clock Delay      (SCD):    0.410ns
    Clock Pessimism Removal (CPR):    -0.000ns
  Clock Uncertainty:      0.200ns  ((TSJ^2 + TIJ^2)^1/2 + DJ) / 2 + PE + UU
    Total System Jitter     (TSJ):    0.000ns
    Total Input Jitter      (TIJ):    0.000ns
    Discrete Jitter          (DJ):    0.000ns
    Phase Error              (PE):    0.000ns
    User Uncertainty         (UU):    0.200ns

    Location             Delay type                Incr(ns)  Path(ns)    Netlist Resource(s)
  -------------------------------------------------------------------    -------------------
                         (clock aclk rise edge)       0.000     0.000 r  
                                                      0.000     0.000 r  aclk (IN)
                         net (fo=804, unset)          0.410     0.410    aclk
    SLICE_X62Y79         FDCE                                         r  awaddr_r_reg[4]/C
  -------------------------------------------------------------------    -------------------
    SLICE_X62Y79         FDCE (Prop_fdce_C_Q)         0.164     0.574 r  awaddr_r_reg[4]/Q
                         net (fo=2, routed)           0.129     0.703    u_tile_core/u_datapath/gen_acc_bank[0].u_acc/state_r[1]_i_2_0[2]
    SLICE_X64Y80         LUT6 (Prop_lut6_I2_O)        0.045     0.748 r  u_tile_core/u_datapath/gen_acc_bank[0].u_acc/FSM_onehot_state_r[7]_i_9/O
                         net (fo=2, routed)           0.149     0.896    u_tile_core/u_datapath/gen_acc_bank[0].u_acc/s_axi_awaddr[5]
    SLICE_X64Y80         LUT5 (Prop_lut5_I3_O)        0.045     0.941 r  u_tile_core/u_datapath/gen_acc_bank[0].u_acc/FSM_onehot_state_r[7]_i_5/O
                         net (fo=40, routed)          0.450     1.392    u_tile_core/u_datapath/gen_acc_bank[0].u_acc/s_axi_awvalid_0
    SLICE_X57Y79         LUT2 (Prop_lut2_I1_O)        0.045     1.437 f  u_tile_core/u_datapath/gen_acc_bank[0].u_acc/FSM_onehot_state_r[7]_i_2/O
                         net (fo=478, routed)         0.383     1.819    u_tile_core/u_input_loader/bank_r_reg[0]_0
    SLICE_X58Y75         FDCE                                         f  u_tile_core/u_input_loader/col_r_reg[0]/CLR
  -------------------------------------------------------------------    -------------------

                         (clock aclk rise edge)       0.000     0.000 r  
                                                      0.000     0.000 r  aclk (IN)
                         net (fo=804, unset)          0.432     0.432    u_tile_core/u_input_loader/aclk
    SLICE_X58Y75         FDCE                                         r  u_tile_core/u_input_loader/col_r_reg[0]/C
                         clock pessimism              0.000     0.432    
                         clock uncertainty            0.200     0.632    
    SLICE_X58Y75         FDCE (Remov_fdce_C_CLR)     -0.132     0.500    u_tile_core/u_input_loader/col_r_reg[0]
  -------------------------------------------------------------------
                         required time                         -0.500    
                         arrival time                           1.819    
  -------------------------------------------------------------------
                         slack                                  1.320    

Slack (MET) :             1.320ns  (arrival time - required time)
  Source:                 awaddr_r_reg[4]/C
                            (rising edge-triggered cell FDCE clocked by aclk  {rise@0.000ns fall@5.000ns period=10.000ns})
  Destination:            u_tile_core/u_input_loader/col_r_reg[1]/CLR
                            (removal check against rising-edge clock aclk  {rise@0.000ns fall@5.000ns period=10.000ns})
  Path Group:             **async_default**
  Path Type:              Removal (Min at Fast Process Corner)
  Requirement:            0.000ns  (aclk rise@0.000ns - aclk rise@0.000ns)
  Data Path Delay:        1.409ns  (logic 0.299ns (21.219%)  route 1.110ns (78.781%))
  Logic Levels:           3  (LUT2=1 LUT5=1 LUT6=1)
  Clock Path Skew:        0.022ns (DCD - SCD - CPR)
    Destination Clock Delay (DCD):    0.432ns
    Source Clock Delay      (SCD):    0.410ns
    Clock Pessimism Removal (CPR):    -0.000ns
  Clock Uncertainty:      0.200ns  ((TSJ^2 + TIJ^2)^1/2 + DJ) / 2 + PE + UU
    Total System Jitter     (TSJ):    0.000ns
    Total Input Jitter      (TIJ):    0.000ns
    Discrete Jitter          (DJ):    0.000ns
    Phase Error              (PE):    0.000ns
    User Uncertainty         (UU):    0.200ns

    Location             Delay type                Incr(ns)  Path(ns)    Netlist Resource(s)
  -------------------------------------------------------------------    -------------------
                         (clock aclk rise edge)       0.000     0.000 r  
                                                      0.000     0.000 r  aclk (IN)
                         net (fo=804, unset)          0.410     0.410    aclk
    SLICE_X62Y79         FDCE                                         r  awaddr_r_reg[4]/C
  -------------------------------------------------------------------    -------------------
    SLICE_X62Y79         FDCE (Prop_fdce_C_Q)         0.164     0.574 r  awaddr_r_reg[4]/Q
                         net (fo=2, routed)           0.129     0.703    u_tile_core/u_datapath/gen_acc_bank[0].u_acc/state_r[1]_i_2_0[2]
    SLICE_X64Y80         LUT6 (Prop_lut6_I2_O)        0.045     0.748 r  u_tile_core/u_datapath/gen_acc_bank[0].u_acc/FSM_onehot_state_r[7]_i_9/O
                         net (fo=2, routed)           0.149     0.896    u_tile_core/u_datapath/gen_acc_bank[0].u_acc/s_axi_awaddr[5]
    SLICE_X64Y80         LUT5 (Prop_lut5_I3_O)        0.045     0.941 r  u_tile_core/u_datapath/gen_acc_bank[0].u_acc/FSM_onehot_state_r[7]_i_5/O
                         net (fo=40, routed)          0.450     1.392    u_tile_core/u_datapath/gen_acc_bank[0].u_acc/s_axi_awvalid_0
    SLICE_X57Y79         LUT2 (Prop_lut2_I1_O)        0.045     1.437 f  u_tile_core/u_datapath/gen_acc_bank[0].u_acc/FSM_onehot_state_r[7]_i_2/O
                         net (fo=478, routed)         0.383     1.819    u_tile_core/u_input_loader/bank_r_reg[0]_0
    SLICE_X58Y75         FDCE                                         f  u_tile_core/u_input_loader/col_r_reg[1]/CLR
  -------------------------------------------------------------------    -------------------

                         (clock aclk rise edge)       0.000     0.000 r  
                                                      0.000     0.000 r  aclk (IN)
                         net (fo=804, unset)          0.432     0.432    u_tile_core/u_input_loader/aclk
    SLICE_X58Y75         FDCE                                         r  u_tile_core/u_input_loader/col_r_reg[1]/C
                         clock pessimism              0.000     0.432    
                         clock uncertainty            0.200     0.632    
    SLICE_X58Y75         FDCE (Remov_fdce_C_CLR)     -0.132     0.500    u_tile_core/u_input_loader/col_r_reg[1]
  -------------------------------------------------------------------
                         required time                         -0.500    
                         arrival time                           1.819    
  -------------------------------------------------------------------
                         slack                                  1.320    

Slack (MET) :             1.342ns  (arrival time - required time)
  Source:                 awaddr_r_reg[4]/C
                            (rising edge-triggered cell FDCE clocked by aclk  {rise@0.000ns fall@5.000ns period=10.000ns})
  Destination:            u_tile_core/u_datapath/result_addr_r_reg[0]/CLR
                            (removal check against rising-edge clock aclk  {rise@0.000ns fall@5.000ns period=10.000ns})
  Path Group:             **async_default**
  Path Type:              Removal (Min at Fast Process Corner)
  Requirement:            0.000ns  (aclk rise@0.000ns - aclk rise@0.000ns)
  Data Path Delay:        1.407ns  (logic 0.299ns (21.250%)  route 1.108ns (78.750%))
  Logic Levels:           3  (LUT2=1 LUT5=1 LUT6=1)
  Clock Path Skew:        0.022ns (DCD - SCD - CPR)
    Destination Clock Delay (DCD):    0.432ns
    Source Clock Delay      (SCD):    0.410ns
    Clock Pessimism Removal (CPR):    -0.000ns
  Clock Uncertainty:      0.200ns  ((TSJ^2 + TIJ^2)^1/2 + DJ) / 2 + PE + UU
    Total System Jitter     (TSJ):    0.000ns
    Total Input Jitter      (TIJ):    0.000ns
    Discrete Jitter          (DJ):    0.000ns
    Phase Error              (PE):    0.000ns
    User Uncertainty         (UU):    0.200ns

    Location             Delay type                Incr(ns)  Path(ns)    Netlist Resource(s)
  -------------------------------------------------------------------    -------------------
                         (clock aclk rise edge)       0.000     0.000 r  
                                                      0.000     0.000 r  aclk (IN)
                         net (fo=804, unset)          0.410     0.410    aclk
    SLICE_X62Y79         FDCE                                         r  awaddr_r_reg[4]/C
  -------------------------------------------------------------------    -------------------
    SLICE_X62Y79         FDCE (Prop_fdce_C_Q)         0.164     0.574 r  awaddr_r_reg[4]/Q
                         net (fo=2, routed)           0.129     0.703    u_tile_core/u_datapath/gen_acc_bank[0].u_acc/state_r[1]_i_2_0[2]
    SLICE_X64Y80         LUT6 (Prop_lut6_I2_O)        0.045     0.748 r  u_tile_core/u_datapath/gen_acc_bank[0].u_acc/FSM_onehot_state_r[7]_i_9/O
                         net (fo=2, routed)           0.149     0.896    u_tile_core/u_datapath/gen_acc_bank[0].u_acc/s_axi_awaddr[5]
    SLICE_X64Y80         LUT5 (Prop_lut5_I3_O)        0.045     0.941 r  u_tile_core/u_datapath/gen_acc_bank[0].u_acc/FSM_onehot_state_r[7]_i_5/O
                         net (fo=40, routed)          0.450     1.392    u_tile_core/u_datapath/gen_acc_bank[0].u_acc/s_axi_awvalid_0
    SLICE_X57Y79         LUT2 (Prop_lut2_I1_O)        0.045     1.437 f  u_tile_core/u_datapath/gen_acc_bank[0].u_acc/FSM_onehot_state_r[7]_i_2/O
                         net (fo=478, routed)         0.380     1.817    u_tile_core/u_datapath/aresetn_0
    SLICE_X51Y83         FDCE                                         f  u_tile_core/u_datapath/result_addr_r_reg[0]/CLR
  -------------------------------------------------------------------    -------------------

                         (clock aclk rise edge)       0.000     0.000 r  
                                                      0.000     0.000 r  aclk (IN)
                         net (fo=804, unset)          0.432     0.432    u_tile_core/u_datapath/aclk
    SLICE_X51Y83         FDCE                                         r  u_tile_core/u_datapath/result_addr_r_reg[0]/C
                         clock pessimism              0.000     0.432    
                         clock uncertainty            0.200     0.632    
    SLICE_X51Y83         FDCE (Remov_fdce_C_CLR)     -0.157     0.475    u_tile_core/u_datapath/result_addr_r_reg[0]
  -------------------------------------------------------------------
                         required time                         -0.475    
                         arrival time                           1.817    
  -------------------------------------------------------------------
                         slack                                  1.342    

Slack (MET) :             1.342ns  (arrival time - required time)
  Source:                 awaddr_r_reg[4]/C
                            (rising edge-triggered cell FDCE clocked by aclk  {rise@0.000ns fall@5.000ns period=10.000ns})
  Destination:            u_tile_core/u_datapath/result_addr_r_reg[1]/CLR
                            (removal check against rising-edge clock aclk  {rise@0.000ns fall@5.000ns period=10.000ns})
  Path Group:             **async_default**
  Path Type:              Removal (Min at Fast Process Corner)
  Requirement:            0.000ns  (aclk rise@0.000ns - aclk rise@0.000ns)
  Data Path Delay:        1.407ns  (logic 0.299ns (21.250%)  route 1.108ns (78.750%))
  Logic Levels:           3  (LUT2=1 LUT5=1 LUT6=1)
  Clock Path Skew:        0.022ns (DCD - SCD - CPR)
    Destination Clock Delay (DCD):    0.432ns
    Source Clock Delay      (SCD):    0.410ns
    Clock Pessimism Removal (CPR):    -0.000ns
  Clock Uncertainty:      0.200ns  ((TSJ^2 + TIJ^2)^1/2 + DJ) / 2 + PE + UU
    Total System Jitter     (TSJ):    0.000ns
    Total Input Jitter      (TIJ):    0.000ns
    Discrete Jitter          (DJ):    0.000ns
    Phase Error              (PE):    0.000ns
    User Uncertainty         (UU):    0.200ns

    Location             Delay type                Incr(ns)  Path(ns)    Netlist Resource(s)
  -------------------------------------------------------------------    -------------------
                         (clock aclk rise edge)       0.000     0.000 r  
                                                      0.000     0.000 r  aclk (IN)
                         net (fo=804, unset)          0.410     0.410    aclk
    SLICE_X62Y79         FDCE                                         r  awaddr_r_reg[4]/C
  -------------------------------------------------------------------    -------------------
    SLICE_X62Y79         FDCE (Prop_fdce_C_Q)         0.164     0.574 r  awaddr_r_reg[4]/Q
                         net (fo=2, routed)           0.129     0.703    u_tile_core/u_datapath/gen_acc_bank[0].u_acc/state_r[1]_i_2_0[2]
    SLICE_X64Y80         LUT6 (Prop_lut6_I2_O)        0.045     0.748 r  u_tile_core/u_datapath/gen_acc_bank[0].u_acc/FSM_onehot_state_r[7]_i_9/O
                         net (fo=2, routed)           0.149     0.896    u_tile_core/u_datapath/gen_acc_bank[0].u_acc/s_axi_awaddr[5]
    SLICE_X64Y80         LUT5 (Prop_lut5_I3_O)        0.045     0.941 r  u_tile_core/u_datapath/gen_acc_bank[0].u_acc/FSM_onehot_state_r[7]_i_5/O
                         net (fo=40, routed)          0.450     1.392    u_tile_core/u_datapath/gen_acc_bank[0].u_acc/s_axi_awvalid_0
    SLICE_X57Y79         LUT2 (Prop_lut2_I1_O)        0.045     1.437 f  u_tile_core/u_datapath/gen_acc_bank[0].u_acc/FSM_onehot_state_r[7]_i_2/O
                         net (fo=478, routed)         0.380     1.817    u_tile_core/u_datapath/aresetn_0
    SLICE_X51Y83         FDCE                                         f  u_tile_core/u_datapath/result_addr_r_reg[1]/CLR
  -------------------------------------------------------------------    -------------------

                         (clock aclk rise edge)       0.000     0.000 r  
                                                      0.000     0.000 r  aclk (IN)
                         net (fo=804, unset)          0.432     0.432    u_tile_core/u_datapath/aclk
    SLICE_X51Y83         FDCE                                         r  u_tile_core/u_datapath/result_addr_r_reg[1]/C
                         clock pessimism              0.000     0.432    
                         clock uncertainty            0.200     0.632    
    SLICE_X51Y83         FDCE (Remov_fdce_C_CLR)     -0.157     0.475    u_tile_core/u_datapath/result_addr_r_reg[1]
  -------------------------------------------------------------------
                         required time                         -0.475    
                         arrival time                           1.817    
  -------------------------------------------------------------------
                         slack                                  1.342    





--------------------------------------------------------------------------------------
Path Group:  (none)
From Clock:  aclk
  To Clock:  

Max Delay            73 Endpoints
Min Delay            73 Endpoints
--------------------------------------------------------------------------------------


Max Delay Paths
--------------------------------------------------------------------------------------
Slack:                    inf
  Source:                 u_output_fifo/read_ptr_r_reg[3]/C
                            (rising edge-triggered cell FDCE clocked by aclk  {rise@0.000ns fall@5.000ns period=10.000ns})
  Destination:            m_axis_tdata[4]
                            (output port)
  Path Group:             (none)
  Path Type:              Max at Slow Process Corner
  Data Path Delay:        4.276ns  (logic 0.744ns (17.400%)  route 3.532ns (82.600%))
  Logic Levels:           1  (RAMD32=1)
  Clock Uncertainty:      0.225ns  ((TSJ^2 + TIJ^2)^1/2 + DJ) / 2 + PE + UU
    Total System Jitter     (TSJ):    0.050ns
    Total Input Jitter      (TIJ):    0.000ns
    Discrete Jitter          (DJ):    0.000ns
    Phase Error              (PE):    0.000ns
    User Uncertainty         (UU):    0.200ns

    Location             Delay type                Incr(ns)  Path(ns)    Netlist Resource(s)
  -------------------------------------------------------------------    -------------------
                         (clock aclk rise edge)       0.000     0.000 r  
                                                      0.000     0.000 r  aclk (IN)
                         net (fo=804, unset)          0.973     0.973    u_output_fifo/aclk
    SLICE_X48Y75         FDCE                                         r  u_output_fifo/read_ptr_r_reg[3]/C
  -------------------------------------------------------------------    -------------------
    SLICE_X48Y75         FDCE (Prop_fdce_C_Q)         0.419     1.392 r  u_output_fifo/read_ptr_r_reg[3]/Q
                         net (fo=34, routed)          2.559     3.951    u_output_fifo/data_mem_r_reg_0_15_0_5/ADDRC3
    SLICE_X46Y67         RAMD32 (Prop_ramd32_RADR3_O)
                                                      0.325     4.276 r  u_output_fifo/data_mem_r_reg_0_15_0_5/RAMC/O
                         net (fo=0)                   0.973     5.249    m_axis_tdata[4]
                                                                      r  m_axis_tdata[4] (OUT)
  -------------------------------------------------------------------    -------------------

Slack:                    inf
  Source:                 u_output_fifo/read_ptr_r_reg[3]/C
                            (rising edge-triggered cell FDCE clocked by aclk  {rise@0.000ns fall@5.000ns period=10.000ns})
  Destination:            m_axis_tdata[5]
                            (output port)
  Path Group:             (none)
  Path Type:              Max at Slow Process Corner
  Data Path Delay:        4.247ns  (logic 0.715ns (16.836%)  route 3.532ns (83.164%))
  Logic Levels:           1  (RAMD32=1)
  Clock Uncertainty:      0.225ns  ((TSJ^2 + TIJ^2)^1/2 + DJ) / 2 + PE + UU
    Total System Jitter     (TSJ):    0.050ns
    Total Input Jitter      (TIJ):    0.000ns
    Discrete Jitter          (DJ):    0.000ns
    Phase Error              (PE):    0.000ns
    User Uncertainty         (UU):    0.200ns

    Location             Delay type                Incr(ns)  Path(ns)    Netlist Resource(s)
  -------------------------------------------------------------------    -------------------
                         (clock aclk rise edge)       0.000     0.000 r  
                                                      0.000     0.000 r  aclk (IN)
                         net (fo=804, unset)          0.973     0.973    u_output_fifo/aclk
    SLICE_X48Y75         FDCE                                         r  u_output_fifo/read_ptr_r_reg[3]/C
  -------------------------------------------------------------------    -------------------
    SLICE_X48Y75         FDCE (Prop_fdce_C_Q)         0.419     1.392 r  u_output_fifo/read_ptr_r_reg[3]/Q
                         net (fo=34, routed)          2.559     3.951    u_output_fifo/data_mem_r_reg_0_15_0_5/ADDRC3
    SLICE_X46Y67         RAMD32 (Prop_ramd32_RADR3_O)
                                                      0.296     4.247 r  u_output_fifo/data_mem_r_reg_0_15_0_5/RAMC_D1/O
                         net (fo=0)                   0.973     5.220    m_axis_tdata[5]
                                                                      r  m_axis_tdata[5] (OUT)
  -------------------------------------------------------------------    -------------------

Slack:                    inf
  Source:                 u_output_fifo/read_ptr_r_reg[1]/C
                            (rising edge-triggered cell FDCE clocked by aclk  {rise@0.000ns fall@5.000ns period=10.000ns})
  Destination:            m_axis_tdata[12]
                            (output port)
  Path Group:             (none)
  Path Type:              Max at Slow Process Corner
  Data Path Delay:        4.090ns  (logic 0.740ns (18.094%)  route 3.350ns (81.906%))
  Logic Levels:           1  (RAMD32=1)
  Clock Uncertainty:      0.225ns  ((TSJ^2 + TIJ^2)^1/2 + DJ) / 2 + PE + UU
    Total System Jitter     (TSJ):    0.050ns
    Total Input Jitter      (TIJ):    0.000ns
    Discrete Jitter          (DJ):    0.000ns
    Phase Error              (PE):    0.000ns
    User Uncertainty         (UU):    0.200ns

    Location             Delay type                Incr(ns)  Path(ns)    Netlist Resource(s)
  -------------------------------------------------------------------    -------------------
                         (clock aclk rise edge)       0.000     0.000 r  
                                                      0.000     0.000 r  aclk (IN)
                         net (fo=804, unset)          0.973     0.973    u_output_fifo/aclk
    SLICE_X48Y75         FDCE                                         r  u_output_fifo/read_ptr_r_reg[1]/C
  -------------------------------------------------------------------    -------------------
    SLICE_X48Y75         FDCE (Prop_fdce_C_Q)         0.419     1.392 r  u_output_fifo/read_ptr_r_reg[1]/Q
                         net (fo=36, routed)          2.377     3.769    u_output_fifo/data_mem_r_reg_0_15_12_17/ADDRA1
    SLICE_X46Y70         RAMD32 (Prop_ramd32_RADR1_O)
                                                      0.321     4.090 r  u_output_fifo/data_mem_r_reg_0_15_12_17/RAMA/O
                         net (fo=0)                   0.973     5.063    m_axis_tdata[12]
                                                                      r  m_axis_tdata[12] (OUT)
  -------------------------------------------------------------------    -------------------

Slack:                    inf
  Source:                 u_output_fifo/read_ptr_r_reg[1]/C
                            (rising edge-triggered cell FDCE clocked by aclk  {rise@0.000ns fall@5.000ns period=10.000ns})
  Destination:            m_axis_tdata[14]
                            (output port)
  Path Group:             (none)
  Path Type:              Max at Slow Process Corner
  Data Path Delay:        4.088ns  (logic 0.746ns (18.250%)  route 3.342ns (81.750%))
  Logic Levels:           1  (RAMD32=1)
  Clock Uncertainty:      0.225ns  ((TSJ^2 + TIJ^2)^1/2 + DJ) / 2 + PE + UU
    Total System Jitter     (TSJ):    0.050ns
    Total Input Jitter      (TIJ):    0.000ns
    Discrete Jitter          (DJ):    0.000ns
    Phase Error              (PE):    0.000ns
    User Uncertainty         (UU):    0.200ns

    Location             Delay type                Incr(ns)  Path(ns)    Netlist Resource(s)
  -------------------------------------------------------------------    -------------------
                         (clock aclk rise edge)       0.000     0.000 r  
                                                      0.000     0.000 r  aclk (IN)
                         net (fo=804, unset)          0.973     0.973    u_output_fifo/aclk
    SLICE_X48Y75         FDCE                                         r  u_output_fifo/read_ptr_r_reg[1]/C
  -------------------------------------------------------------------    -------------------
    SLICE_X48Y75         FDCE (Prop_fdce_C_Q)         0.419     1.392 r  u_output_fifo/read_ptr_r_reg[1]/Q
                         net (fo=36, routed)          2.369     3.761    u_output_fifo/data_mem_r_reg_0_15_12_17/ADDRB1
    SLICE_X46Y70         RAMD32 (Prop_ramd32_RADR1_O)
                                                      0.327     4.088 r  u_output_fifo/data_mem_r_reg_0_15_12_17/RAMB/O
                         net (fo=0)                   0.973     5.061    m_axis_tdata[14]
                                                                      r  m_axis_tdata[14] (OUT)
  -------------------------------------------------------------------    -------------------

Slack:                    inf
  Source:                 u_output_fifo/read_ptr_r_reg[1]/C
                            (rising edge-triggered cell FDCE clocked by aclk  {rise@0.000ns fall@5.000ns period=10.000ns})
  Destination:            m_axis_tdata[13]
                            (output port)
  Path Group:             (none)
  Path Type:              Max at Slow Process Corner
  Data Path Delay:        4.068ns  (logic 0.718ns (17.651%)  route 3.350ns (82.349%))
  Logic Levels:           1  (RAMD32=1)
  Clock Uncertainty:      0.225ns  ((TSJ^2 + TIJ^2)^1/2 + DJ) / 2 + PE + UU
    Total System Jitter     (TSJ):    0.050ns
    Total Input Jitter      (TIJ):    0.000ns
    Discrete Jitter          (DJ):    0.000ns
    Phase Error              (PE):    0.000ns
    User Uncertainty         (UU):    0.200ns

    Location             Delay type                Incr(ns)  Path(ns)    Netlist Resource(s)
  -------------------------------------------------------------------    -------------------
                         (clock aclk rise edge)       0.000     0.000 r  
                                                      0.000     0.000 r  aclk (IN)
                         net (fo=804, unset)          0.973     0.973    u_output_fifo/aclk
    SLICE_X48Y75         FDCE                                         r  u_output_fifo/read_ptr_r_reg[1]/C
  -------------------------------------------------------------------    -------------------
    SLICE_X48Y75         FDCE (Prop_fdce_C_Q)         0.419     1.392 r  u_output_fifo/read_ptr_r_reg[1]/Q
                         net (fo=36, routed)          2.377     3.769    u_output_fifo/data_mem_r_reg_0_15_12_17/ADDRA1
    SLICE_X46Y70         RAMD32 (Prop_ramd32_RADR1_O)
                                                      0.299     4.068 r  u_output_fifo/data_mem_r_reg_0_15_12_17/RAMA_D1/O
                         net (fo=0)                   0.973     5.041    m_axis_tdata[13]
                                                                      r  m_axis_tdata[13] (OUT)
  -------------------------------------------------------------------    -------------------

Slack:                    inf
  Source:                 u_output_fifo/read_ptr_r_reg[1]/C
                            (rising edge-triggered cell FDCE clocked by aclk  {rise@0.000ns fall@5.000ns period=10.000ns})
  Destination:            m_axis_tdata[15]
                            (output port)
  Path Group:             (none)
  Path Type:              Max at Slow Process Corner
  Data Path Delay:        4.060ns  (logic 0.718ns (17.686%)  route 3.342ns (82.314%))
  Logic Levels:           1  (RAMD32=1)
  Clock Uncertainty:      0.225ns  ((TSJ^2 + TIJ^2)^1/2 + DJ) / 2 + PE + UU
    Total System Jitter     (TSJ):    0.050ns
    Total Input Jitter      (TIJ):    0.000ns
    Discrete Jitter          (DJ):    0.000ns
    Phase Error              (PE):    0.000ns
    User Uncertainty         (UU):    0.200ns

    Location             Delay type                Incr(ns)  Path(ns)    Netlist Resource(s)
  -------------------------------------------------------------------    -------------------
                         (clock aclk rise edge)       0.000     0.000 r  
                                                      0.000     0.000 r  aclk (IN)
                         net (fo=804, unset)          0.973     0.973    u_output_fifo/aclk
    SLICE_X48Y75         FDCE                                         r  u_output_fifo/read_ptr_r_reg[1]/C
  -------------------------------------------------------------------    -------------------
    SLICE_X48Y75         FDCE (Prop_fdce_C_Q)         0.419     1.392 r  u_output_fifo/read_ptr_r_reg[1]/Q
                         net (fo=36, routed)          2.369     3.761    u_output_fifo/data_mem_r_reg_0_15_12_17/ADDRB1
    SLICE_X46Y70         RAMD32 (Prop_ramd32_RADR1_O)
                                                      0.299     4.060 r  u_output_fifo/data_mem_r_reg_0_15_12_17/RAMB_D1/O
                         net (fo=0)                   0.973     5.033    m_axis_tdata[15]
                                                                      r  m_axis_tdata[15] (OUT)
  -------------------------------------------------------------------    -------------------

Slack:                    inf
  Source:                 u_output_fifo/read_ptr_r_reg[0]/C
                            (rising edge-triggered cell FDCE clocked by aclk  {rise@0.000ns fall@5.000ns period=10.000ns})
  Destination:            m_axis_tdata[0]
                            (output port)
  Path Group:             (none)
  Path Type:              Max at Slow Process Corner
  Data Path Delay:        4.056ns  (logic 0.606ns (14.941%)  route 3.450ns (85.059%))
  Logic Levels:           1  (RAMD32=1)
  Clock Uncertainty:      0.225ns  ((TSJ^2 + TIJ^2)^1/2 + DJ) / 2 + PE + UU
    Total System Jitter     (TSJ):    0.050ns
    Total Input Jitter      (TIJ):    0.000ns
    Discrete Jitter          (DJ):    0.000ns
    Phase Error              (PE):    0.000ns
    User Uncertainty         (UU):    0.200ns

    Location             Delay type                Incr(ns)  Path(ns)    Netlist Resource(s)
  -------------------------------------------------------------------    -------------------
                         (clock aclk rise edge)       0.000     0.000 r  
                                                      0.000     0.000 r  aclk (IN)
                         net (fo=804, unset)          0.973     0.973    u_output_fifo/aclk
    SLICE_X48Y75         FDCE                                         r  u_output_fifo/read_ptr_r_reg[0]/C
  -------------------------------------------------------------------    -------------------
    SLICE_X48Y75         FDCE (Prop_fdce_C_Q)         0.456     1.429 r  u_output_fifo/read_ptr_r_reg[0]/Q
                         net (fo=37, routed)          2.477     3.906    u_output_fifo/data_mem_r_reg_0_15_0_5/ADDRA0
    SLICE_X46Y67         RAMD32 (Prop_ramd32_RADR0_O)
                                                      0.150     4.056 r  u_output_fifo/data_mem_r_reg_0_15_0_5/RAMA/O
                         net (fo=0)                   0.973     5.029    m_axis_tdata[0]
                                                                      r  m_axis_tdata[0] (OUT)
  -------------------------------------------------------------------    -------------------

Slack:                    inf
  Source:                 u_output_fifo/read_ptr_r_reg[0]/C
                            (rising edge-triggered cell FDCE clocked by aclk  {rise@0.000ns fall@5.000ns period=10.000ns})
  Destination:            m_axis_tdata[2]
                            (output port)
  Path Group:             (none)
  Path Type:              Max at Slow Process Corner
  Data Path Delay:        4.048ns  (logic 0.608ns (15.020%)  route 3.440ns (84.980%))
  Logic Levels:           1  (RAMD32=1)
  Clock Uncertainty:      0.225ns  ((TSJ^2 + TIJ^2)^1/2 + DJ) / 2 + PE + UU
    Total System Jitter     (TSJ):    0.050ns
    Total Input Jitter      (TIJ):    0.000ns
    Discrete Jitter          (DJ):    0.000ns
    Phase Error              (PE):    0.000ns
    User Uncertainty         (UU):    0.200ns

    Location             Delay type                Incr(ns)  Path(ns)    Netlist Resource(s)
  -------------------------------------------------------------------    -------------------
                         (clock aclk rise edge)       0.000     0.000 r  
                                                      0.000     0.000 r  aclk (IN)
                         net (fo=804, unset)          0.973     0.973    u_output_fifo/aclk
    SLICE_X48Y75         FDCE                                         r  u_output_fifo/read_ptr_r_reg[0]/C
  -------------------------------------------------------------------    -------------------
    SLICE_X48Y75         FDCE (Prop_fdce_C_Q)         0.456     1.429 r  u_output_fifo/read_ptr_r_reg[0]/Q
                         net (fo=37, routed)          2.467     3.896    u_output_fifo/data_mem_r_reg_0_15_0_5/ADDRB0
    SLICE_X46Y67         RAMD32 (Prop_ramd32_RADR0_O)
                                                      0.152     4.048 r  u_output_fifo/data_mem_r_reg_0_15_0_5/RAMB/O
                         net (fo=0)                   0.973     5.021    m_axis_tdata[2]
                                                                      r  m_axis_tdata[2] (OUT)
  -------------------------------------------------------------------    -------------------

Slack:                    inf
  Source:                 u_output_fifo/read_ptr_r_reg[0]/C
                            (rising edge-triggered cell FDCE clocked by aclk  {rise@0.000ns fall@5.000ns period=10.000ns})
  Destination:            m_axis_tdata[1]
                            (output port)
  Path Group:             (none)
  Path Type:              Max at Slow Process Corner
  Data Path Delay:        4.030ns  (logic 0.580ns (14.392%)  route 3.450ns (85.608%))
  Logic Levels:           1  (RAMD32=1)
  Clock Uncertainty:      0.225ns  ((TSJ^2 + TIJ^2)^1/2 + DJ) / 2 + PE + UU
    Total System Jitter     (TSJ):    0.050ns
    Total Input Jitter      (TIJ):    0.000ns
    Discrete Jitter          (DJ):    0.000ns
    Phase Error              (PE):    0.000ns
    User Uncertainty         (UU):    0.200ns

    Location             Delay type                Incr(ns)  Path(ns)    Netlist Resource(s)
  -------------------------------------------------------------------    -------------------
                         (clock aclk rise edge)       0.000     0.000 r  
                                                      0.000     0.000 r  aclk (IN)
                         net (fo=804, unset)          0.973     0.973    u_output_fifo/aclk
    SLICE_X48Y75         FDCE                                         r  u_output_fifo/read_ptr_r_reg[0]/C
  -------------------------------------------------------------------    -------------------
    SLICE_X48Y75         FDCE (Prop_fdce_C_Q)         0.456     1.429 r  u_output_fifo/read_ptr_r_reg[0]/Q
                         net (fo=37, routed)          2.477     3.906    u_output_fifo/data_mem_r_reg_0_15_0_5/ADDRA0
    SLICE_X46Y67         RAMD32 (Prop_ramd32_RADR0_O)
                                                      0.124     4.030 r  u_output_fifo/data_mem_r_reg_0_15_0_5/RAMA_D1/O
                         net (fo=0)                   0.973     5.003    m_axis_tdata[1]
                                                                      r  m_axis_tdata[1] (OUT)
  -------------------------------------------------------------------    -------------------

Slack:                    inf
  Source:                 u_output_fifo/read_ptr_r_reg[0]/C
                            (rising edge-triggered cell FDCE clocked by aclk  {rise@0.000ns fall@5.000ns period=10.000ns})
  Destination:            m_axis_tdata[3]
                            (output port)
  Path Group:             (none)
  Path Type:              Max at Slow Process Corner
  Data Path Delay:        4.020ns  (logic 0.580ns (14.428%)  route 3.440ns (85.572%))
  Logic Levels:           1  (RAMD32=1)
  Clock Uncertainty:      0.225ns  ((TSJ^2 + TIJ^2)^1/2 + DJ) / 2 + PE + UU
    Total System Jitter     (TSJ):    0.050ns
    Total Input Jitter      (TIJ):    0.000ns
    Discrete Jitter          (DJ):    0.000ns
    Phase Error              (PE):    0.000ns
    User Uncertainty         (UU):    0.200ns

    Location             Delay type                Incr(ns)  Path(ns)    Netlist Resource(s)
  -------------------------------------------------------------------    -------------------
                         (clock aclk rise edge)       0.000     0.000 r  
                                                      0.000     0.000 r  aclk (IN)
                         net (fo=804, unset)          0.973     0.973    u_output_fifo/aclk
    SLICE_X48Y75         FDCE                                         r  u_output_fifo/read_ptr_r_reg[0]/C
  -------------------------------------------------------------------    -------------------
    SLICE_X48Y75         FDCE (Prop_fdce_C_Q)         0.456     1.429 r  u_output_fifo/read_ptr_r_reg[0]/Q
                         net (fo=37, routed)          2.467     3.896    u_output_fifo/data_mem_r_reg_0_15_0_5/ADDRB0
    SLICE_X46Y67         RAMD32 (Prop_ramd32_RADR0_O)
                                                      0.124     4.020 r  u_output_fifo/data_mem_r_reg_0_15_0_5/RAMB_D1/O
                         net (fo=0)                   0.973     4.993    m_axis_tdata[3]
                                                                      r  m_axis_tdata[3] (OUT)
  -------------------------------------------------------------------    -------------------

Slack:                    inf
  Source:                 u_output_fifo/read_ptr_r_reg[1]/C
                            (rising edge-triggered cell FDCE clocked by aclk  {rise@0.000ns fall@5.000ns period=10.000ns})
  Destination:            m_axis_tdata[22]
                            (output port)
  Path Group:             (none)
  Path Type:              Max at Slow Process Corner
  Data Path Delay:        3.848ns  (logic 0.747ns (19.413%)  route 3.101ns (80.587%))
  Logic Levels:           1  (RAMD32=1)
  Clock Uncertainty:      0.225ns  ((TSJ^2 + TIJ^2)^1/2 + DJ) / 2 + PE + UU
    Total System Jitter     (TSJ):    0.050ns
    Total Input Jitter      (TIJ):    0.000ns
    Discrete Jitter          (DJ):    0.000ns
    Phase Error              (PE):    0.000ns
    User Uncertainty         (UU):    0.200ns

    Location             Delay type                Incr(ns)  Path(ns)    Netlist Resource(s)
  -------------------------------------------------------------------    -------------------
                         (clock aclk rise edge)       0.000     0.000 r  
                                                      0.000     0.000 r  aclk (IN)
                         net (fo=804, unset)          0.973     0.973    u_output_fifo/aclk
    SLICE_X48Y75         FDCE                                         r  u_output_fifo/read_ptr_r_reg[1]/C
  -------------------------------------------------------------------    -------------------
    SLICE_X48Y75         FDCE (Prop_fdce_C_Q)         0.419     1.392 r  u_output_fifo/read_ptr_r_reg[1]/Q
                         net (fo=36, routed)          2.128     3.520    u_output_fifo/data_mem_r_reg_0_15_18_23/ADDRC1
    SLICE_X46Y71         RAMD32 (Prop_ramd32_RADR1_O)
                                                      0.328     3.848 r  u_output_fifo/data_mem_r_reg_0_15_18_23/RAMC/O
                         net (fo=0)                   0.973     4.821    m_axis_tdata[22]
                                                                      r  m_axis_tdata[22] (OUT)
  -------------------------------------------------------------------    -------------------

Slack:                    inf
  Source:                 u_output_fifo/read_ptr_r_reg[3]/C
                            (rising edge-triggered cell FDCE clocked by aclk  {rise@0.000ns fall@5.000ns period=10.000ns})
  Destination:            m_axis_tdata[6]
                            (output port)
  Path Group:             (none)
  Path Type:              Max at Slow Process Corner
  Data Path Delay:        3.830ns  (logic 0.741ns (19.349%)  route 3.089ns (80.651%))
  Logic Levels:           1  (RAMD32=1)
  Clock Uncertainty:      0.225ns  ((TSJ^2 + TIJ^2)^1/2 + DJ) / 2 + PE + UU
    Total System Jitter     (TSJ):    0.050ns
    Total Input Jitter      (TIJ):    0.000ns
    Discrete Jitter          (DJ):    0.000ns
    Phase Error              (PE):    0.000ns
    User Uncertainty         (UU):    0.200ns

    Location             Delay type                Incr(ns)  Path(ns)    Netlist Resource(s)
  -------------------------------------------------------------------    -------------------
                         (clock aclk rise edge)       0.000     0.000 r  
                                                      0.000     0.000 r  aclk (IN)
                         net (fo=804, unset)          0.973     0.973    u_output_fifo/aclk
    SLICE_X48Y75         FDCE                                         r  u_output_fifo/read_ptr_r_reg[3]/C
  -------------------------------------------------------------------    -------------------
    SLICE_X48Y75         FDCE (Prop_fdce_C_Q)         0.419     1.392 r  u_output_fifo/read_ptr_r_reg[3]/Q
                         net (fo=34, routed)          2.116     3.508    u_output_fifo/data_mem_r_reg_0_15_6_11/ADDRA3
    SLICE_X46Y68         RAMD32 (Prop_ramd32_RADR3_O)
                                                      0.322     3.830 r  u_output_fifo/data_mem_r_reg_0_15_6_11/RAMA/O
                         net (fo=0)                   0.973     4.803    m_axis_tdata[6]
                                                                      r  m_axis_tdata[6] (OUT)
  -------------------------------------------------------------------    -------------------

Slack:                    inf
  Source:                 u_output_fifo/read_ptr_r_reg[3]/C
                            (rising edge-triggered cell FDCE clocked by aclk  {rise@0.000ns fall@5.000ns period=10.000ns})
  Destination:            m_axis_tdata[8]
                            (output port)
  Path Group:             (none)
  Path Type:              Max at Slow Process Corner
  Data Path Delay:        3.827ns  (logic 0.741ns (19.364%)  route 3.086ns (80.636%))
  Logic Levels:           1  (RAMD32=1)
  Clock Uncertainty:      0.225ns  ((TSJ^2 + TIJ^2)^1/2 + DJ) / 2 + PE + UU
    Total System Jitter     (TSJ):    0.050ns
    Total Input Jitter      (TIJ):    0.000ns
    Discrete Jitter          (DJ):    0.000ns
    Phase Error              (PE):    0.000ns
    User Uncertainty         (UU):    0.200ns

    Location             Delay type                Incr(ns)  Path(ns)    Netlist Resource(s)
  -------------------------------------------------------------------    -------------------
                         (clock aclk rise edge)       0.000     0.000 r  
                                                      0.000     0.000 r  aclk (IN)
                         net (fo=804, unset)          0.973     0.973    u_output_fifo/aclk
    SLICE_X48Y75         FDCE                                         r  u_output_fifo/read_ptr_r_reg[3]/C
  -------------------------------------------------------------------    -------------------
    SLICE_X48Y75         FDCE (Prop_fdce_C_Q)         0.419     1.392 r  u_output_fifo/read_ptr_r_reg[3]/Q
                         net (fo=34, routed)          2.113     3.505    u_output_fifo/data_mem_r_reg_0_15_6_11/ADDRB3
    SLICE_X46Y68         RAMD32 (Prop_ramd32_RADR3_O)
                                                      0.322     3.827 r  u_output_fifo/data_mem_r_reg_0_15_6_11/RAMB/O
                         net (fo=0)                   0.973     4.800    m_axis_tdata[8]
                                                                      r  m_axis_tdata[8] (OUT)
  -------------------------------------------------------------------    -------------------

Slack:                    inf
  Source:                 u_output_fifo/read_ptr_r_reg[1]/C
                            (rising edge-triggered cell FDCE clocked by aclk  {rise@0.000ns fall@5.000ns period=10.000ns})
  Destination:            m_axis_tdata[23]
                            (output port)
  Path Group:             (none)
  Path Type:              Max at Slow Process Corner
  Data Path Delay:        3.819ns  (logic 0.718ns (18.801%)  route 3.101ns (81.199%))
  Logic Levels:           1  (RAMD32=1)
  Clock Uncertainty:      0.225ns  ((TSJ^2 + TIJ^2)^1/2 + DJ) / 2 + PE + UU
    Total System Jitter     (TSJ):    0.050ns
    Total Input Jitter      (TIJ):    0.000ns
    Discrete Jitter          (DJ):    0.000ns
    Phase Error              (PE):    0.000ns
    User Uncertainty         (UU):    0.200ns

    Location             Delay type                Incr(ns)  Path(ns)    Netlist Resource(s)
  -------------------------------------------------------------------    -------------------
                         (clock aclk rise edge)       0.000     0.000 r  
                                                      0.000     0.000 r  aclk (IN)
                         net (fo=804, unset)          0.973     0.973    u_output_fifo/aclk
    SLICE_X48Y75         FDCE                                         r  u_output_fifo/read_ptr_r_reg[1]/C
  -------------------------------------------------------------------    -------------------
    SLICE_X48Y75         FDCE (Prop_fdce_C_Q)         0.419     1.392 r  u_output_fifo/read_ptr_r_reg[1]/Q
                         net (fo=36, routed)          2.128     3.520    u_output_fifo/data_mem_r_reg_0_15_18_23/ADDRC1
    SLICE_X46Y71         RAMD32 (Prop_ramd32_RADR1_O)
                                                      0.299     3.819 r  u_output_fifo/data_mem_r_reg_0_15_18_23/RAMC_D1/O
                         net (fo=0)                   0.973     4.792    m_axis_tdata[23]
                                                                      r  m_axis_tdata[23] (OUT)
  -------------------------------------------------------------------    -------------------

Slack:                    inf
  Source:                 u_output_fifo/read_ptr_r_reg[3]/C
                            (rising edge-triggered cell FDCE clocked by aclk  {rise@0.000ns fall@5.000ns period=10.000ns})
  Destination:            m_axis_tdata[10]
                            (output port)
  Path Group:             (none)
  Path Type:              Max at Slow Process Corner
  Data Path Delay:        3.809ns  (logic 0.744ns (19.531%)  route 3.065ns (80.469%))
  Logic Levels:           1  (RAMD32=1)
  Clock Uncertainty:      0.225ns  ((TSJ^2 + TIJ^2)^1/2 + DJ) / 2 + PE + UU
    Total System Jitter     (TSJ):    0.050ns
    Total Input Jitter      (TIJ):    0.000ns
    Discrete Jitter          (DJ):    0.000ns
    Phase Error              (PE):    0.000ns
    User Uncertainty         (UU):    0.200ns

    Location             Delay type                Incr(ns)  Path(ns)    Netlist Resource(s)
  -------------------------------------------------------------------    -------------------
                         (clock aclk rise edge)       0.000     0.000 r  
                                                      0.000     0.000 r  aclk (IN)
                         net (fo=804, unset)          0.973     0.973    u_output_fifo/aclk
    SLICE_X48Y75         FDCE                                         r  u_output_fifo/read_ptr_r_reg[3]/C
  -------------------------------------------------------------------    -------------------
    SLICE_X48Y75         FDCE (Prop_fdce_C_Q)         0.419     1.392 r  u_output_fifo/read_ptr_r_reg[3]/Q
                         net (fo=34, routed)          2.092     3.484    u_output_fifo/data_mem_r_reg_0_15_6_11/ADDRC3
    SLICE_X46Y68         RAMD32 (Prop_ramd32_RADR3_O)
                                                      0.325     3.809 r  u_output_fifo/data_mem_r_reg_0_15_6_11/RAMC/O
                         net (fo=0)                   0.973     4.782    m_axis_tdata[10]
                                                                      r  m_axis_tdata[10] (OUT)
  -------------------------------------------------------------------    -------------------

Slack:                    inf
  Source:                 u_output_fifo/read_ptr_r_reg[3]/C
                            (rising edge-triggered cell FDCE clocked by aclk  {rise@0.000ns fall@5.000ns period=10.000ns})
  Destination:            m_axis_tdata[7]
                            (output port)
  Path Group:             (none)
  Path Type:              Max at Slow Process Corner
  Data Path Delay:        3.804ns  (logic 0.715ns (18.798%)  route 3.089ns (81.202%))
  Logic Levels:           1  (RAMD32=1)
  Clock Uncertainty:      0.225ns  ((TSJ^2 + TIJ^2)^1/2 + DJ) / 2 + PE + UU
    Total System Jitter     (TSJ):    0.050ns
    Total Input Jitter      (TIJ):    0.000ns
    Discrete Jitter          (DJ):    0.000ns
    Phase Error              (PE):    0.000ns
    User Uncertainty         (UU):    0.200ns

    Location             Delay type                Incr(ns)  Path(ns)    Netlist Resource(s)
  -------------------------------------------------------------------    -------------------
                         (clock aclk rise edge)       0.000     0.000 r  
                                                      0.000     0.000 r  aclk (IN)
                         net (fo=804, unset)          0.973     0.973    u_output_fifo/aclk
    SLICE_X48Y75         FDCE                                         r  u_output_fifo/read_ptr_r_reg[3]/C
  -------------------------------------------------------------------    -------------------
    SLICE_X48Y75         FDCE (Prop_fdce_C_Q)         0.419     1.392 r  u_output_fifo/read_ptr_r_reg[3]/Q
                         net (fo=34, routed)          2.116     3.508    u_output_fifo/data_mem_r_reg_0_15_6_11/ADDRA3
    SLICE_X46Y68         RAMD32 (Prop_ramd32_RADR3_O)
                                                      0.296     3.804 r  u_output_fifo/data_mem_r_reg_0_15_6_11/RAMA_D1/O
                         net (fo=0)                   0.973     4.777    m_axis_tdata[7]
                                                                      r  m_axis_tdata[7] (OUT)
  -------------------------------------------------------------------    -------------------

Slack:                    inf
  Source:                 u_output_fifo/read_ptr_r_reg[3]/C
                            (rising edge-triggered cell FDCE clocked by aclk  {rise@0.000ns fall@5.000ns period=10.000ns})
  Destination:            m_axis_tdata[9]
                            (output port)
  Path Group:             (none)
  Path Type:              Max at Slow Process Corner
  Data Path Delay:        3.801ns  (logic 0.715ns (18.813%)  route 3.086ns (81.187%))
  Logic Levels:           1  (RAMD32=1)
  Clock Uncertainty:      0.225ns  ((TSJ^2 + TIJ^2)^1/2 + DJ) / 2 + PE + UU
    Total System Jitter     (TSJ):    0.050ns
    Total Input Jitter      (TIJ):    0.000ns
    Discrete Jitter          (DJ):    0.000ns
    Phase Error              (PE):    0.000ns
    User Uncertainty         (UU):    0.200ns

    Location             Delay type                Incr(ns)  Path(ns)    Netlist Resource(s)
  -------------------------------------------------------------------    -------------------
                         (clock aclk rise edge)       0.000     0.000 r  
                                                      0.000     0.000 r  aclk (IN)
                         net (fo=804, unset)          0.973     0.973    u_output_fifo/aclk
    SLICE_X48Y75         FDCE                                         r  u_output_fifo/read_ptr_r_reg[3]/C
  -------------------------------------------------------------------    -------------------
    SLICE_X48Y75         FDCE (Prop_fdce_C_Q)         0.419     1.392 r  u_output_fifo/read_ptr_r_reg[3]/Q
                         net (fo=34, routed)          2.113     3.505    u_output_fifo/data_mem_r_reg_0_15_6_11/ADDRB3
    SLICE_X46Y68         RAMD32 (Prop_ramd32_RADR3_O)
                                                      0.296     3.801 r  u_output_fifo/data_mem_r_reg_0_15_6_11/RAMB_D1/O
                         net (fo=0)                   0.973     4.774    m_axis_tdata[9]
                                                                      r  m_axis_tdata[9] (OUT)
  -------------------------------------------------------------------    -------------------

Slack:                    inf
  Source:                 u_output_fifo/read_ptr_r_reg[3]/C
                            (rising edge-triggered cell FDCE clocked by aclk  {rise@0.000ns fall@5.000ns period=10.000ns})
  Destination:            m_axis_tdata[11]
                            (output port)
  Path Group:             (none)
  Path Type:              Max at Slow Process Corner
  Data Path Delay:        3.780ns  (logic 0.715ns (18.914%)  route 3.065ns (81.086%))
  Logic Levels:           1  (RAMD32=1)
  Clock Uncertainty:      0.225ns  ((TSJ^2 + TIJ^2)^1/2 + DJ) / 2 + PE + UU
    Total System Jitter     (TSJ):    0.050ns
    Total Input Jitter      (TIJ):    0.000ns
    Discrete Jitter          (DJ):    0.000ns
    Phase Error              (PE):    0.000ns
    User Uncertainty         (UU):    0.200ns

    Location             Delay type                Incr(ns)  Path(ns)    Netlist Resource(s)
  -------------------------------------------------------------------    -------------------
                         (clock aclk rise edge)       0.000     0.000 r  
                                                      0.000     0.000 r  aclk (IN)
                         net (fo=804, unset)          0.973     0.973    u_output_fifo/aclk
    SLICE_X48Y75         FDCE                                         r  u_output_fifo/read_ptr_r_reg[3]/C
  -------------------------------------------------------------------    -------------------
    SLICE_X48Y75         FDCE (Prop_fdce_C_Q)         0.419     1.392 r  u_output_fifo/read_ptr_r_reg[3]/Q
                         net (fo=34, routed)          2.092     3.484    u_output_fifo/data_mem_r_reg_0_15_6_11/ADDRC3
    SLICE_X46Y68         RAMD32 (Prop_ramd32_RADR3_O)
                                                      0.296     3.780 r  u_output_fifo/data_mem_r_reg_0_15_6_11/RAMC_D1/O
                         net (fo=0)                   0.973     4.753    m_axis_tdata[11]
                                                                      r  m_axis_tdata[11] (OUT)
  -------------------------------------------------------------------    -------------------

Slack:                    inf
  Source:                 u_output_fifo/read_ptr_r_reg[3]/C
                            (rising edge-triggered cell FDCE clocked by aclk  {rise@0.000ns fall@5.000ns period=10.000ns})
  Destination:            m_axis_tdata[16]
                            (output port)
  Path Group:             (none)
  Path Type:              Max at Slow Process Corner
  Data Path Delay:        3.653ns  (logic 0.744ns (20.367%)  route 2.909ns (79.633%))
  Logic Levels:           1  (RAMD32=1)
  Clock Uncertainty:      0.225ns  ((TSJ^2 + TIJ^2)^1/2 + DJ) / 2 + PE + UU
    Total System Jitter     (TSJ):    0.050ns
    Total Input Jitter      (TIJ):    0.000ns
    Discrete Jitter          (DJ):    0.000ns
    Phase Error              (PE):    0.000ns
    User Uncertainty         (UU):    0.200ns

    Location             Delay type                Incr(ns)  Path(ns)    Netlist Resource(s)
  -------------------------------------------------------------------    -------------------
                         (clock aclk rise edge)       0.000     0.000 r  
                                                      0.000     0.000 r  aclk (IN)
                         net (fo=804, unset)          0.973     0.973    u_output_fifo/aclk
    SLICE_X48Y75         FDCE                                         r  u_output_fifo/read_ptr_r_reg[3]/C
  -------------------------------------------------------------------    -------------------
    SLICE_X48Y75         FDCE (Prop_fdce_C_Q)         0.419     1.392 r  u_output_fifo/read_ptr_r_reg[3]/Q
                         net (fo=34, routed)          1.936     3.328    u_output_fifo/data_mem_r_reg_0_15_12_17/ADDRC3
    SLICE_X46Y70         RAMD32 (Prop_ramd32_RADR3_O)
                                                      0.325     3.653 r  u_output_fifo/data_mem_r_reg_0_15_12_17/RAMC/O
                         net (fo=0)                   0.973     4.626    m_axis_tdata[16]
                                                                      r  m_axis_tdata[16] (OUT)
  -------------------------------------------------------------------    -------------------

Slack:                    inf
  Source:                 u_output_fifo/read_ptr_r_reg[3]/C
                            (rising edge-triggered cell FDCE clocked by aclk  {rise@0.000ns fall@5.000ns period=10.000ns})
  Destination:            m_axis_tdata[17]
                            (output port)
  Path Group:             (none)
  Path Type:              Max at Slow Process Corner
  Data Path Delay:        3.624ns  (logic 0.715ns (19.729%)  route 2.909ns (80.271%))
  Logic Levels:           1  (RAMD32=1)
  Clock Uncertainty:      0.225ns  ((TSJ^2 + TIJ^2)^1/2 + DJ) / 2 + PE + UU
    Total System Jitter     (TSJ):    0.050ns
    Total Input Jitter      (TIJ):    0.000ns
    Discrete Jitter          (DJ):    0.000ns
    Phase Error              (PE):    0.000ns
    User Uncertainty         (UU):    0.200ns

    Location             Delay type                Incr(ns)  Path(ns)    Netlist Resource(s)
  -------------------------------------------------------------------    -------------------
                         (clock aclk rise edge)       0.000     0.000 r  
                                                      0.000     0.000 r  aclk (IN)
                         net (fo=804, unset)          0.973     0.973    u_output_fifo/aclk
    SLICE_X48Y75         FDCE                                         r  u_output_fifo/read_ptr_r_reg[3]/C
  -------------------------------------------------------------------    -------------------
    SLICE_X48Y75         FDCE (Prop_fdce_C_Q)         0.419     1.392 r  u_output_fifo/read_ptr_r_reg[3]/Q
                         net (fo=34, routed)          1.936     3.328    u_output_fifo/data_mem_r_reg_0_15_12_17/ADDRC3
    SLICE_X46Y70         RAMD32 (Prop_ramd32_RADR3_O)
                                                      0.296     3.624 r  u_output_fifo/data_mem_r_reg_0_15_12_17/RAMC_D1/O
                         net (fo=0)                   0.973     4.597    m_axis_tdata[17]
                                                                      r  m_axis_tdata[17] (OUT)
  -------------------------------------------------------------------    -------------------





Min Delay Paths
--------------------------------------------------------------------------------------
Slack:                    inf
  Source:                 done_sticky_r_reg/C
                            (rising edge-triggered cell FDCE clocked by aclk  {rise@0.000ns fall@5.000ns period=10.000ns})
  Destination:            irq
                            (output port)
  Path Group:             (none)
  Path Type:              Min at Fast Process Corner
  Data Path Delay:        0.551ns  (logic 0.141ns (25.583%)  route 0.410ns (74.417%))
  Logic Levels:           0  
  Clock Uncertainty:      0.225ns  ((TSJ^2 + TIJ^2)^1/2 + DJ) / 2 + PE + UU
    Total System Jitter     (TSJ):    0.050ns
    Total Input Jitter      (TIJ):    0.000ns
    Discrete Jitter          (DJ):    0.000ns
    Phase Error              (PE):    0.000ns
    User Uncertainty         (UU):    0.200ns

    Location             Delay type                Incr(ns)  Path(ns)    Netlist Resource(s)
  -------------------------------------------------------------------    -------------------
                         (clock aclk rise edge)       0.000     0.000 r  
                                                      0.000     0.000 r  aclk (IN)
                         net (fo=804, unset)          0.410     0.410    aclk
    SLICE_X57Y79         FDCE                                         r  done_sticky_r_reg/C
  -------------------------------------------------------------------    -------------------
    SLICE_X57Y79         FDCE (Prop_fdce_C_Q)         0.141     0.551 r  done_sticky_r_reg/Q
                         net (fo=2, unset)            0.410     0.961    irq
                                                                      r  irq (OUT)
  -------------------------------------------------------------------    -------------------

Slack:                    inf
  Source:                 s_axi_bvalid_reg/C
                            (rising edge-triggered cell FDCE clocked by aclk  {rise@0.000ns fall@5.000ns period=10.000ns})
  Destination:            s_axi_bvalid
                            (output port)
  Path Group:             (none)
  Path Type:              Min at Fast Process Corner
  Data Path Delay:        0.551ns  (logic 0.141ns (25.583%)  route 0.410ns (74.417%))
  Logic Levels:           0  
  Clock Uncertainty:      0.225ns  ((TSJ^2 + TIJ^2)^1/2 + DJ) / 2 + PE + UU
    Total System Jitter     (TSJ):    0.050ns
    Total Input Jitter      (TIJ):    0.000ns
    Discrete Jitter          (DJ):    0.000ns
    Phase Error              (PE):    0.000ns
    User Uncertainty         (UU):    0.200ns

    Location             Delay type                Incr(ns)  Path(ns)    Netlist Resource(s)
  -------------------------------------------------------------------    -------------------
                         (clock aclk rise edge)       0.000     0.000 r  
                                                      0.000     0.000 r  aclk (IN)
                         net (fo=804, unset)          0.410     0.410    aclk
    SLICE_X65Y79         FDCE                                         r  s_axi_bvalid_reg/C
  -------------------------------------------------------------------    -------------------
    SLICE_X65Y79         FDCE (Prop_fdce_C_Q)         0.141     0.551 r  s_axi_bvalid_reg/Q
                         net (fo=12, unset)           0.410     0.961    s_axi_bvalid
                                                                      r  s_axi_bvalid (OUT)
  -------------------------------------------------------------------    -------------------

Slack:                    inf
  Source:                 s_axi_rdata_reg[0]/C
                            (rising edge-triggered cell FDCE clocked by aclk  {rise@0.000ns fall@5.000ns period=10.000ns})
  Destination:            s_axi_rdata[0]
                            (output port)
  Path Group:             (none)
  Path Type:              Min at Fast Process Corner
  Data Path Delay:        0.551ns  (logic 0.141ns (25.583%)  route 0.410ns (74.417%))
  Logic Levels:           0  
  Clock Uncertainty:      0.225ns  ((TSJ^2 + TIJ^2)^1/2 + DJ) / 2 + PE + UU
    Total System Jitter     (TSJ):    0.050ns
    Total Input Jitter      (TIJ):    0.000ns
    Discrete Jitter          (DJ):    0.000ns
    Phase Error              (PE):    0.000ns
    User Uncertainty         (UU):    0.200ns

    Location             Delay type                Incr(ns)  Path(ns)    Netlist Resource(s)
  -------------------------------------------------------------------    -------------------
                         (clock aclk rise edge)       0.000     0.000 r  
                                                      0.000     0.000 r  aclk (IN)
                         net (fo=804, unset)          0.410     0.410    aclk
    SLICE_X59Y76         FDCE                                         r  s_axi_rdata_reg[0]/C
  -------------------------------------------------------------------    -------------------
    SLICE_X59Y76         FDCE (Prop_fdce_C_Q)         0.141     0.551 r  s_axi_rdata_reg[0]/Q
                         net (fo=0)                   0.410     0.961    s_axi_rdata[0]
                                                                      r  s_axi_rdata[0] (OUT)
  -------------------------------------------------------------------    -------------------

Slack:                    inf
  Source:                 s_axi_rdata_reg[10]/C
                            (rising edge-triggered cell FDCE clocked by aclk  {rise@0.000ns fall@5.000ns period=10.000ns})
  Destination:            s_axi_rdata[10]
                            (output port)
  Path Group:             (none)
  Path Type:              Min at Fast Process Corner
  Data Path Delay:        0.551ns  (logic 0.141ns (25.583%)  route 0.410ns (74.417%))
  Logic Levels:           0  
  Clock Uncertainty:      0.225ns  ((TSJ^2 + TIJ^2)^1/2 + DJ) / 2 + PE + UU
    Total System Jitter     (TSJ):    0.050ns
    Total Input Jitter      (TIJ):    0.000ns
    Discrete Jitter          (DJ):    0.000ns
    Phase Error              (PE):    0.000ns
    User Uncertainty         (UU):    0.200ns

    Location             Delay type                Incr(ns)  Path(ns)    Netlist Resource(s)
  -------------------------------------------------------------------    -------------------
                         (clock aclk rise edge)       0.000     0.000 r  
                                                      0.000     0.000 r  aclk (IN)
                         net (fo=804, unset)          0.410     0.410    aclk
    SLICE_X64Y78         FDCE                                         r  s_axi_rdata_reg[10]/C
  -------------------------------------------------------------------    -------------------
    SLICE_X64Y78         FDCE (Prop_fdce_C_Q)         0.141     0.551 r  s_axi_rdata_reg[10]/Q
                         net (fo=0)                   0.410     0.961    s_axi_rdata[10]
                                                                      r  s_axi_rdata[10] (OUT)
  -------------------------------------------------------------------    -------------------

Slack:                    inf
  Source:                 s_axi_rdata_reg[11]/C
                            (rising edge-triggered cell FDCE clocked by aclk  {rise@0.000ns fall@5.000ns period=10.000ns})
  Destination:            s_axi_rdata[11]
                            (output port)
  Path Group:             (none)
  Path Type:              Min at Fast Process Corner
  Data Path Delay:        0.551ns  (logic 0.141ns (25.583%)  route 0.410ns (74.417%))
  Logic Levels:           0  
  Clock Uncertainty:      0.225ns  ((TSJ^2 + TIJ^2)^1/2 + DJ) / 2 + PE + UU
    Total System Jitter     (TSJ):    0.050ns
    Total Input Jitter      (TIJ):    0.000ns
    Discrete Jitter          (DJ):    0.000ns
    Phase Error              (PE):    0.000ns
    User Uncertainty         (UU):    0.200ns

    Location             Delay type                Incr(ns)  Path(ns)    Netlist Resource(s)
  -------------------------------------------------------------------    -------------------
                         (clock aclk rise edge)       0.000     0.000 r  
                                                      0.000     0.000 r  aclk (IN)
                         net (fo=804, unset)          0.410     0.410    aclk
    SLICE_X61Y78         FDCE                                         r  s_axi_rdata_reg[11]/C
  -------------------------------------------------------------------    -------------------
    SLICE_X61Y78         FDCE (Prop_fdce_C_Q)         0.141     0.551 r  s_axi_rdata_reg[11]/Q
                         net (fo=0)                   0.410     0.961    s_axi_rdata[11]
                                                                      r  s_axi_rdata[11] (OUT)
  -------------------------------------------------------------------    -------------------

Slack:                    inf
  Source:                 s_axi_rdata_reg[12]/C
                            (rising edge-triggered cell FDCE clocked by aclk  {rise@0.000ns fall@5.000ns period=10.000ns})
  Destination:            s_axi_rdata[12]
                            (output port)
  Path Group:             (none)
  Path Type:              Min at Fast Process Corner
  Data Path Delay:        0.551ns  (logic 0.141ns (25.583%)  route 0.410ns (74.417%))
  Logic Levels:           0  
  Clock Uncertainty:      0.225ns  ((TSJ^2 + TIJ^2)^1/2 + DJ) / 2 + PE + UU
    Total System Jitter     (TSJ):    0.050ns
    Total Input Jitter      (TIJ):    0.000ns
    Discrete Jitter          (DJ):    0.000ns
    Phase Error              (PE):    0.000ns
    User Uncertainty         (UU):    0.200ns

    Location             Delay type                Incr(ns)  Path(ns)    Netlist Resource(s)
  -------------------------------------------------------------------    -------------------
                         (clock aclk rise edge)       0.000     0.000 r  
                                                      0.000     0.000 r  aclk (IN)
                         net (fo=804, unset)          0.410     0.410    aclk
    SLICE_X61Y78         FDCE                                         r  s_axi_rdata_reg[12]/C
  -------------------------------------------------------------------    -------------------
    SLICE_X61Y78         FDCE (Prop_fdce_C_Q)         0.141     0.551 r  s_axi_rdata_reg[12]/Q
                         net (fo=0)                   0.410     0.961    s_axi_rdata[12]
                                                                      r  s_axi_rdata[12] (OUT)
  -------------------------------------------------------------------    -------------------

Slack:                    inf
  Source:                 s_axi_rdata_reg[13]/C
                            (rising edge-triggered cell FDCE clocked by aclk  {rise@0.000ns fall@5.000ns period=10.000ns})
  Destination:            s_axi_rdata[13]
                            (output port)
  Path Group:             (none)
  Path Type:              Min at Fast Process Corner
  Data Path Delay:        0.551ns  (logic 0.141ns (25.583%)  route 0.410ns (74.417%))
  Logic Levels:           0  
  Clock Uncertainty:      0.225ns  ((TSJ^2 + TIJ^2)^1/2 + DJ) / 2 + PE + UU
    Total System Jitter     (TSJ):    0.050ns
    Total Input Jitter      (TIJ):    0.000ns
    Discrete Jitter          (DJ):    0.000ns
    Phase Error              (PE):    0.000ns
    User Uncertainty         (UU):    0.200ns

    Location             Delay type                Incr(ns)  Path(ns)    Netlist Resource(s)
  -------------------------------------------------------------------    -------------------
                         (clock aclk rise edge)       0.000     0.000 r  
                                                      0.000     0.000 r  aclk (IN)
                         net (fo=804, unset)          0.410     0.410    aclk
    SLICE_X61Y79         FDCE                                         r  s_axi_rdata_reg[13]/C
  -------------------------------------------------------------------    -------------------
    SLICE_X61Y79         FDCE (Prop_fdce_C_Q)         0.141     0.551 r  s_axi_rdata_reg[13]/Q
                         net (fo=0)                   0.410     0.961    s_axi_rdata[13]
                                                                      r  s_axi_rdata[13] (OUT)
  -------------------------------------------------------------------    -------------------

Slack:                    inf
  Source:                 s_axi_rdata_reg[15]/C
                            (rising edge-triggered cell FDCE clocked by aclk  {rise@0.000ns fall@5.000ns period=10.000ns})
  Destination:            s_axi_rdata[15]
                            (output port)
  Path Group:             (none)
  Path Type:              Min at Fast Process Corner
  Data Path Delay:        0.551ns  (logic 0.141ns (25.583%)  route 0.410ns (74.417%))
  Logic Levels:           0  
  Clock Uncertainty:      0.225ns  ((TSJ^2 + TIJ^2)^1/2 + DJ) / 2 + PE + UU
    Total System Jitter     (TSJ):    0.050ns
    Total Input Jitter      (TIJ):    0.000ns
    Discrete Jitter          (DJ):    0.000ns
    Phase Error              (PE):    0.000ns
    User Uncertainty         (UU):    0.200ns

    Location             Delay type                Incr(ns)  Path(ns)    Netlist Resource(s)
  -------------------------------------------------------------------    -------------------
                         (clock aclk rise edge)       0.000     0.000 r  
                                                      0.000     0.000 r  aclk (IN)
                         net (fo=804, unset)          0.410     0.410    aclk
    SLICE_X61Y79         FDCE                                         r  s_axi_rdata_reg[15]/C
  -------------------------------------------------------------------    -------------------
    SLICE_X61Y79         FDCE (Prop_fdce_C_Q)         0.141     0.551 r  s_axi_rdata_reg[15]/Q
                         net (fo=0)                   0.410     0.961    s_axi_rdata[15]
                                                                      r  s_axi_rdata[15] (OUT)
  -------------------------------------------------------------------    -------------------

Slack:                    inf
  Source:                 s_axi_rdata_reg[16]/C
                            (rising edge-triggered cell FDCE clocked by aclk  {rise@0.000ns fall@5.000ns period=10.000ns})
  Destination:            s_axi_rdata[16]
                            (output port)
  Path Group:             (none)
  Path Type:              Min at Fast Process Corner
  Data Path Delay:        0.551ns  (logic 0.141ns (25.583%)  route 0.410ns (74.417%))
  Logic Levels:           0  
  Clock Uncertainty:      0.225ns  ((TSJ^2 + TIJ^2)^1/2 + DJ) / 2 + PE + UU
    Total System Jitter     (TSJ):    0.050ns
    Total Input Jitter      (TIJ):    0.000ns
    Discrete Jitter          (DJ):    0.000ns
    Phase Error              (PE):    0.000ns
    User Uncertainty         (UU):    0.200ns

    Location             Delay type                Incr(ns)  Path(ns)    Netlist Resource(s)
  -------------------------------------------------------------------    -------------------
                         (clock aclk rise edge)       0.000     0.000 r  
                                                      0.000     0.000 r  aclk (IN)
                         net (fo=804, unset)          0.410     0.410    aclk
    SLICE_X61Y79         FDCE                                         r  s_axi_rdata_reg[16]/C
  -------------------------------------------------------------------    -------------------
    SLICE_X61Y79         FDCE (Prop_fdce_C_Q)         0.141     0.551 r  s_axi_rdata_reg[16]/Q
                         net (fo=0)                   0.410     0.961    s_axi_rdata[16]
                                                                      r  s_axi_rdata[16] (OUT)
  -------------------------------------------------------------------    -------------------

Slack:                    inf
  Source:                 s_axi_rdata_reg[1]/C
                            (rising edge-triggered cell FDCE clocked by aclk  {rise@0.000ns fall@5.000ns period=10.000ns})
  Destination:            s_axi_rdata[1]
                            (output port)
  Path Group:             (none)
  Path Type:              Min at Fast Process Corner
  Data Path Delay:        0.551ns  (logic 0.141ns (25.583%)  route 0.410ns (74.417%))
  Logic Levels:           0  
  Clock Uncertainty:      0.225ns  ((TSJ^2 + TIJ^2)^1/2 + DJ) / 2 + PE + UU
    Total System Jitter     (TSJ):    0.050ns
    Total Input Jitter      (TIJ):    0.000ns
    Discrete Jitter          (DJ):    0.000ns
    Phase Error              (PE):    0.000ns
    User Uncertainty         (UU):    0.200ns

    Location             Delay type                Incr(ns)  Path(ns)    Netlist Resource(s)
  -------------------------------------------------------------------    -------------------
                         (clock aclk rise edge)       0.000     0.000 r  
                                                      0.000     0.000 r  aclk (IN)
                         net (fo=804, unset)          0.410     0.410    aclk
    SLICE_X56Y77         FDCE                                         r  s_axi_rdata_reg[1]/C
  -------------------------------------------------------------------    -------------------
    SLICE_X56Y77         FDCE (Prop_fdce_C_Q)         0.141     0.551 r  s_axi_rdata_reg[1]/Q
                         net (fo=0)                   0.410     0.961    s_axi_rdata[1]
                                                                      r  s_axi_rdata[1] (OUT)
  -------------------------------------------------------------------    -------------------

Slack:                    inf
  Source:                 s_axi_rdata_reg[20]/C
                            (rising edge-triggered cell FDCE clocked by aclk  {rise@0.000ns fall@5.000ns period=10.000ns})
  Destination:            s_axi_rdata[20]
                            (output port)
  Path Group:             (none)
  Path Type:              Min at Fast Process Corner
  Data Path Delay:        0.551ns  (logic 0.141ns (25.583%)  route 0.410ns (74.417%))
  Logic Levels:           0  
  Clock Uncertainty:      0.225ns  ((TSJ^2 + TIJ^2)^1/2 + DJ) / 2 + PE + UU
    Total System Jitter     (TSJ):    0.050ns
    Total Input Jitter      (TIJ):    0.000ns
    Discrete Jitter          (DJ):    0.000ns
    Phase Error              (PE):    0.000ns
    User Uncertainty         (UU):    0.200ns

    Location             Delay type                Incr(ns)  Path(ns)    Netlist Resource(s)
  -------------------------------------------------------------------    -------------------
                         (clock aclk rise edge)       0.000     0.000 r  
                                                      0.000     0.000 r  aclk (IN)
                         net (fo=804, unset)          0.410     0.410    aclk
    SLICE_X61Y79         FDCE                                         r  s_axi_rdata_reg[20]/C
  -------------------------------------------------------------------    -------------------
    SLICE_X61Y79         FDCE (Prop_fdce_C_Q)         0.141     0.551 r  s_axi_rdata_reg[20]/Q
                         net (fo=0)                   0.410     0.961    s_axi_rdata[20]
                                                                      r  s_axi_rdata[20] (OUT)
  -------------------------------------------------------------------    -------------------

Slack:                    inf
  Source:                 s_axi_rdata_reg[22]/C
                            (rising edge-triggered cell FDCE clocked by aclk  {rise@0.000ns fall@5.000ns period=10.000ns})
  Destination:            s_axi_rdata[22]
                            (output port)
  Path Group:             (none)
  Path Type:              Min at Fast Process Corner
  Data Path Delay:        0.551ns  (logic 0.141ns (25.583%)  route 0.410ns (74.417%))
  Logic Levels:           0  
  Clock Uncertainty:      0.225ns  ((TSJ^2 + TIJ^2)^1/2 + DJ) / 2 + PE + UU
    Total System Jitter     (TSJ):    0.050ns
    Total Input Jitter      (TIJ):    0.000ns
    Discrete Jitter          (DJ):    0.000ns
    Phase Error              (PE):    0.000ns
    User Uncertainty         (UU):    0.200ns

    Location             Delay type                Incr(ns)  Path(ns)    Netlist Resource(s)
  -------------------------------------------------------------------    -------------------
                         (clock aclk rise edge)       0.000     0.000 r  
                                                      0.000     0.000 r  aclk (IN)
                         net (fo=804, unset)          0.410     0.410    aclk
    SLICE_X61Y81         FDCE                                         r  s_axi_rdata_reg[22]/C
  -------------------------------------------------------------------    -------------------
    SLICE_X61Y81         FDCE (Prop_fdce_C_Q)         0.141     0.551 r  s_axi_rdata_reg[22]/Q
                         net (fo=0)                   0.410     0.961    s_axi_rdata[22]
                                                                      r  s_axi_rdata[22] (OUT)
  -------------------------------------------------------------------    -------------------

Slack:                    inf
  Source:                 s_axi_rdata_reg[23]/C
                            (rising edge-triggered cell FDCE clocked by aclk  {rise@0.000ns fall@5.000ns period=10.000ns})
  Destination:            s_axi_rdata[23]
                            (output port)
  Path Group:             (none)
  Path Type:              Min at Fast Process Corner
  Data Path Delay:        0.551ns  (logic 0.141ns (25.583%)  route 0.410ns (74.417%))
  Logic Levels:           0  
  Clock Uncertainty:      0.225ns  ((TSJ^2 + TIJ^2)^1/2 + DJ) / 2 + PE + UU
    Total System Jitter     (TSJ):    0.050ns
    Total Input Jitter      (TIJ):    0.000ns
    Discrete Jitter          (DJ):    0.000ns
    Phase Error              (PE):    0.000ns
    User Uncertainty         (UU):    0.200ns

    Location             Delay type                Incr(ns)  Path(ns)    Netlist Resource(s)
  -------------------------------------------------------------------    -------------------
                         (clock aclk rise edge)       0.000     0.000 r  
                                                      0.000     0.000 r  aclk (IN)
                         net (fo=804, unset)          0.410     0.410    aclk
    SLICE_X61Y81         FDCE                                         r  s_axi_rdata_reg[23]/C
  -------------------------------------------------------------------    -------------------
    SLICE_X61Y81         FDCE (Prop_fdce_C_Q)         0.141     0.551 r  s_axi_rdata_reg[23]/Q
                         net (fo=0)                   0.410     0.961    s_axi_rdata[23]
                                                                      r  s_axi_rdata[23] (OUT)
  -------------------------------------------------------------------    -------------------

Slack:                    inf
  Source:                 s_axi_rdata_reg[24]/C
                            (rising edge-triggered cell FDCE clocked by aclk  {rise@0.000ns fall@5.000ns period=10.000ns})
  Destination:            s_axi_rdata[24]
                            (output port)
  Path Group:             (none)
  Path Type:              Min at Fast Process Corner
  Data Path Delay:        0.551ns  (logic 0.141ns (25.583%)  route 0.410ns (74.417%))
  Logic Levels:           0  
  Clock Uncertainty:      0.225ns  ((TSJ^2 + TIJ^2)^1/2 + DJ) / 2 + PE + UU
    Total System Jitter     (TSJ):    0.050ns
    Total Input Jitter      (TIJ):    0.000ns
    Discrete Jitter          (DJ):    0.000ns
    Phase Error              (PE):    0.000ns
    User Uncertainty         (UU):    0.200ns

    Location             Delay type                Incr(ns)  Path(ns)    Netlist Resource(s)
  -------------------------------------------------------------------    -------------------
                         (clock aclk rise edge)       0.000     0.000 r  
                                                      0.000     0.000 r  aclk (IN)
                         net (fo=804, unset)          0.410     0.410    aclk
    SLICE_X61Y81         FDCE                                         r  s_axi_rdata_reg[24]/C
  -------------------------------------------------------------------    -------------------
    SLICE_X61Y81         FDCE (Prop_fdce_C_Q)         0.141     0.551 r  s_axi_rdata_reg[24]/Q
                         net (fo=0)                   0.410     0.961    s_axi_rdata[24]
                                                                      r  s_axi_rdata[24] (OUT)
  -------------------------------------------------------------------    -------------------

Slack:                    inf
  Source:                 s_axi_rdata_reg[25]/C
                            (rising edge-triggered cell FDCE clocked by aclk  {rise@0.000ns fall@5.000ns period=10.000ns})
  Destination:            s_axi_rdata[25]
                            (output port)
  Path Group:             (none)
  Path Type:              Min at Fast Process Corner
  Data Path Delay:        0.551ns  (logic 0.141ns (25.583%)  route 0.410ns (74.417%))
  Logic Levels:           0  
  Clock Uncertainty:      0.225ns  ((TSJ^2 + TIJ^2)^1/2 + DJ) / 2 + PE + UU
    Total System Jitter     (TSJ):    0.050ns
    Total Input Jitter      (TIJ):    0.000ns
    Discrete Jitter          (DJ):    0.000ns
    Phase Error              (PE):    0.000ns
    User Uncertainty         (UU):    0.200ns

    Location             Delay type                Incr(ns)  Path(ns)    Netlist Resource(s)
  -------------------------------------------------------------------    -------------------
                         (clock aclk rise edge)       0.000     0.000 r  
                                                      0.000     0.000 r  aclk (IN)
                         net (fo=804, unset)          0.410     0.410    aclk
    SLICE_X61Y81         FDCE                                         r  s_axi_rdata_reg[25]/C
  -------------------------------------------------------------------    -------------------
    SLICE_X61Y81         FDCE (Prop_fdce_C_Q)         0.141     0.551 r  s_axi_rdata_reg[25]/Q
                         net (fo=0)                   0.410     0.961    s_axi_rdata[25]
                                                                      r  s_axi_rdata[25] (OUT)
  -------------------------------------------------------------------    -------------------

Slack:                    inf
  Source:                 s_axi_rdata_reg[26]/C
                            (rising edge-triggered cell FDCE clocked by aclk  {rise@0.000ns fall@5.000ns period=10.000ns})
  Destination:            s_axi_rdata[26]
                            (output port)
  Path Group:             (none)
  Path Type:              Min at Fast Process Corner
  Data Path Delay:        0.551ns  (logic 0.141ns (25.583%)  route 0.410ns (74.417%))
  Logic Levels:           0  
  Clock Uncertainty:      0.225ns  ((TSJ^2 + TIJ^2)^1/2 + DJ) / 2 + PE + UU
    Total System Jitter     (TSJ):    0.050ns
    Total Input Jitter      (TIJ):    0.000ns
    Discrete Jitter          (DJ):    0.000ns
    Phase Error              (PE):    0.000ns
    User Uncertainty         (UU):    0.200ns

    Location             Delay type                Incr(ns)  Path(ns)    Netlist Resource(s)
  -------------------------------------------------------------------    -------------------
                         (clock aclk rise edge)       0.000     0.000 r  
                                                      0.000     0.000 r  aclk (IN)
                         net (fo=804, unset)          0.410     0.410    aclk
    SLICE_X63Y82         FDCE                                         r  s_axi_rdata_reg[26]/C
  -------------------------------------------------------------------    -------------------
    SLICE_X63Y82         FDCE (Prop_fdce_C_Q)         0.141     0.551 r  s_axi_rdata_reg[26]/Q
                         net (fo=0)                   0.410     0.961    s_axi_rdata[26]
                                                                      r  s_axi_rdata[26] (OUT)
  -------------------------------------------------------------------    -------------------

Slack:                    inf
  Source:                 s_axi_rdata_reg[27]/C
                            (rising edge-triggered cell FDCE clocked by aclk  {rise@0.000ns fall@5.000ns period=10.000ns})
  Destination:            s_axi_rdata[27]
                            (output port)
  Path Group:             (none)
  Path Type:              Min at Fast Process Corner
  Data Path Delay:        0.551ns  (logic 0.141ns (25.583%)  route 0.410ns (74.417%))
  Logic Levels:           0  
  Clock Uncertainty:      0.225ns  ((TSJ^2 + TIJ^2)^1/2 + DJ) / 2 + PE + UU
    Total System Jitter     (TSJ):    0.050ns
    Total Input Jitter      (TIJ):    0.000ns
    Discrete Jitter          (DJ):    0.000ns
    Phase Error              (PE):    0.000ns
    User Uncertainty         (UU):    0.200ns

    Location             Delay type                Incr(ns)  Path(ns)    Netlist Resource(s)
  -------------------------------------------------------------------    -------------------
                         (clock aclk rise edge)       0.000     0.000 r  
                                                      0.000     0.000 r  aclk (IN)
                         net (fo=804, unset)          0.410     0.410    aclk
    SLICE_X61Y82         FDCE                                         r  s_axi_rdata_reg[27]/C
  -------------------------------------------------------------------    -------------------
    SLICE_X61Y82         FDCE (Prop_fdce_C_Q)         0.141     0.551 r  s_axi_rdata_reg[27]/Q
                         net (fo=0)                   0.410     0.961    s_axi_rdata[27]
                                                                      r  s_axi_rdata[27] (OUT)
  -------------------------------------------------------------------    -------------------

Slack:                    inf
  Source:                 s_axi_rdata_reg[28]/C
                            (rising edge-triggered cell FDCE clocked by aclk  {rise@0.000ns fall@5.000ns period=10.000ns})
  Destination:            s_axi_rdata[28]
                            (output port)
  Path Group:             (none)
  Path Type:              Min at Fast Process Corner
  Data Path Delay:        0.551ns  (logic 0.141ns (25.583%)  route 0.410ns (74.417%))
  Logic Levels:           0  
  Clock Uncertainty:      0.225ns  ((TSJ^2 + TIJ^2)^1/2 + DJ) / 2 + PE + UU
    Total System Jitter     (TSJ):    0.050ns
    Total Input Jitter      (TIJ):    0.000ns
    Discrete Jitter          (DJ):    0.000ns
    Phase Error              (PE):    0.000ns
    User Uncertainty         (UU):    0.200ns

    Location             Delay type                Incr(ns)  Path(ns)    Netlist Resource(s)
  -------------------------------------------------------------------    -------------------
                         (clock aclk rise edge)       0.000     0.000 r  
                                                      0.000     0.000 r  aclk (IN)
                         net (fo=804, unset)          0.410     0.410    aclk
    SLICE_X61Y82         FDCE                                         r  s_axi_rdata_reg[28]/C
  -------------------------------------------------------------------    -------------------
    SLICE_X61Y82         FDCE (Prop_fdce_C_Q)         0.141     0.551 r  s_axi_rdata_reg[28]/Q
                         net (fo=0)                   0.410     0.961    s_axi_rdata[28]
                                                                      r  s_axi_rdata[28] (OUT)
  -------------------------------------------------------------------    -------------------

Slack:                    inf
  Source:                 s_axi_rdata_reg[29]/C
                            (rising edge-triggered cell FDCE clocked by aclk  {rise@0.000ns fall@5.000ns period=10.000ns})
  Destination:            s_axi_rdata[29]
                            (output port)
  Path Group:             (none)
  Path Type:              Min at Fast Process Corner
  Data Path Delay:        0.551ns  (logic 0.141ns (25.583%)  route 0.410ns (74.417%))
  Logic Levels:           0  
  Clock Uncertainty:      0.225ns  ((TSJ^2 + TIJ^2)^1/2 + DJ) / 2 + PE + UU
    Total System Jitter     (TSJ):    0.050ns
    Total Input Jitter      (TIJ):    0.000ns
    Discrete Jitter          (DJ):    0.000ns
    Phase Error              (PE):    0.000ns
    User Uncertainty         (UU):    0.200ns

    Location             Delay type                Incr(ns)  Path(ns)    Netlist Resource(s)
  -------------------------------------------------------------------    -------------------
                         (clock aclk rise edge)       0.000     0.000 r  
                                                      0.000     0.000 r  aclk (IN)
                         net (fo=804, unset)          0.410     0.410    aclk
    SLICE_X61Y82         FDCE                                         r  s_axi_rdata_reg[29]/C
  -------------------------------------------------------------------    -------------------
    SLICE_X61Y82         FDCE (Prop_fdce_C_Q)         0.141     0.551 r  s_axi_rdata_reg[29]/Q
                         net (fo=0)                   0.410     0.961    s_axi_rdata[29]
                                                                      r  s_axi_rdata[29] (OUT)
  -------------------------------------------------------------------    -------------------

Slack:                    inf
  Source:                 s_axi_rdata_reg[2]/C
                            (rising edge-triggered cell FDCE clocked by aclk  {rise@0.000ns fall@5.000ns period=10.000ns})
  Destination:            s_axi_rdata[2]
                            (output port)
  Path Group:             (none)
  Path Type:              Min at Fast Process Corner
  Data Path Delay:        0.551ns  (logic 0.141ns (25.583%)  route 0.410ns (74.417%))
  Logic Levels:           0  
  Clock Uncertainty:      0.225ns  ((TSJ^2 + TIJ^2)^1/2 + DJ) / 2 + PE + UU
    Total System Jitter     (TSJ):    0.050ns
    Total Input Jitter      (TIJ):    0.000ns
    Discrete Jitter          (DJ):    0.000ns
    Phase Error              (PE):    0.000ns
    User Uncertainty         (UU):    0.200ns

    Location             Delay type                Incr(ns)  Path(ns)    Netlist Resource(s)
  -------------------------------------------------------------------    -------------------
                         (clock aclk rise edge)       0.000     0.000 r  
                                                      0.000     0.000 r  aclk (IN)
                         net (fo=804, unset)          0.410     0.410    aclk
    SLICE_X59Y76         FDCE                                         r  s_axi_rdata_reg[2]/C
  -------------------------------------------------------------------    -------------------
    SLICE_X59Y76         FDCE (Prop_fdce_C_Q)         0.141     0.551 r  s_axi_rdata_reg[2]/Q
                         net (fo=0)                   0.410     0.961    s_axi_rdata[2]
                                                                      r  s_axi_rdata[2] (OUT)
  -------------------------------------------------------------------    -------------------





--------------------------------------------------------------------------------------
Path Group:  (none)
From Clock:  
  To Clock:  aclk

Max Delay          1163 Endpoints
Min Delay          1163 Endpoints
--------------------------------------------------------------------------------------


Max Delay Paths
--------------------------------------------------------------------------------------
Slack:                    inf
  Source:                 s_axi_wstrb[0]
                            (input port)
  Destination:            u_output_fifo/data_mem_r_reg_0_15_0_5/RAMA/WE
                            (rising edge-triggered cell RAMD32 clocked by aclk  {rise@0.000ns fall@5.000ns period=10.000ns})
  Path Group:             (none)
  Path Type:              Setup (Max at Slow Process Corner)
  Data Path Delay:        5.610ns  (logic 0.496ns (8.842%)  route 5.114ns (91.158%))
  Logic Levels:           4  (LUT4=2 LUT6=2)
  Clock Path Skew:        0.924ns (DCD - SCD + CPR)
    Destination Clock Delay (DCD):    0.924ns
    Source Clock Delay      (SCD):    0.000ns
    Clock Pessimism Removal (CPR):    0.000ns
  Clock Uncertainty:      0.225ns  ((TSJ^2 + TIJ^2)^1/2 + DJ) / 2 + PE + UU
    Total System Jitter     (TSJ):    0.050ns
    Total Input Jitter      (TIJ):    0.000ns
    Discrete Jitter          (DJ):    0.000ns
    Phase Error              (PE):    0.000ns
    User Uncertainty         (UU):    0.200ns

    Location             Delay type                Incr(ns)  Path(ns)    Netlist Resource(s)
  -------------------------------------------------------------------    -------------------
                                                      0.000     0.000 f  s_axi_wstrb[0] (IN)
                         net (fo=3, unset)            0.973     0.973    u_output_fifo/s_axi_wstrb[0]
    SLICE_X64Y79         LUT4 (Prop_lut4_I3_O)        0.124     1.097 f  u_output_fifo/data_mem_r_reg_0_15_30_31_i_6/O
                         net (fo=3, routed)           0.903     2.000    u_output_fifo/w_pending_r_reg
    SLICE_X64Y79         LUT6 (Prop_lut6_I0_O)        0.124     2.124 f  u_output_fifo/data_mem_r_reg_0_15_30_31_i_3/O
                         net (fo=7, routed)           0.801     2.925    u_output_fifo/s_axi_wdata_2_sn_1
    SLICE_X59Y78         LUT6 (Prop_lut6_I0_O)        0.124     3.049 f  u_output_fifo/data_mem_r_reg_0_15_30_31_i_2/O
                         net (fo=17, routed)          1.547     4.597    u_output_fifo/fifo_clear_w
    SLICE_X50Y75         LUT4 (Prop_lut4_I0_O)        0.124     4.721 r  u_output_fifo/data_mem_r_reg_0_15_30_31_i_1/O
                         net (fo=46, routed)          0.889     5.610    u_output_fifo/data_mem_r_reg_0_15_0_5/WE
    SLICE_X46Y67         RAMD32                                       r  u_output_fifo/data_mem_r_reg_0_15_0_5/RAMA/WE
  -------------------------------------------------------------------    -------------------

                         (clock aclk rise edge)       0.000     0.000 r  
                                                      0.000     0.000 r  aclk (IN)
                         net (fo=804, unset)          0.924     0.924    u_output_fifo/data_mem_r_reg_0_15_0_5/WCLK
    SLICE_X46Y67         RAMD32                                       r  u_output_fifo/data_mem_r_reg_0_15_0_5/RAMA/CLK

Slack:                    inf
  Source:                 s_axi_wstrb[0]
                            (input port)
  Destination:            u_output_fifo/data_mem_r_reg_0_15_0_5/RAMA_D1/WE
                            (rising edge-triggered cell RAMD32 clocked by aclk  {rise@0.000ns fall@5.000ns period=10.000ns})
  Path Group:             (none)
  Path Type:              Setup (Max at Slow Process Corner)
  Data Path Delay:        5.610ns  (logic 0.496ns (8.842%)  route 5.114ns (91.158%))
  Logic Levels:           4  (LUT4=2 LUT6=2)
  Clock Path Skew:        0.924ns (DCD - SCD + CPR)
    Destination Clock Delay (DCD):    0.924ns
    Source Clock Delay      (SCD):    0.000ns
    Clock Pessimism Removal (CPR):    0.000ns
  Clock Uncertainty:      0.225ns  ((TSJ^2 + TIJ^2)^1/2 + DJ) / 2 + PE + UU
    Total System Jitter     (TSJ):    0.050ns
    Total Input Jitter      (TIJ):    0.000ns
    Discrete Jitter          (DJ):    0.000ns
    Phase Error              (PE):    0.000ns
    User Uncertainty         (UU):    0.200ns

    Location             Delay type                Incr(ns)  Path(ns)    Netlist Resource(s)
  -------------------------------------------------------------------    -------------------
                                                      0.000     0.000 f  s_axi_wstrb[0] (IN)
                         net (fo=3, unset)            0.973     0.973    u_output_fifo/s_axi_wstrb[0]
    SLICE_X64Y79         LUT4 (Prop_lut4_I3_O)        0.124     1.097 f  u_output_fifo/data_mem_r_reg_0_15_30_31_i_6/O
                         net (fo=3, routed)           0.903     2.000    u_output_fifo/w_pending_r_reg
    SLICE_X64Y79         LUT6 (Prop_lut6_I0_O)        0.124     2.124 f  u_output_fifo/data_mem_r_reg_0_15_30_31_i_3/O
                         net (fo=7, routed)           0.801     2.925    u_output_fifo/s_axi_wdata_2_sn_1
    SLICE_X59Y78         LUT6 (Prop_lut6_I0_O)        0.124     3.049 f  u_output_fifo/data_mem_r_reg_0_15_30_31_i_2/O
                         net (fo=17, routed)          1.547     4.597    u_output_fifo/fifo_clear_w
    SLICE_X50Y75         LUT4 (Prop_lut4_I0_O)        0.124     4.721 r  u_output_fifo/data_mem_r_reg_0_15_30_31_i_1/O
                         net (fo=46, routed)          0.889     5.610    u_output_fifo/data_mem_r_reg_0_15_0_5/WE
    SLICE_X46Y67         RAMD32                                       r  u_output_fifo/data_mem_r_reg_0_15_0_5/RAMA_D1/WE
  -------------------------------------------------------------------    -------------------

                         (clock aclk rise edge)       0.000     0.000 r  
                                                      0.000     0.000 r  aclk (IN)
                         net (fo=804, unset)          0.924     0.924    u_output_fifo/data_mem_r_reg_0_15_0_5/WCLK
    SLICE_X46Y67         RAMD32                                       r  u_output_fifo/data_mem_r_reg_0_15_0_5/RAMA_D1/CLK

Slack:                    inf
  Source:                 s_axi_wstrb[0]
                            (input port)
  Destination:            u_output_fifo/data_mem_r_reg_0_15_0_5/RAMB/WE
                            (rising edge-triggered cell RAMD32 clocked by aclk  {rise@0.000ns fall@5.000ns period=10.000ns})
  Path Group:             (none)
  Path Type:              Setup (Max at Slow Process Corner)
  Data Path Delay:        5.610ns  (logic 0.496ns (8.842%)  route 5.114ns (91.158%))
  Logic Levels:           4  (LUT4=2 LUT6=2)
  Clock Path Skew:        0.924ns (DCD - SCD + CPR)
    Destination Clock Delay (DCD):    0.924ns
    Source Clock Delay      (SCD):    0.000ns
    Clock Pessimism Removal (CPR):    0.000ns
  Clock Uncertainty:      0.225ns  ((TSJ^2 + TIJ^2)^1/2 + DJ) / 2 + PE + UU
    Total System Jitter     (TSJ):    0.050ns
    Total Input Jitter      (TIJ):    0.000ns
    Discrete Jitter          (DJ):    0.000ns
    Phase Error              (PE):    0.000ns
    User Uncertainty         (UU):    0.200ns

    Location             Delay type                Incr(ns)  Path(ns)    Netlist Resource(s)
  -------------------------------------------------------------------    -------------------
                                                      0.000     0.000 f  s_axi_wstrb[0] (IN)
                         net (fo=3, unset)            0.973     0.973    u_output_fifo/s_axi_wstrb[0]
    SLICE_X64Y79         LUT4 (Prop_lut4_I3_O)        0.124     1.097 f  u_output_fifo/data_mem_r_reg_0_15_30_31_i_6/O
                         net (fo=3, routed)           0.903     2.000    u_output_fifo/w_pending_r_reg
    SLICE_X64Y79         LUT6 (Prop_lut6_I0_O)        0.124     2.124 f  u_output_fifo/data_mem_r_reg_0_15_30_31_i_3/O
                         net (fo=7, routed)           0.801     2.925    u_output_fifo/s_axi_wdata_2_sn_1
    SLICE_X59Y78         LUT6 (Prop_lut6_I0_O)        0.124     3.049 f  u_output_fifo/data_mem_r_reg_0_15_30_31_i_2/O
                         net (fo=17, routed)          1.547     4.597    u_output_fifo/fifo_clear_w
    SLICE_X50Y75         LUT4 (Prop_lut4_I0_O)        0.124     4.721 r  u_output_fifo/data_mem_r_reg_0_15_30_31_i_1/O
                         net (fo=46, routed)          0.889     5.610    u_output_fifo/data_mem_r_reg_0_15_0_5/WE
    SLICE_X46Y67         RAMD32                                       r  u_output_fifo/data_mem_r_reg_0_15_0_5/RAMB/WE
  -------------------------------------------------------------------    -------------------

                         (clock aclk rise edge)       0.000     0.000 r  
                                                      0.000     0.000 r  aclk (IN)
                         net (fo=804, unset)          0.924     0.924    u_output_fifo/data_mem_r_reg_0_15_0_5/WCLK
    SLICE_X46Y67         RAMD32                                       r  u_output_fifo/data_mem_r_reg_0_15_0_5/RAMB/CLK

Slack:                    inf
  Source:                 s_axi_wstrb[0]
                            (input port)
  Destination:            u_output_fifo/data_mem_r_reg_0_15_0_5/RAMB_D1/WE
                            (rising edge-triggered cell RAMD32 clocked by aclk  {rise@0.000ns fall@5.000ns period=10.000ns})
  Path Group:             (none)
  Path Type:              Setup (Max at Slow Process Corner)
  Data Path Delay:        5.610ns  (logic 0.496ns (8.842%)  route 5.114ns (91.158%))
  Logic Levels:           4  (LUT4=2 LUT6=2)
  Clock Path Skew:        0.924ns (DCD - SCD + CPR)
    Destination Clock Delay (DCD):    0.924ns
    Source Clock Delay      (SCD):    0.000ns
    Clock Pessimism Removal (CPR):    0.000ns
  Clock Uncertainty:      0.225ns  ((TSJ^2 + TIJ^2)^1/2 + DJ) / 2 + PE + UU
    Total System Jitter     (TSJ):    0.050ns
    Total Input Jitter      (TIJ):    0.000ns
    Discrete Jitter          (DJ):    0.000ns
    Phase Error              (PE):    0.000ns
    User Uncertainty         (UU):    0.200ns

    Location             Delay type                Incr(ns)  Path(ns)    Netlist Resource(s)
  -------------------------------------------------------------------    -------------------
                                                      0.000     0.000 f  s_axi_wstrb[0] (IN)
                         net (fo=3, unset)            0.973     0.973    u_output_fifo/s_axi_wstrb[0]
    SLICE_X64Y79         LUT4 (Prop_lut4_I3_O)        0.124     1.097 f  u_output_fifo/data_mem_r_reg_0_15_30_31_i_6/O
                         net (fo=3, routed)           0.903     2.000    u_output_fifo/w_pending_r_reg
    SLICE_X64Y79         LUT6 (Prop_lut6_I0_O)        0.124     2.124 f  u_output_fifo/data_mem_r_reg_0_15_30_31_i_3/O
                         net (fo=7, routed)           0.801     2.925    u_output_fifo/s_axi_wdata_2_sn_1
    SLICE_X59Y78         LUT6 (Prop_lut6_I0_O)        0.124     3.049 f  u_output_fifo/data_mem_r_reg_0_15_30_31_i_2/O
                         net (fo=17, routed)          1.547     4.597    u_output_fifo/fifo_clear_w
    SLICE_X50Y75         LUT4 (Prop_lut4_I0_O)        0.124     4.721 r  u_output_fifo/data_mem_r_reg_0_15_30_31_i_1/O
                         net (fo=46, routed)          0.889     5.610    u_output_fifo/data_mem_r_reg_0_15_0_5/WE
    SLICE_X46Y67         RAMD32                                       r  u_output_fifo/data_mem_r_reg_0_15_0_5/RAMB_D1/WE
  -------------------------------------------------------------------    -------------------

                         (clock aclk rise edge)       0.000     0.000 r  
                                                      0.000     0.000 r  aclk (IN)
                         net (fo=804, unset)          0.924     0.924    u_output_fifo/data_mem_r_reg_0_15_0_5/WCLK
    SLICE_X46Y67         RAMD32                                       r  u_output_fifo/data_mem_r_reg_0_15_0_5/RAMB_D1/CLK

Slack:                    inf
  Source:                 s_axi_wstrb[0]
                            (input port)
  Destination:            u_output_fifo/data_mem_r_reg_0_15_0_5/RAMC/WE
                            (rising edge-triggered cell RAMD32 clocked by aclk  {rise@0.000ns fall@5.000ns period=10.000ns})
  Path Group:             (none)
  Path Type:              Setup (Max at Slow Process Corner)
  Data Path Delay:        5.610ns  (logic 0.496ns (8.842%)  route 5.114ns (91.158%))
  Logic Levels:           4  (LUT4=2 LUT6=2)
  Clock Path Skew:        0.924ns (DCD - SCD + CPR)
    Destination Clock Delay (DCD):    0.924ns
    Source Clock Delay      (SCD):    0.000ns
    Clock Pessimism Removal (CPR):    0.000ns
  Clock Uncertainty:      0.225ns  ((TSJ^2 + TIJ^2)^1/2 + DJ) / 2 + PE + UU
    Total System Jitter     (TSJ):    0.050ns
    Total Input Jitter      (TIJ):    0.000ns
    Discrete Jitter          (DJ):    0.000ns
    Phase Error              (PE):    0.000ns
    User Uncertainty         (UU):    0.200ns

    Location             Delay type                Incr(ns)  Path(ns)    Netlist Resource(s)
  -------------------------------------------------------------------    -------------------
                                                      0.000     0.000 f  s_axi_wstrb[0] (IN)
                         net (fo=3, unset)            0.973     0.973    u_output_fifo/s_axi_wstrb[0]
    SLICE_X64Y79         LUT4 (Prop_lut4_I3_O)        0.124     1.097 f  u_output_fifo/data_mem_r_reg_0_15_30_31_i_6/O
                         net (fo=3, routed)           0.903     2.000    u_output_fifo/w_pending_r_reg
    SLICE_X64Y79         LUT6 (Prop_lut6_I0_O)        0.124     2.124 f  u_output_fifo/data_mem_r_reg_0_15_30_31_i_3/O
                         net (fo=7, routed)           0.801     2.925    u_output_fifo/s_axi_wdata_2_sn_1
    SLICE_X59Y78         LUT6 (Prop_lut6_I0_O)        0.124     3.049 f  u_output_fifo/data_mem_r_reg_0_15_30_31_i_2/O
                         net (fo=17, routed)          1.547     4.597    u_output_fifo/fifo_clear_w
    SLICE_X50Y75         LUT4 (Prop_lut4_I0_O)        0.124     4.721 r  u_output_fifo/data_mem_r_reg_0_15_30_31_i_1/O
                         net (fo=46, routed)          0.889     5.610    u_output_fifo/data_mem_r_reg_0_15_0_5/WE
    SLICE_X46Y67         RAMD32                                       r  u_output_fifo/data_mem_r_reg_0_15_0_5/RAMC/WE
  -------------------------------------------------------------------    -------------------

                         (clock aclk rise edge)       0.000     0.000 r  
                                                      0.000     0.000 r  aclk (IN)
                         net (fo=804, unset)          0.924     0.924    u_output_fifo/data_mem_r_reg_0_15_0_5/WCLK
    SLICE_X46Y67         RAMD32                                       r  u_output_fifo/data_mem_r_reg_0_15_0_5/RAMC/CLK

Slack:                    inf
  Source:                 s_axi_wstrb[0]
                            (input port)
  Destination:            u_output_fifo/data_mem_r_reg_0_15_0_5/RAMC_D1/WE
                            (rising edge-triggered cell RAMD32 clocked by aclk  {rise@0.000ns fall@5.000ns period=10.000ns})
  Path Group:             (none)
  Path Type:              Setup (Max at Slow Process Corner)
  Data Path Delay:        5.610ns  (logic 0.496ns (8.842%)  route 5.114ns (91.158%))
  Logic Levels:           4  (LUT4=2 LUT6=2)
  Clock Path Skew:        0.924ns (DCD - SCD + CPR)
    Destination Clock Delay (DCD):    0.924ns
    Source Clock Delay      (SCD):    0.000ns
    Clock Pessimism Removal (CPR):    0.000ns
  Clock Uncertainty:      0.225ns  ((TSJ^2 + TIJ^2)^1/2 + DJ) / 2 + PE + UU
    Total System Jitter     (TSJ):    0.050ns
    Total Input Jitter      (TIJ):    0.000ns
    Discrete Jitter          (DJ):    0.000ns
    Phase Error              (PE):    0.000ns
    User Uncertainty         (UU):    0.200ns

    Location             Delay type                Incr(ns)  Path(ns)    Netlist Resource(s)
  -------------------------------------------------------------------    -------------------
                                                      0.000     0.000 f  s_axi_wstrb[0] (IN)
                         net (fo=3, unset)            0.973     0.973    u_output_fifo/s_axi_wstrb[0]
    SLICE_X64Y79         LUT4 (Prop_lut4_I3_O)        0.124     1.097 f  u_output_fifo/data_mem_r_reg_0_15_30_31_i_6/O
                         net (fo=3, routed)           0.903     2.000    u_output_fifo/w_pending_r_reg
    SLICE_X64Y79         LUT6 (Prop_lut6_I0_O)        0.124     2.124 f  u_output_fifo/data_mem_r_reg_0_15_30_31_i_3/O
                         net (fo=7, routed)           0.801     2.925    u_output_fifo/s_axi_wdata_2_sn_1
    SLICE_X59Y78         LUT6 (Prop_lut6_I0_O)        0.124     3.049 f  u_output_fifo/data_mem_r_reg_0_15_30_31_i_2/O
                         net (fo=17, routed)          1.547     4.597    u_output_fifo/fifo_clear_w
    SLICE_X50Y75         LUT4 (Prop_lut4_I0_O)        0.124     4.721 r  u_output_fifo/data_mem_r_reg_0_15_30_31_i_1/O
                         net (fo=46, routed)          0.889     5.610    u_output_fifo/data_mem_r_reg_0_15_0_5/WE
    SLICE_X46Y67         RAMD32                                       r  u_output_fifo/data_mem_r_reg_0_15_0_5/RAMC_D1/WE
  -------------------------------------------------------------------    -------------------

                         (clock aclk rise edge)       0.000     0.000 r  
                                                      0.000     0.000 r  aclk (IN)
                         net (fo=804, unset)          0.924     0.924    u_output_fifo/data_mem_r_reg_0_15_0_5/WCLK
    SLICE_X46Y67         RAMD32                                       r  u_output_fifo/data_mem_r_reg_0_15_0_5/RAMC_D1/CLK

Slack:                    inf
  Source:                 s_axi_wstrb[0]
                            (input port)
  Destination:            u_output_fifo/data_mem_r_reg_0_15_0_5/RAMD/WE
                            (rising edge-triggered cell RAMS32 clocked by aclk  {rise@0.000ns fall@5.000ns period=10.000ns})
  Path Group:             (none)
  Path Type:              Setup (Max at Slow Process Corner)
  Data Path Delay:        5.610ns  (logic 0.496ns (8.842%)  route 5.114ns (91.158%))
  Logic Levels:           4  (LUT4=2 LUT6=2)
  Clock Path Skew:        0.924ns (DCD - SCD + CPR)
    Destination Clock Delay (DCD):    0.924ns
    Source Clock Delay      (SCD):    0.000ns
    Clock Pessimism Removal (CPR):    0.000ns
  Clock Uncertainty:      0.225ns  ((TSJ^2 + TIJ^2)^1/2 + DJ) / 2 + PE + UU
    Total System Jitter     (TSJ):    0.050ns
    Total Input Jitter      (TIJ):    0.000ns
    Discrete Jitter          (DJ):    0.000ns
    Phase Error              (PE):    0.000ns
    User Uncertainty         (UU):    0.200ns

    Location             Delay type                Incr(ns)  Path(ns)    Netlist Resource(s)
  -------------------------------------------------------------------    -------------------
                                                      0.000     0.000 f  s_axi_wstrb[0] (IN)
                         net (fo=3, unset)            0.973     0.973    u_output_fifo/s_axi_wstrb[0]
    SLICE_X64Y79         LUT4 (Prop_lut4_I3_O)        0.124     1.097 f  u_output_fifo/data_mem_r_reg_0_15_30_31_i_6/O
                         net (fo=3, routed)           0.903     2.000    u_output_fifo/w_pending_r_reg
    SLICE_X64Y79         LUT6 (Prop_lut6_I0_O)        0.124     2.124 f  u_output_fifo/data_mem_r_reg_0_15_30_31_i_3/O
                         net (fo=7, routed)           0.801     2.925    u_output_fifo/s_axi_wdata_2_sn_1
    SLICE_X59Y78         LUT6 (Prop_lut6_I0_O)        0.124     3.049 f  u_output_fifo/data_mem_r_reg_0_15_30_31_i_2/O
                         net (fo=17, routed)          1.547     4.597    u_output_fifo/fifo_clear_w
    SLICE_X50Y75         LUT4 (Prop_lut4_I0_O)        0.124     4.721 r  u_output_fifo/data_mem_r_reg_0_15_30_31_i_1/O
                         net (fo=46, routed)          0.889     5.610    u_output_fifo/data_mem_r_reg_0_15_0_5/WE
    SLICE_X46Y67         RAMS32                                       r  u_output_fifo/data_mem_r_reg_0_15_0_5/RAMD/WE
  -------------------------------------------------------------------    -------------------

                         (clock aclk rise edge)       0.000     0.000 r  
                                                      0.000     0.000 r  aclk (IN)
                         net (fo=804, unset)          0.924     0.924    u_output_fifo/data_mem_r_reg_0_15_0_5/WCLK
    SLICE_X46Y67         RAMS32                                       r  u_output_fifo/data_mem_r_reg_0_15_0_5/RAMD/CLK

Slack:                    inf
  Source:                 s_axi_wstrb[0]
                            (input port)
  Destination:            u_output_fifo/data_mem_r_reg_0_15_0_5/RAMD_D1/WE
                            (rising edge-triggered cell RAMS32 clocked by aclk  {rise@0.000ns fall@5.000ns period=10.000ns})
  Path Group:             (none)
  Path Type:              Setup (Max at Slow Process Corner)
  Data Path Delay:        5.610ns  (logic 0.496ns (8.842%)  route 5.114ns (91.158%))
  Logic Levels:           4  (LUT4=2 LUT6=2)
  Clock Path Skew:        0.924ns (DCD - SCD + CPR)
    Destination Clock Delay (DCD):    0.924ns
    Source Clock Delay      (SCD):    0.000ns
    Clock Pessimism Removal (CPR):    0.000ns
  Clock Uncertainty:      0.225ns  ((TSJ^2 + TIJ^2)^1/2 + DJ) / 2 + PE + UU
    Total System Jitter     (TSJ):    0.050ns
    Total Input Jitter      (TIJ):    0.000ns
    Discrete Jitter          (DJ):    0.000ns
    Phase Error              (PE):    0.000ns
    User Uncertainty         (UU):    0.200ns

    Location             Delay type                Incr(ns)  Path(ns)    Netlist Resource(s)
  -------------------------------------------------------------------    -------------------
                                                      0.000     0.000 f  s_axi_wstrb[0] (IN)
                         net (fo=3, unset)            0.973     0.973    u_output_fifo/s_axi_wstrb[0]
    SLICE_X64Y79         LUT4 (Prop_lut4_I3_O)        0.124     1.097 f  u_output_fifo/data_mem_r_reg_0_15_30_31_i_6/O
                         net (fo=3, routed)           0.903     2.000    u_output_fifo/w_pending_r_reg
    SLICE_X64Y79         LUT6 (Prop_lut6_I0_O)        0.124     2.124 f  u_output_fifo/data_mem_r_reg_0_15_30_31_i_3/O
                         net (fo=7, routed)           0.801     2.925    u_output_fifo/s_axi_wdata_2_sn_1
    SLICE_X59Y78         LUT6 (Prop_lut6_I0_O)        0.124     3.049 f  u_output_fifo/data_mem_r_reg_0_15_30_31_i_2/O
                         net (fo=17, routed)          1.547     4.597    u_output_fifo/fifo_clear_w
    SLICE_X50Y75         LUT4 (Prop_lut4_I0_O)        0.124     4.721 r  u_output_fifo/data_mem_r_reg_0_15_30_31_i_1/O
                         net (fo=46, routed)          0.889     5.610    u_output_fifo/data_mem_r_reg_0_15_0_5/WE
    SLICE_X46Y67         RAMS32                                       r  u_output_fifo/data_mem_r_reg_0_15_0_5/RAMD_D1/WE
  -------------------------------------------------------------------    -------------------

                         (clock aclk rise edge)       0.000     0.000 r  
                                                      0.000     0.000 r  aclk (IN)
                         net (fo=804, unset)          0.924     0.924    u_output_fifo/data_mem_r_reg_0_15_0_5/WCLK
    SLICE_X46Y67         RAMS32                                       r  u_output_fifo/data_mem_r_reg_0_15_0_5/RAMD_D1/CLK

Slack:                    inf
  Source:                 s_axi_wstrb[0]
                            (input port)
  Destination:            u_output_fifo/data_mem_r_reg_0_15_18_23/RAMA/WE
                            (rising edge-triggered cell RAMD32 clocked by aclk  {rise@0.000ns fall@5.000ns period=10.000ns})
  Path Group:             (none)
  Path Type:              Setup (Max at Slow Process Corner)
  Data Path Delay:        5.563ns  (logic 0.496ns (8.917%)  route 5.067ns (91.083%))
  Logic Levels:           4  (LUT4=2 LUT6=2)
  Clock Path Skew:        0.924ns (DCD - SCD + CPR)
    Destination Clock Delay (DCD):    0.924ns
    Source Clock Delay      (SCD):    0.000ns
    Clock Pessimism Removal (CPR):    0.000ns
  Clock Uncertainty:      0.225ns  ((TSJ^2 + TIJ^2)^1/2 + DJ) / 2 + PE + UU
    Total System Jitter     (TSJ):    0.050ns
    Total Input Jitter      (TIJ):    0.000ns
    Discrete Jitter          (DJ):    0.000ns
    Phase Error              (PE):    0.000ns
    User Uncertainty         (UU):    0.200ns

    Location             Delay type                Incr(ns)  Path(ns)    Netlist Resource(s)
  -------------------------------------------------------------------    -------------------
                                                      0.000     0.000 f  s_axi_wstrb[0] (IN)
                         net (fo=3, unset)            0.973     0.973    u_output_fifo/s_axi_wstrb[0]
    SLICE_X64Y79         LUT4 (Prop_lut4_I3_O)        0.124     1.097 f  u_output_fifo/data_mem_r_reg_0_15_30_31_i_6/O
                         net (fo=3, routed)           0.903     2.000    u_output_fifo/w_pending_r_reg
    SLICE_X64Y79         LUT6 (Prop_lut6_I0_O)        0.124     2.124 f  u_output_fifo/data_mem_r_reg_0_15_30_31_i_3/O
                         net (fo=7, routed)           0.801     2.925    u_output_fifo/s_axi_wdata_2_sn_1
    SLICE_X59Y78         LUT6 (Prop_lut6_I0_O)        0.124     3.049 f  u_output_fifo/data_mem_r_reg_0_15_30_31_i_2/O
                         net (fo=17, routed)          1.547     4.597    u_output_fifo/fifo_clear_w
    SLICE_X50Y75         LUT4 (Prop_lut4_I0_O)        0.124     4.721 r  u_output_fifo/data_mem_r_reg_0_15_30_31_i_1/O
                         net (fo=46, routed)          0.842     5.563    u_output_fifo/data_mem_r_reg_0_15_18_23/WE
    SLICE_X46Y71         RAMD32                                       r  u_output_fifo/data_mem_r_reg_0_15_18_23/RAMA/WE
  -------------------------------------------------------------------    -------------------

                         (clock aclk rise edge)       0.000     0.000 r  
                                                      0.000     0.000 r  aclk (IN)
                         net (fo=804, unset)          0.924     0.924    u_output_fifo/data_mem_r_reg_0_15_18_23/WCLK
    SLICE_X46Y71         RAMD32                                       r  u_output_fifo/data_mem_r_reg_0_15_18_23/RAMA/CLK

Slack:                    inf
  Source:                 s_axi_wstrb[0]
                            (input port)
  Destination:            u_output_fifo/data_mem_r_reg_0_15_18_23/RAMA_D1/WE
                            (rising edge-triggered cell RAMD32 clocked by aclk  {rise@0.000ns fall@5.000ns period=10.000ns})
  Path Group:             (none)
  Path Type:              Setup (Max at Slow Process Corner)
  Data Path Delay:        5.563ns  (logic 0.496ns (8.917%)  route 5.067ns (91.083%))
  Logic Levels:           4  (LUT4=2 LUT6=2)
  Clock Path Skew:        0.924ns (DCD - SCD + CPR)
    Destination Clock Delay (DCD):    0.924ns
    Source Clock Delay      (SCD):    0.000ns
    Clock Pessimism Removal (CPR):    0.000ns
  Clock Uncertainty:      0.225ns  ((TSJ^2 + TIJ^2)^1/2 + DJ) / 2 + PE + UU
    Total System Jitter     (TSJ):    0.050ns
    Total Input Jitter      (TIJ):    0.000ns
    Discrete Jitter          (DJ):    0.000ns
    Phase Error              (PE):    0.000ns
    User Uncertainty         (UU):    0.200ns

    Location             Delay type                Incr(ns)  Path(ns)    Netlist Resource(s)
  -------------------------------------------------------------------    -------------------
                                                      0.000     0.000 f  s_axi_wstrb[0] (IN)
                         net (fo=3, unset)            0.973     0.973    u_output_fifo/s_axi_wstrb[0]
    SLICE_X64Y79         LUT4 (Prop_lut4_I3_O)        0.124     1.097 f  u_output_fifo/data_mem_r_reg_0_15_30_31_i_6/O
                         net (fo=3, routed)           0.903     2.000    u_output_fifo/w_pending_r_reg
    SLICE_X64Y79         LUT6 (Prop_lut6_I0_O)        0.124     2.124 f  u_output_fifo/data_mem_r_reg_0_15_30_31_i_3/O
                         net (fo=7, routed)           0.801     2.925    u_output_fifo/s_axi_wdata_2_sn_1
    SLICE_X59Y78         LUT6 (Prop_lut6_I0_O)        0.124     3.049 f  u_output_fifo/data_mem_r_reg_0_15_30_31_i_2/O
                         net (fo=17, routed)          1.547     4.597    u_output_fifo/fifo_clear_w
    SLICE_X50Y75         LUT4 (Prop_lut4_I0_O)        0.124     4.721 r  u_output_fifo/data_mem_r_reg_0_15_30_31_i_1/O
                         net (fo=46, routed)          0.842     5.563    u_output_fifo/data_mem_r_reg_0_15_18_23/WE
    SLICE_X46Y71         RAMD32                                       r  u_output_fifo/data_mem_r_reg_0_15_18_23/RAMA_D1/WE
  -------------------------------------------------------------------    -------------------

                         (clock aclk rise edge)       0.000     0.000 r  
                                                      0.000     0.000 r  aclk (IN)
                         net (fo=804, unset)          0.924     0.924    u_output_fifo/data_mem_r_reg_0_15_18_23/WCLK
    SLICE_X46Y71         RAMD32                                       r  u_output_fifo/data_mem_r_reg_0_15_18_23/RAMA_D1/CLK

Slack:                    inf
  Source:                 s_axi_wstrb[0]
                            (input port)
  Destination:            u_output_fifo/data_mem_r_reg_0_15_18_23/RAMB/WE
                            (rising edge-triggered cell RAMD32 clocked by aclk  {rise@0.000ns fall@5.000ns period=10.000ns})
  Path Group:             (none)
  Path Type:              Setup (Max at Slow Process Corner)
  Data Path Delay:        5.563ns  (logic 0.496ns (8.917%)  route 5.067ns (91.083%))
  Logic Levels:           4  (LUT4=2 LUT6=2)
  Clock Path Skew:        0.924ns (DCD - SCD + CPR)
    Destination Clock Delay (DCD):    0.924ns
    Source Clock Delay      (SCD):    0.000ns
    Clock Pessimism Removal (CPR):    0.000ns
  Clock Uncertainty:      0.225ns  ((TSJ^2 + TIJ^2)^1/2 + DJ) / 2 + PE + UU
    Total System Jitter     (TSJ):    0.050ns
    Total Input Jitter      (TIJ):    0.000ns
    Discrete Jitter          (DJ):    0.000ns
    Phase Error              (PE):    0.000ns
    User Uncertainty         (UU):    0.200ns

    Location             Delay type                Incr(ns)  Path(ns)    Netlist Resource(s)
  -------------------------------------------------------------------    -------------------
                                                      0.000     0.000 f  s_axi_wstrb[0] (IN)
                         net (fo=3, unset)            0.973     0.973    u_output_fifo/s_axi_wstrb[0]
    SLICE_X64Y79         LUT4 (Prop_lut4_I3_O)        0.124     1.097 f  u_output_fifo/data_mem_r_reg_0_15_30_31_i_6/O
                         net (fo=3, routed)           0.903     2.000    u_output_fifo/w_pending_r_reg
    SLICE_X64Y79         LUT6 (Prop_lut6_I0_O)        0.124     2.124 f  u_output_fifo/data_mem_r_reg_0_15_30_31_i_3/O
                         net (fo=7, routed)           0.801     2.925    u_output_fifo/s_axi_wdata_2_sn_1
    SLICE_X59Y78         LUT6 (Prop_lut6_I0_O)        0.124     3.049 f  u_output_fifo/data_mem_r_reg_0_15_30_31_i_2/O
                         net (fo=17, routed)          1.547     4.597    u_output_fifo/fifo_clear_w
    SLICE_X50Y75         LUT4 (Prop_lut4_I0_O)        0.124     4.721 r  u_output_fifo/data_mem_r_reg_0_15_30_31_i_1/O
                         net (fo=46, routed)          0.842     5.563    u_output_fifo/data_mem_r_reg_0_15_18_23/WE
    SLICE_X46Y71         RAMD32                                       r  u_output_fifo/data_mem_r_reg_0_15_18_23/RAMB/WE
  -------------------------------------------------------------------    -------------------

                         (clock aclk rise edge)       0.000     0.000 r  
                                                      0.000     0.000 r  aclk (IN)
                         net (fo=804, unset)          0.924     0.924    u_output_fifo/data_mem_r_reg_0_15_18_23/WCLK
    SLICE_X46Y71         RAMD32                                       r  u_output_fifo/data_mem_r_reg_0_15_18_23/RAMB/CLK

Slack:                    inf
  Source:                 s_axi_wstrb[0]
                            (input port)
  Destination:            u_output_fifo/data_mem_r_reg_0_15_18_23/RAMB_D1/WE
                            (rising edge-triggered cell RAMD32 clocked by aclk  {rise@0.000ns fall@5.000ns period=10.000ns})
  Path Group:             (none)
  Path Type:              Setup (Max at Slow Process Corner)
  Data Path Delay:        5.563ns  (logic 0.496ns (8.917%)  route 5.067ns (91.083%))
  Logic Levels:           4  (LUT4=2 LUT6=2)
  Clock Path Skew:        0.924ns (DCD - SCD + CPR)
    Destination Clock Delay (DCD):    0.924ns
    Source Clock Delay      (SCD):    0.000ns
    Clock Pessimism Removal (CPR):    0.000ns
  Clock Uncertainty:      0.225ns  ((TSJ^2 + TIJ^2)^1/2 + DJ) / 2 + PE + UU
    Total System Jitter     (TSJ):    0.050ns
    Total Input Jitter      (TIJ):    0.000ns
    Discrete Jitter          (DJ):    0.000ns
    Phase Error              (PE):    0.000ns
    User Uncertainty         (UU):    0.200ns

    Location             Delay type                Incr(ns)  Path(ns)    Netlist Resource(s)
  -------------------------------------------------------------------    -------------------
                                                      0.000     0.000 f  s_axi_wstrb[0] (IN)
                         net (fo=3, unset)            0.973     0.973    u_output_fifo/s_axi_wstrb[0]
    SLICE_X64Y79         LUT4 (Prop_lut4_I3_O)        0.124     1.097 f  u_output_fifo/data_mem_r_reg_0_15_30_31_i_6/O
                         net (fo=3, routed)           0.903     2.000    u_output_fifo/w_pending_r_reg
    SLICE_X64Y79         LUT6 (Prop_lut6_I0_O)        0.124     2.124 f  u_output_fifo/data_mem_r_reg_0_15_30_31_i_3/O
                         net (fo=7, routed)           0.801     2.925    u_output_fifo/s_axi_wdata_2_sn_1
    SLICE_X59Y78         LUT6 (Prop_lut6_I0_O)        0.124     3.049 f  u_output_fifo/data_mem_r_reg_0_15_30_31_i_2/O
                         net (fo=17, routed)          1.547     4.597    u_output_fifo/fifo_clear_w
    SLICE_X50Y75         LUT4 (Prop_lut4_I0_O)        0.124     4.721 r  u_output_fifo/data_mem_r_reg_0_15_30_31_i_1/O
                         net (fo=46, routed)          0.842     5.563    u_output_fifo/data_mem_r_reg_0_15_18_23/WE
    SLICE_X46Y71         RAMD32                                       r  u_output_fifo/data_mem_r_reg_0_15_18_23/RAMB_D1/WE
  -------------------------------------------------------------------    -------------------

                         (clock aclk rise edge)       0.000     0.000 r  
                                                      0.000     0.000 r  aclk (IN)
                         net (fo=804, unset)          0.924     0.924    u_output_fifo/data_mem_r_reg_0_15_18_23/WCLK
    SLICE_X46Y71         RAMD32                                       r  u_output_fifo/data_mem_r_reg_0_15_18_23/RAMB_D1/CLK

Slack:                    inf
  Source:                 s_axi_wstrb[0]
                            (input port)
  Destination:            u_output_fifo/data_mem_r_reg_0_15_18_23/RAMC/WE
                            (rising edge-triggered cell RAMD32 clocked by aclk  {rise@0.000ns fall@5.000ns period=10.000ns})
  Path Group:             (none)
  Path Type:              Setup (Max at Slow Process Corner)
  Data Path Delay:        5.563ns  (logic 0.496ns (8.917%)  route 5.067ns (91.083%))
  Logic Levels:           4  (LUT4=2 LUT6=2)
  Clock Path Skew:        0.924ns (DCD - SCD + CPR)
    Destination Clock Delay (DCD):    0.924ns
    Source Clock Delay      (SCD):    0.000ns
    Clock Pessimism Removal (CPR):    0.000ns
  Clock Uncertainty:      0.225ns  ((TSJ^2 + TIJ^2)^1/2 + DJ) / 2 + PE + UU
    Total System Jitter     (TSJ):    0.050ns
    Total Input Jitter      (TIJ):    0.000ns
    Discrete Jitter          (DJ):    0.000ns
    Phase Error              (PE):    0.000ns
    User Uncertainty         (UU):    0.200ns

    Location             Delay type                Incr(ns)  Path(ns)    Netlist Resource(s)
  -------------------------------------------------------------------    -------------------
                                                      0.000     0.000 f  s_axi_wstrb[0] (IN)
                         net (fo=3, unset)            0.973     0.973    u_output_fifo/s_axi_wstrb[0]
    SLICE_X64Y79         LUT4 (Prop_lut4_I3_O)        0.124     1.097 f  u_output_fifo/data_mem_r_reg_0_15_30_31_i_6/O
                         net (fo=3, routed)           0.903     2.000    u_output_fifo/w_pending_r_reg
    SLICE_X64Y79         LUT6 (Prop_lut6_I0_O)        0.124     2.124 f  u_output_fifo/data_mem_r_reg_0_15_30_31_i_3/O
                         net (fo=7, routed)           0.801     2.925    u_output_fifo/s_axi_wdata_2_sn_1
    SLICE_X59Y78         LUT6 (Prop_lut6_I0_O)        0.124     3.049 f  u_output_fifo/data_mem_r_reg_0_15_30_31_i_2/O
                         net (fo=17, routed)          1.547     4.597    u_output_fifo/fifo_clear_w
    SLICE_X50Y75         LUT4 (Prop_lut4_I0_O)        0.124     4.721 r  u_output_fifo/data_mem_r_reg_0_15_30_31_i_1/O
                         net (fo=46, routed)          0.842     5.563    u_output_fifo/data_mem_r_reg_0_15_18_23/WE
    SLICE_X46Y71         RAMD32                                       r  u_output_fifo/data_mem_r_reg_0_15_18_23/RAMC/WE
  -------------------------------------------------------------------    -------------------

                         (clock aclk rise edge)       0.000     0.000 r  
                                                      0.000     0.000 r  aclk (IN)
                         net (fo=804, unset)          0.924     0.924    u_output_fifo/data_mem_r_reg_0_15_18_23/WCLK
    SLICE_X46Y71         RAMD32                                       r  u_output_fifo/data_mem_r_reg_0_15_18_23/RAMC/CLK

Slack:                    inf
  Source:                 s_axi_wstrb[0]
                            (input port)
  Destination:            u_output_fifo/data_mem_r_reg_0_15_18_23/RAMC_D1/WE
                            (rising edge-triggered cell RAMD32 clocked by aclk  {rise@0.000ns fall@5.000ns period=10.000ns})
  Path Group:             (none)
  Path Type:              Setup (Max at Slow Process Corner)
  Data Path Delay:        5.563ns  (logic 0.496ns (8.917%)  route 5.067ns (91.083%))
  Logic Levels:           4  (LUT4=2 LUT6=2)
  Clock Path Skew:        0.924ns (DCD - SCD + CPR)
    Destination Clock Delay (DCD):    0.924ns
    Source Clock Delay      (SCD):    0.000ns
    Clock Pessimism Removal (CPR):    0.000ns
  Clock Uncertainty:      0.225ns  ((TSJ^2 + TIJ^2)^1/2 + DJ) / 2 + PE + UU
    Total System Jitter     (TSJ):    0.050ns
    Total Input Jitter      (TIJ):    0.000ns
    Discrete Jitter          (DJ):    0.000ns
    Phase Error              (PE):    0.000ns
    User Uncertainty         (UU):    0.200ns

    Location             Delay type                Incr(ns)  Path(ns)    Netlist Resource(s)
  -------------------------------------------------------------------    -------------------
                                                      0.000     0.000 f  s_axi_wstrb[0] (IN)
                         net (fo=3, unset)            0.973     0.973    u_output_fifo/s_axi_wstrb[0]
    SLICE_X64Y79         LUT4 (Prop_lut4_I3_O)        0.124     1.097 f  u_output_fifo/data_mem_r_reg_0_15_30_31_i_6/O
                         net (fo=3, routed)           0.903     2.000    u_output_fifo/w_pending_r_reg
    SLICE_X64Y79         LUT6 (Prop_lut6_I0_O)        0.124     2.124 f  u_output_fifo/data_mem_r_reg_0_15_30_31_i_3/O
                         net (fo=7, routed)           0.801     2.925    u_output_fifo/s_axi_wdata_2_sn_1
    SLICE_X59Y78         LUT6 (Prop_lut6_I0_O)        0.124     3.049 f  u_output_fifo/data_mem_r_reg_0_15_30_31_i_2/O
                         net (fo=17, routed)          1.547     4.597    u_output_fifo/fifo_clear_w
    SLICE_X50Y75         LUT4 (Prop_lut4_I0_O)        0.124     4.721 r  u_output_fifo/data_mem_r_reg_0_15_30_31_i_1/O
                         net (fo=46, routed)          0.842     5.563    u_output_fifo/data_mem_r_reg_0_15_18_23/WE
    SLICE_X46Y71         RAMD32                                       r  u_output_fifo/data_mem_r_reg_0_15_18_23/RAMC_D1/WE
  -------------------------------------------------------------------    -------------------

                         (clock aclk rise edge)       0.000     0.000 r  
                                                      0.000     0.000 r  aclk (IN)
                         net (fo=804, unset)          0.924     0.924    u_output_fifo/data_mem_r_reg_0_15_18_23/WCLK
    SLICE_X46Y71         RAMD32                                       r  u_output_fifo/data_mem_r_reg_0_15_18_23/RAMC_D1/CLK

Slack:                    inf
  Source:                 s_axi_wstrb[0]
                            (input port)
  Destination:            u_output_fifo/data_mem_r_reg_0_15_18_23/RAMD/WE
                            (rising edge-triggered cell RAMS32 clocked by aclk  {rise@0.000ns fall@5.000ns period=10.000ns})
  Path Group:             (none)
  Path Type:              Setup (Max at Slow Process Corner)
  Data Path Delay:        5.563ns  (logic 0.496ns (8.917%)  route 5.067ns (91.083%))
  Logic Levels:           4  (LUT4=2 LUT6=2)
  Clock Path Skew:        0.924ns (DCD - SCD + CPR)
    Destination Clock Delay (DCD):    0.924ns
    Source Clock Delay      (SCD):    0.000ns
    Clock Pessimism Removal (CPR):    0.000ns
  Clock Uncertainty:      0.225ns  ((TSJ^2 + TIJ^2)^1/2 + DJ) / 2 + PE + UU
    Total System Jitter     (TSJ):    0.050ns
    Total Input Jitter      (TIJ):    0.000ns
    Discrete Jitter          (DJ):    0.000ns
    Phase Error              (PE):    0.000ns
    User Uncertainty         (UU):    0.200ns

    Location             Delay type                Incr(ns)  Path(ns)    Netlist Resource(s)
  -------------------------------------------------------------------    -------------------
                                                      0.000     0.000 f  s_axi_wstrb[0] (IN)
                         net (fo=3, unset)            0.973     0.973    u_output_fifo/s_axi_wstrb[0]
    SLICE_X64Y79         LUT4 (Prop_lut4_I3_O)        0.124     1.097 f  u_output_fifo/data_mem_r_reg_0_15_30_31_i_6/O
                         net (fo=3, routed)           0.903     2.000    u_output_fifo/w_pending_r_reg
    SLICE_X64Y79         LUT6 (Prop_lut6_I0_O)        0.124     2.124 f  u_output_fifo/data_mem_r_reg_0_15_30_31_i_3/O
                         net (fo=7, routed)           0.801     2.925    u_output_fifo/s_axi_wdata_2_sn_1
    SLICE_X59Y78         LUT6 (Prop_lut6_I0_O)        0.124     3.049 f  u_output_fifo/data_mem_r_reg_0_15_30_31_i_2/O
                         net (fo=17, routed)          1.547     4.597    u_output_fifo/fifo_clear_w
    SLICE_X50Y75         LUT4 (Prop_lut4_I0_O)        0.124     4.721 r  u_output_fifo/data_mem_r_reg_0_15_30_31_i_1/O
                         net (fo=46, routed)          0.842     5.563    u_output_fifo/data_mem_r_reg_0_15_18_23/WE
    SLICE_X46Y71         RAMS32                                       r  u_output_fifo/data_mem_r_reg_0_15_18_23/RAMD/WE
  -------------------------------------------------------------------    -------------------

                         (clock aclk rise edge)       0.000     0.000 r  
                                                      0.000     0.000 r  aclk (IN)
                         net (fo=804, unset)          0.924     0.924    u_output_fifo/data_mem_r_reg_0_15_18_23/WCLK
    SLICE_X46Y71         RAMS32                                       r  u_output_fifo/data_mem_r_reg_0_15_18_23/RAMD/CLK

Slack:                    inf
  Source:                 s_axi_wstrb[0]
                            (input port)
  Destination:            u_output_fifo/data_mem_r_reg_0_15_18_23/RAMD_D1/WE
                            (rising edge-triggered cell RAMS32 clocked by aclk  {rise@0.000ns fall@5.000ns period=10.000ns})
  Path Group:             (none)
  Path Type:              Setup (Max at Slow Process Corner)
  Data Path Delay:        5.563ns  (logic 0.496ns (8.917%)  route 5.067ns (91.083%))
  Logic Levels:           4  (LUT4=2 LUT6=2)
  Clock Path Skew:        0.924ns (DCD - SCD + CPR)
    Destination Clock Delay (DCD):    0.924ns
    Source Clock Delay      (SCD):    0.000ns
    Clock Pessimism Removal (CPR):    0.000ns
  Clock Uncertainty:      0.225ns  ((TSJ^2 + TIJ^2)^1/2 + DJ) / 2 + PE + UU
    Total System Jitter     (TSJ):    0.050ns
    Total Input Jitter      (TIJ):    0.000ns
    Discrete Jitter          (DJ):    0.000ns
    Phase Error              (PE):    0.000ns
    User Uncertainty         (UU):    0.200ns

    Location             Delay type                Incr(ns)  Path(ns)    Netlist Resource(s)
  -------------------------------------------------------------------    -------------------
                                                      0.000     0.000 f  s_axi_wstrb[0] (IN)
                         net (fo=3, unset)            0.973     0.973    u_output_fifo/s_axi_wstrb[0]
    SLICE_X64Y79         LUT4 (Prop_lut4_I3_O)        0.124     1.097 f  u_output_fifo/data_mem_r_reg_0_15_30_31_i_6/O
                         net (fo=3, routed)           0.903     2.000    u_output_fifo/w_pending_r_reg
    SLICE_X64Y79         LUT6 (Prop_lut6_I0_O)        0.124     2.124 f  u_output_fifo/data_mem_r_reg_0_15_30_31_i_3/O
                         net (fo=7, routed)           0.801     2.925    u_output_fifo/s_axi_wdata_2_sn_1
    SLICE_X59Y78         LUT6 (Prop_lut6_I0_O)        0.124     3.049 f  u_output_fifo/data_mem_r_reg_0_15_30_31_i_2/O
                         net (fo=17, routed)          1.547     4.597    u_output_fifo/fifo_clear_w
    SLICE_X50Y75         LUT4 (Prop_lut4_I0_O)        0.124     4.721 r  u_output_fifo/data_mem_r_reg_0_15_30_31_i_1/O
                         net (fo=46, routed)          0.842     5.563    u_output_fifo/data_mem_r_reg_0_15_18_23/WE
    SLICE_X46Y71         RAMS32                                       r  u_output_fifo/data_mem_r_reg_0_15_18_23/RAMD_D1/WE
  -------------------------------------------------------------------    -------------------

                         (clock aclk rise edge)       0.000     0.000 r  
                                                      0.000     0.000 r  aclk (IN)
                         net (fo=804, unset)          0.924     0.924    u_output_fifo/data_mem_r_reg_0_15_18_23/WCLK
    SLICE_X46Y71         RAMS32                                       r  u_output_fifo/data_mem_r_reg_0_15_18_23/RAMD_D1/CLK

Slack:                    inf
  Source:                 s_axi_wstrb[0]
                            (input port)
  Destination:            u_output_fifo/data_mem_r_reg_0_15_6_11/RAMA/WE
                            (rising edge-triggered cell RAMD32 clocked by aclk  {rise@0.000ns fall@5.000ns period=10.000ns})
  Path Group:             (none)
  Path Type:              Setup (Max at Slow Process Corner)
  Data Path Delay:        5.476ns  (logic 0.496ns (9.058%)  route 4.980ns (90.942%))
  Logic Levels:           4  (LUT4=2 LUT6=2)
  Clock Path Skew:        0.924ns (DCD - SCD + CPR)
    Destination Clock Delay (DCD):    0.924ns
    Source Clock Delay      (SCD):    0.000ns
    Clock Pessimism Removal (CPR):    0.000ns
  Clock Uncertainty:      0.225ns  ((TSJ^2 + TIJ^2)^1/2 + DJ) / 2 + PE + UU
    Total System Jitter     (TSJ):    0.050ns
    Total Input Jitter      (TIJ):    0.000ns
    Discrete Jitter          (DJ):    0.000ns
    Phase Error              (PE):    0.000ns
    User Uncertainty         (UU):    0.200ns

    Location             Delay type                Incr(ns)  Path(ns)    Netlist Resource(s)
  -------------------------------------------------------------------    -------------------
                                                      0.000     0.000 f  s_axi_wstrb[0] (IN)
                         net (fo=3, unset)            0.973     0.973    u_output_fifo/s_axi_wstrb[0]
    SLICE_X64Y79         LUT4 (Prop_lut4_I3_O)        0.124     1.097 f  u_output_fifo/data_mem_r_reg_0_15_30_31_i_6/O
                         net (fo=3, routed)           0.903     2.000    u_output_fifo/w_pending_r_reg
    SLICE_X64Y79         LUT6 (Prop_lut6_I0_O)        0.124     2.124 f  u_output_fifo/data_mem_r_reg_0_15_30_31_i_3/O
                         net (fo=7, routed)           0.801     2.925    u_output_fifo/s_axi_wdata_2_sn_1
    SLICE_X59Y78         LUT6 (Prop_lut6_I0_O)        0.124     3.049 f  u_output_fifo/data_mem_r_reg_0_15_30_31_i_2/O
                         net (fo=17, routed)          1.547     4.597    u_output_fifo/fifo_clear_w
    SLICE_X50Y75         LUT4 (Prop_lut4_I0_O)        0.124     4.721 r  u_output_fifo/data_mem_r_reg_0_15_30_31_i_1/O
                         net (fo=46, routed)          0.755     5.476    u_output_fifo/data_mem_r_reg_0_15_6_11/WE
    SLICE_X46Y68         RAMD32                                       r  u_output_fifo/data_mem_r_reg_0_15_6_11/RAMA/WE
  -------------------------------------------------------------------    -------------------

                         (clock aclk rise edge)       0.000     0.000 r  
                                                      0.000     0.000 r  aclk (IN)
                         net (fo=804, unset)          0.924     0.924    u_output_fifo/data_mem_r_reg_0_15_6_11/WCLK
    SLICE_X46Y68         RAMD32                                       r  u_output_fifo/data_mem_r_reg_0_15_6_11/RAMA/CLK

Slack:                    inf
  Source:                 s_axi_wstrb[0]
                            (input port)
  Destination:            u_output_fifo/data_mem_r_reg_0_15_6_11/RAMA_D1/WE
                            (rising edge-triggered cell RAMD32 clocked by aclk  {rise@0.000ns fall@5.000ns period=10.000ns})
  Path Group:             (none)
  Path Type:              Setup (Max at Slow Process Corner)
  Data Path Delay:        5.476ns  (logic 0.496ns (9.058%)  route 4.980ns (90.942%))
  Logic Levels:           4  (LUT4=2 LUT6=2)
  Clock Path Skew:        0.924ns (DCD - SCD + CPR)
    Destination Clock Delay (DCD):    0.924ns
    Source Clock Delay      (SCD):    0.000ns
    Clock Pessimism Removal (CPR):    0.000ns
  Clock Uncertainty:      0.225ns  ((TSJ^2 + TIJ^2)^1/2 + DJ) / 2 + PE + UU
    Total System Jitter     (TSJ):    0.050ns
    Total Input Jitter      (TIJ):    0.000ns
    Discrete Jitter          (DJ):    0.000ns
    Phase Error              (PE):    0.000ns
    User Uncertainty         (UU):    0.200ns

    Location             Delay type                Incr(ns)  Path(ns)    Netlist Resource(s)
  -------------------------------------------------------------------    -------------------
                                                      0.000     0.000 f  s_axi_wstrb[0] (IN)
                         net (fo=3, unset)            0.973     0.973    u_output_fifo/s_axi_wstrb[0]
    SLICE_X64Y79         LUT4 (Prop_lut4_I3_O)        0.124     1.097 f  u_output_fifo/data_mem_r_reg_0_15_30_31_i_6/O
                         net (fo=3, routed)           0.903     2.000    u_output_fifo/w_pending_r_reg
    SLICE_X64Y79         LUT6 (Prop_lut6_I0_O)        0.124     2.124 f  u_output_fifo/data_mem_r_reg_0_15_30_31_i_3/O
                         net (fo=7, routed)           0.801     2.925    u_output_fifo/s_axi_wdata_2_sn_1
    SLICE_X59Y78         LUT6 (Prop_lut6_I0_O)        0.124     3.049 f  u_output_fifo/data_mem_r_reg_0_15_30_31_i_2/O
                         net (fo=17, routed)          1.547     4.597    u_output_fifo/fifo_clear_w
    SLICE_X50Y75         LUT4 (Prop_lut4_I0_O)        0.124     4.721 r  u_output_fifo/data_mem_r_reg_0_15_30_31_i_1/O
                         net (fo=46, routed)          0.755     5.476    u_output_fifo/data_mem_r_reg_0_15_6_11/WE
    SLICE_X46Y68         RAMD32                                       r  u_output_fifo/data_mem_r_reg_0_15_6_11/RAMA_D1/WE
  -------------------------------------------------------------------    -------------------

                         (clock aclk rise edge)       0.000     0.000 r  
                                                      0.000     0.000 r  aclk (IN)
                         net (fo=804, unset)          0.924     0.924    u_output_fifo/data_mem_r_reg_0_15_6_11/WCLK
    SLICE_X46Y68         RAMD32                                       r  u_output_fifo/data_mem_r_reg_0_15_6_11/RAMA_D1/CLK

Slack:                    inf
  Source:                 s_axi_wstrb[0]
                            (input port)
  Destination:            u_output_fifo/data_mem_r_reg_0_15_6_11/RAMB/WE
                            (rising edge-triggered cell RAMD32 clocked by aclk  {rise@0.000ns fall@5.000ns period=10.000ns})
  Path Group:             (none)
  Path Type:              Setup (Max at Slow Process Corner)
  Data Path Delay:        5.476ns  (logic 0.496ns (9.058%)  route 4.980ns (90.942%))
  Logic Levels:           4  (LUT4=2 LUT6=2)
  Clock Path Skew:        0.924ns (DCD - SCD + CPR)
    Destination Clock Delay (DCD):    0.924ns
    Source Clock Delay      (SCD):    0.000ns
    Clock Pessimism Removal (CPR):    0.000ns
  Clock Uncertainty:      0.225ns  ((TSJ^2 + TIJ^2)^1/2 + DJ) / 2 + PE + UU
    Total System Jitter     (TSJ):    0.050ns
    Total Input Jitter      (TIJ):    0.000ns
    Discrete Jitter          (DJ):    0.000ns
    Phase Error              (PE):    0.000ns
    User Uncertainty         (UU):    0.200ns

    Location             Delay type                Incr(ns)  Path(ns)    Netlist Resource(s)
  -------------------------------------------------------------------    -------------------
                                                      0.000     0.000 f  s_axi_wstrb[0] (IN)
                         net (fo=3, unset)            0.973     0.973    u_output_fifo/s_axi_wstrb[0]
    SLICE_X64Y79         LUT4 (Prop_lut4_I3_O)        0.124     1.097 f  u_output_fifo/data_mem_r_reg_0_15_30_31_i_6/O
                         net (fo=3, routed)           0.903     2.000    u_output_fifo/w_pending_r_reg
    SLICE_X64Y79         LUT6 (Prop_lut6_I0_O)        0.124     2.124 f  u_output_fifo/data_mem_r_reg_0_15_30_31_i_3/O
                         net (fo=7, routed)           0.801     2.925    u_output_fifo/s_axi_wdata_2_sn_1
    SLICE_X59Y78         LUT6 (Prop_lut6_I0_O)        0.124     3.049 f  u_output_fifo/data_mem_r_reg_0_15_30_31_i_2/O
                         net (fo=17, routed)          1.547     4.597    u_output_fifo/fifo_clear_w
    SLICE_X50Y75         LUT4 (Prop_lut4_I0_O)        0.124     4.721 r  u_output_fifo/data_mem_r_reg_0_15_30_31_i_1/O
                         net (fo=46, routed)          0.755     5.476    u_output_fifo/data_mem_r_reg_0_15_6_11/WE
    SLICE_X46Y68         RAMD32                                       r  u_output_fifo/data_mem_r_reg_0_15_6_11/RAMB/WE
  -------------------------------------------------------------------    -------------------

                         (clock aclk rise edge)       0.000     0.000 r  
                                                      0.000     0.000 r  aclk (IN)
                         net (fo=804, unset)          0.924     0.924    u_output_fifo/data_mem_r_reg_0_15_6_11/WCLK
    SLICE_X46Y68         RAMD32                                       r  u_output_fifo/data_mem_r_reg_0_15_6_11/RAMB/CLK

Slack:                    inf
  Source:                 s_axi_wstrb[0]
                            (input port)
  Destination:            u_output_fifo/data_mem_r_reg_0_15_6_11/RAMB_D1/WE
                            (rising edge-triggered cell RAMD32 clocked by aclk  {rise@0.000ns fall@5.000ns period=10.000ns})
  Path Group:             (none)
  Path Type:              Setup (Max at Slow Process Corner)
  Data Path Delay:        5.476ns  (logic 0.496ns (9.058%)  route 4.980ns (90.942%))
  Logic Levels:           4  (LUT4=2 LUT6=2)
  Clock Path Skew:        0.924ns (DCD - SCD + CPR)
    Destination Clock Delay (DCD):    0.924ns
    Source Clock Delay      (SCD):    0.000ns
    Clock Pessimism Removal (CPR):    0.000ns
  Clock Uncertainty:      0.225ns  ((TSJ^2 + TIJ^2)^1/2 + DJ) / 2 + PE + UU
    Total System Jitter     (TSJ):    0.050ns
    Total Input Jitter      (TIJ):    0.000ns
    Discrete Jitter          (DJ):    0.000ns
    Phase Error              (PE):    0.000ns
    User Uncertainty         (UU):    0.200ns

    Location             Delay type                Incr(ns)  Path(ns)    Netlist Resource(s)
  -------------------------------------------------------------------    -------------------
                                                      0.000     0.000 f  s_axi_wstrb[0] (IN)
                         net (fo=3, unset)            0.973     0.973    u_output_fifo/s_axi_wstrb[0]
    SLICE_X64Y79         LUT4 (Prop_lut4_I3_O)        0.124     1.097 f  u_output_fifo/data_mem_r_reg_0_15_30_31_i_6/O
                         net (fo=3, routed)           0.903     2.000    u_output_fifo/w_pending_r_reg
    SLICE_X64Y79         LUT6 (Prop_lut6_I0_O)        0.124     2.124 f  u_output_fifo/data_mem_r_reg_0_15_30_31_i_3/O
                         net (fo=7, routed)           0.801     2.925    u_output_fifo/s_axi_wdata_2_sn_1
    SLICE_X59Y78         LUT6 (Prop_lut6_I0_O)        0.124     3.049 f  u_output_fifo/data_mem_r_reg_0_15_30_31_i_2/O
                         net (fo=17, routed)          1.547     4.597    u_output_fifo/fifo_clear_w
    SLICE_X50Y75         LUT4 (Prop_lut4_I0_O)        0.124     4.721 r  u_output_fifo/data_mem_r_reg_0_15_30_31_i_1/O
                         net (fo=46, routed)          0.755     5.476    u_output_fifo/data_mem_r_reg_0_15_6_11/WE
    SLICE_X46Y68         RAMD32                                       r  u_output_fifo/data_mem_r_reg_0_15_6_11/RAMB_D1/WE
  -------------------------------------------------------------------    -------------------

                         (clock aclk rise edge)       0.000     0.000 r  
                                                      0.000     0.000 r  aclk (IN)
                         net (fo=804, unset)          0.924     0.924    u_output_fifo/data_mem_r_reg_0_15_6_11/WCLK
    SLICE_X46Y68         RAMD32                                       r  u_output_fifo/data_mem_r_reg_0_15_6_11/RAMB_D1/CLK





Min Delay Paths
--------------------------------------------------------------------------------------
Slack:                    inf
  Source:                 s_axi_awaddr[2]
                            (input port)
  Destination:            awaddr_r_reg[2]/D
                            (rising edge-triggered cell FDCE clocked by aclk  {rise@0.000ns fall@5.000ns period=10.000ns})
  Path Group:             (none)
  Path Type:              Hold (Min at Fast Process Corner)
  Data Path Delay:        0.410ns  (logic 0.000ns (0.000%)  route 0.410ns (100.000%))
  Logic Levels:           0  
  Clock Path Skew:        0.432ns (DCD - SCD - CPR)
    Destination Clock Delay (DCD):    0.432ns
    Source Clock Delay      (SCD):    0.000ns
    Clock Pessimism Removal (CPR):    -0.000ns

    Location             Delay type                Incr(ns)  Path(ns)    Netlist Resource(s)
  -------------------------------------------------------------------    -------------------
                                                      0.000     0.000 r  s_axi_awaddr[2] (IN)
                         net (fo=2, unset)            0.410     0.410    s_axi_awaddr[2]
    SLICE_X62Y79         FDCE                                         r  awaddr_r_reg[2]/D
  -------------------------------------------------------------------    -------------------

                         (clock aclk rise edge)       0.000     0.000 r  
                                                      0.000     0.000 r  aclk (IN)
                         net (fo=804, unset)          0.432     0.432    aclk
    SLICE_X62Y79         FDCE                                         r  awaddr_r_reg[2]/C

Slack:                    inf
  Source:                 s_axi_awaddr[3]
                            (input port)
  Destination:            awaddr_r_reg[3]/D
                            (rising edge-triggered cell FDCE clocked by aclk  {rise@0.000ns fall@5.000ns period=10.000ns})
  Path Group:             (none)
  Path Type:              Hold (Min at Fast Process Corner)
  Data Path Delay:        0.410ns  (logic 0.000ns (0.000%)  route 0.410ns (100.000%))
  Logic Levels:           0  
  Clock Path Skew:        0.432ns (DCD - SCD - CPR)
    Destination Clock Delay (DCD):    0.432ns
    Source Clock Delay      (SCD):    0.000ns
    Clock Pessimism Removal (CPR):    -0.000ns

    Location             Delay type                Incr(ns)  Path(ns)    Netlist Resource(s)
  -------------------------------------------------------------------    -------------------
                                                      0.000     0.000 r  s_axi_awaddr[3] (IN)
                         net (fo=2, unset)            0.410     0.410    s_axi_awaddr[3]
    SLICE_X62Y79         FDCE                                         r  awaddr_r_reg[3]/D
  -------------------------------------------------------------------    -------------------

                         (clock aclk rise edge)       0.000     0.000 r  
                                                      0.000     0.000 r  aclk (IN)
                         net (fo=804, unset)          0.432     0.432    aclk
    SLICE_X62Y79         FDCE                                         r  awaddr_r_reg[3]/C

Slack:                    inf
  Source:                 s_axi_awaddr[4]
                            (input port)
  Destination:            awaddr_r_reg[4]/D
                            (rising edge-triggered cell FDCE clocked by aclk  {rise@0.000ns fall@5.000ns period=10.000ns})
  Path Group:             (none)
  Path Type:              Hold (Min at Fast Process Corner)
  Data Path Delay:        0.410ns  (logic 0.000ns (0.000%)  route 0.410ns (100.000%))
  Logic Levels:           0  
  Clock Path Skew:        0.432ns (DCD - SCD - CPR)
    Destination Clock Delay (DCD):    0.432ns
    Source Clock Delay      (SCD):    0.000ns
    Clock Pessimism Removal (CPR):    -0.000ns

    Location             Delay type                Incr(ns)  Path(ns)    Netlist Resource(s)
  -------------------------------------------------------------------    -------------------
                                                      0.000     0.000 r  s_axi_awaddr[4] (IN)
                         net (fo=2, unset)            0.410     0.410    s_axi_awaddr[4]
    SLICE_X62Y79         FDCE                                         r  awaddr_r_reg[4]/D
  -------------------------------------------------------------------    -------------------

                         (clock aclk rise edge)       0.000     0.000 r  
                                                      0.000     0.000 r  aclk (IN)
                         net (fo=804, unset)          0.432     0.432    aclk
    SLICE_X62Y79         FDCE                                         r  awaddr_r_reg[4]/C

Slack:                    inf
  Source:                 s_axi_awaddr[5]
                            (input port)
  Destination:            awaddr_r_reg[5]/D
                            (rising edge-triggered cell FDCE clocked by aclk  {rise@0.000ns fall@5.000ns period=10.000ns})
  Path Group:             (none)
  Path Type:              Hold (Min at Fast Process Corner)
  Data Path Delay:        0.410ns  (logic 0.000ns (0.000%)  route 0.410ns (100.000%))
  Logic Levels:           0  
  Clock Path Skew:        0.432ns (DCD - SCD - CPR)
    Destination Clock Delay (DCD):    0.432ns
    Source Clock Delay      (SCD):    0.000ns
    Clock Pessimism Removal (CPR):    -0.000ns

    Location             Delay type                Incr(ns)  Path(ns)    Netlist Resource(s)
  -------------------------------------------------------------------    -------------------
                                                      0.000     0.000 r  s_axi_awaddr[5] (IN)
                         net (fo=2, unset)            0.410     0.410    s_axi_awaddr[5]
    SLICE_X62Y79         FDCE                                         r  awaddr_r_reg[5]/D
  -------------------------------------------------------------------    -------------------

                         (clock aclk rise edge)       0.000     0.000 r  
                                                      0.000     0.000 r  aclk (IN)
                         net (fo=804, unset)          0.432     0.432    aclk
    SLICE_X62Y79         FDCE                                         r  awaddr_r_reg[5]/C

Slack:                    inf
  Source:                 s_axis_tdata[0]
                            (input port)
  Destination:            u_tile_core/u_bias_mem/mem_r_reg[0]/D
                            (rising edge-triggered cell FDRE clocked by aclk  {rise@0.000ns fall@5.000ns period=10.000ns})
  Path Group:             (none)
  Path Type:              Hold (Min at Fast Process Corner)
  Data Path Delay:        0.410ns  (logic 0.000ns (0.000%)  route 0.410ns (100.000%))
  Logic Levels:           0  
  Clock Path Skew:        0.432ns (DCD - SCD - CPR)
    Destination Clock Delay (DCD):    0.432ns
    Source Clock Delay      (SCD):    0.000ns
    Clock Pessimism Removal (CPR):    -0.000ns

    Location             Delay type                Incr(ns)  Path(ns)    Netlist Resource(s)
  -------------------------------------------------------------------    -------------------
                                                      0.000     0.000 r  s_axis_tdata[0] (IN)
                         net (fo=12, unset)           0.410     0.410    u_tile_core/u_bias_mem/s_axis_tdata[0]
    SLICE_X44Y69         FDRE                                         r  u_tile_core/u_bias_mem/mem_r_reg[0]/D
  -------------------------------------------------------------------    -------------------

                         (clock aclk rise edge)       0.000     0.000 r  
                                                      0.000     0.000 r  aclk (IN)
                         net (fo=804, unset)          0.432     0.432    u_tile_core/u_bias_mem/aclk
    SLICE_X44Y69         FDRE                                         r  u_tile_core/u_bias_mem/mem_r_reg[0]/C

Slack:                    inf
  Source:                 s_axis_tdata[10]
                            (input port)
  Destination:            u_tile_core/u_bias_mem/mem_r_reg[10]/D
                            (rising edge-triggered cell FDRE clocked by aclk  {rise@0.000ns fall@5.000ns period=10.000ns})
  Path Group:             (none)
  Path Type:              Hold (Min at Fast Process Corner)
  Data Path Delay:        0.410ns  (logic 0.000ns (0.000%)  route 0.410ns (100.000%))
  Logic Levels:           0  
  Clock Path Skew:        0.432ns (DCD - SCD - CPR)
    Destination Clock Delay (DCD):    0.432ns
    Source Clock Delay      (SCD):    0.000ns
    Clock Pessimism Removal (CPR):    -0.000ns

    Location             Delay type                Incr(ns)  Path(ns)    Netlist Resource(s)
  -------------------------------------------------------------------    -------------------
                                                      0.000     0.000 r  s_axis_tdata[10] (IN)
                         net (fo=0)                   0.410     0.410    u_tile_core/u_bias_mem/s_axis_tdata[10]
    SLICE_X44Y67         FDRE                                         r  u_tile_core/u_bias_mem/mem_r_reg[10]/D
  -------------------------------------------------------------------    -------------------

                         (clock aclk rise edge)       0.000     0.000 r  
                                                      0.000     0.000 r  aclk (IN)
                         net (fo=804, unset)          0.432     0.432    u_tile_core/u_bias_mem/aclk
    SLICE_X44Y67         FDRE                                         r  u_tile_core/u_bias_mem/mem_r_reg[10]/C

Slack:                    inf
  Source:                 s_axis_tdata[11]
                            (input port)
  Destination:            u_tile_core/u_bias_mem/mem_r_reg[11]/D
                            (rising edge-triggered cell FDRE clocked by aclk  {rise@0.000ns fall@5.000ns period=10.000ns})
  Path Group:             (none)
  Path Type:              Hold (Min at Fast Process Corner)
  Data Path Delay:        0.410ns  (logic 0.000ns (0.000%)  route 0.410ns (100.000%))
  Logic Levels:           0  
  Clock Path Skew:        0.432ns (DCD - SCD - CPR)
    Destination Clock Delay (DCD):    0.432ns
    Source Clock Delay      (SCD):    0.000ns
    Clock Pessimism Removal (CPR):    -0.000ns

    Location             Delay type                Incr(ns)  Path(ns)    Netlist Resource(s)
  -------------------------------------------------------------------    -------------------
                                                      0.000     0.000 r  s_axis_tdata[11] (IN)
                         net (fo=0)                   0.410     0.410    u_tile_core/u_bias_mem/s_axis_tdata[11]
    SLICE_X44Y67         FDRE                                         r  u_tile_core/u_bias_mem/mem_r_reg[11]/D
  -------------------------------------------------------------------    -------------------

                         (clock aclk rise edge)       0.000     0.000 r  
                                                      0.000     0.000 r  aclk (IN)
                         net (fo=804, unset)          0.432     0.432    u_tile_core/u_bias_mem/aclk
    SLICE_X44Y67         FDRE                                         r  u_tile_core/u_bias_mem/mem_r_reg[11]/C

Slack:                    inf
  Source:                 s_axis_tdata[12]
                            (input port)
  Destination:            u_tile_core/u_bias_mem/mem_r_reg[12]/D
                            (rising edge-triggered cell FDRE clocked by aclk  {rise@0.000ns fall@5.000ns period=10.000ns})
  Path Group:             (none)
  Path Type:              Hold (Min at Fast Process Corner)
  Data Path Delay:        0.410ns  (logic 0.000ns (0.000%)  route 0.410ns (100.000%))
  Logic Levels:           0  
  Clock Path Skew:        0.432ns (DCD - SCD - CPR)
    Destination Clock Delay (DCD):    0.432ns
    Source Clock Delay      (SCD):    0.000ns
    Clock Pessimism Removal (CPR):    -0.000ns

    Location             Delay type                Incr(ns)  Path(ns)    Netlist Resource(s)
  -------------------------------------------------------------------    -------------------
                                                      0.000     0.000 r  s_axis_tdata[12] (IN)
                         net (fo=0)                   0.410     0.410    u_tile_core/u_bias_mem/s_axis_tdata[12]
    SLICE_X44Y67         FDRE                                         r  u_tile_core/u_bias_mem/mem_r_reg[12]/D
  -------------------------------------------------------------------    -------------------

                         (clock aclk rise edge)       0.000     0.000 r  
                                                      0.000     0.000 r  aclk (IN)
                         net (fo=804, unset)          0.432     0.432    u_tile_core/u_bias_mem/aclk
    SLICE_X44Y67         FDRE                                         r  u_tile_core/u_bias_mem/mem_r_reg[12]/C

Slack:                    inf
  Source:                 s_axis_tdata[13]
                            (input port)
  Destination:            u_tile_core/u_bias_mem/mem_r_reg[13]/D
                            (rising edge-triggered cell FDRE clocked by aclk  {rise@0.000ns fall@5.000ns period=10.000ns})
  Path Group:             (none)
  Path Type:              Hold (Min at Fast Process Corner)
  Data Path Delay:        0.410ns  (logic 0.000ns (0.000%)  route 0.410ns (100.000%))
  Logic Levels:           0  
  Clock Path Skew:        0.432ns (DCD - SCD - CPR)
    Destination Clock Delay (DCD):    0.432ns
    Source Clock Delay      (SCD):    0.000ns
    Clock Pessimism Removal (CPR):    -0.000ns

    Location             Delay type                Incr(ns)  Path(ns)    Netlist Resource(s)
  -------------------------------------------------------------------    -------------------
                                                      0.000     0.000 r  s_axis_tdata[13] (IN)
                         net (fo=0)                   0.410     0.410    u_tile_core/u_bias_mem/s_axis_tdata[13]
    SLICE_X49Y75         FDRE                                         r  u_tile_core/u_bias_mem/mem_r_reg[13]/D
  -------------------------------------------------------------------    -------------------

                         (clock aclk rise edge)       0.000     0.000 r  
                                                      0.000     0.000 r  aclk (IN)
                         net (fo=804, unset)          0.432     0.432    u_tile_core/u_bias_mem/aclk
    SLICE_X49Y75         FDRE                                         r  u_tile_core/u_bias_mem/mem_r_reg[13]/C

Slack:                    inf
  Source:                 s_axis_tdata[14]
                            (input port)
  Destination:            u_tile_core/u_bias_mem/mem_r_reg[14]/D
                            (rising edge-triggered cell FDRE clocked by aclk  {rise@0.000ns fall@5.000ns period=10.000ns})
  Path Group:             (none)
  Path Type:              Hold (Min at Fast Process Corner)
  Data Path Delay:        0.410ns  (logic 0.000ns (0.000%)  route 0.410ns (100.000%))
  Logic Levels:           0  
  Clock Path Skew:        0.432ns (DCD - SCD - CPR)
    Destination Clock Delay (DCD):    0.432ns
    Source Clock Delay      (SCD):    0.000ns
    Clock Pessimism Removal (CPR):    -0.000ns

    Location             Delay type                Incr(ns)  Path(ns)    Netlist Resource(s)
  -------------------------------------------------------------------    -------------------
                                                      0.000     0.000 r  s_axis_tdata[14] (IN)
                         net (fo=0)                   0.410     0.410    u_tile_core/u_bias_mem/s_axis_tdata[14]
    SLICE_X44Y69         FDRE                                         r  u_tile_core/u_bias_mem/mem_r_reg[14]/D
  -------------------------------------------------------------------    -------------------

                         (clock aclk rise edge)       0.000     0.000 r  
                                                      0.000     0.000 r  aclk (IN)
                         net (fo=804, unset)          0.432     0.432    u_tile_core/u_bias_mem/aclk
    SLICE_X44Y69         FDRE                                         r  u_tile_core/u_bias_mem/mem_r_reg[14]/C

Slack:                    inf
  Source:                 s_axis_tdata[15]
                            (input port)
  Destination:            u_tile_core/u_bias_mem/mem_r_reg[15]/D
                            (rising edge-triggered cell FDRE clocked by aclk  {rise@0.000ns fall@5.000ns period=10.000ns})
  Path Group:             (none)
  Path Type:              Hold (Min at Fast Process Corner)
  Data Path Delay:        0.410ns  (logic 0.000ns (0.000%)  route 0.410ns (100.000%))
  Logic Levels:           0  
  Clock Path Skew:        0.432ns (DCD - SCD - CPR)
    Destination Clock Delay (DCD):    0.432ns
    Source Clock Delay      (SCD):    0.000ns
    Clock Pessimism Removal (CPR):    -0.000ns

    Location             Delay type                Incr(ns)  Path(ns)    Netlist Resource(s)
  -------------------------------------------------------------------    -------------------
                                                      0.000     0.000 r  s_axis_tdata[15] (IN)
                         net (fo=0)                   0.410     0.410    u_tile_core/u_bias_mem/s_axis_tdata[15]
    SLICE_X45Y68         FDRE                                         r  u_tile_core/u_bias_mem/mem_r_reg[15]/D
  -------------------------------------------------------------------    -------------------

                         (clock aclk rise edge)       0.000     0.000 r  
                                                      0.000     0.000 r  aclk (IN)
                         net (fo=804, unset)          0.432     0.432    u_tile_core/u_bias_mem/aclk
    SLICE_X45Y68         FDRE                                         r  u_tile_core/u_bias_mem/mem_r_reg[15]/C

Slack:                    inf
  Source:                 s_axis_tdata[16]
                            (input port)
  Destination:            u_tile_core/u_bias_mem/mem_r_reg[16]/D
                            (rising edge-triggered cell FDRE clocked by aclk  {rise@0.000ns fall@5.000ns period=10.000ns})
  Path Group:             (none)
  Path Type:              Hold (Min at Fast Process Corner)
  Data Path Delay:        0.410ns  (logic 0.000ns (0.000%)  route 0.410ns (100.000%))
  Logic Levels:           0  
  Clock Path Skew:        0.432ns (DCD - SCD - CPR)
    Destination Clock Delay (DCD):    0.432ns
    Source Clock Delay      (SCD):    0.000ns
    Clock Pessimism Removal (CPR):    -0.000ns

    Location             Delay type                Incr(ns)  Path(ns)    Netlist Resource(s)
  -------------------------------------------------------------------    -------------------
                                                      0.000     0.000 r  s_axis_tdata[16] (IN)
                         net (fo=0)                   0.410     0.410    u_tile_core/u_bias_mem/s_axis_tdata[16]
    SLICE_X45Y68         FDRE                                         r  u_tile_core/u_bias_mem/mem_r_reg[16]/D
  -------------------------------------------------------------------    -------------------

                         (clock aclk rise edge)       0.000     0.000 r  
                                                      0.000     0.000 r  aclk (IN)
                         net (fo=804, unset)          0.432     0.432    u_tile_core/u_bias_mem/aclk
    SLICE_X45Y68         FDRE                                         r  u_tile_core/u_bias_mem/mem_r_reg[16]/C

Slack:                    inf
  Source:                 s_axis_tdata[17]
                            (input port)
  Destination:            u_tile_core/u_bias_mem/mem_r_reg[17]/D
                            (rising edge-triggered cell FDRE clocked by aclk  {rise@0.000ns fall@5.000ns period=10.000ns})
  Path Group:             (none)
  Path Type:              Hold (Min at Fast Process Corner)
  Data Path Delay:        0.410ns  (logic 0.000ns (0.000%)  route 0.410ns (100.000%))
  Logic Levels:           0  
  Clock Path Skew:        0.432ns (DCD - SCD - CPR)
    Destination Clock Delay (DCD):    0.432ns
    Source Clock Delay      (SCD):    0.000ns
    Clock Pessimism Removal (CPR):    -0.000ns

    Location             Delay type                Incr(ns)  Path(ns)    Netlist Resource(s)
  -------------------------------------------------------------------    -------------------
                                                      0.000     0.000 r  s_axis_tdata[17] (IN)
                         net (fo=0)                   0.410     0.410    u_tile_core/u_bias_mem/s_axis_tdata[17]
    SLICE_X45Y68         FDRE                                         r  u_tile_core/u_bias_mem/mem_r_reg[17]/D
  -------------------------------------------------------------------    -------------------

                         (clock aclk rise edge)       0.000     0.000 r  
                                                      0.000     0.000 r  aclk (IN)
                         net (fo=804, unset)          0.432     0.432    u_tile_core/u_bias_mem/aclk
    SLICE_X45Y68         FDRE                                         r  u_tile_core/u_bias_mem/mem_r_reg[17]/C

Slack:                    inf
  Source:                 s_axis_tdata[18]
                            (input port)
  Destination:            u_tile_core/u_bias_mem/mem_r_reg[18]/D
                            (rising edge-triggered cell FDRE clocked by aclk  {rise@0.000ns fall@5.000ns period=10.000ns})
  Path Group:             (none)
  Path Type:              Hold (Min at Fast Process Corner)
  Data Path Delay:        0.410ns  (logic 0.000ns (0.000%)  route 0.410ns (100.000%))
  Logic Levels:           0  
  Clock Path Skew:        0.432ns (DCD - SCD - CPR)
    Destination Clock Delay (DCD):    0.432ns
    Source Clock Delay      (SCD):    0.000ns
    Clock Pessimism Removal (CPR):    -0.000ns

    Location             Delay type                Incr(ns)  Path(ns)    Netlist Resource(s)
  -------------------------------------------------------------------    -------------------
                                                      0.000     0.000 r  s_axis_tdata[18] (IN)
                         net (fo=0)                   0.410     0.410    u_tile_core/u_bias_mem/s_axis_tdata[18]
    SLICE_X45Y68         FDRE                                         r  u_tile_core/u_bias_mem/mem_r_reg[18]/D
  -------------------------------------------------------------------    -------------------

                         (clock aclk rise edge)       0.000     0.000 r  
                                                      0.000     0.000 r  aclk (IN)
                         net (fo=804, unset)          0.432     0.432    u_tile_core/u_bias_mem/aclk
    SLICE_X45Y68         FDRE                                         r  u_tile_core/u_bias_mem/mem_r_reg[18]/C

Slack:                    inf
  Source:                 s_axis_tdata[19]
                            (input port)
  Destination:            u_tile_core/u_bias_mem/mem_r_reg[19]/D
                            (rising edge-triggered cell FDRE clocked by aclk  {rise@0.000ns fall@5.000ns period=10.000ns})
  Path Group:             (none)
  Path Type:              Hold (Min at Fast Process Corner)
  Data Path Delay:        0.410ns  (logic 0.000ns (0.000%)  route 0.410ns (100.000%))
  Logic Levels:           0  
  Clock Path Skew:        0.432ns (DCD - SCD - CPR)
    Destination Clock Delay (DCD):    0.432ns
    Source Clock Delay      (SCD):    0.000ns
    Clock Pessimism Removal (CPR):    -0.000ns

    Location             Delay type                Incr(ns)  Path(ns)    Netlist Resource(s)
  -------------------------------------------------------------------    -------------------
                                                      0.000     0.000 r  s_axis_tdata[19] (IN)
                         net (fo=0)                   0.410     0.410    u_tile_core/u_bias_mem/s_axis_tdata[19]
    SLICE_X49Y70         FDRE                                         r  u_tile_core/u_bias_mem/mem_r_reg[19]/D
  -------------------------------------------------------------------    -------------------

                         (clock aclk rise edge)       0.000     0.000 r  
                                                      0.000     0.000 r  aclk (IN)
                         net (fo=804, unset)          0.432     0.432    u_tile_core/u_bias_mem/aclk
    SLICE_X49Y70         FDRE                                         r  u_tile_core/u_bias_mem/mem_r_reg[19]/C

Slack:                    inf
  Source:                 s_axis_tdata[1]
                            (input port)
  Destination:            u_tile_core/u_bias_mem/mem_r_reg[1]/D
                            (rising edge-triggered cell FDRE clocked by aclk  {rise@0.000ns fall@5.000ns period=10.000ns})
  Path Group:             (none)
  Path Type:              Hold (Min at Fast Process Corner)
  Data Path Delay:        0.410ns  (logic 0.000ns (0.000%)  route 0.410ns (100.000%))
  Logic Levels:           0  
  Clock Path Skew:        0.432ns (DCD - SCD - CPR)
    Destination Clock Delay (DCD):    0.432ns
    Source Clock Delay      (SCD):    0.000ns
    Clock Pessimism Removal (CPR):    -0.000ns

    Location             Delay type                Incr(ns)  Path(ns)    Netlist Resource(s)
  -------------------------------------------------------------------    -------------------
                                                      0.000     0.000 r  s_axis_tdata[1] (IN)
                         net (fo=12, unset)           0.410     0.410    u_tile_core/u_bias_mem/s_axis_tdata[1]
    SLICE_X47Y66         FDRE                                         r  u_tile_core/u_bias_mem/mem_r_reg[1]/D
  -------------------------------------------------------------------    -------------------

                         (clock aclk rise edge)       0.000     0.000 r  
                                                      0.000     0.000 r  aclk (IN)
                         net (fo=804, unset)          0.432     0.432    u_tile_core/u_bias_mem/aclk
    SLICE_X47Y66         FDRE                                         r  u_tile_core/u_bias_mem/mem_r_reg[1]/C

Slack:                    inf
  Source:                 s_axis_tdata[20]
                            (input port)
  Destination:            u_tile_core/u_bias_mem/mem_r_reg[20]/D
                            (rising edge-triggered cell FDRE clocked by aclk  {rise@0.000ns fall@5.000ns period=10.000ns})
  Path Group:             (none)
  Path Type:              Hold (Min at Fast Process Corner)
  Data Path Delay:        0.410ns  (logic 0.000ns (0.000%)  route 0.410ns (100.000%))
  Logic Levels:           0  
  Clock Path Skew:        0.432ns (DCD - SCD - CPR)
    Destination Clock Delay (DCD):    0.432ns
    Source Clock Delay      (SCD):    0.000ns
    Clock Pessimism Removal (CPR):    -0.000ns

    Location             Delay type                Incr(ns)  Path(ns)    Netlist Resource(s)
  -------------------------------------------------------------------    -------------------
                                                      0.000     0.000 r  s_axis_tdata[20] (IN)
                         net (fo=0)                   0.410     0.410    u_tile_core/u_bias_mem/s_axis_tdata[20]
    SLICE_X49Y75         FDRE                                         r  u_tile_core/u_bias_mem/mem_r_reg[20]/D
  -------------------------------------------------------------------    -------------------

                         (clock aclk rise edge)       0.000     0.000 r  
                                                      0.000     0.000 r  aclk (IN)
                         net (fo=804, unset)          0.432     0.432    u_tile_core/u_bias_mem/aclk
    SLICE_X49Y75         FDRE                                         r  u_tile_core/u_bias_mem/mem_r_reg[20]/C

Slack:                    inf
  Source:                 s_axis_tdata[21]
                            (input port)
  Destination:            u_tile_core/u_bias_mem/mem_r_reg[21]/D
                            (rising edge-triggered cell FDRE clocked by aclk  {rise@0.000ns fall@5.000ns period=10.000ns})
  Path Group:             (none)
  Path Type:              Hold (Min at Fast Process Corner)
  Data Path Delay:        0.410ns  (logic 0.000ns (0.000%)  route 0.410ns (100.000%))
  Logic Levels:           0  
  Clock Path Skew:        0.432ns (DCD - SCD - CPR)
    Destination Clock Delay (DCD):    0.432ns
    Source Clock Delay      (SCD):    0.000ns
    Clock Pessimism Removal (CPR):    -0.000ns

    Location             Delay type                Incr(ns)  Path(ns)    Netlist Resource(s)
  -------------------------------------------------------------------    -------------------
                                                      0.000     0.000 r  s_axis_tdata[21] (IN)
                         net (fo=0)                   0.410     0.410    u_tile_core/u_bias_mem/s_axis_tdata[21]
    SLICE_X49Y75         FDRE                                         r  u_tile_core/u_bias_mem/mem_r_reg[21]/D
  -------------------------------------------------------------------    -------------------

                         (clock aclk rise edge)       0.000     0.000 r  
                                                      0.000     0.000 r  aclk (IN)
                         net (fo=804, unset)          0.432     0.432    u_tile_core/u_bias_mem/aclk
    SLICE_X49Y75         FDRE                                         r  u_tile_core/u_bias_mem/mem_r_reg[21]/C

Slack:                    inf
  Source:                 s_axis_tdata[22]
                            (input port)
  Destination:            u_tile_core/u_bias_mem/mem_r_reg[22]/D
                            (rising edge-triggered cell FDRE clocked by aclk  {rise@0.000ns fall@5.000ns period=10.000ns})
  Path Group:             (none)
  Path Type:              Hold (Min at Fast Process Corner)
  Data Path Delay:        0.410ns  (logic 0.000ns (0.000%)  route 0.410ns (100.000%))
  Logic Levels:           0  
  Clock Path Skew:        0.432ns (DCD - SCD - CPR)
    Destination Clock Delay (DCD):    0.432ns
    Source Clock Delay      (SCD):    0.000ns
    Clock Pessimism Removal (CPR):    -0.000ns

    Location             Delay type                Incr(ns)  Path(ns)    Netlist Resource(s)
  -------------------------------------------------------------------    -------------------
                                                      0.000     0.000 r  s_axis_tdata[22] (IN)
                         net (fo=0)                   0.410     0.410    u_tile_core/u_bias_mem/s_axis_tdata[22]
    SLICE_X49Y75         FDRE                                         r  u_tile_core/u_bias_mem/mem_r_reg[22]/D
  -------------------------------------------------------------------    -------------------

                         (clock aclk rise edge)       0.000     0.000 r  
                                                      0.000     0.000 r  aclk (IN)
                         net (fo=804, unset)          0.432     0.432    u_tile_core/u_bias_mem/aclk
    SLICE_X49Y75         FDRE                                         r  u_tile_core/u_bias_mem/mem_r_reg[22]/C

Slack:                    inf
  Source:                 s_axis_tdata[23]
                            (input port)
  Destination:            u_tile_core/u_bias_mem/mem_r_reg[23]/D
                            (rising edge-triggered cell FDRE clocked by aclk  {rise@0.000ns fall@5.000ns period=10.000ns})
  Path Group:             (none)
  Path Type:              Hold (Min at Fast Process Corner)
  Data Path Delay:        0.410ns  (logic 0.000ns (0.000%)  route 0.410ns (100.000%))
  Logic Levels:           0  
  Clock Path Skew:        0.432ns (DCD - SCD - CPR)
    Destination Clock Delay (DCD):    0.432ns
    Source Clock Delay      (SCD):    0.000ns
    Clock Pessimism Removal (CPR):    -0.000ns

    Location             Delay type                Incr(ns)  Path(ns)    Netlist Resource(s)
  -------------------------------------------------------------------    -------------------
                                                      0.000     0.000 r  s_axis_tdata[23] (IN)
                         net (fo=0)                   0.410     0.410    u_tile_core/u_bias_mem/s_axis_tdata[23]
    SLICE_X46Y75         FDRE                                         r  u_tile_core/u_bias_mem/mem_r_reg[23]/D
  -------------------------------------------------------------------    -------------------

                         (clock aclk rise edge)       0.000     0.000 r  
                                                      0.000     0.000 r  aclk (IN)
                         net (fo=804, unset)          0.432     0.432    u_tile_core/u_bias_mem/aclk
    SLICE_X46Y75         FDRE                                         r  u_tile_core/u_bias_mem/mem_r_reg[23]/C





